employee_id,date,period,day_index,weekday,weekday_num,iso_week,is_weekend,is_holiday,holiday_name,role,role_group,skills,employment_pct,weekly_hours,contract_minutes_horizon,planable_minutes_horizon,min_total_minutes,max_total_minutes,max_consecutive_shifts,min_consecutive_days_off,max_weekends,max_night_shifts,night_eligible,ppug_countable,ppug_category,is_ward_lead,lead_release_pct,time_account_start_min,census_1200,census_0000,admissions,discharges,isolation_patients,care_minutes_total,available,availability_type,request_off_weight,request_on_shift,request_on_weight,history_shift,absence_s1,absence_s1_notice_h,absence_s2,absence_s2_notice_h,required_F,ppug_min_F,min_fachkraft_F,max_hilfskraft_F,care_minutes_F,azubi_slots_F,required_S,ppug_min_S,min_fachkraft_S,max_hilfskraft_S,care_minutes_S,azubi_slots_S,required_N,ppug_min_N,min_fachkraft_N,max_hilfskraft_N,care_minutes_N,azubi_slots_N,ward_id,ward_name,beds,ppug_bereich,ppug_ratio_day,ppug_ratio_night,shift_F_start,shift_F_end,shift_F_net_min,shift_F_forbidden_next,shift_S_start,shift_S_end,shift_S_net_min,shift_S_forbidden_next,shift_N_start,shift_N_end,shift_N_net_min,shift_N_forbidden_next,rule_min_rest_h,rule_min_rest_h_with_compensation,rule_max_daily_h,rule_max_daily_h_with_compensation,rule_break_min_6_to_9h,rule_break_min_over_9h,rule_max_night_h,rule_weekly_hours_fulltime,rule_annual_leave_days,rule_max_helper_share,rule_azubi_counts_towards_minimum,dataset_version,seed
AZ-001,2026-11-02,history,-28,Montag,1,45,0,0,,Auszubildende_r_3_Ausbildungsjahr,Auszubildende,AUSZUBILDEND,1.0,38.5,9240,9240,8316,10164,5,2,2,8,1,0,nicht anrechenbar,0,0.0,-9240,9,8,2,1,0,1542,1,,,,,,0,,0,,5,5,5,0,617,1,5,5,5,0,540,1,3,3,3,0,386,0,ST-ITS1,Intensivstation,12,Intensivmedizin,2.0,3.0,06:00,14:00,450,,13:30,21:30,450,F,21:15,06:15,495,F|S,11,10,8,10,30,45,8,38.5,30,0.05,0,2.0.0,20261146
AZ-002,2026-11-02,history,-28,Montag,1,45,0,0,,Auszubildende_r_2_Ausbildungsjahr,Auszubildende,AUSZUBILDEND,1.0,38.5,9240,9240,8316,10164,5,2,2,8,1,0,nicht anrechenbar,0,0.0,-9240,9,8,2,1,0,1542,1,,,,,,0,,0,,5,5,5,0,617,1,5,5,5,0,540,1,3,3,3,0,386,0,ST-ITS1,Intensivstation,12,Intensivmedizin,2.0,3.0,06:00,14:00,450,,13:30,21:30,450,F,21:15,06:15,495,F|S,11,10,8,10,30,45,8,38.5,30,0.05,0,2.0.0,20261146
AZ-003,2026-11-02,history,-28,Montag,1,45,0,0,,Auszubildende_r_1_Ausbildungsjahr,Auszubildende,AUSZUBILDEND,1.0,38.5,9240,9240,8316,10164,5,2,2,0,0,0,nicht anrechenbar,0,0.0,-9240,9,8,2,1,0,1542,1,,,,,,0,,0,,5,5,5,0,617,1,5,5,5,0,540,1,3,3,3,0,386,0,ST-ITS1,Intensivstation,12,Intensivmedizin,2.0,3.0,06:00,14:00,450,,13:30,21:30,450,F,21:15,06:15,495,F|S,11,10,8,10,30,45,8,38.5,30,0.05,0,2.0.0,20261146
PK-001,2026-11-02,history,-28,Montag,1,45,0,0,,Stationsleitung,Pflegefachkraft,EXAM|LEITUNG|PRAXISANLEITUNG,1.0,38.5,9240,4620,4158,5082,5,2,2,0,0,1,Pflegefachkraft,1,0.5,5814,9,8,2,1,0,1542,1,,,,,F,0,,0,,5,5,5,0,617,1,5,5,5,0,540,1,3,3,3,0,386,0,ST-ITS1,Intensivstation,12,Intensivmedizin,2.0,3.0,06:00,14:00,450,,13:30,21:30,450,F,21:15,06:15,495,F|S,11,10,8,10,30,45,8,38.5,30,0.05,0,2.0.0,20261146
PK-002,2026-11-02,history,-28,Montag,1,45,0,0,,Pflegefachkraft,Pflegefachkraft,EXAM|PRAXISANLEITUNG|KARDIO_MONITORING,1.0,38.5,9240,9240,8316,10164,5,2,2,8,1,1,Pflegefachkraft,0,0.0,-1815,9,8,2,1,0,1542,1,,,,,N,0,,0,,5,5,5,0,617,1,5,5,5,0,540,1,3,3,3,0,386,0,ST-ITS1,Intensivstation,12,Intensivmedizin,2.0,3.0,06:00,14:00,450,,13:30,21:30,450,F,21:15,06:15,495,F|S,11,10,8,10,30,45,8,38.5,30,0.05,0,2.0.0,20261146
PK-003,2026-11-02,history,-28,Montag,1,45,0,0,,Pflegefachkraft,Pflegefachkraft,EXAM,1.0,38.5,9240,9240,8316,10164,5,2,2,8,1,1,Pflegefachkraft,0,0.0,-1815,9,8,2,1,0,1542,1,,,,,N,0,,0,,5,5,5,0,617,1,5,5,5,0,540,1,3,3,3,0,386,0,ST-ITS1,Intensivstation,12,Intensivmedizin,2.0,3.0,06:00,14:00,450,,13:30,21:30,450,F,21:15,06:15,495,F|S,11,10,8,10,30,45,8,38.5,30,0.05,0,2.0.0,20261146
PK-004,2026-11-02,history,-28,Montag,1,45,0,0,,Pflegefachkraft,Pflegefachkraft,EXAM,1.0,38.5,9240,9240,8316,10164,5,2,2,8,1,1,Pflegefachkraft,0,0.0,-1995,9,8,2,1,0,1542,1,,,,,N,0,,0,,5,5,5,0,617,1,5,5,5,0,540,1,3,3,3,0,386,0,ST-ITS1,Intensivstation,12,Intensivmedizin,2.0,3.0,06:00,14:00,450,,13:30,21:30,450,F,21:15,06:15,495,F|S,11,10,8,10,30,45,8,38.5,30,0.05,0,2.0.0,20261146
PK-005,2026-11-02,history,-28,Montag,1,45,0,0,,Pflegefachkraft,Pflegefachkraft,EXAM,1.0,38.5,9240,9240,8316,10164,5,2,2,8,1,1,Pflegefachkraft,0,0.0,-1905,9,8,2,1,0,1542,1,,,,,F,0,,0,,5,5,5,0,617,1,5,5,5,0,540,1,3,3,3,0,386,0,ST-ITS1,Intensivstation,12,Intensivmedizin,2.0,3.0,06:00,14:00,450,,13:30,21:30,450,F,21:15,06:15,495,F|S,11,10,8,10,30,45,8,38.5,30,0.05,0,2.0.0,20261146
PK-006,2026-11-02,history,-28,Montag,1,45,0,0,,Pflegefachkraft,Pflegefachkraft,EXAM|PRAXISANLEITUNG|KARDIO_MONITORING,1.0,38.5,9240,9240,8316,10164,5,2,2,8,1,1,Pflegefachkraft,0,0.0,-1905,9,8,2,1,0,1542,1,,,,,F,0,,0,,5,5,5,0,617,1,5,5,5,0,540,1,3,3,3,0,386,0,ST-ITS1,Intensivstation,12,Intensivmedizin,2.0,3.0,06:00,14:00,450,,13:30,21:30,450,F,21:15,06:15,495,F|S,11,10,8,10,30,45,8,38.5,30,0.05,0,2.0.0,20261146
PK-007,2026-11-02,history,-28,Montag,1,45,0,0,,Pflegefachkraft,Pflegefachkraft,EXAM,1.0,38.5,9240,9240,8316,10164,5,2,2,8,1,1,Pflegefachkraft,0,0.0,1104,9,8,2,1,0,1542,1,,,,,F,0,,0,,5,5,5,0,617,1,5,5,5,0,540,1,3,3,3,0,386,0,ST-ITS1,Intensivstation,12,Intensivmedizin,2.0,3.0,06:00,14:00,450,,13:30,21:30,450,F,21:15,06:15,495,F|S,11,10,8,10,30,45,8,38.5,30,0.05,0,2.0.0,20261146
PK-008,2026-11-02,history,-28,Montag,1,45,0,0,,Pflegefachkraft,Pflegefachkraft,EXAM|KARDIO_MONITORING,1.0,38.5,9240,9240,8316,10164,5,2,2,8,1,1,Pflegefachkraft,0,0.0,-2265,9,8,2,1,0,1542,1,,,,,F,0,,0,,5,5,5,0,617,1,5,5,5,0,540,1,3,3,3,0,386,0,ST-ITS1,Intensivstation,12,Intensivmedizin,2.0,3.0,06:00,14:00,450,,13:30,21:30,450,F,21:15,06:15,495,F|S,11,10,8,10,30,45,8,38.5,30,0.05,0,2.0.0,20261146
PK-009,2026-11-02,history,-28,Montag,1,45,0,0,,Pflegefachkraft,Pflegefachkraft,EXAM,1.0,38.5,9240,9240,8316,10164,5,2,2,8,1,1,Pflegefachkraft,0,0.0,-1995,9,8,2,1,0,1542,1,,,,,S,0,,0,,5,5,5,0,617,1,5,5,5,0,540,1,3,3,3,0,386,0,ST-ITS1,Intensivstation,12,Intensivmedizin,2.0,3.0,06:00,14:00,450,,13:30,21:30,450,F,21:15,06:15,495,F|S,11,10,8,10,30,45,8,38.5,30,0.05,0,2.0.0,20261146
PK-010,2026-11-02,history,-28,Montag,1,45,0,0,,Pflegefachkraft,Pflegefachkraft,EXAM|PRAXISANLEITUNG|KARDIO_MONITORING,0.6,23.1,5544,5544,4990,6098,5,2,2,8,1,1,Pflegefachkraft,0,0.0,-999,9,8,2,1,0,1542,1,,,,,S,0,,0,,5,5,5,0,617,1,5,5,5,0,540,1,3,3,3,0,386,0,ST-ITS1,Intensivstation,12,Intensivmedizin,2.0,3.0,06:00,14:00,450,,13:30,21:30,450,F,21:15,06:15,495,F|S,11,10,8,10,30,45,8,38.5,30,0.05,0,2.0.0,20261146
PK-011,2026-11-02,history,-28,Montag,1,45,0,0,,Pflegefachkraft,Pflegefachkraft,EXAM|KARDIO_MONITORING,0.5,19.25,4620,4620,4158,5082,5,2,2,8,1,1,Pflegefachkraft,0,0.0,-1020,9,8,2,1,0,1542,1,,,,,S,0,,0,,5,5,5,0,617,1,5,5,5,0,540,1,3,3,3,0,386,0,ST-ITS1,Intensivstation,12,Intensivmedizin,2.0,3.0,06:00,14:00,450,,13:30,21:30,450,F,21:15,06:15,495,F|S,11,10,8,10,30,45,8,38.5,30,0.05,0,2.0.0,20261146
PK-012,2026-11-02,history,-28,Montag,1,45,0,0,,Pflegefachkraft,Pflegefachkraft,EXAM|KARDIO_MONITORING,0.75,28.88,6931,6931,6238,7624,5,2,2,8,1,1,Pflegefachkraft,0,0.0,-1530,9,8,2,1,0,1542,1,,,,,S,0,,0,,5,5,5,0,617,1,5,5,5,0,540,1,3,3,3,0,386,0,ST-ITS1,Intensivstation,12,Intensivmedizin,2.0,3.0,06:00,14:00,450,,13:30,21:30,450,F,21:15,06:15,495,F|S,11,10,8,10,30,45,8,38.5,30,0.05,0,2.0.0,20261146
PK-013,2026-11-02,history,-28,Montag,1,45,0,0,,Pflegefachkraft,Pflegefachkraft,EXAM|KARDIO_MONITORING,1.0,38.5,9240,9240,8316,10164,5,2,2,8,1,1,Pflegefachkraft,0,0.0,-1905,9,8,2,1,0,1542,1,,,,,S,0,,0,,5,5,5,0,617,1,5,5,5,0,540,1,3,3,3,0,386,0,ST-ITS1,Intensivstation,12,Intensivmedizin,2.0,3.0,06:00,14:00,450,,13:30,21:30,450,F,21:15,06:15,495,F|S,11,10,8,10,30,45,8,38.5,30,0.05,0,2.0.0,20261146
PK-014,2026-11-02,history,-28,Montag,1,45,0,0,,Pflegefachkraft,Pflegefachkraft,EXAM,1.0,38.5,9240,9240,8316,10164,5,2,2,8,1,1,Pflegefachkraft,0,0.0,-1680,9,8,2,1,0,1542,1,,,,,,0,,0,,5,5,5,0,617,1,5,5,5,0,540,1,3,3,3,0,386,0,ST-ITS1,Intensivstation,12,Intensivmedizin,2.0,3.0,06:00,14:00,450,,13:30,21:30,450,F,21:15,06:15,495,F|S,11,10,8,10,30,45,8,38.5,30,0.05,0,2.0.0,20261146
PK-015,2026-11-02,history,-28,Montag,1,45,0,0,,Pflegefachkraft,Pflegefachkraft,EXAM|KARDIO_MONITORING,0.5,19.25,4620,4620,4158,5082,5,2,2,8,1,1,Pflegefachkraft,0,0.0,-930,9,8,2,1,0,1542,1,,,,,,0,,0,,5,5,5,0,617,1,5,5,5,0,540,1,3,3,3,0,386,0,ST-ITS1,Intensivstation,12,Intensivmedizin,2.0,3.0,06:00,14:00,450,,13:30,21:30,450,F,21:15,06:15,495,F|S,11,10,8,10,30,45,8,38.5,30,0.05,0,2.0.0,20261146
PK-016,2026-11-02,history,-28,Montag,1,45,0,0,,Pflegefachkraft,Pflegefachkraft,EXAM,0.9,34.65,8316,8316,7484,9148,5,2,2,8,1,1,Pflegefachkraft,0,0.0,1255,9,8,2,1,0,1542,1,,,,,,0,,0,,5,5,5,0,617,1,5,5,5,0,540,1,3,3,3,0,386,0,ST-ITS1,Intensivstation,12,Intensivmedizin,2.0,3.0,06:00,14:00,450,,13:30,21:30,450,F,21:15,06:15,495,F|S,11,10,8,10,30,45,8,38.5,30,0.05,0,2.0.0,20261146
PK-017,2026-11-02,history,-28,Montag,1,45,0,0,,Pflegefachkraft,Pflegefachkraft,EXAM|KARDIO_MONITORING,1.0,38.5,9240,9240,8316,10164,5,2,2,8,1,1,Pflegefachkraft,0,0.0,-1680,9,8,2,1,0,1542,1,,,,,,0,,0,,5,5,5,0,617,1,5,5,5,0,540,1,3,3,3,0,386,0,ST-ITS1,Intensivstation,12,Intensivmedizin,2.0,3.0,06:00,14:00,450,,13:30,21:30,450,F,21:15,06:15,495,F|S,11,10,8,10,30,45,8,38.5,30,0.05,0,2.0.0,20261146
PK-018,2026-11-02,history,-28,Montag,1,45,0,0,,Pflegefachkraft,Pflegefachkraft,EXAM|PRAXISANLEITUNG,0.6,23.1,5544,5544,4990,6098,5,2,2,8,1,1,Pflegefachkraft,0,0.0,-909,9,8,2,1,0,1542,1,,,,,,0,,0,,5,5,5,0,617,1,5,5,5,0,540,1,3,3,3,0,386,0,ST-ITS1,Intensivstation,12,Intensivmedizin,2.0,3.0,06:00,14:00,450,,13:30,21:30,450,F,21:15,06:15,495,F|S,11,10,8,10,30,45,8,38.5,30,0.05,0,2.0.0,20261146
PK-019,2026-11-02,history,-28,Montag,1,45,0,0,,Pflegefachkraft,Pflegefachkraft,EXAM,0.6,23.1,5544,5544,4990,6098,5,2,2,8,1,1,Pflegefachkraft,0,0.0,-954,9,8,2,1,0,1542,1,,,,,,0,,0,,5,5,5,0,617,1,5,5,5,0,540,1,3,3,3,0,386,0,ST-ITS1,Intensivstation,12,Intensivmedizin,2.0,3.0,06:00,14:00,450,,13:30,21:30,450,F,21:15,06:15,495,F|S,11,10,8,10,30,45,8,38.5,30,0.05,0,2.0.0,20261146
PK-020,2026-11-02,history,-28,Montag,1,45,0,0,,Pflegefachkraft,Pflegefachkraft,EXAM|PRAXISANLEITUNG,0.8,30.8,7392,7392,6653,8131,5,2,2,8,1,1,Pflegefachkraft,0,0.0,-1497,9,8,2,1,0,1542,1,,,,,,0,,0,,5,5,5,0,617,1,5,5,5,0,540,1,3,3,3,0,386,0,ST-ITS1,Intensivstation,12,Intensivmedizin,2.0,3.0,06:00,14:00,450,,13:30,21:30,450,F,21:15,06:15,495,F|S,11,10,8,10,30,45,8,38.5,30,0.05,0,2.0.0,20261146
PK-021,2026-11-02,history,-28,Montag,1,45,0,0,,Pflegefachkraft,Pflegefachkraft,EXAM|PRAXISANLEITUNG,0.5,19.25,4620,4620,4158,5082,5,2,2,8,1,1,Pflegefachkraft,0,0.0,-975,9,8,2,1,0,1542,1,,,,,,0,,0,,5,5,5,0,617,1,5,5,5,0,540,1,3,3,3,0,386,0,ST-ITS1,Intensivstation,12,Intensivmedizin,2.0,3.0,06:00,14:00,450,,13:30,21:30,450,F,21:15,06:15,495,F|S,11,10,8,10,30,45,8,38.5,30,0.05,0,2.0.0,20261146
PK-022,2026-11-02,history,-28,Montag,1,45,0,0,,Pflegefachkraft,Pflegefachkraft,EXAM,0.7,26.95,6468,6468,5821,7115,5,2,2,8,1,1,Pflegefachkraft,0,0.0,-1473,9,8,2,1,0,1542,1,,,,,,0,,0,,5,5,5,0,617,1,5,5,5,0,540,1,3,3,3,0,386,0,ST-ITS1,Intensivstation,12,Intensivmedizin,2.0,3.0,06:00,14:00,450,,13:30,21:30,450,F,21:15,06:15,495,F|S,11,10,8,10,30,45,8,38.5,30,0.05,0,2.0.0,20261146
PK-023,2026-11-02,history,-28,Montag,1,45,0,0,,Pflegefachkraft,Pflegefachkraft,EXAM,1.0,38.5,9240,9240,8316,10164,5,2,2,8,1,1,Pflegefachkraft,0,0.0,-2040,9,8,2,1,0,1542,1,,,,,,0,,0,,5,5,5,0,617,1,5,5,5,0,540,1,3,3,3,0,386,0,ST-ITS1,Intensivstation,12,Intensivmedizin,2.0,3.0,06:00,14:00,450,,13:30,21:30,450,F,21:15,06:15,495,F|S,11,10,8,10,30,45,8,38.5,30,0.05,0,2.0.0,20261146
PK-024,2026-11-02,history,-28,Montag,1,45,0,0,,Pflegefachkraft,Pflegefachkraft,EXAM|PRAXISANLEITUNG,1.0,38.5,9240,9240,8316,10164,5,2,2,8,1,1,Pflegefachkraft,0,0.0,-2310,9,8,2,1,0,1542,1,,,,,,0,,0,,5,5,5,0,617,1,5,5,5,0,540,1,3,3,3,0,386,0,ST-ITS1,Intensivstation,12,Intensivmedizin,2.0,3.0,06:00,14:00,450,,13:30,21:30,450,F,21:15,06:15,495,F|S,11,10,8,10,30,45,8,38.5,30,0.05,0,2.0.0,20261146
PK-025,2026-11-02,history,-28,Montag,1,45,0,0,,Pflegefachkraft,Pflegefachkraft,EXAM,1.0,38.5,9240,9240,8316,10164,5,2,2,8,1,1,Pflegefachkraft,0,0.0,-1680,9,8,2,1,0,1542,1,,,,,,0,,0,,5,5,5,0,617,1,5,5,5,0,540,1,3,3,3,0,386,0,ST-ITS1,Intensivstation,12,Intensivmedizin,2.0,3.0,06:00,14:00,450,,13:30,21:30,450,F,21:15,06:15,495,F|S,11,10,8,10,30,45,8,38.5,30,0.05,0,2.0.0,20261146
AZ-001,2026-11-03,history,-27,Dienstag,2,45,0,0,,Auszubildende_r_3_Ausbildungsjahr,Auszubildende,AUSZUBILDEND,1.0,38.5,9240,9240,8316,10164,5,2,2,8,1,0,nicht anrechenbar,0,0.0,-9240,10,10,3,0,0,1945,1,,,,,,0,,0,,5,5,5,0,778,1,5,5,5,0,681,1,4,4,4,0,486,0,ST-ITS1,Intensivstation,12,Intensivmedizin,2.0,3.0,06:00,14:00,450,,13:30,21:30,450,F,21:15,06:15,495,F|S,11,10,8,10,30,45,8,38.5,30,0.05,0,2.0.0,20261146
AZ-002,2026-11-03,history,-27,Dienstag,2,45,0,0,,Auszubildende_r_2_Ausbildungsjahr,Auszubildende,AUSZUBILDEND,1.0,38.5,9240,9240,8316,10164,5,2,2,8,1,0,nicht anrechenbar,0,0.0,-9240,10,10,3,0,0,1945,1,,,,,,0,,0,,5,5,5,0,778,1,5,5,5,0,681,1,4,4,4,0,486,0,ST-ITS1,Intensivstation,12,Intensivmedizin,2.0,3.0,06:00,14:00,450,,13:30,21:30,450,F,21:15,06:15,495,F|S,11,10,8,10,30,45,8,38.5,30,0.05,0,2.0.0,20261146
AZ-003,2026-11-03,history,-27,Dienstag,2,45,0,0,,Auszubildende_r_1_Ausbildungsjahr,Auszubildende,AUSZUBILDEND,1.0,38.5,9240,9240,8316,10164,5,2,2,0,0,0,nicht anrechenbar,0,0.0,-9240,10,10,3,0,0,1945,1,,,,,,0,,0,,5,5,5,0,778,1,5,5,5,0,681,1,4,4,4,0,486,0,ST-ITS1,Intensivstation,12,Intensivmedizin,2.0,3.0,06:00,14:00,450,,13:30,21:30,450,F,21:15,06:15,495,F|S,11,10,8,10,30,45,8,38.5,30,0.05,0,2.0.0,20261146
PK-001,2026-11-03,history,-27,Dienstag,2,45,0,0,,Stationsleitung,Pflegefachkraft,EXAM|LEITUNG|PRAXISANLEITUNG,1.0,38.5,9240,4620,4158,5082,5,2,2,0,0,1,Pflegefachkraft,1,0.5,5814,10,10,3,0,0,1945,1,,,,,,0,,0,,5,5,5,0,778,1,5,5,5,0,681,1,4,4,4,0,486,0,ST-ITS1,Intensivstation,12,Intensivmedizin,2.0,3.0,06:00,14:00,450,,13:30,21:30,450,F,21:15,06:15,495,F|S,11,10,8,10,30,45,8,38.5,30,0.05,0,2.0.0,20261146
PK-002,2026-11-03,history,-27,Dienstag,2,45,0,0,,Pflegefachkraft,Pflegefachkraft,EXAM|PRAXISANLEITUNG|KARDIO_MONITORING,1.0,38.5,9240,9240,8316,10164,5,2,2,8,1,1,Pflegefachkraft,0,0.0,-1815,10,10,3,0,0,1945,1,,,,,,0,,0,,5,5,5,0,778,1,5,5,5,0,681,1,4,4,4,0,486,0,ST-ITS1,Intensivstation,12,Intensivmedizin,2.0,3.0,06:00,14:00,450,,13:30,21:30,450,F,21:15,06:15,495,F|S,11,10,8,10,30,45,8,38.5,30,0.05,0,2.0.0,20261146
PK-003,2026-11-03,history,-27,Dienstag,2,45,0,0,,Pflegefachkraft,Pflegefachkraft,EXAM,1.0,38.5,9240,9240,8316,10164,5,2,2,8,1,1,Pflegefachkraft,0,0.0,-1815,10,10,3,0,0,1945,1,,,,,,0,,0,,5,5,5,0,778,1,5,5,5,0,681,1,4,4,4,0,486,0,ST-ITS1,Intensivstation,12,Intensivmedizin,2.0,3.0,06:00,14:00,450,,13:30,21:30,450,F,21:15,06:15,495,F|S,11,10,8,10,30,45,8,38.5,30,0.05,0,2.0.0,20261146
PK-004,2026-11-03,history,-27,Dienstag,2,45,0,0,,Pflegefachkraft,Pflegefachkraft,EXAM,1.0,38.5,9240,9240,8316,10164,5,2,2,8,1,1,Pflegefachkraft,0,0.0,-1995,10,10,3,0,0,1945,1,,,,,,0,,0,,5,5,5,0,778,1,5,5,5,0,681,1,4,4,4,0,486,0,ST-ITS1,Intensivstation,12,Intensivmedizin,2.0,3.0,06:00,14:00,450,,13:30,21:30,450,F,21:15,06:15,495,F|S,11,10,8,10,30,45,8,38.5,30,0.05,0,2.0.0,20261146
PK-005,2026-11-03,history,-27,Dienstag,2,45,0,0,,Pflegefachkraft,Pflegefachkraft,EXAM,1.0,38.5,9240,9240,8316,10164,5,2,2,8,1,1,Pflegefachkraft,0,0.0,-1905,10,10,3,0,0,1945,1,,,,,S,0,,0,,5,5,5,0,778,1,5,5,5,0,681,1,4,4,4,0,486,0,ST-ITS1,Intensivstation,12,Intensivmedizin,2.0,3.0,06:00,14:00,450,,13:30,21:30,450,F,21:15,06:15,495,F|S,11,10,8,10,30,45,8,38.5,30,0.05,0,2.0.0,20261146
PK-006,2026-11-03,history,-27,Dienstag,2,45,0,0,,Pflegefachkraft,Pflegefachkraft,EXAM|PRAXISANLEITUNG|KARDIO_MONITORING,1.0,38.5,9240,9240,8316,10164,5,2,2,8,1,1,Pflegefachkraft,0,0.0,-1905,10,10,3,0,0,1945,1,,,,,S,0,,0,,5,5,5,0,778,1,5,5,5,0,681,1,4,4,4,0,486,0,ST-ITS1,Intensivstation,12,Intensivmedizin,2.0,3.0,06:00,14:00,450,,13:30,21:30,450,F,21:15,06:15,495,F|S,11,10,8,10,30,45,8,38.5,30,0.05,0,2.0.0,20261146
PK-007,2026-11-03,history,-27,Dienstag,2,45,0,0,,Pflegefachkraft,Pflegefachkraft,EXAM,1.0,38.5,9240,9240,8316,10164,5,2,2,8,1,1,Pflegefachkraft,0,0.0,1104,10,10,3,0,0,1945,1,,,,,,0,,0,,5,5,5,0,778,1,5,5,5,0,681,1,4,4,4,0,486,0,ST-ITS1,Intensivstation,12,Intensivmedizin,2.0,3.0,06:00,14:00,450,,13:30,21:30,450,F,21:15,06:15,495,F|S,11,10,8,10,30,45,8,38.5,30,0.05,0,2.0.0,20261146
PK-008,2026-11-03,history,-27,Dienstag,2,45,0,0,,Pflegefachkraft,Pflegefachkraft,EXAM|KARDIO_MONITORING,1.0,38.5,9240,9240,8316,10164,5,2,2,8,1,1,Pflegefachkraft,0,0.0,-2265,10,10,3,0,0,1945,1,,,,,,0,,0,,5,5,5,0,778,1,5,5,5,0,681,1,4,4,4,0,486,0,ST-ITS1,Intensivstation,12,Intensivmedizin,2.0,3.0,06:00,14:00,450,,13:30,21:30,450,F,21:15,06:15,495,F|S,11,10,8,10,30,45,8,38.5,30,0.05,0,2.0.0,20261146
PK-009,2026-11-03,history,-27,Dienstag,2,45,0,0,,Pflegefachkraft,Pflegefachkraft,EXAM,1.0,38.5,9240,9240,8316,10164,5,2,2,8,1,1,Pflegefachkraft,0,0.0,-1995,10,10,3,0,0,1945,1,,,,,,0,,0,,5,5,5,0,778,1,5,5,5,0,681,1,4,4,4,0,486,0,ST-ITS1,Intensivstation,12,Intensivmedizin,2.0,3.0,06:00,14:00,450,,13:30,21:30,450,F,21:15,06:15,495,F|S,11,10,8,10,30,45,8,38.5,30,0.05,0,2.0.0,20261146
PK-010,2026-11-03,history,-27,Dienstag,2,45,0,0,,Pflegefachkraft,Pflegefachkraft,EXAM|PRAXISANLEITUNG|KARDIO_MONITORING,0.6,23.1,5544,5544,4990,6098,5,2,2,8,1,1,Pflegefachkraft,0,0.0,-999,10,10,3,0,0,1945,1,,,,,,0,,0,,5,5,5,0,778,1,5,5,5,0,681,1,4,4,4,0,486,0,ST-ITS1,Intensivstation,12,Intensivmedizin,2.0,3.0,06:00,14:00,450,,13:30,21:30,450,F,21:15,06:15,495,F|S,11,10,8,10,30,45,8,38.5,30,0.05,0,2.0.0,20261146
PK-011,2026-11-03,history,-27,Dienstag,2,45,0,0,,Pflegefachkraft,Pflegefachkraft,EXAM|KARDIO_MONITORING,0.5,19.25,4620,4620,4158,5082,5,2,2,8,1,1,Pflegefachkraft,0,0.0,-1020,10,10,3,0,0,1945,1,,,,,,0,,0,,5,5,5,0,778,1,5,5,5,0,681,1,4,4,4,0,486,0,ST-ITS1,Intensivstation,12,Intensivmedizin,2.0,3.0,06:00,14:00,450,,13:30,21:30,450,F,21:15,06:15,495,F|S,11,10,8,10,30,45,8,38.5,30,0.05,0,2.0.0,20261146
PK-012,2026-11-03,history,-27,Dienstag,2,45,0,0,,Pflegefachkraft,Pflegefachkraft,EXAM|KARDIO_MONITORING,0.75,28.88,6931,6931,6238,7624,5,2,2,8,1,1,Pflegefachkraft,0,0.0,-1530,10,10,3,0,0,1945,1,,,,,,0,,0,,5,5,5,0,778,1,5,5,5,0,681,1,4,4,4,0,486,0,ST-ITS1,Intensivstation,12,Intensivmedizin,2.0,3.0,06:00,14:00,450,,13:30,21:30,450,F,21:15,06:15,495,F|S,11,10,8,10,30,45,8,38.5,30,0.05,0,2.0.0,20261146
PK-013,2026-11-03,history,-27,Dienstag,2,45,0,0,,Pflegefachkraft,Pflegefachkraft,EXAM|KARDIO_MONITORING,1.0,38.5,9240,9240,8316,10164,5,2,2,8,1,1,Pflegefachkraft,0,0.0,-1905,10,10,3,0,0,1945,1,,,,,,0,,0,,5,5,5,0,778,1,5,5,5,0,681,1,4,4,4,0,486,0,ST-ITS1,Intensivstation,12,Intensivmedizin,2.0,3.0,06:00,14:00,450,,13:30,21:30,450,F,21:15,06:15,495,F|S,11,10,8,10,30,45,8,38.5,30,0.05,0,2.0.0,20261146
PK-014,2026-11-03,history,-27,Dienstag,2,45,0,0,,Pflegefachkraft,Pflegefachkraft,EXAM,1.0,38.5,9240,9240,8316,10164,5,2,2,8,1,1,Pflegefachkraft,0,0.0,-1680,10,10,3,0,0,1945,1,,,,,N,0,,0,,5,5,5,0,778,1,5,5,5,0,681,1,4,4,4,0,486,0,ST-ITS1,Intensivstation,12,Intensivmedizin,2.0,3.0,06:00,14:00,450,,13:30,21:30,450,F,21:15,06:15,495,F|S,11,10,8,10,30,45,8,38.5,30,0.05,0,2.0.0,20261146
PK-015,2026-11-03,history,-27,Dienstag,2,45,0,0,,Pflegefachkraft,Pflegefachkraft,EXAM|KARDIO_MONITORING,0.5,19.25,4620,4620,4158,5082,5,2,2,8,1,1,Pflegefachkraft,0,0.0,-930,10,10,3,0,0,1945,1,,,,,N,0,,0,,5,5,5,0,778,1,5,5,5,0,681,1,4,4,4,0,486,0,ST-ITS1,Intensivstation,12,Intensivmedizin,2.0,3.0,06:00,14:00,450,,13:30,21:30,450,F,21:15,06:15,495,F|S,11,10,8,10,30,45,8,38.5,30,0.05,0,2.0.0,20261146
PK-016,2026-11-03,history,-27,Dienstag,2,45,0,0,,Pflegefachkraft,Pflegefachkraft,EXAM,0.9,34.65,8316,8316,7484,9148,5,2,2,8,1,1,Pflegefachkraft,0,0.0,1255,10,10,3,0,0,1945,1,,,,,N,0,,0,,5,5,5,0,778,1,5,5,5,0,681,1,4,4,4,0,486,0,ST-ITS1,Intensivstation,12,Intensivmedizin,2.0,3.0,06:00,14:00,450,,13:30,21:30,450,F,21:15,06:15,495,F|S,11,10,8,10,30,45,8,38.5,30,0.05,0,2.0.0,20261146
PK-017,2026-11-03,history,-27,Dienstag,2,45,0,0,,Pflegefachkraft,Pflegefachkraft,EXAM|KARDIO_MONITORING,1.0,38.5,9240,9240,8316,10164,5,2,2,8,1,1,Pflegefachkraft,0,0.0,-1680,10,10,3,0,0,1945,1,,,,,N,0,,0,,5,5,5,0,778,1,5,5,5,0,681,1,4,4,4,0,486,0,ST-ITS1,Intensivstation,12,Intensivmedizin,2.0,3.0,06:00,14:00,450,,13:30,21:30,450,F,21:15,06:15,495,F|S,11,10,8,10,30,45,8,38.5,30,0.05,0,2.0.0,20261146
PK-018,2026-11-03,history,-27,Dienstag,2,45,0,0,,Pflegefachkraft,Pflegefachkraft,EXAM|PRAXISANLEITUNG,0.6,23.1,5544,5544,4990,6098,5,2,2,8,1,1,Pflegefachkraft,0,0.0,-909,10,10,3,0,0,1945,1,,,,,F,0,,0,,5,5,5,0,778,1,5,5,5,0,681,1,4,4,4,0,486,0,ST-ITS1,Intensivstation,12,Intensivmedizin,2.0,3.0,06:00,14:00,450,,13:30,21:30,450,F,21:15,06:15,495,F|S,11,10,8,10,30,45,8,38.5,30,0.05,0,2.0.0,20261146
PK-019,2026-11-03,history,-27,Dienstag,2,45,0,0,,Pflegefachkraft,Pflegefachkraft,EXAM,0.6,23.1,5544,5544,4990,6098,5,2,2,8,1,1,Pflegefachkraft,0,0.0,-954,10,10,3,0,0,1945,1,,,,,F,0,,0,,5,5,5,0,778,1,5,5,5,0,681,1,4,4,4,0,486,0,ST-ITS1,Intensivstation,12,Intensivmedizin,2.0,3.0,06:00,14:00,450,,13:30,21:30,450,F,21:15,06:15,495,F|S,11,10,8,10,30,45,8,38.5,30,0.05,0,2.0.0,20261146
PK-020,2026-11-03,history,-27,Dienstag,2,45,0,0,,Pflegefachkraft,Pflegefachkraft,EXAM|PRAXISANLEITUNG,0.8,30.8,7392,7392,6653,8131,5,2,2,8,1,1,Pflegefachkraft,0,0.0,-1497,10,10,3,0,0,1945,1,,,,,F,0,,0,,5,5,5,0,778,1,5,5,5,0,681,1,4,4,4,0,486,0,ST-ITS1,Intensivstation,12,Intensivmedizin,2.0,3.0,06:00,14:00,450,,13:30,21:30,450,F,21:15,06:15,495,F|S,11,10,8,10,30,45,8,38.5,30,0.05,0,2.0.0,20261146
PK-021,2026-11-03,history,-27,Dienstag,2,45,0,0,,Pflegefachkraft,Pflegefachkraft,EXAM|PRAXISANLEITUNG,0.5,19.25,4620,4620,4158,5082,5,2,2,8,1,1,Pflegefachkraft,0,0.0,-975,10,10,3,0,0,1945,1,,,,,F,0,,0,,5,5,5,0,778,1,5,5,5,0,681,1,4,4,4,0,486,0,ST-ITS1,Intensivstation,12,Intensivmedizin,2.0,3.0,06:00,14:00,450,,13:30,21:30,450,F,21:15,06:15,495,F|S,11,10,8,10,30,45,8,38.5,30,0.05,0,2.0.0,20261146
PK-022,2026-11-03,history,-27,Dienstag,2,45,0,0,,Pflegefachkraft,Pflegefachkraft,EXAM,0.7,26.95,6468,6468,5821,7115,5,2,2,8,1,1,Pflegefachkraft,0,0.0,-1473,10,10,3,0,0,1945,1,,,,,F,0,,0,,5,5,5,0,778,1,5,5,5,0,681,1,4,4,4,0,486,0,ST-ITS1,Intensivstation,12,Intensivmedizin,2.0,3.0,06:00,14:00,450,,13:30,21:30,450,F,21:15,06:15,495,F|S,11,10,8,10,30,45,8,38.5,30,0.05,0,2.0.0,20261146
PK-023,2026-11-03,history,-27,Dienstag,2,45,0,0,,Pflegefachkraft,Pflegefachkraft,EXAM,1.0,38.5,9240,9240,8316,10164,5,2,2,8,1,1,Pflegefachkraft,0,0.0,-2040,10,10,3,0,0,1945,1,,,,,S,0,,0,,5,5,5,0,778,1,5,5,5,0,681,1,4,4,4,0,486,0,ST-ITS1,Intensivstation,12,Intensivmedizin,2.0,3.0,06:00,14:00,450,,13:30,21:30,450,F,21:15,06:15,495,F|S,11,10,8,10,30,45,8,38.5,30,0.05,0,2.0.0,20261146
PK-024,2026-11-03,history,-27,Dienstag,2,45,0,0,,Pflegefachkraft,Pflegefachkraft,EXAM|PRAXISANLEITUNG,1.0,38.5,9240,9240,8316,10164,5,2,2,8,1,1,Pflegefachkraft,0,0.0,-2310,10,10,3,0,0,1945,1,,,,,S,0,,0,,5,5,5,0,778,1,5,5,5,0,681,1,4,4,4,0,486,0,ST-ITS1,Intensivstation,12,Intensivmedizin,2.0,3.0,06:00,14:00,450,,13:30,21:30,450,F,21:15,06:15,495,F|S,11,10,8,10,30,45,8,38.5,30,0.05,0,2.0.0,20261146
PK-025,2026-11-03,history,-27,Dienstag,2,45,0,0,,Pflegefachkraft,Pflegefachkraft,EXAM,1.0,38.5,9240,9240,8316,10164,5,2,2,8,1,1,Pflegefachkraft,0,0.0,-1680,10,10,3,0,0,1945,1,,,,,S,0,,0,,5,5,5,0,778,1,5,5,5,0,681,1,4,4,4,0,486,0,ST-ITS1,Intensivstation,12,Intensivmedizin,2.0,3.0,06:00,14:00,450,,13:30,21:30,450,F,21:15,06:15,495,F|S,11,10,8,10,30,45,8,38.5,30,0.05,0,2.0.0,20261146
AZ-001,2026-11-04,history,-26,Mittwoch,3,45,0,0,,Auszubildende_r_3_Ausbildungsjahr,Auszubildende,AUSZUBILDEND,1.0,38.5,9240,9240,8316,10164,5,2,2,8,1,0,nicht anrechenbar,0,0.0,-9240,10,9,0,0,1,1746,1,,,,,,0,,0,,5,5,5,0,698,1,5,5,5,0,611,1,3,3,3,0,436,0,ST-ITS1,Intensivstation,12,Intensivmedizin,2.0,3.0,06:00,14:00,450,,13:30,21:30,450,F,21:15,06:15,495,F|S,11,10,8,10,30,45,8,38.5,30,0.05,0,2.0.0,20261146
AZ-002,2026-11-04,history,-26,Mittwoch,3,45,0,0,,Auszubildende_r_2_Ausbildungsjahr,Auszubildende,AUSZUBILDEND,1.0,38.5,9240,9240,8316,10164,5,2,2,8,1,0,nicht anrechenbar,0,0.0,-9240,10,9,0,0,1,1746,1,,,,,,0,,0,,5,5,5,0,698,1,5,5,5,0,611,1,3,3,3,0,436,0,ST-ITS1,Intensivstation,12,Intensivmedizin,2.0,3.0,06:00,14:00,450,,13:30,21:30,450,F,21:15,06:15,495,F|S,11,10,8,10,30,45,8,38.5,30,0.05,0,2.0.0,20261146
AZ-003,2026-11-04,history,-26,Mittwoch,3,45,0,0,,Auszubildende_r_1_Ausbildungsjahr,Auszubildende,AUSZUBILDEND,1.0,38.5,9240,9240,8316,10164,5,2,2,0,0,0,nicht anrechenbar,0,0.0,-9240,10,9,0,0,1,1746,1,,,,,,0,,0,,5,5,5,0,698,1,5,5,5,0,611,1,3,3,3,0,436,0,ST-ITS1,Intensivstation,12,Intensivmedizin,2.0,3.0,06:00,14:00,450,,13:30,21:30,450,F,21:15,06:15,495,F|S,11,10,8,10,30,45,8,38.5,30,0.05,0,2.0.0,20261146
PK-001,2026-11-04,history,-26,Mittwoch,3,45,0,0,,Stationsleitung,Pflegefachkraft,EXAM|LEITUNG|PRAXISANLEITUNG,1.0,38.5,9240,4620,4158,5082,5,2,2,0,0,1,Pflegefachkraft,1,0.5,5814,10,9,0,0,1,1746,0,URLAUB,,,,,0,,0,,5,5,5,0,698,1,5,5,5,0,611,1,3,3,3,0,436,0,ST-ITS1,Intensivstation,12,Intensivmedizin,2.0,3.0,06:00,14:00,450,,13:30,21:30,450,F,21:15,06:15,495,F|S,11,10,8,10,30,45,8,38.5,30,0.05,0,2.0.0,20261146
PK-002,2026-11-04,history,-26,Mittwoch,3,45,0,0,,Pflegefachkraft,Pflegefachkraft,EXAM|PRAXISANLEITUNG|KARDIO_MONITORING,1.0,38.5,9240,9240,8316,10164,5,2,2,8,1,1,Pflegefachkraft,0,0.0,-1815,10,9,0,0,1,1746,1,,,,,F,0,,0,,5,5,5,0,698,1,5,5,5,0,611,1,3,3,3,0,436,0,ST-ITS1,Intensivstation,12,Intensivmedizin,2.0,3.0,06:00,14:00,450,,13:30,21:30,450,F,21:15,06:15,495,F|S,11,10,8,10,30,45,8,38.5,30,0.05,0,2.0.0,20261146
PK-003,2026-11-04,history,-26,Mittwoch,3,45,0,0,,Pflegefachkraft,Pflegefachkraft,EXAM,1.0,38.5,9240,9240,8316,10164,5,2,2,8,1,1,Pflegefachkraft,0,0.0,-1815,10,9,0,0,1,1746,1,,,,,F,0,,0,,5,5,5,0,698,1,5,5,5,0,611,1,3,3,3,0,436,0,ST-ITS1,Intensivstation,12,Intensivmedizin,2.0,3.0,06:00,14:00,450,,13:30,21:30,450,F,21:15,06:15,495,F|S,11,10,8,10,30,45,8,38.5,30,0.05,0,2.0.0,20261146
PK-004,2026-11-04,history,-26,Mittwoch,3,45,0,0,,Pflegefachkraft,Pflegefachkraft,EXAM,1.0,38.5,9240,9240,8316,10164,5,2,2,8,1,1,Pflegefachkraft,0,0.0,-1995,10,9,0,0,1,1746,1,,,,,F,0,,0,,5,5,5,0,698,1,5,5,5,0,611,1,3,3,3,0,436,0,ST-ITS1,Intensivstation,12,Intensivmedizin,2.0,3.0,06:00,14:00,450,,13:30,21:30,450,F,21:15,06:15,495,F|S,11,10,8,10,30,45,8,38.5,30,0.05,0,2.0.0,20261146
PK-005,2026-11-04,history,-26,Mittwoch,3,45,0,0,,Pflegefachkraft,Pflegefachkraft,EXAM,1.0,38.5,9240,9240,8316,10164,5,2,2,8,1,1,Pflegefachkraft,0,0.0,-1905,10,9,0,0,1,1746,1,,,,,,0,,0,,5,5,5,0,698,1,5,5,5,0,611,1,3,3,3,0,436,0,ST-ITS1,Intensivstation,12,Intensivmedizin,2.0,3.0,06:00,14:00,450,,13:30,21:30,450,F,21:15,06:15,495,F|S,11,10,8,10,30,45,8,38.5,30,0.05,0,2.0.0,20261146
PK-006,2026-11-04,history,-26,Mittwoch,3,45,0,0,,Pflegefachkraft,Pflegefachkraft,EXAM|PRAXISANLEITUNG|KARDIO_MONITORING,1.0,38.5,9240,9240,8316,10164,5,2,2,8,1,1,Pflegefachkraft,0,0.0,-1905,10,9,0,0,1,1746,1,,,,,,0,,0,,5,5,5,0,698,1,5,5,5,0,611,1,3,3,3,0,436,0,ST-ITS1,Intensivstation,12,Intensivmedizin,2.0,3.0,06:00,14:00,450,,13:30,21:30,450,F,21:15,06:15,495,F|S,11,10,8,10,30,45,8,38.5,30,0.05,0,2.0.0,20261146
PK-007,2026-11-04,history,-26,Mittwoch,3,45,0,0,,Pflegefachkraft,Pflegefachkraft,EXAM,1.0,38.5,9240,9240,8316,10164,5,2,2,8,1,1,Pflegefachkraft,0,0.0,1104,10,9,0,0,1,1746,1,,,,,N,0,,0,,5,5,5,0,698,1,5,5,5,0,611,1,3,3,3,0,436,0,ST-ITS1,Intensivstation,12,Intensivmedizin,2.0,3.0,06:00,14:00,450,,13:30,21:30,450,F,21:15,06:15,495,F|S,11,10,8,10,30,45,8,38.5,30,0.05,0,2.0.0,20261146
PK-008,2026-11-04,history,-26,Mittwoch,3,45,0,0,,Pflegefachkraft,Pflegefachkraft,EXAM|KARDIO_MONITORING,1.0,38.5,9240,9240,8316,10164,5,2,2,8,1,1,Pflegefachkraft,0,0.0,-2265,10,9,0,0,1,1746,1,,,,,N,0,,0,,5,5,5,0,698,1,5,5,5,0,611,1,3,3,3,0,436,0,ST-ITS1,Intensivstation,12,Intensivmedizin,2.0,3.0,06:00,14:00,450,,13:30,21:30,450,F,21:15,06:15,495,F|S,11,10,8,10,30,45,8,38.5,30,0.05,0,2.0.0,20261146
PK-009,2026-11-04,history,-26,Mittwoch,3,45,0,0,,Pflegefachkraft,Pflegefachkraft,EXAM,1.0,38.5,9240,9240,8316,10164,5,2,2,8,1,1,Pflegefachkraft,0,0.0,-1995,10,9,0,0,1,1746,1,,,,,N,0,,0,,5,5,5,0,698,1,5,5,5,0,611,1,3,3,3,0,436,0,ST-ITS1,Intensivstation,12,Intensivmedizin,2.0,3.0,06:00,14:00,450,,13:30,21:30,450,F,21:15,06:15,495,F|S,11,10,8,10,30,45,8,38.5,30,0.05,0,2.0.0,20261146
PK-010,2026-11-04,history,-26,Mittwoch,3,45,0,0,,Pflegefachkraft,Pflegefachkraft,EXAM|PRAXISANLEITUNG|KARDIO_MONITORING,0.6,23.1,5544,5544,4990,6098,5,2,2,8,1,1,Pflegefachkraft,0,0.0,-999,10,9,0,0,1,1746,1,,,,,,0,,0,,5,5,5,0,698,1,5,5,5,0,611,1,3,3,3,0,436,0,ST-ITS1,Intensivstation,12,Intensivmedizin,2.0,3.0,06:00,14:00,450,,13:30,21:30,450,F,21:15,06:15,495,F|S,11,10,8,10,30,45,8,38.5,30,0.05,0,2.0.0,20261146
PK-011,2026-11-04,history,-26,Mittwoch,3,45,0,0,,Pflegefachkraft,Pflegefachkraft,EXAM|KARDIO_MONITORING,0.5,19.25,4620,4620,4158,5082,5,2,2,8,1,1,Pflegefachkraft,0,0.0,-1020,10,9,0,0,1,1746,1,,,,,,0,,0,,5,5,5,0,698,1,5,5,5,0,611,1,3,3,3,0,436,0,ST-ITS1,Intensivstation,12,Intensivmedizin,2.0,3.0,06:00,14:00,450,,13:30,21:30,450,F,21:15,06:15,495,F|S,11,10,8,10,30,45,8,38.5,30,0.05,0,2.0.0,20261146
PK-012,2026-11-04,history,-26,Mittwoch,3,45,0,0,,Pflegefachkraft,Pflegefachkraft,EXAM|KARDIO_MONITORING,0.75,28.88,6931,6931,6238,7624,5,2,2,8,1,1,Pflegefachkraft,0,0.0,-1530,10,9,0,0,1,1746,1,,,,,S,0,,0,,5,5,5,0,698,1,5,5,5,0,611,1,3,3,3,0,436,0,ST-ITS1,Intensivstation,12,Intensivmedizin,2.0,3.0,06:00,14:00,450,,13:30,21:30,450,F,21:15,06:15,495,F|S,11,10,8,10,30,45,8,38.5,30,0.05,0,2.0.0,20261146
PK-013,2026-11-04,history,-26,Mittwoch,3,45,0,0,,Pflegefachkraft,Pflegefachkraft,EXAM|KARDIO_MONITORING,1.0,38.5,9240,9240,8316,10164,5,2,2,8,1,1,Pflegefachkraft,0,0.0,-1905,10,9,0,0,1,1746,1,,,,,F,0,,0,,5,5,5,0,698,1,5,5,5,0,611,1,3,3,3,0,436,0,ST-ITS1,Intensivstation,12,Intensivmedizin,2.0,3.0,06:00,14:00,450,,13:30,21:30,450,F,21:15,06:15,495,F|S,11,10,8,10,30,45,8,38.5,30,0.05,0,2.0.0,20261146
PK-014,2026-11-04,history,-26,Mittwoch,3,45,0,0,,Pflegefachkraft,Pflegefachkraft,EXAM,1.0,38.5,9240,9240,8316,10164,5,2,2,8,1,1,Pflegefachkraft,0,0.0,-1680,10,9,0,0,1,1746,1,,,,,,0,,0,,5,5,5,0,698,1,5,5,5,0,611,1,3,3,3,0,436,0,ST-ITS1,Intensivstation,12,Intensivmedizin,2.0,3.0,06:00,14:00,450,,13:30,21:30,450,F,21:15,06:15,495,F|S,11,10,8,10,30,45,8,38.5,30,0.05,0,2.0.0,20261146
PK-015,2026-11-04,history,-26,Mittwoch,3,45,0,0,,Pflegefachkraft,Pflegefachkraft,EXAM|KARDIO_MONITORING,0.5,19.25,4620,4620,4158,5082,5,2,2,8,1,1,Pflegefachkraft,0,0.0,-930,10,9,0,0,1,1746,1,,,,,,0,,0,,5,5,5,0,698,1,5,5,5,0,611,1,3,3,3,0,436,0,ST-ITS1,Intensivstation,12,Intensivmedizin,2.0,3.0,06:00,14:00,450,,13:30,21:30,450,F,21:15,06:15,495,F|S,11,10,8,10,30,45,8,38.5,30,0.05,0,2.0.0,20261146
PK-016,2026-11-04,history,-26,Mittwoch,3,45,0,0,,Pflegefachkraft,Pflegefachkraft,EXAM,0.9,34.65,8316,8316,7484,9148,5,2,2,8,1,1,Pflegefachkraft,0,0.0,1255,10,9,0,0,1,1746,1,,,,,,0,,0,,5,5,5,0,698,1,5,5,5,0,611,1,3,3,3,0,436,0,ST-ITS1,Intensivstation,12,Intensivmedizin,2.0,3.0,06:00,14:00,450,,13:30,21:30,450,F,21:15,06:15,495,F|S,11,10,8,10,30,45,8,38.5,30,0.05,0,2.0.0,20261146
PK-017,2026-11-04,history,-26,Mittwoch,3,45,0,0,,Pflegefachkraft,Pflegefachkraft,EXAM|KARDIO_MONITORING,1.0,38.5,9240,9240,8316,10164,5,2,2,8,1,1,Pflegefachkraft,0,0.0,-1680,10,9,0,0,1,1746,1,,,,,,0,,0,,5,5,5,0,698,1,5,5,5,0,611,1,3,3,3,0,436,0,ST-ITS1,Intensivstation,12,Intensivmedizin,2.0,3.0,06:00,14:00,450,,13:30,21:30,450,F,21:15,06:15,495,F|S,11,10,8,10,30,45,8,38.5,30,0.05,0,2.0.0,20261146
PK-018,2026-11-04,history,-26,Mittwoch,3,45,0,0,,Pflegefachkraft,Pflegefachkraft,EXAM|PRAXISANLEITUNG,0.6,23.1,5544,5544,4990,6098,5,2,2,8,1,1,Pflegefachkraft,0,0.0,-909,10,9,0,0,1,1746,1,,,,,,0,,0,,5,5,5,0,698,1,5,5,5,0,611,1,3,3,3,0,436,0,ST-ITS1,Intensivstation,12,Intensivmedizin,2.0,3.0,06:00,14:00,450,,13:30,21:30,450,F,21:15,06:15,495,F|S,11,10,8,10,30,45,8,38.5,30,0.05,0,2.0.0,20261146
PK-019,2026-11-04,history,-26,Mittwoch,3,45,0,0,,Pflegefachkraft,Pflegefachkraft,EXAM,0.6,23.1,5544,5544,4990,6098,5,2,2,8,1,1,Pflegefachkraft,0,0.0,-954,10,9,0,0,1,1746,1,,,,,,0,,0,,5,5,5,0,698,1,5,5,5,0,611,1,3,3,3,0,436,0,ST-ITS1,Intensivstation,12,Intensivmedizin,2.0,3.0,06:00,14:00,450,,13:30,21:30,450,F,21:15,06:15,495,F|S,11,10,8,10,30,45,8,38.5,30,0.05,0,2.0.0,20261146
PK-020,2026-11-04,history,-26,Mittwoch,3,45,0,0,,Pflegefachkraft,Pflegefachkraft,EXAM|PRAXISANLEITUNG,0.8,30.8,7392,7392,6653,8131,5,2,2,8,1,1,Pflegefachkraft,0,0.0,-1497,10,9,0,0,1,1746,1,,,,,F,0,,0,,5,5,5,0,698,1,5,5,5,0,611,1,3,3,3,0,436,0,ST-ITS1,Intensivstation,12,Intensivmedizin,2.0,3.0,06:00,14:00,450,,13:30,21:30,450,F,21:15,06:15,495,F|S,11,10,8,10,30,45,8,38.5,30,0.05,0,2.0.0,20261146
PK-021,2026-11-04,history,-26,Mittwoch,3,45,0,0,,Pflegefachkraft,Pflegefachkraft,EXAM|PRAXISANLEITUNG,0.5,19.25,4620,4620,4158,5082,5,2,2,8,1,1,Pflegefachkraft,0,0.0,-975,10,9,0,0,1,1746,1,,,,,,0,,0,,5,5,5,0,698,1,5,5,5,0,611,1,3,3,3,0,436,0,ST-ITS1,Intensivstation,12,Intensivmedizin,2.0,3.0,06:00,14:00,450,,13:30,21:30,450,F,21:15,06:15,495,F|S,11,10,8,10,30,45,8,38.5,30,0.05,0,2.0.0,20261146
PK-022,2026-11-04,history,-26,Mittwoch,3,45,0,0,,Pflegefachkraft,Pflegefachkraft,EXAM,0.7,26.95,6468,6468,5821,7115,5,2,2,8,1,1,Pflegefachkraft,0,0.0,-1473,10,9,0,0,1,1746,1,,,,,S,0,,0,,5,5,5,0,698,1,5,5,5,0,611,1,3,3,3,0,436,0,ST-ITS1,Intensivstation,12,Intensivmedizin,2.0,3.0,06:00,14:00,450,,13:30,21:30,450,F,21:15,06:15,495,F|S,11,10,8,10,30,45,8,38.5,30,0.05,0,2.0.0,20261146
PK-023,2026-11-04,history,-26,Mittwoch,3,45,0,0,,Pflegefachkraft,Pflegefachkraft,EXAM,1.0,38.5,9240,9240,8316,10164,5,2,2,8,1,1,Pflegefachkraft,0,0.0,-2040,10,9,0,0,1,1746,1,,,,,S,0,,0,,5,5,5,0,698,1,5,5,5,0,611,1,3,3,3,0,436,0,ST-ITS1,Intensivstation,12,Intensivmedizin,2.0,3.0,06:00,14:00,450,,13:30,21:30,450,F,21:15,06:15,495,F|S,11,10,8,10,30,45,8,38.5,30,0.05,0,2.0.0,20261146
PK-024,2026-11-04,history,-26,Mittwoch,3,45,0,0,,Pflegefachkraft,Pflegefachkraft,EXAM|PRAXISANLEITUNG,1.0,38.5,9240,9240,8316,10164,5,2,2,8,1,1,Pflegefachkraft,0,0.0,-2310,10,9,0,0,1,1746,1,,,,,S,0,,0,,5,5,5,0,698,1,5,5,5,0,611,1,3,3,3,0,436,0,ST-ITS1,Intensivstation,12,Intensivmedizin,2.0,3.0,06:00,14:00,450,,13:30,21:30,450,F,21:15,06:15,495,F|S,11,10,8,10,30,45,8,38.5,30,0.05,0,2.0.0,20261146
PK-025,2026-11-04,history,-26,Mittwoch,3,45,0,0,,Pflegefachkraft,Pflegefachkraft,EXAM,1.0,38.5,9240,9240,8316,10164,5,2,2,8,1,1,Pflegefachkraft,0,0.0,-1680,10,9,0,0,1,1746,1,,,,,S,0,,0,,5,5,5,0,698,1,5,5,5,0,611,1,3,3,3,0,436,0,ST-ITS1,Intensivstation,12,Intensivmedizin,2.0,3.0,06:00,14:00,450,,13:30,21:30,450,F,21:15,06:15,495,F|S,11,10,8,10,30,45,8,38.5,30,0.05,0,2.0.0,20261146
AZ-001,2026-11-05,history,-25,Donnerstag,4,45,0,0,,Auszubildende_r_3_Ausbildungsjahr,Auszubildende,AUSZUBILDEND,1.0,38.5,9240,9240,8316,10164,5,2,2,8,1,0,nicht anrechenbar,0,0.0,-9240,9,7,2,2,0,1504,1,,,,,,0,,0,,5,5,5,0,602,1,5,5,5,0,526,1,3,3,3,0,376,0,ST-ITS1,Intensivstation,12,Intensivmedizin,2.0,3.0,06:00,14:00,450,,13:30,21:30,450,F,21:15,06:15,495,F|S,11,10,8,10,30,45,8,38.5,30,0.05,0,2.0.0,20261146
AZ-002,2026-11-05,history,-25,Donnerstag,4,45,0,0,,Auszubildende_r_2_Ausbildungsjahr,Auszubildende,AUSZUBILDEND,1.0,38.5,9240,9240,8316,10164,5,2,2,8,1,0,nicht anrechenbar,0,0.0,-9240,9,7,2,2,0,1504,1,,,,,,0,,0,,5,5,5,0,602,1,5,5,5,0,526,1,3,3,3,0,376,0,ST-ITS1,Intensivstation,12,Intensivmedizin,2.0,3.0,06:00,14:00,450,,13:30,21:30,450,F,21:15,06:15,495,F|S,11,10,8,10,30,45,8,38.5,30,0.05,0,2.0.0,20261146
AZ-003,2026-11-05,history,-25,Donnerstag,4,45,0,0,,Auszubildende_r_1_Ausbildungsjahr,Auszubildende,AUSZUBILDEND,1.0,38.5,9240,9240,8316,10164,5,2,2,0,0,0,nicht anrechenbar,0,0.0,-9240,9,7,2,2,0,1504,1,,,,,,0,,0,,5,5,5,0,602,1,5,5,5,0,526,1,3,3,3,0,376,0,ST-ITS1,Intensivstation,12,Intensivmedizin,2.0,3.0,06:00,14:00,450,,13:30,21:30,450,F,21:15,06:15,495,F|S,11,10,8,10,30,45,8,38.5,30,0.05,0,2.0.0,20261146
PK-001,2026-11-05,history,-25,Donnerstag,4,45,0,0,,Stationsleitung,Pflegefachkraft,EXAM|LEITUNG|PRAXISANLEITUNG,1.0,38.5,9240,4620,4158,5082,5,2,2,0,0,1,Pflegefachkraft,1,0.5,5814,9,7,2,2,0,1504,0,URLAUB,,,,,0,,0,,5,5,5,0,602,1,5,5,5,0,526,1,3,3,3,0,376,0,ST-ITS1,Intensivstation,12,Intensivmedizin,2.0,3.0,06:00,14:00,450,,13:30,21:30,450,F,21:15,06:15,495,F|S,11,10,8,10,30,45,8,38.5,30,0.05,0,2.0.0,20261146
PK-002,2026-11-05,history,-25,Donnerstag,4,45,0,0,,Pflegefachkraft,Pflegefachkraft,EXAM|PRAXISANLEITUNG|KARDIO_MONITORING,1.0,38.5,9240,9240,8316,10164,5,2,2,8,1,1,Pflegefachkraft,0,0.0,-1815,9,7,2,2,0,1504,1,,,,,,0,,0,,5,5,5,0,602,1,5,5,5,0,526,1,3,3,3,0,376,0,ST-ITS1,Intensivstation,12,Intensivmedizin,2.0,3.0,06:00,14:00,450,,13:30,21:30,450,F,21:15,06:15,495,F|S,11,10,8,10,30,45,8,38.5,30,0.05,0,2.0.0,20261146
PK-003,2026-11-05,history,-25,Donnerstag,4,45,0,0,,Pflegefachkraft,Pflegefachkraft,EXAM,1.0,38.5,9240,9240,8316,10164,5,2,2,8,1,1,Pflegefachkraft,0,0.0,-1815,9,7,2,2,0,1504,1,,,,,,0,,0,,5,5,5,0,602,1,5,5,5,0,526,1,3,3,3,0,376,0,ST-ITS1,Intensivstation,12,Intensivmedizin,2.0,3.0,06:00,14:00,450,,13:30,21:30,450,F,21:15,06:15,495,F|S,11,10,8,10,30,45,8,38.5,30,0.05,0,2.0.0,20261146
PK-004,2026-11-05,history,-25,Donnerstag,4,45,0,0,,Pflegefachkraft,Pflegefachkraft,EXAM,1.0,38.5,9240,9240,8316,10164,5,2,2,8,1,1,Pflegefachkraft,0,0.0,-1995,9,7,2,2,0,1504,1,,,,,,0,,0,,5,5,5,0,602,1,5,5,5,0,526,1,3,3,3,0,376,0,ST-ITS1,Intensivstation,12,Intensivmedizin,2.0,3.0,06:00,14:00,450,,13:30,21:30,450,F,21:15,06:15,495,F|S,11,10,8,10,30,45,8,38.5,30,0.05,0,2.0.0,20261146
PK-005,2026-11-05,history,-25,Donnerstag,4,45,0,0,,Pflegefachkraft,Pflegefachkraft,EXAM,1.0,38.5,9240,9240,8316,10164,5,2,2,8,1,1,Pflegefachkraft,0,0.0,-1905,9,7,2,2,0,1504,1,,,,,F,0,,0,,5,5,5,0,602,1,5,5,5,0,526,1,3,3,3,0,376,0,ST-ITS1,Intensivstation,12,Intensivmedizin,2.0,3.0,06:00,14:00,450,,13:30,21:30,450,F,21:15,06:15,495,F|S,11,10,8,10,30,45,8,38.5,30,0.05,0,2.0.0,20261146
PK-006,2026-11-05,history,-25,Donnerstag,4,45,0,0,,Pflegefachkraft,Pflegefachkraft,EXAM|PRAXISANLEITUNG|KARDIO_MONITORING,1.0,38.5,9240,9240,8316,10164,5,2,2,8,1,1,Pflegefachkraft,0,0.0,-1905,9,7,2,2,0,1504,1,,,,,F,0,,0,,5,5,5,0,602,1,5,5,5,0,526,1,3,3,3,0,376,0,ST-ITS1,Intensivstation,12,Intensivmedizin,2.0,3.0,06:00,14:00,450,,13:30,21:30,450,F,21:15,06:15,495,F|S,11,10,8,10,30,45,8,38.5,30,0.05,0,2.0.0,20261146
PK-007,2026-11-05,history,-25,Donnerstag,4,45,0,0,,Pflegefachkraft,Pflegefachkraft,EXAM,1.0,38.5,9240,9240,8316,10164,5,2,2,8,1,1,Pflegefachkraft,0,0.0,1104,9,7,2,2,0,1504,1,,,,,,0,,0,,5,5,5,0,602,1,5,5,5,0,526,1,3,3,3,0,376,0,ST-ITS1,Intensivstation,12,Intensivmedizin,2.0,3.0,06:00,14:00,450,,13:30,21:30,450,F,21:15,06:15,495,F|S,11,10,8,10,30,45,8,38.5,30,0.05,0,2.0.0,20261146
PK-008,2026-11-05,history,-25,Donnerstag,4,45,0,0,,Pflegefachkraft,Pflegefachkraft,EXAM|KARDIO_MONITORING,1.0,38.5,9240,9240,8316,10164,5,2,2,8,1,1,Pflegefachkraft,0,0.0,-2265,9,7,2,2,0,1504,1,,,,,,0,,0,,5,5,5,0,602,1,5,5,5,0,526,1,3,3,3,0,376,0,ST-ITS1,Intensivstation,12,Intensivmedizin,2.0,3.0,06:00,14:00,450,,13:30,21:30,450,F,21:15,06:15,495,F|S,11,10,8,10,30,45,8,38.5,30,0.05,0,2.0.0,20261146
PK-009,2026-11-05,history,-25,Donnerstag,4,45,0,0,,Pflegefachkraft,Pflegefachkraft,EXAM,1.0,38.5,9240,9240,8316,10164,5,2,2,8,1,1,Pflegefachkraft,0,0.0,-1995,9,7,2,2,0,1504,1,,,,,,0,,0,,5,5,5,0,602,1,5,5,5,0,526,1,3,3,3,0,376,0,ST-ITS1,Intensivstation,12,Intensivmedizin,2.0,3.0,06:00,14:00,450,,13:30,21:30,450,F,21:15,06:15,495,F|S,11,10,8,10,30,45,8,38.5,30,0.05,0,2.0.0,20261146
PK-010,2026-11-05,history,-25,Donnerstag,4,45,0,0,,Pflegefachkraft,Pflegefachkraft,EXAM|PRAXISANLEITUNG|KARDIO_MONITORING,0.6,23.1,5544,5544,4990,6098,5,2,2,8,1,1,Pflegefachkraft,0,0.0,-999,9,7,2,2,0,1504,1,,,,,F,0,,0,,5,5,5,0,602,1,5,5,5,0,526,1,3,3,3,0,376,0,ST-ITS1,Intensivstation,12,Intensivmedizin,2.0,3.0,06:00,14:00,450,,13:30,21:30,450,F,21:15,06:15,495,F|S,11,10,8,10,30,45,8,38.5,30,0.05,0,2.0.0,20261146
PK-011,2026-11-05,history,-25,Donnerstag,4,45,0,0,,Pflegefachkraft,Pflegefachkraft,EXAM|KARDIO_MONITORING,0.5,19.25,4620,4620,4158,5082,5,2,2,8,1,1,Pflegefachkraft,0,0.0,-1020,9,7,2,2,0,1504,1,,,,,S,0,,0,,5,5,5,0,602,1,5,5,5,0,526,1,3,3,3,0,376,0,ST-ITS1,Intensivstation,12,Intensivmedizin,2.0,3.0,06:00,14:00,450,,13:30,21:30,450,F,21:15,06:15,495,F|S,11,10,8,10,30,45,8,38.5,30,0.05,0,2.0.0,20261146
PK-012,2026-11-05,history,-25,Donnerstag,4,45,0,0,,Pflegefachkraft,Pflegefachkraft,EXAM|KARDIO_MONITORING,0.75,28.88,6931,6931,6238,7624,5,2,2,8,1,1,Pflegefachkraft,0,0.0,-1530,9,7,2,2,0,1504,1,,,,,,0,,0,,5,5,5,0,602,1,5,5,5,0,526,1,3,3,3,0,376,0,ST-ITS1,Intensivstation,12,Intensivmedizin,2.0,3.0,06:00,14:00,450,,13:30,21:30,450,F,21:15,06:15,495,F|S,11,10,8,10,30,45,8,38.5,30,0.05,0,2.0.0,20261146
PK-013,2026-11-05,history,-25,Donnerstag,4,45,0,0,,Pflegefachkraft,Pflegefachkraft,EXAM|KARDIO_MONITORING,1.0,38.5,9240,9240,8316,10164,5,2,2,8,1,1,Pflegefachkraft,0,0.0,-1905,9,7,2,2,0,1504,1,,,,,S,0,,0,,5,5,5,0,602,1,5,5,5,0,526,1,3,3,3,0,376,0,ST-ITS1,Intensivstation,12,Intensivmedizin,2.0,3.0,06:00,14:00,450,,13:30,21:30,450,F,21:15,06:15,495,F|S,11,10,8,10,30,45,8,38.5,30,0.05,0,2.0.0,20261146
PK-014,2026-11-05,history,-25,Donnerstag,4,45,0,0,,Pflegefachkraft,Pflegefachkraft,EXAM,1.0,38.5,9240,9240,8316,10164,5,2,2,8,1,1,Pflegefachkraft,0,0.0,-1680,9,7,2,2,0,1504,1,,,,,N,0,,0,,5,5,5,0,602,1,5,5,5,0,526,1,3,3,3,0,376,0,ST-ITS1,Intensivstation,12,Intensivmedizin,2.0,3.0,06:00,14:00,450,,13:30,21:30,450,F,21:15,06:15,495,F|S,11,10,8,10,30,45,8,38.5,30,0.05,0,2.0.0,20261146
PK-015,2026-11-05,history,-25,Donnerstag,4,45,0,0,,Pflegefachkraft,Pflegefachkraft,EXAM|KARDIO_MONITORING,0.5,19.25,4620,4620,4158,5082,5,2,2,8,1,1,Pflegefachkraft,0,0.0,-930,9,7,2,2,0,1504,1,,,,,,0,,0,,5,5,5,0,602,1,5,5,5,0,526,1,3,3,3,0,376,0,ST-ITS1,Intensivstation,12,Intensivmedizin,2.0,3.0,06:00,14:00,450,,13:30,21:30,450,F,21:15,06:15,495,F|S,11,10,8,10,30,45,8,38.5,30,0.05,0,2.0.0,20261146
PK-016,2026-11-05,history,-25,Donnerstag,4,45,0,0,,Pflegefachkraft,Pflegefachkraft,EXAM,0.9,34.65,8316,8316,7484,9148,5,2,2,8,1,1,Pflegefachkraft,0,0.0,1255,9,7,2,2,0,1504,1,,,,,N,0,,0,,5,5,5,0,602,1,5,5,5,0,526,1,3,3,3,0,376,0,ST-ITS1,Intensivstation,12,Intensivmedizin,2.0,3.0,06:00,14:00,450,,13:30,21:30,450,F,21:15,06:15,495,F|S,11,10,8,10,30,45,8,38.5,30,0.05,0,2.0.0,20261146
PK-017,2026-11-05,history,-25,Donnerstag,4,45,0,0,,Pflegefachkraft,Pflegefachkraft,EXAM|KARDIO_MONITORING,1.0,38.5,9240,9240,8316,10164,5,2,2,8,1,1,Pflegefachkraft,0,0.0,-1680,9,7,2,2,0,1504,1,,,,,N,0,,0,,5,5,5,0,602,1,5,5,5,0,526,1,3,3,3,0,376,0,ST-ITS1,Intensivstation,12,Intensivmedizin,2.0,3.0,06:00,14:00,450,,13:30,21:30,450,F,21:15,06:15,495,F|S,11,10,8,10,30,45,8,38.5,30,0.05,0,2.0.0,20261146
PK-018,2026-11-05,history,-25,Donnerstag,4,45,0,0,,Pflegefachkraft,Pflegefachkraft,EXAM|PRAXISANLEITUNG,0.6,23.1,5544,5544,4990,6098,5,2,2,8,1,1,Pflegefachkraft,0,0.0,-909,9,7,2,2,0,1504,1,,,,,F,0,,0,,5,5,5,0,602,1,5,5,5,0,526,1,3,3,3,0,376,0,ST-ITS1,Intensivstation,12,Intensivmedizin,2.0,3.0,06:00,14:00,450,,13:30,21:30,450,F,21:15,06:15,495,F|S,11,10,8,10,30,45,8,38.5,30,0.05,0,2.0.0,20261146
PK-019,2026-11-05,history,-25,Donnerstag,4,45,0,0,,Pflegefachkraft,Pflegefachkraft,EXAM,0.6,23.1,5544,5544,4990,6098,5,2,2,8,1,1,Pflegefachkraft,0,0.0,-954,9,7,2,2,0,1504,1,,,,,F,0,,0,,5,5,5,0,602,1,5,5,5,0,526,1,3,3,3,0,376,0,ST-ITS1,Intensivstation,12,Intensivmedizin,2.0,3.0,06:00,14:00,450,,13:30,21:30,450,F,21:15,06:15,495,F|S,11,10,8,10,30,45,8,38.5,30,0.05,0,2.0.0,20261146
PK-020,2026-11-05,history,-25,Donnerstag,4,45,0,0,,Pflegefachkraft,Pflegefachkraft,EXAM|PRAXISANLEITUNG,0.8,30.8,7392,7392,6653,8131,5,2,2,8,1,1,Pflegefachkraft,0,0.0,-1497,9,7,2,2,0,1504,1,,,,,,0,,0,,5,5,5,0,602,1,5,5,5,0,526,1,3,3,3,0,376,0,ST-ITS1,Intensivstation,12,Intensivmedizin,2.0,3.0,06:00,14:00,450,,13:30,21:30,450,F,21:15,06:15,495,F|S,11,10,8,10,30,45,8,38.5,30,0.05,0,2.0.0,20261146
PK-021,2026-11-05,history,-25,Donnerstag,4,45,0,0,,Pflegefachkraft,Pflegefachkraft,EXAM|PRAXISANLEITUNG,0.5,19.25,4620,4620,4158,5082,5,2,2,8,1,1,Pflegefachkraft,0,0.0,-975,9,7,2,2,0,1504,1,,,,,S,0,,0,,5,5,5,0,602,1,5,5,5,0,526,1,3,3,3,0,376,0,ST-ITS1,Intensivstation,12,Intensivmedizin,2.0,3.0,06:00,14:00,450,,13:30,21:30,450,F,21:15,06:15,495,F|S,11,10,8,10,30,45,8,38.5,30,0.05,0,2.0.0,20261146
PK-022,2026-11-05,history,-25,Donnerstag,4,45,0,0,,Pflegefachkraft,Pflegefachkraft,EXAM,0.7,26.95,6468,6468,5821,7115,5,2,2,8,1,1,Pflegefachkraft,0,0.0,-1473,9,7,2,2,0,1504,1,,,,,,0,,0,,5,5,5,0,602,1,5,5,5,0,526,1,3,3,3,0,376,0,ST-ITS1,Intensivstation,12,Intensivmedizin,2.0,3.0,06:00,14:00,450,,13:30,21:30,450,F,21:15,06:15,495,F|S,11,10,8,10,30,45,8,38.5,30,0.05,0,2.0.0,20261146
PK-023,2026-11-05,history,-25,Donnerstag,4,45,0,0,,Pflegefachkraft,Pflegefachkraft,EXAM,1.0,38.5,9240,9240,8316,10164,5,2,2,8,1,1,Pflegefachkraft,0,0.0,-2040,9,7,2,2,0,1504,1,,,,,S,0,,0,,5,5,5,0,602,1,5,5,5,0,526,1,3,3,3,0,376,0,ST-ITS1,Intensivstation,12,Intensivmedizin,2.0,3.0,06:00,14:00,450,,13:30,21:30,450,F,21:15,06:15,495,F|S,11,10,8,10,30,45,8,38.5,30,0.05,0,2.0.0,20261146
PK-024,2026-11-05,history,-25,Donnerstag,4,45,0,0,,Pflegefachkraft,Pflegefachkraft,EXAM|PRAXISANLEITUNG,1.0,38.5,9240,9240,8316,10164,5,2,2,8,1,1,Pflegefachkraft,0,0.0,-2310,9,7,2,2,0,1504,1,,,,,S,0,,0,,5,5,5,0,602,1,5,5,5,0,526,1,3,3,3,0,376,0,ST-ITS1,Intensivstation,12,Intensivmedizin,2.0,3.0,06:00,14:00,450,,13:30,21:30,450,F,21:15,06:15,495,F|S,11,10,8,10,30,45,8,38.5,30,0.05,0,2.0.0,20261146
PK-025,2026-11-05,history,-25,Donnerstag,4,45,0,0,,Pflegefachkraft,Pflegefachkraft,EXAM,1.0,38.5,9240,9240,8316,10164,5,2,2,8,1,1,Pflegefachkraft,0,0.0,-1680,9,7,2,2,0,1504,1,,,,,,0,,0,,5,5,5,0,602,1,5,5,5,0,526,1,3,3,3,0,376,0,ST-ITS1,Intensivstation,12,Intensivmedizin,2.0,3.0,06:00,14:00,450,,13:30,21:30,450,F,21:15,06:15,495,F|S,11,10,8,10,30,45,8,38.5,30,0.05,0,2.0.0,20261146
AZ-001,2026-11-06,history,-24,Freitag,5,45,0,0,,Auszubildende_r_3_Ausbildungsjahr,Auszubildende,AUSZUBILDEND,1.0,38.5,9240,9240,8316,10164,5,2,2,8,1,0,nicht anrechenbar,0,0.0,-9240,8,8,1,0,0,1164,1,,,,,,0,,0,,4,4,4,0,466,1,4,4,4,0,407,1,3,3,3,0,291,0,ST-ITS1,Intensivstation,12,Intensivmedizin,2.0,3.0,06:00,14:00,450,,13:30,21:30,450,F,21:15,06:15,495,F|S,11,10,8,10,30,45,8,38.5,30,0.05,0,2.0.0,20261146
AZ-002,2026-11-06,history,-24,Freitag,5,45,0,0,,Auszubildende_r_2_Ausbildungsjahr,Auszubildende,AUSZUBILDEND,1.0,38.5,9240,9240,8316,10164,5,2,2,8,1,0,nicht anrechenbar,0,0.0,-9240,8,8,1,0,0,1164,1,,,,,,0,,0,,4,4,4,0,466,1,4,4,4,0,407,1,3,3,3,0,291,0,ST-ITS1,Intensivstation,12,Intensivmedizin,2.0,3.0,06:00,14:00,450,,13:30,21:30,450,F,21:15,06:15,495,F|S,11,10,8,10,30,45,8,38.5,30,0.05,0,2.0.0,20261146
AZ-003,2026-11-06,history,-24,Freitag,5,45,0,0,,Auszubildende_r_1_Ausbildungsjahr,Auszubildende,AUSZUBILDEND,1.0,38.5,9240,9240,8316,10164,5,2,2,0,0,0,nicht anrechenbar,0,0.0,-9240,8,8,1,0,0,1164,1,,,,,,0,,0,,4,4,4,0,466,1,4,4,4,0,407,1,3,3,3,0,291,0,ST-ITS1,Intensivstation,12,Intensivmedizin,2.0,3.0,06:00,14:00,450,,13:30,21:30,450,F,21:15,06:15,495,F|S,11,10,8,10,30,45,8,38.5,30,0.05,0,2.0.0,20261146
PK-001,2026-11-06,history,-24,Freitag,5,45,0,0,,Stationsleitung,Pflegefachkraft,EXAM|LEITUNG|PRAXISANLEITUNG,1.0,38.5,9240,4620,4158,5082,5,2,2,0,0,1,Pflegefachkraft,1,0.5,5814,8,8,1,0,0,1164,0,URLAUB,,,,,0,,0,,4,4,4,0,466,1,4,4,4,0,407,1,3,3,3,0,291,0,ST-ITS1,Intensivstation,12,Intensivmedizin,2.0,3.0,06:00,14:00,450,,13:30,21:30,450,F,21:15,06:15,495,F|S,11,10,8,10,30,45,8,38.5,30,0.05,0,2.0.0,20261146
PK-002,2026-11-06,history,-24,Freitag,5,45,0,0,,Pflegefachkraft,Pflegefachkraft,EXAM|PRAXISANLEITUNG|KARDIO_MONITORING,1.0,38.5,9240,9240,8316,10164,5,2,2,8,1,1,Pflegefachkraft,0,0.0,-1815,8,8,1,0,0,1164,1,,,,,N,0,,0,,4,4,4,0,466,1,4,4,4,0,407,1,3,3,3,0,291,0,ST-ITS1,Intensivstation,12,Intensivmedizin,2.0,3.0,06:00,14:00,450,,13:30,21:30,450,F,21:15,06:15,495,F|S,11,10,8,10,30,45,8,38.5,30,0.05,0,2.0.0,20261146
PK-003,2026-11-06,history,-24,Freitag,5,45,0,0,,Pflegefachkraft,Pflegefachkraft,EXAM,1.0,38.5,9240,9240,8316,10164,5,2,2,8,1,1,Pflegefachkraft,0,0.0,-1815,8,8,1,0,0,1164,1,,,,,N,0,,0,,4,4,4,0,466,1,4,4,4,0,407,1,3,3,3,0,291,0,ST-ITS1,Intensivstation,12,Intensivmedizin,2.0,3.0,06:00,14:00,450,,13:30,21:30,450,F,21:15,06:15,495,F|S,11,10,8,10,30,45,8,38.5,30,0.05,0,2.0.0,20261146
PK-004,2026-11-06,history,-24,Freitag,5,45,0,0,,Pflegefachkraft,Pflegefachkraft,EXAM,1.0,38.5,9240,9240,8316,10164,5,2,2,8,1,1,Pflegefachkraft,0,0.0,-1995,8,8,1,0,0,1164,1,,,,,F,0,,0,,4,4,4,0,466,1,4,4,4,0,407,1,3,3,3,0,291,0,ST-ITS1,Intensivstation,12,Intensivmedizin,2.0,3.0,06:00,14:00,450,,13:30,21:30,450,F,21:15,06:15,495,F|S,11,10,8,10,30,45,8,38.5,30,0.05,0,2.0.0,20261146
PK-005,2026-11-06,history,-24,Freitag,5,45,0,0,,Pflegefachkraft,Pflegefachkraft,EXAM,1.0,38.5,9240,9240,8316,10164,5,2,2,8,1,1,Pflegefachkraft,0,0.0,-1905,8,8,1,0,0,1164,1,,,,,,0,,0,,4,4,4,0,466,1,4,4,4,0,407,1,3,3,3,0,291,0,ST-ITS1,Intensivstation,12,Intensivmedizin,2.0,3.0,06:00,14:00,450,,13:30,21:30,450,F,21:15,06:15,495,F|S,11,10,8,10,30,45,8,38.5,30,0.05,0,2.0.0,20261146
PK-006,2026-11-06,history,-24,Freitag,5,45,0,0,,Pflegefachkraft,Pflegefachkraft,EXAM|PRAXISANLEITUNG|KARDIO_MONITORING,1.0,38.5,9240,9240,8316,10164,5,2,2,8,1,1,Pflegefachkraft,0,0.0,-1905,8,8,1,0,0,1164,1,,,,,,0,,0,,4,4,4,0,466,1,4,4,4,0,407,1,3,3,3,0,291,0,ST-ITS1,Intensivstation,12,Intensivmedizin,2.0,3.0,06:00,14:00,450,,13:30,21:30,450,F,21:15,06:15,495,F|S,11,10,8,10,30,45,8,38.5,30,0.05,0,2.0.0,20261146
PK-007,2026-11-06,history,-24,Freitag,5,45,0,0,,Pflegefachkraft,Pflegefachkraft,EXAM,1.0,38.5,9240,9240,8316,10164,5,2,2,8,1,1,Pflegefachkraft,0,0.0,1104,8,8,1,0,0,1164,1,,,,,F,0,,0,,4,4,4,0,466,1,4,4,4,0,407,1,3,3,3,0,291,0,ST-ITS1,Intensivstation,12,Intensivmedizin,2.0,3.0,06:00,14:00,450,,13:30,21:30,450,F,21:15,06:15,495,F|S,11,10,8,10,30,45,8,38.5,30,0.05,0,2.0.0,20261146
PK-008,2026-11-06,history,-24,Freitag,5,45,0,0,,Pflegefachkraft,Pflegefachkraft,EXAM|KARDIO_MONITORING,1.0,38.5,9240,9240,8316,10164,5,2,2,8,1,1,Pflegefachkraft,0,0.0,-2265,8,8,1,0,0,1164,1,,,,,F,0,,0,,4,4,4,0,466,1,4,4,4,0,407,1,3,3,3,0,291,0,ST-ITS1,Intensivstation,12,Intensivmedizin,2.0,3.0,06:00,14:00,450,,13:30,21:30,450,F,21:15,06:15,495,F|S,11,10,8,10,30,45,8,38.5,30,0.05,0,2.0.0,20261146
PK-009,2026-11-06,history,-24,Freitag,5,45,0,0,,Pflegefachkraft,Pflegefachkraft,EXAM,1.0,38.5,9240,9240,8316,10164,5,2,2,8,1,1,Pflegefachkraft,0,0.0,-1995,8,8,1,0,0,1164,1,,,,,F,0,,0,,4,4,4,0,466,1,4,4,4,0,407,1,3,3,3,0,291,0,ST-ITS1,Intensivstation,12,Intensivmedizin,2.0,3.0,06:00,14:00,450,,13:30,21:30,450,F,21:15,06:15,495,F|S,11,10,8,10,30,45,8,38.5,30,0.05,0,2.0.0,20261146
PK-010,2026-11-06,history,-24,Freitag,5,45,0,0,,Pflegefachkraft,Pflegefachkraft,EXAM|PRAXISANLEITUNG|KARDIO_MONITORING,0.6,23.1,5544,5544,4990,6098,5,2,2,8,1,1,Pflegefachkraft,0,0.0,-999,8,8,1,0,0,1164,1,,,,,,0,,0,,4,4,4,0,466,1,4,4,4,0,407,1,3,3,3,0,291,0,ST-ITS1,Intensivstation,12,Intensivmedizin,2.0,3.0,06:00,14:00,450,,13:30,21:30,450,F,21:15,06:15,495,F|S,11,10,8,10,30,45,8,38.5,30,0.05,0,2.0.0,20261146
PK-011,2026-11-06,history,-24,Freitag,5,45,0,0,,Pflegefachkraft,Pflegefachkraft,EXAM|KARDIO_MONITORING,0.5,19.25,4620,4620,4158,5082,5,2,2,8,1,1,Pflegefachkraft,0,0.0,-1020,8,8,1,0,0,1164,1,,,,,,0,,0,,4,4,4,0,466,1,4,4,4,0,407,1,3,3,3,0,291,0,ST-ITS1,Intensivstation,12,Intensivmedizin,2.0,3.0,06:00,14:00,450,,13:30,21:30,450,F,21:15,06:15,495,F|S,11,10,8,10,30,45,8,38.5,30,0.05,0,2.0.0,20261146
PK-012,2026-11-06,history,-24,Freitag,5,45,0,0,,Pflegefachkraft,Pflegefachkraft,EXAM|KARDIO_MONITORING,0.75,28.88,6931,6931,6238,7624,5,2,2,8,1,1,Pflegefachkraft,0,0.0,-1530,8,8,1,0,0,1164,1,,,,,S,0,,0,,4,4,4,0,466,1,4,4,4,0,407,1,3,3,3,0,291,0,ST-ITS1,Intensivstation,12,Intensivmedizin,2.0,3.0,06:00,14:00,450,,13:30,21:30,450,F,21:15,06:15,495,F|S,11,10,8,10,30,45,8,38.5,30,0.05,0,2.0.0,20261146
PK-013,2026-11-06,history,-24,Freitag,5,45,0,0,,Pflegefachkraft,Pflegefachkraft,EXAM|KARDIO_MONITORING,1.0,38.5,9240,9240,8316,10164,5,2,2,8,1,1,Pflegefachkraft,0,0.0,-1905,8,8,1,0,0,1164,1,,,,,,0,,0,,4,4,4,0,466,1,4,4,4,0,407,1,3,3,3,0,291,0,ST-ITS1,Intensivstation,12,Intensivmedizin,2.0,3.0,06:00,14:00,450,,13:30,21:30,450,F,21:15,06:15,495,F|S,11,10,8,10,30,45,8,38.5,30,0.05,0,2.0.0,20261146
PK-014,2026-11-06,history,-24,Freitag,5,45,0,0,,Pflegefachkraft,Pflegefachkraft,EXAM,1.0,38.5,9240,9240,8316,10164,5,2,2,8,1,1,Pflegefachkraft,0,0.0,-1680,8,8,1,0,0,1164,1,,,,,,0,,0,,4,4,4,0,466,1,4,4,4,0,407,1,3,3,3,0,291,0,ST-ITS1,Intensivstation,12,Intensivmedizin,2.0,3.0,06:00,14:00,450,,13:30,21:30,450,F,21:15,06:15,495,F|S,11,10,8,10,30,45,8,38.5,30,0.05,0,2.0.0,20261146
PK-015,2026-11-06,history,-24,Freitag,5,45,0,0,,Pflegefachkraft,Pflegefachkraft,EXAM|KARDIO_MONITORING,0.5,19.25,4620,4620,4158,5082,5,2,2,8,1,1,Pflegefachkraft,0,0.0,-930,8,8,1,0,0,1164,1,,,,,S,0,,0,,4,4,4,0,466,1,4,4,4,0,407,1,3,3,3,0,291,0,ST-ITS1,Intensivstation,12,Intensivmedizin,2.0,3.0,06:00,14:00,450,,13:30,21:30,450,F,21:15,06:15,495,F|S,11,10,8,10,30,45,8,38.5,30,0.05,0,2.0.0,20261146
PK-016,2026-11-06,history,-24,Freitag,5,45,0,0,,Pflegefachkraft,Pflegefachkraft,EXAM,0.9,34.65,8316,8316,7484,9148,5,2,2,8,1,1,Pflegefachkraft,0,0.0,1255,8,8,1,0,0,1164,0,URLAUB,,,,,0,,0,,4,4,4,0,466,1,4,4,4,0,407,1,3,3,3,0,291,0,ST-ITS1,Intensivstation,12,Intensivmedizin,2.0,3.0,06:00,14:00,450,,13:30,21:30,450,F,21:15,06:15,495,F|S,11,10,8,10,30,45,8,38.5,30,0.05,0,2.0.0,20261146
PK-017,2026-11-06,history,-24,Freitag,5,45,0,0,,Pflegefachkraft,Pflegefachkraft,EXAM|KARDIO_MONITORING,1.0,38.5,9240,9240,8316,10164,5,2,2,8,1,1,Pflegefachkraft,0,0.0,-1680,8,8,1,0,0,1164,1,,,,,,0,,0,,4,4,4,0,466,1,4,4,4,0,407,1,3,3,3,0,291,0,ST-ITS1,Intensivstation,12,Intensivmedizin,2.0,3.0,06:00,14:00,450,,13:30,21:30,450,F,21:15,06:15,495,F|S,11,10,8,10,30,45,8,38.5,30,0.05,0,2.0.0,20261146
PK-018,2026-11-06,history,-24,Freitag,5,45,0,0,,Pflegefachkraft,Pflegefachkraft,EXAM|PRAXISANLEITUNG,0.6,23.1,5544,5544,4990,6098,5,2,2,8,1,1,Pflegefachkraft,0,0.0,-909,8,8,1,0,0,1164,1,,,,,,0,,0,,4,4,4,0,466,1,4,4,4,0,407,1,3,3,3,0,291,0,ST-ITS1,Intensivstation,12,Intensivmedizin,2.0,3.0,06:00,14:00,450,,13:30,21:30,450,F,21:15,06:15,495,F|S,11,10,8,10,30,45,8,38.5,30,0.05,0,2.0.0,20261146
PK-019,2026-11-06,history,-24,Freitag,5,45,0,0,,Pflegefachkraft,Pflegefachkraft,EXAM,0.6,23.1,5544,5544,4990,6098,5,2,2,8,1,1,Pflegefachkraft,0,0.0,-954,8,8,1,0,0,1164,1,,,,,,0,,0,,4,4,4,0,466,1,4,4,4,0,407,1,3,3,3,0,291,0,ST-ITS1,Intensivstation,12,Intensivmedizin,2.0,3.0,06:00,14:00,450,,13:30,21:30,450,F,21:15,06:15,495,F|S,11,10,8,10,30,45,8,38.5,30,0.05,0,2.0.0,20261146
PK-020,2026-11-06,history,-24,Freitag,5,45,0,0,,Pflegefachkraft,Pflegefachkraft,EXAM|PRAXISANLEITUNG,0.8,30.8,7392,7392,6653,8131,5,2,2,8,1,1,Pflegefachkraft,0,0.0,-1497,8,8,1,0,0,1164,1,,,,,S,0,,0,,4,4,4,0,466,1,4,4,4,0,407,1,3,3,3,0,291,0,ST-ITS1,Intensivstation,12,Intensivmedizin,2.0,3.0,06:00,14:00,450,,13:30,21:30,450,F,21:15,06:15,495,F|S,11,10,8,10,30,45,8,38.5,30,0.05,0,2.0.0,20261146
PK-021,2026-11-06,history,-24,Freitag,5,45,0,0,,Pflegefachkraft,Pflegefachkraft,EXAM|PRAXISANLEITUNG,0.5,19.25,4620,4620,4158,5082,5,2,2,8,1,1,Pflegefachkraft,0,0.0,-975,8,8,1,0,0,1164,1,,,,,,0,,0,,4,4,4,0,466,1,4,4,4,0,407,1,3,3,3,0,291,0,ST-ITS1,Intensivstation,12,Intensivmedizin,2.0,3.0,06:00,14:00,450,,13:30,21:30,450,F,21:15,06:15,495,F|S,11,10,8,10,30,45,8,38.5,30,0.05,0,2.0.0,20261146
PK-022,2026-11-06,history,-24,Freitag,5,45,0,0,,Pflegefachkraft,Pflegefachkraft,EXAM,0.7,26.95,6468,6468,5821,7115,5,2,2,8,1,1,Pflegefachkraft,0,0.0,-1473,8,8,1,0,0,1164,1,,,,,S,0,,0,,4,4,4,0,466,1,4,4,4,0,407,1,3,3,3,0,291,0,ST-ITS1,Intensivstation,12,Intensivmedizin,2.0,3.0,06:00,14:00,450,,13:30,21:30,450,F,21:15,06:15,495,F|S,11,10,8,10,30,45,8,38.5,30,0.05,0,2.0.0,20261146
PK-023,2026-11-06,history,-24,Freitag,5,45,0,0,,Pflegefachkraft,Pflegefachkraft,EXAM,1.0,38.5,9240,9240,8316,10164,5,2,2,8,1,1,Pflegefachkraft,0,0.0,-2040,8,8,1,0,0,1164,1,,,,,,0,,0,,4,4,4,0,466,1,4,4,4,0,407,1,3,3,3,0,291,0,ST-ITS1,Intensivstation,12,Intensivmedizin,2.0,3.0,06:00,14:00,450,,13:30,21:30,450,F,21:15,06:15,495,F|S,11,10,8,10,30,45,8,38.5,30,0.05,0,2.0.0,20261146
PK-024,2026-11-06,history,-24,Freitag,5,45,0,0,,Pflegefachkraft,Pflegefachkraft,EXAM|PRAXISANLEITUNG,1.0,38.5,9240,9240,8316,10164,5,2,2,8,1,1,Pflegefachkraft,0,0.0,-2310,8,8,1,0,0,1164,1,,,,,,0,,0,,4,4,4,0,466,1,4,4,4,0,407,1,3,3,3,0,291,0,ST-ITS1,Intensivstation,12,Intensivmedizin,2.0,3.0,06:00,14:00,450,,13:30,21:30,450,F,21:15,06:15,495,F|S,11,10,8,10,30,45,8,38.5,30,0.05,0,2.0.0,20261146
PK-025,2026-11-06,history,-24,Freitag,5,45,0,0,,Pflegefachkraft,Pflegefachkraft,EXAM,1.0,38.5,9240,9240,8316,10164,5,2,2,8,1,1,Pflegefachkraft,0,0.0,-1680,8,8,1,0,0,1164,1,,,,,N,0,,0,,4,4,4,0,466,1,4,4,4,0,407,1,3,3,3,0,291,0,ST-ITS1,Intensivstation,12,Intensivmedizin,2.0,3.0,06:00,14:00,450,,13:30,21:30,450,F,21:15,06:15,495,F|S,11,10,8,10,30,45,8,38.5,30,0.05,0,2.0.0,20261146
AZ-001,2026-11-07,history,-23,Samstag,6,45,1,0,,Auszubildende_r_3_Ausbildungsjahr,Auszubildende,AUSZUBILDEND,1.0,38.5,9240,9240,8316,10164,5,2,2,8,1,0,nicht anrechenbar,0,0.0,-9240,8,7,0,2,0,1400,1,,,,,,0,,0,,4,4,4,0,560,1,4,4,4,0,490,1,3,3,3,0,350,0,ST-ITS1,Intensivstation,12,Intensivmedizin,2.0,3.0,06:00,14:00,450,,13:30,21:30,450,F,21:15,06:15,495,F|S,11,10,8,10,30,45,8,38.5,30,0.05,0,2.0.0,20261146
AZ-002,2026-11-07,history,-23,Samstag,6,45,1,0,,Auszubildende_r_2_Ausbildungsjahr,Auszubildende,AUSZUBILDEND,1.0,38.5,9240,9240,8316,10164,5,2,2,8,1,0,nicht anrechenbar,0,0.0,-9240,8,7,0,2,0,1400,1,,,,,,0,,0,,4,4,4,0,560,1,4,4,4,0,490,1,3,3,3,0,350,0,ST-ITS1,Intensivstation,12,Intensivmedizin,2.0,3.0,06:00,14:00,450,,13:30,21:30,450,F,21:15,06:15,495,F|S,11,10,8,10,30,45,8,38.5,30,0.05,0,2.0.0,20261146
AZ-003,2026-11-07,history,-23,Samstag,6,45,1,0,,Auszubildende_r_1_Ausbildungsjahr,Auszubildende,AUSZUBILDEND,1.0,38.5,9240,9240,8316,10164,5,2,2,0,0,0,nicht anrechenbar,0,0.0,-9240,8,7,0,2,0,1400,1,,,,,,0,,0,,4,4,4,0,560,1,4,4,4,0,490,1,3,3,3,0,350,0,ST-ITS1,Intensivstation,12,Intensivmedizin,2.0,3.0,06:00,14:00,450,,13:30,21:30,450,F,21:15,06:15,495,F|S,11,10,8,10,30,45,8,38.5,30,0.05,0,2.0.0,20261146
PK-001,2026-11-07,history,-23,Samstag,6,45,1,0,,Stationsleitung,Pflegefachkraft,EXAM|LEITUNG|PRAXISANLEITUNG,1.0,38.5,9240,4620,4158,5082,5,2,2,0,0,1,Pflegefachkraft,1,0.5,5814,8,7,0,2,0,1400,0,URLAUB,,,,,0,,0,,4,4,4,0,560,1,4,4,4,0,490,1,3,3,3,0,350,0,ST-ITS1,Intensivstation,12,Intensivmedizin,2.0,3.0,06:00,14:00,450,,13:30,21:30,450,F,21:15,06:15,495,F|S,11,10,8,10,30,45,8,38.5,30,0.05,0,2.0.0,20261146
PK-002,2026-11-07,history,-23,Samstag,6,45,1,0,,Pflegefachkraft,Pflegefachkraft,EXAM|PRAXISANLEITUNG|KARDIO_MONITORING,1.0,38.5,9240,9240,8316,10164,5,2,2,8,1,1,Pflegefachkraft,0,0.0,-1815,8,7,0,2,0,1400,1,,,,,,0,,0,,4,4,4,0,560,1,4,4,4,0,490,1,3,3,3,0,350,0,ST-ITS1,Intensivstation,12,Intensivmedizin,2.0,3.0,06:00,14:00,450,,13:30,21:30,450,F,21:15,06:15,495,F|S,11,10,8,10,30,45,8,38.5,30,0.05,0,2.0.0,20261146
PK-003,2026-11-07,history,-23,Samstag,6,45,1,0,,Pflegefachkraft,Pflegefachkraft,EXAM,1.0,38.5,9240,9240,8316,10164,5,2,2,8,1,1,Pflegefachkraft,0,0.0,-1815,8,7,0,2,0,1400,1,,,,,,0,,0,,4,4,4,0,560,1,4,4,4,0,490,1,3,3,3,0,350,0,ST-ITS1,Intensivstation,12,Intensivmedizin,2.0,3.0,06:00,14:00,450,,13:30,21:30,450,F,21:15,06:15,495,F|S,11,10,8,10,30,45,8,38.5,30,0.05,0,2.0.0,20261146
PK-004,2026-11-07,history,-23,Samstag,6,45,1,0,,Pflegefachkraft,Pflegefachkraft,EXAM,1.0,38.5,9240,9240,8316,10164,5,2,2,8,1,1,Pflegefachkraft,0,0.0,-1995,8,7,0,2,0,1400,1,,,,,S,0,,0,,4,4,4,0,560,1,4,4,4,0,490,1,3,3,3,0,350,0,ST-ITS1,Intensivstation,12,Intensivmedizin,2.0,3.0,06:00,14:00,450,,13:30,21:30,450,F,21:15,06:15,495,F|S,11,10,8,10,30,45,8,38.5,30,0.05,0,2.0.0,20261146
PK-005,2026-11-07,history,-23,Samstag,6,45,1,0,,Pflegefachkraft,Pflegefachkraft,EXAM,1.0,38.5,9240,9240,8316,10164,5,2,2,8,1,1,Pflegefachkraft,0,0.0,-1905,8,7,0,2,0,1400,1,,,,,N,0,,0,,4,4,4,0,560,1,4,4,4,0,490,1,3,3,3,0,350,0,ST-ITS1,Intensivstation,12,Intensivmedizin,2.0,3.0,06:00,14:00,450,,13:30,21:30,450,F,21:15,06:15,495,F|S,11,10,8,10,30,45,8,38.5,30,0.05,0,2.0.0,20261146
PK-006,2026-11-07,history,-23,Samstag,6,45,1,0,,Pflegefachkraft,Pflegefachkraft,EXAM|PRAXISANLEITUNG|KARDIO_MONITORING,1.0,38.5,9240,9240,8316,10164,5,2,2,8,1,1,Pflegefachkraft,0,0.0,-1905,8,7,0,2,0,1400,1,,,,,F,0,,0,,4,4,4,0,560,1,4,4,4,0,490,1,3,3,3,0,350,0,ST-ITS1,Intensivstation,12,Intensivmedizin,2.0,3.0,06:00,14:00,450,,13:30,21:30,450,F,21:15,06:15,495,F|S,11,10,8,10,30,45,8,38.5,30,0.05,0,2.0.0,20261146
PK-007,2026-11-07,history,-23,Samstag,6,45,1,0,,Pflegefachkraft,Pflegefachkraft,EXAM,1.0,38.5,9240,9240,8316,10164,5,2,2,8,1,1,Pflegefachkraft,0,0.0,1104,8,7,0,2,0,1400,1,,,,,S,0,,0,,4,4,4,0,560,1,4,4,4,0,490,1,3,3,3,0,350,0,ST-ITS1,Intensivstation,12,Intensivmedizin,2.0,3.0,06:00,14:00,450,,13:30,21:30,450,F,21:15,06:15,495,F|S,11,10,8,10,30,45,8,38.5,30,0.05,0,2.0.0,20261146
PK-008,2026-11-07,history,-23,Samstag,6,45,1,0,,Pflegefachkraft,Pflegefachkraft,EXAM|KARDIO_MONITORING,1.0,38.5,9240,9240,8316,10164,5,2,2,8,1,1,Pflegefachkraft,0,0.0,-2265,8,7,0,2,0,1400,1,,,,,S,0,,0,,4,4,4,0,560,1,4,4,4,0,490,1,3,3,3,0,350,0,ST-ITS1,Intensivstation,12,Intensivmedizin,2.0,3.0,06:00,14:00,450,,13:30,21:30,450,F,21:15,06:15,495,F|S,11,10,8,10,30,45,8,38.5,30,0.05,0,2.0.0,20261146
PK-009,2026-11-07,history,-23,Samstag,6,45,1,0,,Pflegefachkraft,Pflegefachkraft,EXAM,1.0,38.5,9240,9240,8316,10164,5,2,2,8,1,1,Pflegefachkraft,0,0.0,-1995,8,7,0,2,0,1400,1,,,,,S,0,,0,,4,4,4,0,560,1,4,4,4,0,490,1,3,3,3,0,350,0,ST-ITS1,Intensivstation,12,Intensivmedizin,2.0,3.0,06:00,14:00,450,,13:30,21:30,450,F,21:15,06:15,495,F|S,11,10,8,10,30,45,8,38.5,30,0.05,0,2.0.0,20261146
PK-010,2026-11-07,history,-23,Samstag,6,45,1,0,,Pflegefachkraft,Pflegefachkraft,EXAM|PRAXISANLEITUNG|KARDIO_MONITORING,0.6,23.1,5544,5544,4990,6098,5,2,2,8,1,1,Pflegefachkraft,0,0.0,-999,8,7,0,2,0,1400,1,,,,,,0,,0,,4,4,4,0,560,1,4,4,4,0,490,1,3,3,3,0,350,0,ST-ITS1,Intensivstation,12,Intensivmedizin,2.0,3.0,06:00,14:00,450,,13:30,21:30,450,F,21:15,06:15,495,F|S,11,10,8,10,30,45,8,38.5,30,0.05,0,2.0.0,20261146
PK-011,2026-11-07,history,-23,Samstag,6,45,1,0,,Pflegefachkraft,Pflegefachkraft,EXAM|KARDIO_MONITORING,0.5,19.25,4620,4620,4158,5082,5,2,2,8,1,1,Pflegefachkraft,0,0.0,-1020,8,7,0,2,0,1400,1,,,,,,0,,0,,4,4,4,0,560,1,4,4,4,0,490,1,3,3,3,0,350,0,ST-ITS1,Intensivstation,12,Intensivmedizin,2.0,3.0,06:00,14:00,450,,13:30,21:30,450,F,21:15,06:15,495,F|S,11,10,8,10,30,45,8,38.5,30,0.05,0,2.0.0,20261146
PK-012,2026-11-07,history,-23,Samstag,6,45,1,0,,Pflegefachkraft,Pflegefachkraft,EXAM|KARDIO_MONITORING,0.75,28.88,6931,6931,6238,7624,5,2,2,8,1,1,Pflegefachkraft,0,0.0,-1530,8,7,0,2,0,1400,1,,,,,,0,,0,,4,4,4,0,560,1,4,4,4,0,490,1,3,3,3,0,350,0,ST-ITS1,Intensivstation,12,Intensivmedizin,2.0,3.0,06:00,14:00,450,,13:30,21:30,450,F,21:15,06:15,495,F|S,11,10,8,10,30,45,8,38.5,30,0.05,0,2.0.0,20261146
PK-013,2026-11-07,history,-23,Samstag,6,45,1,0,,Pflegefachkraft,Pflegefachkraft,EXAM|KARDIO_MONITORING,1.0,38.5,9240,9240,8316,10164,5,2,2,8,1,1,Pflegefachkraft,0,0.0,-1905,8,7,0,2,0,1400,1,,,,,F,0,,0,,4,4,4,0,560,1,4,4,4,0,490,1,3,3,3,0,350,0,ST-ITS1,Intensivstation,12,Intensivmedizin,2.0,3.0,06:00,14:00,450,,13:30,21:30,450,F,21:15,06:15,495,F|S,11,10,8,10,30,45,8,38.5,30,0.05,0,2.0.0,20261146
PK-014,2026-11-07,history,-23,Samstag,6,45,1,0,,Pflegefachkraft,Pflegefachkraft,EXAM,1.0,38.5,9240,9240,8316,10164,5,2,2,8,1,1,Pflegefachkraft,0,0.0,-1680,8,7,0,2,0,1400,1,,,,,N,0,,0,,4,4,4,0,560,1,4,4,4,0,490,1,3,3,3,0,350,0,ST-ITS1,Intensivstation,12,Intensivmedizin,2.0,3.0,06:00,14:00,450,,13:30,21:30,450,F,21:15,06:15,495,F|S,11,10,8,10,30,45,8,38.5,30,0.05,0,2.0.0,20261146
PK-015,2026-11-07,history,-23,Samstag,6,45,1,0,,Pflegefachkraft,Pflegefachkraft,EXAM|KARDIO_MONITORING,0.5,19.25,4620,4620,4158,5082,5,2,2,8,1,1,Pflegefachkraft,0,0.0,-930,8,7,0,2,0,1400,1,,,,,,0,,0,,4,4,4,0,560,1,4,4,4,0,490,1,3,3,3,0,350,0,ST-ITS1,Intensivstation,12,Intensivmedizin,2.0,3.0,06:00,14:00,450,,13:30,21:30,450,F,21:15,06:15,495,F|S,11,10,8,10,30,45,8,38.5,30,0.05,0,2.0.0,20261146
PK-016,2026-11-07,history,-23,Samstag,6,45,1,0,,Pflegefachkraft,Pflegefachkraft,EXAM,0.9,34.65,8316,8316,7484,9148,5,2,2,8,1,1,Pflegefachkraft,0,0.0,1255,8,7,0,2,0,1400,0,URLAUB,,,,,0,,0,,4,4,4,0,560,1,4,4,4,0,490,1,3,3,3,0,350,0,ST-ITS1,Intensivstation,12,Intensivmedizin,2.0,3.0,06:00,14:00,450,,13:30,21:30,450,F,21:15,06:15,495,F|S,11,10,8,10,30,45,8,38.5,30,0.05,0,2.0.0,20261146
PK-017,2026-11-07,history,-23,Samstag,6,45,1,0,,Pflegefachkraft,Pflegefachkraft,EXAM|KARDIO_MONITORING,1.0,38.5,9240,9240,8316,10164,5,2,2,8,1,1,Pflegefachkraft,0,0.0,-1680,8,7,0,2,0,1400,1,,,,,N,0,,0,,4,4,4,0,560,1,4,4,4,0,490,1,3,3,3,0,350,0,ST-ITS1,Intensivstation,12,Intensivmedizin,2.0,3.0,06:00,14:00,450,,13:30,21:30,450,F,21:15,06:15,495,F|S,11,10,8,10,30,45,8,38.5,30,0.05,0,2.0.0,20261146
PK-018,2026-11-07,history,-23,Samstag,6,45,1,0,,Pflegefachkraft,Pflegefachkraft,EXAM|PRAXISANLEITUNG,0.6,23.1,5544,5544,4990,6098,5,2,2,8,1,1,Pflegefachkraft,0,0.0,-909,8,7,0,2,0,1400,1,,,,,,0,,0,,4,4,4,0,560,1,4,4,4,0,490,1,3,3,3,0,350,0,ST-ITS1,Intensivstation,12,Intensivmedizin,2.0,3.0,06:00,14:00,450,,13:30,21:30,450,F,21:15,06:15,495,F|S,11,10,8,10,30,45,8,38.5,30,0.05,0,2.0.0,20261146
PK-019,2026-11-07,history,-23,Samstag,6,45,1,0,,Pflegefachkraft,Pflegefachkraft,EXAM,0.6,23.1,5544,5544,4990,6098,5,2,2,8,1,1,Pflegefachkraft,0,0.0,-954,8,7,0,2,0,1400,1,,,,,,0,,0,,4,4,4,0,560,1,4,4,4,0,490,1,3,3,3,0,350,0,ST-ITS1,Intensivstation,12,Intensivmedizin,2.0,3.0,06:00,14:00,450,,13:30,21:30,450,F,21:15,06:15,495,F|S,11,10,8,10,30,45,8,38.5,30,0.05,0,2.0.0,20261146
PK-020,2026-11-07,history,-23,Samstag,6,45,1,0,,Pflegefachkraft,Pflegefachkraft,EXAM|PRAXISANLEITUNG,0.8,30.8,7392,7392,6653,8131,5,2,2,8,1,1,Pflegefachkraft,0,0.0,-1497,8,7,0,2,0,1400,1,,,,,,0,,0,,4,4,4,0,560,1,4,4,4,0,490,1,3,3,3,0,350,0,ST-ITS1,Intensivstation,12,Intensivmedizin,2.0,3.0,06:00,14:00,450,,13:30,21:30,450,F,21:15,06:15,495,F|S,11,10,8,10,30,45,8,38.5,30,0.05,0,2.0.0,20261146
PK-021,2026-11-07,history,-23,Samstag,6,45,1,0,,Pflegefachkraft,Pflegefachkraft,EXAM|PRAXISANLEITUNG,0.5,19.25,4620,4620,4158,5082,5,2,2,8,1,1,Pflegefachkraft,0,0.0,-975,8,7,0,2,0,1400,1,,,,,,0,,0,,4,4,4,0,560,1,4,4,4,0,490,1,3,3,3,0,350,0,ST-ITS1,Intensivstation,12,Intensivmedizin,2.0,3.0,06:00,14:00,450,,13:30,21:30,450,F,21:15,06:15,495,F|S,11,10,8,10,30,45,8,38.5,30,0.05,0,2.0.0,20261146
PK-022,2026-11-07,history,-23,Samstag,6,45,1,0,,Pflegefachkraft,Pflegefachkraft,EXAM,0.7,26.95,6468,6468,5821,7115,5,2,2,8,1,1,Pflegefachkraft,0,0.0,-1473,8,7,0,2,0,1400,1,,,,,,0,,0,,4,4,4,0,560,1,4,4,4,0,490,1,3,3,3,0,350,0,ST-ITS1,Intensivstation,12,Intensivmedizin,2.0,3.0,06:00,14:00,450,,13:30,21:30,450,F,21:15,06:15,495,F|S,11,10,8,10,30,45,8,38.5,30,0.05,0,2.0.0,20261146
PK-023,2026-11-07,history,-23,Samstag,6,45,1,0,,Pflegefachkraft,Pflegefachkraft,EXAM,1.0,38.5,9240,9240,8316,10164,5,2,2,8,1,1,Pflegefachkraft,0,0.0,-2040,8,7,0,2,0,1400,1,,,,,F,0,,0,,4,4,4,0,560,1,4,4,4,0,490,1,3,3,3,0,350,0,ST-ITS1,Intensivstation,12,Intensivmedizin,2.0,3.0,06:00,14:00,450,,13:30,21:30,450,F,21:15,06:15,495,F|S,11,10,8,10,30,45,8,38.5,30,0.05,0,2.0.0,20261146
PK-024,2026-11-07,history,-23,Samstag,6,45,1,0,,Pflegefachkraft,Pflegefachkraft,EXAM|PRAXISANLEITUNG,1.0,38.5,9240,9240,8316,10164,5,2,2,8,1,1,Pflegefachkraft,0,0.0,-2310,8,7,0,2,0,1400,1,,,,,F,0,,0,,4,4,4,0,560,1,4,4,4,0,490,1,3,3,3,0,350,0,ST-ITS1,Intensivstation,12,Intensivmedizin,2.0,3.0,06:00,14:00,450,,13:30,21:30,450,F,21:15,06:15,495,F|S,11,10,8,10,30,45,8,38.5,30,0.05,0,2.0.0,20261146
PK-025,2026-11-07,history,-23,Samstag,6,45,1,0,,Pflegefachkraft,Pflegefachkraft,EXAM,1.0,38.5,9240,9240,8316,10164,5,2,2,8,1,1,Pflegefachkraft,0,0.0,-1680,8,7,0,2,0,1400,1,,,,,,0,,0,,4,4,4,0,560,1,4,4,4,0,490,1,3,3,3,0,350,0,ST-ITS1,Intensivstation,12,Intensivmedizin,2.0,3.0,06:00,14:00,450,,13:30,21:30,450,F,21:15,06:15,495,F|S,11,10,8,10,30,45,8,38.5,30,0.05,0,2.0.0,20261146
AZ-001,2026-11-08,history,-22,Sonntag,7,45,1,0,,Auszubildende_r_3_Ausbildungsjahr,Auszubildende,AUSZUBILDEND,1.0,38.5,9240,9240,8316,10164,5,2,2,8,1,0,nicht anrechenbar,0,0.0,-9240,8,7,1,0,0,1477,1,,,,,,0,,0,,4,4,4,0,591,1,4,4,4,0,517,1,3,3,3,0,369,0,ST-ITS1,Intensivstation,12,Intensivmedizin,2.0,3.0,06:00,14:00,450,,13:30,21:30,450,F,21:15,06:15,495,F|S,11,10,8,10,30,45,8,38.5,30,0.05,0,2.0.0,20261146
AZ-002,2026-11-08,history,-22,Sonntag,7,45,1,0,,Auszubildende_r_2_Ausbildungsjahr,Auszubildende,AUSZUBILDEND,1.0,38.5,9240,9240,8316,10164,5,2,2,8,1,0,nicht anrechenbar,0,0.0,-9240,8,7,1,0,0,1477,1,,,,,,0,,0,,4,4,4,0,591,1,4,4,4,0,517,1,3,3,3,0,369,0,ST-ITS1,Intensivstation,12,Intensivmedizin,2.0,3.0,06:00,14:00,450,,13:30,21:30,450,F,21:15,06:15,495,F|S,11,10,8,10,30,45,8,38.5,30,0.05,0,2.0.0,20261146
AZ-003,2026-11-08,history,-22,Sonntag,7,45,1,0,,Auszubildende_r_1_Ausbildungsjahr,Auszubildende,AUSZUBILDEND,1.0,38.5,9240,9240,8316,10164,5,2,2,0,0,0,nicht anrechenbar,0,0.0,-9240,8,7,1,0,0,1477,1,,,,,,0,,0,,4,4,4,0,591,1,4,4,4,0,517,1,3,3,3,0,369,0,ST-ITS1,Intensivstation,12,Intensivmedizin,2.0,3.0,06:00,14:00,450,,13:30,21:30,450,F,21:15,06:15,495,F|S,11,10,8,10,30,45,8,38.5,30,0.05,0,2.0.0,20261146
PK-001,2026-11-08,history,-22,Sonntag,7,45,1,0,,Stationsleitung,Pflegefachkraft,EXAM|LEITUNG|PRAXISANLEITUNG,1.0,38.5,9240,4620,4158,5082,5,2,2,0,0,1,Pflegefachkraft,1,0.5,5814,8,7,1,0,0,1477,0,URLAUB,,,,,0,,0,,4,4,4,0,591,1,4,4,4,0,517,1,3,3,3,0,369,0,ST-ITS1,Intensivstation,12,Intensivmedizin,2.0,3.0,06:00,14:00,450,,13:30,21:30,450,F,21:15,06:15,495,F|S,11,10,8,10,30,45,8,38.5,30,0.05,0,2.0.0,20261146
PK-002,2026-11-08,history,-22,Sonntag,7,45,1,0,,Pflegefachkraft,Pflegefachkraft,EXAM|PRAXISANLEITUNG|KARDIO_MONITORING,1.0,38.5,9240,9240,8316,10164,5,2,2,8,1,1,Pflegefachkraft,0,0.0,-1815,8,7,1,0,0,1477,1,,,,,N,0,,0,,4,4,4,0,591,1,4,4,4,0,517,1,3,3,3,0,369,0,ST-ITS1,Intensivstation,12,Intensivmedizin,2.0,3.0,06:00,14:00,450,,13:30,21:30,450,F,21:15,06:15,495,F|S,11,10,8,10,30,45,8,38.5,30,0.05,0,2.0.0,20261146
PK-003,2026-11-08,history,-22,Sonntag,7,45,1,0,,Pflegefachkraft,Pflegefachkraft,EXAM,1.0,38.5,9240,9240,8316,10164,5,2,2,8,1,1,Pflegefachkraft,0,0.0,-1815,8,7,1,0,0,1477,1,,,,,N,0,,0,,4,4,4,0,591,1,4,4,4,0,517,1,3,3,3,0,369,0,ST-ITS1,Intensivstation,12,Intensivmedizin,2.0,3.0,06:00,14:00,450,,13:30,21:30,450,F,21:15,06:15,495,F|S,11,10,8,10,30,45,8,38.5,30,0.05,0,2.0.0,20261146
PK-004,2026-11-08,history,-22,Sonntag,7,45,1,0,,Pflegefachkraft,Pflegefachkraft,EXAM,1.0,38.5,9240,9240,8316,10164,5,2,2,8,1,1,Pflegefachkraft,0,0.0,-1995,8,7,1,0,0,1477,1,,,,,,0,,0,,4,4,4,0,591,1,4,4,4,0,517,1,3,3,3,0,369,0,ST-ITS1,Intensivstation,12,Intensivmedizin,2.0,3.0,06:00,14:00,450,,13:30,21:30,450,F,21:15,06:15,495,F|S,11,10,8,10,30,45,8,38.5,30,0.05,0,2.0.0,20261146
PK-005,2026-11-08,history,-22,Sonntag,7,45,1,0,,Pflegefachkraft,Pflegefachkraft,EXAM,1.0,38.5,9240,9240,8316,10164,5,2,2,8,1,1,Pflegefachkraft,0,0.0,-1905,8,7,1,0,0,1477,1,,,,,,0,,0,,4,4,4,0,591,1,4,4,4,0,517,1,3,3,3,0,369,0,ST-ITS1,Intensivstation,12,Intensivmedizin,2.0,3.0,06:00,14:00,450,,13:30,21:30,450,F,21:15,06:15,495,F|S,11,10,8,10,30,45,8,38.5,30,0.05,0,2.0.0,20261146
PK-006,2026-11-08,history,-22,Sonntag,7,45,1,0,,Pflegefachkraft,Pflegefachkraft,EXAM|PRAXISANLEITUNG|KARDIO_MONITORING,1.0,38.5,9240,9240,8316,10164,5,2,2,8,1,1,Pflegefachkraft,0,0.0,-1905,8,7,1,0,0,1477,1,,,,,S,0,,0,,4,4,4,0,591,1,4,4,4,0,517,1,3,3,3,0,369,0,ST-ITS1,Intensivstation,12,Intensivmedizin,2.0,3.0,06:00,14:00,450,,13:30,21:30,450,F,21:15,06:15,495,F|S,11,10,8,10,30,45,8,38.5,30,0.05,0,2.0.0,20261146
PK-007,2026-11-08,history,-22,Sonntag,7,45,1,0,,Pflegefachkraft,Pflegefachkraft,EXAM,1.0,38.5,9240,9240,8316,10164,5,2,2,8,1,1,Pflegefachkraft,0,0.0,1104,8,7,1,0,0,1477,1,,,,,,0,,0,,4,4,4,0,591,1,4,4,4,0,517,1,3,3,3,0,369,0,ST-ITS1,Intensivstation,12,Intensivmedizin,2.0,3.0,06:00,14:00,450,,13:30,21:30,450,F,21:15,06:15,495,F|S,11,10,8,10,30,45,8,38.5,30,0.05,0,2.0.0,20261146
PK-008,2026-11-08,history,-22,Sonntag,7,45,1,0,,Pflegefachkraft,Pflegefachkraft,EXAM|KARDIO_MONITORING,1.0,38.5,9240,9240,8316,10164,5,2,2,8,1,1,Pflegefachkraft,0,0.0,-2265,8,7,1,0,0,1477,1,,,,,,0,,0,,4,4,4,0,591,1,4,4,4,0,517,1,3,3,3,0,369,0,ST-ITS1,Intensivstation,12,Intensivmedizin,2.0,3.0,06:00,14:00,450,,13:30,21:30,450,F,21:15,06:15,495,F|S,11,10,8,10,30,45,8,38.5,30,0.05,0,2.0.0,20261146
PK-009,2026-11-08,history,-22,Sonntag,7,45,1,0,,Pflegefachkraft,Pflegefachkraft,EXAM,1.0,38.5,9240,9240,8316,10164,5,2,2,8,1,1,Pflegefachkraft,0,0.0,-1995,8,7,1,0,0,1477,1,,,,,,0,,0,,4,4,4,0,591,1,4,4,4,0,517,1,3,3,3,0,369,0,ST-ITS1,Intensivstation,12,Intensivmedizin,2.0,3.0,06:00,14:00,450,,13:30,21:30,450,F,21:15,06:15,495,F|S,11,10,8,10,30,45,8,38.5,30,0.05,0,2.0.0,20261146
PK-010,2026-11-08,history,-22,Sonntag,7,45,1,0,,Pflegefachkraft,Pflegefachkraft,EXAM|PRAXISANLEITUNG|KARDIO_MONITORING,0.6,23.1,5544,5544,4990,6098,5,2,2,8,1,1,Pflegefachkraft,0,0.0,-999,8,7,1,0,0,1477,1,,,,,F,0,,0,,4,4,4,0,591,1,4,4,4,0,517,1,3,3,3,0,369,0,ST-ITS1,Intensivstation,12,Intensivmedizin,2.0,3.0,06:00,14:00,450,,13:30,21:30,450,F,21:15,06:15,495,F|S,11,10,8,10,30,45,8,38.5,30,0.05,0,2.0.0,20261146
PK-011,2026-11-08,history,-22,Sonntag,7,45,1,0,,Pflegefachkraft,Pflegefachkraft,EXAM|KARDIO_MONITORING,0.5,19.25,4620,4620,4158,5082,5,2,2,8,1,1,Pflegefachkraft,0,0.0,-1020,8,7,1,0,0,1477,1,,,,,S,0,,0,,4,4,4,0,591,1,4,4,4,0,517,1,3,3,3,0,369,0,ST-ITS1,Intensivstation,12,Intensivmedizin,2.0,3.0,06:00,14:00,450,,13:30,21:30,450,F,21:15,06:15,495,F|S,11,10,8,10,30,45,8,38.5,30,0.05,0,2.0.0,20261146
PK-012,2026-11-08,history,-22,Sonntag,7,45,1,0,,Pflegefachkraft,Pflegefachkraft,EXAM|KARDIO_MONITORING,0.75,28.88,6931,6931,6238,7624,5,2,2,8,1,1,Pflegefachkraft,0,0.0,-1530,8,7,1,0,0,1477,1,,,,,S,0,,0,,4,4,4,0,591,1,4,4,4,0,517,1,3,3,3,0,369,0,ST-ITS1,Intensivstation,12,Intensivmedizin,2.0,3.0,06:00,14:00,450,,13:30,21:30,450,F,21:15,06:15,495,F|S,11,10,8,10,30,45,8,38.5,30,0.05,0,2.0.0,20261146
PK-013,2026-11-08,history,-22,Sonntag,7,45,1,0,,Pflegefachkraft,Pflegefachkraft,EXAM|KARDIO_MONITORING,1.0,38.5,9240,9240,8316,10164,5,2,2,8,1,1,Pflegefachkraft,0,0.0,-1905,8,7,1,0,0,1477,1,,,,,S,0,,0,,4,4,4,0,591,1,4,4,4,0,517,1,3,3,3,0,369,0,ST-ITS1,Intensivstation,12,Intensivmedizin,2.0,3.0,06:00,14:00,450,,13:30,21:30,450,F,21:15,06:15,495,F|S,11,10,8,10,30,45,8,38.5,30,0.05,0,2.0.0,20261146
PK-014,2026-11-08,history,-22,Sonntag,7,45,1,0,,Pflegefachkraft,Pflegefachkraft,EXAM,1.0,38.5,9240,9240,8316,10164,5,2,2,8,1,1,Pflegefachkraft,0,0.0,-1680,8,7,1,0,0,1477,1,,,,,,0,,0,,4,4,4,0,591,1,4,4,4,0,517,1,3,3,3,0,369,0,ST-ITS1,Intensivstation,12,Intensivmedizin,2.0,3.0,06:00,14:00,450,,13:30,21:30,450,F,21:15,06:15,495,F|S,11,10,8,10,30,45,8,38.5,30,0.05,0,2.0.0,20261146
PK-015,2026-11-08,history,-22,Sonntag,7,45,1,0,,Pflegefachkraft,Pflegefachkraft,EXAM|KARDIO_MONITORING,0.5,19.25,4620,4620,4158,5082,5,2,2,8,1,1,Pflegefachkraft,0,0.0,-930,8,7,1,0,0,1477,1,,,,,,0,,0,,4,4,4,0,591,1,4,4,4,0,517,1,3,3,3,0,369,0,ST-ITS1,Intensivstation,12,Intensivmedizin,2.0,3.0,06:00,14:00,450,,13:30,21:30,450,F,21:15,06:15,495,F|S,11,10,8,10,30,45,8,38.5,30,0.05,0,2.0.0,20261146
PK-016,2026-11-08,history,-22,Sonntag,7,45,1,0,,Pflegefachkraft,Pflegefachkraft,EXAM,0.9,34.65,8316,8316,7484,9148,5,2,2,8,1,1,Pflegefachkraft,0,0.0,1255,8,7,1,0,0,1477,0,URLAUB,,,,,0,,0,,4,4,4,0,591,1,4,4,4,0,517,1,3,3,3,0,369,0,ST-ITS1,Intensivstation,12,Intensivmedizin,2.0,3.0,06:00,14:00,450,,13:30,21:30,450,F,21:15,06:15,495,F|S,11,10,8,10,30,45,8,38.5,30,0.05,0,2.0.0,20261146
PK-017,2026-11-08,history,-22,Sonntag,7,45,1,0,,Pflegefachkraft,Pflegefachkraft,EXAM|KARDIO_MONITORING,1.0,38.5,9240,9240,8316,10164,5,2,2,8,1,1,Pflegefachkraft,0,0.0,-1680,8,7,1,0,0,1477,1,,,,,,0,,0,,4,4,4,0,591,1,4,4,4,0,517,1,3,3,3,0,369,0,ST-ITS1,Intensivstation,12,Intensivmedizin,2.0,3.0,06:00,14:00,450,,13:30,21:30,450,F,21:15,06:15,495,F|S,11,10,8,10,30,45,8,38.5,30,0.05,0,2.0.0,20261146
PK-018,2026-11-08,history,-22,Sonntag,7,45,1,0,,Pflegefachkraft,Pflegefachkraft,EXAM|PRAXISANLEITUNG,0.6,23.1,5544,5544,4990,6098,5,2,2,8,1,1,Pflegefachkraft,0,0.0,-909,8,7,1,0,0,1477,1,,,,,F,0,,0,,4,4,4,0,591,1,4,4,4,0,517,1,3,3,3,0,369,0,ST-ITS1,Intensivstation,12,Intensivmedizin,2.0,3.0,06:00,14:00,450,,13:30,21:30,450,F,21:15,06:15,495,F|S,11,10,8,10,30,45,8,38.5,30,0.05,0,2.0.0,20261146
PK-019,2026-11-08,history,-22,Sonntag,7,45,1,0,,Pflegefachkraft,Pflegefachkraft,EXAM,0.6,23.1,5544,5544,4990,6098,5,2,2,8,1,1,Pflegefachkraft,0,0.0,-954,8,7,1,0,0,1477,1,,,,,F,0,,0,,4,4,4,0,591,1,4,4,4,0,517,1,3,3,3,0,369,0,ST-ITS1,Intensivstation,12,Intensivmedizin,2.0,3.0,06:00,14:00,450,,13:30,21:30,450,F,21:15,06:15,495,F|S,11,10,8,10,30,45,8,38.5,30,0.05,0,2.0.0,20261146
PK-020,2026-11-08,history,-22,Sonntag,7,45,1,0,,Pflegefachkraft,Pflegefachkraft,EXAM|PRAXISANLEITUNG,0.8,30.8,7392,7392,6653,8131,5,2,2,8,1,1,Pflegefachkraft,0,0.0,-1497,8,7,1,0,0,1477,1,,,,,F,0,,0,,4,4,4,0,591,1,4,4,4,0,517,1,3,3,3,0,369,0,ST-ITS1,Intensivstation,12,Intensivmedizin,2.0,3.0,06:00,14:00,450,,13:30,21:30,450,F,21:15,06:15,495,F|S,11,10,8,10,30,45,8,38.5,30,0.05,0,2.0.0,20261146
PK-021,2026-11-08,history,-22,Sonntag,7,45,1,0,,Pflegefachkraft,Pflegefachkraft,EXAM|PRAXISANLEITUNG,0.5,19.25,4620,4620,4158,5082,5,2,2,8,1,1,Pflegefachkraft,0,0.0,-975,8,7,1,0,0,1477,1,,,,,,0,,0,,4,4,4,0,591,1,4,4,4,0,517,1,3,3,3,0,369,0,ST-ITS1,Intensivstation,12,Intensivmedizin,2.0,3.0,06:00,14:00,450,,13:30,21:30,450,F,21:15,06:15,495,F|S,11,10,8,10,30,45,8,38.5,30,0.05,0,2.0.0,20261146
PK-022,2026-11-08,history,-22,Sonntag,7,45,1,0,,Pflegefachkraft,Pflegefachkraft,EXAM,0.7,26.95,6468,6468,5821,7115,5,2,2,8,1,1,Pflegefachkraft,0,0.0,-1473,8,7,1,0,0,1477,1,,,,,,0,,0,,4,4,4,0,591,1,4,4,4,0,517,1,3,3,3,0,369,0,ST-ITS1,Intensivstation,12,Intensivmedizin,2.0,3.0,06:00,14:00,450,,13:30,21:30,450,F,21:15,06:15,495,F|S,11,10,8,10,30,45,8,38.5,30,0.05,0,2.0.0,20261146
PK-023,2026-11-08,history,-22,Sonntag,7,45,1,0,,Pflegefachkraft,Pflegefachkraft,EXAM,1.0,38.5,9240,9240,8316,10164,5,2,2,8,1,1,Pflegefachkraft,0,0.0,-2040,8,7,1,0,0,1477,1,,,,,,0,,0,,4,4,4,0,591,1,4,4,4,0,517,1,3,3,3,0,369,0,ST-ITS1,Intensivstation,12,Intensivmedizin,2.0,3.0,06:00,14:00,450,,13:30,21:30,450,F,21:15,06:15,495,F|S,11,10,8,10,30,45,8,38.5,30,0.05,0,2.0.0,20261146
PK-024,2026-11-08,history,-22,Sonntag,7,45,1,0,,Pflegefachkraft,Pflegefachkraft,EXAM|PRAXISANLEITUNG,1.0,38.5,9240,9240,8316,10164,5,2,2,8,1,1,Pflegefachkraft,0,0.0,-2310,8,7,1,0,0,1477,1,,,,,,0,,0,,4,4,4,0,591,1,4,4,4,0,517,1,3,3,3,0,369,0,ST-ITS1,Intensivstation,12,Intensivmedizin,2.0,3.0,06:00,14:00,450,,13:30,21:30,450,F,21:15,06:15,495,F|S,11,10,8,10,30,45,8,38.5,30,0.05,0,2.0.0,20261146
PK-025,2026-11-08,history,-22,Sonntag,7,45,1,0,,Pflegefachkraft,Pflegefachkraft,EXAM,1.0,38.5,9240,9240,8316,10164,5,2,2,8,1,1,Pflegefachkraft,0,0.0,-1680,8,7,1,0,0,1477,1,,,,,N,0,,0,,4,4,4,0,591,1,4,4,4,0,517,1,3,3,3,0,369,0,ST-ITS1,Intensivstation,12,Intensivmedizin,2.0,3.0,06:00,14:00,450,,13:30,21:30,450,F,21:15,06:15,495,F|S,11,10,8,10,30,45,8,38.5,30,0.05,0,2.0.0,20261146
AZ-001,2026-11-09,history,-21,Montag,1,46,0,0,,Auszubildende_r_3_Ausbildungsjahr,Auszubildende,AUSZUBILDEND,1.0,38.5,9240,9240,8316,10164,5,2,2,8,1,0,nicht anrechenbar,0,0.0,-9240,9,9,1,1,0,1451,1,,,,,,0,,0,,5,5,5,0,580,1,5,5,5,0,508,1,3,3,3,0,363,0,ST-ITS1,Intensivstation,12,Intensivmedizin,2.0,3.0,06:00,14:00,450,,13:30,21:30,450,F,21:15,06:15,495,F|S,11,10,8,10,30,45,8,38.5,30,0.05,0,2.0.0,20261146
AZ-002,2026-11-09,history,-21,Montag,1,46,0,0,,Auszubildende_r_2_Ausbildungsjahr,Auszubildende,AUSZUBILDEND,1.0,38.5,9240,9240,8316,10164,5,2,2,8,1,0,nicht anrechenbar,0,0.0,-9240,9,9,1,1,0,1451,1,,,,,,0,,0,,5,5,5,0,580,1,5,5,5,0,508,1,3,3,3,0,363,0,ST-ITS1,Intensivstation,12,Intensivmedizin,2.0,3.0,06:00,14:00,450,,13:30,21:30,450,F,21:15,06:15,495,F|S,11,10,8,10,30,45,8,38.5,30,0.05,0,2.0.0,20261146
AZ-003,2026-11-09,history,-21,Montag,1,46,0,0,,Auszubildende_r_1_Ausbildungsjahr,Auszubildende,AUSZUBILDEND,1.0,38.5,9240,9240,8316,10164,5,2,2,0,0,0,nicht anrechenbar,0,0.0,-9240,9,9,1,1,0,1451,1,,,,,,0,,0,,5,5,5,0,580,1,5,5,5,0,508,1,3,3,3,0,363,0,ST-ITS1,Intensivstation,12,Intensivmedizin,2.0,3.0,06:00,14:00,450,,13:30,21:30,450,F,21:15,06:15,495,F|S,11,10,8,10,30,45,8,38.5,30,0.05,0,2.0.0,20261146
PK-001,2026-11-09,history,-21,Montag,1,46,0,0,,Stationsleitung,Pflegefachkraft,EXAM|LEITUNG|PRAXISANLEITUNG,1.0,38.5,9240,4620,4158,5082,5,2,2,0,0,1,Pflegefachkraft,1,0.5,5814,9,9,1,1,0,1451,0,URLAUB,,,,,0,,0,,5,5,5,0,580,1,5,5,5,0,508,1,3,3,3,0,363,0,ST-ITS1,Intensivstation,12,Intensivmedizin,2.0,3.0,06:00,14:00,450,,13:30,21:30,450,F,21:15,06:15,495,F|S,11,10,8,10,30,45,8,38.5,30,0.05,0,2.0.0,20261146
PK-002,2026-11-09,history,-21,Montag,1,46,0,0,,Pflegefachkraft,Pflegefachkraft,EXAM|PRAXISANLEITUNG|KARDIO_MONITORING,1.0,38.5,9240,9240,8316,10164,5,2,2,8,1,1,Pflegefachkraft,0,0.0,-1815,9,9,1,1,0,1451,1,,,,,,0,,0,,5,5,5,0,580,1,5,5,5,0,508,1,3,3,3,0,363,0,ST-ITS1,Intensivstation,12,Intensivmedizin,2.0,3.0,06:00,14:00,450,,13:30,21:30,450,F,21:15,06:15,495,F|S,11,10,8,10,30,45,8,38.5,30,0.05,0,2.0.0,20261146
PK-003,2026-11-09,history,-21,Montag,1,46,0,0,,Pflegefachkraft,Pflegefachkraft,EXAM,1.0,38.5,9240,9240,8316,10164,5,2,2,8,1,1,Pflegefachkraft,0,0.0,-1815,9,9,1,1,0,1451,1,,,,,,0,,0,,5,5,5,0,580,1,5,5,5,0,508,1,3,3,3,0,363,0,ST-ITS1,Intensivstation,12,Intensivmedizin,2.0,3.0,06:00,14:00,450,,13:30,21:30,450,F,21:15,06:15,495,F|S,11,10,8,10,30,45,8,38.5,30,0.05,0,2.0.0,20261146
PK-004,2026-11-09,history,-21,Montag,1,46,0,0,,Pflegefachkraft,Pflegefachkraft,EXAM,1.0,38.5,9240,9240,8316,10164,5,2,2,8,1,1,Pflegefachkraft,0,0.0,-1995,9,9,1,1,0,1451,1,,,,,F,0,,0,,5,5,5,0,580,1,5,5,5,0,508,1,3,3,3,0,363,0,ST-ITS1,Intensivstation,12,Intensivmedizin,2.0,3.0,06:00,14:00,450,,13:30,21:30,450,F,21:15,06:15,495,F|S,11,10,8,10,30,45,8,38.5,30,0.05,0,2.0.0,20261146
PK-005,2026-11-09,history,-21,Montag,1,46,0,0,,Pflegefachkraft,Pflegefachkraft,EXAM,1.0,38.5,9240,9240,8316,10164,5,2,2,8,1,1,Pflegefachkraft,0,0.0,-1905,9,9,1,1,0,1451,1,,,,,F,0,,0,,5,5,5,0,580,1,5,5,5,0,508,1,3,3,3,0,363,0,ST-ITS1,Intensivstation,12,Intensivmedizin,2.0,3.0,06:00,14:00,450,,13:30,21:30,450,F,21:15,06:15,495,F|S,11,10,8,10,30,45,8,38.5,30,0.05,0,2.0.0,20261146
PK-006,2026-11-09,history,-21,Montag,1,46,0,0,,Pflegefachkraft,Pflegefachkraft,EXAM|PRAXISANLEITUNG|KARDIO_MONITORING,1.0,38.5,9240,9240,8316,10164,5,2,2,8,1,1,Pflegefachkraft,0,0.0,-1905,9,9,1,1,0,1451,1,,,,,S,0,,0,,5,5,5,0,580,1,5,5,5,0,508,1,3,3,3,0,363,0,ST-ITS1,Intensivstation,12,Intensivmedizin,2.0,3.0,06:00,14:00,450,,13:30,21:30,450,F,21:15,06:15,495,F|S,11,10,8,10,30,45,8,38.5,30,0.05,0,2.0.0,20261146
PK-007,2026-11-09,history,-21,Montag,1,46,0,0,,Pflegefachkraft,Pflegefachkraft,EXAM,1.0,38.5,9240,9240,8316,10164,5,2,2,8,1,1,Pflegefachkraft,0,0.0,1104,9,9,1,1,0,1451,1,,,,,F,0,,0,,5,5,5,0,580,1,5,5,5,0,508,1,3,3,3,0,363,0,ST-ITS1,Intensivstation,12,Intensivmedizin,2.0,3.0,06:00,14:00,450,,13:30,21:30,450,F,21:15,06:15,495,F|S,11,10,8,10,30,45,8,38.5,30,0.05,0,2.0.0,20261146
PK-008,2026-11-09,history,-21,Montag,1,46,0,0,,Pflegefachkraft,Pflegefachkraft,EXAM|KARDIO_MONITORING,1.0,38.5,9240,9240,8316,10164,5,2,2,8,1,1,Pflegefachkraft,0,0.0,-2265,9,9,1,1,0,1451,1,,,,,S,0,,0,,5,5,5,0,580,1,5,5,5,0,508,1,3,3,3,0,363,0,ST-ITS1,Intensivstation,12,Intensivmedizin,2.0,3.0,06:00,14:00,450,,13:30,21:30,450,F,21:15,06:15,495,F|S,11,10,8,10,30,45,8,38.5,30,0.05,0,2.0.0,20261146
PK-009,2026-11-09,history,-21,Montag,1,46,0,0,,Pflegefachkraft,Pflegefachkraft,EXAM,1.0,38.5,9240,9240,8316,10164,5,2,2,8,1,1,Pflegefachkraft,0,0.0,-1995,9,9,1,1,0,1451,1,,,,,S,0,,0,,5,5,5,0,580,1,5,5,5,0,508,1,3,3,3,0,363,0,ST-ITS1,Intensivstation,12,Intensivmedizin,2.0,3.0,06:00,14:00,450,,13:30,21:30,450,F,21:15,06:15,495,F|S,11,10,8,10,30,45,8,38.5,30,0.05,0,2.0.0,20261146
PK-010,2026-11-09,history,-21,Montag,1,46,0,0,,Pflegefachkraft,Pflegefachkraft,EXAM|PRAXISANLEITUNG|KARDIO_MONITORING,0.6,23.1,5544,5544,4990,6098,5,2,2,8,1,1,Pflegefachkraft,0,0.0,-999,9,9,1,1,0,1451,1,,,,,,0,,0,,5,5,5,0,580,1,5,5,5,0,508,1,3,3,3,0,363,0,ST-ITS1,Intensivstation,12,Intensivmedizin,2.0,3.0,06:00,14:00,450,,13:30,21:30,450,F,21:15,06:15,495,F|S,11,10,8,10,30,45,8,38.5,30,0.05,0,2.0.0,20261146
PK-011,2026-11-09,history,-21,Montag,1,46,0,0,,Pflegefachkraft,Pflegefachkraft,EXAM|KARDIO_MONITORING,0.5,19.25,4620,4620,4158,5082,5,2,2,8,1,1,Pflegefachkraft,0,0.0,-1020,9,9,1,1,0,1451,1,,,,,,0,,0,,5,5,5,0,580,1,5,5,5,0,508,1,3,3,3,0,363,0,ST-ITS1,Intensivstation,12,Intensivmedizin,2.0,3.0,06:00,14:00,450,,13:30,21:30,450,F,21:15,06:15,495,F|S,11,10,8,10,30,45,8,38.5,30,0.05,0,2.0.0,20261146
PK-012,2026-11-09,history,-21,Montag,1,46,0,0,,Pflegefachkraft,Pflegefachkraft,EXAM|KARDIO_MONITORING,0.75,28.88,6931,6931,6238,7624,5,2,2,8,1,1,Pflegefachkraft,0,0.0,-1530,9,9,1,1,0,1451,1,,,,,,0,,0,,5,5,5,0,580,1,5,5,5,0,508,1,3,3,3,0,363,0,ST-ITS1,Intensivstation,12,Intensivmedizin,2.0,3.0,06:00,14:00,450,,13:30,21:30,450,F,21:15,06:15,495,F|S,11,10,8,10,30,45,8,38.5,30,0.05,0,2.0.0,20261146
PK-013,2026-11-09,history,-21,Montag,1,46,0,0,,Pflegefachkraft,Pflegefachkraft,EXAM|KARDIO_MONITORING,1.0,38.5,9240,9240,8316,10164,5,2,2,8,1,1,Pflegefachkraft,0,0.0,-1905,9,9,1,1,0,1451,1,,,,,,0,,0,,5,5,5,0,580,1,5,5,5,0,508,1,3,3,3,0,363,0,ST-ITS1,Intensivstation,12,Intensivmedizin,2.0,3.0,06:00,14:00,450,,13:30,21:30,450,F,21:15,06:15,495,F|S,11,10,8,10,30,45,8,38.5,30,0.05,0,2.0.0,20261146
PK-014,2026-11-09,history,-21,Montag,1,46,0,0,,Pflegefachkraft,Pflegefachkraft,EXAM,1.0,38.5,9240,9240,8316,10164,5,2,2,8,1,1,Pflegefachkraft,0,0.0,-1680,9,9,1,1,0,1451,1,,,,,N,0,,0,,5,5,5,0,580,1,5,5,5,0,508,1,3,3,3,0,363,0,ST-ITS1,Intensivstation,12,Intensivmedizin,2.0,3.0,06:00,14:00,450,,13:30,21:30,450,F,21:15,06:15,495,F|S,11,10,8,10,30,45,8,38.5,30,0.05,0,2.0.0,20261146
PK-015,2026-11-09,history,-21,Montag,1,46,0,0,,Pflegefachkraft,Pflegefachkraft,EXAM|KARDIO_MONITORING,0.5,19.25,4620,4620,4158,5082,5,2,2,8,1,1,Pflegefachkraft,0,0.0,-930,9,9,1,1,0,1451,1,,,,,S,0,,0,,5,5,5,0,580,1,5,5,5,0,508,1,3,3,3,0,363,0,ST-ITS1,Intensivstation,12,Intensivmedizin,2.0,3.0,06:00,14:00,450,,13:30,21:30,450,F,21:15,06:15,495,F|S,11,10,8,10,30,45,8,38.5,30,0.05,0,2.0.0,20261146
PK-016,2026-11-09,history,-21,Montag,1,46,0,0,,Pflegefachkraft,Pflegefachkraft,EXAM,0.9,34.65,8316,8316,7484,9148,5,2,2,8,1,1,Pflegefachkraft,0,0.0,1255,9,9,1,1,0,1451,0,URLAUB,,,,,0,,0,,5,5,5,0,580,1,5,5,5,0,508,1,3,3,3,0,363,0,ST-ITS1,Intensivstation,12,Intensivmedizin,2.0,3.0,06:00,14:00,450,,13:30,21:30,450,F,21:15,06:15,495,F|S,11,10,8,10,30,45,8,38.5,30,0.05,0,2.0.0,20261146
PK-017,2026-11-09,history,-21,Montag,1,46,0,0,,Pflegefachkraft,Pflegefachkraft,EXAM|KARDIO_MONITORING,1.0,38.5,9240,9240,8316,10164,5,2,2,8,1,1,Pflegefachkraft,0,0.0,-1680,9,9,1,1,0,1451,1,,,,,N,0,,0,,5,5,5,0,580,1,5,5,5,0,508,1,3,3,3,0,363,0,ST-ITS1,Intensivstation,12,Intensivmedizin,2.0,3.0,06:00,14:00,450,,13:30,21:30,450,F,21:15,06:15,495,F|S,11,10,8,10,30,45,8,38.5,30,0.05,0,2.0.0,20261146
PK-018,2026-11-09,history,-21,Montag,1,46,0,0,,Pflegefachkraft,Pflegefachkraft,EXAM|PRAXISANLEITUNG,0.6,23.1,5544,5544,4990,6098,5,2,2,8,1,1,Pflegefachkraft,0,0.0,-909,9,9,1,1,0,1451,1,,,,,,0,,0,,5,5,5,0,580,1,5,5,5,0,508,1,3,3,3,0,363,0,ST-ITS1,Intensivstation,12,Intensivmedizin,2.0,3.0,06:00,14:00,450,,13:30,21:30,450,F,21:15,06:15,495,F|S,11,10,8,10,30,45,8,38.5,30,0.05,0,2.0.0,20261146
PK-019,2026-11-09,history,-21,Montag,1,46,0,0,,Pflegefachkraft,Pflegefachkraft,EXAM,0.6,23.1,5544,5544,4990,6098,5,2,2,8,1,1,Pflegefachkraft,0,0.0,-954,9,9,1,1,0,1451,1,,,,,,0,,0,,5,5,5,0,580,1,5,5,5,0,508,1,3,3,3,0,363,0,ST-ITS1,Intensivstation,12,Intensivmedizin,2.0,3.0,06:00,14:00,450,,13:30,21:30,450,F,21:15,06:15,495,F|S,11,10,8,10,30,45,8,38.5,30,0.05,0,2.0.0,20261146
PK-020,2026-11-09,history,-21,Montag,1,46,0,0,,Pflegefachkraft,Pflegefachkraft,EXAM|PRAXISANLEITUNG,0.8,30.8,7392,7392,6653,8131,5,2,2,8,1,1,Pflegefachkraft,0,0.0,-1497,9,9,1,1,0,1451,1,,,,,,0,,0,,5,5,5,0,580,1,5,5,5,0,508,1,3,3,3,0,363,0,ST-ITS1,Intensivstation,12,Intensivmedizin,2.0,3.0,06:00,14:00,450,,13:30,21:30,450,F,21:15,06:15,495,F|S,11,10,8,10,30,45,8,38.5,30,0.05,0,2.0.0,20261146
PK-021,2026-11-09,history,-21,Montag,1,46,0,0,,Pflegefachkraft,Pflegefachkraft,EXAM|PRAXISANLEITUNG,0.5,19.25,4620,4620,4158,5082,5,2,2,8,1,1,Pflegefachkraft,0,0.0,-975,9,9,1,1,0,1451,1,,,,,N,0,,0,,5,5,5,0,580,1,5,5,5,0,508,1,3,3,3,0,363,0,ST-ITS1,Intensivstation,12,Intensivmedizin,2.0,3.0,06:00,14:00,450,,13:30,21:30,450,F,21:15,06:15,495,F|S,11,10,8,10,30,45,8,38.5,30,0.05,0,2.0.0,20261146
PK-022,2026-11-09,history,-21,Montag,1,46,0,0,,Pflegefachkraft,Pflegefachkraft,EXAM,0.7,26.95,6468,6468,5821,7115,5,2,2,8,1,1,Pflegefachkraft,0,0.0,-1473,9,9,1,1,0,1451,1,,,,,S,0,,0,,5,5,5,0,580,1,5,5,5,0,508,1,3,3,3,0,363,0,ST-ITS1,Intensivstation,12,Intensivmedizin,2.0,3.0,06:00,14:00,450,,13:30,21:30,450,F,21:15,06:15,495,F|S,11,10,8,10,30,45,8,38.5,30,0.05,0,2.0.0,20261146
PK-023,2026-11-09,history,-21,Montag,1,46,0,0,,Pflegefachkraft,Pflegefachkraft,EXAM,1.0,38.5,9240,9240,8316,10164,5,2,2,8,1,1,Pflegefachkraft,0,0.0,-2040,9,9,1,1,0,1451,1,,,,,F,0,,0,,5,5,5,0,580,1,5,5,5,0,508,1,3,3,3,0,363,0,ST-ITS1,Intensivstation,12,Intensivmedizin,2.0,3.0,06:00,14:00,450,,13:30,21:30,450,F,21:15,06:15,495,F|S,11,10,8,10,30,45,8,38.5,30,0.05,0,2.0.0,20261146
PK-024,2026-11-09,history,-21,Montag,1,46,0,0,,Pflegefachkraft,Pflegefachkraft,EXAM|PRAXISANLEITUNG,1.0,38.5,9240,9240,8316,10164,5,2,2,8,1,1,Pflegefachkraft,0,0.0,-2310,9,9,1,1,0,1451,1,,,,,F,0,,0,,5,5,5,0,580,1,5,5,5,0,508,1,3,3,3,0,363,0,ST-ITS1,Intensivstation,12,Intensivmedizin,2.0,3.0,06:00,14:00,450,,13:30,21:30,450,F,21:15,06:15,495,F|S,11,10,8,10,30,45,8,38.5,30,0.05,0,2.0.0,20261146
PK-025,2026-11-09,history,-21,Montag,1,46,0,0,,Pflegefachkraft,Pflegefachkraft,EXAM,1.0,38.5,9240,9240,8316,10164,5,2,2,8,1,1,Pflegefachkraft,0,0.0,-1680,9,9,1,1,0,1451,1,,,,,,0,,0,,5,5,5,0,580,1,5,5,5,0,508,1,3,3,3,0,363,0,ST-ITS1,Intensivstation,12,Intensivmedizin,2.0,3.0,06:00,14:00,450,,13:30,21:30,450,F,21:15,06:15,495,F|S,11,10,8,10,30,45,8,38.5,30,0.05,0,2.0.0,20261146
AZ-001,2026-11-10,history,-20,Dienstag,2,46,0,0,,Auszubildende_r_3_Ausbildungsjahr,Auszubildende,AUSZUBILDEND,1.0,38.5,9240,9240,8316,10164,5,2,2,8,1,0,nicht anrechenbar,0,0.0,-9240,9,8,3,3,3,1950,1,,,,,,0,,0,,5,5,5,0,780,1,5,5,5,0,682,1,3,3,3,0,488,0,ST-ITS1,Intensivstation,12,Intensivmedizin,2.0,3.0,06:00,14:00,450,,13:30,21:30,450,F,21:15,06:15,495,F|S,11,10,8,10,30,45,8,38.5,30,0.05,0,2.0.0,20261146
AZ-002,2026-11-10,history,-20,Dienstag,2,46,0,0,,Auszubildende_r_2_Ausbildungsjahr,Auszubildende,AUSZUBILDEND,1.0,38.5,9240,9240,8316,10164,5,2,2,8,1,0,nicht anrechenbar,0,0.0,-9240,9,8,3,3,3,1950,1,,,,,,0,,0,,5,5,5,0,780,1,5,5,5,0,682,1,3,3,3,0,488,0,ST-ITS1,Intensivstation,12,Intensivmedizin,2.0,3.0,06:00,14:00,450,,13:30,21:30,450,F,21:15,06:15,495,F|S,11,10,8,10,30,45,8,38.5,30,0.05,0,2.0.0,20261146
AZ-003,2026-11-10,history,-20,Dienstag,2,46,0,0,,Auszubildende_r_1_Ausbildungsjahr,Auszubildende,AUSZUBILDEND,1.0,38.5,9240,9240,8316,10164,5,2,2,0,0,0,nicht anrechenbar,0,0.0,-9240,9,8,3,3,3,1950,1,,,,,,0,,0,,5,5,5,0,780,1,5,5,5,0,682,1,3,3,3,0,488,0,ST-ITS1,Intensivstation,12,Intensivmedizin,2.0,3.0,06:00,14:00,450,,13:30,21:30,450,F,21:15,06:15,495,F|S,11,10,8,10,30,45,8,38.5,30,0.05,0,2.0.0,20261146
PK-001,2026-11-10,history,-20,Dienstag,2,46,0,0,,Stationsleitung,Pflegefachkraft,EXAM|LEITUNG|PRAXISANLEITUNG,1.0,38.5,9240,4620,4158,5082,5,2,2,0,0,1,Pflegefachkraft,1,0.5,5814,9,8,3,3,3,1950,0,URLAUB,,,,,0,,0,,5,5,5,0,780,1,5,5,5,0,682,1,3,3,3,0,488,0,ST-ITS1,Intensivstation,12,Intensivmedizin,2.0,3.0,06:00,14:00,450,,13:30,21:30,450,F,21:15,06:15,495,F|S,11,10,8,10,30,45,8,38.5,30,0.05,0,2.0.0,20261146
PK-002,2026-11-10,history,-20,Dienstag,2,46,0,0,,Pflegefachkraft,Pflegefachkraft,EXAM|PRAXISANLEITUNG|KARDIO_MONITORING,1.0,38.5,9240,9240,8316,10164,5,2,2,8,1,1,Pflegefachkraft,0,0.0,-1815,9,8,3,3,3,1950,1,,,,,N,0,,0,,5,5,5,0,780,1,5,5,5,0,682,1,3,3,3,0,488,0,ST-ITS1,Intensivstation,12,Intensivmedizin,2.0,3.0,06:00,14:00,450,,13:30,21:30,450,F,21:15,06:15,495,F|S,11,10,8,10,30,45,8,38.5,30,0.05,0,2.0.0,20261146
PK-003,2026-11-10,history,-20,Dienstag,2,46,0,0,,Pflegefachkraft,Pflegefachkraft,EXAM,1.0,38.5,9240,9240,8316,10164,5,2,2,8,1,1,Pflegefachkraft,0,0.0,-1815,9,8,3,3,3,1950,1,,,,,N,0,,0,,5,5,5,0,780,1,5,5,5,0,682,1,3,3,3,0,488,0,ST-ITS1,Intensivstation,12,Intensivmedizin,2.0,3.0,06:00,14:00,450,,13:30,21:30,450,F,21:15,06:15,495,F|S,11,10,8,10,30,45,8,38.5,30,0.05,0,2.0.0,20261146
PK-004,2026-11-10,history,-20,Dienstag,2,46,0,0,,Pflegefachkraft,Pflegefachkraft,EXAM,1.0,38.5,9240,9240,8316,10164,5,2,2,8,1,1,Pflegefachkraft,0,0.0,-1995,9,8,3,3,3,1950,1,,,,,S,0,,0,,5,5,5,0,780,1,5,5,5,0,682,1,3,3,3,0,488,0,ST-ITS1,Intensivstation,12,Intensivmedizin,2.0,3.0,06:00,14:00,450,,13:30,21:30,450,F,21:15,06:15,495,F|S,11,10,8,10,30,45,8,38.5,30,0.05,0,2.0.0,20261146
PK-005,2026-11-10,history,-20,Dienstag,2,46,0,0,,Pflegefachkraft,Pflegefachkraft,EXAM,1.0,38.5,9240,9240,8316,10164,5,2,2,8,1,1,Pflegefachkraft,0,0.0,-1905,9,8,3,3,3,1950,1,,,,,S,0,,0,,5,5,5,0,780,1,5,5,5,0,682,1,3,3,3,0,488,0,ST-ITS1,Intensivstation,12,Intensivmedizin,2.0,3.0,06:00,14:00,450,,13:30,21:30,450,F,21:15,06:15,495,F|S,11,10,8,10,30,45,8,38.5,30,0.05,0,2.0.0,20261146
PK-006,2026-11-10,history,-20,Dienstag,2,46,0,0,,Pflegefachkraft,Pflegefachkraft,EXAM|PRAXISANLEITUNG|KARDIO_MONITORING,1.0,38.5,9240,9240,8316,10164,5,2,2,8,1,1,Pflegefachkraft,0,0.0,-1905,9,8,3,3,3,1950,1,,,,,,0,,0,,5,5,5,0,780,1,5,5,5,0,682,1,3,3,3,0,488,0,ST-ITS1,Intensivstation,12,Intensivmedizin,2.0,3.0,06:00,14:00,450,,13:30,21:30,450,F,21:15,06:15,495,F|S,11,10,8,10,30,45,8,38.5,30,0.05,0,2.0.0,20261146
PK-007,2026-11-10,history,-20,Dienstag,2,46,0,0,,Pflegefachkraft,Pflegefachkraft,EXAM,1.0,38.5,9240,9240,8316,10164,5,2,2,8,1,1,Pflegefachkraft,0,0.0,1104,9,8,3,3,3,1950,1,,,,,S,0,,0,,5,5,5,0,780,1,5,5,5,0,682,1,3,3,3,0,488,0,ST-ITS1,Intensivstation,12,Intensivmedizin,2.0,3.0,06:00,14:00,450,,13:30,21:30,450,F,21:15,06:15,495,F|S,11,10,8,10,30,45,8,38.5,30,0.05,0,2.0.0,20261146
PK-008,2026-11-10,history,-20,Dienstag,2,46,0,0,,Pflegefachkraft,Pflegefachkraft,EXAM|KARDIO_MONITORING,1.0,38.5,9240,9240,8316,10164,5,2,2,8,1,1,Pflegefachkraft,0,0.0,-2265,9,8,3,3,3,1950,1,,,,,,0,,0,,5,5,5,0,780,1,5,5,5,0,682,1,3,3,3,0,488,0,ST-ITS1,Intensivstation,12,Intensivmedizin,2.0,3.0,06:00,14:00,450,,13:30,21:30,450,F,21:15,06:15,495,F|S,11,10,8,10,30,45,8,38.5,30,0.05,0,2.0.0,20261146
PK-009,2026-11-10,history,-20,Dienstag,2,46,0,0,,Pflegefachkraft,Pflegefachkraft,EXAM,1.0,38.5,9240,9240,8316,10164,5,2,2,8,1,1,Pflegefachkraft,0,0.0,-1995,9,8,3,3,3,1950,1,,,,,,0,,0,,5,5,5,0,780,1,5,5,5,0,682,1,3,3,3,0,488,0,ST-ITS1,Intensivstation,12,Intensivmedizin,2.0,3.0,06:00,14:00,450,,13:30,21:30,450,F,21:15,06:15,495,F|S,11,10,8,10,30,45,8,38.5,30,0.05,0,2.0.0,20261146
PK-010,2026-11-10,history,-20,Dienstag,2,46,0,0,,Pflegefachkraft,Pflegefachkraft,EXAM|PRAXISANLEITUNG|KARDIO_MONITORING,0.6,23.1,5544,5544,4990,6098,5,2,2,8,1,1,Pflegefachkraft,0,0.0,-999,9,8,3,3,3,1950,1,,,,,F,0,,0,,5,5,5,0,780,1,5,5,5,0,682,1,3,3,3,0,488,0,ST-ITS1,Intensivstation,12,Intensivmedizin,2.0,3.0,06:00,14:00,450,,13:30,21:30,450,F,21:15,06:15,495,F|S,11,10,8,10,30,45,8,38.5,30,0.05,0,2.0.0,20261146
PK-011,2026-11-10,history,-20,Dienstag,2,46,0,0,,Pflegefachkraft,Pflegefachkraft,EXAM|KARDIO_MONITORING,0.5,19.25,4620,4620,4158,5082,5,2,2,8,1,1,Pflegefachkraft,0,0.0,-1020,9,8,3,3,3,1950,1,,,,,,0,,0,,5,5,5,0,780,1,5,5,5,0,682,1,3,3,3,0,488,0,ST-ITS1,Intensivstation,12,Intensivmedizin,2.0,3.0,06:00,14:00,450,,13:30,21:30,450,F,21:15,06:15,495,F|S,11,10,8,10,30,45,8,38.5,30,0.05,0,2.0.0,20261146
PK-012,2026-11-10,history,-20,Dienstag,2,46,0,0,,Pflegefachkraft,Pflegefachkraft,EXAM|KARDIO_MONITORING,0.75,28.88,6931,6931,6238,7624,5,2,2,8,1,1,Pflegefachkraft,0,0.0,-1530,9,8,3,3,3,1950,1,,,,,,0,,0,,5,5,5,0,780,1,5,5,5,0,682,1,3,3,3,0,488,0,ST-ITS1,Intensivstation,12,Intensivmedizin,2.0,3.0,06:00,14:00,450,,13:30,21:30,450,F,21:15,06:15,495,F|S,11,10,8,10,30,45,8,38.5,30,0.05,0,2.0.0,20261146
PK-013,2026-11-10,history,-20,Dienstag,2,46,0,0,,Pflegefachkraft,Pflegefachkraft,EXAM|KARDIO_MONITORING,1.0,38.5,9240,9240,8316,10164,5,2,2,8,1,1,Pflegefachkraft,0,0.0,-1905,9,8,3,3,3,1950,1,,,,,F,0,,0,,5,5,5,0,780,1,5,5,5,0,682,1,3,3,3,0,488,0,ST-ITS1,Intensivstation,12,Intensivmedizin,2.0,3.0,06:00,14:00,450,,13:30,21:30,450,F,21:15,06:15,495,F|S,11,10,8,10,30,45,8,38.5,30,0.05,0,2.0.0,20261146
PK-014,2026-11-10,history,-20,Dienstag,2,46,0,0,,Pflegefachkraft,Pflegefachkraft,EXAM,1.0,38.5,9240,9240,8316,10164,5,2,2,8,1,1,Pflegefachkraft,0,0.0,-1680,9,8,3,3,3,1950,1,,,,,,0,,0,,5,5,5,0,780,1,5,5,5,0,682,1,3,3,3,0,488,0,ST-ITS1,Intensivstation,12,Intensivmedizin,2.0,3.0,06:00,14:00,450,,13:30,21:30,450,F,21:15,06:15,495,F|S,11,10,8,10,30,45,8,38.5,30,0.05,0,2.0.0,20261146
PK-015,2026-11-10,history,-20,Dienstag,2,46,0,0,,Pflegefachkraft,Pflegefachkraft,EXAM|KARDIO_MONITORING,0.5,19.25,4620,4620,4158,5082,5,2,2,8,1,1,Pflegefachkraft,0,0.0,-930,9,8,3,3,3,1950,1,,,,,,0,,0,,5,5,5,0,780,1,5,5,5,0,682,1,3,3,3,0,488,0,ST-ITS1,Intensivstation,12,Intensivmedizin,2.0,3.0,06:00,14:00,450,,13:30,21:30,450,F,21:15,06:15,495,F|S,11,10,8,10,30,45,8,38.5,30,0.05,0,2.0.0,20261146
PK-016,2026-11-10,history,-20,Dienstag,2,46,0,0,,Pflegefachkraft,Pflegefachkraft,EXAM,0.9,34.65,8316,8316,7484,9148,5,2,2,8,1,1,Pflegefachkraft,0,0.0,1255,9,8,3,3,3,1950,0,URLAUB,,,,,0,,0,,5,5,5,0,780,1,5,5,5,0,682,1,3,3,3,0,488,0,ST-ITS1,Intensivstation,12,Intensivmedizin,2.0,3.0,06:00,14:00,450,,13:30,21:30,450,F,21:15,06:15,495,F|S,11,10,8,10,30,45,8,38.5,30,0.05,0,2.0.0,20261146
PK-017,2026-11-10,history,-20,Dienstag,2,46,0,0,,Pflegefachkraft,Pflegefachkraft,EXAM|KARDIO_MONITORING,1.0,38.5,9240,9240,8316,10164,5,2,2,8,1,1,Pflegefachkraft,0,0.0,-1680,9,8,3,3,3,1950,1,,,,,,0,,0,,5,5,5,0,780,1,5,5,5,0,682,1,3,3,3,0,488,0,ST-ITS1,Intensivstation,12,Intensivmedizin,2.0,3.0,06:00,14:00,450,,13:30,21:30,450,F,21:15,06:15,495,F|S,11,10,8,10,30,45,8,38.5,30,0.05,0,2.0.0,20261146
PK-018,2026-11-10,history,-20,Dienstag,2,46,0,0,,Pflegefachkraft,Pflegefachkraft,EXAM|PRAXISANLEITUNG,0.6,23.1,5544,5544,4990,6098,5,2,2,8,1,1,Pflegefachkraft,0,0.0,-909,9,8,3,3,3,1950,1,,,,,F,0,,0,,5,5,5,0,780,1,5,5,5,0,682,1,3,3,3,0,488,0,ST-ITS1,Intensivstation,12,Intensivmedizin,2.0,3.0,06:00,14:00,450,,13:30,21:30,450,F,21:15,06:15,495,F|S,11,10,8,10,30,45,8,38.5,30,0.05,0,2.0.0,20261146
PK-019,2026-11-10,history,-20,Dienstag,2,46,0,0,,Pflegefachkraft,Pflegefachkraft,EXAM,0.6,23.1,5544,5544,4990,6098,5,2,2,8,1,1,Pflegefachkraft,0,0.0,-954,9,8,3,3,3,1950,1,,,,,F,0,,0,,5,5,5,0,780,1,5,5,5,0,682,1,3,3,3,0,488,0,ST-ITS1,Intensivstation,12,Intensivmedizin,2.0,3.0,06:00,14:00,450,,13:30,21:30,450,F,21:15,06:15,495,F|S,11,10,8,10,30,45,8,38.5,30,0.05,0,2.0.0,20261146
PK-020,2026-11-10,history,-20,Dienstag,2,46,0,0,,Pflegefachkraft,Pflegefachkraft,EXAM|PRAXISANLEITUNG,0.8,30.8,7392,7392,6653,8131,5,2,2,8,1,1,Pflegefachkraft,0,0.0,-1497,9,8,3,3,3,1950,1,,,,,F,0,,0,,5,5,5,0,780,1,5,5,5,0,682,1,3,3,3,0,488,0,ST-ITS1,Intensivstation,12,Intensivmedizin,2.0,3.0,06:00,14:00,450,,13:30,21:30,450,F,21:15,06:15,495,F|S,11,10,8,10,30,45,8,38.5,30,0.05,0,2.0.0,20261146
PK-021,2026-11-10,history,-20,Dienstag,2,46,0,0,,Pflegefachkraft,Pflegefachkraft,EXAM|PRAXISANLEITUNG,0.5,19.25,4620,4620,4158,5082,5,2,2,8,1,1,Pflegefachkraft,0,0.0,-975,9,8,3,3,3,1950,1,,,,,,0,,0,,5,5,5,0,780,1,5,5,5,0,682,1,3,3,3,0,488,0,ST-ITS1,Intensivstation,12,Intensivmedizin,2.0,3.0,06:00,14:00,450,,13:30,21:30,450,F,21:15,06:15,495,F|S,11,10,8,10,30,45,8,38.5,30,0.05,0,2.0.0,20261146
PK-022,2026-11-10,history,-20,Dienstag,2,46,0,0,,Pflegefachkraft,Pflegefachkraft,EXAM,0.7,26.95,6468,6468,5821,7115,5,2,2,8,1,1,Pflegefachkraft,0,0.0,-1473,9,8,3,3,3,1950,1,,,,,,0,,0,,5,5,5,0,780,1,5,5,5,0,682,1,3,3,3,0,488,0,ST-ITS1,Intensivstation,12,Intensivmedizin,2.0,3.0,06:00,14:00,450,,13:30,21:30,450,F,21:15,06:15,495,F|S,11,10,8,10,30,45,8,38.5,30,0.05,0,2.0.0,20261146
PK-023,2026-11-10,history,-20,Dienstag,2,46,0,0,,Pflegefachkraft,Pflegefachkraft,EXAM,1.0,38.5,9240,9240,8316,10164,5,2,2,8,1,1,Pflegefachkraft,0,0.0,-2040,9,8,3,3,3,1950,1,,,,,S,0,,0,,5,5,5,0,780,1,5,5,5,0,682,1,3,3,3,0,488,0,ST-ITS1,Intensivstation,12,Intensivmedizin,2.0,3.0,06:00,14:00,450,,13:30,21:30,450,F,21:15,06:15,495,F|S,11,10,8,10,30,45,8,38.5,30,0.05,0,2.0.0,20261146
PK-024,2026-11-10,history,-20,Dienstag,2,46,0,0,,Pflegefachkraft,Pflegefachkraft,EXAM|PRAXISANLEITUNG,1.0,38.5,9240,9240,8316,10164,5,2,2,8,1,1,Pflegefachkraft,0,0.0,-2310,9,8,3,3,3,1950,1,,,,,S,0,,0,,5,5,5,0,780,1,5,5,5,0,682,1,3,3,3,0,488,0,ST-ITS1,Intensivstation,12,Intensivmedizin,2.0,3.0,06:00,14:00,450,,13:30,21:30,450,F,21:15,06:15,495,F|S,11,10,8,10,30,45,8,38.5,30,0.05,0,2.0.0,20261146
PK-025,2026-11-10,history,-20,Dienstag,2,46,0,0,,Pflegefachkraft,Pflegefachkraft,EXAM,1.0,38.5,9240,9240,8316,10164,5,2,2,8,1,1,Pflegefachkraft,0,0.0,-1680,9,8,3,3,3,1950,1,,,,,N,0,,0,,5,5,5,0,780,1,5,5,5,0,682,1,3,3,3,0,488,0,ST-ITS1,Intensivstation,12,Intensivmedizin,2.0,3.0,06:00,14:00,450,,13:30,21:30,450,F,21:15,06:15,495,F|S,11,10,8,10,30,45,8,38.5,30,0.05,0,2.0.0,20261146
AZ-001,2026-11-11,history,-19,Mittwoch,3,46,0,0,,Auszubildende_r_3_Ausbildungsjahr,Auszubildende,AUSZUBILDEND,1.0,38.5,9240,9240,8316,10164,5,2,2,8,1,0,nicht anrechenbar,0,0.0,-9240,9,9,2,0,0,1852,1,,,,,,0,,0,,5,5,5,0,741,1,5,5,5,0,648,1,3,3,3,0,463,0,ST-ITS1,Intensivstation,12,Intensivmedizin,2.0,3.0,06:00,14:00,450,,13:30,21:30,450,F,21:15,06:15,495,F|S,11,10,8,10,30,45,8,38.5,30,0.05,0,2.0.0,20261146
AZ-002,2026-11-11,history,-19,Mittwoch,3,46,0,0,,Auszubildende_r_2_Ausbildungsjahr,Auszubildende,AUSZUBILDEND,1.0,38.5,9240,9240,8316,10164,5,2,2,8,1,0,nicht anrechenbar,0,0.0,-9240,9,9,2,0,0,1852,1,,,,,,0,,0,,5,5,5,0,741,1,5,5,5,0,648,1,3,3,3,0,463,0,ST-ITS1,Intensivstation,12,Intensivmedizin,2.0,3.0,06:00,14:00,450,,13:30,21:30,450,F,21:15,06:15,495,F|S,11,10,8,10,30,45,8,38.5,30,0.05,0,2.0.0,20261146
AZ-003,2026-11-11,history,-19,Mittwoch,3,46,0,0,,Auszubildende_r_1_Ausbildungsjahr,Auszubildende,AUSZUBILDEND,1.0,38.5,9240,9240,8316,10164,5,2,2,0,0,0,nicht anrechenbar,0,0.0,-9240,9,9,2,0,0,1852,1,,,,,,0,,0,,5,5,5,0,741,1,5,5,5,0,648,1,3,3,3,0,463,0,ST-ITS1,Intensivstation,12,Intensivmedizin,2.0,3.0,06:00,14:00,450,,13:30,21:30,450,F,21:15,06:15,495,F|S,11,10,8,10,30,45,8,38.5,30,0.05,0,2.0.0,20261146
PK-001,2026-11-11,history,-19,Mittwoch,3,46,0,0,,Stationsleitung,Pflegefachkraft,EXAM|LEITUNG|PRAXISANLEITUNG,1.0,38.5,9240,4620,4158,5082,5,2,2,0,0,1,Pflegefachkraft,1,0.5,5814,9,9,2,0,0,1852,1,,,,,F,0,,0,,5,5,5,0,741,1,5,5,5,0,648,1,3,3,3,0,463,0,ST-ITS1,Intensivstation,12,Intensivmedizin,2.0,3.0,06:00,14:00,450,,13:30,21:30,450,F,21:15,06:15,495,F|S,11,10,8,10,30,45,8,38.5,30,0.05,0,2.0.0,20261146
PK-002,2026-11-11,history,-19,Mittwoch,3,46,0,0,,Pflegefachkraft,Pflegefachkraft,EXAM|PRAXISANLEITUNG|KARDIO_MONITORING,1.0,38.5,9240,9240,8316,10164,5,2,2,8,1,1,Pflegefachkraft,0,0.0,-1815,9,9,2,0,0,1852,1,,,,,,0,,0,,5,5,5,0,741,1,5,5,5,0,648,1,3,3,3,0,463,0,ST-ITS1,Intensivstation,12,Intensivmedizin,2.0,3.0,06:00,14:00,450,,13:30,21:30,450,F,21:15,06:15,495,F|S,11,10,8,10,30,45,8,38.5,30,0.05,0,2.0.0,20261146
PK-003,2026-11-11,history,-19,Mittwoch,3,46,0,0,,Pflegefachkraft,Pflegefachkraft,EXAM,1.0,38.5,9240,9240,8316,10164,5,2,2,8,1,1,Pflegefachkraft,0,0.0,-1815,9,9,2,0,0,1852,1,,,,,,0,,0,,5,5,5,0,741,1,5,5,5,0,648,1,3,3,3,0,463,0,ST-ITS1,Intensivstation,12,Intensivmedizin,2.0,3.0,06:00,14:00,450,,13:30,21:30,450,F,21:15,06:15,495,F|S,11,10,8,10,30,45,8,38.5,30,0.05,0,2.0.0,20261146
PK-004,2026-11-11,history,-19,Mittwoch,3,46,0,0,,Pflegefachkraft,Pflegefachkraft,EXAM,1.0,38.5,9240,9240,8316,10164,5,2,2,8,1,1,Pflegefachkraft,0,0.0,-1995,9,9,2,0,0,1852,1,,,,,S,0,,0,,5,5,5,0,741,1,5,5,5,0,648,1,3,3,3,0,463,0,ST-ITS1,Intensivstation,12,Intensivmedizin,2.0,3.0,06:00,14:00,450,,13:30,21:30,450,F,21:15,06:15,495,F|S,11,10,8,10,30,45,8,38.5,30,0.05,0,2.0.0,20261146
PK-005,2026-11-11,history,-19,Mittwoch,3,46,0,0,,Pflegefachkraft,Pflegefachkraft,EXAM,1.0,38.5,9240,9240,8316,10164,5,2,2,8,1,1,Pflegefachkraft,0,0.0,-1905,9,9,2,0,0,1852,1,,,,,,0,,0,,5,5,5,0,741,1,5,5,5,0,648,1,3,3,3,0,463,0,ST-ITS1,Intensivstation,12,Intensivmedizin,2.0,3.0,06:00,14:00,450,,13:30,21:30,450,F,21:15,06:15,495,F|S,11,10,8,10,30,45,8,38.5,30,0.05,0,2.0.0,20261146
PK-006,2026-11-11,history,-19,Mittwoch,3,46,0,0,,Pflegefachkraft,Pflegefachkraft,EXAM|PRAXISANLEITUNG|KARDIO_MONITORING,1.0,38.5,9240,9240,8316,10164,5,2,2,8,1,1,Pflegefachkraft,0,0.0,-1905,9,9,2,0,0,1852,1,,,,,F,0,,0,,5,5,5,0,741,1,5,5,5,0,648,1,3,3,3,0,463,0,ST-ITS1,Intensivstation,12,Intensivmedizin,2.0,3.0,06:00,14:00,450,,13:30,21:30,450,F,21:15,06:15,495,F|S,11,10,8,10,30,45,8,38.5,30,0.05,0,2.0.0,20261146
PK-007,2026-11-11,history,-19,Mittwoch,3,46,0,0,,Pflegefachkraft,Pflegefachkraft,EXAM,1.0,38.5,9240,9240,8316,10164,5,2,2,8,1,1,Pflegefachkraft,0,0.0,1104,9,9,2,0,0,1852,1,,,,,,0,,0,,5,5,5,0,741,1,5,5,5,0,648,1,3,3,3,0,463,0,ST-ITS1,Intensivstation,12,Intensivmedizin,2.0,3.0,06:00,14:00,450,,13:30,21:30,450,F,21:15,06:15,495,F|S,11,10,8,10,30,45,8,38.5,30,0.05,0,2.0.0,20261146
PK-008,2026-11-11,history,-19,Mittwoch,3,46,0,0,,Pflegefachkraft,Pflegefachkraft,EXAM|KARDIO_MONITORING,1.0,38.5,9240,9240,8316,10164,5,2,2,8,1,1,Pflegefachkraft,0,0.0,-2265,9,9,2,0,0,1852,1,,,,,N,0,,0,,5,5,5,0,741,1,5,5,5,0,648,1,3,3,3,0,463,0,ST-ITS1,Intensivstation,12,Intensivmedizin,2.0,3.0,06:00,14:00,450,,13:30,21:30,450,F,21:15,06:15,495,F|S,11,10,8,10,30,45,8,38.5,30,0.05,0,2.0.0,20261146
PK-009,2026-11-11,history,-19,Mittwoch,3,46,0,0,,Pflegefachkraft,Pflegefachkraft,EXAM,1.0,38.5,9240,9240,8316,10164,5,2,2,8,1,1,Pflegefachkraft,0,0.0,-1995,9,9,2,0,0,1852,1,,,,,F,0,,0,,5,5,5,0,741,1,5,5,5,0,648,1,3,3,3,0,463,0,ST-ITS1,Intensivstation,12,Intensivmedizin,2.0,3.0,06:00,14:00,450,,13:30,21:30,450,F,21:15,06:15,495,F|S,11,10,8,10,30,45,8,38.5,30,0.05,0,2.0.0,20261146
PK-010,2026-11-11,history,-19,Mittwoch,3,46,0,0,,Pflegefachkraft,Pflegefachkraft,EXAM|PRAXISANLEITUNG|KARDIO_MONITORING,0.6,23.1,5544,5544,4990,6098,5,2,2,8,1,1,Pflegefachkraft,0,0.0,-999,9,9,2,0,0,1852,1,,,,,,0,,0,,5,5,5,0,741,1,5,5,5,0,648,1,3,3,3,0,463,0,ST-ITS1,Intensivstation,12,Intensivmedizin,2.0,3.0,06:00,14:00,450,,13:30,21:30,450,F,21:15,06:15,495,F|S,11,10,8,10,30,45,8,38.5,30,0.05,0,2.0.0,20261146
PK-011,2026-11-11,history,-19,Mittwoch,3,46,0,0,,Pflegefachkraft,Pflegefachkraft,EXAM|KARDIO_MONITORING,0.5,19.25,4620,4620,4158,5082,5,2,2,8,1,1,Pflegefachkraft,0,0.0,-1020,9,9,2,0,0,1852,1,,,,,S,0,,0,,5,5,5,0,741,1,5,5,5,0,648,1,3,3,3,0,463,0,ST-ITS1,Intensivstation,12,Intensivmedizin,2.0,3.0,06:00,14:00,450,,13:30,21:30,450,F,21:15,06:15,495,F|S,11,10,8,10,30,45,8,38.5,30,0.05,0,2.0.0,20261146
PK-012,2026-11-11,history,-19,Mittwoch,3,46,0,0,,Pflegefachkraft,Pflegefachkraft,EXAM|KARDIO_MONITORING,0.75,28.88,6931,6931,6238,7624,5,2,2,8,1,1,Pflegefachkraft,0,0.0,-1530,9,9,2,0,0,1852,1,,,,,F,0,,0,,5,5,5,0,741,1,5,5,5,0,648,1,3,3,3,0,463,0,ST-ITS1,Intensivstation,12,Intensivmedizin,2.0,3.0,06:00,14:00,450,,13:30,21:30,450,F,21:15,06:15,495,F|S,11,10,8,10,30,45,8,38.5,30,0.05,0,2.0.0,20261146
PK-013,2026-11-11,history,-19,Mittwoch,3,46,0,0,,Pflegefachkraft,Pflegefachkraft,EXAM|KARDIO_MONITORING,1.0,38.5,9240,9240,8316,10164,5,2,2,8,1,1,Pflegefachkraft,0,0.0,-1905,9,9,2,0,0,1852,1,,,,,S,0,,0,,5,5,5,0,741,1,5,5,5,0,648,1,3,3,3,0,463,0,ST-ITS1,Intensivstation,12,Intensivmedizin,2.0,3.0,06:00,14:00,450,,13:30,21:30,450,F,21:15,06:15,495,F|S,11,10,8,10,30,45,8,38.5,30,0.05,0,2.0.0,20261146
PK-014,2026-11-11,history,-19,Mittwoch,3,46,0,0,,Pflegefachkraft,Pflegefachkraft,EXAM,1.0,38.5,9240,9240,8316,10164,5,2,2,8,1,1,Pflegefachkraft,0,0.0,-1680,9,9,2,0,0,1852,1,,,,,N,0,,0,,5,5,5,0,741,1,5,5,5,0,648,1,3,3,3,0,463,0,ST-ITS1,Intensivstation,12,Intensivmedizin,2.0,3.0,06:00,14:00,450,,13:30,21:30,450,F,21:15,06:15,495,F|S,11,10,8,10,30,45,8,38.5,30,0.05,0,2.0.0,20261146
PK-015,2026-11-11,history,-19,Mittwoch,3,46,0,0,,Pflegefachkraft,Pflegefachkraft,EXAM|KARDIO_MONITORING,0.5,19.25,4620,4620,4158,5082,5,2,2,8,1,1,Pflegefachkraft,0,0.0,-930,9,9,2,0,0,1852,1,,,,,,0,,0,,5,5,5,0,741,1,5,5,5,0,648,1,3,3,3,0,463,0,ST-ITS1,Intensivstation,12,Intensivmedizin,2.0,3.0,06:00,14:00,450,,13:30,21:30,450,F,21:15,06:15,495,F|S,11,10,8,10,30,45,8,38.5,30,0.05,0,2.0.0,20261146
PK-016,2026-11-11,history,-19,Mittwoch,3,46,0,0,,Pflegefachkraft,Pflegefachkraft,EXAM,0.9,34.65,8316,8316,7484,9148,5,2,2,8,1,1,Pflegefachkraft,0,0.0,1255,9,9,2,0,0,1852,0,URLAUB,,,,,0,,0,,5,5,5,0,741,1,5,5,5,0,648,1,3,3,3,0,463,0,ST-ITS1,Intensivstation,12,Intensivmedizin,2.0,3.0,06:00,14:00,450,,13:30,21:30,450,F,21:15,06:15,495,F|S,11,10,8,10,30,45,8,38.5,30,0.05,0,2.0.0,20261146
PK-017,2026-11-11,history,-19,Mittwoch,3,46,0,0,,Pflegefachkraft,Pflegefachkraft,EXAM|KARDIO_MONITORING,1.0,38.5,9240,9240,8316,10164,5,2,2,8,1,1,Pflegefachkraft,0,0.0,-1680,9,9,2,0,0,1852,1,,,,,N,0,,0,,5,5,5,0,741,1,5,5,5,0,648,1,3,3,3,0,463,0,ST-ITS1,Intensivstation,12,Intensivmedizin,2.0,3.0,06:00,14:00,450,,13:30,21:30,450,F,21:15,06:15,495,F|S,11,10,8,10,30,45,8,38.5,30,0.05,0,2.0.0,20261146
PK-018,2026-11-11,history,-19,Mittwoch,3,46,0,0,,Pflegefachkraft,Pflegefachkraft,EXAM|PRAXISANLEITUNG,0.6,23.1,5544,5544,4990,6098,5,2,2,8,1,1,Pflegefachkraft,0,0.0,-909,9,9,2,0,0,1852,1,,,,,,0,,0,,5,5,5,0,741,1,5,5,5,0,648,1,3,3,3,0,463,0,ST-ITS1,Intensivstation,12,Intensivmedizin,2.0,3.0,06:00,14:00,450,,13:30,21:30,450,F,21:15,06:15,495,F|S,11,10,8,10,30,45,8,38.5,30,0.05,0,2.0.0,20261146
PK-019,2026-11-11,history,-19,Mittwoch,3,46,0,0,,Pflegefachkraft,Pflegefachkraft,EXAM,0.6,23.1,5544,5544,4990,6098,5,2,2,8,1,1,Pflegefachkraft,0,0.0,-954,9,9,2,0,0,1852,1,,,,,,0,,0,,5,5,5,0,741,1,5,5,5,0,648,1,3,3,3,0,463,0,ST-ITS1,Intensivstation,12,Intensivmedizin,2.0,3.0,06:00,14:00,450,,13:30,21:30,450,F,21:15,06:15,495,F|S,11,10,8,10,30,45,8,38.5,30,0.05,0,2.0.0,20261146
PK-020,2026-11-11,history,-19,Mittwoch,3,46,0,0,,Pflegefachkraft,Pflegefachkraft,EXAM|PRAXISANLEITUNG,0.8,30.8,7392,7392,6653,8131,5,2,2,8,1,1,Pflegefachkraft,0,0.0,-1497,9,9,2,0,0,1852,1,,,,,,0,,0,,5,5,5,0,741,1,5,5,5,0,648,1,3,3,3,0,463,0,ST-ITS1,Intensivstation,12,Intensivmedizin,2.0,3.0,06:00,14:00,450,,13:30,21:30,450,F,21:15,06:15,495,F|S,11,10,8,10,30,45,8,38.5,30,0.05,0,2.0.0,20261146
PK-021,2026-11-11,history,-19,Mittwoch,3,46,0,0,,Pflegefachkraft,Pflegefachkraft,EXAM|PRAXISANLEITUNG,0.5,19.25,4620,4620,4158,5082,5,2,2,8,1,1,Pflegefachkraft,0,0.0,-975,9,9,2,0,0,1852,1,,,,,,0,,0,,5,5,5,0,741,1,5,5,5,0,648,1,3,3,3,0,463,0,ST-ITS1,Intensivstation,12,Intensivmedizin,2.0,3.0,06:00,14:00,450,,13:30,21:30,450,F,21:15,06:15,495,F|S,11,10,8,10,30,45,8,38.5,30,0.05,0,2.0.0,20261146
PK-022,2026-11-11,history,-19,Mittwoch,3,46,0,0,,Pflegefachkraft,Pflegefachkraft,EXAM,0.7,26.95,6468,6468,5821,7115,5,2,2,8,1,1,Pflegefachkraft,0,0.0,-1473,9,9,2,0,0,1852,1,,,,,F,0,,0,,5,5,5,0,741,1,5,5,5,0,648,1,3,3,3,0,463,0,ST-ITS1,Intensivstation,12,Intensivmedizin,2.0,3.0,06:00,14:00,450,,13:30,21:30,450,F,21:15,06:15,495,F|S,11,10,8,10,30,45,8,38.5,30,0.05,0,2.0.0,20261146
PK-023,2026-11-11,history,-19,Mittwoch,3,46,0,0,,Pflegefachkraft,Pflegefachkraft,EXAM,1.0,38.5,9240,9240,8316,10164,5,2,2,8,1,1,Pflegefachkraft,0,0.0,-2040,9,9,2,0,0,1852,1,,,,,S,0,,0,,5,5,5,0,741,1,5,5,5,0,648,1,3,3,3,0,463,0,ST-ITS1,Intensivstation,12,Intensivmedizin,2.0,3.0,06:00,14:00,450,,13:30,21:30,450,F,21:15,06:15,495,F|S,11,10,8,10,30,45,8,38.5,30,0.05,0,2.0.0,20261146
PK-024,2026-11-11,history,-19,Mittwoch,3,46,0,0,,Pflegefachkraft,Pflegefachkraft,EXAM|PRAXISANLEITUNG,1.0,38.5,9240,9240,8316,10164,5,2,2,8,1,1,Pflegefachkraft,0,0.0,-2310,9,9,2,0,0,1852,1,,,,,S,0,,0,,5,5,5,0,741,1,5,5,5,0,648,1,3,3,3,0,463,0,ST-ITS1,Intensivstation,12,Intensivmedizin,2.0,3.0,06:00,14:00,450,,13:30,21:30,450,F,21:15,06:15,495,F|S,11,10,8,10,30,45,8,38.5,30,0.05,0,2.0.0,20261146
PK-025,2026-11-11,history,-19,Mittwoch,3,46,0,0,,Pflegefachkraft,Pflegefachkraft,EXAM,1.0,38.5,9240,9240,8316,10164,5,2,2,8,1,1,Pflegefachkraft,0,0.0,-1680,9,9,2,0,0,1852,1,,,,,,0,,0,,5,5,5,0,741,1,5,5,5,0,648,1,3,3,3,0,463,0,ST-ITS1,Intensivstation,12,Intensivmedizin,2.0,3.0,06:00,14:00,450,,13:30,21:30,450,F,21:15,06:15,495,F|S,11,10,8,10,30,45,8,38.5,30,0.05,0,2.0.0,20261146
AZ-001,2026-11-12,history,-18,Donnerstag,4,46,0,0,,Auszubildende_r_3_Ausbildungsjahr,Auszubildende,AUSZUBILDEND,1.0,38.5,9240,9240,8316,10164,5,2,2,8,1,0,nicht anrechenbar,0,0.0,-9240,9,9,0,2,0,1483,1,,,,,,0,,0,,5,5,5,0,593,1,5,5,5,0,519,1,3,3,3,0,371,0,ST-ITS1,Intensivstation,12,Intensivmedizin,2.0,3.0,06:00,14:00,450,,13:30,21:30,450,F,21:15,06:15,495,F|S,11,10,8,10,30,45,8,38.5,30,0.05,0,2.0.0,20261146
AZ-002,2026-11-12,history,-18,Donnerstag,4,46,0,0,,Auszubildende_r_2_Ausbildungsjahr,Auszubildende,AUSZUBILDEND,1.0,38.5,9240,9240,8316,10164,5,2,2,8,1,0,nicht anrechenbar,0,0.0,-9240,9,9,0,2,0,1483,1,,,,,,0,,0,,5,5,5,0,593,1,5,5,5,0,519,1,3,3,3,0,371,0,ST-ITS1,Intensivstation,12,Intensivmedizin,2.0,3.0,06:00,14:00,450,,13:30,21:30,450,F,21:15,06:15,495,F|S,11,10,8,10,30,45,8,38.5,30,0.05,0,2.0.0,20261146
AZ-003,2026-11-12,history,-18,Donnerstag,4,46,0,0,,Auszubildende_r_1_Ausbildungsjahr,Auszubildende,AUSZUBILDEND,1.0,38.5,9240,9240,8316,10164,5,2,2,0,0,0,nicht anrechenbar,0,0.0,-9240,9,9,0,2,0,1483,1,,,,,,0,,0,,5,5,5,0,593,1,5,5,5,0,519,1,3,3,3,0,371,0,ST-ITS1,Intensivstation,12,Intensivmedizin,2.0,3.0,06:00,14:00,450,,13:30,21:30,450,F,21:15,06:15,495,F|S,11,10,8,10,30,45,8,38.5,30,0.05,0,2.0.0,20261146
PK-001,2026-11-12,history,-18,Donnerstag,4,46,0,0,,Stationsleitung,Pflegefachkraft,EXAM|LEITUNG|PRAXISANLEITUNG,1.0,38.5,9240,4620,4158,5082,5,2,2,0,0,1,Pflegefachkraft,1,0.5,5814,9,9,0,2,0,1483,1,,,,,F,0,,0,,5,5,5,0,593,1,5,5,5,0,519,1,3,3,3,0,371,0,ST-ITS1,Intensivstation,12,Intensivmedizin,2.0,3.0,06:00,14:00,450,,13:30,21:30,450,F,21:15,06:15,495,F|S,11,10,8,10,30,45,8,38.5,30,0.05,0,2.0.0,20261146
PK-002,2026-11-12,history,-18,Donnerstag,4,46,0,0,,Pflegefachkraft,Pflegefachkraft,EXAM|PRAXISANLEITUNG|KARDIO_MONITORING,1.0,38.5,9240,9240,8316,10164,5,2,2,8,1,1,Pflegefachkraft,0,0.0,-1815,9,9,0,2,0,1483,1,,,,,N,0,,0,,5,5,5,0,593,1,5,5,5,0,519,1,3,3,3,0,371,0,ST-ITS1,Intensivstation,12,Intensivmedizin,2.0,3.0,06:00,14:00,450,,13:30,21:30,450,F,21:15,06:15,495,F|S,11,10,8,10,30,45,8,38.5,30,0.05,0,2.0.0,20261146
PK-003,2026-11-12,history,-18,Donnerstag,4,46,0,0,,Pflegefachkraft,Pflegefachkraft,EXAM,1.0,38.5,9240,9240,8316,10164,5,2,2,8,1,1,Pflegefachkraft,0,0.0,-1815,9,9,0,2,0,1483,1,,,,,N,0,,0,,5,5,5,0,593,1,5,5,5,0,519,1,3,3,3,0,371,0,ST-ITS1,Intensivstation,12,Intensivmedizin,2.0,3.0,06:00,14:00,450,,13:30,21:30,450,F,21:15,06:15,495,F|S,11,10,8,10,30,45,8,38.5,30,0.05,0,2.0.0,20261146
PK-004,2026-11-12,history,-18,Donnerstag,4,46,0,0,,Pflegefachkraft,Pflegefachkraft,EXAM,1.0,38.5,9240,9240,8316,10164,5,2,2,8,1,1,Pflegefachkraft,0,0.0,-1995,9,9,0,2,0,1483,1,,,,,,0,,0,,5,5,5,0,593,1,5,5,5,0,519,1,3,3,3,0,371,0,ST-ITS1,Intensivstation,12,Intensivmedizin,2.0,3.0,06:00,14:00,450,,13:30,21:30,450,F,21:15,06:15,495,F|S,11,10,8,10,30,45,8,38.5,30,0.05,0,2.0.0,20261146
PK-005,2026-11-12,history,-18,Donnerstag,4,46,0,0,,Pflegefachkraft,Pflegefachkraft,EXAM,1.0,38.5,9240,9240,8316,10164,5,2,2,8,1,1,Pflegefachkraft,0,0.0,-1905,9,9,0,2,0,1483,1,,,,,F,0,,0,,5,5,5,0,593,1,5,5,5,0,519,1,3,3,3,0,371,0,ST-ITS1,Intensivstation,12,Intensivmedizin,2.0,3.0,06:00,14:00,450,,13:30,21:30,450,F,21:15,06:15,495,F|S,11,10,8,10,30,45,8,38.5,30,0.05,0,2.0.0,20261146
PK-006,2026-11-12,history,-18,Donnerstag,4,46,0,0,,Pflegefachkraft,Pflegefachkraft,EXAM|PRAXISANLEITUNG|KARDIO_MONITORING,1.0,38.5,9240,9240,8316,10164,5,2,2,8,1,1,Pflegefachkraft,0,0.0,-1905,9,9,0,2,0,1483,1,,,,,,0,,0,,5,5,5,0,593,1,5,5,5,0,519,1,3,3,3,0,371,0,ST-ITS1,Intensivstation,12,Intensivmedizin,2.0,3.0,06:00,14:00,450,,13:30,21:30,450,F,21:15,06:15,495,F|S,11,10,8,10,30,45,8,38.5,30,0.05,0,2.0.0,20261146
PK-007,2026-11-12,history,-18,Donnerstag,4,46,0,0,,Pflegefachkraft,Pflegefachkraft,EXAM,1.0,38.5,9240,9240,8316,10164,5,2,2,8,1,1,Pflegefachkraft,0,0.0,1104,9,9,0,2,0,1483,1,,,,,F,0,,0,,5,5,5,0,593,1,5,5,5,0,519,1,3,3,3,0,371,0,ST-ITS1,Intensivstation,12,Intensivmedizin,2.0,3.0,06:00,14:00,450,,13:30,21:30,450,F,21:15,06:15,495,F|S,11,10,8,10,30,45,8,38.5,30,0.05,0,2.0.0,20261146
PK-008,2026-11-12,history,-18,Donnerstag,4,46,0,0,,Pflegefachkraft,Pflegefachkraft,EXAM|KARDIO_MONITORING,1.0,38.5,9240,9240,8316,10164,5,2,2,8,1,1,Pflegefachkraft,0,0.0,-2265,9,9,0,2,0,1483,1,,,,,,0,,0,,5,5,5,0,593,1,5,5,5,0,519,1,3,3,3,0,371,0,ST-ITS1,Intensivstation,12,Intensivmedizin,2.0,3.0,06:00,14:00,450,,13:30,21:30,450,F,21:15,06:15,495,F|S,11,10,8,10,30,45,8,38.5,30,0.05,0,2.0.0,20261146
PK-009,2026-11-12,history,-18,Donnerstag,4,46,0,0,,Pflegefachkraft,Pflegefachkraft,EXAM,1.0,38.5,9240,9240,8316,10164,5,2,2,8,1,1,Pflegefachkraft,0,0.0,-1995,9,9,0,2,0,1483,1,,,,,F,0,,0,,5,5,5,0,593,1,5,5,5,0,519,1,3,3,3,0,371,0,ST-ITS1,Intensivstation,12,Intensivmedizin,2.0,3.0,06:00,14:00,450,,13:30,21:30,450,F,21:15,06:15,495,F|S,11,10,8,10,30,45,8,38.5,30,0.05,0,2.0.0,20261146
PK-010,2026-11-12,history,-18,Donnerstag,4,46,0,0,,Pflegefachkraft,Pflegefachkraft,EXAM|PRAXISANLEITUNG|KARDIO_MONITORING,0.6,23.1,5544,5544,4990,6098,5,2,2,8,1,1,Pflegefachkraft,0,0.0,-999,9,9,0,2,0,1483,1,,,,,S,0,,0,,5,5,5,0,593,1,5,5,5,0,519,1,3,3,3,0,371,0,ST-ITS1,Intensivstation,12,Intensivmedizin,2.0,3.0,06:00,14:00,450,,13:30,21:30,450,F,21:15,06:15,495,F|S,11,10,8,10,30,45,8,38.5,30,0.05,0,2.0.0,20261146
PK-011,2026-11-12,history,-18,Donnerstag,4,46,0,0,,Pflegefachkraft,Pflegefachkraft,EXAM|KARDIO_MONITORING,0.5,19.25,4620,4620,4158,5082,5,2,2,8,1,1,Pflegefachkraft,0,0.0,-1020,9,9,0,2,0,1483,1,,,,,,0,,0,,5,5,5,0,593,1,5,5,5,0,519,1,3,3,3,0,371,0,ST-ITS1,Intensivstation,12,Intensivmedizin,2.0,3.0,06:00,14:00,450,,13:30,21:30,450,F,21:15,06:15,495,F|S,11,10,8,10,30,45,8,38.5,30,0.05,0,2.0.0,20261146
PK-012,2026-11-12,history,-18,Donnerstag,4,46,0,0,,Pflegefachkraft,Pflegefachkraft,EXAM|KARDIO_MONITORING,0.75,28.88,6931,6931,6238,7624,5,2,2,8,1,1,Pflegefachkraft,0,0.0,-1530,9,9,0,2,0,1483,1,,,,,S,0,,0,,5,5,5,0,593,1,5,5,5,0,519,1,3,3,3,0,371,0,ST-ITS1,Intensivstation,12,Intensivmedizin,2.0,3.0,06:00,14:00,450,,13:30,21:30,450,F,21:15,06:15,495,F|S,11,10,8,10,30,45,8,38.5,30,0.05,0,2.0.0,20261146
PK-013,2026-11-12,history,-18,Donnerstag,4,46,0,0,,Pflegefachkraft,Pflegefachkraft,EXAM|KARDIO_MONITORING,1.0,38.5,9240,9240,8316,10164,5,2,2,8,1,1,Pflegefachkraft,0,0.0,-1905,9,9,0,2,0,1483,1,,,,,,0,,0,,5,5,5,0,593,1,5,5,5,0,519,1,3,3,3,0,371,0,ST-ITS1,Intensivstation,12,Intensivmedizin,2.0,3.0,06:00,14:00,450,,13:30,21:30,450,F,21:15,06:15,495,F|S,11,10,8,10,30,45,8,38.5,30,0.05,0,2.0.0,20261146
PK-014,2026-11-12,history,-18,Donnerstag,4,46,0,0,,Pflegefachkraft,Pflegefachkraft,EXAM,1.0,38.5,9240,9240,8316,10164,5,2,2,8,1,1,Pflegefachkraft,0,0.0,-1680,9,9,0,2,0,1483,1,,,,,,0,,0,,5,5,5,0,593,1,5,5,5,0,519,1,3,3,3,0,371,0,ST-ITS1,Intensivstation,12,Intensivmedizin,2.0,3.0,06:00,14:00,450,,13:30,21:30,450,F,21:15,06:15,495,F|S,11,10,8,10,30,45,8,38.5,30,0.05,0,2.0.0,20261146
PK-015,2026-11-12,history,-18,Donnerstag,4,46,0,0,,Pflegefachkraft,Pflegefachkraft,EXAM|KARDIO_MONITORING,0.5,19.25,4620,4620,4158,5082,5,2,2,8,1,1,Pflegefachkraft,0,0.0,-930,9,9,0,2,0,1483,1,,,,,F,0,,0,,5,5,5,0,593,1,5,5,5,0,519,1,3,3,3,0,371,0,ST-ITS1,Intensivstation,12,Intensivmedizin,2.0,3.0,06:00,14:00,450,,13:30,21:30,450,F,21:15,06:15,495,F|S,11,10,8,10,30,45,8,38.5,30,0.05,0,2.0.0,20261146
PK-016,2026-11-12,history,-18,Donnerstag,4,46,0,0,,Pflegefachkraft,Pflegefachkraft,EXAM,0.9,34.65,8316,8316,7484,9148,5,2,2,8,1,1,Pflegefachkraft,0,0.0,1255,9,9,0,2,0,1483,0,URLAUB,,,,,0,,0,,5,5,5,0,593,1,5,5,5,0,519,1,3,3,3,0,371,0,ST-ITS1,Intensivstation,12,Intensivmedizin,2.0,3.0,06:00,14:00,450,,13:30,21:30,450,F,21:15,06:15,495,F|S,11,10,8,10,30,45,8,38.5,30,0.05,0,2.0.0,20261146
PK-017,2026-11-12,history,-18,Donnerstag,4,46,0,0,,Pflegefachkraft,Pflegefachkraft,EXAM|KARDIO_MONITORING,1.0,38.5,9240,9240,8316,10164,5,2,2,8,1,1,Pflegefachkraft,0,0.0,-1680,9,9,0,2,0,1483,1,,,,,,0,,0,,5,5,5,0,593,1,5,5,5,0,519,1,3,3,3,0,371,0,ST-ITS1,Intensivstation,12,Intensivmedizin,2.0,3.0,06:00,14:00,450,,13:30,21:30,450,F,21:15,06:15,495,F|S,11,10,8,10,30,45,8,38.5,30,0.05,0,2.0.0,20261146
PK-018,2026-11-12,history,-18,Donnerstag,4,46,0,0,,Pflegefachkraft,Pflegefachkraft,EXAM|PRAXISANLEITUNG,0.6,23.1,5544,5544,4990,6098,5,2,2,8,1,1,Pflegefachkraft,0,0.0,-909,9,9,0,2,0,1483,1,,,,,S,0,,0,,5,5,5,0,593,1,5,5,5,0,519,1,3,3,3,0,371,0,ST-ITS1,Intensivstation,12,Intensivmedizin,2.0,3.0,06:00,14:00,450,,13:30,21:30,450,F,21:15,06:15,495,F|S,11,10,8,10,30,45,8,38.5,30,0.05,0,2.0.0,20261146
PK-019,2026-11-12,history,-18,Donnerstag,4,46,0,0,,Pflegefachkraft,Pflegefachkraft,EXAM,0.6,23.1,5544,5544,4990,6098,5,2,2,8,1,1,Pflegefachkraft,0,0.0,-954,9,9,0,2,0,1483,1,,,,,,0,,0,,5,5,5,0,593,1,5,5,5,0,519,1,3,3,3,0,371,0,ST-ITS1,Intensivstation,12,Intensivmedizin,2.0,3.0,06:00,14:00,450,,13:30,21:30,450,F,21:15,06:15,495,F|S,11,10,8,10,30,45,8,38.5,30,0.05,0,2.0.0,20261146
PK-020,2026-11-12,history,-18,Donnerstag,4,46,0,0,,Pflegefachkraft,Pflegefachkraft,EXAM|PRAXISANLEITUNG,0.8,30.8,7392,7392,6653,8131,5,2,2,8,1,1,Pflegefachkraft,0,0.0,-1497,9,9,0,2,0,1483,1,,,,,S,0,,0,,5,5,5,0,593,1,5,5,5,0,519,1,3,3,3,0,371,0,ST-ITS1,Intensivstation,12,Intensivmedizin,2.0,3.0,06:00,14:00,450,,13:30,21:30,450,F,21:15,06:15,495,F|S,11,10,8,10,30,45,8,38.5,30,0.05,0,2.0.0,20261146
PK-021,2026-11-12,history,-18,Donnerstag,4,46,0,0,,Pflegefachkraft,Pflegefachkraft,EXAM|PRAXISANLEITUNG,0.5,19.25,4620,4620,4158,5082,5,2,2,8,1,1,Pflegefachkraft,0,0.0,-975,9,9,0,2,0,1483,1,,,,,S,0,,0,,5,5,5,0,593,1,5,5,5,0,519,1,3,3,3,0,371,0,ST-ITS1,Intensivstation,12,Intensivmedizin,2.0,3.0,06:00,14:00,450,,13:30,21:30,450,F,21:15,06:15,495,F|S,11,10,8,10,30,45,8,38.5,30,0.05,0,2.0.0,20261146
PK-022,2026-11-12,history,-18,Donnerstag,4,46,0,0,,Pflegefachkraft,Pflegefachkraft,EXAM,0.7,26.95,6468,6468,5821,7115,5,2,2,8,1,1,Pflegefachkraft,0,0.0,-1473,9,9,0,2,0,1483,1,,,,,,0,,0,,5,5,5,0,593,1,5,5,5,0,519,1,3,3,3,0,371,0,ST-ITS1,Intensivstation,12,Intensivmedizin,2.0,3.0,06:00,14:00,450,,13:30,21:30,450,F,21:15,06:15,495,F|S,11,10,8,10,30,45,8,38.5,30,0.05,0,2.0.0,20261146
PK-023,2026-11-12,history,-18,Donnerstag,4,46,0,0,,Pflegefachkraft,Pflegefachkraft,EXAM,1.0,38.5,9240,9240,8316,10164,5,2,2,8,1,1,Pflegefachkraft,0,0.0,-2040,9,9,0,2,0,1483,1,,,,,,0,,0,,5,5,5,0,593,1,5,5,5,0,519,1,3,3,3,0,371,0,ST-ITS1,Intensivstation,12,Intensivmedizin,2.0,3.0,06:00,14:00,450,,13:30,21:30,450,F,21:15,06:15,495,F|S,11,10,8,10,30,45,8,38.5,30,0.05,0,2.0.0,20261146
PK-024,2026-11-12,history,-18,Donnerstag,4,46,0,0,,Pflegefachkraft,Pflegefachkraft,EXAM|PRAXISANLEITUNG,1.0,38.5,9240,9240,8316,10164,5,2,2,8,1,1,Pflegefachkraft,0,0.0,-2310,9,9,0,2,0,1483,1,,,,,,0,,0,,5,5,5,0,593,1,5,5,5,0,519,1,3,3,3,0,371,0,ST-ITS1,Intensivstation,12,Intensivmedizin,2.0,3.0,06:00,14:00,450,,13:30,21:30,450,F,21:15,06:15,495,F|S,11,10,8,10,30,45,8,38.5,30,0.05,0,2.0.0,20261146
PK-025,2026-11-12,history,-18,Donnerstag,4,46,0,0,,Pflegefachkraft,Pflegefachkraft,EXAM,1.0,38.5,9240,9240,8316,10164,5,2,2,8,1,1,Pflegefachkraft,0,0.0,-1680,9,9,0,2,0,1483,1,,,,,N,0,,0,,5,5,5,0,593,1,5,5,5,0,519,1,3,3,3,0,371,0,ST-ITS1,Intensivstation,12,Intensivmedizin,2.0,3.0,06:00,14:00,450,,13:30,21:30,450,F,21:15,06:15,495,F|S,11,10,8,10,30,45,8,38.5,30,0.05,0,2.0.0,20261146
AZ-001,2026-11-13,history,-17,Freitag,5,46,0,0,,Auszubildende_r_3_Ausbildungsjahr,Auszubildende,AUSZUBILDEND,1.0,38.5,9240,9240,8316,10164,5,2,2,8,1,0,nicht anrechenbar,0,0.0,-9240,8,8,2,0,1,1793,1,,,,,,0,,0,,4,4,4,0,717,1,4,4,4,0,628,1,3,3,3,0,448,0,ST-ITS1,Intensivstation,12,Intensivmedizin,2.0,3.0,06:00,14:00,450,,13:30,21:30,450,F,21:15,06:15,495,F|S,11,10,8,10,30,45,8,38.5,30,0.05,0,2.0.0,20261146
AZ-002,2026-11-13,history,-17,Freitag,5,46,0,0,,Auszubildende_r_2_Ausbildungsjahr,Auszubildende,AUSZUBILDEND,1.0,38.5,9240,9240,8316,10164,5,2,2,8,1,0,nicht anrechenbar,0,0.0,-9240,8,8,2,0,1,1793,1,,,,,,0,,0,,4,4,4,0,717,1,4,4,4,0,628,1,3,3,3,0,448,0,ST-ITS1,Intensivstation,12,Intensivmedizin,2.0,3.0,06:00,14:00,450,,13:30,21:30,450,F,21:15,06:15,495,F|S,11,10,8,10,30,45,8,38.5,30,0.05,0,2.0.0,20261146
AZ-003,2026-11-13,history,-17,Freitag,5,46,0,0,,Auszubildende_r_1_Ausbildungsjahr,Auszubildende,AUSZUBILDEND,1.0,38.5,9240,9240,8316,10164,5,2,2,0,0,0,nicht anrechenbar,0,0.0,-9240,8,8,2,0,1,1793,1,,,,,,0,,0,,4,4,4,0,717,1,4,4,4,0,628,1,3,3,3,0,448,0,ST-ITS1,Intensivstation,12,Intensivmedizin,2.0,3.0,06:00,14:00,450,,13:30,21:30,450,F,21:15,06:15,495,F|S,11,10,8,10,30,45,8,38.5,30,0.05,0,2.0.0,20261146
PK-001,2026-11-13,history,-17,Freitag,5,46,0,0,,Stationsleitung,Pflegefachkraft,EXAM|LEITUNG|PRAXISANLEITUNG,1.0,38.5,9240,4620,4158,5082,5,2,2,0,0,1,Pflegefachkraft,1,0.5,5814,8,8,2,0,1,1793,1,,,,,F,0,,0,,4,4,4,0,717,1,4,4,4,0,628,1,3,3,3,0,448,0,ST-ITS1,Intensivstation,12,Intensivmedizin,2.0,3.0,06:00,14:00,450,,13:30,21:30,450,F,21:15,06:15,495,F|S,11,10,8,10,30,45,8,38.5,30,0.05,0,2.0.0,20261146
PK-002,2026-11-13,history,-17,Freitag,5,46,0,0,,Pflegefachkraft,Pflegefachkraft,EXAM|PRAXISANLEITUNG|KARDIO_MONITORING,1.0,38.5,9240,9240,8316,10164,5,2,2,8,1,1,Pflegefachkraft,0,0.0,-1815,8,8,2,0,1,1793,1,,,,,,0,,0,,4,4,4,0,717,1,4,4,4,0,628,1,3,3,3,0,448,0,ST-ITS1,Intensivstation,12,Intensivmedizin,2.0,3.0,06:00,14:00,450,,13:30,21:30,450,F,21:15,06:15,495,F|S,11,10,8,10,30,45,8,38.5,30,0.05,0,2.0.0,20261146
PK-003,2026-11-13,history,-17,Freitag,5,46,0,0,,Pflegefachkraft,Pflegefachkraft,EXAM,1.0,38.5,9240,9240,8316,10164,5,2,2,8,1,1,Pflegefachkraft,0,0.0,-1815,8,8,2,0,1,1793,1,,,,,,0,,0,,4,4,4,0,717,1,4,4,4,0,628,1,3,3,3,0,448,0,ST-ITS1,Intensivstation,12,Intensivmedizin,2.0,3.0,06:00,14:00,450,,13:30,21:30,450,F,21:15,06:15,495,F|S,11,10,8,10,30,45,8,38.5,30,0.05,0,2.0.0,20261146
PK-004,2026-11-13,history,-17,Freitag,5,46,0,0,,Pflegefachkraft,Pflegefachkraft,EXAM,1.0,38.5,9240,9240,8316,10164,5,2,2,8,1,1,Pflegefachkraft,0,0.0,-1995,8,8,2,0,1,1793,1,,,,,S,0,,0,,4,4,4,0,717,1,4,4,4,0,628,1,3,3,3,0,448,0,ST-ITS1,Intensivstation,12,Intensivmedizin,2.0,3.0,06:00,14:00,450,,13:30,21:30,450,F,21:15,06:15,495,F|S,11,10,8,10,30,45,8,38.5,30,0.05,0,2.0.0,20261146
PK-005,2026-11-13,history,-17,Freitag,5,46,0,0,,Pflegefachkraft,Pflegefachkraft,EXAM,1.0,38.5,9240,9240,8316,10164,5,2,2,8,1,1,Pflegefachkraft,0,0.0,-1905,8,8,2,0,1,1793,1,,,,,,0,,0,,4,4,4,0,717,1,4,4,4,0,628,1,3,3,3,0,448,0,ST-ITS1,Intensivstation,12,Intensivmedizin,2.0,3.0,06:00,14:00,450,,13:30,21:30,450,F,21:15,06:15,495,F|S,11,10,8,10,30,45,8,38.5,30,0.05,0,2.0.0,20261146
PK-006,2026-11-13,history,-17,Freitag,5,46,0,0,,Pflegefachkraft,Pflegefachkraft,EXAM|PRAXISANLEITUNG|KARDIO_MONITORING,1.0,38.5,9240,9240,8316,10164,5,2,2,8,1,1,Pflegefachkraft,0,0.0,-1905,8,8,2,0,1,1793,1,,,,,F,0,,0,,4,4,4,0,717,1,4,4,4,0,628,1,3,3,3,0,448,0,ST-ITS1,Intensivstation,12,Intensivmedizin,2.0,3.0,06:00,14:00,450,,13:30,21:30,450,F,21:15,06:15,495,F|S,11,10,8,10,30,45,8,38.5,30,0.05,0,2.0.0,20261146
PK-007,2026-11-13,history,-17,Freitag,5,46,0,0,,Pflegefachkraft,Pflegefachkraft,EXAM,1.0,38.5,9240,9240,8316,10164,5,2,2,8,1,1,Pflegefachkraft,0,0.0,1104,8,8,2,0,1,1793,0,URLAUB,,,,,0,,0,,4,4,4,0,717,1,4,4,4,0,628,1,3,3,3,0,448,0,ST-ITS1,Intensivstation,12,Intensivmedizin,2.0,3.0,06:00,14:00,450,,13:30,21:30,450,F,21:15,06:15,495,F|S,11,10,8,10,30,45,8,38.5,30,0.05,0,2.0.0,20261146
PK-008,2026-11-13,history,-17,Freitag,5,46,0,0,,Pflegefachkraft,Pflegefachkraft,EXAM|KARDIO_MONITORING,1.0,38.5,9240,9240,8316,10164,5,2,2,8,1,1,Pflegefachkraft,0,0.0,-2265,8,8,2,0,1,1793,1,,,,,F,0,,0,,4,4,4,0,717,1,4,4,4,0,628,1,3,3,3,0,448,0,ST-ITS1,Intensivstation,12,Intensivmedizin,2.0,3.0,06:00,14:00,450,,13:30,21:30,450,F,21:15,06:15,495,F|S,11,10,8,10,30,45,8,38.5,30,0.05,0,2.0.0,20261146
PK-009,2026-11-13,history,-17,Freitag,5,46,0,0,,Pflegefachkraft,Pflegefachkraft,EXAM,1.0,38.5,9240,9240,8316,10164,5,2,2,8,1,1,Pflegefachkraft,0,0.0,-1995,8,8,2,0,1,1793,1,,,,,,0,,0,,4,4,4,0,717,1,4,4,4,0,628,1,3,3,3,0,448,0,ST-ITS1,Intensivstation,12,Intensivmedizin,2.0,3.0,06:00,14:00,450,,13:30,21:30,450,F,21:15,06:15,495,F|S,11,10,8,10,30,45,8,38.5,30,0.05,0,2.0.0,20261146
PK-010,2026-11-13,history,-17,Freitag,5,46,0,0,,Pflegefachkraft,Pflegefachkraft,EXAM|PRAXISANLEITUNG|KARDIO_MONITORING,0.6,23.1,5544,5544,4990,6098,5,2,2,8,1,1,Pflegefachkraft,0,0.0,-999,8,8,2,0,1,1793,1,,,,,,0,,0,,4,4,4,0,717,1,4,4,4,0,628,1,3,3,3,0,448,0,ST-ITS1,Intensivstation,12,Intensivmedizin,2.0,3.0,06:00,14:00,450,,13:30,21:30,450,F,21:15,06:15,495,F|S,11,10,8,10,30,45,8,38.5,30,0.05,0,2.0.0,20261146
PK-011,2026-11-13,history,-17,Freitag,5,46,0,0,,Pflegefachkraft,Pflegefachkraft,EXAM|KARDIO_MONITORING,0.5,19.25,4620,4620,4158,5082,5,2,2,8,1,1,Pflegefachkraft,0,0.0,-1020,8,8,2,0,1,1793,1,,,,,,0,,0,,4,4,4,0,717,1,4,4,4,0,628,1,3,3,3,0,448,0,ST-ITS1,Intensivstation,12,Intensivmedizin,2.0,3.0,06:00,14:00,450,,13:30,21:30,450,F,21:15,06:15,495,F|S,11,10,8,10,30,45,8,38.5,30,0.05,0,2.0.0,20261146
PK-012,2026-11-13,history,-17,Freitag,5,46,0,0,,Pflegefachkraft,Pflegefachkraft,EXAM|KARDIO_MONITORING,0.75,28.88,6931,6931,6238,7624,5,2,2,8,1,1,Pflegefachkraft,0,0.0,-1530,8,8,2,0,1,1793,1,,,,,,0,,0,,4,4,4,0,717,1,4,4,4,0,628,1,3,3,3,0,448,0,ST-ITS1,Intensivstation,12,Intensivmedizin,2.0,3.0,06:00,14:00,450,,13:30,21:30,450,F,21:15,06:15,495,F|S,11,10,8,10,30,45,8,38.5,30,0.05,0,2.0.0,20261146
PK-013,2026-11-13,history,-17,Freitag,5,46,0,0,,Pflegefachkraft,Pflegefachkraft,EXAM|KARDIO_MONITORING,1.0,38.5,9240,9240,8316,10164,5,2,2,8,1,1,Pflegefachkraft,0,0.0,-1905,8,8,2,0,1,1793,1,,,,,S,0,,0,,4,4,4,0,717,1,4,4,4,0,628,1,3,3,3,0,448,0,ST-ITS1,Intensivstation,12,Intensivmedizin,2.0,3.0,06:00,14:00,450,,13:30,21:30,450,F,21:15,06:15,495,F|S,11,10,8,10,30,45,8,38.5,30,0.05,0,2.0.0,20261146
PK-014,2026-11-13,history,-17,Freitag,5,46,0,0,,Pflegefachkraft,Pflegefachkraft,EXAM,1.0,38.5,9240,9240,8316,10164,5,2,2,8,1,1,Pflegefachkraft,0,0.0,-1680,8,8,2,0,1,1793,1,,,,,N,0,,0,,4,4,4,0,717,1,4,4,4,0,628,1,3,3,3,0,448,0,ST-ITS1,Intensivstation,12,Intensivmedizin,2.0,3.0,06:00,14:00,450,,13:30,21:30,450,F,21:15,06:15,495,F|S,11,10,8,10,30,45,8,38.5,30,0.05,0,2.0.0,20261146
PK-015,2026-11-13,history,-17,Freitag,5,46,0,0,,Pflegefachkraft,Pflegefachkraft,EXAM|KARDIO_MONITORING,0.5,19.25,4620,4620,4158,5082,5,2,2,8,1,1,Pflegefachkraft,0,0.0,-930,8,8,2,0,1,1793,1,,,,,,0,,0,,4,4,4,0,717,1,4,4,4,0,628,1,3,3,3,0,448,0,ST-ITS1,Intensivstation,12,Intensivmedizin,2.0,3.0,06:00,14:00,450,,13:30,21:30,450,F,21:15,06:15,495,F|S,11,10,8,10,30,45,8,38.5,30,0.05,0,2.0.0,20261146
PK-016,2026-11-13,history,-17,Freitag,5,46,0,0,,Pflegefachkraft,Pflegefachkraft,EXAM,0.9,34.65,8316,8316,7484,9148,5,2,2,8,1,1,Pflegefachkraft,0,0.0,1255,8,8,2,0,1,1793,1,,,,,N,0,,0,,4,4,4,0,717,1,4,4,4,0,628,1,3,3,3,0,448,0,ST-ITS1,Intensivstation,12,Intensivmedizin,2.0,3.0,06:00,14:00,450,,13:30,21:30,450,F,21:15,06:15,495,F|S,11,10,8,10,30,45,8,38.5,30,0.05,0,2.0.0,20261146
PK-017,2026-11-13,history,-17,Freitag,5,46,0,0,,Pflegefachkraft,Pflegefachkraft,EXAM|KARDIO_MONITORING,1.0,38.5,9240,9240,8316,10164,5,2,2,8,1,1,Pflegefachkraft,0,0.0,-1680,8,8,2,0,1,1793,1,,,,,N,0,,0,,4,4,4,0,717,1,4,4,4,0,628,1,3,3,3,0,448,0,ST-ITS1,Intensivstation,12,Intensivmedizin,2.0,3.0,06:00,14:00,450,,13:30,21:30,450,F,21:15,06:15,495,F|S,11,10,8,10,30,45,8,38.5,30,0.05,0,2.0.0,20261146
PK-018,2026-11-13,history,-17,Freitag,5,46,0,0,,Pflegefachkraft,Pflegefachkraft,EXAM|PRAXISANLEITUNG,0.6,23.1,5544,5544,4990,6098,5,2,2,8,1,1,Pflegefachkraft,0,0.0,-909,8,8,2,0,1,1793,1,,,,,,0,,0,,4,4,4,0,717,1,4,4,4,0,628,1,3,3,3,0,448,0,ST-ITS1,Intensivstation,12,Intensivmedizin,2.0,3.0,06:00,14:00,450,,13:30,21:30,450,F,21:15,06:15,495,F|S,11,10,8,10,30,45,8,38.5,30,0.05,0,2.0.0,20261146
PK-019,2026-11-13,history,-17,Freitag,5,46,0,0,,Pflegefachkraft,Pflegefachkraft,EXAM,0.6,23.1,5544,5544,4990,6098,5,2,2,8,1,1,Pflegefachkraft,0,0.0,-954,8,8,2,0,1,1793,1,,,,,F,0,,0,,4,4,4,0,717,1,4,4,4,0,628,1,3,3,3,0,448,0,ST-ITS1,Intensivstation,12,Intensivmedizin,2.0,3.0,06:00,14:00,450,,13:30,21:30,450,F,21:15,06:15,495,F|S,11,10,8,10,30,45,8,38.5,30,0.05,0,2.0.0,20261146
PK-020,2026-11-13,history,-17,Freitag,5,46,0,0,,Pflegefachkraft,Pflegefachkraft,EXAM|PRAXISANLEITUNG,0.8,30.8,7392,7392,6653,8131,5,2,2,8,1,1,Pflegefachkraft,0,0.0,-1497,8,8,2,0,1,1793,1,,,,,,0,,0,,4,4,4,0,717,1,4,4,4,0,628,1,3,3,3,0,448,0,ST-ITS1,Intensivstation,12,Intensivmedizin,2.0,3.0,06:00,14:00,450,,13:30,21:30,450,F,21:15,06:15,495,F|S,11,10,8,10,30,45,8,38.5,30,0.05,0,2.0.0,20261146
PK-021,2026-11-13,history,-17,Freitag,5,46,0,0,,Pflegefachkraft,Pflegefachkraft,EXAM|PRAXISANLEITUNG,0.5,19.25,4620,4620,4158,5082,5,2,2,8,1,1,Pflegefachkraft,0,0.0,-975,8,8,2,0,1,1793,1,,,,,,0,,0,,4,4,4,0,717,1,4,4,4,0,628,1,3,3,3,0,448,0,ST-ITS1,Intensivstation,12,Intensivmedizin,2.0,3.0,06:00,14:00,450,,13:30,21:30,450,F,21:15,06:15,495,F|S,11,10,8,10,30,45,8,38.5,30,0.05,0,2.0.0,20261146
PK-022,2026-11-13,history,-17,Freitag,5,46,0,0,,Pflegefachkraft,Pflegefachkraft,EXAM,0.7,26.95,6468,6468,5821,7115,5,2,2,8,1,1,Pflegefachkraft,0,0.0,-1473,8,8,2,0,1,1793,1,,,,,,0,,0,,4,4,4,0,717,1,4,4,4,0,628,1,3,3,3,0,448,0,ST-ITS1,Intensivstation,12,Intensivmedizin,2.0,3.0,06:00,14:00,450,,13:30,21:30,450,F,21:15,06:15,495,F|S,11,10,8,10,30,45,8,38.5,30,0.05,0,2.0.0,20261146
PK-023,2026-11-13,history,-17,Freitag,5,46,0,0,,Pflegefachkraft,Pflegefachkraft,EXAM,1.0,38.5,9240,9240,8316,10164,5,2,2,8,1,1,Pflegefachkraft,0,0.0,-2040,8,8,2,0,1,1793,1,,,,,S,0,,0,,4,4,4,0,717,1,4,4,4,0,628,1,3,3,3,0,448,0,ST-ITS1,Intensivstation,12,Intensivmedizin,2.0,3.0,06:00,14:00,450,,13:30,21:30,450,F,21:15,06:15,495,F|S,11,10,8,10,30,45,8,38.5,30,0.05,0,2.0.0,20261146
PK-024,2026-11-13,history,-17,Freitag,5,46,0,0,,Pflegefachkraft,Pflegefachkraft,EXAM|PRAXISANLEITUNG,1.0,38.5,9240,9240,8316,10164,5,2,2,8,1,1,Pflegefachkraft,0,0.0,-2310,8,8,2,0,1,1793,1,,,,,S,0,,0,,4,4,4,0,717,1,4,4,4,0,628,1,3,3,3,0,448,0,ST-ITS1,Intensivstation,12,Intensivmedizin,2.0,3.0,06:00,14:00,450,,13:30,21:30,450,F,21:15,06:15,495,F|S,11,10,8,10,30,45,8,38.5,30,0.05,0,2.0.0,20261146
PK-025,2026-11-13,history,-17,Freitag,5,46,0,0,,Pflegefachkraft,Pflegefachkraft,EXAM,1.0,38.5,9240,9240,8316,10164,5,2,2,8,1,1,Pflegefachkraft,0,0.0,-1680,8,8,2,0,1,1793,1,,,,,,0,,0,,4,4,4,0,717,1,4,4,4,0,628,1,3,3,3,0,448,0,ST-ITS1,Intensivstation,12,Intensivmedizin,2.0,3.0,06:00,14:00,450,,13:30,21:30,450,F,21:15,06:15,495,F|S,11,10,8,10,30,45,8,38.5,30,0.05,0,2.0.0,20261146
AZ-001,2026-11-14,history,-16,Samstag,6,46,1,0,,Auszubildende_r_3_Ausbildungsjahr,Auszubildende,AUSZUBILDEND,1.0,38.5,9240,9240,8316,10164,5,2,2,8,1,0,nicht anrechenbar,0,0.0,-9240,8,6,1,0,1,1444,1,,,,,,0,,0,,4,4,4,0,578,1,4,4,4,0,505,1,2,2,2,0,361,0,ST-ITS1,Intensivstation,12,Intensivmedizin,2.0,3.0,06:00,14:00,450,,13:30,21:30,450,F,21:15,06:15,495,F|S,11,10,8,10,30,45,8,38.5,30,0.05,0,2.0.0,20261146
AZ-002,2026-11-14,history,-16,Samstag,6,46,1,0,,Auszubildende_r_2_Ausbildungsjahr,Auszubildende,AUSZUBILDEND,1.0,38.5,9240,9240,8316,10164,5,2,2,8,1,0,nicht anrechenbar,0,0.0,-9240,8,6,1,0,1,1444,1,,,,,,0,,0,,4,4,4,0,578,1,4,4,4,0,505,1,2,2,2,0,361,0,ST-ITS1,Intensivstation,12,Intensivmedizin,2.0,3.0,06:00,14:00,450,,13:30,21:30,450,F,21:15,06:15,495,F|S,11,10,8,10,30,45,8,38.5,30,0.05,0,2.0.0,20261146
AZ-003,2026-11-14,history,-16,Samstag,6,46,1,0,,Auszubildende_r_1_Ausbildungsjahr,Auszubildende,AUSZUBILDEND,1.0,38.5,9240,9240,8316,10164,5,2,2,0,0,0,nicht anrechenbar,0,0.0,-9240,8,6,1,0,1,1444,1,,,,,,0,,0,,4,4,4,0,578,1,4,4,4,0,505,1,2,2,2,0,361,0,ST-ITS1,Intensivstation,12,Intensivmedizin,2.0,3.0,06:00,14:00,450,,13:30,21:30,450,F,21:15,06:15,495,F|S,11,10,8,10,30,45,8,38.5,30,0.05,0,2.0.0,20261146
PK-001,2026-11-14,history,-16,Samstag,6,46,1,0,,Stationsleitung,Pflegefachkraft,EXAM|LEITUNG|PRAXISANLEITUNG,1.0,38.5,9240,4620,4158,5082,5,2,2,0,0,1,Pflegefachkraft,1,0.5,5814,8,6,1,0,1,1444,1,,,,,F,0,,0,,4,4,4,0,578,1,4,4,4,0,505,1,2,2,2,0,361,0,ST-ITS1,Intensivstation,12,Intensivmedizin,2.0,3.0,06:00,14:00,450,,13:30,21:30,450,F,21:15,06:15,495,F|S,11,10,8,10,30,45,8,38.5,30,0.05,0,2.0.0,20261146
PK-002,2026-11-14,history,-16,Samstag,6,46,1,0,,Pflegefachkraft,Pflegefachkraft,EXAM|PRAXISANLEITUNG|KARDIO_MONITORING,1.0,38.5,9240,9240,8316,10164,5,2,2,8,1,1,Pflegefachkraft,0,0.0,-1815,8,6,1,0,1,1444,1,,,,,F,0,,0,,4,4,4,0,578,1,4,4,4,0,505,1,2,2,2,0,361,0,ST-ITS1,Intensivstation,12,Intensivmedizin,2.0,3.0,06:00,14:00,450,,13:30,21:30,450,F,21:15,06:15,495,F|S,11,10,8,10,30,45,8,38.5,30,0.05,0,2.0.0,20261146
PK-003,2026-11-14,history,-16,Samstag,6,46,1,0,,Pflegefachkraft,Pflegefachkraft,EXAM,1.0,38.5,9240,9240,8316,10164,5,2,2,8,1,1,Pflegefachkraft,0,0.0,-1815,8,6,1,0,1,1444,1,,,,,F,0,,0,,4,4,4,0,578,1,4,4,4,0,505,1,2,2,2,0,361,0,ST-ITS1,Intensivstation,12,Intensivmedizin,2.0,3.0,06:00,14:00,450,,13:30,21:30,450,F,21:15,06:15,495,F|S,11,10,8,10,30,45,8,38.5,30,0.05,0,2.0.0,20261146
PK-004,2026-11-14,history,-16,Samstag,6,46,1,0,,Pflegefachkraft,Pflegefachkraft,EXAM,1.0,38.5,9240,9240,8316,10164,5,2,2,8,1,1,Pflegefachkraft,0,0.0,-1995,8,6,1,0,1,1444,1,,,,,,0,,0,,4,4,4,0,578,1,4,4,4,0,505,1,2,2,2,0,361,0,ST-ITS1,Intensivstation,12,Intensivmedizin,2.0,3.0,06:00,14:00,450,,13:30,21:30,450,F,21:15,06:15,495,F|S,11,10,8,10,30,45,8,38.5,30,0.05,0,2.0.0,20261146
PK-005,2026-11-14,history,-16,Samstag,6,46,1,0,,Pflegefachkraft,Pflegefachkraft,EXAM,1.0,38.5,9240,9240,8316,10164,5,2,2,8,1,1,Pflegefachkraft,0,0.0,-1905,8,6,1,0,1,1444,1,,,,,F,0,,0,,4,4,4,0,578,1,4,4,4,0,505,1,2,2,2,0,361,0,ST-ITS1,Intensivstation,12,Intensivmedizin,2.0,3.0,06:00,14:00,450,,13:30,21:30,450,F,21:15,06:15,495,F|S,11,10,8,10,30,45,8,38.5,30,0.05,0,2.0.0,20261146
PK-006,2026-11-14,history,-16,Samstag,6,46,1,0,,Pflegefachkraft,Pflegefachkraft,EXAM|PRAXISANLEITUNG|KARDIO_MONITORING,1.0,38.5,9240,9240,8316,10164,5,2,2,8,1,1,Pflegefachkraft,0,0.0,-1905,8,6,1,0,1,1444,1,,,,,,0,,0,,4,4,4,0,578,1,4,4,4,0,505,1,2,2,2,0,361,0,ST-ITS1,Intensivstation,12,Intensivmedizin,2.0,3.0,06:00,14:00,450,,13:30,21:30,450,F,21:15,06:15,495,F|S,11,10,8,10,30,45,8,38.5,30,0.05,0,2.0.0,20261146
PK-007,2026-11-14,history,-16,Samstag,6,46,1,0,,Pflegefachkraft,Pflegefachkraft,EXAM,1.0,38.5,9240,9240,8316,10164,5,2,2,8,1,1,Pflegefachkraft,0,0.0,1104,8,6,1,0,1,1444,0,URLAUB,,,,,0,,0,,4,4,4,0,578,1,4,4,4,0,505,1,2,2,2,0,361,0,ST-ITS1,Intensivstation,12,Intensivmedizin,2.0,3.0,06:00,14:00,450,,13:30,21:30,450,F,21:15,06:15,495,F|S,11,10,8,10,30,45,8,38.5,30,0.05,0,2.0.0,20261146
PK-008,2026-11-14,history,-16,Samstag,6,46,1,0,,Pflegefachkraft,Pflegefachkraft,EXAM|KARDIO_MONITORING,1.0,38.5,9240,9240,8316,10164,5,2,2,8,1,1,Pflegefachkraft,0,0.0,-2265,8,6,1,0,1,1444,1,,,,,S,0,,0,,4,4,4,0,578,1,4,4,4,0,505,1,2,2,2,0,361,0,ST-ITS1,Intensivstation,12,Intensivmedizin,2.0,3.0,06:00,14:00,450,,13:30,21:30,450,F,21:15,06:15,495,F|S,11,10,8,10,30,45,8,38.5,30,0.05,0,2.0.0,20261146
PK-009,2026-11-14,history,-16,Samstag,6,46,1,0,,Pflegefachkraft,Pflegefachkraft,EXAM,1.0,38.5,9240,9240,8316,10164,5,2,2,8,1,1,Pflegefachkraft,0,0.0,-1995,8,6,1,0,1,1444,1,,,,,S,0,,0,,4,4,4,0,578,1,4,4,4,0,505,1,2,2,2,0,361,0,ST-ITS1,Intensivstation,12,Intensivmedizin,2.0,3.0,06:00,14:00,450,,13:30,21:30,450,F,21:15,06:15,495,F|S,11,10,8,10,30,45,8,38.5,30,0.05,0,2.0.0,20261146
PK-010,2026-11-14,history,-16,Samstag,6,46,1,0,,Pflegefachkraft,Pflegefachkraft,EXAM|PRAXISANLEITUNG|KARDIO_MONITORING,0.6,23.1,5544,5544,4990,6098,5,2,2,8,1,1,Pflegefachkraft,0,0.0,-999,8,6,1,0,1,1444,1,,,,,,0,,0,,4,4,4,0,578,1,4,4,4,0,505,1,2,2,2,0,361,0,ST-ITS1,Intensivstation,12,Intensivmedizin,2.0,3.0,06:00,14:00,450,,13:30,21:30,450,F,21:15,06:15,495,F|S,11,10,8,10,30,45,8,38.5,30,0.05,0,2.0.0,20261146
PK-011,2026-11-14,history,-16,Samstag,6,46,1,0,,Pflegefachkraft,Pflegefachkraft,EXAM|KARDIO_MONITORING,0.5,19.25,4620,4620,4158,5082,5,2,2,8,1,1,Pflegefachkraft,0,0.0,-1020,8,6,1,0,1,1444,1,,,,,,0,,0,,4,4,4,0,578,1,4,4,4,0,505,1,2,2,2,0,361,0,ST-ITS1,Intensivstation,12,Intensivmedizin,2.0,3.0,06:00,14:00,450,,13:30,21:30,450,F,21:15,06:15,495,F|S,11,10,8,10,30,45,8,38.5,30,0.05,0,2.0.0,20261146
PK-012,2026-11-14,history,-16,Samstag,6,46,1,0,,Pflegefachkraft,Pflegefachkraft,EXAM|KARDIO_MONITORING,0.75,28.88,6931,6931,6238,7624,5,2,2,8,1,1,Pflegefachkraft,0,0.0,-1530,8,6,1,0,1,1444,1,,,,,,0,,0,,4,4,4,0,578,1,4,4,4,0,505,1,2,2,2,0,361,0,ST-ITS1,Intensivstation,12,Intensivmedizin,2.0,3.0,06:00,14:00,450,,13:30,21:30,450,F,21:15,06:15,495,F|S,11,10,8,10,30,45,8,38.5,30,0.05,0,2.0.0,20261146
PK-013,2026-11-14,history,-16,Samstag,6,46,1,0,,Pflegefachkraft,Pflegefachkraft,EXAM|KARDIO_MONITORING,1.0,38.5,9240,9240,8316,10164,5,2,2,8,1,1,Pflegefachkraft,0,0.0,-1905,8,6,1,0,1,1444,1,,,,,,0,,0,,4,4,4,0,578,1,4,4,4,0,505,1,2,2,2,0,361,0,ST-ITS1,Intensivstation,12,Intensivmedizin,2.0,3.0,06:00,14:00,450,,13:30,21:30,450,F,21:15,06:15,495,F|S,11,10,8,10,30,45,8,38.5,30,0.05,0,2.0.0,20261146
PK-014,2026-11-14,history,-16,Samstag,6,46,1,0,,Pflegefachkraft,Pflegefachkraft,EXAM,1.0,38.5,9240,9240,8316,10164,5,2,2,8,1,1,Pflegefachkraft,0,0.0,-1680,8,6,1,0,1,1444,1,,,,,,0,,0,,4,4,4,0,578,1,4,4,4,0,505,1,2,2,2,0,361,0,ST-ITS1,Intensivstation,12,Intensivmedizin,2.0,3.0,06:00,14:00,450,,13:30,21:30,450,F,21:15,06:15,495,F|S,11,10,8,10,30,45,8,38.5,30,0.05,0,2.0.0,20261146
PK-015,2026-11-14,history,-16,Samstag,6,46,1,0,,Pflegefachkraft,Pflegefachkraft,EXAM|KARDIO_MONITORING,0.5,19.25,4620,4620,4158,5082,5,2,2,8,1,1,Pflegefachkraft,0,0.0,-930,8,6,1,0,1,1444,1,,,,,,0,,0,,4,4,4,0,578,1,4,4,4,0,505,1,2,2,2,0,361,0,ST-ITS1,Intensivstation,12,Intensivmedizin,2.0,3.0,06:00,14:00,450,,13:30,21:30,450,F,21:15,06:15,495,F|S,11,10,8,10,30,45,8,38.5,30,0.05,0,2.0.0,20261146
PK-016,2026-11-14,history,-16,Samstag,6,46,1,0,,Pflegefachkraft,Pflegefachkraft,EXAM,0.9,34.65,8316,8316,7484,9148,5,2,2,8,1,1,Pflegefachkraft,0,0.0,1255,8,6,1,0,1,1444,1,,,,,N,0,,0,,4,4,4,0,578,1,4,4,4,0,505,1,2,2,2,0,361,0,ST-ITS1,Intensivstation,12,Intensivmedizin,2.0,3.0,06:00,14:00,450,,13:30,21:30,450,F,21:15,06:15,495,F|S,11,10,8,10,30,45,8,38.5,30,0.05,0,2.0.0,20261146
PK-017,2026-11-14,history,-16,Samstag,6,46,1,0,,Pflegefachkraft,Pflegefachkraft,EXAM|KARDIO_MONITORING,1.0,38.5,9240,9240,8316,10164,5,2,2,8,1,1,Pflegefachkraft,0,0.0,-1680,8,6,1,0,1,1444,1,,,,,,0,,0,,4,4,4,0,578,1,4,4,4,0,505,1,2,2,2,0,361,0,ST-ITS1,Intensivstation,12,Intensivmedizin,2.0,3.0,06:00,14:00,450,,13:30,21:30,450,F,21:15,06:15,495,F|S,11,10,8,10,30,45,8,38.5,30,0.05,0,2.0.0,20261146
PK-018,2026-11-14,history,-16,Samstag,6,46,1,0,,Pflegefachkraft,Pflegefachkraft,EXAM|PRAXISANLEITUNG,0.6,23.1,5544,5544,4990,6098,5,2,2,8,1,1,Pflegefachkraft,0,0.0,-909,8,6,1,0,1,1444,1,,,,,,0,,0,,4,4,4,0,578,1,4,4,4,0,505,1,2,2,2,0,361,0,ST-ITS1,Intensivstation,12,Intensivmedizin,2.0,3.0,06:00,14:00,450,,13:30,21:30,450,F,21:15,06:15,495,F|S,11,10,8,10,30,45,8,38.5,30,0.05,0,2.0.0,20261146
PK-019,2026-11-14,history,-16,Samstag,6,46,1,0,,Pflegefachkraft,Pflegefachkraft,EXAM,0.6,23.1,5544,5544,4990,6098,5,2,2,8,1,1,Pflegefachkraft,0,0.0,-954,8,6,1,0,1,1444,1,,,,,,0,,0,,4,4,4,0,578,1,4,4,4,0,505,1,2,2,2,0,361,0,ST-ITS1,Intensivstation,12,Intensivmedizin,2.0,3.0,06:00,14:00,450,,13:30,21:30,450,F,21:15,06:15,495,F|S,11,10,8,10,30,45,8,38.5,30,0.05,0,2.0.0,20261146
PK-020,2026-11-14,history,-16,Samstag,6,46,1,0,,Pflegefachkraft,Pflegefachkraft,EXAM|PRAXISANLEITUNG,0.8,30.8,7392,7392,6653,8131,5,2,2,8,1,1,Pflegefachkraft,0,0.0,-1497,8,6,1,0,1,1444,1,,,,,S,0,,0,,4,4,4,0,578,1,4,4,4,0,505,1,2,2,2,0,361,0,ST-ITS1,Intensivstation,12,Intensivmedizin,2.0,3.0,06:00,14:00,450,,13:30,21:30,450,F,21:15,06:15,495,F|S,11,10,8,10,30,45,8,38.5,30,0.05,0,2.0.0,20261146
PK-021,2026-11-14,history,-16,Samstag,6,46,1,0,,Pflegefachkraft,Pflegefachkraft,EXAM|PRAXISANLEITUNG,0.5,19.25,4620,4620,4158,5082,5,2,2,8,1,1,Pflegefachkraft,0,0.0,-975,8,6,1,0,1,1444,1,,,,,,0,,0,,4,4,4,0,578,1,4,4,4,0,505,1,2,2,2,0,361,0,ST-ITS1,Intensivstation,12,Intensivmedizin,2.0,3.0,06:00,14:00,450,,13:30,21:30,450,F,21:15,06:15,495,F|S,11,10,8,10,30,45,8,38.5,30,0.05,0,2.0.0,20261146
PK-022,2026-11-14,history,-16,Samstag,6,46,1,0,,Pflegefachkraft,Pflegefachkraft,EXAM,0.7,26.95,6468,6468,5821,7115,5,2,2,8,1,1,Pflegefachkraft,0,0.0,-1473,8,6,1,0,1,1444,1,,,,,S,0,,0,,4,4,4,0,578,1,4,4,4,0,505,1,2,2,2,0,361,0,ST-ITS1,Intensivstation,12,Intensivmedizin,2.0,3.0,06:00,14:00,450,,13:30,21:30,450,F,21:15,06:15,495,F|S,11,10,8,10,30,45,8,38.5,30,0.05,0,2.0.0,20261146
PK-023,2026-11-14,history,-16,Samstag,6,46,1,0,,Pflegefachkraft,Pflegefachkraft,EXAM,1.0,38.5,9240,9240,8316,10164,5,2,2,8,1,1,Pflegefachkraft,0,0.0,-2040,8,6,1,0,1,1444,1,,,,,,0,,0,,4,4,4,0,578,1,4,4,4,0,505,1,2,2,2,0,361,0,ST-ITS1,Intensivstation,12,Intensivmedizin,2.0,3.0,06:00,14:00,450,,13:30,21:30,450,F,21:15,06:15,495,F|S,11,10,8,10,30,45,8,38.5,30,0.05,0,2.0.0,20261146
PK-024,2026-11-14,history,-16,Samstag,6,46,1,0,,Pflegefachkraft,Pflegefachkraft,EXAM|PRAXISANLEITUNG,1.0,38.5,9240,9240,8316,10164,5,2,2,8,1,1,Pflegefachkraft,0,0.0,-2310,8,6,1,0,1,1444,1,,,,,,0,,0,,4,4,4,0,578,1,4,4,4,0,505,1,2,2,2,0,361,0,ST-ITS1,Intensivstation,12,Intensivmedizin,2.0,3.0,06:00,14:00,450,,13:30,21:30,450,F,21:15,06:15,495,F|S,11,10,8,10,30,45,8,38.5,30,0.05,0,2.0.0,20261146
PK-025,2026-11-14,history,-16,Samstag,6,46,1,0,,Pflegefachkraft,Pflegefachkraft,EXAM,1.0,38.5,9240,9240,8316,10164,5,2,2,8,1,1,Pflegefachkraft,0,0.0,-1680,8,6,1,0,1,1444,1,,,,,N,0,,0,,4,4,4,0,578,1,4,4,4,0,505,1,2,2,2,0,361,0,ST-ITS1,Intensivstation,12,Intensivmedizin,2.0,3.0,06:00,14:00,450,,13:30,21:30,450,F,21:15,06:15,495,F|S,11,10,8,10,30,45,8,38.5,30,0.05,0,2.0.0,20261146
AZ-001,2026-11-15,history,-15,Sonntag,7,46,1,0,,Auszubildende_r_3_Ausbildungsjahr,Auszubildende,AUSZUBILDEND,1.0,38.5,9240,9240,8316,10164,5,2,2,8,1,0,nicht anrechenbar,0,0.0,-9240,7,6,0,2,0,1215,1,,,,,,0,,0,,4,4,4,0,486,1,4,4,4,0,425,1,2,2,2,0,304,0,ST-ITS1,Intensivstation,12,Intensivmedizin,2.0,3.0,06:00,14:00,450,,13:30,21:30,450,F,21:15,06:15,495,F|S,11,10,8,10,30,45,8,38.5,30,0.05,0,2.0.0,20261146
AZ-002,2026-11-15,history,-15,Sonntag,7,46,1,0,,Auszubildende_r_2_Ausbildungsjahr,Auszubildende,AUSZUBILDEND,1.0,38.5,9240,9240,8316,10164,5,2,2,8,1,0,nicht anrechenbar,0,0.0,-9240,7,6,0,2,0,1215,1,,,,,,0,,0,,4,4,4,0,486,1,4,4,4,0,425,1,2,2,2,0,304,0,ST-ITS1,Intensivstation,12,Intensivmedizin,2.0,3.0,06:00,14:00,450,,13:30,21:30,450,F,21:15,06:15,495,F|S,11,10,8,10,30,45,8,38.5,30,0.05,0,2.0.0,20261146
AZ-003,2026-11-15,history,-15,Sonntag,7,46,1,0,,Auszubildende_r_1_Ausbildungsjahr,Auszubildende,AUSZUBILDEND,1.0,38.5,9240,9240,8316,10164,5,2,2,0,0,0,nicht anrechenbar,0,0.0,-9240,7,6,0,2,0,1215,1,,,,,,0,,0,,4,4,4,0,486,1,4,4,4,0,425,1,2,2,2,0,304,0,ST-ITS1,Intensivstation,12,Intensivmedizin,2.0,3.0,06:00,14:00,450,,13:30,21:30,450,F,21:15,06:15,495,F|S,11,10,8,10,30,45,8,38.5,30,0.05,0,2.0.0,20261146
PK-001,2026-11-15,history,-15,Sonntag,7,46,1,0,,Stationsleitung,Pflegefachkraft,EXAM|LEITUNG|PRAXISANLEITUNG,1.0,38.5,9240,4620,4158,5082,5,2,2,0,0,1,Pflegefachkraft,1,0.5,5814,7,6,0,2,0,1215,1,,,,,F,0,,0,,4,4,4,0,486,1,4,4,4,0,425,1,2,2,2,0,304,0,ST-ITS1,Intensivstation,12,Intensivmedizin,2.0,3.0,06:00,14:00,450,,13:30,21:30,450,F,21:15,06:15,495,F|S,11,10,8,10,30,45,8,38.5,30,0.05,0,2.0.0,20261146
PK-002,2026-11-15,history,-15,Sonntag,7,46,1,0,,Pflegefachkraft,Pflegefachkraft,EXAM|PRAXISANLEITUNG|KARDIO_MONITORING,1.0,38.5,9240,9240,8316,10164,5,2,2,8,1,1,Pflegefachkraft,0,0.0,-1815,7,6,0,2,0,1215,1,,,,,F,0,,0,,4,4,4,0,486,1,4,4,4,0,425,1,2,2,2,0,304,0,ST-ITS1,Intensivstation,12,Intensivmedizin,2.0,3.0,06:00,14:00,450,,13:30,21:30,450,F,21:15,06:15,495,F|S,11,10,8,10,30,45,8,38.5,30,0.05,0,2.0.0,20261146
PK-003,2026-11-15,history,-15,Sonntag,7,46,1,0,,Pflegefachkraft,Pflegefachkraft,EXAM,1.0,38.5,9240,9240,8316,10164,5,2,2,8,1,1,Pflegefachkraft,0,0.0,-1815,7,6,0,2,0,1215,1,,,,,F,0,,0,,4,4,4,0,486,1,4,4,4,0,425,1,2,2,2,0,304,0,ST-ITS1,Intensivstation,12,Intensivmedizin,2.0,3.0,06:00,14:00,450,,13:30,21:30,450,F,21:15,06:15,495,F|S,11,10,8,10,30,45,8,38.5,30,0.05,0,2.0.0,20261146
PK-004,2026-11-15,history,-15,Sonntag,7,46,1,0,,Pflegefachkraft,Pflegefachkraft,EXAM,1.0,38.5,9240,9240,8316,10164,5,2,2,8,1,1,Pflegefachkraft,0,0.0,-1995,7,6,0,2,0,1215,1,,,,,,0,,0,,4,4,4,0,486,1,4,4,4,0,425,1,2,2,2,0,304,0,ST-ITS1,Intensivstation,12,Intensivmedizin,2.0,3.0,06:00,14:00,450,,13:30,21:30,450,F,21:15,06:15,495,F|S,11,10,8,10,30,45,8,38.5,30,0.05,0,2.0.0,20261146
PK-005,2026-11-15,history,-15,Sonntag,7,46,1,0,,Pflegefachkraft,Pflegefachkraft,EXAM,1.0,38.5,9240,9240,8316,10164,5,2,2,8,1,1,Pflegefachkraft,0,0.0,-1905,7,6,0,2,0,1215,1,,,,,,0,,0,,4,4,4,0,486,1,4,4,4,0,425,1,2,2,2,0,304,0,ST-ITS1,Intensivstation,12,Intensivmedizin,2.0,3.0,06:00,14:00,450,,13:30,21:30,450,F,21:15,06:15,495,F|S,11,10,8,10,30,45,8,38.5,30,0.05,0,2.0.0,20261146
PK-006,2026-11-15,history,-15,Sonntag,7,46,1,0,,Pflegefachkraft,Pflegefachkraft,EXAM|PRAXISANLEITUNG|KARDIO_MONITORING,1.0,38.5,9240,9240,8316,10164,5,2,2,8,1,1,Pflegefachkraft,0,0.0,-1905,7,6,0,2,0,1215,1,,,,,S,0,,0,,4,4,4,0,486,1,4,4,4,0,425,1,2,2,2,0,304,0,ST-ITS1,Intensivstation,12,Intensivmedizin,2.0,3.0,06:00,14:00,450,,13:30,21:30,450,F,21:15,06:15,495,F|S,11,10,8,10,30,45,8,38.5,30,0.05,0,2.0.0,20261146
PK-007,2026-11-15,history,-15,Sonntag,7,46,1,0,,Pflegefachkraft,Pflegefachkraft,EXAM,1.0,38.5,9240,9240,8316,10164,5,2,2,8,1,1,Pflegefachkraft,0,0.0,1104,7,6,0,2,0,1215,0,URLAUB,,,,,0,,0,,4,4,4,0,486,1,4,4,4,0,425,1,2,2,2,0,304,0,ST-ITS1,Intensivstation,12,Intensivmedizin,2.0,3.0,06:00,14:00,450,,13:30,21:30,450,F,21:15,06:15,495,F|S,11,10,8,10,30,45,8,38.5,30,0.05,0,2.0.0,20261146
PK-008,2026-11-15,history,-15,Sonntag,7,46,1,0,,Pflegefachkraft,Pflegefachkraft,EXAM|KARDIO_MONITORING,1.0,38.5,9240,9240,8316,10164,5,2,2,8,1,1,Pflegefachkraft,0,0.0,-2265,7,6,0,2,0,1215,1,,,,,,0,,0,,4,4,4,0,486,1,4,4,4,0,425,1,2,2,2,0,304,0,ST-ITS1,Intensivstation,12,Intensivmedizin,2.0,3.0,06:00,14:00,450,,13:30,21:30,450,F,21:15,06:15,495,F|S,11,10,8,10,30,45,8,38.5,30,0.05,0,2.0.0,20261146
PK-009,2026-11-15,history,-15,Sonntag,7,46,1,0,,Pflegefachkraft,Pflegefachkraft,EXAM,1.0,38.5,9240,9240,8316,10164,5,2,2,8,1,1,Pflegefachkraft,0,0.0,-1995,7,6,0,2,0,1215,1,,,,,,0,,0,,4,4,4,0,486,1,4,4,4,0,425,1,2,2,2,0,304,0,ST-ITS1,Intensivstation,12,Intensivmedizin,2.0,3.0,06:00,14:00,450,,13:30,21:30,450,F,21:15,06:15,495,F|S,11,10,8,10,30,45,8,38.5,30,0.05,0,2.0.0,20261146
PK-010,2026-11-15,history,-15,Sonntag,7,46,1,0,,Pflegefachkraft,Pflegefachkraft,EXAM|PRAXISANLEITUNG|KARDIO_MONITORING,0.6,23.1,5544,5544,4990,6098,5,2,2,8,1,1,Pflegefachkraft,0,0.0,-999,7,6,0,2,0,1215,1,,,,,,0,,0,,4,4,4,0,486,1,4,4,4,0,425,1,2,2,2,0,304,0,ST-ITS1,Intensivstation,12,Intensivmedizin,2.0,3.0,06:00,14:00,450,,13:30,21:30,450,F,21:15,06:15,495,F|S,11,10,8,10,30,45,8,38.5,30,0.05,0,2.0.0,20261146
PK-011,2026-11-15,history,-15,Sonntag,7,46,1,0,,Pflegefachkraft,Pflegefachkraft,EXAM|KARDIO_MONITORING,0.5,19.25,4620,4620,4158,5082,5,2,2,8,1,1,Pflegefachkraft,0,0.0,-1020,7,6,0,2,0,1215,1,,,,,S,0,,0,,4,4,4,0,486,1,4,4,4,0,425,1,2,2,2,0,304,0,ST-ITS1,Intensivstation,12,Intensivmedizin,2.0,3.0,06:00,14:00,450,,13:30,21:30,450,F,21:15,06:15,495,F|S,11,10,8,10,30,45,8,38.5,30,0.05,0,2.0.0,20261146
PK-012,2026-11-15,history,-15,Sonntag,7,46,1,0,,Pflegefachkraft,Pflegefachkraft,EXAM|KARDIO_MONITORING,0.75,28.88,6931,6931,6238,7624,5,2,2,8,1,1,Pflegefachkraft,0,0.0,-1530,7,6,0,2,0,1215,1,,,,,S,0,,0,,4,4,4,0,486,1,4,4,4,0,425,1,2,2,2,0,304,0,ST-ITS1,Intensivstation,12,Intensivmedizin,2.0,3.0,06:00,14:00,450,,13:30,21:30,450,F,21:15,06:15,495,F|S,11,10,8,10,30,45,8,38.5,30,0.05,0,2.0.0,20261146
PK-013,2026-11-15,history,-15,Sonntag,7,46,1,0,,Pflegefachkraft,Pflegefachkraft,EXAM|KARDIO_MONITORING,1.0,38.5,9240,9240,8316,10164,5,2,2,8,1,1,Pflegefachkraft,0,0.0,-1905,7,6,0,2,0,1215,1,,,,,S,0,,0,,4,4,4,0,486,1,4,4,4,0,425,1,2,2,2,0,304,0,ST-ITS1,Intensivstation,12,Intensivmedizin,2.0,3.0,06:00,14:00,450,,13:30,21:30,450,F,21:15,06:15,495,F|S,11,10,8,10,30,45,8,38.5,30,0.05,0,2.0.0,20261146
PK-014,2026-11-15,history,-15,Sonntag,7,46,1,0,,Pflegefachkraft,Pflegefachkraft,EXAM,1.0,38.5,9240,9240,8316,10164,5,2,2,8,1,1,Pflegefachkraft,0,0.0,-1680,7,6,0,2,0,1215,1,,,,,N,0,,0,,4,4,4,0,486,1,4,4,4,0,425,1,2,2,2,0,304,0,ST-ITS1,Intensivstation,12,Intensivmedizin,2.0,3.0,06:00,14:00,450,,13:30,21:30,450,F,21:15,06:15,495,F|S,11,10,8,10,30,45,8,38.5,30,0.05,0,2.0.0,20261146
PK-015,2026-11-15,history,-15,Sonntag,7,46,1,0,,Pflegefachkraft,Pflegefachkraft,EXAM|KARDIO_MONITORING,0.5,19.25,4620,4620,4158,5082,5,2,2,8,1,1,Pflegefachkraft,0,0.0,-930,7,6,0,2,0,1215,1,,,,,,0,,0,,4,4,4,0,486,1,4,4,4,0,425,1,2,2,2,0,304,0,ST-ITS1,Intensivstation,12,Intensivmedizin,2.0,3.0,06:00,14:00,450,,13:30,21:30,450,F,21:15,06:15,495,F|S,11,10,8,10,30,45,8,38.5,30,0.05,0,2.0.0,20261146
PK-016,2026-11-15,history,-15,Sonntag,7,46,1,0,,Pflegefachkraft,Pflegefachkraft,EXAM,0.9,34.65,8316,8316,7484,9148,5,2,2,8,1,1,Pflegefachkraft,0,0.0,1255,7,6,0,2,0,1215,1,,,,,N,0,,0,,4,4,4,0,486,1,4,4,4,0,425,1,2,2,2,0,304,0,ST-ITS1,Intensivstation,12,Intensivmedizin,2.0,3.0,06:00,14:00,450,,13:30,21:30,450,F,21:15,06:15,495,F|S,11,10,8,10,30,45,8,38.5,30,0.05,0,2.0.0,20261146
PK-017,2026-11-15,history,-15,Sonntag,7,46,1,0,,Pflegefachkraft,Pflegefachkraft,EXAM|KARDIO_MONITORING,1.0,38.5,9240,9240,8316,10164,5,2,2,8,1,1,Pflegefachkraft,0,0.0,-1680,7,6,0,2,0,1215,1,,,,,F,0,,0,,4,4,4,0,486,1,4,4,4,0,425,1,2,2,2,0,304,0,ST-ITS1,Intensivstation,12,Intensivmedizin,2.0,3.0,06:00,14:00,450,,13:30,21:30,450,F,21:15,06:15,495,F|S,11,10,8,10,30,45,8,38.5,30,0.05,0,2.0.0,20261146
PK-018,2026-11-15,history,-15,Sonntag,7,46,1,0,,Pflegefachkraft,Pflegefachkraft,EXAM|PRAXISANLEITUNG,0.6,23.1,5544,5544,4990,6098,5,2,2,8,1,1,Pflegefachkraft,0,0.0,-909,7,6,0,2,0,1215,1,,,,,,0,,0,,4,4,4,0,486,1,4,4,4,0,425,1,2,2,2,0,304,0,ST-ITS1,Intensivstation,12,Intensivmedizin,2.0,3.0,06:00,14:00,450,,13:30,21:30,450,F,21:15,06:15,495,F|S,11,10,8,10,30,45,8,38.5,30,0.05,0,2.0.0,20261146
PK-019,2026-11-15,history,-15,Sonntag,7,46,1,0,,Pflegefachkraft,Pflegefachkraft,EXAM,0.6,23.1,5544,5544,4990,6098,5,2,2,8,1,1,Pflegefachkraft,0,0.0,-954,7,6,0,2,0,1215,1,,,,,,0,,0,,4,4,4,0,486,1,4,4,4,0,425,1,2,2,2,0,304,0,ST-ITS1,Intensivstation,12,Intensivmedizin,2.0,3.0,06:00,14:00,450,,13:30,21:30,450,F,21:15,06:15,495,F|S,11,10,8,10,30,45,8,38.5,30,0.05,0,2.0.0,20261146
PK-020,2026-11-15,history,-15,Sonntag,7,46,1,0,,Pflegefachkraft,Pflegefachkraft,EXAM|PRAXISANLEITUNG,0.8,30.8,7392,7392,6653,8131,5,2,2,8,1,1,Pflegefachkraft,0,0.0,-1497,7,6,0,2,0,1215,1,,,,,,0,,0,,4,4,4,0,486,1,4,4,4,0,425,1,2,2,2,0,304,0,ST-ITS1,Intensivstation,12,Intensivmedizin,2.0,3.0,06:00,14:00,450,,13:30,21:30,450,F,21:15,06:15,495,F|S,11,10,8,10,30,45,8,38.5,30,0.05,0,2.0.0,20261146
PK-021,2026-11-15,history,-15,Sonntag,7,46,1,0,,Pflegefachkraft,Pflegefachkraft,EXAM|PRAXISANLEITUNG,0.5,19.25,4620,4620,4158,5082,5,2,2,8,1,1,Pflegefachkraft,0,0.0,-975,7,6,0,2,0,1215,1,,,,,,0,,0,,4,4,4,0,486,1,4,4,4,0,425,1,2,2,2,0,304,0,ST-ITS1,Intensivstation,12,Intensivmedizin,2.0,3.0,06:00,14:00,450,,13:30,21:30,450,F,21:15,06:15,495,F|S,11,10,8,10,30,45,8,38.5,30,0.05,0,2.0.0,20261146
PK-022,2026-11-15,history,-15,Sonntag,7,46,1,0,,Pflegefachkraft,Pflegefachkraft,EXAM,0.7,26.95,6468,6468,5821,7115,5,2,2,8,1,1,Pflegefachkraft,0,0.0,-1473,7,6,0,2,0,1215,1,,,,,,0,,0,,4,4,4,0,486,1,4,4,4,0,425,1,2,2,2,0,304,0,ST-ITS1,Intensivstation,12,Intensivmedizin,2.0,3.0,06:00,14:00,450,,13:30,21:30,450,F,21:15,06:15,495,F|S,11,10,8,10,30,45,8,38.5,30,0.05,0,2.0.0,20261146
PK-023,2026-11-15,history,-15,Sonntag,7,46,1,0,,Pflegefachkraft,Pflegefachkraft,EXAM,1.0,38.5,9240,9240,8316,10164,5,2,2,8,1,1,Pflegefachkraft,0,0.0,-2040,7,6,0,2,0,1215,1,,,,,,0,,0,,4,4,4,0,486,1,4,4,4,0,425,1,2,2,2,0,304,0,ST-ITS1,Intensivstation,12,Intensivmedizin,2.0,3.0,06:00,14:00,450,,13:30,21:30,450,F,21:15,06:15,495,F|S,11,10,8,10,30,45,8,38.5,30,0.05,0,2.0.0,20261146
PK-024,2026-11-15,history,-15,Sonntag,7,46,1,0,,Pflegefachkraft,Pflegefachkraft,EXAM|PRAXISANLEITUNG,1.0,38.5,9240,9240,8316,10164,5,2,2,8,1,1,Pflegefachkraft,0,0.0,-2310,7,6,0,2,0,1215,1,,,,,,0,,0,,4,4,4,0,486,1,4,4,4,0,425,1,2,2,2,0,304,0,ST-ITS1,Intensivstation,12,Intensivmedizin,2.0,3.0,06:00,14:00,450,,13:30,21:30,450,F,21:15,06:15,495,F|S,11,10,8,10,30,45,8,38.5,30,0.05,0,2.0.0,20261146
PK-025,2026-11-15,history,-15,Sonntag,7,46,1,0,,Pflegefachkraft,Pflegefachkraft,EXAM,1.0,38.5,9240,9240,8316,10164,5,2,2,8,1,1,Pflegefachkraft,0,0.0,-1680,7,6,0,2,0,1215,1,,,,,,0,,0,,4,4,4,0,486,1,4,4,4,0,425,1,2,2,2,0,304,0,ST-ITS1,Intensivstation,12,Intensivmedizin,2.0,3.0,06:00,14:00,450,,13:30,21:30,450,F,21:15,06:15,495,F|S,11,10,8,10,30,45,8,38.5,30,0.05,0,2.0.0,20261146
AZ-001,2026-11-16,history,-14,Montag,1,47,0,0,,Auszubildende_r_3_Ausbildungsjahr,Auszubildende,AUSZUBILDEND,1.0,38.5,9240,9240,8316,10164,5,2,2,8,1,0,nicht anrechenbar,0,0.0,-9240,9,7,3,0,2,1817,1,,,,,,0,,0,,5,5,5,0,727,1,5,5,5,0,636,1,3,3,3,0,454,0,ST-ITS1,Intensivstation,12,Intensivmedizin,2.0,3.0,06:00,14:00,450,,13:30,21:30,450,F,21:15,06:15,495,F|S,11,10,8,10,30,45,8,38.5,30,0.05,0,2.0.0,20261146
AZ-002,2026-11-16,history,-14,Montag,1,47,0,0,,Auszubildende_r_2_Ausbildungsjahr,Auszubildende,AUSZUBILDEND,1.0,38.5,9240,9240,8316,10164,5,2,2,8,1,0,nicht anrechenbar,0,0.0,-9240,9,7,3,0,2,1817,1,,,,,,0,,0,,5,5,5,0,727,1,5,5,5,0,636,1,3,3,3,0,454,0,ST-ITS1,Intensivstation,12,Intensivmedizin,2.0,3.0,06:00,14:00,450,,13:30,21:30,450,F,21:15,06:15,495,F|S,11,10,8,10,30,45,8,38.5,30,0.05,0,2.0.0,20261146
AZ-003,2026-11-16,history,-14,Montag,1,47,0,0,,Auszubildende_r_1_Ausbildungsjahr,Auszubildende,AUSZUBILDEND,1.0,38.5,9240,9240,8316,10164,5,2,2,0,0,0,nicht anrechenbar,0,0.0,-9240,9,7,3,0,2,1817,1,,,,,,0,,0,,5,5,5,0,727,1,5,5,5,0,636,1,3,3,3,0,454,0,ST-ITS1,Intensivstation,12,Intensivmedizin,2.0,3.0,06:00,14:00,450,,13:30,21:30,450,F,21:15,06:15,495,F|S,11,10,8,10,30,45,8,38.5,30,0.05,0,2.0.0,20261146
PK-001,2026-11-16,history,-14,Montag,1,47,0,0,,Stationsleitung,Pflegefachkraft,EXAM|LEITUNG|PRAXISANLEITUNG,1.0,38.5,9240,4620,4158,5082,5,2,2,0,0,1,Pflegefachkraft,1,0.5,5814,9,7,3,0,2,1817,1,,,,,,0,,0,,5,5,5,0,727,1,5,5,5,0,636,1,3,3,3,0,454,0,ST-ITS1,Intensivstation,12,Intensivmedizin,2.0,3.0,06:00,14:00,450,,13:30,21:30,450,F,21:15,06:15,495,F|S,11,10,8,10,30,45,8,38.5,30,0.05,0,2.0.0,20261146
PK-002,2026-11-16,history,-14,Montag,1,47,0,0,,Pflegefachkraft,Pflegefachkraft,EXAM|PRAXISANLEITUNG|KARDIO_MONITORING,1.0,38.5,9240,9240,8316,10164,5,2,2,8,1,1,Pflegefachkraft,0,0.0,-1815,9,7,3,0,2,1817,1,,,,,,0,,0,,5,5,5,0,727,1,5,5,5,0,636,1,3,3,3,0,454,0,ST-ITS1,Intensivstation,12,Intensivmedizin,2.0,3.0,06:00,14:00,450,,13:30,21:30,450,F,21:15,06:15,495,F|S,11,10,8,10,30,45,8,38.5,30,0.05,0,2.0.0,20261146
PK-003,2026-11-16,history,-14,Montag,1,47,0,0,,Pflegefachkraft,Pflegefachkraft,EXAM,1.0,38.5,9240,9240,8316,10164,5,2,2,8,1,1,Pflegefachkraft,0,0.0,-1815,9,7,3,0,2,1817,1,,,,,,0,,0,,5,5,5,0,727,1,5,5,5,0,636,1,3,3,3,0,454,0,ST-ITS1,Intensivstation,12,Intensivmedizin,2.0,3.0,06:00,14:00,450,,13:30,21:30,450,F,21:15,06:15,495,F|S,11,10,8,10,30,45,8,38.5,30,0.05,0,2.0.0,20261146
PK-004,2026-11-16,history,-14,Montag,1,47,0,0,,Pflegefachkraft,Pflegefachkraft,EXAM,1.0,38.5,9240,9240,8316,10164,5,2,2,8,1,1,Pflegefachkraft,0,0.0,-1995,9,7,3,0,2,1817,1,,,,,F,0,,0,,5,5,5,0,727,1,5,5,5,0,636,1,3,3,3,0,454,0,ST-ITS1,Intensivstation,12,Intensivmedizin,2.0,3.0,06:00,14:00,450,,13:30,21:30,450,F,21:15,06:15,495,F|S,11,10,8,10,30,45,8,38.5,30,0.05,0,2.0.0,20261146
PK-005,2026-11-16,history,-14,Montag,1,47,0,0,,Pflegefachkraft,Pflegefachkraft,EXAM,1.0,38.5,9240,9240,8316,10164,5,2,2,8,1,1,Pflegefachkraft,0,0.0,-1905,9,7,3,0,2,1817,1,,,,,F,0,,0,,5,5,5,0,727,1,5,5,5,0,636,1,3,3,3,0,454,0,ST-ITS1,Intensivstation,12,Intensivmedizin,2.0,3.0,06:00,14:00,450,,13:30,21:30,450,F,21:15,06:15,495,F|S,11,10,8,10,30,45,8,38.5,30,0.05,0,2.0.0,20261146
PK-006,2026-11-16,history,-14,Montag,1,47,0,0,,Pflegefachkraft,Pflegefachkraft,EXAM|PRAXISANLEITUNG|KARDIO_MONITORING,1.0,38.5,9240,9240,8316,10164,5,2,2,8,1,1,Pflegefachkraft,0,0.0,-1905,9,7,3,0,2,1817,1,,,,,,0,,0,,5,5,5,0,727,1,5,5,5,0,636,1,3,3,3,0,454,0,ST-ITS1,Intensivstation,12,Intensivmedizin,2.0,3.0,06:00,14:00,450,,13:30,21:30,450,F,21:15,06:15,495,F|S,11,10,8,10,30,45,8,38.5,30,0.05,0,2.0.0,20261146
PK-007,2026-11-16,history,-14,Montag,1,47,0,0,,Pflegefachkraft,Pflegefachkraft,EXAM,1.0,38.5,9240,9240,8316,10164,5,2,2,8,1,1,Pflegefachkraft,0,0.0,1104,9,7,3,0,2,1817,0,URLAUB,,,,,0,,0,,5,5,5,0,727,1,5,5,5,0,636,1,3,3,3,0,454,0,ST-ITS1,Intensivstation,12,Intensivmedizin,2.0,3.0,06:00,14:00,450,,13:30,21:30,450,F,21:15,06:15,495,F|S,11,10,8,10,30,45,8,38.5,30,0.05,0,2.0.0,20261146
PK-008,2026-11-16,history,-14,Montag,1,47,0,0,,Pflegefachkraft,Pflegefachkraft,EXAM|KARDIO_MONITORING,1.0,38.5,9240,9240,8316,10164,5,2,2,8,1,1,Pflegefachkraft,0,0.0,-2265,9,7,3,0,2,1817,1,,,,,S,0,,0,,5,5,5,0,727,1,5,5,5,0,636,1,3,3,3,0,454,0,ST-ITS1,Intensivstation,12,Intensivmedizin,2.0,3.0,06:00,14:00,450,,13:30,21:30,450,F,21:15,06:15,495,F|S,11,10,8,10,30,45,8,38.5,30,0.05,0,2.0.0,20261146
PK-009,2026-11-16,history,-14,Montag,1,47,0,0,,Pflegefachkraft,Pflegefachkraft,EXAM,1.0,38.5,9240,9240,8316,10164,5,2,2,8,1,1,Pflegefachkraft,0,0.0,-1995,9,7,3,0,2,1817,1,,,,,F,0,,0,,5,5,5,0,727,1,5,5,5,0,636,1,3,3,3,0,454,0,ST-ITS1,Intensivstation,12,Intensivmedizin,2.0,3.0,06:00,14:00,450,,13:30,21:30,450,F,21:15,06:15,495,F|S,11,10,8,10,30,45,8,38.5,30,0.05,0,2.0.0,20261146
PK-010,2026-11-16,history,-14,Montag,1,47,0,0,,Pflegefachkraft,Pflegefachkraft,EXAM|PRAXISANLEITUNG|KARDIO_MONITORING,0.6,23.1,5544,5544,4990,6098,5,2,2,8,1,1,Pflegefachkraft,0,0.0,-999,9,7,3,0,2,1817,1,,,,,S,0,,0,,5,5,5,0,727,1,5,5,5,0,636,1,3,3,3,0,454,0,ST-ITS1,Intensivstation,12,Intensivmedizin,2.0,3.0,06:00,14:00,450,,13:30,21:30,450,F,21:15,06:15,495,F|S,11,10,8,10,30,45,8,38.5,30,0.05,0,2.0.0,20261146
PK-011,2026-11-16,history,-14,Montag,1,47,0,0,,Pflegefachkraft,Pflegefachkraft,EXAM|KARDIO_MONITORING,0.5,19.25,4620,4620,4158,5082,5,2,2,8,1,1,Pflegefachkraft,0,0.0,-1020,9,7,3,0,2,1817,1,,,,,,0,,0,,5,5,5,0,727,1,5,5,5,0,636,1,3,3,3,0,454,0,ST-ITS1,Intensivstation,12,Intensivmedizin,2.0,3.0,06:00,14:00,450,,13:30,21:30,450,F,21:15,06:15,495,F|S,11,10,8,10,30,45,8,38.5,30,0.05,0,2.0.0,20261146
PK-012,2026-11-16,history,-14,Montag,1,47,0,0,,Pflegefachkraft,Pflegefachkraft,EXAM|KARDIO_MONITORING,0.75,28.88,6931,6931,6238,7624,5,2,2,8,1,1,Pflegefachkraft,0,0.0,-1530,9,7,3,0,2,1817,1,,,,,,0,,0,,5,5,5,0,727,1,5,5,5,0,636,1,3,3,3,0,454,0,ST-ITS1,Intensivstation,12,Intensivmedizin,2.0,3.0,06:00,14:00,450,,13:30,21:30,450,F,21:15,06:15,495,F|S,11,10,8,10,30,45,8,38.5,30,0.05,0,2.0.0,20261146
PK-013,2026-11-16,history,-14,Montag,1,47,0,0,,Pflegefachkraft,Pflegefachkraft,EXAM|KARDIO_MONITORING,1.0,38.5,9240,9240,8316,10164,5,2,2,8,1,1,Pflegefachkraft,0,0.0,-1905,9,7,3,0,2,1817,1,,,,,,0,,0,,5,5,5,0,727,1,5,5,5,0,636,1,3,3,3,0,454,0,ST-ITS1,Intensivstation,12,Intensivmedizin,2.0,3.0,06:00,14:00,450,,13:30,21:30,450,F,21:15,06:15,495,F|S,11,10,8,10,30,45,8,38.5,30,0.05,0,2.0.0,20261146
PK-014,2026-11-16,history,-14,Montag,1,47,0,0,,Pflegefachkraft,Pflegefachkraft,EXAM,1.0,38.5,9240,9240,8316,10164,5,2,2,8,1,1,Pflegefachkraft,0,0.0,-1680,9,7,3,0,2,1817,1,,,,,,0,,0,,5,5,5,0,727,1,5,5,5,0,636,1,3,3,3,0,454,0,ST-ITS1,Intensivstation,12,Intensivmedizin,2.0,3.0,06:00,14:00,450,,13:30,21:30,450,F,21:15,06:15,495,F|S,11,10,8,10,30,45,8,38.5,30,0.05,0,2.0.0,20261146
PK-015,2026-11-16,history,-14,Montag,1,47,0,0,,Pflegefachkraft,Pflegefachkraft,EXAM|KARDIO_MONITORING,0.5,19.25,4620,4620,4158,5082,5,2,2,8,1,1,Pflegefachkraft,0,0.0,-930,9,7,3,0,2,1817,1,,,,,S,0,,0,,5,5,5,0,727,1,5,5,5,0,636,1,3,3,3,0,454,0,ST-ITS1,Intensivstation,12,Intensivmedizin,2.0,3.0,06:00,14:00,450,,13:30,21:30,450,F,21:15,06:15,495,F|S,11,10,8,10,30,45,8,38.5,30,0.05,0,2.0.0,20261146
PK-016,2026-11-16,history,-14,Montag,1,47,0,0,,Pflegefachkraft,Pflegefachkraft,EXAM,0.9,34.65,8316,8316,7484,9148,5,2,2,8,1,1,Pflegefachkraft,0,0.0,1255,9,7,3,0,2,1817,1,,,,,N,0,,0,,5,5,5,0,727,1,5,5,5,0,636,1,3,3,3,0,454,0,ST-ITS1,Intensivstation,12,Intensivmedizin,2.0,3.0,06:00,14:00,450,,13:30,21:30,450,F,21:15,06:15,495,F|S,11,10,8,10,30,45,8,38.5,30,0.05,0,2.0.0,20261146
PK-017,2026-11-16,history,-14,Montag,1,47,0,0,,Pflegefachkraft,Pflegefachkraft,EXAM|KARDIO_MONITORING,1.0,38.5,9240,9240,8316,10164,5,2,2,8,1,1,Pflegefachkraft,0,0.0,-1680,9,7,3,0,2,1817,1,,,,,N,0,,0,,5,5,5,0,727,1,5,5,5,0,636,1,3,3,3,0,454,0,ST-ITS1,Intensivstation,12,Intensivmedizin,2.0,3.0,06:00,14:00,450,,13:30,21:30,450,F,21:15,06:15,495,F|S,11,10,8,10,30,45,8,38.5,30,0.05,0,2.0.0,20261146
PK-018,2026-11-16,history,-14,Montag,1,47,0,0,,Pflegefachkraft,Pflegefachkraft,EXAM|PRAXISANLEITUNG,0.6,23.1,5544,5544,4990,6098,5,2,2,8,1,1,Pflegefachkraft,0,0.0,-909,9,7,3,0,2,1817,1,,,,,S,0,,0,,5,5,5,0,727,1,5,5,5,0,636,1,3,3,3,0,454,0,ST-ITS1,Intensivstation,12,Intensivmedizin,2.0,3.0,06:00,14:00,450,,13:30,21:30,450,F,21:15,06:15,495,F|S,11,10,8,10,30,45,8,38.5,30,0.05,0,2.0.0,20261146
PK-019,2026-11-16,history,-14,Montag,1,47,0,0,,Pflegefachkraft,Pflegefachkraft,EXAM,0.6,23.1,5544,5544,4990,6098,5,2,2,8,1,1,Pflegefachkraft,0,0.0,-954,9,7,3,0,2,1817,1,,,,,,0,,0,,5,5,5,0,727,1,5,5,5,0,636,1,3,3,3,0,454,0,ST-ITS1,Intensivstation,12,Intensivmedizin,2.0,3.0,06:00,14:00,450,,13:30,21:30,450,F,21:15,06:15,495,F|S,11,10,8,10,30,45,8,38.5,30,0.05,0,2.0.0,20261146
PK-020,2026-11-16,history,-14,Montag,1,47,0,0,,Pflegefachkraft,Pflegefachkraft,EXAM|PRAXISANLEITUNG,0.8,30.8,7392,7392,6653,8131,5,2,2,8,1,1,Pflegefachkraft,0,0.0,-1497,9,7,3,0,2,1817,1,,,,,,0,,0,,5,5,5,0,727,1,5,5,5,0,636,1,3,3,3,0,454,0,ST-ITS1,Intensivstation,12,Intensivmedizin,2.0,3.0,06:00,14:00,450,,13:30,21:30,450,F,21:15,06:15,495,F|S,11,10,8,10,30,45,8,38.5,30,0.05,0,2.0.0,20261146
PK-021,2026-11-16,history,-14,Montag,1,47,0,0,,Pflegefachkraft,Pflegefachkraft,EXAM|PRAXISANLEITUNG,0.5,19.25,4620,4620,4158,5082,5,2,2,8,1,1,Pflegefachkraft,0,0.0,-975,9,7,3,0,2,1817,1,,,,,S,0,,0,,5,5,5,0,727,1,5,5,5,0,636,1,3,3,3,0,454,0,ST-ITS1,Intensivstation,12,Intensivmedizin,2.0,3.0,06:00,14:00,450,,13:30,21:30,450,F,21:15,06:15,495,F|S,11,10,8,10,30,45,8,38.5,30,0.05,0,2.0.0,20261146
PK-022,2026-11-16,history,-14,Montag,1,47,0,0,,Pflegefachkraft,Pflegefachkraft,EXAM,0.7,26.95,6468,6468,5821,7115,5,2,2,8,1,1,Pflegefachkraft,0,0.0,-1473,9,7,3,0,2,1817,1,,,,,,0,,0,,5,5,5,0,727,1,5,5,5,0,636,1,3,3,3,0,454,0,ST-ITS1,Intensivstation,12,Intensivmedizin,2.0,3.0,06:00,14:00,450,,13:30,21:30,450,F,21:15,06:15,495,F|S,11,10,8,10,30,45,8,38.5,30,0.05,0,2.0.0,20261146
PK-023,2026-11-16,history,-14,Montag,1,47,0,0,,Pflegefachkraft,Pflegefachkraft,EXAM,1.0,38.5,9240,9240,8316,10164,5,2,2,8,1,1,Pflegefachkraft,0,0.0,-2040,9,7,3,0,2,1817,1,,,,,F,0,,0,,5,5,5,0,727,1,5,5,5,0,636,1,3,3,3,0,454,0,ST-ITS1,Intensivstation,12,Intensivmedizin,2.0,3.0,06:00,14:00,450,,13:30,21:30,450,F,21:15,06:15,495,F|S,11,10,8,10,30,45,8,38.5,30,0.05,0,2.0.0,20261146
PK-024,2026-11-16,history,-14,Montag,1,47,0,0,,Pflegefachkraft,Pflegefachkraft,EXAM|PRAXISANLEITUNG,1.0,38.5,9240,9240,8316,10164,5,2,2,8,1,1,Pflegefachkraft,0,0.0,-2310,9,7,3,0,2,1817,1,,,,,F,0,,0,,5,5,5,0,727,1,5,5,5,0,636,1,3,3,3,0,454,0,ST-ITS1,Intensivstation,12,Intensivmedizin,2.0,3.0,06:00,14:00,450,,13:30,21:30,450,F,21:15,06:15,495,F|S,11,10,8,10,30,45,8,38.5,30,0.05,0,2.0.0,20261146
PK-025,2026-11-16,history,-14,Montag,1,47,0,0,,Pflegefachkraft,Pflegefachkraft,EXAM,1.0,38.5,9240,9240,8316,10164,5,2,2,8,1,1,Pflegefachkraft,0,0.0,-1680,9,7,3,0,2,1817,1,,,,,N,0,,0,,5,5,5,0,727,1,5,5,5,0,636,1,3,3,3,0,454,0,ST-ITS1,Intensivstation,12,Intensivmedizin,2.0,3.0,06:00,14:00,450,,13:30,21:30,450,F,21:15,06:15,495,F|S,11,10,8,10,30,45,8,38.5,30,0.05,0,2.0.0,20261146
AZ-001,2026-11-17,history,-13,Dienstag,2,47,0,0,,Auszubildende_r_3_Ausbildungsjahr,Auszubildende,AUSZUBILDEND,1.0,38.5,9240,9240,8316,10164,5,2,2,8,1,0,nicht anrechenbar,0,0.0,-9240,9,8,3,2,1,1684,1,,,,,,0,,0,,5,5,5,0,674,1,5,5,5,0,589,1,3,3,3,0,421,0,ST-ITS1,Intensivstation,12,Intensivmedizin,2.0,3.0,06:00,14:00,450,,13:30,21:30,450,F,21:15,06:15,495,F|S,11,10,8,10,30,45,8,38.5,30,0.05,0,2.0.0,20261146
AZ-002,2026-11-17,history,-13,Dienstag,2,47,0,0,,Auszubildende_r_2_Ausbildungsjahr,Auszubildende,AUSZUBILDEND,1.0,38.5,9240,9240,8316,10164,5,2,2,8,1,0,nicht anrechenbar,0,0.0,-9240,9,8,3,2,1,1684,1,,,,,,0,,0,,5,5,5,0,674,1,5,5,5,0,589,1,3,3,3,0,421,0,ST-ITS1,Intensivstation,12,Intensivmedizin,2.0,3.0,06:00,14:00,450,,13:30,21:30,450,F,21:15,06:15,495,F|S,11,10,8,10,30,45,8,38.5,30,0.05,0,2.0.0,20261146
AZ-003,2026-11-17,history,-13,Dienstag,2,47,0,0,,Auszubildende_r_1_Ausbildungsjahr,Auszubildende,AUSZUBILDEND,1.0,38.5,9240,9240,8316,10164,5,2,2,0,0,0,nicht anrechenbar,0,0.0,-9240,9,8,3,2,1,1684,1,,,,,,0,,0,,5,5,5,0,674,1,5,5,5,0,589,1,3,3,3,0,421,0,ST-ITS1,Intensivstation,12,Intensivmedizin,2.0,3.0,06:00,14:00,450,,13:30,21:30,450,F,21:15,06:15,495,F|S,11,10,8,10,30,45,8,38.5,30,0.05,0,2.0.0,20261146
PK-001,2026-11-17,history,-13,Dienstag,2,47,0,0,,Stationsleitung,Pflegefachkraft,EXAM|LEITUNG|PRAXISANLEITUNG,1.0,38.5,9240,4620,4158,5082,5,2,2,0,0,1,Pflegefachkraft,1,0.5,5814,9,8,3,2,1,1684,1,,,,,F,0,,0,,5,5,5,0,674,1,5,5,5,0,589,1,3,3,3,0,421,0,ST-ITS1,Intensivstation,12,Intensivmedizin,2.0,3.0,06:00,14:00,450,,13:30,21:30,450,F,21:15,06:15,495,F|S,11,10,8,10,30,45,8,38.5,30,0.05,0,2.0.0,20261146
PK-002,2026-11-17,history,-13,Dienstag,2,47,0,0,,Pflegefachkraft,Pflegefachkraft,EXAM|PRAXISANLEITUNG|KARDIO_MONITORING,1.0,38.5,9240,9240,8316,10164,5,2,2,8,1,1,Pflegefachkraft,0,0.0,-1815,9,8,3,2,1,1684,1,,,,,F,0,,0,,5,5,5,0,674,1,5,5,5,0,589,1,3,3,3,0,421,0,ST-ITS1,Intensivstation,12,Intensivmedizin,2.0,3.0,06:00,14:00,450,,13:30,21:30,450,F,21:15,06:15,495,F|S,11,10,8,10,30,45,8,38.5,30,0.05,0,2.0.0,20261146
PK-003,2026-11-17,history,-13,Dienstag,2,47,0,0,,Pflegefachkraft,Pflegefachkraft,EXAM,1.0,38.5,9240,9240,8316,10164,5,2,2,8,1,1,Pflegefachkraft,0,0.0,-1815,9,8,3,2,1,1684,1,,,,,F,0,,0,,5,5,5,0,674,1,5,5,5,0,589,1,3,3,3,0,421,0,ST-ITS1,Intensivstation,12,Intensivmedizin,2.0,3.0,06:00,14:00,450,,13:30,21:30,450,F,21:15,06:15,495,F|S,11,10,8,10,30,45,8,38.5,30,0.05,0,2.0.0,20261146
PK-004,2026-11-17,history,-13,Dienstag,2,47,0,0,,Pflegefachkraft,Pflegefachkraft,EXAM,1.0,38.5,9240,9240,8316,10164,5,2,2,8,1,1,Pflegefachkraft,0,0.0,-1995,9,8,3,2,1,1684,1,,,,,S,0,,0,,5,5,5,0,674,1,5,5,5,0,589,1,3,3,3,0,421,0,ST-ITS1,Intensivstation,12,Intensivmedizin,2.0,3.0,06:00,14:00,450,,13:30,21:30,450,F,21:15,06:15,495,F|S,11,10,8,10,30,45,8,38.5,30,0.05,0,2.0.0,20261146
PK-005,2026-11-17,history,-13,Dienstag,2,47,0,0,,Pflegefachkraft,Pflegefachkraft,EXAM,1.0,38.5,9240,9240,8316,10164,5,2,2,8,1,1,Pflegefachkraft,0,0.0,-1905,9,8,3,2,1,1684,1,,,,,,0,,0,,5,5,5,0,674,1,5,5,5,0,589,1,3,3,3,0,421,0,ST-ITS1,Intensivstation,12,Intensivmedizin,2.0,3.0,06:00,14:00,450,,13:30,21:30,450,F,21:15,06:15,495,F|S,11,10,8,10,30,45,8,38.5,30,0.05,0,2.0.0,20261146
PK-006,2026-11-17,history,-13,Dienstag,2,47,0,0,,Pflegefachkraft,Pflegefachkraft,EXAM|PRAXISANLEITUNG|KARDIO_MONITORING,1.0,38.5,9240,9240,8316,10164,5,2,2,8,1,1,Pflegefachkraft,0,0.0,-1905,9,8,3,2,1,1684,1,,,,,S,0,,0,,5,5,5,0,674,1,5,5,5,0,589,1,3,3,3,0,421,0,ST-ITS1,Intensivstation,12,Intensivmedizin,2.0,3.0,06:00,14:00,450,,13:30,21:30,450,F,21:15,06:15,495,F|S,11,10,8,10,30,45,8,38.5,30,0.05,0,2.0.0,20261146
PK-007,2026-11-17,history,-13,Dienstag,2,47,0,0,,Pflegefachkraft,Pflegefachkraft,EXAM,1.0,38.5,9240,9240,8316,10164,5,2,2,8,1,1,Pflegefachkraft,0,0.0,1104,9,8,3,2,1,1684,0,URLAUB,,,,,0,,0,,5,5,5,0,674,1,5,5,5,0,589,1,3,3,3,0,421,0,ST-ITS1,Intensivstation,12,Intensivmedizin,2.0,3.0,06:00,14:00,450,,13:30,21:30,450,F,21:15,06:15,495,F|S,11,10,8,10,30,45,8,38.5,30,0.05,0,2.0.0,20261146
PK-008,2026-11-17,history,-13,Dienstag,2,47,0,0,,Pflegefachkraft,Pflegefachkraft,EXAM|KARDIO_MONITORING,1.0,38.5,9240,9240,8316,10164,5,2,2,8,1,1,Pflegefachkraft,0,0.0,-2265,9,8,3,2,1,1684,1,,,,,,0,,0,,5,5,5,0,674,1,5,5,5,0,589,1,3,3,3,0,421,0,ST-ITS1,Intensivstation,12,Intensivmedizin,2.0,3.0,06:00,14:00,450,,13:30,21:30,450,F,21:15,06:15,495,F|S,11,10,8,10,30,45,8,38.5,30,0.05,0,2.0.0,20261146
PK-009,2026-11-17,history,-13,Dienstag,2,47,0,0,,Pflegefachkraft,Pflegefachkraft,EXAM,1.0,38.5,9240,9240,8316,10164,5,2,2,8,1,1,Pflegefachkraft,0,0.0,-1995,9,8,3,2,1,1684,1,,,,,,0,,0,,5,5,5,0,674,1,5,5,5,0,589,1,3,3,3,0,421,0,ST-ITS1,Intensivstation,12,Intensivmedizin,2.0,3.0,06:00,14:00,450,,13:30,21:30,450,F,21:15,06:15,495,F|S,11,10,8,10,30,45,8,38.5,30,0.05,0,2.0.0,20261146
PK-010,2026-11-17,history,-13,Dienstag,2,47,0,0,,Pflegefachkraft,Pflegefachkraft,EXAM|PRAXISANLEITUNG|KARDIO_MONITORING,0.6,23.1,5544,5544,4990,6098,5,2,2,8,1,1,Pflegefachkraft,0,0.0,-999,9,8,3,2,1,1684,1,,,,,,0,,0,,5,5,5,0,674,1,5,5,5,0,589,1,3,3,3,0,421,0,ST-ITS1,Intensivstation,12,Intensivmedizin,2.0,3.0,06:00,14:00,450,,13:30,21:30,450,F,21:15,06:15,495,F|S,11,10,8,10,30,45,8,38.5,30,0.05,0,2.0.0,20261146
PK-011,2026-11-17,history,-13,Dienstag,2,47,0,0,,Pflegefachkraft,Pflegefachkraft,EXAM|KARDIO_MONITORING,0.5,19.25,4620,4620,4158,5082,5,2,2,8,1,1,Pflegefachkraft,0,0.0,-1020,9,8,3,2,1,1684,1,,,,,,0,,0,,5,5,5,0,674,1,5,5,5,0,589,1,3,3,3,0,421,0,ST-ITS1,Intensivstation,12,Intensivmedizin,2.0,3.0,06:00,14:00,450,,13:30,21:30,450,F,21:15,06:15,495,F|S,11,10,8,10,30,45,8,38.5,30,0.05,0,2.0.0,20261146
PK-012,2026-11-17,history,-13,Dienstag,2,47,0,0,,Pflegefachkraft,Pflegefachkraft,EXAM|KARDIO_MONITORING,0.75,28.88,6931,6931,6238,7624,5,2,2,8,1,1,Pflegefachkraft,0,0.0,-1530,9,8,3,2,1,1684,1,,,,,,0,,0,,5,5,5,0,674,1,5,5,5,0,589,1,3,3,3,0,421,0,ST-ITS1,Intensivstation,12,Intensivmedizin,2.0,3.0,06:00,14:00,450,,13:30,21:30,450,F,21:15,06:15,495,F|S,11,10,8,10,30,45,8,38.5,30,0.05,0,2.0.0,20261146
PK-013,2026-11-17,history,-13,Dienstag,2,47,0,0,,Pflegefachkraft,Pflegefachkraft,EXAM|KARDIO_MONITORING,1.0,38.5,9240,9240,8316,10164,5,2,2,8,1,1,Pflegefachkraft,0,0.0,-1905,9,8,3,2,1,1684,1,,,,,S,0,,0,,5,5,5,0,674,1,5,5,5,0,589,1,3,3,3,0,421,0,ST-ITS1,Intensivstation,12,Intensivmedizin,2.0,3.0,06:00,14:00,450,,13:30,21:30,450,F,21:15,06:15,495,F|S,11,10,8,10,30,45,8,38.5,30,0.05,0,2.0.0,20261146
PK-014,2026-11-17,history,-13,Dienstag,2,47,0,0,,Pflegefachkraft,Pflegefachkraft,EXAM,1.0,38.5,9240,9240,8316,10164,5,2,2,8,1,1,Pflegefachkraft,0,0.0,-1680,9,8,3,2,1,1684,1,,,,,N,0,,0,,5,5,5,0,674,1,5,5,5,0,589,1,3,3,3,0,421,0,ST-ITS1,Intensivstation,12,Intensivmedizin,2.0,3.0,06:00,14:00,450,,13:30,21:30,450,F,21:15,06:15,495,F|S,11,10,8,10,30,45,8,38.5,30,0.05,0,2.0.0,20261146
PK-015,2026-11-17,history,-13,Dienstag,2,47,0,0,,Pflegefachkraft,Pflegefachkraft,EXAM|KARDIO_MONITORING,0.5,19.25,4620,4620,4158,5082,5,2,2,8,1,1,Pflegefachkraft,0,0.0,-930,9,8,3,2,1,1684,1,,,,,,0,,0,,5,5,5,0,674,1,5,5,5,0,589,1,3,3,3,0,421,0,ST-ITS1,Intensivstation,12,Intensivmedizin,2.0,3.0,06:00,14:00,450,,13:30,21:30,450,F,21:15,06:15,495,F|S,11,10,8,10,30,45,8,38.5,30,0.05,0,2.0.0,20261146
PK-016,2026-11-17,history,-13,Dienstag,2,47,0,0,,Pflegefachkraft,Pflegefachkraft,EXAM,0.9,34.65,8316,8316,7484,9148,5,2,2,8,1,1,Pflegefachkraft,0,0.0,1255,9,8,3,2,1,1684,1,,,,,N,0,,0,,5,5,5,0,674,1,5,5,5,0,589,1,3,3,3,0,421,0,ST-ITS1,Intensivstation,12,Intensivmedizin,2.0,3.0,06:00,14:00,450,,13:30,21:30,450,F,21:15,06:15,495,F|S,11,10,8,10,30,45,8,38.5,30,0.05,0,2.0.0,20261146
PK-017,2026-11-17,history,-13,Dienstag,2,47,0,0,,Pflegefachkraft,Pflegefachkraft,EXAM|KARDIO_MONITORING,1.0,38.5,9240,9240,8316,10164,5,2,2,8,1,1,Pflegefachkraft,0,0.0,-1680,9,8,3,2,1,1684,1,,,,,,0,,0,,5,5,5,0,674,1,5,5,5,0,589,1,3,3,3,0,421,0,ST-ITS1,Intensivstation,12,Intensivmedizin,2.0,3.0,06:00,14:00,450,,13:30,21:30,450,F,21:15,06:15,495,F|S,11,10,8,10,30,45,8,38.5,30,0.05,0,2.0.0,20261146
PK-018,2026-11-17,history,-13,Dienstag,2,47,0,0,,Pflegefachkraft,Pflegefachkraft,EXAM|PRAXISANLEITUNG,0.6,23.1,5544,5544,4990,6098,5,2,2,8,1,1,Pflegefachkraft,0,0.0,-909,9,8,3,2,1,1684,1,,,,,,0,,0,,5,5,5,0,674,1,5,5,5,0,589,1,3,3,3,0,421,0,ST-ITS1,Intensivstation,12,Intensivmedizin,2.0,3.0,06:00,14:00,450,,13:30,21:30,450,F,21:15,06:15,495,F|S,11,10,8,10,30,45,8,38.5,30,0.05,0,2.0.0,20261146
PK-019,2026-11-17,history,-13,Dienstag,2,47,0,0,,Pflegefachkraft,Pflegefachkraft,EXAM,0.6,23.1,5544,5544,4990,6098,5,2,2,8,1,1,Pflegefachkraft,0,0.0,-954,9,8,3,2,1,1684,1,,,,,N,0,,0,,5,5,5,0,674,1,5,5,5,0,589,1,3,3,3,0,421,0,ST-ITS1,Intensivstation,12,Intensivmedizin,2.0,3.0,06:00,14:00,450,,13:30,21:30,450,F,21:15,06:15,495,F|S,11,10,8,10,30,45,8,38.5,30,0.05,0,2.0.0,20261146
PK-020,2026-11-17,history,-13,Dienstag,2,47,0,0,,Pflegefachkraft,Pflegefachkraft,EXAM|PRAXISANLEITUNG,0.8,30.8,7392,7392,6653,8131,5,2,2,8,1,1,Pflegefachkraft,0,0.0,-1497,9,8,3,2,1,1684,1,,,,,F,0,,0,,5,5,5,0,674,1,5,5,5,0,589,1,3,3,3,0,421,0,ST-ITS1,Intensivstation,12,Intensivmedizin,2.0,3.0,06:00,14:00,450,,13:30,21:30,450,F,21:15,06:15,495,F|S,11,10,8,10,30,45,8,38.5,30,0.05,0,2.0.0,20261146
PK-021,2026-11-17,history,-13,Dienstag,2,47,0,0,,Pflegefachkraft,Pflegefachkraft,EXAM|PRAXISANLEITUNG,0.5,19.25,4620,4620,4158,5082,5,2,2,8,1,1,Pflegefachkraft,0,0.0,-975,9,8,3,2,1,1684,1,,,,,,0,,0,,5,5,5,0,674,1,5,5,5,0,589,1,3,3,3,0,421,0,ST-ITS1,Intensivstation,12,Intensivmedizin,2.0,3.0,06:00,14:00,450,,13:30,21:30,450,F,21:15,06:15,495,F|S,11,10,8,10,30,45,8,38.5,30,0.05,0,2.0.0,20261146
PK-022,2026-11-17,history,-13,Dienstag,2,47,0,0,,Pflegefachkraft,Pflegefachkraft,EXAM,0.7,26.95,6468,6468,5821,7115,5,2,2,8,1,1,Pflegefachkraft,0,0.0,-1473,9,8,3,2,1,1684,1,,,,,F,0,,0,,5,5,5,0,674,1,5,5,5,0,589,1,3,3,3,0,421,0,ST-ITS1,Intensivstation,12,Intensivmedizin,2.0,3.0,06:00,14:00,450,,13:30,21:30,450,F,21:15,06:15,495,F|S,11,10,8,10,30,45,8,38.5,30,0.05,0,2.0.0,20261146
PK-023,2026-11-17,history,-13,Dienstag,2,47,0,0,,Pflegefachkraft,Pflegefachkraft,EXAM,1.0,38.5,9240,9240,8316,10164,5,2,2,8,1,1,Pflegefachkraft,0,0.0,-2040,9,8,3,2,1,1684,1,,,,,S,0,,0,,5,5,5,0,674,1,5,5,5,0,589,1,3,3,3,0,421,0,ST-ITS1,Intensivstation,12,Intensivmedizin,2.0,3.0,06:00,14:00,450,,13:30,21:30,450,F,21:15,06:15,495,F|S,11,10,8,10,30,45,8,38.5,30,0.05,0,2.0.0,20261146
PK-024,2026-11-17,history,-13,Dienstag,2,47,0,0,,Pflegefachkraft,Pflegefachkraft,EXAM|PRAXISANLEITUNG,1.0,38.5,9240,9240,8316,10164,5,2,2,8,1,1,Pflegefachkraft,0,0.0,-2310,9,8,3,2,1,1684,1,,,,,S,0,,0,,5,5,5,0,674,1,5,5,5,0,589,1,3,3,3,0,421,0,ST-ITS1,Intensivstation,12,Intensivmedizin,2.0,3.0,06:00,14:00,450,,13:30,21:30,450,F,21:15,06:15,495,F|S,11,10,8,10,30,45,8,38.5,30,0.05,0,2.0.0,20261146
PK-025,2026-11-17,history,-13,Dienstag,2,47,0,0,,Pflegefachkraft,Pflegefachkraft,EXAM,1.0,38.5,9240,9240,8316,10164,5,2,2,8,1,1,Pflegefachkraft,0,0.0,-1680,9,8,3,2,1,1684,1,,,,,,0,,0,,5,5,5,0,674,1,5,5,5,0,589,1,3,3,3,0,421,0,ST-ITS1,Intensivstation,12,Intensivmedizin,2.0,3.0,06:00,14:00,450,,13:30,21:30,450,F,21:15,06:15,495,F|S,11,10,8,10,30,45,8,38.5,30,0.05,0,2.0.0,20261146
AZ-001,2026-11-18,history,-12,Mittwoch,3,47,0,0,,Auszubildende_r_3_Ausbildungsjahr,Auszubildende,AUSZUBILDEND,1.0,38.5,9240,9240,8316,10164,5,2,2,8,1,0,nicht anrechenbar,0,0.0,-9240,9,7,1,1,0,1720,1,,,,,,0,,0,,5,5,5,0,688,1,5,5,5,0,602,1,3,3,3,0,430,0,ST-ITS1,Intensivstation,12,Intensivmedizin,2.0,3.0,06:00,14:00,450,,13:30,21:30,450,F,21:15,06:15,495,F|S,11,10,8,10,30,45,8,38.5,30,0.05,0,2.0.0,20261146
AZ-002,2026-11-18,history,-12,Mittwoch,3,47,0,0,,Auszubildende_r_2_Ausbildungsjahr,Auszubildende,AUSZUBILDEND,1.0,38.5,9240,9240,8316,10164,5,2,2,8,1,0,nicht anrechenbar,0,0.0,-9240,9,7,1,1,0,1720,1,,,,,,0,,0,,5,5,5,0,688,1,5,5,5,0,602,1,3,3,3,0,430,0,ST-ITS1,Intensivstation,12,Intensivmedizin,2.0,3.0,06:00,14:00,450,,13:30,21:30,450,F,21:15,06:15,495,F|S,11,10,8,10,30,45,8,38.5,30,0.05,0,2.0.0,20261146
AZ-003,2026-11-18,history,-12,Mittwoch,3,47,0,0,,Auszubildende_r_1_Ausbildungsjahr,Auszubildende,AUSZUBILDEND,1.0,38.5,9240,9240,8316,10164,5,2,2,0,0,0,nicht anrechenbar,0,0.0,-9240,9,7,1,1,0,1720,1,,,,,,0,,0,,5,5,5,0,688,1,5,5,5,0,602,1,3,3,3,0,430,0,ST-ITS1,Intensivstation,12,Intensivmedizin,2.0,3.0,06:00,14:00,450,,13:30,21:30,450,F,21:15,06:15,495,F|S,11,10,8,10,30,45,8,38.5,30,0.05,0,2.0.0,20261146
PK-001,2026-11-18,history,-12,Mittwoch,3,47,0,0,,Stationsleitung,Pflegefachkraft,EXAM|LEITUNG|PRAXISANLEITUNG,1.0,38.5,9240,4620,4158,5082,5,2,2,0,0,1,Pflegefachkraft,1,0.5,5814,9,7,1,1,0,1720,1,,,,,F,0,,0,,5,5,5,0,688,1,5,5,5,0,602,1,3,3,3,0,430,0,ST-ITS1,Intensivstation,12,Intensivmedizin,2.0,3.0,06:00,14:00,450,,13:30,21:30,450,F,21:15,06:15,495,F|S,11,10,8,10,30,45,8,38.5,30,0.05,0,2.0.0,20261146
PK-002,2026-11-18,history,-12,Mittwoch,3,47,0,0,,Pflegefachkraft,Pflegefachkraft,EXAM|PRAXISANLEITUNG|KARDIO_MONITORING,1.0,38.5,9240,9240,8316,10164,5,2,2,8,1,1,Pflegefachkraft,0,0.0,-1815,9,7,1,1,0,1720,1,,,,,F,0,,0,,5,5,5,0,688,1,5,5,5,0,602,1,3,3,3,0,430,0,ST-ITS1,Intensivstation,12,Intensivmedizin,2.0,3.0,06:00,14:00,450,,13:30,21:30,450,F,21:15,06:15,495,F|S,11,10,8,10,30,45,8,38.5,30,0.05,0,2.0.0,20261146
PK-003,2026-11-18,history,-12,Mittwoch,3,47,0,0,,Pflegefachkraft,Pflegefachkraft,EXAM,1.0,38.5,9240,9240,8316,10164,5,2,2,8,1,1,Pflegefachkraft,0,0.0,-1815,9,7,1,1,0,1720,1,,,,,S,0,,0,,5,5,5,0,688,1,5,5,5,0,602,1,3,3,3,0,430,0,ST-ITS1,Intensivstation,12,Intensivmedizin,2.0,3.0,06:00,14:00,450,,13:30,21:30,450,F,21:15,06:15,495,F|S,11,10,8,10,30,45,8,38.5,30,0.05,0,2.0.0,20261146
PK-004,2026-11-18,history,-12,Mittwoch,3,47,0,0,,Pflegefachkraft,Pflegefachkraft,EXAM,1.0,38.5,9240,9240,8316,10164,5,2,2,8,1,1,Pflegefachkraft,0,0.0,-1995,9,7,1,1,0,1720,1,,,,,,0,,0,,5,5,5,0,688,1,5,5,5,0,602,1,3,3,3,0,430,0,ST-ITS1,Intensivstation,12,Intensivmedizin,2.0,3.0,06:00,14:00,450,,13:30,21:30,450,F,21:15,06:15,495,F|S,11,10,8,10,30,45,8,38.5,30,0.05,0,2.0.0,20261146
PK-005,2026-11-18,history,-12,Mittwoch,3,47,0,0,,Pflegefachkraft,Pflegefachkraft,EXAM,1.0,38.5,9240,9240,8316,10164,5,2,2,8,1,1,Pflegefachkraft,0,0.0,-1905,9,7,1,1,0,1720,1,,,,,N,0,,0,,5,5,5,0,688,1,5,5,5,0,602,1,3,3,3,0,430,0,ST-ITS1,Intensivstation,12,Intensivmedizin,2.0,3.0,06:00,14:00,450,,13:30,21:30,450,F,21:15,06:15,495,F|S,11,10,8,10,30,45,8,38.5,30,0.05,0,2.0.0,20261146
PK-006,2026-11-18,history,-12,Mittwoch,3,47,0,0,,Pflegefachkraft,Pflegefachkraft,EXAM|PRAXISANLEITUNG|KARDIO_MONITORING,1.0,38.5,9240,9240,8316,10164,5,2,2,8,1,1,Pflegefachkraft,0,0.0,-1905,9,7,1,1,0,1720,1,,,,,S,0,,0,,5,5,5,0,688,1,5,5,5,0,602,1,3,3,3,0,430,0,ST-ITS1,Intensivstation,12,Intensivmedizin,2.0,3.0,06:00,14:00,450,,13:30,21:30,450,F,21:15,06:15,495,F|S,11,10,8,10,30,45,8,38.5,30,0.05,0,2.0.0,20261146
PK-007,2026-11-18,history,-12,Mittwoch,3,47,0,0,,Pflegefachkraft,Pflegefachkraft,EXAM,1.0,38.5,9240,9240,8316,10164,5,2,2,8,1,1,Pflegefachkraft,0,0.0,1104,9,7,1,1,0,1720,0,URLAUB,,,,,0,,0,,5,5,5,0,688,1,5,5,5,0,602,1,3,3,3,0,430,0,ST-ITS1,Intensivstation,12,Intensivmedizin,2.0,3.0,06:00,14:00,450,,13:30,21:30,450,F,21:15,06:15,495,F|S,11,10,8,10,30,45,8,38.5,30,0.05,0,2.0.0,20261146
PK-008,2026-11-18,history,-12,Mittwoch,3,47,0,0,,Pflegefachkraft,Pflegefachkraft,EXAM|KARDIO_MONITORING,1.0,38.5,9240,9240,8316,10164,5,2,2,8,1,1,Pflegefachkraft,0,0.0,-2265,9,7,1,1,0,1720,1,,,,,F,0,,0,,5,5,5,0,688,1,5,5,5,0,602,1,3,3,3,0,430,0,ST-ITS1,Intensivstation,12,Intensivmedizin,2.0,3.0,06:00,14:00,450,,13:30,21:30,450,F,21:15,06:15,495,F|S,11,10,8,10,30,45,8,38.5,30,0.05,0,2.0.0,20261146
PK-009,2026-11-18,history,-12,Mittwoch,3,47,0,0,,Pflegefachkraft,Pflegefachkraft,EXAM,1.0,38.5,9240,9240,8316,10164,5,2,2,8,1,1,Pflegefachkraft,0,0.0,-1995,9,7,1,1,0,1720,1,,,,,F,0,,0,,5,5,5,0,688,1,5,5,5,0,602,1,3,3,3,0,430,0,ST-ITS1,Intensivstation,12,Intensivmedizin,2.0,3.0,06:00,14:00,450,,13:30,21:30,450,F,21:15,06:15,495,F|S,11,10,8,10,30,45,8,38.5,30,0.05,0,2.0.0,20261146
PK-010,2026-11-18,history,-12,Mittwoch,3,47,0,0,,Pflegefachkraft,Pflegefachkraft,EXAM|PRAXISANLEITUNG|KARDIO_MONITORING,0.6,23.1,5544,5544,4990,6098,5,2,2,8,1,1,Pflegefachkraft,0,0.0,-999,9,7,1,1,0,1720,1,,,,,S,0,,0,,5,5,5,0,688,1,5,5,5,0,602,1,3,3,3,0,430,0,ST-ITS1,Intensivstation,12,Intensivmedizin,2.0,3.0,06:00,14:00,450,,13:30,21:30,450,F,21:15,06:15,495,F|S,11,10,8,10,30,45,8,38.5,30,0.05,0,2.0.0,20261146
PK-011,2026-11-18,history,-12,Mittwoch,3,47,0,0,,Pflegefachkraft,Pflegefachkraft,EXAM|KARDIO_MONITORING,0.5,19.25,4620,4620,4158,5082,5,2,2,8,1,1,Pflegefachkraft,0,0.0,-1020,9,7,1,1,0,1720,1,,,,,S,0,,0,,5,5,5,0,688,1,5,5,5,0,602,1,3,3,3,0,430,0,ST-ITS1,Intensivstation,12,Intensivmedizin,2.0,3.0,06:00,14:00,450,,13:30,21:30,450,F,21:15,06:15,495,F|S,11,10,8,10,30,45,8,38.5,30,0.05,0,2.0.0,20261146
PK-012,2026-11-18,history,-12,Mittwoch,3,47,0,0,,Pflegefachkraft,Pflegefachkraft,EXAM|KARDIO_MONITORING,0.75,28.88,6931,6931,6238,7624,5,2,2,8,1,1,Pflegefachkraft,0,0.0,-1530,9,7,1,1,0,1720,1,,,,,F,0,,0,,5,5,5,0,688,1,5,5,5,0,602,1,3,3,3,0,430,0,ST-ITS1,Intensivstation,12,Intensivmedizin,2.0,3.0,06:00,14:00,450,,13:30,21:30,450,F,21:15,06:15,495,F|S,11,10,8,10,30,45,8,38.5,30,0.05,0,2.0.0,20261146
PK-013,2026-11-18,history,-12,Mittwoch,3,47,0,0,,Pflegefachkraft,Pflegefachkraft,EXAM|KARDIO_MONITORING,1.0,38.5,9240,9240,8316,10164,5,2,2,8,1,1,Pflegefachkraft,0,0.0,-1905,9,7,1,1,0,1720,1,,,,,S,0,,0,,5,5,5,0,688,1,5,5,5,0,602,1,3,3,3,0,430,0,ST-ITS1,Intensivstation,12,Intensivmedizin,2.0,3.0,06:00,14:00,450,,13:30,21:30,450,F,21:15,06:15,495,F|S,11,10,8,10,30,45,8,38.5,30,0.05,0,2.0.0,20261146
PK-014,2026-11-18,history,-12,Mittwoch,3,47,0,0,,Pflegefachkraft,Pflegefachkraft,EXAM,1.0,38.5,9240,9240,8316,10164,5,2,2,8,1,1,Pflegefachkraft,0,0.0,-1680,9,7,1,1,0,1720,1,,,,,,0,,0,,5,5,5,0,688,1,5,5,5,0,602,1,3,3,3,0,430,0,ST-ITS1,Intensivstation,12,Intensivmedizin,2.0,3.0,06:00,14:00,450,,13:30,21:30,450,F,21:15,06:15,495,F|S,11,10,8,10,30,45,8,38.5,30,0.05,0,2.0.0,20261146
PK-015,2026-11-18,history,-12,Mittwoch,3,47,0,0,,Pflegefachkraft,Pflegefachkraft,EXAM|KARDIO_MONITORING,0.5,19.25,4620,4620,4158,5082,5,2,2,8,1,1,Pflegefachkraft,0,0.0,-930,9,7,1,1,0,1720,1,,,,,,0,,0,,5,5,5,0,688,1,5,5,5,0,602,1,3,3,3,0,430,0,ST-ITS1,Intensivstation,12,Intensivmedizin,2.0,3.0,06:00,14:00,450,,13:30,21:30,450,F,21:15,06:15,495,F|S,11,10,8,10,30,45,8,38.5,30,0.05,0,2.0.0,20261146
PK-016,2026-11-18,history,-12,Mittwoch,3,47,0,0,,Pflegefachkraft,Pflegefachkraft,EXAM,0.9,34.65,8316,8316,7484,9148,5,2,2,8,1,1,Pflegefachkraft,0,0.0,1255,9,7,1,1,0,1720,1,,,,,,0,,0,,5,5,5,0,688,1,5,5,5,0,602,1,3,3,3,0,430,0,ST-ITS1,Intensivstation,12,Intensivmedizin,2.0,3.0,06:00,14:00,450,,13:30,21:30,450,F,21:15,06:15,495,F|S,11,10,8,10,30,45,8,38.5,30,0.05,0,2.0.0,20261146
PK-017,2026-11-18,history,-12,Mittwoch,3,47,0,0,,Pflegefachkraft,Pflegefachkraft,EXAM|KARDIO_MONITORING,1.0,38.5,9240,9240,8316,10164,5,2,2,8,1,1,Pflegefachkraft,0,0.0,-1680,9,7,1,1,0,1720,1,,,,,N,0,,0,,5,5,5,0,688,1,5,5,5,0,602,1,3,3,3,0,430,0,ST-ITS1,Intensivstation,12,Intensivmedizin,2.0,3.0,06:00,14:00,450,,13:30,21:30,450,F,21:15,06:15,495,F|S,11,10,8,10,30,45,8,38.5,30,0.05,0,2.0.0,20261146
PK-018,2026-11-18,history,-12,Mittwoch,3,47,0,0,,Pflegefachkraft,Pflegefachkraft,EXAM|PRAXISANLEITUNG,0.6,23.1,5544,5544,4990,6098,5,2,2,8,1,1,Pflegefachkraft,0,0.0,-909,9,7,1,1,0,1720,1,,,,,,0,,0,,5,5,5,0,688,1,5,5,5,0,602,1,3,3,3,0,430,0,ST-ITS1,Intensivstation,12,Intensivmedizin,2.0,3.0,06:00,14:00,450,,13:30,21:30,450,F,21:15,06:15,495,F|S,11,10,8,10,30,45,8,38.5,30,0.05,0,2.0.0,20261146
PK-019,2026-11-18,history,-12,Mittwoch,3,47,0,0,,Pflegefachkraft,Pflegefachkraft,EXAM,0.6,23.1,5544,5544,4990,6098,5,2,2,8,1,1,Pflegefachkraft,0,0.0,-954,9,7,1,1,0,1720,1,,,,,,0,,0,,5,5,5,0,688,1,5,5,5,0,602,1,3,3,3,0,430,0,ST-ITS1,Intensivstation,12,Intensivmedizin,2.0,3.0,06:00,14:00,450,,13:30,21:30,450,F,21:15,06:15,495,F|S,11,10,8,10,30,45,8,38.5,30,0.05,0,2.0.0,20261146
PK-020,2026-11-18,history,-12,Mittwoch,3,47,0,0,,Pflegefachkraft,Pflegefachkraft,EXAM|PRAXISANLEITUNG,0.8,30.8,7392,7392,6653,8131,5,2,2,8,1,1,Pflegefachkraft,0,0.0,-1497,9,7,1,1,0,1720,1,,,,,,0,,0,,5,5,5,0,688,1,5,5,5,0,602,1,3,3,3,0,430,0,ST-ITS1,Intensivstation,12,Intensivmedizin,2.0,3.0,06:00,14:00,450,,13:30,21:30,450,F,21:15,06:15,495,F|S,11,10,8,10,30,45,8,38.5,30,0.05,0,2.0.0,20261146
PK-021,2026-11-18,history,-12,Mittwoch,3,47,0,0,,Pflegefachkraft,Pflegefachkraft,EXAM|PRAXISANLEITUNG,0.5,19.25,4620,4620,4158,5082,5,2,2,8,1,1,Pflegefachkraft,0,0.0,-975,9,7,1,1,0,1720,1,,,,,,0,,0,,5,5,5,0,688,1,5,5,5,0,602,1,3,3,3,0,430,0,ST-ITS1,Intensivstation,12,Intensivmedizin,2.0,3.0,06:00,14:00,450,,13:30,21:30,450,F,21:15,06:15,495,F|S,11,10,8,10,30,45,8,38.5,30,0.05,0,2.0.0,20261146
PK-022,2026-11-18,history,-12,Mittwoch,3,47,0,0,,Pflegefachkraft,Pflegefachkraft,EXAM,0.7,26.95,6468,6468,5821,7115,5,2,2,8,1,1,Pflegefachkraft,0,0.0,-1473,9,7,1,1,0,1720,1,,,,,,0,,0,,5,5,5,0,688,1,5,5,5,0,602,1,3,3,3,0,430,0,ST-ITS1,Intensivstation,12,Intensivmedizin,2.0,3.0,06:00,14:00,450,,13:30,21:30,450,F,21:15,06:15,495,F|S,11,10,8,10,30,45,8,38.5,30,0.05,0,2.0.0,20261146
PK-023,2026-11-18,history,-12,Mittwoch,3,47,0,0,,Pflegefachkraft,Pflegefachkraft,EXAM,1.0,38.5,9240,9240,8316,10164,5,2,2,8,1,1,Pflegefachkraft,0,0.0,-2040,9,7,1,1,0,1720,1,,,,,,0,,0,,5,5,5,0,688,1,5,5,5,0,602,1,3,3,3,0,430,0,ST-ITS1,Intensivstation,12,Intensivmedizin,2.0,3.0,06:00,14:00,450,,13:30,21:30,450,F,21:15,06:15,495,F|S,11,10,8,10,30,45,8,38.5,30,0.05,0,2.0.0,20261146
PK-024,2026-11-18,history,-12,Mittwoch,3,47,0,0,,Pflegefachkraft,Pflegefachkraft,EXAM|PRAXISANLEITUNG,1.0,38.5,9240,9240,8316,10164,5,2,2,8,1,1,Pflegefachkraft,0,0.0,-2310,9,7,1,1,0,1720,1,,,,,,0,,0,,5,5,5,0,688,1,5,5,5,0,602,1,3,3,3,0,430,0,ST-ITS1,Intensivstation,12,Intensivmedizin,2.0,3.0,06:00,14:00,450,,13:30,21:30,450,F,21:15,06:15,495,F|S,11,10,8,10,30,45,8,38.5,30,0.05,0,2.0.0,20261146
PK-025,2026-11-18,history,-12,Mittwoch,3,47,0,0,,Pflegefachkraft,Pflegefachkraft,EXAM,1.0,38.5,9240,9240,8316,10164,5,2,2,8,1,1,Pflegefachkraft,0,0.0,-1680,9,7,1,1,0,1720,1,,,,,N,0,,0,,5,5,5,0,688,1,5,5,5,0,602,1,3,3,3,0,430,0,ST-ITS1,Intensivstation,12,Intensivmedizin,2.0,3.0,06:00,14:00,450,,13:30,21:30,450,F,21:15,06:15,495,F|S,11,10,8,10,30,45,8,38.5,30,0.05,0,2.0.0,20261146
AZ-001,2026-11-19,history,-11,Donnerstag,4,47,0,0,,Auszubildende_r_3_Ausbildungsjahr,Auszubildende,AUSZUBILDEND,1.0,38.5,9240,9240,8316,10164,5,2,2,8,1,0,nicht anrechenbar,0,0.0,-9240,10,8,0,0,1,1763,1,,,,,,0,,0,,5,5,5,0,705,1,5,5,5,0,617,1,3,3,3,0,441,0,ST-ITS1,Intensivstation,12,Intensivmedizin,2.0,3.0,06:00,14:00,450,,13:30,21:30,450,F,21:15,06:15,495,F|S,11,10,8,10,30,45,8,38.5,30,0.05,0,2.0.0,20261146
AZ-002,2026-11-19,history,-11,Donnerstag,4,47,0,0,,Auszubildende_r_2_Ausbildungsjahr,Auszubildende,AUSZUBILDEND,1.0,38.5,9240,9240,8316,10164,5,2,2,8,1,0,nicht anrechenbar,0,0.0,-9240,10,8,0,0,1,1763,1,,,,,,0,,0,,5,5,5,0,705,1,5,5,5,0,617,1,3,3,3,0,441,0,ST-ITS1,Intensivstation,12,Intensivmedizin,2.0,3.0,06:00,14:00,450,,13:30,21:30,450,F,21:15,06:15,495,F|S,11,10,8,10,30,45,8,38.5,30,0.05,0,2.0.0,20261146
AZ-003,2026-11-19,history,-11,Donnerstag,4,47,0,0,,Auszubildende_r_1_Ausbildungsjahr,Auszubildende,AUSZUBILDEND,1.0,38.5,9240,9240,8316,10164,5,2,2,0,0,0,nicht anrechenbar,0,0.0,-9240,10,8,0,0,1,1763,1,,,,,,0,,0,,5,5,5,0,705,1,5,5,5,0,617,1,3,3,3,0,441,0,ST-ITS1,Intensivstation,12,Intensivmedizin,2.0,3.0,06:00,14:00,450,,13:30,21:30,450,F,21:15,06:15,495,F|S,11,10,8,10,30,45,8,38.5,30,0.05,0,2.0.0,20261146
PK-001,2026-11-19,history,-11,Donnerstag,4,47,0,0,,Stationsleitung,Pflegefachkraft,EXAM|LEITUNG|PRAXISANLEITUNG,1.0,38.5,9240,4620,4158,5082,5,2,2,0,0,1,Pflegefachkraft,1,0.5,5814,10,8,0,0,1,1763,1,,,,,F,0,,0,,5,5,5,0,705,1,5,5,5,0,617,1,3,3,3,0,441,0,ST-ITS1,Intensivstation,12,Intensivmedizin,2.0,3.0,06:00,14:00,450,,13:30,21:30,450,F,21:15,06:15,495,F|S,11,10,8,10,30,45,8,38.5,30,0.05,0,2.0.0,20261146
PK-002,2026-11-19,history,-11,Donnerstag,4,47,0,0,,Pflegefachkraft,Pflegefachkraft,EXAM|PRAXISANLEITUNG|KARDIO_MONITORING,1.0,38.5,9240,9240,8316,10164,5,2,2,8,1,1,Pflegefachkraft,0,0.0,-1815,10,8,0,0,1,1763,1,,,,,,0,,0,,5,5,5,0,705,1,5,5,5,0,617,1,3,3,3,0,441,0,ST-ITS1,Intensivstation,12,Intensivmedizin,2.0,3.0,06:00,14:00,450,,13:30,21:30,450,F,21:15,06:15,495,F|S,11,10,8,10,30,45,8,38.5,30,0.05,0,2.0.0,20261146
PK-003,2026-11-19,history,-11,Donnerstag,4,47,0,0,,Pflegefachkraft,Pflegefachkraft,EXAM,1.0,38.5,9240,9240,8316,10164,5,2,2,8,1,1,Pflegefachkraft,0,0.0,-1815,10,8,0,0,1,1763,1,,,,,,0,,0,,5,5,5,0,705,1,5,5,5,0,617,1,3,3,3,0,441,0,ST-ITS1,Intensivstation,12,Intensivmedizin,2.0,3.0,06:00,14:00,450,,13:30,21:30,450,F,21:15,06:15,495,F|S,11,10,8,10,30,45,8,38.5,30,0.05,0,2.0.0,20261146
PK-004,2026-11-19,history,-11,Donnerstag,4,47,0,0,,Pflegefachkraft,Pflegefachkraft,EXAM,1.0,38.5,9240,9240,8316,10164,5,2,2,8,1,1,Pflegefachkraft,0,0.0,-1995,10,8,0,0,1,1763,1,,,,,S,0,,0,,5,5,5,0,705,1,5,5,5,0,617,1,3,3,3,0,441,0,ST-ITS1,Intensivstation,12,Intensivmedizin,2.0,3.0,06:00,14:00,450,,13:30,21:30,450,F,21:15,06:15,495,F|S,11,10,8,10,30,45,8,38.5,30,0.05,0,2.0.0,20261146
PK-005,2026-11-19,history,-11,Donnerstag,4,47,0,0,,Pflegefachkraft,Pflegefachkraft,EXAM,1.0,38.5,9240,9240,8316,10164,5,2,2,8,1,1,Pflegefachkraft,0,0.0,-1905,10,8,0,0,1,1763,1,,,,,,0,,0,,5,5,5,0,705,1,5,5,5,0,617,1,3,3,3,0,441,0,ST-ITS1,Intensivstation,12,Intensivmedizin,2.0,3.0,06:00,14:00,450,,13:30,21:30,450,F,21:15,06:15,495,F|S,11,10,8,10,30,45,8,38.5,30,0.05,0,2.0.0,20261146
PK-006,2026-11-19,history,-11,Donnerstag,4,47,0,0,,Pflegefachkraft,Pflegefachkraft,EXAM|PRAXISANLEITUNG|KARDIO_MONITORING,1.0,38.5,9240,9240,8316,10164,5,2,2,8,1,1,Pflegefachkraft,0,0.0,-1905,10,8,0,0,1,1763,1,,,,,,0,,0,,5,5,5,0,705,1,5,5,5,0,617,1,3,3,3,0,441,0,ST-ITS1,Intensivstation,12,Intensivmedizin,2.0,3.0,06:00,14:00,450,,13:30,21:30,450,F,21:15,06:15,495,F|S,11,10,8,10,30,45,8,38.5,30,0.05,0,2.0.0,20261146
PK-007,2026-11-19,history,-11,Donnerstag,4,47,0,0,,Pflegefachkraft,Pflegefachkraft,EXAM,1.0,38.5,9240,9240,8316,10164,5,2,2,8,1,1,Pflegefachkraft,0,0.0,1104,10,8,0,0,1,1763,0,URLAUB,,,,,0,,0,,5,5,5,0,705,1,5,5,5,0,617,1,3,3,3,0,441,0,ST-ITS1,Intensivstation,12,Intensivmedizin,2.0,3.0,06:00,14:00,450,,13:30,21:30,450,F,21:15,06:15,495,F|S,11,10,8,10,30,45,8,38.5,30,0.05,0,2.0.0,20261146
PK-008,2026-11-19,history,-11,Donnerstag,4,47,0,0,,Pflegefachkraft,Pflegefachkraft,EXAM|KARDIO_MONITORING,1.0,38.5,9240,9240,8316,10164,5,2,2,8,1,1,Pflegefachkraft,0,0.0,-2265,10,8,0,0,1,1763,1,,,,,S,0,,0,,5,5,5,0,705,1,5,5,5,0,617,1,3,3,3,0,441,0,ST-ITS1,Intensivstation,12,Intensivmedizin,2.0,3.0,06:00,14:00,450,,13:30,21:30,450,F,21:15,06:15,495,F|S,11,10,8,10,30,45,8,38.5,30,0.05,0,2.0.0,20261146
PK-009,2026-11-19,history,-11,Donnerstag,4,47,0,0,,Pflegefachkraft,Pflegefachkraft,EXAM,1.0,38.5,9240,9240,8316,10164,5,2,2,8,1,1,Pflegefachkraft,0,0.0,-1995,10,8,0,0,1,1763,1,,,,,S,0,,0,,5,5,5,0,705,1,5,5,5,0,617,1,3,3,3,0,441,0,ST-ITS1,Intensivstation,12,Intensivmedizin,2.0,3.0,06:00,14:00,450,,13:30,21:30,450,F,21:15,06:15,495,F|S,11,10,8,10,30,45,8,38.5,30,0.05,0,2.0.0,20261146
PK-010,2026-11-19,history,-11,Donnerstag,4,47,0,0,,Pflegefachkraft,Pflegefachkraft,EXAM|PRAXISANLEITUNG|KARDIO_MONITORING,0.6,23.1,5544,5544,4990,6098,5,2,2,8,1,1,Pflegefachkraft,0,0.0,-999,10,8,0,0,1,1763,1,,,,,,0,,0,,5,5,5,0,705,1,5,5,5,0,617,1,3,3,3,0,441,0,ST-ITS1,Intensivstation,12,Intensivmedizin,2.0,3.0,06:00,14:00,450,,13:30,21:30,450,F,21:15,06:15,495,F|S,11,10,8,10,30,45,8,38.5,30,0.05,0,2.0.0,20261146
PK-011,2026-11-19,history,-11,Donnerstag,4,47,0,0,,Pflegefachkraft,Pflegefachkraft,EXAM|KARDIO_MONITORING,0.5,19.25,4620,4620,4158,5082,5,2,2,8,1,1,Pflegefachkraft,0,0.0,-1020,10,8,0,0,1,1763,1,,,,,,0,,0,,5,5,5,0,705,1,5,5,5,0,617,1,3,3,3,0,441,0,ST-ITS1,Intensivstation,12,Intensivmedizin,2.0,3.0,06:00,14:00,450,,13:30,21:30,450,F,21:15,06:15,495,F|S,11,10,8,10,30,45,8,38.5,30,0.05,0,2.0.0,20261146
PK-012,2026-11-19,history,-11,Donnerstag,4,47,0,0,,Pflegefachkraft,Pflegefachkraft,EXAM|KARDIO_MONITORING,0.75,28.88,6931,6931,6238,7624,5,2,2,8,1,1,Pflegefachkraft,0,0.0,-1530,10,8,0,0,1,1763,1,,,,,,0,,0,,5,5,5,0,705,1,5,5,5,0,617,1,3,3,3,0,441,0,ST-ITS1,Intensivstation,12,Intensivmedizin,2.0,3.0,06:00,14:00,450,,13:30,21:30,450,F,21:15,06:15,495,F|S,11,10,8,10,30,45,8,38.5,30,0.05,0,2.0.0,20261146
PK-013,2026-11-19,history,-11,Donnerstag,4,47,0,0,,Pflegefachkraft,Pflegefachkraft,EXAM|KARDIO_MONITORING,1.0,38.5,9240,9240,8316,10164,5,2,2,8,1,1,Pflegefachkraft,0,0.0,-1905,10,8,0,0,1,1763,1,,,,,,0,,0,,5,5,5,0,705,1,5,5,5,0,617,1,3,3,3,0,441,0,ST-ITS1,Intensivstation,12,Intensivmedizin,2.0,3.0,06:00,14:00,450,,13:30,21:30,450,F,21:15,06:15,495,F|S,11,10,8,10,30,45,8,38.5,30,0.05,0,2.0.0,20261146
PK-014,2026-11-19,history,-11,Donnerstag,4,47,0,0,,Pflegefachkraft,Pflegefachkraft,EXAM,1.0,38.5,9240,9240,8316,10164,5,2,2,8,1,1,Pflegefachkraft,0,0.0,-1680,10,8,0,0,1,1763,1,,,,,F,0,,0,,5,5,5,0,705,1,5,5,5,0,617,1,3,3,3,0,441,0,ST-ITS1,Intensivstation,12,Intensivmedizin,2.0,3.0,06:00,14:00,450,,13:30,21:30,450,F,21:15,06:15,495,F|S,11,10,8,10,30,45,8,38.5,30,0.05,0,2.0.0,20261146
PK-015,2026-11-19,history,-11,Donnerstag,4,47,0,0,,Pflegefachkraft,Pflegefachkraft,EXAM|KARDIO_MONITORING,0.5,19.25,4620,4620,4158,5082,5,2,2,8,1,1,Pflegefachkraft,0,0.0,-930,10,8,0,0,1,1763,1,,,,,,0,,0,,5,5,5,0,705,1,5,5,5,0,617,1,3,3,3,0,441,0,ST-ITS1,Intensivstation,12,Intensivmedizin,2.0,3.0,06:00,14:00,450,,13:30,21:30,450,F,21:15,06:15,495,F|S,11,10,8,10,30,45,8,38.5,30,0.05,0,2.0.0,20261146
PK-016,2026-11-19,history,-11,Donnerstag,4,47,0,0,,Pflegefachkraft,Pflegefachkraft,EXAM,0.9,34.65,8316,8316,7484,9148,5,2,2,8,1,1,Pflegefachkraft,0,0.0,1255,10,8,0,0,1,1763,1,,,,,N,0,,0,,5,5,5,0,705,1,5,5,5,0,617,1,3,3,3,0,441,0,ST-ITS1,Intensivstation,12,Intensivmedizin,2.0,3.0,06:00,14:00,450,,13:30,21:30,450,F,21:15,06:15,495,F|S,11,10,8,10,30,45,8,38.5,30,0.05,0,2.0.0,20261146
PK-017,2026-11-19,history,-11,Donnerstag,4,47,0,0,,Pflegefachkraft,Pflegefachkraft,EXAM|KARDIO_MONITORING,1.0,38.5,9240,9240,8316,10164,5,2,2,8,1,1,Pflegefachkraft,0,0.0,-1680,10,8,0,0,1,1763,1,,,,,,0,,0,,5,5,5,0,705,1,5,5,5,0,617,1,3,3,3,0,441,0,ST-ITS1,Intensivstation,12,Intensivmedizin,2.0,3.0,06:00,14:00,450,,13:30,21:30,450,F,21:15,06:15,495,F|S,11,10,8,10,30,45,8,38.5,30,0.05,0,2.0.0,20261146
PK-018,2026-11-19,history,-11,Donnerstag,4,47,0,0,,Pflegefachkraft,Pflegefachkraft,EXAM|PRAXISANLEITUNG,0.6,23.1,5544,5544,4990,6098,5,2,2,8,1,1,Pflegefachkraft,0,0.0,-909,10,8,0,0,1,1763,1,,,,,N,0,,0,,5,5,5,0,705,1,5,5,5,0,617,1,3,3,3,0,441,0,ST-ITS1,Intensivstation,12,Intensivmedizin,2.0,3.0,06:00,14:00,450,,13:30,21:30,450,F,21:15,06:15,495,F|S,11,10,8,10,30,45,8,38.5,30,0.05,0,2.0.0,20261146
PK-019,2026-11-19,history,-11,Donnerstag,4,47,0,0,,Pflegefachkraft,Pflegefachkraft,EXAM,0.6,23.1,5544,5544,4990,6098,5,2,2,8,1,1,Pflegefachkraft,0,0.0,-954,10,8,0,0,1,1763,1,,,,,S,0,,0,,5,5,5,0,705,1,5,5,5,0,617,1,3,3,3,0,441,0,ST-ITS1,Intensivstation,12,Intensivmedizin,2.0,3.0,06:00,14:00,450,,13:30,21:30,450,F,21:15,06:15,495,F|S,11,10,8,10,30,45,8,38.5,30,0.05,0,2.0.0,20261146
PK-020,2026-11-19,history,-11,Donnerstag,4,47,0,0,,Pflegefachkraft,Pflegefachkraft,EXAM|PRAXISANLEITUNG,0.8,30.8,7392,7392,6653,8131,5,2,2,8,1,1,Pflegefachkraft,0,0.0,-1497,10,8,0,0,1,1763,1,,,,,F,0,,0,,5,5,5,0,705,1,5,5,5,0,617,1,3,3,3,0,441,0,ST-ITS1,Intensivstation,12,Intensivmedizin,2.0,3.0,06:00,14:00,450,,13:30,21:30,450,F,21:15,06:15,495,F|S,11,10,8,10,30,45,8,38.5,30,0.05,0,2.0.0,20261146
PK-021,2026-11-19,history,-11,Donnerstag,4,47,0,0,,Pflegefachkraft,Pflegefachkraft,EXAM|PRAXISANLEITUNG,0.5,19.25,4620,4620,4158,5082,5,2,2,8,1,1,Pflegefachkraft,0,0.0,-975,10,8,0,0,1,1763,1,,,,,,0,,0,,5,5,5,0,705,1,5,5,5,0,617,1,3,3,3,0,441,0,ST-ITS1,Intensivstation,12,Intensivmedizin,2.0,3.0,06:00,14:00,450,,13:30,21:30,450,F,21:15,06:15,495,F|S,11,10,8,10,30,45,8,38.5,30,0.05,0,2.0.0,20261146
PK-022,2026-11-19,history,-11,Donnerstag,4,47,0,0,,Pflegefachkraft,Pflegefachkraft,EXAM,0.7,26.95,6468,6468,5821,7115,5,2,2,8,1,1,Pflegefachkraft,0,0.0,-1473,10,8,0,0,1,1763,1,,,,,F,0,,0,,5,5,5,0,705,1,5,5,5,0,617,1,3,3,3,0,441,0,ST-ITS1,Intensivstation,12,Intensivmedizin,2.0,3.0,06:00,14:00,450,,13:30,21:30,450,F,21:15,06:15,495,F|S,11,10,8,10,30,45,8,38.5,30,0.05,0,2.0.0,20261146
PK-023,2026-11-19,history,-11,Donnerstag,4,47,0,0,,Pflegefachkraft,Pflegefachkraft,EXAM,1.0,38.5,9240,9240,8316,10164,5,2,2,8,1,1,Pflegefachkraft,0,0.0,-2040,10,8,0,0,1,1763,1,,,,,F,0,,0,,5,5,5,0,705,1,5,5,5,0,617,1,3,3,3,0,441,0,ST-ITS1,Intensivstation,12,Intensivmedizin,2.0,3.0,06:00,14:00,450,,13:30,21:30,450,F,21:15,06:15,495,F|S,11,10,8,10,30,45,8,38.5,30,0.05,0,2.0.0,20261146
PK-024,2026-11-19,history,-11,Donnerstag,4,47,0,0,,Pflegefachkraft,Pflegefachkraft,EXAM|PRAXISANLEITUNG,1.0,38.5,9240,9240,8316,10164,5,2,2,8,1,1,Pflegefachkraft,0,0.0,-2310,10,8,0,0,1,1763,1,,,,,S,0,,0,,5,5,5,0,705,1,5,5,5,0,617,1,3,3,3,0,441,0,ST-ITS1,Intensivstation,12,Intensivmedizin,2.0,3.0,06:00,14:00,450,,13:30,21:30,450,F,21:15,06:15,495,F|S,11,10,8,10,30,45,8,38.5,30,0.05,0,2.0.0,20261146
PK-025,2026-11-19,history,-11,Donnerstag,4,47,0,0,,Pflegefachkraft,Pflegefachkraft,EXAM,1.0,38.5,9240,9240,8316,10164,5,2,2,8,1,1,Pflegefachkraft,0,0.0,-1680,10,8,0,0,1,1763,1,,,,,N,0,,0,,5,5,5,0,705,1,5,5,5,0,617,1,3,3,3,0,441,0,ST-ITS1,Intensivstation,12,Intensivmedizin,2.0,3.0,06:00,14:00,450,,13:30,21:30,450,F,21:15,06:15,495,F|S,11,10,8,10,30,45,8,38.5,30,0.05,0,2.0.0,20261146
AZ-001,2026-11-20,history,-10,Freitag,5,47,0,0,,Auszubildende_r_3_Ausbildungsjahr,Auszubildende,AUSZUBILDEND,1.0,38.5,9240,9240,8316,10164,5,2,2,8,1,0,nicht anrechenbar,0,0.0,-9240,9,9,2,0,1,1508,1,,,,,,0,,0,,5,5,5,0,603,1,5,5,5,0,528,1,3,3,3,0,377,0,ST-ITS1,Intensivstation,12,Intensivmedizin,2.0,3.0,06:00,14:00,450,,13:30,21:30,450,F,21:15,06:15,495,F|S,11,10,8,10,30,45,8,38.5,30,0.05,0,2.0.0,20261146
AZ-002,2026-11-20,history,-10,Freitag,5,47,0,0,,Auszubildende_r_2_Ausbildungsjahr,Auszubildende,AUSZUBILDEND,1.0,38.5,9240,9240,8316,10164,5,2,2,8,1,0,nicht anrechenbar,0,0.0,-9240,9,9,2,0,1,1508,1,,,,,,0,,0,,5,5,5,0,603,1,5,5,5,0,528,1,3,3,3,0,377,0,ST-ITS1,Intensivstation,12,Intensivmedizin,2.0,3.0,06:00,14:00,450,,13:30,21:30,450,F,21:15,06:15,495,F|S,11,10,8,10,30,45,8,38.5,30,0.05,0,2.0.0,20261146
AZ-003,2026-11-20,history,-10,Freitag,5,47,0,0,,Auszubildende_r_1_Ausbildungsjahr,Auszubildende,AUSZUBILDEND,1.0,38.5,9240,9240,8316,10164,5,2,2,0,0,0,nicht anrechenbar,0,0.0,-9240,9,9,2,0,1,1508,1,,,,,,0,,0,,5,5,5,0,603,1,5,5,5,0,528,1,3,3,3,0,377,0,ST-ITS1,Intensivstation,12,Intensivmedizin,2.0,3.0,06:00,14:00,450,,13:30,21:30,450,F,21:15,06:15,495,F|S,11,10,8,10,30,45,8,38.5,30,0.05,0,2.0.0,20261146
PK-001,2026-11-20,history,-10,Freitag,5,47,0,0,,Stationsleitung,Pflegefachkraft,EXAM|LEITUNG|PRAXISANLEITUNG,1.0,38.5,9240,4620,4158,5082,5,2,2,0,0,1,Pflegefachkraft,1,0.5,5814,9,9,2,0,1,1508,1,,,,,F,0,,0,,5,5,5,0,603,1,5,5,5,0,528,1,3,3,3,0,377,0,ST-ITS1,Intensivstation,12,Intensivmedizin,2.0,3.0,06:00,14:00,450,,13:30,21:30,450,F,21:15,06:15,495,F|S,11,10,8,10,30,45,8,38.5,30,0.05,0,2.0.0,20261146
PK-002,2026-11-20,history,-10,Freitag,5,47,0,0,,Pflegefachkraft,Pflegefachkraft,EXAM|PRAXISANLEITUNG|KARDIO_MONITORING,1.0,38.5,9240,9240,8316,10164,5,2,2,8,1,1,Pflegefachkraft,0,0.0,-1815,9,9,2,0,1,1508,1,,,,,F,0,,0,,5,5,5,0,603,1,5,5,5,0,528,1,3,3,3,0,377,0,ST-ITS1,Intensivstation,12,Intensivmedizin,2.0,3.0,06:00,14:00,450,,13:30,21:30,450,F,21:15,06:15,495,F|S,11,10,8,10,30,45,8,38.5,30,0.05,0,2.0.0,20261146
PK-003,2026-11-20,history,-10,Freitag,5,47,0,0,,Pflegefachkraft,Pflegefachkraft,EXAM,1.0,38.5,9240,9240,8316,10164,5,2,2,8,1,1,Pflegefachkraft,0,0.0,-1815,9,9,2,0,1,1508,1,,,,,S,0,,0,,5,5,5,0,603,1,5,5,5,0,528,1,3,3,3,0,377,0,ST-ITS1,Intensivstation,12,Intensivmedizin,2.0,3.0,06:00,14:00,450,,13:30,21:30,450,F,21:15,06:15,495,F|S,11,10,8,10,30,45,8,38.5,30,0.05,0,2.0.0,20261146
PK-004,2026-11-20,history,-10,Freitag,5,47,0,0,,Pflegefachkraft,Pflegefachkraft,EXAM,1.0,38.5,9240,9240,8316,10164,5,2,2,8,1,1,Pflegefachkraft,0,0.0,-1995,9,9,2,0,1,1508,1,,,,,,0,,0,,5,5,5,0,603,1,5,5,5,0,528,1,3,3,3,0,377,0,ST-ITS1,Intensivstation,12,Intensivmedizin,2.0,3.0,06:00,14:00,450,,13:30,21:30,450,F,21:15,06:15,495,F|S,11,10,8,10,30,45,8,38.5,30,0.05,0,2.0.0,20261146
PK-005,2026-11-20,history,-10,Freitag,5,47,0,0,,Pflegefachkraft,Pflegefachkraft,EXAM,1.0,38.5,9240,9240,8316,10164,5,2,2,8,1,1,Pflegefachkraft,0,0.0,-1905,9,9,2,0,1,1508,1,,,,,N,0,,0,,5,5,5,0,603,1,5,5,5,0,528,1,3,3,3,0,377,0,ST-ITS1,Intensivstation,12,Intensivmedizin,2.0,3.0,06:00,14:00,450,,13:30,21:30,450,F,21:15,06:15,495,F|S,11,10,8,10,30,45,8,38.5,30,0.05,0,2.0.0,20261146
PK-006,2026-11-20,history,-10,Freitag,5,47,0,0,,Pflegefachkraft,Pflegefachkraft,EXAM|PRAXISANLEITUNG|KARDIO_MONITORING,1.0,38.5,9240,9240,8316,10164,5,2,2,8,1,1,Pflegefachkraft,0,0.0,-1905,9,9,2,0,1,1508,1,,,,,S,0,,0,,5,5,5,0,603,1,5,5,5,0,528,1,3,3,3,0,377,0,ST-ITS1,Intensivstation,12,Intensivmedizin,2.0,3.0,06:00,14:00,450,,13:30,21:30,450,F,21:15,06:15,495,F|S,11,10,8,10,30,45,8,38.5,30,0.05,0,2.0.0,20261146
PK-007,2026-11-20,history,-10,Freitag,5,47,0,0,,Pflegefachkraft,Pflegefachkraft,EXAM,1.0,38.5,9240,9240,8316,10164,5,2,2,8,1,1,Pflegefachkraft,0,0.0,1104,9,9,2,0,1,1508,1,,,,,N,0,,0,,5,5,5,0,603,1,5,5,5,0,528,1,3,3,3,0,377,0,ST-ITS1,Intensivstation,12,Intensivmedizin,2.0,3.0,06:00,14:00,450,,13:30,21:30,450,F,21:15,06:15,495,F|S,11,10,8,10,30,45,8,38.5,30,0.05,0,2.0.0,20261146
PK-008,2026-11-20,history,-10,Freitag,5,47,0,0,,Pflegefachkraft,Pflegefachkraft,EXAM|KARDIO_MONITORING,1.0,38.5,9240,9240,8316,10164,5,2,2,8,1,1,Pflegefachkraft,0,0.0,-2265,9,9,2,0,1,1508,1,,,,,,0,,0,,5,5,5,0,603,1,5,5,5,0,528,1,3,3,3,0,377,0,ST-ITS1,Intensivstation,12,Intensivmedizin,2.0,3.0,06:00,14:00,450,,13:30,21:30,450,F,21:15,06:15,495,F|S,11,10,8,10,30,45,8,38.5,30,0.05,0,2.0.0,20261146
PK-009,2026-11-20,history,-10,Freitag,5,47,0,0,,Pflegefachkraft,Pflegefachkraft,EXAM,1.0,38.5,9240,9240,8316,10164,5,2,2,8,1,1,Pflegefachkraft,0,0.0,-1995,9,9,2,0,1,1508,1,,,,,,0,,0,,5,5,5,0,603,1,5,5,5,0,528,1,3,3,3,0,377,0,ST-ITS1,Intensivstation,12,Intensivmedizin,2.0,3.0,06:00,14:00,450,,13:30,21:30,450,F,21:15,06:15,495,F|S,11,10,8,10,30,45,8,38.5,30,0.05,0,2.0.0,20261146
PK-010,2026-11-20,history,-10,Freitag,5,47,0,0,,Pflegefachkraft,Pflegefachkraft,EXAM|PRAXISANLEITUNG|KARDIO_MONITORING,0.6,23.1,5544,5544,4990,6098,5,2,2,8,1,1,Pflegefachkraft,0,0.0,-999,9,9,2,0,1,1508,1,,,,,,0,,0,,5,5,5,0,603,1,5,5,5,0,528,1,3,3,3,0,377,0,ST-ITS1,Intensivstation,12,Intensivmedizin,2.0,3.0,06:00,14:00,450,,13:30,21:30,450,F,21:15,06:15,495,F|S,11,10,8,10,30,45,8,38.5,30,0.05,0,2.0.0,20261146
PK-011,2026-11-20,history,-10,Freitag,5,47,0,0,,Pflegefachkraft,Pflegefachkraft,EXAM|KARDIO_MONITORING,0.5,19.25,4620,4620,4158,5082,5,2,2,8,1,1,Pflegefachkraft,0,0.0,-1020,9,9,2,0,1,1508,1,,,,,,0,,0,,5,5,5,0,603,1,5,5,5,0,528,1,3,3,3,0,377,0,ST-ITS1,Intensivstation,12,Intensivmedizin,2.0,3.0,06:00,14:00,450,,13:30,21:30,450,F,21:15,06:15,495,F|S,11,10,8,10,30,45,8,38.5,30,0.05,0,2.0.0,20261146
PK-012,2026-11-20,history,-10,Freitag,5,47,0,0,,Pflegefachkraft,Pflegefachkraft,EXAM|KARDIO_MONITORING,0.75,28.88,6931,6931,6238,7624,5,2,2,8,1,1,Pflegefachkraft,0,0.0,-1530,9,9,2,0,1,1508,1,,,,,S,0,,0,,5,5,5,0,603,1,5,5,5,0,528,1,3,3,3,0,377,0,ST-ITS1,Intensivstation,12,Intensivmedizin,2.0,3.0,06:00,14:00,450,,13:30,21:30,450,F,21:15,06:15,495,F|S,11,10,8,10,30,45,8,38.5,30,0.05,0,2.0.0,20261146
PK-013,2026-11-20,history,-10,Freitag,5,47,0,0,,Pflegefachkraft,Pflegefachkraft,EXAM|KARDIO_MONITORING,1.0,38.5,9240,9240,8316,10164,5,2,2,8,1,1,Pflegefachkraft,0,0.0,-1905,9,9,2,0,1,1508,1,,,,,S,0,,0,,5,5,5,0,603,1,5,5,5,0,528,1,3,3,3,0,377,0,ST-ITS1,Intensivstation,12,Intensivmedizin,2.0,3.0,06:00,14:00,450,,13:30,21:30,450,F,21:15,06:15,495,F|S,11,10,8,10,30,45,8,38.5,30,0.05,0,2.0.0,20261146
PK-014,2026-11-20,history,-10,Freitag,5,47,0,0,,Pflegefachkraft,Pflegefachkraft,EXAM,1.0,38.5,9240,9240,8316,10164,5,2,2,8,1,1,Pflegefachkraft,0,0.0,-1680,9,9,2,0,1,1508,1,,,,,F,0,,0,,5,5,5,0,603,1,5,5,5,0,528,1,3,3,3,0,377,0,ST-ITS1,Intensivstation,12,Intensivmedizin,2.0,3.0,06:00,14:00,450,,13:30,21:30,450,F,21:15,06:15,495,F|S,11,10,8,10,30,45,8,38.5,30,0.05,0,2.0.0,20261146
PK-015,2026-11-20,history,-10,Freitag,5,47,0,0,,Pflegefachkraft,Pflegefachkraft,EXAM|KARDIO_MONITORING,0.5,19.25,4620,4620,4158,5082,5,2,2,8,1,1,Pflegefachkraft,0,0.0,-930,9,9,2,0,1,1508,1,,,,,N,0,,0,,5,5,5,0,603,1,5,5,5,0,528,1,3,3,3,0,377,0,ST-ITS1,Intensivstation,12,Intensivmedizin,2.0,3.0,06:00,14:00,450,,13:30,21:30,450,F,21:15,06:15,495,F|S,11,10,8,10,30,45,8,38.5,30,0.05,0,2.0.0,20261146
PK-016,2026-11-20,history,-10,Freitag,5,47,0,0,,Pflegefachkraft,Pflegefachkraft,EXAM,0.9,34.65,8316,8316,7484,9148,5,2,2,8,1,1,Pflegefachkraft,0,0.0,1255,9,9,2,0,1,1508,1,,,,,,0,,0,,5,5,5,0,603,1,5,5,5,0,528,1,3,3,3,0,377,0,ST-ITS1,Intensivstation,12,Intensivmedizin,2.0,3.0,06:00,14:00,450,,13:30,21:30,450,F,21:15,06:15,495,F|S,11,10,8,10,30,45,8,38.5,30,0.05,0,2.0.0,20261146
PK-017,2026-11-20,history,-10,Freitag,5,47,0,0,,Pflegefachkraft,Pflegefachkraft,EXAM|KARDIO_MONITORING,1.0,38.5,9240,9240,8316,10164,5,2,2,8,1,1,Pflegefachkraft,0,0.0,-1680,9,9,2,0,1,1508,1,,,,,F,0,,0,,5,5,5,0,603,1,5,5,5,0,528,1,3,3,3,0,377,0,ST-ITS1,Intensivstation,12,Intensivmedizin,2.0,3.0,06:00,14:00,450,,13:30,21:30,450,F,21:15,06:15,495,F|S,11,10,8,10,30,45,8,38.5,30,0.05,0,2.0.0,20261146
PK-018,2026-11-20,history,-10,Freitag,5,47,0,0,,Pflegefachkraft,Pflegefachkraft,EXAM|PRAXISANLEITUNG,0.6,23.1,5544,5544,4990,6098,5,2,2,8,1,1,Pflegefachkraft,0,0.0,-909,9,9,2,0,1,1508,1,,,,,,0,,0,,5,5,5,0,603,1,5,5,5,0,528,1,3,3,3,0,377,0,ST-ITS1,Intensivstation,12,Intensivmedizin,2.0,3.0,06:00,14:00,450,,13:30,21:30,450,F,21:15,06:15,495,F|S,11,10,8,10,30,45,8,38.5,30,0.05,0,2.0.0,20261146
PK-019,2026-11-20,history,-10,Freitag,5,47,0,0,,Pflegefachkraft,Pflegefachkraft,EXAM,0.6,23.1,5544,5544,4990,6098,5,2,2,8,1,1,Pflegefachkraft,0,0.0,-954,9,9,2,0,1,1508,1,,,,,,0,,0,,5,5,5,0,603,1,5,5,5,0,528,1,3,3,3,0,377,0,ST-ITS1,Intensivstation,12,Intensivmedizin,2.0,3.0,06:00,14:00,450,,13:30,21:30,450,F,21:15,06:15,495,F|S,11,10,8,10,30,45,8,38.5,30,0.05,0,2.0.0,20261146
PK-020,2026-11-20,history,-10,Freitag,5,47,0,0,,Pflegefachkraft,Pflegefachkraft,EXAM|PRAXISANLEITUNG,0.8,30.8,7392,7392,6653,8131,5,2,2,8,1,1,Pflegefachkraft,0,0.0,-1497,9,9,2,0,1,1508,1,,,,,,0,,0,,5,5,5,0,603,1,5,5,5,0,528,1,3,3,3,0,377,0,ST-ITS1,Intensivstation,12,Intensivmedizin,2.0,3.0,06:00,14:00,450,,13:30,21:30,450,F,21:15,06:15,495,F|S,11,10,8,10,30,45,8,38.5,30,0.05,0,2.0.0,20261146
PK-021,2026-11-20,history,-10,Freitag,5,47,0,0,,Pflegefachkraft,Pflegefachkraft,EXAM|PRAXISANLEITUNG,0.5,19.25,4620,4620,4158,5082,5,2,2,8,1,1,Pflegefachkraft,0,0.0,-975,9,9,2,0,1,1508,1,,,,,F,0,,0,,5,5,5,0,603,1,5,5,5,0,528,1,3,3,3,0,377,0,ST-ITS1,Intensivstation,12,Intensivmedizin,2.0,3.0,06:00,14:00,450,,13:30,21:30,450,F,21:15,06:15,495,F|S,11,10,8,10,30,45,8,38.5,30,0.05,0,2.0.0,20261146
PK-022,2026-11-20,history,-10,Freitag,5,47,0,0,,Pflegefachkraft,Pflegefachkraft,EXAM,0.7,26.95,6468,6468,5821,7115,5,2,2,8,1,1,Pflegefachkraft,0,0.0,-1473,9,9,2,0,1,1508,1,,,,,,0,,0,,5,5,5,0,603,1,5,5,5,0,528,1,3,3,3,0,377,0,ST-ITS1,Intensivstation,12,Intensivmedizin,2.0,3.0,06:00,14:00,450,,13:30,21:30,450,F,21:15,06:15,495,F|S,11,10,8,10,30,45,8,38.5,30,0.05,0,2.0.0,20261146
PK-023,2026-11-20,history,-10,Freitag,5,47,0,0,,Pflegefachkraft,Pflegefachkraft,EXAM,1.0,38.5,9240,9240,8316,10164,5,2,2,8,1,1,Pflegefachkraft,0,0.0,-2040,9,9,2,0,1,1508,1,,,,,S,0,,0,,5,5,5,0,603,1,5,5,5,0,528,1,3,3,3,0,377,0,ST-ITS1,Intensivstation,12,Intensivmedizin,2.0,3.0,06:00,14:00,450,,13:30,21:30,450,F,21:15,06:15,495,F|S,11,10,8,10,30,45,8,38.5,30,0.05,0,2.0.0,20261146
PK-024,2026-11-20,history,-10,Freitag,5,47,0,0,,Pflegefachkraft,Pflegefachkraft,EXAM|PRAXISANLEITUNG,1.0,38.5,9240,9240,8316,10164,5,2,2,8,1,1,Pflegefachkraft,0,0.0,-2310,9,9,2,0,1,1508,1,,,,,,0,,0,,5,5,5,0,603,1,5,5,5,0,528,1,3,3,3,0,377,0,ST-ITS1,Intensivstation,12,Intensivmedizin,2.0,3.0,06:00,14:00,450,,13:30,21:30,450,F,21:15,06:15,495,F|S,11,10,8,10,30,45,8,38.5,30,0.05,0,2.0.0,20261146
PK-025,2026-11-20,history,-10,Freitag,5,47,0,0,,Pflegefachkraft,Pflegefachkraft,EXAM,1.0,38.5,9240,9240,8316,10164,5,2,2,8,1,1,Pflegefachkraft,0,0.0,-1680,9,9,2,0,1,1508,1,,,,,,0,,0,,5,5,5,0,603,1,5,5,5,0,528,1,3,3,3,0,377,0,ST-ITS1,Intensivstation,12,Intensivmedizin,2.0,3.0,06:00,14:00,450,,13:30,21:30,450,F,21:15,06:15,495,F|S,11,10,8,10,30,45,8,38.5,30,0.05,0,2.0.0,20261146
AZ-001,2026-11-21,history,-9,Samstag,6,47,1,0,,Auszubildende_r_3_Ausbildungsjahr,Auszubildende,AUSZUBILDEND,1.0,38.5,9240,9240,8316,10164,5,2,2,8,1,0,nicht anrechenbar,0,0.0,-9240,7,5,1,0,0,1340,1,,,,,,0,,0,,4,4,4,0,536,1,4,4,4,0,469,1,2,2,2,0,335,0,ST-ITS1,Intensivstation,12,Intensivmedizin,2.0,3.0,06:00,14:00,450,,13:30,21:30,450,F,21:15,06:15,495,F|S,11,10,8,10,30,45,8,38.5,30,0.05,0,2.0.0,20261146
AZ-002,2026-11-21,history,-9,Samstag,6,47,1,0,,Auszubildende_r_2_Ausbildungsjahr,Auszubildende,AUSZUBILDEND,1.0,38.5,9240,9240,8316,10164,5,2,2,8,1,0,nicht anrechenbar,0,0.0,-9240,7,5,1,0,0,1340,1,,,,,,0,,0,,4,4,4,0,536,1,4,4,4,0,469,1,2,2,2,0,335,0,ST-ITS1,Intensivstation,12,Intensivmedizin,2.0,3.0,06:00,14:00,450,,13:30,21:30,450,F,21:15,06:15,495,F|S,11,10,8,10,30,45,8,38.5,30,0.05,0,2.0.0,20261146
AZ-003,2026-11-21,history,-9,Samstag,6,47,1,0,,Auszubildende_r_1_Ausbildungsjahr,Auszubildende,AUSZUBILDEND,1.0,38.5,9240,9240,8316,10164,5,2,2,0,0,0,nicht anrechenbar,0,0.0,-9240,7,5,1,0,0,1340,1,,,,,,0,,0,,4,4,4,0,536,1,4,4,4,0,469,1,2,2,2,0,335,0,ST-ITS1,Intensivstation,12,Intensivmedizin,2.0,3.0,06:00,14:00,450,,13:30,21:30,450,F,21:15,06:15,495,F|S,11,10,8,10,30,45,8,38.5,30,0.05,0,2.0.0,20261146
PK-001,2026-11-21,history,-9,Samstag,6,47,1,0,,Stationsleitung,Pflegefachkraft,EXAM|LEITUNG|PRAXISANLEITUNG,1.0,38.5,9240,4620,4158,5082,5,2,2,0,0,1,Pflegefachkraft,1,0.5,5814,7,5,1,0,0,1340,1,,,,,F,0,,0,,4,4,4,0,536,1,4,4,4,0,469,1,2,2,2,0,335,0,ST-ITS1,Intensivstation,12,Intensivmedizin,2.0,3.0,06:00,14:00,450,,13:30,21:30,450,F,21:15,06:15,495,F|S,11,10,8,10,30,45,8,38.5,30,0.05,0,2.0.0,20261146
PK-002,2026-11-21,history,-9,Samstag,6,47,1,0,,Pflegefachkraft,Pflegefachkraft,EXAM|PRAXISANLEITUNG|KARDIO_MONITORING,1.0,38.5,9240,9240,8316,10164,5,2,2,8,1,1,Pflegefachkraft,0,0.0,-1815,7,5,1,0,0,1340,1,,,,,,0,,0,,4,4,4,0,536,1,4,4,4,0,469,1,2,2,2,0,335,0,ST-ITS1,Intensivstation,12,Intensivmedizin,2.0,3.0,06:00,14:00,450,,13:30,21:30,450,F,21:15,06:15,495,F|S,11,10,8,10,30,45,8,38.5,30,0.05,0,2.0.0,20261146
PK-003,2026-11-21,history,-9,Samstag,6,47,1,0,,Pflegefachkraft,Pflegefachkraft,EXAM,1.0,38.5,9240,9240,8316,10164,5,2,2,8,1,1,Pflegefachkraft,0,0.0,-1815,7,5,1,0,0,1340,1,,,,,,0,,0,,4,4,4,0,536,1,4,4,4,0,469,1,2,2,2,0,335,0,ST-ITS1,Intensivstation,12,Intensivmedizin,2.0,3.0,06:00,14:00,450,,13:30,21:30,450,F,21:15,06:15,495,F|S,11,10,8,10,30,45,8,38.5,30,0.05,0,2.0.0,20261146
PK-004,2026-11-21,history,-9,Samstag,6,47,1,0,,Pflegefachkraft,Pflegefachkraft,EXAM,1.0,38.5,9240,9240,8316,10164,5,2,2,8,1,1,Pflegefachkraft,0,0.0,-1995,7,5,1,0,0,1340,1,,,,,S,0,,0,,4,4,4,0,536,1,4,4,4,0,469,1,2,2,2,0,335,0,ST-ITS1,Intensivstation,12,Intensivmedizin,2.0,3.0,06:00,14:00,450,,13:30,21:30,450,F,21:15,06:15,495,F|S,11,10,8,10,30,45,8,38.5,30,0.05,0,2.0.0,20261146
PK-005,2026-11-21,history,-9,Samstag,6,47,1,0,,Pflegefachkraft,Pflegefachkraft,EXAM,1.0,38.5,9240,9240,8316,10164,5,2,2,8,1,1,Pflegefachkraft,0,0.0,-1905,7,5,1,0,0,1340,1,,,,,,0,,0,,4,4,4,0,536,1,4,4,4,0,469,1,2,2,2,0,335,0,ST-ITS1,Intensivstation,12,Intensivmedizin,2.0,3.0,06:00,14:00,450,,13:30,21:30,450,F,21:15,06:15,495,F|S,11,10,8,10,30,45,8,38.5,30,0.05,0,2.0.0,20261146
PK-006,2026-11-21,history,-9,Samstag,6,47,1,0,,Pflegefachkraft,Pflegefachkraft,EXAM|PRAXISANLEITUNG|KARDIO_MONITORING,1.0,38.5,9240,9240,8316,10164,5,2,2,8,1,1,Pflegefachkraft,0,0.0,-1905,7,5,1,0,0,1340,1,,,,,,0,,0,,4,4,4,0,536,1,4,4,4,0,469,1,2,2,2,0,335,0,ST-ITS1,Intensivstation,12,Intensivmedizin,2.0,3.0,06:00,14:00,450,,13:30,21:30,450,F,21:15,06:15,495,F|S,11,10,8,10,30,45,8,38.5,30,0.05,0,2.0.0,20261146
PK-007,2026-11-21,history,-9,Samstag,6,47,1,0,,Pflegefachkraft,Pflegefachkraft,EXAM,1.0,38.5,9240,9240,8316,10164,5,2,2,8,1,1,Pflegefachkraft,0,0.0,1104,7,5,1,0,0,1340,1,,,,,N,0,,0,,4,4,4,0,536,1,4,4,4,0,469,1,2,2,2,0,335,0,ST-ITS1,Intensivstation,12,Intensivmedizin,2.0,3.0,06:00,14:00,450,,13:30,21:30,450,F,21:15,06:15,495,F|S,11,10,8,10,30,45,8,38.5,30,0.05,0,2.0.0,20261146
PK-008,2026-11-21,history,-9,Samstag,6,47,1,0,,Pflegefachkraft,Pflegefachkraft,EXAM|KARDIO_MONITORING,1.0,38.5,9240,9240,8316,10164,5,2,2,8,1,1,Pflegefachkraft,0,0.0,-2265,7,5,1,0,0,1340,1,,,,,S,0,,0,,4,4,4,0,536,1,4,4,4,0,469,1,2,2,2,0,335,0,ST-ITS1,Intensivstation,12,Intensivmedizin,2.0,3.0,06:00,14:00,450,,13:30,21:30,450,F,21:15,06:15,495,F|S,11,10,8,10,30,45,8,38.5,30,0.05,0,2.0.0,20261146
PK-009,2026-11-21,history,-9,Samstag,6,47,1,0,,Pflegefachkraft,Pflegefachkraft,EXAM,1.0,38.5,9240,9240,8316,10164,5,2,2,8,1,1,Pflegefachkraft,0,0.0,-1995,7,5,1,0,0,1340,1,,,,,S,0,,0,,4,4,4,0,536,1,4,4,4,0,469,1,2,2,2,0,335,0,ST-ITS1,Intensivstation,12,Intensivmedizin,2.0,3.0,06:00,14:00,450,,13:30,21:30,450,F,21:15,06:15,495,F|S,11,10,8,10,30,45,8,38.5,30,0.05,0,2.0.0,20261146
PK-010,2026-11-21,history,-9,Samstag,6,47,1,0,,Pflegefachkraft,Pflegefachkraft,EXAM|PRAXISANLEITUNG|KARDIO_MONITORING,0.6,23.1,5544,5544,4990,6098,5,2,2,8,1,1,Pflegefachkraft,0,0.0,-999,7,5,1,0,0,1340,1,,,,,,0,,0,,4,4,4,0,536,1,4,4,4,0,469,1,2,2,2,0,335,0,ST-ITS1,Intensivstation,12,Intensivmedizin,2.0,3.0,06:00,14:00,450,,13:30,21:30,450,F,21:15,06:15,495,F|S,11,10,8,10,30,45,8,38.5,30,0.05,0,2.0.0,20261146
PK-011,2026-11-21,history,-9,Samstag,6,47,1,0,,Pflegefachkraft,Pflegefachkraft,EXAM|KARDIO_MONITORING,0.5,19.25,4620,4620,4158,5082,5,2,2,8,1,1,Pflegefachkraft,0,0.0,-1020,7,5,1,0,0,1340,1,,,,,,0,,0,,4,4,4,0,536,1,4,4,4,0,469,1,2,2,2,0,335,0,ST-ITS1,Intensivstation,12,Intensivmedizin,2.0,3.0,06:00,14:00,450,,13:30,21:30,450,F,21:15,06:15,495,F|S,11,10,8,10,30,45,8,38.5,30,0.05,0,2.0.0,20261146
PK-012,2026-11-21,history,-9,Samstag,6,47,1,0,,Pflegefachkraft,Pflegefachkraft,EXAM|KARDIO_MONITORING,0.75,28.88,6931,6931,6238,7624,5,2,2,8,1,1,Pflegefachkraft,0,0.0,-1530,7,5,1,0,0,1340,1,,,,,,0,,0,,4,4,4,0,536,1,4,4,4,0,469,1,2,2,2,0,335,0,ST-ITS1,Intensivstation,12,Intensivmedizin,2.0,3.0,06:00,14:00,450,,13:30,21:30,450,F,21:15,06:15,495,F|S,11,10,8,10,30,45,8,38.5,30,0.05,0,2.0.0,20261146
PK-013,2026-11-21,history,-9,Samstag,6,47,1,0,,Pflegefachkraft,Pflegefachkraft,EXAM|KARDIO_MONITORING,1.0,38.5,9240,9240,8316,10164,5,2,2,8,1,1,Pflegefachkraft,0,0.0,-1905,7,5,1,0,0,1340,1,,,,,,0,,0,,4,4,4,0,536,1,4,4,4,0,469,1,2,2,2,0,335,0,ST-ITS1,Intensivstation,12,Intensivmedizin,2.0,3.0,06:00,14:00,450,,13:30,21:30,450,F,21:15,06:15,495,F|S,11,10,8,10,30,45,8,38.5,30,0.05,0,2.0.0,20261146
PK-014,2026-11-21,history,-9,Samstag,6,47,1,0,,Pflegefachkraft,Pflegefachkraft,EXAM,1.0,38.5,9240,9240,8316,10164,5,2,2,8,1,1,Pflegefachkraft,0,0.0,-1680,7,5,1,0,0,1340,1,,,,,F,0,,0,,4,4,4,0,536,1,4,4,4,0,469,1,2,2,2,0,335,0,ST-ITS1,Intensivstation,12,Intensivmedizin,2.0,3.0,06:00,14:00,450,,13:30,21:30,450,F,21:15,06:15,495,F|S,11,10,8,10,30,45,8,38.5,30,0.05,0,2.0.0,20261146
PK-015,2026-11-21,history,-9,Samstag,6,47,1,0,,Pflegefachkraft,Pflegefachkraft,EXAM|KARDIO_MONITORING,0.5,19.25,4620,4620,4158,5082,5,2,2,8,1,1,Pflegefachkraft,0,0.0,-930,7,5,1,0,0,1340,1,,,,,,0,,0,,4,4,4,0,536,1,4,4,4,0,469,1,2,2,2,0,335,0,ST-ITS1,Intensivstation,12,Intensivmedizin,2.0,3.0,06:00,14:00,450,,13:30,21:30,450,F,21:15,06:15,495,F|S,11,10,8,10,30,45,8,38.5,30,0.05,0,2.0.0,20261146
PK-016,2026-11-21,history,-9,Samstag,6,47,1,0,,Pflegefachkraft,Pflegefachkraft,EXAM,0.9,34.65,8316,8316,7484,9148,5,2,2,8,1,1,Pflegefachkraft,0,0.0,1255,7,5,1,0,0,1340,1,,,,,F,0,,0,,4,4,4,0,536,1,4,4,4,0,469,1,2,2,2,0,335,0,ST-ITS1,Intensivstation,12,Intensivmedizin,2.0,3.0,06:00,14:00,450,,13:30,21:30,450,F,21:15,06:15,495,F|S,11,10,8,10,30,45,8,38.5,30,0.05,0,2.0.0,20261146
PK-017,2026-11-21,history,-9,Samstag,6,47,1,0,,Pflegefachkraft,Pflegefachkraft,EXAM|KARDIO_MONITORING,1.0,38.5,9240,9240,8316,10164,5,2,2,8,1,1,Pflegefachkraft,0,0.0,-1680,7,5,1,0,0,1340,1,,,,,F,0,,0,,4,4,4,0,536,1,4,4,4,0,469,1,2,2,2,0,335,0,ST-ITS1,Intensivstation,12,Intensivmedizin,2.0,3.0,06:00,14:00,450,,13:30,21:30,450,F,21:15,06:15,495,F|S,11,10,8,10,30,45,8,38.5,30,0.05,0,2.0.0,20261146
PK-018,2026-11-21,history,-9,Samstag,6,47,1,0,,Pflegefachkraft,Pflegefachkraft,EXAM|PRAXISANLEITUNG,0.6,23.1,5544,5544,4990,6098,5,2,2,8,1,1,Pflegefachkraft,0,0.0,-909,7,5,1,0,0,1340,1,,,,,,0,,0,,4,4,4,0,536,1,4,4,4,0,469,1,2,2,2,0,335,0,ST-ITS1,Intensivstation,12,Intensivmedizin,2.0,3.0,06:00,14:00,450,,13:30,21:30,450,F,21:15,06:15,495,F|S,11,10,8,10,30,45,8,38.5,30,0.05,0,2.0.0,20261146
PK-019,2026-11-21,history,-9,Samstag,6,47,1,0,,Pflegefachkraft,Pflegefachkraft,EXAM,0.6,23.1,5544,5544,4990,6098,5,2,2,8,1,1,Pflegefachkraft,0,0.0,-954,7,5,1,0,0,1340,1,,,,,,0,,0,,4,4,4,0,536,1,4,4,4,0,469,1,2,2,2,0,335,0,ST-ITS1,Intensivstation,12,Intensivmedizin,2.0,3.0,06:00,14:00,450,,13:30,21:30,450,F,21:15,06:15,495,F|S,11,10,8,10,30,45,8,38.5,30,0.05,0,2.0.0,20261146
PK-020,2026-11-21,history,-9,Samstag,6,47,1,0,,Pflegefachkraft,Pflegefachkraft,EXAM|PRAXISANLEITUNG,0.8,30.8,7392,7392,6653,8131,5,2,2,8,1,1,Pflegefachkraft,0,0.0,-1497,7,5,1,0,0,1340,1,,,,,,0,,0,,4,4,4,0,536,1,4,4,4,0,469,1,2,2,2,0,335,0,ST-ITS1,Intensivstation,12,Intensivmedizin,2.0,3.0,06:00,14:00,450,,13:30,21:30,450,F,21:15,06:15,495,F|S,11,10,8,10,30,45,8,38.5,30,0.05,0,2.0.0,20261146
PK-021,2026-11-21,history,-9,Samstag,6,47,1,0,,Pflegefachkraft,Pflegefachkraft,EXAM|PRAXISANLEITUNG,0.5,19.25,4620,4620,4158,5082,5,2,2,8,1,1,Pflegefachkraft,0,0.0,-975,7,5,1,0,0,1340,1,,,,,,0,,0,,4,4,4,0,536,1,4,4,4,0,469,1,2,2,2,0,335,0,ST-ITS1,Intensivstation,12,Intensivmedizin,2.0,3.0,06:00,14:00,450,,13:30,21:30,450,F,21:15,06:15,495,F|S,11,10,8,10,30,45,8,38.5,30,0.05,0,2.0.0,20261146
PK-022,2026-11-21,history,-9,Samstag,6,47,1,0,,Pflegefachkraft,Pflegefachkraft,EXAM,0.7,26.95,6468,6468,5821,7115,5,2,2,8,1,1,Pflegefachkraft,0,0.0,-1473,7,5,1,0,0,1340,1,,,,,,0,,0,,4,4,4,0,536,1,4,4,4,0,469,1,2,2,2,0,335,0,ST-ITS1,Intensivstation,12,Intensivmedizin,2.0,3.0,06:00,14:00,450,,13:30,21:30,450,F,21:15,06:15,495,F|S,11,10,8,10,30,45,8,38.5,30,0.05,0,2.0.0,20261146
PK-023,2026-11-21,history,-9,Samstag,6,47,1,0,,Pflegefachkraft,Pflegefachkraft,EXAM,1.0,38.5,9240,9240,8316,10164,5,2,2,8,1,1,Pflegefachkraft,0,0.0,-2040,7,5,1,0,0,1340,1,,,,,,0,,0,,4,4,4,0,536,1,4,4,4,0,469,1,2,2,2,0,335,0,ST-ITS1,Intensivstation,12,Intensivmedizin,2.0,3.0,06:00,14:00,450,,13:30,21:30,450,F,21:15,06:15,495,F|S,11,10,8,10,30,45,8,38.5,30,0.05,0,2.0.0,20261146
PK-024,2026-11-21,history,-9,Samstag,6,47,1,0,,Pflegefachkraft,Pflegefachkraft,EXAM|PRAXISANLEITUNG,1.0,38.5,9240,9240,8316,10164,5,2,2,8,1,1,Pflegefachkraft,0,0.0,-2310,7,5,1,0,0,1340,1,,,,,N,0,,0,,4,4,4,0,536,1,4,4,4,0,469,1,2,2,2,0,335,0,ST-ITS1,Intensivstation,12,Intensivmedizin,2.0,3.0,06:00,14:00,450,,13:30,21:30,450,F,21:15,06:15,495,F|S,11,10,8,10,30,45,8,38.5,30,0.05,0,2.0.0,20261146
PK-025,2026-11-21,history,-9,Samstag,6,47,1,0,,Pflegefachkraft,Pflegefachkraft,EXAM,1.0,38.5,9240,9240,8316,10164,5,2,2,8,1,1,Pflegefachkraft,0,0.0,-1680,7,5,1,0,0,1340,1,,,,,S,0,,0,,4,4,4,0,536,1,4,4,4,0,469,1,2,2,2,0,335,0,ST-ITS1,Intensivstation,12,Intensivmedizin,2.0,3.0,06:00,14:00,450,,13:30,21:30,450,F,21:15,06:15,495,F|S,11,10,8,10,30,45,8,38.5,30,0.05,0,2.0.0,20261146
AZ-001,2026-11-22,history,-8,Sonntag,7,47,1,0,,Auszubildende_r_3_Ausbildungsjahr,Auszubildende,AUSZUBILDEND,1.0,38.5,9240,9240,8316,10164,5,2,2,8,1,0,nicht anrechenbar,0,0.0,-9240,8,6,0,1,0,1210,1,,,,,,0,,0,,4,4,4,0,484,1,4,4,4,0,424,1,2,2,2,0,302,0,ST-ITS1,Intensivstation,12,Intensivmedizin,2.0,3.0,06:00,14:00,450,,13:30,21:30,450,F,21:15,06:15,495,F|S,11,10,8,10,30,45,8,38.5,30,0.05,0,2.0.0,20261146
AZ-002,2026-11-22,history,-8,Sonntag,7,47,1,0,,Auszubildende_r_2_Ausbildungsjahr,Auszubildende,AUSZUBILDEND,1.0,38.5,9240,9240,8316,10164,5,2,2,8,1,0,nicht anrechenbar,0,0.0,-9240,8,6,0,1,0,1210,1,,,,,,0,,0,,4,4,4,0,484,1,4,4,4,0,424,1,2,2,2,0,302,0,ST-ITS1,Intensivstation,12,Intensivmedizin,2.0,3.0,06:00,14:00,450,,13:30,21:30,450,F,21:15,06:15,495,F|S,11,10,8,10,30,45,8,38.5,30,0.05,0,2.0.0,20261146
AZ-003,2026-11-22,history,-8,Sonntag,7,47,1,0,,Auszubildende_r_1_Ausbildungsjahr,Auszubildende,AUSZUBILDEND,1.0,38.5,9240,9240,8316,10164,5,2,2,0,0,0,nicht anrechenbar,0,0.0,-9240,8,6,0,1,0,1210,1,,,,,,0,,0,,4,4,4,0,484,1,4,4,4,0,424,1,2,2,2,0,302,0,ST-ITS1,Intensivstation,12,Intensivmedizin,2.0,3.0,06:00,14:00,450,,13:30,21:30,450,F,21:15,06:15,495,F|S,11,10,8,10,30,45,8,38.5,30,0.05,0,2.0.0,20261146
PK-001,2026-11-22,history,-8,Sonntag,7,47,1,0,,Stationsleitung,Pflegefachkraft,EXAM|LEITUNG|PRAXISANLEITUNG,1.0,38.5,9240,4620,4158,5082,5,2,2,0,0,1,Pflegefachkraft,1,0.5,5814,8,6,0,1,0,1210,1,,,,,,0,,0,,4,4,4,0,484,1,4,4,4,0,424,1,2,2,2,0,302,0,ST-ITS1,Intensivstation,12,Intensivmedizin,2.0,3.0,06:00,14:00,450,,13:30,21:30,450,F,21:15,06:15,495,F|S,11,10,8,10,30,45,8,38.5,30,0.05,0,2.0.0,20261146
PK-002,2026-11-22,history,-8,Sonntag,7,47,1,0,,Pflegefachkraft,Pflegefachkraft,EXAM|PRAXISANLEITUNG|KARDIO_MONITORING,1.0,38.5,9240,9240,8316,10164,5,2,2,8,1,1,Pflegefachkraft,0,0.0,-1815,8,6,0,1,0,1210,1,,,,,F,0,,0,,4,4,4,0,484,1,4,4,4,0,424,1,2,2,2,0,302,0,ST-ITS1,Intensivstation,12,Intensivmedizin,2.0,3.0,06:00,14:00,450,,13:30,21:30,450,F,21:15,06:15,495,F|S,11,10,8,10,30,45,8,38.5,30,0.05,0,2.0.0,20261146
PK-003,2026-11-22,history,-8,Sonntag,7,47,1,0,,Pflegefachkraft,Pflegefachkraft,EXAM,1.0,38.5,9240,9240,8316,10164,5,2,2,8,1,1,Pflegefachkraft,0,0.0,-1815,8,6,0,1,0,1210,1,,,,,S,0,,0,,4,4,4,0,484,1,4,4,4,0,424,1,2,2,2,0,302,0,ST-ITS1,Intensivstation,12,Intensivmedizin,2.0,3.0,06:00,14:00,450,,13:30,21:30,450,F,21:15,06:15,495,F|S,11,10,8,10,30,45,8,38.5,30,0.05,0,2.0.0,20261146
PK-004,2026-11-22,history,-8,Sonntag,7,47,1,0,,Pflegefachkraft,Pflegefachkraft,EXAM,1.0,38.5,9240,9240,8316,10164,5,2,2,8,1,1,Pflegefachkraft,0,0.0,-1995,8,6,0,1,0,1210,1,,,,,,0,,0,,4,4,4,0,484,1,4,4,4,0,424,1,2,2,2,0,302,0,ST-ITS1,Intensivstation,12,Intensivmedizin,2.0,3.0,06:00,14:00,450,,13:30,21:30,450,F,21:15,06:15,495,F|S,11,10,8,10,30,45,8,38.5,30,0.05,0,2.0.0,20261146
PK-005,2026-11-22,history,-8,Sonntag,7,47,1,0,,Pflegefachkraft,Pflegefachkraft,EXAM,1.0,38.5,9240,9240,8316,10164,5,2,2,8,1,1,Pflegefachkraft,0,0.0,-1905,8,6,0,1,0,1210,1,,,,,F,0,,0,,4,4,4,0,484,1,4,4,4,0,424,1,2,2,2,0,302,0,ST-ITS1,Intensivstation,12,Intensivmedizin,2.0,3.0,06:00,14:00,450,,13:30,21:30,450,F,21:15,06:15,495,F|S,11,10,8,10,30,45,8,38.5,30,0.05,0,2.0.0,20261146
PK-006,2026-11-22,history,-8,Sonntag,7,47,1,0,,Pflegefachkraft,Pflegefachkraft,EXAM|PRAXISANLEITUNG|KARDIO_MONITORING,1.0,38.5,9240,9240,8316,10164,5,2,2,8,1,1,Pflegefachkraft,0,0.0,-1905,8,6,0,1,0,1210,1,,,,,,0,,0,,4,4,4,0,484,1,4,4,4,0,424,1,2,2,2,0,302,0,ST-ITS1,Intensivstation,12,Intensivmedizin,2.0,3.0,06:00,14:00,450,,13:30,21:30,450,F,21:15,06:15,495,F|S,11,10,8,10,30,45,8,38.5,30,0.05,0,2.0.0,20261146
PK-007,2026-11-22,history,-8,Sonntag,7,47,1,0,,Pflegefachkraft,Pflegefachkraft,EXAM,1.0,38.5,9240,9240,8316,10164,5,2,2,8,1,1,Pflegefachkraft,0,0.0,1104,8,6,0,1,0,1210,1,,,,,N,0,,0,,4,4,4,0,484,1,4,4,4,0,424,1,2,2,2,0,302,0,ST-ITS1,Intensivstation,12,Intensivmedizin,2.0,3.0,06:00,14:00,450,,13:30,21:30,450,F,21:15,06:15,495,F|S,11,10,8,10,30,45,8,38.5,30,0.05,0,2.0.0,20261146
PK-008,2026-11-22,history,-8,Sonntag,7,47,1,0,,Pflegefachkraft,Pflegefachkraft,EXAM|KARDIO_MONITORING,1.0,38.5,9240,9240,8316,10164,5,2,2,8,1,1,Pflegefachkraft,0,0.0,-2265,8,6,0,1,0,1210,1,,,,,,0,,0,,4,4,4,0,484,1,4,4,4,0,424,1,2,2,2,0,302,0,ST-ITS1,Intensivstation,12,Intensivmedizin,2.0,3.0,06:00,14:00,450,,13:30,21:30,450,F,21:15,06:15,495,F|S,11,10,8,10,30,45,8,38.5,30,0.05,0,2.0.0,20261146
PK-009,2026-11-22,history,-8,Sonntag,7,47,1,0,,Pflegefachkraft,Pflegefachkraft,EXAM,1.0,38.5,9240,9240,8316,10164,5,2,2,8,1,1,Pflegefachkraft,0,0.0,-1995,8,6,0,1,0,1210,1,,,,,,0,,0,,4,4,4,0,484,1,4,4,4,0,424,1,2,2,2,0,302,0,ST-ITS1,Intensivstation,12,Intensivmedizin,2.0,3.0,06:00,14:00,450,,13:30,21:30,450,F,21:15,06:15,495,F|S,11,10,8,10,30,45,8,38.5,30,0.05,0,2.0.0,20261146
PK-010,2026-11-22,history,-8,Sonntag,7,47,1,0,,Pflegefachkraft,Pflegefachkraft,EXAM|PRAXISANLEITUNG|KARDIO_MONITORING,0.6,23.1,5544,5544,4990,6098,5,2,2,8,1,1,Pflegefachkraft,0,0.0,-999,8,6,0,1,0,1210,1,,,,,S,0,,0,,4,4,4,0,484,1,4,4,4,0,424,1,2,2,2,0,302,0,ST-ITS1,Intensivstation,12,Intensivmedizin,2.0,3.0,06:00,14:00,450,,13:30,21:30,450,F,21:15,06:15,495,F|S,11,10,8,10,30,45,8,38.5,30,0.05,0,2.0.0,20261146
PK-011,2026-11-22,history,-8,Sonntag,7,47,1,0,,Pflegefachkraft,Pflegefachkraft,EXAM|KARDIO_MONITORING,0.5,19.25,4620,4620,4158,5082,5,2,2,8,1,1,Pflegefachkraft,0,0.0,-1020,8,6,0,1,0,1210,1,,,,,,0,,0,,4,4,4,0,484,1,4,4,4,0,424,1,2,2,2,0,302,0,ST-ITS1,Intensivstation,12,Intensivmedizin,2.0,3.0,06:00,14:00,450,,13:30,21:30,450,F,21:15,06:15,495,F|S,11,10,8,10,30,45,8,38.5,30,0.05,0,2.0.0,20261146
PK-012,2026-11-22,history,-8,Sonntag,7,47,1,0,,Pflegefachkraft,Pflegefachkraft,EXAM|KARDIO_MONITORING,0.75,28.88,6931,6931,6238,7624,5,2,2,8,1,1,Pflegefachkraft,0,0.0,-1530,8,6,0,1,0,1210,1,,,,,,0,,0,,4,4,4,0,484,1,4,4,4,0,424,1,2,2,2,0,302,0,ST-ITS1,Intensivstation,12,Intensivmedizin,2.0,3.0,06:00,14:00,450,,13:30,21:30,450,F,21:15,06:15,495,F|S,11,10,8,10,30,45,8,38.5,30,0.05,0,2.0.0,20261146
PK-013,2026-11-22,history,-8,Sonntag,7,47,1,0,,Pflegefachkraft,Pflegefachkraft,EXAM|KARDIO_MONITORING,1.0,38.5,9240,9240,8316,10164,5,2,2,8,1,1,Pflegefachkraft,0,0.0,-1905,8,6,0,1,0,1210,1,,,,,,0,,0,,4,4,4,0,484,1,4,4,4,0,424,1,2,2,2,0,302,0,ST-ITS1,Intensivstation,12,Intensivmedizin,2.0,3.0,06:00,14:00,450,,13:30,21:30,450,F,21:15,06:15,495,F|S,11,10,8,10,30,45,8,38.5,30,0.05,0,2.0.0,20261146
PK-014,2026-11-22,history,-8,Sonntag,7,47,1,0,,Pflegefachkraft,Pflegefachkraft,EXAM,1.0,38.5,9240,9240,8316,10164,5,2,2,8,1,1,Pflegefachkraft,0,0.0,-1680,8,6,0,1,0,1210,1,,,,,S,0,,0,,4,4,4,0,484,1,4,4,4,0,424,1,2,2,2,0,302,0,ST-ITS1,Intensivstation,12,Intensivmedizin,2.0,3.0,06:00,14:00,450,,13:30,21:30,450,F,21:15,06:15,495,F|S,11,10,8,10,30,45,8,38.5,30,0.05,0,2.0.0,20261146
PK-015,2026-11-22,history,-8,Sonntag,7,47,1,0,,Pflegefachkraft,Pflegefachkraft,EXAM|KARDIO_MONITORING,0.5,19.25,4620,4620,4158,5082,5,2,2,8,1,1,Pflegefachkraft,0,0.0,-930,8,6,0,1,0,1210,1,,,,,,0,,0,,4,4,4,0,484,1,4,4,4,0,424,1,2,2,2,0,302,0,ST-ITS1,Intensivstation,12,Intensivmedizin,2.0,3.0,06:00,14:00,450,,13:30,21:30,450,F,21:15,06:15,495,F|S,11,10,8,10,30,45,8,38.5,30,0.05,0,2.0.0,20261146
PK-016,2026-11-22,history,-8,Sonntag,7,47,1,0,,Pflegefachkraft,Pflegefachkraft,EXAM,0.9,34.65,8316,8316,7484,9148,5,2,2,8,1,1,Pflegefachkraft,0,0.0,1255,8,6,0,1,0,1210,1,,,,,F,0,,0,,4,4,4,0,484,1,4,4,4,0,424,1,2,2,2,0,302,0,ST-ITS1,Intensivstation,12,Intensivmedizin,2.0,3.0,06:00,14:00,450,,13:30,21:30,450,F,21:15,06:15,495,F|S,11,10,8,10,30,45,8,38.5,30,0.05,0,2.0.0,20261146
PK-017,2026-11-22,history,-8,Sonntag,7,47,1,0,,Pflegefachkraft,Pflegefachkraft,EXAM|KARDIO_MONITORING,1.0,38.5,9240,9240,8316,10164,5,2,2,8,1,1,Pflegefachkraft,0,0.0,-1680,8,6,0,1,0,1210,1,,,,,S,0,,0,,4,4,4,0,484,1,4,4,4,0,424,1,2,2,2,0,302,0,ST-ITS1,Intensivstation,12,Intensivmedizin,2.0,3.0,06:00,14:00,450,,13:30,21:30,450,F,21:15,06:15,495,F|S,11,10,8,10,30,45,8,38.5,30,0.05,0,2.0.0,20261146
PK-018,2026-11-22,history,-8,Sonntag,7,47,1,0,,Pflegefachkraft,Pflegefachkraft,EXAM|PRAXISANLEITUNG,0.6,23.1,5544,5544,4990,6098,5,2,2,8,1,1,Pflegefachkraft,0,0.0,-909,8,6,0,1,0,1210,1,,,,,,0,,0,,4,4,4,0,484,1,4,4,4,0,424,1,2,2,2,0,302,0,ST-ITS1,Intensivstation,12,Intensivmedizin,2.0,3.0,06:00,14:00,450,,13:30,21:30,450,F,21:15,06:15,495,F|S,11,10,8,10,30,45,8,38.5,30,0.05,0,2.0.0,20261146
PK-019,2026-11-22,history,-8,Sonntag,7,47,1,0,,Pflegefachkraft,Pflegefachkraft,EXAM,0.6,23.1,5544,5544,4990,6098,5,2,2,8,1,1,Pflegefachkraft,0,0.0,-954,8,6,0,1,0,1210,1,,,,,,0,,0,,4,4,4,0,484,1,4,4,4,0,424,1,2,2,2,0,302,0,ST-ITS1,Intensivstation,12,Intensivmedizin,2.0,3.0,06:00,14:00,450,,13:30,21:30,450,F,21:15,06:15,495,F|S,11,10,8,10,30,45,8,38.5,30,0.05,0,2.0.0,20261146
PK-020,2026-11-22,history,-8,Sonntag,7,47,1,0,,Pflegefachkraft,Pflegefachkraft,EXAM|PRAXISANLEITUNG,0.8,30.8,7392,7392,6653,8131,5,2,2,8,1,1,Pflegefachkraft,0,0.0,-1497,8,6,0,1,0,1210,1,,,,,N,0,,0,,4,4,4,0,484,1,4,4,4,0,424,1,2,2,2,0,302,0,ST-ITS1,Intensivstation,12,Intensivmedizin,2.0,3.0,06:00,14:00,450,,13:30,21:30,450,F,21:15,06:15,495,F|S,11,10,8,10,30,45,8,38.5,30,0.05,0,2.0.0,20261146
PK-021,2026-11-22,history,-8,Sonntag,7,47,1,0,,Pflegefachkraft,Pflegefachkraft,EXAM|PRAXISANLEITUNG,0.5,19.25,4620,4620,4158,5082,5,2,2,8,1,1,Pflegefachkraft,0,0.0,-975,8,6,0,1,0,1210,1,,,,,,0,,0,,4,4,4,0,484,1,4,4,4,0,424,1,2,2,2,0,302,0,ST-ITS1,Intensivstation,12,Intensivmedizin,2.0,3.0,06:00,14:00,450,,13:30,21:30,450,F,21:15,06:15,495,F|S,11,10,8,10,30,45,8,38.5,30,0.05,0,2.0.0,20261146
PK-022,2026-11-22,history,-8,Sonntag,7,47,1,0,,Pflegefachkraft,Pflegefachkraft,EXAM,0.7,26.95,6468,6468,5821,7115,5,2,2,8,1,1,Pflegefachkraft,0,0.0,-1473,8,6,0,1,0,1210,1,,,,,F,0,,0,,4,4,4,0,484,1,4,4,4,0,424,1,2,2,2,0,302,0,ST-ITS1,Intensivstation,12,Intensivmedizin,2.0,3.0,06:00,14:00,450,,13:30,21:30,450,F,21:15,06:15,495,F|S,11,10,8,10,30,45,8,38.5,30,0.05,0,2.0.0,20261146
PK-023,2026-11-22,history,-8,Sonntag,7,47,1,0,,Pflegefachkraft,Pflegefachkraft,EXAM,1.0,38.5,9240,9240,8316,10164,5,2,2,8,1,1,Pflegefachkraft,0,0.0,-2040,8,6,0,1,0,1210,1,,,,,,0,,0,,4,4,4,0,484,1,4,4,4,0,424,1,2,2,2,0,302,0,ST-ITS1,Intensivstation,12,Intensivmedizin,2.0,3.0,06:00,14:00,450,,13:30,21:30,450,F,21:15,06:15,495,F|S,11,10,8,10,30,45,8,38.5,30,0.05,0,2.0.0,20261146
PK-024,2026-11-22,history,-8,Sonntag,7,47,1,0,,Pflegefachkraft,Pflegefachkraft,EXAM|PRAXISANLEITUNG,1.0,38.5,9240,9240,8316,10164,5,2,2,8,1,1,Pflegefachkraft,0,0.0,-2310,8,6,0,1,0,1210,1,,,,,,0,,0,,4,4,4,0,484,1,4,4,4,0,424,1,2,2,2,0,302,0,ST-ITS1,Intensivstation,12,Intensivmedizin,2.0,3.0,06:00,14:00,450,,13:30,21:30,450,F,21:15,06:15,495,F|S,11,10,8,10,30,45,8,38.5,30,0.05,0,2.0.0,20261146
PK-025,2026-11-22,history,-8,Sonntag,7,47,1,0,,Pflegefachkraft,Pflegefachkraft,EXAM,1.0,38.5,9240,9240,8316,10164,5,2,2,8,1,1,Pflegefachkraft,0,0.0,-1680,8,6,0,1,0,1210,1,,,,,,0,,0,,4,4,4,0,484,1,4,4,4,0,424,1,2,2,2,0,302,0,ST-ITS1,Intensivstation,12,Intensivmedizin,2.0,3.0,06:00,14:00,450,,13:30,21:30,450,F,21:15,06:15,495,F|S,11,10,8,10,30,45,8,38.5,30,0.05,0,2.0.0,20261146
AZ-001,2026-11-23,history,-7,Montag,1,48,0,0,,Auszubildende_r_3_Ausbildungsjahr,Auszubildende,AUSZUBILDEND,1.0,38.5,9240,9240,8316,10164,5,2,2,8,1,0,nicht anrechenbar,0,0.0,-9240,9,8,1,1,0,1682,1,,,,,,0,,0,,5,5,5,0,673,1,5,5,5,0,589,1,3,3,3,0,420,0,ST-ITS1,Intensivstation,12,Intensivmedizin,2.0,3.0,06:00,14:00,450,,13:30,21:30,450,F,21:15,06:15,495,F|S,11,10,8,10,30,45,8,38.5,30,0.05,0,2.0.0,20261146
AZ-002,2026-11-23,history,-7,Montag,1,48,0,0,,Auszubildende_r_2_Ausbildungsjahr,Auszubildende,AUSZUBILDEND,1.0,38.5,9240,9240,8316,10164,5,2,2,8,1,0,nicht anrechenbar,0,0.0,-9240,9,8,1,1,0,1682,1,,,,,,0,,0,,5,5,5,0,673,1,5,5,5,0,589,1,3,3,3,0,420,0,ST-ITS1,Intensivstation,12,Intensivmedizin,2.0,3.0,06:00,14:00,450,,13:30,21:30,450,F,21:15,06:15,495,F|S,11,10,8,10,30,45,8,38.5,30,0.05,0,2.0.0,20261146
AZ-003,2026-11-23,history,-7,Montag,1,48,0,0,,Auszubildende_r_1_Ausbildungsjahr,Auszubildende,AUSZUBILDEND,1.0,38.5,9240,9240,8316,10164,5,2,2,0,0,0,nicht anrechenbar,0,0.0,-9240,9,8,1,1,0,1682,1,,,,,,0,,0,,5,5,5,0,673,1,5,5,5,0,589,1,3,3,3,0,420,0,ST-ITS1,Intensivstation,12,Intensivmedizin,2.0,3.0,06:00,14:00,450,,13:30,21:30,450,F,21:15,06:15,495,F|S,11,10,8,10,30,45,8,38.5,30,0.05,0,2.0.0,20261146
PK-001,2026-11-23,history,-7,Montag,1,48,0,0,,Stationsleitung,Pflegefachkraft,EXAM|LEITUNG|PRAXISANLEITUNG,1.0,38.5,9240,4620,4158,5082,5,2,2,0,0,1,Pflegefachkraft,1,0.5,5814,9,8,1,1,0,1682,1,,,,,F,0,,0,,5,5,5,0,673,1,5,5,5,0,589,1,3,3,3,0,420,0,ST-ITS1,Intensivstation,12,Intensivmedizin,2.0,3.0,06:00,14:00,450,,13:30,21:30,450,F,21:15,06:15,495,F|S,11,10,8,10,30,45,8,38.5,30,0.05,0,2.0.0,20261146
PK-002,2026-11-23,history,-7,Montag,1,48,0,0,,Pflegefachkraft,Pflegefachkraft,EXAM|PRAXISANLEITUNG|KARDIO_MONITORING,1.0,38.5,9240,9240,8316,10164,5,2,2,8,1,1,Pflegefachkraft,0,0.0,-1815,9,8,1,1,0,1682,1,,,,,,0,,0,,5,5,5,0,673,1,5,5,5,0,589,1,3,3,3,0,420,0,ST-ITS1,Intensivstation,12,Intensivmedizin,2.0,3.0,06:00,14:00,450,,13:30,21:30,450,F,21:15,06:15,495,F|S,11,10,8,10,30,45,8,38.5,30,0.05,0,2.0.0,20261146
PK-003,2026-11-23,history,-7,Montag,1,48,0,0,,Pflegefachkraft,Pflegefachkraft,EXAM,1.0,38.5,9240,9240,8316,10164,5,2,2,8,1,1,Pflegefachkraft,0,0.0,-1815,9,8,1,1,0,1682,1,,,,,,0,,0,,5,5,5,0,673,1,5,5,5,0,589,1,3,3,3,0,420,0,ST-ITS1,Intensivstation,12,Intensivmedizin,2.0,3.0,06:00,14:00,450,,13:30,21:30,450,F,21:15,06:15,495,F|S,11,10,8,10,30,45,8,38.5,30,0.05,0,2.0.0,20261146
PK-004,2026-11-23,history,-7,Montag,1,48,0,0,,Pflegefachkraft,Pflegefachkraft,EXAM,1.0,38.5,9240,9240,8316,10164,5,2,2,8,1,1,Pflegefachkraft,0,0.0,-1995,9,8,1,1,0,1682,1,,,,,S,0,,0,,5,5,5,0,673,1,5,5,5,0,589,1,3,3,3,0,420,0,ST-ITS1,Intensivstation,12,Intensivmedizin,2.0,3.0,06:00,14:00,450,,13:30,21:30,450,F,21:15,06:15,495,F|S,11,10,8,10,30,45,8,38.5,30,0.05,0,2.0.0,20261146
PK-005,2026-11-23,history,-7,Montag,1,48,0,0,,Pflegefachkraft,Pflegefachkraft,EXAM,1.0,38.5,9240,9240,8316,10164,5,2,2,8,1,1,Pflegefachkraft,0,0.0,-1905,9,8,1,1,0,1682,1,,,,,,0,,0,,5,5,5,0,673,1,5,5,5,0,589,1,3,3,3,0,420,0,ST-ITS1,Intensivstation,12,Intensivmedizin,2.0,3.0,06:00,14:00,450,,13:30,21:30,450,F,21:15,06:15,495,F|S,11,10,8,10,30,45,8,38.5,30,0.05,0,2.0.0,20261146
PK-006,2026-11-23,history,-7,Montag,1,48,0,0,,Pflegefachkraft,Pflegefachkraft,EXAM|PRAXISANLEITUNG|KARDIO_MONITORING,1.0,38.5,9240,9240,8316,10164,5,2,2,8,1,1,Pflegefachkraft,0,0.0,-1905,9,8,1,1,0,1682,1,,,,,F,0,,0,,5,5,5,0,673,1,5,5,5,0,589,1,3,3,3,0,420,0,ST-ITS1,Intensivstation,12,Intensivmedizin,2.0,3.0,06:00,14:00,450,,13:30,21:30,450,F,21:15,06:15,495,F|S,11,10,8,10,30,45,8,38.5,30,0.05,0,2.0.0,20261146
PK-007,2026-11-23,history,-7,Montag,1,48,0,0,,Pflegefachkraft,Pflegefachkraft,EXAM,1.0,38.5,9240,9240,8316,10164,5,2,2,8,1,1,Pflegefachkraft,0,0.0,1104,9,8,1,1,0,1682,1,,,,,N,0,,0,,5,5,5,0,673,1,5,5,5,0,589,1,3,3,3,0,420,0,ST-ITS1,Intensivstation,12,Intensivmedizin,2.0,3.0,06:00,14:00,450,,13:30,21:30,450,F,21:15,06:15,495,F|S,11,10,8,10,30,45,8,38.5,30,0.05,0,2.0.0,20261146
PK-008,2026-11-23,history,-7,Montag,1,48,0,0,,Pflegefachkraft,Pflegefachkraft,EXAM|KARDIO_MONITORING,1.0,38.5,9240,9240,8316,10164,5,2,2,8,1,1,Pflegefachkraft,0,0.0,-2265,9,8,1,1,0,1682,1,,,,,,0,,0,,5,5,5,0,673,1,5,5,5,0,589,1,3,3,3,0,420,0,ST-ITS1,Intensivstation,12,Intensivmedizin,2.0,3.0,06:00,14:00,450,,13:30,21:30,450,F,21:15,06:15,495,F|S,11,10,8,10,30,45,8,38.5,30,0.05,0,2.0.0,20261146
PK-009,2026-11-23,history,-7,Montag,1,48,0,0,,Pflegefachkraft,Pflegefachkraft,EXAM,1.0,38.5,9240,9240,8316,10164,5,2,2,8,1,1,Pflegefachkraft,0,0.0,-1995,9,8,1,1,0,1682,1,,,,,S,0,,0,,5,5,5,0,673,1,5,5,5,0,589,1,3,3,3,0,420,0,ST-ITS1,Intensivstation,12,Intensivmedizin,2.0,3.0,06:00,14:00,450,,13:30,21:30,450,F,21:15,06:15,495,F|S,11,10,8,10,30,45,8,38.5,30,0.05,0,2.0.0,20261146
PK-010,2026-11-23,history,-7,Montag,1,48,0,0,,Pflegefachkraft,Pflegefachkraft,EXAM|PRAXISANLEITUNG|KARDIO_MONITORING,0.6,23.1,5544,5544,4990,6098,5,2,2,8,1,1,Pflegefachkraft,0,0.0,-999,9,8,1,1,0,1682,1,,,,,,0,,0,,5,5,5,0,673,1,5,5,5,0,589,1,3,3,3,0,420,0,ST-ITS1,Intensivstation,12,Intensivmedizin,2.0,3.0,06:00,14:00,450,,13:30,21:30,450,F,21:15,06:15,495,F|S,11,10,8,10,30,45,8,38.5,30,0.05,0,2.0.0,20261146
PK-011,2026-11-23,history,-7,Montag,1,48,0,0,,Pflegefachkraft,Pflegefachkraft,EXAM|KARDIO_MONITORING,0.5,19.25,4620,4620,4158,5082,5,2,2,8,1,1,Pflegefachkraft,0,0.0,-1020,9,8,1,1,0,1682,1,,,,,F,0,,0,,5,5,5,0,673,1,5,5,5,0,589,1,3,3,3,0,420,0,ST-ITS1,Intensivstation,12,Intensivmedizin,2.0,3.0,06:00,14:00,450,,13:30,21:30,450,F,21:15,06:15,495,F|S,11,10,8,10,30,45,8,38.5,30,0.05,0,2.0.0,20261146
PK-012,2026-11-23,history,-7,Montag,1,48,0,0,,Pflegefachkraft,Pflegefachkraft,EXAM|KARDIO_MONITORING,0.75,28.88,6931,6931,6238,7624,5,2,2,8,1,1,Pflegefachkraft,0,0.0,-1530,9,8,1,1,0,1682,1,,,,,F,0,,0,,5,5,5,0,673,1,5,5,5,0,589,1,3,3,3,0,420,0,ST-ITS1,Intensivstation,12,Intensivmedizin,2.0,3.0,06:00,14:00,450,,13:30,21:30,450,F,21:15,06:15,495,F|S,11,10,8,10,30,45,8,38.5,30,0.05,0,2.0.0,20261146
PK-013,2026-11-23,history,-7,Montag,1,48,0,0,,Pflegefachkraft,Pflegefachkraft,EXAM|KARDIO_MONITORING,1.0,38.5,9240,9240,8316,10164,5,2,2,8,1,1,Pflegefachkraft,0,0.0,-1905,9,8,1,1,0,1682,1,,,,,S,0,,0,,5,5,5,0,673,1,5,5,5,0,589,1,3,3,3,0,420,0,ST-ITS1,Intensivstation,12,Intensivmedizin,2.0,3.0,06:00,14:00,450,,13:30,21:30,450,F,21:15,06:15,495,F|S,11,10,8,10,30,45,8,38.5,30,0.05,0,2.0.0,20261146
PK-014,2026-11-23,history,-7,Montag,1,48,0,0,,Pflegefachkraft,Pflegefachkraft,EXAM,1.0,38.5,9240,9240,8316,10164,5,2,2,8,1,1,Pflegefachkraft,0,0.0,-1680,9,8,1,1,0,1682,1,,,,,,0,,0,,5,5,5,0,673,1,5,5,5,0,589,1,3,3,3,0,420,0,ST-ITS1,Intensivstation,12,Intensivmedizin,2.0,3.0,06:00,14:00,450,,13:30,21:30,450,F,21:15,06:15,495,F|S,11,10,8,10,30,45,8,38.5,30,0.05,0,2.0.0,20261146
PK-015,2026-11-23,history,-7,Montag,1,48,0,0,,Pflegefachkraft,Pflegefachkraft,EXAM|KARDIO_MONITORING,0.5,19.25,4620,4620,4158,5082,5,2,2,8,1,1,Pflegefachkraft,0,0.0,-930,9,8,1,1,0,1682,1,,,,,,0,,0,,5,5,5,0,673,1,5,5,5,0,589,1,3,3,3,0,420,0,ST-ITS1,Intensivstation,12,Intensivmedizin,2.0,3.0,06:00,14:00,450,,13:30,21:30,450,F,21:15,06:15,495,F|S,11,10,8,10,30,45,8,38.5,30,0.05,0,2.0.0,20261146
PK-016,2026-11-23,history,-7,Montag,1,48,0,0,,Pflegefachkraft,Pflegefachkraft,EXAM,0.9,34.65,8316,8316,7484,9148,5,2,2,8,1,1,Pflegefachkraft,0,0.0,1255,9,8,1,1,0,1682,1,,,,,S,0,,0,,5,5,5,0,673,1,5,5,5,0,589,1,3,3,3,0,420,0,ST-ITS1,Intensivstation,12,Intensivmedizin,2.0,3.0,06:00,14:00,450,,13:30,21:30,450,F,21:15,06:15,495,F|S,11,10,8,10,30,45,8,38.5,30,0.05,0,2.0.0,20261146
PK-017,2026-11-23,history,-7,Montag,1,48,0,0,,Pflegefachkraft,Pflegefachkraft,EXAM|KARDIO_MONITORING,1.0,38.5,9240,9240,8316,10164,5,2,2,8,1,1,Pflegefachkraft,0,0.0,-1680,9,8,1,1,0,1682,1,,,,,,0,,0,,5,5,5,0,673,1,5,5,5,0,589,1,3,3,3,0,420,0,ST-ITS1,Intensivstation,12,Intensivmedizin,2.0,3.0,06:00,14:00,450,,13:30,21:30,450,F,21:15,06:15,495,F|S,11,10,8,10,30,45,8,38.5,30,0.05,0,2.0.0,20261146
PK-018,2026-11-23,history,-7,Montag,1,48,0,0,,Pflegefachkraft,Pflegefachkraft,EXAM|PRAXISANLEITUNG,0.6,23.1,5544,5544,4990,6098,5,2,2,8,1,1,Pflegefachkraft,0,0.0,-909,9,8,1,1,0,1682,1,,,,,N,0,,0,,5,5,5,0,673,1,5,5,5,0,589,1,3,3,3,0,420,0,ST-ITS1,Intensivstation,12,Intensivmedizin,2.0,3.0,06:00,14:00,450,,13:30,21:30,450,F,21:15,06:15,495,F|S,11,10,8,10,30,45,8,38.5,30,0.05,0,2.0.0,20261146
PK-019,2026-11-23,history,-7,Montag,1,48,0,0,,Pflegefachkraft,Pflegefachkraft,EXAM,0.6,23.1,5544,5544,4990,6098,5,2,2,8,1,1,Pflegefachkraft,0,0.0,-954,9,8,1,1,0,1682,1,,,,,N,0,,0,,5,5,5,0,673,1,5,5,5,0,589,1,3,3,3,0,420,0,ST-ITS1,Intensivstation,12,Intensivmedizin,2.0,3.0,06:00,14:00,450,,13:30,21:30,450,F,21:15,06:15,495,F|S,11,10,8,10,30,45,8,38.5,30,0.05,0,2.0.0,20261146
PK-020,2026-11-23,history,-7,Montag,1,48,0,0,,Pflegefachkraft,Pflegefachkraft,EXAM|PRAXISANLEITUNG,0.8,30.8,7392,7392,6653,8131,5,2,2,8,1,1,Pflegefachkraft,0,0.0,-1497,9,8,1,1,0,1682,1,,,,,,0,,0,,5,5,5,0,673,1,5,5,5,0,589,1,3,3,3,0,420,0,ST-ITS1,Intensivstation,12,Intensivmedizin,2.0,3.0,06:00,14:00,450,,13:30,21:30,450,F,21:15,06:15,495,F|S,11,10,8,10,30,45,8,38.5,30,0.05,0,2.0.0,20261146
PK-021,2026-11-23,history,-7,Montag,1,48,0,0,,Pflegefachkraft,Pflegefachkraft,EXAM|PRAXISANLEITUNG,0.5,19.25,4620,4620,4158,5082,5,2,2,8,1,1,Pflegefachkraft,0,0.0,-975,9,8,1,1,0,1682,1,,,,,,0,,0,,5,5,5,0,673,1,5,5,5,0,589,1,3,3,3,0,420,0,ST-ITS1,Intensivstation,12,Intensivmedizin,2.0,3.0,06:00,14:00,450,,13:30,21:30,450,F,21:15,06:15,495,F|S,11,10,8,10,30,45,8,38.5,30,0.05,0,2.0.0,20261146
PK-022,2026-11-23,history,-7,Montag,1,48,0,0,,Pflegefachkraft,Pflegefachkraft,EXAM,0.7,26.95,6468,6468,5821,7115,5,2,2,8,1,1,Pflegefachkraft,0,0.0,-1473,9,8,1,1,0,1682,1,,,,,,0,,0,,5,5,5,0,673,1,5,5,5,0,589,1,3,3,3,0,420,0,ST-ITS1,Intensivstation,12,Intensivmedizin,2.0,3.0,06:00,14:00,450,,13:30,21:30,450,F,21:15,06:15,495,F|S,11,10,8,10,30,45,8,38.5,30,0.05,0,2.0.0,20261146
PK-023,2026-11-23,history,-7,Montag,1,48,0,0,,Pflegefachkraft,Pflegefachkraft,EXAM,1.0,38.5,9240,9240,8316,10164,5,2,2,8,1,1,Pflegefachkraft,0,0.0,-2040,9,8,1,1,0,1682,1,,,,,S,0,,0,,5,5,5,0,673,1,5,5,5,0,589,1,3,3,3,0,420,0,ST-ITS1,Intensivstation,12,Intensivmedizin,2.0,3.0,06:00,14:00,450,,13:30,21:30,450,F,21:15,06:15,495,F|S,11,10,8,10,30,45,8,38.5,30,0.05,0,2.0.0,20261146
PK-024,2026-11-23,history,-7,Montag,1,48,0,0,,Pflegefachkraft,Pflegefachkraft,EXAM|PRAXISANLEITUNG,1.0,38.5,9240,9240,8316,10164,5,2,2,8,1,1,Pflegefachkraft,0,0.0,-2310,9,8,1,1,0,1682,1,,,,,,0,,0,,5,5,5,0,673,1,5,5,5,0,589,1,3,3,3,0,420,0,ST-ITS1,Intensivstation,12,Intensivmedizin,2.0,3.0,06:00,14:00,450,,13:30,21:30,450,F,21:15,06:15,495,F|S,11,10,8,10,30,45,8,38.5,30,0.05,0,2.0.0,20261146
PK-025,2026-11-23,history,-7,Montag,1,48,0,0,,Pflegefachkraft,Pflegefachkraft,EXAM,1.0,38.5,9240,9240,8316,10164,5,2,2,8,1,1,Pflegefachkraft,0,0.0,-1680,9,8,1,1,0,1682,1,,,,,F,0,,0,,5,5,5,0,673,1,5,5,5,0,589,1,3,3,3,0,420,0,ST-ITS1,Intensivstation,12,Intensivmedizin,2.0,3.0,06:00,14:00,450,,13:30,21:30,450,F,21:15,06:15,495,F|S,11,10,8,10,30,45,8,38.5,30,0.05,0,2.0.0,20261146
AZ-001,2026-11-24,history,-6,Dienstag,2,48,0,0,,Auszubildende_r_3_Ausbildungsjahr,Auszubildende,AUSZUBILDEND,1.0,38.5,9240,9240,8316,10164,5,2,2,8,1,0,nicht anrechenbar,0,0.0,-9240,10,9,2,3,0,1575,1,,,,,,0,,0,,5,5,5,0,630,1,5,5,5,0,551,1,3,3,3,0,394,0,ST-ITS1,Intensivstation,12,Intensivmedizin,2.0,3.0,06:00,14:00,450,,13:30,21:30,450,F,21:15,06:15,495,F|S,11,10,8,10,30,45,8,38.5,30,0.05,0,2.0.0,20261146
AZ-002,2026-11-24,history,-6,Dienstag,2,48,0,0,,Auszubildende_r_2_Ausbildungsjahr,Auszubildende,AUSZUBILDEND,1.0,38.5,9240,9240,8316,10164,5,2,2,8,1,0,nicht anrechenbar,0,0.0,-9240,10,9,2,3,0,1575,1,,,,,,0,,0,,5,5,5,0,630,1,5,5,5,0,551,1,3,3,3,0,394,0,ST-ITS1,Intensivstation,12,Intensivmedizin,2.0,3.0,06:00,14:00,450,,13:30,21:30,450,F,21:15,06:15,495,F|S,11,10,8,10,30,45,8,38.5,30,0.05,0,2.0.0,20261146
AZ-003,2026-11-24,history,-6,Dienstag,2,48,0,0,,Auszubildende_r_1_Ausbildungsjahr,Auszubildende,AUSZUBILDEND,1.0,38.5,9240,9240,8316,10164,5,2,2,0,0,0,nicht anrechenbar,0,0.0,-9240,10,9,2,3,0,1575,1,,,,,,0,,0,,5,5,5,0,630,1,5,5,5,0,551,1,3,3,3,0,394,0,ST-ITS1,Intensivstation,12,Intensivmedizin,2.0,3.0,06:00,14:00,450,,13:30,21:30,450,F,21:15,06:15,495,F|S,11,10,8,10,30,45,8,38.5,30,0.05,0,2.0.0,20261146
PK-001,2026-11-24,history,-6,Dienstag,2,48,0,0,,Stationsleitung,Pflegefachkraft,EXAM|LEITUNG|PRAXISANLEITUNG,1.0,38.5,9240,4620,4158,5082,5,2,2,0,0,1,Pflegefachkraft,1,0.5,5814,10,9,2,3,0,1575,1,,,,,F,0,,0,,5,5,5,0,630,1,5,5,5,0,551,1,3,3,3,0,394,0,ST-ITS1,Intensivstation,12,Intensivmedizin,2.0,3.0,06:00,14:00,450,,13:30,21:30,450,F,21:15,06:15,495,F|S,11,10,8,10,30,45,8,38.5,30,0.05,0,2.0.0,20261146
PK-002,2026-11-24,history,-6,Dienstag,2,48,0,0,,Pflegefachkraft,Pflegefachkraft,EXAM|PRAXISANLEITUNG|KARDIO_MONITORING,1.0,38.5,9240,9240,8316,10164,5,2,2,8,1,1,Pflegefachkraft,0,0.0,-1815,10,9,2,3,0,1575,1,,,,,F,0,,0,,5,5,5,0,630,1,5,5,5,0,551,1,3,3,3,0,394,0,ST-ITS1,Intensivstation,12,Intensivmedizin,2.0,3.0,06:00,14:00,450,,13:30,21:30,450,F,21:15,06:15,495,F|S,11,10,8,10,30,45,8,38.5,30,0.05,0,2.0.0,20261146
PK-003,2026-11-24,history,-6,Dienstag,2,48,0,0,,Pflegefachkraft,Pflegefachkraft,EXAM,1.0,38.5,9240,9240,8316,10164,5,2,2,8,1,1,Pflegefachkraft,0,0.0,-1815,10,9,2,3,0,1575,1,,,,,S,0,,0,,5,5,5,0,630,1,5,5,5,0,551,1,3,3,3,0,394,0,ST-ITS1,Intensivstation,12,Intensivmedizin,2.0,3.0,06:00,14:00,450,,13:30,21:30,450,F,21:15,06:15,495,F|S,11,10,8,10,30,45,8,38.5,30,0.05,0,2.0.0,20261146
PK-004,2026-11-24,history,-6,Dienstag,2,48,0,0,,Pflegefachkraft,Pflegefachkraft,EXAM,1.0,38.5,9240,9240,8316,10164,5,2,2,8,1,1,Pflegefachkraft,0,0.0,-1995,10,9,2,3,0,1575,1,,,,,,0,,0,,5,5,5,0,630,1,5,5,5,0,551,1,3,3,3,0,394,0,ST-ITS1,Intensivstation,12,Intensivmedizin,2.0,3.0,06:00,14:00,450,,13:30,21:30,450,F,21:15,06:15,495,F|S,11,10,8,10,30,45,8,38.5,30,0.05,0,2.0.0,20261146
PK-005,2026-11-24,history,-6,Dienstag,2,48,0,0,,Pflegefachkraft,Pflegefachkraft,EXAM,1.0,38.5,9240,9240,8316,10164,5,2,2,8,1,1,Pflegefachkraft,0,0.0,-1905,10,9,2,3,0,1575,1,,,,,F,0,,0,,5,5,5,0,630,1,5,5,5,0,551,1,3,3,3,0,394,0,ST-ITS1,Intensivstation,12,Intensivmedizin,2.0,3.0,06:00,14:00,450,,13:30,21:30,450,F,21:15,06:15,495,F|S,11,10,8,10,30,45,8,38.5,30,0.05,0,2.0.0,20261146
PK-006,2026-11-24,history,-6,Dienstag,2,48,0,0,,Pflegefachkraft,Pflegefachkraft,EXAM|PRAXISANLEITUNG|KARDIO_MONITORING,1.0,38.5,9240,9240,8316,10164,5,2,2,8,1,1,Pflegefachkraft,0,0.0,-1905,10,9,2,3,0,1575,1,,,,,,0,,0,,5,5,5,0,630,1,5,5,5,0,551,1,3,3,3,0,394,0,ST-ITS1,Intensivstation,12,Intensivmedizin,2.0,3.0,06:00,14:00,450,,13:30,21:30,450,F,21:15,06:15,495,F|S,11,10,8,10,30,45,8,38.5,30,0.05,0,2.0.0,20261146
PK-007,2026-11-24,history,-6,Dienstag,2,48,0,0,,Pflegefachkraft,Pflegefachkraft,EXAM,1.0,38.5,9240,9240,8316,10164,5,2,2,8,1,1,Pflegefachkraft,0,0.0,1104,10,9,2,3,0,1575,1,,,,,N,0,,0,,5,5,5,0,630,1,5,5,5,0,551,1,3,3,3,0,394,0,ST-ITS1,Intensivstation,12,Intensivmedizin,2.0,3.0,06:00,14:00,450,,13:30,21:30,450,F,21:15,06:15,495,F|S,11,10,8,10,30,45,8,38.5,30,0.05,0,2.0.0,20261146
PK-008,2026-11-24,history,-6,Dienstag,2,48,0,0,,Pflegefachkraft,Pflegefachkraft,EXAM|KARDIO_MONITORING,1.0,38.5,9240,9240,8316,10164,5,2,2,8,1,1,Pflegefachkraft,0,0.0,-2265,10,9,2,3,0,1575,1,,,,,N,0,,0,,5,5,5,0,630,1,5,5,5,0,551,1,3,3,3,0,394,0,ST-ITS1,Intensivstation,12,Intensivmedizin,2.0,3.0,06:00,14:00,450,,13:30,21:30,450,F,21:15,06:15,495,F|S,11,10,8,10,30,45,8,38.5,30,0.05,0,2.0.0,20261146
PK-009,2026-11-24,history,-6,Dienstag,2,48,0,0,,Pflegefachkraft,Pflegefachkraft,EXAM,1.0,38.5,9240,9240,8316,10164,5,2,2,8,1,1,Pflegefachkraft,0,0.0,-1995,10,9,2,3,0,1575,1,,,,,,0,,0,,5,5,5,0,630,1,5,5,5,0,551,1,3,3,3,0,394,0,ST-ITS1,Intensivstation,12,Intensivmedizin,2.0,3.0,06:00,14:00,450,,13:30,21:30,450,F,21:15,06:15,495,F|S,11,10,8,10,30,45,8,38.5,30,0.05,0,2.0.0,20261146
PK-010,2026-11-24,history,-6,Dienstag,2,48,0,0,,Pflegefachkraft,Pflegefachkraft,EXAM|PRAXISANLEITUNG|KARDIO_MONITORING,0.6,23.1,5544,5544,4990,6098,5,2,2,8,1,1,Pflegefachkraft,0,0.0,-999,10,9,2,3,0,1575,1,,,,,,0,,0,,5,5,5,0,630,1,5,5,5,0,551,1,3,3,3,0,394,0,ST-ITS1,Intensivstation,12,Intensivmedizin,2.0,3.0,06:00,14:00,450,,13:30,21:30,450,F,21:15,06:15,495,F|S,11,10,8,10,30,45,8,38.5,30,0.05,0,2.0.0,20261146
PK-011,2026-11-24,history,-6,Dienstag,2,48,0,0,,Pflegefachkraft,Pflegefachkraft,EXAM|KARDIO_MONITORING,0.5,19.25,4620,4620,4158,5082,5,2,2,8,1,1,Pflegefachkraft,0,0.0,-1020,10,9,2,3,0,1575,1,,,,,,0,,0,,5,5,5,0,630,1,5,5,5,0,551,1,3,3,3,0,394,0,ST-ITS1,Intensivstation,12,Intensivmedizin,2.0,3.0,06:00,14:00,450,,13:30,21:30,450,F,21:15,06:15,495,F|S,11,10,8,10,30,45,8,38.5,30,0.05,0,2.0.0,20261146
PK-012,2026-11-24,history,-6,Dienstag,2,48,0,0,,Pflegefachkraft,Pflegefachkraft,EXAM|KARDIO_MONITORING,0.75,28.88,6931,6931,6238,7624,5,2,2,8,1,1,Pflegefachkraft,0,0.0,-1530,10,9,2,3,0,1575,1,,,,,,0,,0,,5,5,5,0,630,1,5,5,5,0,551,1,3,3,3,0,394,0,ST-ITS1,Intensivstation,12,Intensivmedizin,2.0,3.0,06:00,14:00,450,,13:30,21:30,450,F,21:15,06:15,495,F|S,11,10,8,10,30,45,8,38.5,30,0.05,0,2.0.0,20261146
PK-013,2026-11-24,history,-6,Dienstag,2,48,0,0,,Pflegefachkraft,Pflegefachkraft,EXAM|KARDIO_MONITORING,1.0,38.5,9240,9240,8316,10164,5,2,2,8,1,1,Pflegefachkraft,0,0.0,-1905,10,9,2,3,0,1575,1,,,,,,0,,0,,5,5,5,0,630,1,5,5,5,0,551,1,3,3,3,0,394,0,ST-ITS1,Intensivstation,12,Intensivmedizin,2.0,3.0,06:00,14:00,450,,13:30,21:30,450,F,21:15,06:15,495,F|S,11,10,8,10,30,45,8,38.5,30,0.05,0,2.0.0,20261146
PK-014,2026-11-24,history,-6,Dienstag,2,48,0,0,,Pflegefachkraft,Pflegefachkraft,EXAM,1.0,38.5,9240,9240,8316,10164,5,2,2,8,1,1,Pflegefachkraft,0,0.0,-1680,10,9,2,3,0,1575,1,,,,,S,0,,0,,5,5,5,0,630,1,5,5,5,0,551,1,3,3,3,0,394,0,ST-ITS1,Intensivstation,12,Intensivmedizin,2.0,3.0,06:00,14:00,450,,13:30,21:30,450,F,21:15,06:15,495,F|S,11,10,8,10,30,45,8,38.5,30,0.05,0,2.0.0,20261146
PK-015,2026-11-24,history,-6,Dienstag,2,48,0,0,,Pflegefachkraft,Pflegefachkraft,EXAM|KARDIO_MONITORING,0.5,19.25,4620,4620,4158,5082,5,2,2,8,1,1,Pflegefachkraft,0,0.0,-930,10,9,2,3,0,1575,1,,,,,F,0,,0,,5,5,5,0,630,1,5,5,5,0,551,1,3,3,3,0,394,0,ST-ITS1,Intensivstation,12,Intensivmedizin,2.0,3.0,06:00,14:00,450,,13:30,21:30,450,F,21:15,06:15,495,F|S,11,10,8,10,30,45,8,38.5,30,0.05,0,2.0.0,20261146
PK-016,2026-11-24,history,-6,Dienstag,2,48,0,0,,Pflegefachkraft,Pflegefachkraft,EXAM,0.9,34.65,8316,8316,7484,9148,5,2,2,8,1,1,Pflegefachkraft,0,0.0,1255,10,9,2,3,0,1575,1,,,,,,0,,0,,5,5,5,0,630,1,5,5,5,0,551,1,3,3,3,0,394,0,ST-ITS1,Intensivstation,12,Intensivmedizin,2.0,3.0,06:00,14:00,450,,13:30,21:30,450,F,21:15,06:15,495,F|S,11,10,8,10,30,45,8,38.5,30,0.05,0,2.0.0,20261146
PK-017,2026-11-24,history,-6,Dienstag,2,48,0,0,,Pflegefachkraft,Pflegefachkraft,EXAM|KARDIO_MONITORING,1.0,38.5,9240,9240,8316,10164,5,2,2,8,1,1,Pflegefachkraft,0,0.0,-1680,10,9,2,3,0,1575,1,,,,,S,0,,0,,5,5,5,0,630,1,5,5,5,0,551,1,3,3,3,0,394,0,ST-ITS1,Intensivstation,12,Intensivmedizin,2.0,3.0,06:00,14:00,450,,13:30,21:30,450,F,21:15,06:15,495,F|S,11,10,8,10,30,45,8,38.5,30,0.05,0,2.0.0,20261146
PK-018,2026-11-24,history,-6,Dienstag,2,48,0,0,,Pflegefachkraft,Pflegefachkraft,EXAM|PRAXISANLEITUNG,0.6,23.1,5544,5544,4990,6098,5,2,2,8,1,1,Pflegefachkraft,0,0.0,-909,10,9,2,3,0,1575,1,,,,,,0,,0,,5,5,5,0,630,1,5,5,5,0,551,1,3,3,3,0,394,0,ST-ITS1,Intensivstation,12,Intensivmedizin,2.0,3.0,06:00,14:00,450,,13:30,21:30,450,F,21:15,06:15,495,F|S,11,10,8,10,30,45,8,38.5,30,0.05,0,2.0.0,20261146
PK-019,2026-11-24,history,-6,Dienstag,2,48,0,0,,Pflegefachkraft,Pflegefachkraft,EXAM,0.6,23.1,5544,5544,4990,6098,5,2,2,8,1,1,Pflegefachkraft,0,0.0,-954,10,9,2,3,0,1575,1,,,,,,0,,0,,5,5,5,0,630,1,5,5,5,0,551,1,3,3,3,0,394,0,ST-ITS1,Intensivstation,12,Intensivmedizin,2.0,3.0,06:00,14:00,450,,13:30,21:30,450,F,21:15,06:15,495,F|S,11,10,8,10,30,45,8,38.5,30,0.05,0,2.0.0,20261146
PK-020,2026-11-24,history,-6,Dienstag,2,48,0,0,,Pflegefachkraft,Pflegefachkraft,EXAM|PRAXISANLEITUNG,0.8,30.8,7392,7392,6653,8131,5,2,2,8,1,1,Pflegefachkraft,0,0.0,-1497,10,9,2,3,0,1575,1,,,,,S,0,,0,,5,5,5,0,630,1,5,5,5,0,551,1,3,3,3,0,394,0,ST-ITS1,Intensivstation,12,Intensivmedizin,2.0,3.0,06:00,14:00,450,,13:30,21:30,450,F,21:15,06:15,495,F|S,11,10,8,10,30,45,8,38.5,30,0.05,0,2.0.0,20261146
PK-021,2026-11-24,history,-6,Dienstag,2,48,0,0,,Pflegefachkraft,Pflegefachkraft,EXAM|PRAXISANLEITUNG,0.5,19.25,4620,4620,4158,5082,5,2,2,8,1,1,Pflegefachkraft,0,0.0,-975,10,9,2,3,0,1575,1,,,,,F,0,,0,,5,5,5,0,630,1,5,5,5,0,551,1,3,3,3,0,394,0,ST-ITS1,Intensivstation,12,Intensivmedizin,2.0,3.0,06:00,14:00,450,,13:30,21:30,450,F,21:15,06:15,495,F|S,11,10,8,10,30,45,8,38.5,30,0.05,0,2.0.0,20261146
PK-022,2026-11-24,history,-6,Dienstag,2,48,0,0,,Pflegefachkraft,Pflegefachkraft,EXAM,0.7,26.95,6468,6468,5821,7115,5,2,2,8,1,1,Pflegefachkraft,0,0.0,-1473,10,9,2,3,0,1575,1,,,,,,0,,0,,5,5,5,0,630,1,5,5,5,0,551,1,3,3,3,0,394,0,ST-ITS1,Intensivstation,12,Intensivmedizin,2.0,3.0,06:00,14:00,450,,13:30,21:30,450,F,21:15,06:15,495,F|S,11,10,8,10,30,45,8,38.5,30,0.05,0,2.0.0,20261146
PK-023,2026-11-24,history,-6,Dienstag,2,48,0,0,,Pflegefachkraft,Pflegefachkraft,EXAM,1.0,38.5,9240,9240,8316,10164,5,2,2,8,1,1,Pflegefachkraft,0,0.0,-2040,10,9,2,3,0,1575,1,,,,,,0,,0,,5,5,5,0,630,1,5,5,5,0,551,1,3,3,3,0,394,0,ST-ITS1,Intensivstation,12,Intensivmedizin,2.0,3.0,06:00,14:00,450,,13:30,21:30,450,F,21:15,06:15,495,F|S,11,10,8,10,30,45,8,38.5,30,0.05,0,2.0.0,20261146
PK-024,2026-11-24,history,-6,Dienstag,2,48,0,0,,Pflegefachkraft,Pflegefachkraft,EXAM|PRAXISANLEITUNG,1.0,38.5,9240,9240,8316,10164,5,2,2,8,1,1,Pflegefachkraft,0,0.0,-2310,10,9,2,3,0,1575,1,,,,,N,0,,0,,5,5,5,0,630,1,5,5,5,0,551,1,3,3,3,0,394,0,ST-ITS1,Intensivstation,12,Intensivmedizin,2.0,3.0,06:00,14:00,450,,13:30,21:30,450,F,21:15,06:15,495,F|S,11,10,8,10,30,45,8,38.5,30,0.05,0,2.0.0,20261146
PK-025,2026-11-24,history,-6,Dienstag,2,48,0,0,,Pflegefachkraft,Pflegefachkraft,EXAM,1.0,38.5,9240,9240,8316,10164,5,2,2,8,1,1,Pflegefachkraft,0,0.0,-1680,10,9,2,3,0,1575,1,,,,,S,0,,0,,5,5,5,0,630,1,5,5,5,0,551,1,3,3,3,0,394,0,ST-ITS1,Intensivstation,12,Intensivmedizin,2.0,3.0,06:00,14:00,450,,13:30,21:30,450,F,21:15,06:15,495,F|S,11,10,8,10,30,45,8,38.5,30,0.05,0,2.0.0,20261146
AZ-001,2026-11-25,history,-5,Mittwoch,3,48,0,0,,Auszubildende_r_3_Ausbildungsjahr,Auszubildende,AUSZUBILDEND,1.0,38.5,9240,9240,8316,10164,5,2,2,8,1,0,nicht anrechenbar,0,0.0,-9240,9,9,1,1,0,1494,1,,,,,,0,,0,,5,5,5,0,598,1,5,5,5,0,523,1,3,3,3,0,374,0,ST-ITS1,Intensivstation,12,Intensivmedizin,2.0,3.0,06:00,14:00,450,,13:30,21:30,450,F,21:15,06:15,495,F|S,11,10,8,10,30,45,8,38.5,30,0.05,0,2.0.0,20261146
AZ-002,2026-11-25,history,-5,Mittwoch,3,48,0,0,,Auszubildende_r_2_Ausbildungsjahr,Auszubildende,AUSZUBILDEND,1.0,38.5,9240,9240,8316,10164,5,2,2,8,1,0,nicht anrechenbar,0,0.0,-9240,9,9,1,1,0,1494,1,,,,,,0,,0,,5,5,5,0,598,1,5,5,5,0,523,1,3,3,3,0,374,0,ST-ITS1,Intensivstation,12,Intensivmedizin,2.0,3.0,06:00,14:00,450,,13:30,21:30,450,F,21:15,06:15,495,F|S,11,10,8,10,30,45,8,38.5,30,0.05,0,2.0.0,20261146
AZ-003,2026-11-25,history,-5,Mittwoch,3,48,0,0,,Auszubildende_r_1_Ausbildungsjahr,Auszubildende,AUSZUBILDEND,1.0,38.5,9240,9240,8316,10164,5,2,2,0,0,0,nicht anrechenbar,0,0.0,-9240,9,9,1,1,0,1494,1,,,,,,0,,0,,5,5,5,0,598,1,5,5,5,0,523,1,3,3,3,0,374,0,ST-ITS1,Intensivstation,12,Intensivmedizin,2.0,3.0,06:00,14:00,450,,13:30,21:30,450,F,21:15,06:15,495,F|S,11,10,8,10,30,45,8,38.5,30,0.05,0,2.0.0,20261146
PK-001,2026-11-25,history,-5,Mittwoch,3,48,0,0,,Stationsleitung,Pflegefachkraft,EXAM|LEITUNG|PRAXISANLEITUNG,1.0,38.5,9240,4620,4158,5082,5,2,2,0,0,1,Pflegefachkraft,1,0.5,5814,9,9,1,1,0,1494,1,,,,,F,0,,0,,5,5,5,0,598,1,5,5,5,0,523,1,3,3,3,0,374,0,ST-ITS1,Intensivstation,12,Intensivmedizin,2.0,3.0,06:00,14:00,450,,13:30,21:30,450,F,21:15,06:15,495,F|S,11,10,8,10,30,45,8,38.5,30,0.05,0,2.0.0,20261146
PK-002,2026-11-25,history,-5,Mittwoch,3,48,0,0,,Pflegefachkraft,Pflegefachkraft,EXAM|PRAXISANLEITUNG|KARDIO_MONITORING,1.0,38.5,9240,9240,8316,10164,5,2,2,8,1,1,Pflegefachkraft,0,0.0,-1815,9,9,1,1,0,1494,1,,,,,S,0,,0,,5,5,5,0,598,1,5,5,5,0,523,1,3,3,3,0,374,0,ST-ITS1,Intensivstation,12,Intensivmedizin,2.0,3.0,06:00,14:00,450,,13:30,21:30,450,F,21:15,06:15,495,F|S,11,10,8,10,30,45,8,38.5,30,0.05,0,2.0.0,20261146
PK-003,2026-11-25,history,-5,Mittwoch,3,48,0,0,,Pflegefachkraft,Pflegefachkraft,EXAM,1.0,38.5,9240,9240,8316,10164,5,2,2,8,1,1,Pflegefachkraft,0,0.0,-1815,9,9,1,1,0,1494,1,,,,,S,0,,0,,5,5,5,0,598,1,5,5,5,0,523,1,3,3,3,0,374,0,ST-ITS1,Intensivstation,12,Intensivmedizin,2.0,3.0,06:00,14:00,450,,13:30,21:30,450,F,21:15,06:15,495,F|S,11,10,8,10,30,45,8,38.5,30,0.05,0,2.0.0,20261146
PK-004,2026-11-25,history,-5,Mittwoch,3,48,0,0,,Pflegefachkraft,Pflegefachkraft,EXAM,1.0,38.5,9240,9240,8316,10164,5,2,2,8,1,1,Pflegefachkraft,0,0.0,-1995,9,9,1,1,0,1494,1,,,,,F,0,,0,,5,5,5,0,598,1,5,5,5,0,523,1,3,3,3,0,374,0,ST-ITS1,Intensivstation,12,Intensivmedizin,2.0,3.0,06:00,14:00,450,,13:30,21:30,450,F,21:15,06:15,495,F|S,11,10,8,10,30,45,8,38.5,30,0.05,0,2.0.0,20261146
PK-005,2026-11-25,history,-5,Mittwoch,3,48,0,0,,Pflegefachkraft,Pflegefachkraft,EXAM,1.0,38.5,9240,9240,8316,10164,5,2,2,8,1,1,Pflegefachkraft,0,0.0,-1905,9,9,1,1,0,1494,1,,,,,S,0,,0,,5,5,5,0,598,1,5,5,5,0,523,1,3,3,3,0,374,0,ST-ITS1,Intensivstation,12,Intensivmedizin,2.0,3.0,06:00,14:00,450,,13:30,21:30,450,F,21:15,06:15,495,F|S,11,10,8,10,30,45,8,38.5,30,0.05,0,2.0.0,20261146
PK-006,2026-11-25,history,-5,Mittwoch,3,48,0,0,,Pflegefachkraft,Pflegefachkraft,EXAM|PRAXISANLEITUNG|KARDIO_MONITORING,1.0,38.5,9240,9240,8316,10164,5,2,2,8,1,1,Pflegefachkraft,0,0.0,-1905,9,9,1,1,0,1494,1,,,,,N,0,,0,,5,5,5,0,598,1,5,5,5,0,523,1,3,3,3,0,374,0,ST-ITS1,Intensivstation,12,Intensivmedizin,2.0,3.0,06:00,14:00,450,,13:30,21:30,450,F,21:15,06:15,495,F|S,11,10,8,10,30,45,8,38.5,30,0.05,0,2.0.0,20261146
PK-007,2026-11-25,history,-5,Mittwoch,3,48,0,0,,Pflegefachkraft,Pflegefachkraft,EXAM,1.0,38.5,9240,9240,8316,10164,5,2,2,8,1,1,Pflegefachkraft,0,0.0,1104,9,9,1,1,0,1494,1,,,,,,0,,0,,5,5,5,0,598,1,5,5,5,0,523,1,3,3,3,0,374,0,ST-ITS1,Intensivstation,12,Intensivmedizin,2.0,3.0,06:00,14:00,450,,13:30,21:30,450,F,21:15,06:15,495,F|S,11,10,8,10,30,45,8,38.5,30,0.05,0,2.0.0,20261146
PK-008,2026-11-25,history,-5,Mittwoch,3,48,0,0,,Pflegefachkraft,Pflegefachkraft,EXAM|KARDIO_MONITORING,1.0,38.5,9240,9240,8316,10164,5,2,2,8,1,1,Pflegefachkraft,0,0.0,-2265,9,9,1,1,0,1494,1,,,,,,0,,0,,5,5,5,0,598,1,5,5,5,0,523,1,3,3,3,0,374,0,ST-ITS1,Intensivstation,12,Intensivmedizin,2.0,3.0,06:00,14:00,450,,13:30,21:30,450,F,21:15,06:15,495,F|S,11,10,8,10,30,45,8,38.5,30,0.05,0,2.0.0,20261146
PK-009,2026-11-25,history,-5,Mittwoch,3,48,0,0,,Pflegefachkraft,Pflegefachkraft,EXAM,1.0,38.5,9240,9240,8316,10164,5,2,2,8,1,1,Pflegefachkraft,0,0.0,-1995,9,9,1,1,0,1494,1,,,,,F,0,,0,,5,5,5,0,598,1,5,5,5,0,523,1,3,3,3,0,374,0,ST-ITS1,Intensivstation,12,Intensivmedizin,2.0,3.0,06:00,14:00,450,,13:30,21:30,450,F,21:15,06:15,495,F|S,11,10,8,10,30,45,8,38.5,30,0.05,0,2.0.0,20261146
PK-010,2026-11-25,history,-5,Mittwoch,3,48,0,0,,Pflegefachkraft,Pflegefachkraft,EXAM|PRAXISANLEITUNG|KARDIO_MONITORING,0.6,23.1,5544,5544,4990,6098,5,2,2,8,1,1,Pflegefachkraft,0,0.0,-999,9,9,1,1,0,1494,1,,,,,S,0,,0,,5,5,5,0,598,1,5,5,5,0,523,1,3,3,3,0,374,0,ST-ITS1,Intensivstation,12,Intensivmedizin,2.0,3.0,06:00,14:00,450,,13:30,21:30,450,F,21:15,06:15,495,F|S,11,10,8,10,30,45,8,38.5,30,0.05,0,2.0.0,20261146
PK-011,2026-11-25,history,-5,Mittwoch,3,48,0,0,,Pflegefachkraft,Pflegefachkraft,EXAM|KARDIO_MONITORING,0.5,19.25,4620,4620,4158,5082,5,2,2,8,1,1,Pflegefachkraft,0,0.0,-1020,9,9,1,1,0,1494,1,,,,,,0,,0,,5,5,5,0,598,1,5,5,5,0,523,1,3,3,3,0,374,0,ST-ITS1,Intensivstation,12,Intensivmedizin,2.0,3.0,06:00,14:00,450,,13:30,21:30,450,F,21:15,06:15,495,F|S,11,10,8,10,30,45,8,38.5,30,0.05,0,2.0.0,20261146
PK-012,2026-11-25,history,-5,Mittwoch,3,48,0,0,,Pflegefachkraft,Pflegefachkraft,EXAM|KARDIO_MONITORING,0.75,28.88,6931,6931,6238,7624,5,2,2,8,1,1,Pflegefachkraft,0,0.0,-1530,9,9,1,1,0,1494,1,,,,,S,0,,0,,5,5,5,0,598,1,5,5,5,0,523,1,3,3,3,0,374,0,ST-ITS1,Intensivstation,12,Intensivmedizin,2.0,3.0,06:00,14:00,450,,13:30,21:30,450,F,21:15,06:15,495,F|S,11,10,8,10,30,45,8,38.5,30,0.05,0,2.0.0,20261146
PK-013,2026-11-25,history,-5,Mittwoch,3,48,0,0,,Pflegefachkraft,Pflegefachkraft,EXAM|KARDIO_MONITORING,1.0,38.5,9240,9240,8316,10164,5,2,2,8,1,1,Pflegefachkraft,0,0.0,-1905,9,9,1,1,0,1494,1,,,,,N,0,,0,,5,5,5,0,598,1,5,5,5,0,523,1,3,3,3,0,374,0,ST-ITS1,Intensivstation,12,Intensivmedizin,2.0,3.0,06:00,14:00,450,,13:30,21:30,450,F,21:15,06:15,495,F|S,11,10,8,10,30,45,8,38.5,30,0.05,0,2.0.0,20261146
PK-014,2026-11-25,history,-5,Mittwoch,3,48,0,0,,Pflegefachkraft,Pflegefachkraft,EXAM,1.0,38.5,9240,9240,8316,10164,5,2,2,8,1,1,Pflegefachkraft,0,0.0,-1680,9,9,1,1,0,1494,1,,,,,,0,,0,,5,5,5,0,598,1,5,5,5,0,523,1,3,3,3,0,374,0,ST-ITS1,Intensivstation,12,Intensivmedizin,2.0,3.0,06:00,14:00,450,,13:30,21:30,450,F,21:15,06:15,495,F|S,11,10,8,10,30,45,8,38.5,30,0.05,0,2.0.0,20261146
PK-015,2026-11-25,history,-5,Mittwoch,3,48,0,0,,Pflegefachkraft,Pflegefachkraft,EXAM|KARDIO_MONITORING,0.5,19.25,4620,4620,4158,5082,5,2,2,8,1,1,Pflegefachkraft,0,0.0,-930,9,9,1,1,0,1494,1,,,,,,0,,0,,5,5,5,0,598,1,5,5,5,0,523,1,3,3,3,0,374,0,ST-ITS1,Intensivstation,12,Intensivmedizin,2.0,3.0,06:00,14:00,450,,13:30,21:30,450,F,21:15,06:15,495,F|S,11,10,8,10,30,45,8,38.5,30,0.05,0,2.0.0,20261146
PK-016,2026-11-25,history,-5,Mittwoch,3,48,0,0,,Pflegefachkraft,Pflegefachkraft,EXAM,0.9,34.65,8316,8316,7484,9148,5,2,2,8,1,1,Pflegefachkraft,0,0.0,1255,9,9,1,1,0,1494,1,,,,,F,0,,0,,5,5,5,0,598,1,5,5,5,0,523,1,3,3,3,0,374,0,ST-ITS1,Intensivstation,12,Intensivmedizin,2.0,3.0,06:00,14:00,450,,13:30,21:30,450,F,21:15,06:15,495,F|S,11,10,8,10,30,45,8,38.5,30,0.05,0,2.0.0,20261146
PK-017,2026-11-25,history,-5,Mittwoch,3,48,0,0,,Pflegefachkraft,Pflegefachkraft,EXAM|KARDIO_MONITORING,1.0,38.5,9240,9240,8316,10164,5,2,2,8,1,1,Pflegefachkraft,0,0.0,-1680,9,9,1,1,0,1494,1,,,,,,0,,0,,5,5,5,0,598,1,5,5,5,0,523,1,3,3,3,0,374,0,ST-ITS1,Intensivstation,12,Intensivmedizin,2.0,3.0,06:00,14:00,450,,13:30,21:30,450,F,21:15,06:15,495,F|S,11,10,8,10,30,45,8,38.5,30,0.05,0,2.0.0,20261146
PK-018,2026-11-25,history,-5,Mittwoch,3,48,0,0,,Pflegefachkraft,Pflegefachkraft,EXAM|PRAXISANLEITUNG,0.6,23.1,5544,5544,4990,6098,5,2,2,8,1,1,Pflegefachkraft,0,0.0,-909,9,9,1,1,0,1494,1,,,,,,0,,0,,5,5,5,0,598,1,5,5,5,0,523,1,3,3,3,0,374,0,ST-ITS1,Intensivstation,12,Intensivmedizin,2.0,3.0,06:00,14:00,450,,13:30,21:30,450,F,21:15,06:15,495,F|S,11,10,8,10,30,45,8,38.5,30,0.05,0,2.0.0,20261146
PK-019,2026-11-25,history,-5,Mittwoch,3,48,0,0,,Pflegefachkraft,Pflegefachkraft,EXAM,0.6,23.1,5544,5544,4990,6098,5,2,2,8,1,1,Pflegefachkraft,0,0.0,-954,9,9,1,1,0,1494,1,,,,,,0,,0,,5,5,5,0,598,1,5,5,5,0,523,1,3,3,3,0,374,0,ST-ITS1,Intensivstation,12,Intensivmedizin,2.0,3.0,06:00,14:00,450,,13:30,21:30,450,F,21:15,06:15,495,F|S,11,10,8,10,30,45,8,38.5,30,0.05,0,2.0.0,20261146
PK-020,2026-11-25,history,-5,Mittwoch,3,48,0,0,,Pflegefachkraft,Pflegefachkraft,EXAM|PRAXISANLEITUNG,0.8,30.8,7392,7392,6653,8131,5,2,2,8,1,1,Pflegefachkraft,0,0.0,-1497,9,9,1,1,0,1494,1,,,,,,0,,0,,5,5,5,0,598,1,5,5,5,0,523,1,3,3,3,0,374,0,ST-ITS1,Intensivstation,12,Intensivmedizin,2.0,3.0,06:00,14:00,450,,13:30,21:30,450,F,21:15,06:15,495,F|S,11,10,8,10,30,45,8,38.5,30,0.05,0,2.0.0,20261146
PK-021,2026-11-25,history,-5,Mittwoch,3,48,0,0,,Pflegefachkraft,Pflegefachkraft,EXAM|PRAXISANLEITUNG,0.5,19.25,4620,4620,4158,5082,5,2,2,8,1,1,Pflegefachkraft,0,0.0,-975,9,9,1,1,0,1494,1,,,,,,0,,0,,5,5,5,0,598,1,5,5,5,0,523,1,3,3,3,0,374,0,ST-ITS1,Intensivstation,12,Intensivmedizin,2.0,3.0,06:00,14:00,450,,13:30,21:30,450,F,21:15,06:15,495,F|S,11,10,8,10,30,45,8,38.5,30,0.05,0,2.0.0,20261146
PK-022,2026-11-25,history,-5,Mittwoch,3,48,0,0,,Pflegefachkraft,Pflegefachkraft,EXAM,0.7,26.95,6468,6468,5821,7115,5,2,2,8,1,1,Pflegefachkraft,0,0.0,-1473,9,9,1,1,0,1494,1,,,,,N,0,,0,,5,5,5,0,598,1,5,5,5,0,523,1,3,3,3,0,374,0,ST-ITS1,Intensivstation,12,Intensivmedizin,2.0,3.0,06:00,14:00,450,,13:30,21:30,450,F,21:15,06:15,495,F|S,11,10,8,10,30,45,8,38.5,30,0.05,0,2.0.0,20261146
PK-023,2026-11-25,history,-5,Mittwoch,3,48,0,0,,Pflegefachkraft,Pflegefachkraft,EXAM,1.0,38.5,9240,9240,8316,10164,5,2,2,8,1,1,Pflegefachkraft,0,0.0,-2040,9,9,1,1,0,1494,1,,,,,F,0,,0,,5,5,5,0,598,1,5,5,5,0,523,1,3,3,3,0,374,0,ST-ITS1,Intensivstation,12,Intensivmedizin,2.0,3.0,06:00,14:00,450,,13:30,21:30,450,F,21:15,06:15,495,F|S,11,10,8,10,30,45,8,38.5,30,0.05,0,2.0.0,20261146
PK-024,2026-11-25,history,-5,Mittwoch,3,48,0,0,,Pflegefachkraft,Pflegefachkraft,EXAM|PRAXISANLEITUNG,1.0,38.5,9240,9240,8316,10164,5,2,2,8,1,1,Pflegefachkraft,0,0.0,-2310,9,9,1,1,0,1494,1,,,,,,0,,0,,5,5,5,0,598,1,5,5,5,0,523,1,3,3,3,0,374,0,ST-ITS1,Intensivstation,12,Intensivmedizin,2.0,3.0,06:00,14:00,450,,13:30,21:30,450,F,21:15,06:15,495,F|S,11,10,8,10,30,45,8,38.5,30,0.05,0,2.0.0,20261146
PK-025,2026-11-25,history,-5,Mittwoch,3,48,0,0,,Pflegefachkraft,Pflegefachkraft,EXAM,1.0,38.5,9240,9240,8316,10164,5,2,2,8,1,1,Pflegefachkraft,0,0.0,-1680,9,9,1,1,0,1494,1,,,,,,0,,0,,5,5,5,0,598,1,5,5,5,0,523,1,3,3,3,0,374,0,ST-ITS1,Intensivstation,12,Intensivmedizin,2.0,3.0,06:00,14:00,450,,13:30,21:30,450,F,21:15,06:15,495,F|S,11,10,8,10,30,45,8,38.5,30,0.05,0,2.0.0,20261146
AZ-001,2026-11-26,history,-4,Donnerstag,4,48,0,0,,Auszubildende_r_3_Ausbildungsjahr,Auszubildende,AUSZUBILDEND,1.0,38.5,9240,9240,8316,10164,5,2,2,8,1,0,nicht anrechenbar,0,0.0,-9240,9,9,0,1,0,1580,1,,,,,,0,,0,,5,5,5,0,632,1,5,5,5,0,553,1,3,3,3,0,395,0,ST-ITS1,Intensivstation,12,Intensivmedizin,2.0,3.0,06:00,14:00,450,,13:30,21:30,450,F,21:15,06:15,495,F|S,11,10,8,10,30,45,8,38.5,30,0.05,0,2.0.0,20261146
AZ-002,2026-11-26,history,-4,Donnerstag,4,48,0,0,,Auszubildende_r_2_Ausbildungsjahr,Auszubildende,AUSZUBILDEND,1.0,38.5,9240,9240,8316,10164,5,2,2,8,1,0,nicht anrechenbar,0,0.0,-9240,9,9,0,1,0,1580,1,,,,,,0,,0,,5,5,5,0,632,1,5,5,5,0,553,1,3,3,3,0,395,0,ST-ITS1,Intensivstation,12,Intensivmedizin,2.0,3.0,06:00,14:00,450,,13:30,21:30,450,F,21:15,06:15,495,F|S,11,10,8,10,30,45,8,38.5,30,0.05,0,2.0.0,20261146
AZ-003,2026-11-26,history,-4,Donnerstag,4,48,0,0,,Auszubildende_r_1_Ausbildungsjahr,Auszubildende,AUSZUBILDEND,1.0,38.5,9240,9240,8316,10164,5,2,2,0,0,0,nicht anrechenbar,0,0.0,-9240,9,9,0,1,0,1580,1,,,,,,0,,0,,5,5,5,0,632,1,5,5,5,0,553,1,3,3,3,0,395,0,ST-ITS1,Intensivstation,12,Intensivmedizin,2.0,3.0,06:00,14:00,450,,13:30,21:30,450,F,21:15,06:15,495,F|S,11,10,8,10,30,45,8,38.5,30,0.05,0,2.0.0,20261146
PK-001,2026-11-26,history,-4,Donnerstag,4,48,0,0,,Stationsleitung,Pflegefachkraft,EXAM|LEITUNG|PRAXISANLEITUNG,1.0,38.5,9240,4620,4158,5082,5,2,2,0,0,1,Pflegefachkraft,1,0.5,5814,9,9,0,1,0,1580,1,,,,,,0,,0,,5,5,5,0,632,1,5,5,5,0,553,1,3,3,3,0,395,0,ST-ITS1,Intensivstation,12,Intensivmedizin,2.0,3.0,06:00,14:00,450,,13:30,21:30,450,F,21:15,06:15,495,F|S,11,10,8,10,30,45,8,38.5,30,0.05,0,2.0.0,20261146
PK-002,2026-11-26,history,-4,Donnerstag,4,48,0,0,,Pflegefachkraft,Pflegefachkraft,EXAM|PRAXISANLEITUNG|KARDIO_MONITORING,1.0,38.5,9240,9240,8316,10164,5,2,2,8,1,1,Pflegefachkraft,0,0.0,-1815,9,9,0,1,0,1580,1,,,,,,0,,0,,5,5,5,0,632,1,5,5,5,0,553,1,3,3,3,0,395,0,ST-ITS1,Intensivstation,12,Intensivmedizin,2.0,3.0,06:00,14:00,450,,13:30,21:30,450,F,21:15,06:15,495,F|S,11,10,8,10,30,45,8,38.5,30,0.05,0,2.0.0,20261146
PK-003,2026-11-26,history,-4,Donnerstag,4,48,0,0,,Pflegefachkraft,Pflegefachkraft,EXAM,1.0,38.5,9240,9240,8316,10164,5,2,2,8,1,1,Pflegefachkraft,0,0.0,-1815,9,9,0,1,0,1580,1,,,,,,0,,0,,5,5,5,0,632,1,5,5,5,0,553,1,3,3,3,0,395,0,ST-ITS1,Intensivstation,12,Intensivmedizin,2.0,3.0,06:00,14:00,450,,13:30,21:30,450,F,21:15,06:15,495,F|S,11,10,8,10,30,45,8,38.5,30,0.05,0,2.0.0,20261146
PK-004,2026-11-26,history,-4,Donnerstag,4,48,0,0,,Pflegefachkraft,Pflegefachkraft,EXAM,1.0,38.5,9240,9240,8316,10164,5,2,2,8,1,1,Pflegefachkraft,0,0.0,-1995,9,9,0,1,0,1580,1,,,,,S,0,,0,,5,5,5,0,632,1,5,5,5,0,553,1,3,3,3,0,395,0,ST-ITS1,Intensivstation,12,Intensivmedizin,2.0,3.0,06:00,14:00,450,,13:30,21:30,450,F,21:15,06:15,495,F|S,11,10,8,10,30,45,8,38.5,30,0.05,0,2.0.0,20261146
PK-005,2026-11-26,history,-4,Donnerstag,4,48,0,0,,Pflegefachkraft,Pflegefachkraft,EXAM,1.0,38.5,9240,9240,8316,10164,5,2,2,8,1,1,Pflegefachkraft,0,0.0,-1905,9,9,0,1,0,1580,1,,,,,,0,,0,,5,5,5,0,632,1,5,5,5,0,553,1,3,3,3,0,395,0,ST-ITS1,Intensivstation,12,Intensivmedizin,2.0,3.0,06:00,14:00,450,,13:30,21:30,450,F,21:15,06:15,495,F|S,11,10,8,10,30,45,8,38.5,30,0.05,0,2.0.0,20261146
PK-006,2026-11-26,history,-4,Donnerstag,4,48,0,0,,Pflegefachkraft,Pflegefachkraft,EXAM|PRAXISANLEITUNG|KARDIO_MONITORING,1.0,38.5,9240,9240,8316,10164,5,2,2,8,1,1,Pflegefachkraft,0,0.0,-1905,9,9,0,1,0,1580,1,,,,,,0,,0,,5,5,5,0,632,1,5,5,5,0,553,1,3,3,3,0,395,0,ST-ITS1,Intensivstation,12,Intensivmedizin,2.0,3.0,06:00,14:00,450,,13:30,21:30,450,F,21:15,06:15,495,F|S,11,10,8,10,30,45,8,38.5,30,0.05,0,2.0.0,20261146
PK-007,2026-11-26,history,-4,Donnerstag,4,48,0,0,,Pflegefachkraft,Pflegefachkraft,EXAM,1.0,38.5,9240,9240,8316,10164,5,2,2,8,1,1,Pflegefachkraft,0,0.0,1104,9,9,0,1,0,1580,1,,,,,N,0,,0,,5,5,5,0,632,1,5,5,5,0,553,1,3,3,3,0,395,0,ST-ITS1,Intensivstation,12,Intensivmedizin,2.0,3.0,06:00,14:00,450,,13:30,21:30,450,F,21:15,06:15,495,F|S,11,10,8,10,30,45,8,38.5,30,0.05,0,2.0.0,20261146
PK-008,2026-11-26,history,-4,Donnerstag,4,48,0,0,,Pflegefachkraft,Pflegefachkraft,EXAM|KARDIO_MONITORING,1.0,38.5,9240,9240,8316,10164,5,2,2,8,1,1,Pflegefachkraft,0,0.0,-2265,9,9,0,1,0,1580,1,,,,,N,0,,0,,5,5,5,0,632,1,5,5,5,0,553,1,3,3,3,0,395,0,ST-ITS1,Intensivstation,12,Intensivmedizin,2.0,3.0,06:00,14:00,450,,13:30,21:30,450,F,21:15,06:15,495,F|S,11,10,8,10,30,45,8,38.5,30,0.05,0,2.0.0,20261146
PK-009,2026-11-26,history,-4,Donnerstag,4,48,0,0,,Pflegefachkraft,Pflegefachkraft,EXAM,1.0,38.5,9240,9240,8316,10164,5,2,2,8,1,1,Pflegefachkraft,0,0.0,-1995,9,9,0,1,0,1580,1,,,,,S,0,,0,,5,5,5,0,632,1,5,5,5,0,553,1,3,3,3,0,395,0,ST-ITS1,Intensivstation,12,Intensivmedizin,2.0,3.0,06:00,14:00,450,,13:30,21:30,450,F,21:15,06:15,495,F|S,11,10,8,10,30,45,8,38.5,30,0.05,0,2.0.0,20261146
PK-010,2026-11-26,history,-4,Donnerstag,4,48,0,0,,Pflegefachkraft,Pflegefachkraft,EXAM|PRAXISANLEITUNG|KARDIO_MONITORING,0.6,23.1,5544,5544,4990,6098,5,2,2,8,1,1,Pflegefachkraft,0,0.0,-999,9,9,0,1,0,1580,1,,,,,,0,,0,,5,5,5,0,632,1,5,5,5,0,553,1,3,3,3,0,395,0,ST-ITS1,Intensivstation,12,Intensivmedizin,2.0,3.0,06:00,14:00,450,,13:30,21:30,450,F,21:15,06:15,495,F|S,11,10,8,10,30,45,8,38.5,30,0.05,0,2.0.0,20261146
PK-011,2026-11-26,history,-4,Donnerstag,4,48,0,0,,Pflegefachkraft,Pflegefachkraft,EXAM|KARDIO_MONITORING,0.5,19.25,4620,4620,4158,5082,5,2,2,8,1,1,Pflegefachkraft,0,0.0,-1020,9,9,0,1,0,1580,1,,,,,S,0,,0,,5,5,5,0,632,1,5,5,5,0,553,1,3,3,3,0,395,0,ST-ITS1,Intensivstation,12,Intensivmedizin,2.0,3.0,06:00,14:00,450,,13:30,21:30,450,F,21:15,06:15,495,F|S,11,10,8,10,30,45,8,38.5,30,0.05,0,2.0.0,20261146
PK-012,2026-11-26,history,-4,Donnerstag,4,48,0,0,,Pflegefachkraft,Pflegefachkraft,EXAM|KARDIO_MONITORING,0.75,28.88,6931,6931,6238,7624,5,2,2,8,1,1,Pflegefachkraft,0,0.0,-1530,9,9,0,1,0,1580,1,,,,,,0,,0,,5,5,5,0,632,1,5,5,5,0,553,1,3,3,3,0,395,0,ST-ITS1,Intensivstation,12,Intensivmedizin,2.0,3.0,06:00,14:00,450,,13:30,21:30,450,F,21:15,06:15,495,F|S,11,10,8,10,30,45,8,38.5,30,0.05,0,2.0.0,20261146
PK-013,2026-11-26,history,-4,Donnerstag,4,48,0,0,,Pflegefachkraft,Pflegefachkraft,EXAM|KARDIO_MONITORING,1.0,38.5,9240,9240,8316,10164,5,2,2,8,1,1,Pflegefachkraft,0,0.0,-1905,9,9,0,1,0,1580,1,,,,,,0,,0,,5,5,5,0,632,1,5,5,5,0,553,1,3,3,3,0,395,0,ST-ITS1,Intensivstation,12,Intensivmedizin,2.0,3.0,06:00,14:00,450,,13:30,21:30,450,F,21:15,06:15,495,F|S,11,10,8,10,30,45,8,38.5,30,0.05,0,2.0.0,20261146
PK-014,2026-11-26,history,-4,Donnerstag,4,48,0,0,,Pflegefachkraft,Pflegefachkraft,EXAM,1.0,38.5,9240,9240,8316,10164,5,2,2,8,1,1,Pflegefachkraft,0,0.0,-1680,9,9,0,1,0,1580,1,,,,,F,0,,0,,5,5,5,0,632,1,5,5,5,0,553,1,3,3,3,0,395,0,ST-ITS1,Intensivstation,12,Intensivmedizin,2.0,3.0,06:00,14:00,450,,13:30,21:30,450,F,21:15,06:15,495,F|S,11,10,8,10,30,45,8,38.5,30,0.05,0,2.0.0,20261146
PK-015,2026-11-26,history,-4,Donnerstag,4,48,0,0,,Pflegefachkraft,Pflegefachkraft,EXAM|KARDIO_MONITORING,0.5,19.25,4620,4620,4158,5082,5,2,2,8,1,1,Pflegefachkraft,0,0.0,-930,9,9,0,1,0,1580,1,,,,,,0,,0,,5,5,5,0,632,1,5,5,5,0,553,1,3,3,3,0,395,0,ST-ITS1,Intensivstation,12,Intensivmedizin,2.0,3.0,06:00,14:00,450,,13:30,21:30,450,F,21:15,06:15,495,F|S,11,10,8,10,30,45,8,38.5,30,0.05,0,2.0.0,20261146
PK-016,2026-11-26,history,-4,Donnerstag,4,48,0,0,,Pflegefachkraft,Pflegefachkraft,EXAM,0.9,34.65,8316,8316,7484,9148,5,2,2,8,1,1,Pflegefachkraft,0,0.0,1255,9,9,0,1,0,1580,1,,,,,,0,,0,,5,5,5,0,632,1,5,5,5,0,553,1,3,3,3,0,395,0,ST-ITS1,Intensivstation,12,Intensivmedizin,2.0,3.0,06:00,14:00,450,,13:30,21:30,450,F,21:15,06:15,495,F|S,11,10,8,10,30,45,8,38.5,30,0.05,0,2.0.0,20261146
PK-017,2026-11-26,history,-4,Donnerstag,4,48,0,0,,Pflegefachkraft,Pflegefachkraft,EXAM|KARDIO_MONITORING,1.0,38.5,9240,9240,8316,10164,5,2,2,8,1,1,Pflegefachkraft,0,0.0,-1680,9,9,0,1,0,1580,1,,,,,F,0,,0,,5,5,5,0,632,1,5,5,5,0,553,1,3,3,3,0,395,0,ST-ITS1,Intensivstation,12,Intensivmedizin,2.0,3.0,06:00,14:00,450,,13:30,21:30,450,F,21:15,06:15,495,F|S,11,10,8,10,30,45,8,38.5,30,0.05,0,2.0.0,20261146
PK-018,2026-11-26,history,-4,Donnerstag,4,48,0,0,,Pflegefachkraft,Pflegefachkraft,EXAM|PRAXISANLEITUNG,0.6,23.1,5544,5544,4990,6098,5,2,2,8,1,1,Pflegefachkraft,0,0.0,-909,9,9,0,1,0,1580,1,,,,,F,0,,0,,5,5,5,0,632,1,5,5,5,0,553,1,3,3,3,0,395,0,ST-ITS1,Intensivstation,12,Intensivmedizin,2.0,3.0,06:00,14:00,450,,13:30,21:30,450,F,21:15,06:15,495,F|S,11,10,8,10,30,45,8,38.5,30,0.05,0,2.0.0,20261146
PK-019,2026-11-26,history,-4,Donnerstag,4,48,0,0,,Pflegefachkraft,Pflegefachkraft,EXAM,0.6,23.1,5544,5544,4990,6098,5,2,2,8,1,1,Pflegefachkraft,0,0.0,-954,9,9,0,1,0,1580,1,,,,,F,0,,0,,5,5,5,0,632,1,5,5,5,0,553,1,3,3,3,0,395,0,ST-ITS1,Intensivstation,12,Intensivmedizin,2.0,3.0,06:00,14:00,450,,13:30,21:30,450,F,21:15,06:15,495,F|S,11,10,8,10,30,45,8,38.5,30,0.05,0,2.0.0,20261146
PK-020,2026-11-26,history,-4,Donnerstag,4,48,0,0,,Pflegefachkraft,Pflegefachkraft,EXAM|PRAXISANLEITUNG,0.8,30.8,7392,7392,6653,8131,5,2,2,8,1,1,Pflegefachkraft,0,0.0,-1497,9,9,0,1,0,1580,1,,,,,S,0,,0,,5,5,5,0,632,1,5,5,5,0,553,1,3,3,3,0,395,0,ST-ITS1,Intensivstation,12,Intensivmedizin,2.0,3.0,06:00,14:00,450,,13:30,21:30,450,F,21:15,06:15,495,F|S,11,10,8,10,30,45,8,38.5,30,0.05,0,2.0.0,20261146
PK-021,2026-11-26,history,-4,Donnerstag,4,48,0,0,,Pflegefachkraft,Pflegefachkraft,EXAM|PRAXISANLEITUNG,0.5,19.25,4620,4620,4158,5082,5,2,2,8,1,1,Pflegefachkraft,0,0.0,-975,9,9,0,1,0,1580,1,,,,,,0,,0,,5,5,5,0,632,1,5,5,5,0,553,1,3,3,3,0,395,0,ST-ITS1,Intensivstation,12,Intensivmedizin,2.0,3.0,06:00,14:00,450,,13:30,21:30,450,F,21:15,06:15,495,F|S,11,10,8,10,30,45,8,38.5,30,0.05,0,2.0.0,20261146
PK-022,2026-11-26,history,-4,Donnerstag,4,48,0,0,,Pflegefachkraft,Pflegefachkraft,EXAM,0.7,26.95,6468,6468,5821,7115,5,2,2,8,1,1,Pflegefachkraft,0,0.0,-1473,9,9,0,1,0,1580,1,,,,,,0,,0,,5,5,5,0,632,1,5,5,5,0,553,1,3,3,3,0,395,0,ST-ITS1,Intensivstation,12,Intensivmedizin,2.0,3.0,06:00,14:00,450,,13:30,21:30,450,F,21:15,06:15,495,F|S,11,10,8,10,30,45,8,38.5,30,0.05,0,2.0.0,20261146
PK-023,2026-11-26,history,-4,Donnerstag,4,48,0,0,,Pflegefachkraft,Pflegefachkraft,EXAM,1.0,38.5,9240,9240,8316,10164,5,2,2,8,1,1,Pflegefachkraft,0,0.0,-2040,9,9,0,1,0,1580,1,,,,,S,0,,0,,5,5,5,0,632,1,5,5,5,0,553,1,3,3,3,0,395,0,ST-ITS1,Intensivstation,12,Intensivmedizin,2.0,3.0,06:00,14:00,450,,13:30,21:30,450,F,21:15,06:15,495,F|S,11,10,8,10,30,45,8,38.5,30,0.05,0,2.0.0,20261146
PK-024,2026-11-26,history,-4,Donnerstag,4,48,0,0,,Pflegefachkraft,Pflegefachkraft,EXAM|PRAXISANLEITUNG,1.0,38.5,9240,9240,8316,10164,5,2,2,8,1,1,Pflegefachkraft,0,0.0,-2310,9,9,0,1,0,1580,1,,,,,N,0,,0,,5,5,5,0,632,1,5,5,5,0,553,1,3,3,3,0,395,0,ST-ITS1,Intensivstation,12,Intensivmedizin,2.0,3.0,06:00,14:00,450,,13:30,21:30,450,F,21:15,06:15,495,F|S,11,10,8,10,30,45,8,38.5,30,0.05,0,2.0.0,20261146
PK-025,2026-11-26,history,-4,Donnerstag,4,48,0,0,,Pflegefachkraft,Pflegefachkraft,EXAM,1.0,38.5,9240,9240,8316,10164,5,2,2,8,1,1,Pflegefachkraft,0,0.0,-1680,9,9,0,1,0,1580,1,,,,,F,0,,0,,5,5,5,0,632,1,5,5,5,0,553,1,3,3,3,0,395,0,ST-ITS1,Intensivstation,12,Intensivmedizin,2.0,3.0,06:00,14:00,450,,13:30,21:30,450,F,21:15,06:15,495,F|S,11,10,8,10,30,45,8,38.5,30,0.05,0,2.0.0,20261146
AZ-001,2026-11-27,history,-3,Freitag,5,48,0,0,,Auszubildende_r_3_Ausbildungsjahr,Auszubildende,AUSZUBILDEND,1.0,38.5,9240,9240,8316,10164,5,2,2,8,1,0,nicht anrechenbar,0,0.0,-9240,9,8,2,1,0,1469,1,,,,,,0,,0,,5,5,5,0,588,1,5,5,5,0,514,1,3,3,3,0,367,0,ST-ITS1,Intensivstation,12,Intensivmedizin,2.0,3.0,06:00,14:00,450,,13:30,21:30,450,F,21:15,06:15,495,F|S,11,10,8,10,30,45,8,38.5,30,0.05,0,2.0.0,20261146
AZ-002,2026-11-27,history,-3,Freitag,5,48,0,0,,Auszubildende_r_2_Ausbildungsjahr,Auszubildende,AUSZUBILDEND,1.0,38.5,9240,9240,8316,10164,5,2,2,8,1,0,nicht anrechenbar,0,0.0,-9240,9,8,2,1,0,1469,1,,,,,,0,,0,,5,5,5,0,588,1,5,5,5,0,514,1,3,3,3,0,367,0,ST-ITS1,Intensivstation,12,Intensivmedizin,2.0,3.0,06:00,14:00,450,,13:30,21:30,450,F,21:15,06:15,495,F|S,11,10,8,10,30,45,8,38.5,30,0.05,0,2.0.0,20261146
AZ-003,2026-11-27,history,-3,Freitag,5,48,0,0,,Auszubildende_r_1_Ausbildungsjahr,Auszubildende,AUSZUBILDEND,1.0,38.5,9240,9240,8316,10164,5,2,2,0,0,0,nicht anrechenbar,0,0.0,-9240,9,8,2,1,0,1469,1,,,,,,0,,0,,5,5,5,0,588,1,5,5,5,0,514,1,3,3,3,0,367,0,ST-ITS1,Intensivstation,12,Intensivmedizin,2.0,3.0,06:00,14:00,450,,13:30,21:30,450,F,21:15,06:15,495,F|S,11,10,8,10,30,45,8,38.5,30,0.05,0,2.0.0,20261146
PK-001,2026-11-27,history,-3,Freitag,5,48,0,0,,Stationsleitung,Pflegefachkraft,EXAM|LEITUNG|PRAXISANLEITUNG,1.0,38.5,9240,4620,4158,5082,5,2,2,0,0,1,Pflegefachkraft,1,0.5,5814,9,8,2,1,0,1469,1,,,,,F,0,,0,,5,5,5,0,588,1,5,5,5,0,514,1,3,3,3,0,367,0,ST-ITS1,Intensivstation,12,Intensivmedizin,2.0,3.0,06:00,14:00,450,,13:30,21:30,450,F,21:15,06:15,495,F|S,11,10,8,10,30,45,8,38.5,30,0.05,0,2.0.0,20261146
PK-002,2026-11-27,history,-3,Freitag,5,48,0,0,,Pflegefachkraft,Pflegefachkraft,EXAM|PRAXISANLEITUNG|KARDIO_MONITORING,1.0,38.5,9240,9240,8316,10164,5,2,2,8,1,1,Pflegefachkraft,0,0.0,-1815,9,8,2,1,0,1469,1,,,,,S,0,,0,,5,5,5,0,588,1,5,5,5,0,514,1,3,3,3,0,367,0,ST-ITS1,Intensivstation,12,Intensivmedizin,2.0,3.0,06:00,14:00,450,,13:30,21:30,450,F,21:15,06:15,495,F|S,11,10,8,10,30,45,8,38.5,30,0.05,0,2.0.0,20261146
PK-003,2026-11-27,history,-3,Freitag,5,48,0,0,,Pflegefachkraft,Pflegefachkraft,EXAM,1.0,38.5,9240,9240,8316,10164,5,2,2,8,1,1,Pflegefachkraft,0,0.0,-1815,9,8,2,1,0,1469,1,,,,,S,0,,0,,5,5,5,0,588,1,5,5,5,0,514,1,3,3,3,0,367,0,ST-ITS1,Intensivstation,12,Intensivmedizin,2.0,3.0,06:00,14:00,450,,13:30,21:30,450,F,21:15,06:15,495,F|S,11,10,8,10,30,45,8,38.5,30,0.05,0,2.0.0,20261146
PK-004,2026-11-27,history,-3,Freitag,5,48,0,0,,Pflegefachkraft,Pflegefachkraft,EXAM,1.0,38.5,9240,9240,8316,10164,5,2,2,8,1,1,Pflegefachkraft,0,0.0,-1995,9,8,2,1,0,1469,1,,,,,,0,,0,,5,5,5,0,588,1,5,5,5,0,514,1,3,3,3,0,367,0,ST-ITS1,Intensivstation,12,Intensivmedizin,2.0,3.0,06:00,14:00,450,,13:30,21:30,450,F,21:15,06:15,495,F|S,11,10,8,10,30,45,8,38.5,30,0.05,0,2.0.0,20261146
PK-005,2026-11-27,history,-3,Freitag,5,48,0,0,,Pflegefachkraft,Pflegefachkraft,EXAM,1.0,38.5,9240,9240,8316,10164,5,2,2,8,1,1,Pflegefachkraft,0,0.0,-1905,9,8,2,1,0,1469,1,,,,,F,0,,0,,5,5,5,0,588,1,5,5,5,0,514,1,3,3,3,0,367,0,ST-ITS1,Intensivstation,12,Intensivmedizin,2.0,3.0,06:00,14:00,450,,13:30,21:30,450,F,21:15,06:15,495,F|S,11,10,8,10,30,45,8,38.5,30,0.05,0,2.0.0,20261146
PK-006,2026-11-27,history,-3,Freitag,5,48,0,0,,Pflegefachkraft,Pflegefachkraft,EXAM|PRAXISANLEITUNG|KARDIO_MONITORING,1.0,38.5,9240,9240,8316,10164,5,2,2,8,1,1,Pflegefachkraft,0,0.0,-1905,9,8,2,1,0,1469,1,,,,,N,0,,0,,5,5,5,0,588,1,5,5,5,0,514,1,3,3,3,0,367,0,ST-ITS1,Intensivstation,12,Intensivmedizin,2.0,3.0,06:00,14:00,450,,13:30,21:30,450,F,21:15,06:15,495,F|S,11,10,8,10,30,45,8,38.5,30,0.05,0,2.0.0,20261146
PK-007,2026-11-27,history,-3,Freitag,5,48,0,0,,Pflegefachkraft,Pflegefachkraft,EXAM,1.0,38.5,9240,9240,8316,10164,5,2,2,8,1,1,Pflegefachkraft,0,0.0,1104,9,8,2,1,0,1469,1,,,,,N,0,,0,,5,5,5,0,588,1,5,5,5,0,514,1,3,3,3,0,367,0,ST-ITS1,Intensivstation,12,Intensivmedizin,2.0,3.0,06:00,14:00,450,,13:30,21:30,450,F,21:15,06:15,495,F|S,11,10,8,10,30,45,8,38.5,30,0.05,0,2.0.0,20261146
PK-008,2026-11-27,history,-3,Freitag,5,48,0,0,,Pflegefachkraft,Pflegefachkraft,EXAM|KARDIO_MONITORING,1.0,38.5,9240,9240,8316,10164,5,2,2,8,1,1,Pflegefachkraft,0,0.0,-2265,9,8,2,1,0,1469,1,,,,,,0,,0,,5,5,5,0,588,1,5,5,5,0,514,1,3,3,3,0,367,0,ST-ITS1,Intensivstation,12,Intensivmedizin,2.0,3.0,06:00,14:00,450,,13:30,21:30,450,F,21:15,06:15,495,F|S,11,10,8,10,30,45,8,38.5,30,0.05,0,2.0.0,20261146
PK-009,2026-11-27,history,-3,Freitag,5,48,0,0,,Pflegefachkraft,Pflegefachkraft,EXAM,1.0,38.5,9240,9240,8316,10164,5,2,2,8,1,1,Pflegefachkraft,0,0.0,-1995,9,8,2,1,0,1469,1,,,,,,0,,0,,5,5,5,0,588,1,5,5,5,0,514,1,3,3,3,0,367,0,ST-ITS1,Intensivstation,12,Intensivmedizin,2.0,3.0,06:00,14:00,450,,13:30,21:30,450,F,21:15,06:15,495,F|S,11,10,8,10,30,45,8,38.5,30,0.05,0,2.0.0,20261146
PK-010,2026-11-27,history,-3,Freitag,5,48,0,0,,Pflegefachkraft,Pflegefachkraft,EXAM|PRAXISANLEITUNG|KARDIO_MONITORING,0.6,23.1,5544,5544,4990,6098,5,2,2,8,1,1,Pflegefachkraft,0,0.0,-999,9,8,2,1,0,1469,1,,,,,,0,,0,,5,5,5,0,588,1,5,5,5,0,514,1,3,3,3,0,367,0,ST-ITS1,Intensivstation,12,Intensivmedizin,2.0,3.0,06:00,14:00,450,,13:30,21:30,450,F,21:15,06:15,495,F|S,11,10,8,10,30,45,8,38.5,30,0.05,0,2.0.0,20261146
PK-011,2026-11-27,history,-3,Freitag,5,48,0,0,,Pflegefachkraft,Pflegefachkraft,EXAM|KARDIO_MONITORING,0.5,19.25,4620,4620,4158,5082,5,2,2,8,1,1,Pflegefachkraft,0,0.0,-1020,9,8,2,1,0,1469,1,,,,,,0,,0,,5,5,5,0,588,1,5,5,5,0,514,1,3,3,3,0,367,0,ST-ITS1,Intensivstation,12,Intensivmedizin,2.0,3.0,06:00,14:00,450,,13:30,21:30,450,F,21:15,06:15,495,F|S,11,10,8,10,30,45,8,38.5,30,0.05,0,2.0.0,20261146
PK-012,2026-11-27,history,-3,Freitag,5,48,0,0,,Pflegefachkraft,Pflegefachkraft,EXAM|KARDIO_MONITORING,0.75,28.88,6931,6931,6238,7624,5,2,2,8,1,1,Pflegefachkraft,0,0.0,-1530,9,8,2,1,0,1469,1,,,,,S,0,,0,,5,5,5,0,588,1,5,5,5,0,514,1,3,3,3,0,367,0,ST-ITS1,Intensivstation,12,Intensivmedizin,2.0,3.0,06:00,14:00,450,,13:30,21:30,450,F,21:15,06:15,495,F|S,11,10,8,10,30,45,8,38.5,30,0.05,0,2.0.0,20261146
PK-013,2026-11-27,history,-3,Freitag,5,48,0,0,,Pflegefachkraft,Pflegefachkraft,EXAM|KARDIO_MONITORING,1.0,38.5,9240,9240,8316,10164,5,2,2,8,1,1,Pflegefachkraft,0,0.0,-1905,9,8,2,1,0,1469,1,,,,,N,0,,0,,5,5,5,0,588,1,5,5,5,0,514,1,3,3,3,0,367,0,ST-ITS1,Intensivstation,12,Intensivmedizin,2.0,3.0,06:00,14:00,450,,13:30,21:30,450,F,21:15,06:15,495,F|S,11,10,8,10,30,45,8,38.5,30,0.05,0,2.0.0,20261146
PK-014,2026-11-27,history,-3,Freitag,5,48,0,0,,Pflegefachkraft,Pflegefachkraft,EXAM,1.0,38.5,9240,9240,8316,10164,5,2,2,8,1,1,Pflegefachkraft,0,0.0,-1680,9,8,2,1,0,1469,1,,,,,S,0,,0,,5,5,5,0,588,1,5,5,5,0,514,1,3,3,3,0,367,0,ST-ITS1,Intensivstation,12,Intensivmedizin,2.0,3.0,06:00,14:00,450,,13:30,21:30,450,F,21:15,06:15,495,F|S,11,10,8,10,30,45,8,38.5,30,0.05,0,2.0.0,20261146
PK-015,2026-11-27,history,-3,Freitag,5,48,0,0,,Pflegefachkraft,Pflegefachkraft,EXAM|KARDIO_MONITORING,0.5,19.25,4620,4620,4158,5082,5,2,2,8,1,1,Pflegefachkraft,0,0.0,-930,9,8,2,1,0,1469,1,,,,,F,0,,0,,5,5,5,0,588,1,5,5,5,0,514,1,3,3,3,0,367,0,ST-ITS1,Intensivstation,12,Intensivmedizin,2.0,3.0,06:00,14:00,450,,13:30,21:30,450,F,21:15,06:15,495,F|S,11,10,8,10,30,45,8,38.5,30,0.05,0,2.0.0,20261146
PK-016,2026-11-27,history,-3,Freitag,5,48,0,0,,Pflegefachkraft,Pflegefachkraft,EXAM,0.9,34.65,8316,8316,7484,9148,5,2,2,8,1,1,Pflegefachkraft,0,0.0,1255,9,8,2,1,0,1469,1,,,,,F,0,,0,,5,5,5,0,588,1,5,5,5,0,514,1,3,3,3,0,367,0,ST-ITS1,Intensivstation,12,Intensivmedizin,2.0,3.0,06:00,14:00,450,,13:30,21:30,450,F,21:15,06:15,495,F|S,11,10,8,10,30,45,8,38.5,30,0.05,0,2.0.0,20261146
PK-017,2026-11-27,history,-3,Freitag,5,48,0,0,,Pflegefachkraft,Pflegefachkraft,EXAM|KARDIO_MONITORING,1.0,38.5,9240,9240,8316,10164,5,2,2,8,1,1,Pflegefachkraft,0,0.0,-1680,9,8,2,1,0,1469,1,,,,,,0,,0,,5,5,5,0,588,1,5,5,5,0,514,1,3,3,3,0,367,0,ST-ITS1,Intensivstation,12,Intensivmedizin,2.0,3.0,06:00,14:00,450,,13:30,21:30,450,F,21:15,06:15,495,F|S,11,10,8,10,30,45,8,38.5,30,0.05,0,2.0.0,20261146
PK-018,2026-11-27,history,-3,Freitag,5,48,0,0,,Pflegefachkraft,Pflegefachkraft,EXAM|PRAXISANLEITUNG,0.6,23.1,5544,5544,4990,6098,5,2,2,8,1,1,Pflegefachkraft,0,0.0,-909,9,8,2,1,0,1469,1,,,,,,0,,0,,5,5,5,0,588,1,5,5,5,0,514,1,3,3,3,0,367,0,ST-ITS1,Intensivstation,12,Intensivmedizin,2.0,3.0,06:00,14:00,450,,13:30,21:30,450,F,21:15,06:15,495,F|S,11,10,8,10,30,45,8,38.5,30,0.05,0,2.0.0,20261146
PK-019,2026-11-27,history,-3,Freitag,5,48,0,0,,Pflegefachkraft,Pflegefachkraft,EXAM,0.6,23.1,5544,5544,4990,6098,5,2,2,8,1,1,Pflegefachkraft,0,0.0,-954,9,8,2,1,0,1469,1,,,,,,0,,0,,5,5,5,0,588,1,5,5,5,0,514,1,3,3,3,0,367,0,ST-ITS1,Intensivstation,12,Intensivmedizin,2.0,3.0,06:00,14:00,450,,13:30,21:30,450,F,21:15,06:15,495,F|S,11,10,8,10,30,45,8,38.5,30,0.05,0,2.0.0,20261146
PK-020,2026-11-27,history,-3,Freitag,5,48,0,0,,Pflegefachkraft,Pflegefachkraft,EXAM|PRAXISANLEITUNG,0.8,30.8,7392,7392,6653,8131,5,2,2,8,1,1,Pflegefachkraft,0,0.0,-1497,9,8,2,1,0,1469,1,,,,,,0,,0,,5,5,5,0,588,1,5,5,5,0,514,1,3,3,3,0,367,0,ST-ITS1,Intensivstation,12,Intensivmedizin,2.0,3.0,06:00,14:00,450,,13:30,21:30,450,F,21:15,06:15,495,F|S,11,10,8,10,30,45,8,38.5,30,0.05,0,2.0.0,20261146
PK-021,2026-11-27,history,-3,Freitag,5,48,0,0,,Pflegefachkraft,Pflegefachkraft,EXAM|PRAXISANLEITUNG,0.5,19.25,4620,4620,4158,5082,5,2,2,8,1,1,Pflegefachkraft,0,0.0,-975,9,8,2,1,0,1469,1,,,,,F,0,,0,,5,5,5,0,588,1,5,5,5,0,514,1,3,3,3,0,367,0,ST-ITS1,Intensivstation,12,Intensivmedizin,2.0,3.0,06:00,14:00,450,,13:30,21:30,450,F,21:15,06:15,495,F|S,11,10,8,10,30,45,8,38.5,30,0.05,0,2.0.0,20261146
PK-022,2026-11-27,history,-3,Freitag,5,48,0,0,,Pflegefachkraft,Pflegefachkraft,EXAM,0.7,26.95,6468,6468,5821,7115,5,2,2,8,1,1,Pflegefachkraft,0,0.0,-1473,9,8,2,1,0,1469,1,,,,,S,0,,0,,5,5,5,0,588,1,5,5,5,0,514,1,3,3,3,0,367,0,ST-ITS1,Intensivstation,12,Intensivmedizin,2.0,3.0,06:00,14:00,450,,13:30,21:30,450,F,21:15,06:15,495,F|S,11,10,8,10,30,45,8,38.5,30,0.05,0,2.0.0,20261146
PK-023,2026-11-27,history,-3,Freitag,5,48,0,0,,Pflegefachkraft,Pflegefachkraft,EXAM,1.0,38.5,9240,9240,8316,10164,5,2,2,8,1,1,Pflegefachkraft,0,0.0,-2040,9,8,2,1,0,1469,1,,,,,,0,,0,,5,5,5,0,588,1,5,5,5,0,514,1,3,3,3,0,367,0,ST-ITS1,Intensivstation,12,Intensivmedizin,2.0,3.0,06:00,14:00,450,,13:30,21:30,450,F,21:15,06:15,495,F|S,11,10,8,10,30,45,8,38.5,30,0.05,0,2.0.0,20261146
PK-024,2026-11-27,history,-3,Freitag,5,48,0,0,,Pflegefachkraft,Pflegefachkraft,EXAM|PRAXISANLEITUNG,1.0,38.5,9240,9240,8316,10164,5,2,2,8,1,1,Pflegefachkraft,0,0.0,-2310,9,8,2,1,0,1469,1,,,,,,0,,0,,5,5,5,0,588,1,5,5,5,0,514,1,3,3,3,0,367,0,ST-ITS1,Intensivstation,12,Intensivmedizin,2.0,3.0,06:00,14:00,450,,13:30,21:30,450,F,21:15,06:15,495,F|S,11,10,8,10,30,45,8,38.5,30,0.05,0,2.0.0,20261146
PK-025,2026-11-27,history,-3,Freitag,5,48,0,0,,Pflegefachkraft,Pflegefachkraft,EXAM,1.0,38.5,9240,9240,8316,10164,5,2,2,8,1,1,Pflegefachkraft,0,0.0,-1680,9,8,2,1,0,1469,1,,,,,,0,,0,,5,5,5,0,588,1,5,5,5,0,514,1,3,3,3,0,367,0,ST-ITS1,Intensivstation,12,Intensivmedizin,2.0,3.0,06:00,14:00,450,,13:30,21:30,450,F,21:15,06:15,495,F|S,11,10,8,10,30,45,8,38.5,30,0.05,0,2.0.0,20261146
AZ-001,2026-11-28,history,-2,Samstag,6,48,1,0,,Auszubildende_r_3_Ausbildungsjahr,Auszubildende,AUSZUBILDEND,1.0,38.5,9240,9240,8316,10164,5,2,2,8,1,0,nicht anrechenbar,0,0.0,-9240,8,7,0,0,0,1293,1,,,,,,0,,0,,4,4,4,0,517,1,4,4,4,0,453,1,3,3,3,0,323,0,ST-ITS1,Intensivstation,12,Intensivmedizin,2.0,3.0,06:00,14:00,450,,13:30,21:30,450,F,21:15,06:15,495,F|S,11,10,8,10,30,45,8,38.5,30,0.05,0,2.0.0,20261146
AZ-002,2026-11-28,history,-2,Samstag,6,48,1,0,,Auszubildende_r_2_Ausbildungsjahr,Auszubildende,AUSZUBILDEND,1.0,38.5,9240,9240,8316,10164,5,2,2,8,1,0,nicht anrechenbar,0,0.0,-9240,8,7,0,0,0,1293,1,,,,,,0,,0,,4,4,4,0,517,1,4,4,4,0,453,1,3,3,3,0,323,0,ST-ITS1,Intensivstation,12,Intensivmedizin,2.0,3.0,06:00,14:00,450,,13:30,21:30,450,F,21:15,06:15,495,F|S,11,10,8,10,30,45,8,38.5,30,0.05,0,2.0.0,20261146
AZ-003,2026-11-28,history,-2,Samstag,6,48,1,0,,Auszubildende_r_1_Ausbildungsjahr,Auszubildende,AUSZUBILDEND,1.0,38.5,9240,9240,8316,10164,5,2,2,0,0,0,nicht anrechenbar,0,0.0,-9240,8,7,0,0,0,1293,1,,,,,,0,,0,,4,4,4,0,517,1,4,4,4,0,453,1,3,3,3,0,323,0,ST-ITS1,Intensivstation,12,Intensivmedizin,2.0,3.0,06:00,14:00,450,,13:30,21:30,450,F,21:15,06:15,495,F|S,11,10,8,10,30,45,8,38.5,30,0.05,0,2.0.0,20261146
PK-001,2026-11-28,history,-2,Samstag,6,48,1,0,,Stationsleitung,Pflegefachkraft,EXAM|LEITUNG|PRAXISANLEITUNG,1.0,38.5,9240,4620,4158,5082,5,2,2,0,0,1,Pflegefachkraft,1,0.5,5814,8,7,0,0,0,1293,1,,,,,F,0,,0,,4,4,4,0,517,1,4,4,4,0,453,1,3,3,3,0,323,0,ST-ITS1,Intensivstation,12,Intensivmedizin,2.0,3.0,06:00,14:00,450,,13:30,21:30,450,F,21:15,06:15,495,F|S,11,10,8,10,30,45,8,38.5,30,0.05,0,2.0.0,20261146
PK-002,2026-11-28,history,-2,Samstag,6,48,1,0,,Pflegefachkraft,Pflegefachkraft,EXAM|PRAXISANLEITUNG|KARDIO_MONITORING,1.0,38.5,9240,9240,8316,10164,5,2,2,8,1,1,Pflegefachkraft,0,0.0,-1815,8,7,0,0,0,1293,1,,,,,,0,,0,,4,4,4,0,517,1,4,4,4,0,453,1,3,3,3,0,323,0,ST-ITS1,Intensivstation,12,Intensivmedizin,2.0,3.0,06:00,14:00,450,,13:30,21:30,450,F,21:15,06:15,495,F|S,11,10,8,10,30,45,8,38.5,30,0.05,0,2.0.0,20261146
PK-003,2026-11-28,history,-2,Samstag,6,48,1,0,,Pflegefachkraft,Pflegefachkraft,EXAM,1.0,38.5,9240,9240,8316,10164,5,2,2,8,1,1,Pflegefachkraft,0,0.0,-1815,8,7,0,0,0,1293,1,,,,,,0,,0,,4,4,4,0,517,1,4,4,4,0,453,1,3,3,3,0,323,0,ST-ITS1,Intensivstation,12,Intensivmedizin,2.0,3.0,06:00,14:00,450,,13:30,21:30,450,F,21:15,06:15,495,F|S,11,10,8,10,30,45,8,38.5,30,0.05,0,2.0.0,20261146
PK-004,2026-11-28,history,-2,Samstag,6,48,1,0,,Pflegefachkraft,Pflegefachkraft,EXAM,1.0,38.5,9240,9240,8316,10164,5,2,2,8,1,1,Pflegefachkraft,0,0.0,-1995,8,7,0,0,0,1293,1,,,,,S,0,,0,,4,4,4,0,517,1,4,4,4,0,453,1,3,3,3,0,323,0,ST-ITS1,Intensivstation,12,Intensivmedizin,2.0,3.0,06:00,14:00,450,,13:30,21:30,450,F,21:15,06:15,495,F|S,11,10,8,10,30,45,8,38.5,30,0.05,0,2.0.0,20261146
PK-005,2026-11-28,history,-2,Samstag,6,48,1,0,,Pflegefachkraft,Pflegefachkraft,EXAM,1.0,38.5,9240,9240,8316,10164,5,2,2,8,1,1,Pflegefachkraft,0,0.0,-1905,8,7,0,0,0,1293,1,,,,,S,0,,0,,4,4,4,0,517,1,4,4,4,0,453,1,3,3,3,0,323,0,ST-ITS1,Intensivstation,12,Intensivmedizin,2.0,3.0,06:00,14:00,450,,13:30,21:30,450,F,21:15,06:15,495,F|S,11,10,8,10,30,45,8,38.5,30,0.05,0,2.0.0,20261146
PK-006,2026-11-28,history,-2,Samstag,6,48,1,0,,Pflegefachkraft,Pflegefachkraft,EXAM|PRAXISANLEITUNG|KARDIO_MONITORING,1.0,38.5,9240,9240,8316,10164,5,2,2,8,1,1,Pflegefachkraft,0,0.0,-1905,8,7,0,0,0,1293,1,,,,,,0,,0,,4,4,4,0,517,1,4,4,4,0,453,1,3,3,3,0,323,0,ST-ITS1,Intensivstation,12,Intensivmedizin,2.0,3.0,06:00,14:00,450,,13:30,21:30,450,F,21:15,06:15,495,F|S,11,10,8,10,30,45,8,38.5,30,0.05,0,2.0.0,20261146
PK-007,2026-11-28,history,-2,Samstag,6,48,1,0,,Pflegefachkraft,Pflegefachkraft,EXAM,1.0,38.5,9240,9240,8316,10164,5,2,2,8,1,1,Pflegefachkraft,0,0.0,1104,8,7,0,0,0,1293,1,,,,,,0,,0,,4,4,4,0,517,1,4,4,4,0,453,1,3,3,3,0,323,0,ST-ITS1,Intensivstation,12,Intensivmedizin,2.0,3.0,06:00,14:00,450,,13:30,21:30,450,F,21:15,06:15,495,F|S,11,10,8,10,30,45,8,38.5,30,0.05,0,2.0.0,20261146
PK-008,2026-11-28,history,-2,Samstag,6,48,1,0,,Pflegefachkraft,Pflegefachkraft,EXAM|KARDIO_MONITORING,1.0,38.5,9240,9240,8316,10164,5,2,2,8,1,1,Pflegefachkraft,0,0.0,-2265,8,7,0,0,0,1293,1,,,,,N,0,,0,,4,4,4,0,517,1,4,4,4,0,453,1,3,3,3,0,323,0,ST-ITS1,Intensivstation,12,Intensivmedizin,2.0,3.0,06:00,14:00,450,,13:30,21:30,450,F,21:15,06:15,495,F|S,11,10,8,10,30,45,8,38.5,30,0.05,0,2.0.0,20261146
PK-009,2026-11-28,history,-2,Samstag,6,48,1,0,,Pflegefachkraft,Pflegefachkraft,EXAM,1.0,38.5,9240,9240,8316,10164,5,2,2,8,1,1,Pflegefachkraft,0,0.0,-1995,8,7,0,0,0,1293,1,,,,,S,0,,0,,4,4,4,0,517,1,4,4,4,0,453,1,3,3,3,0,323,0,ST-ITS1,Intensivstation,12,Intensivmedizin,2.0,3.0,06:00,14:00,450,,13:30,21:30,450,F,21:15,06:15,495,F|S,11,10,8,10,30,45,8,38.5,30,0.05,0,2.0.0,20261146
PK-010,2026-11-28,history,-2,Samstag,6,48,1,0,,Pflegefachkraft,Pflegefachkraft,EXAM|PRAXISANLEITUNG|KARDIO_MONITORING,0.6,23.1,5544,5544,4990,6098,5,2,2,8,1,1,Pflegefachkraft,0,0.0,-999,8,7,0,0,0,1293,1,,,,,N,0,,0,,4,4,4,0,517,1,4,4,4,0,453,1,3,3,3,0,323,0,ST-ITS1,Intensivstation,12,Intensivmedizin,2.0,3.0,06:00,14:00,450,,13:30,21:30,450,F,21:15,06:15,495,F|S,11,10,8,10,30,45,8,38.5,30,0.05,0,2.0.0,20261146
PK-011,2026-11-28,history,-2,Samstag,6,48,1,0,,Pflegefachkraft,Pflegefachkraft,EXAM|KARDIO_MONITORING,0.5,19.25,4620,4620,4158,5082,5,2,2,8,1,1,Pflegefachkraft,0,0.0,-1020,8,7,0,0,0,1293,1,,,,,,0,,0,,4,4,4,0,517,1,4,4,4,0,453,1,3,3,3,0,323,0,ST-ITS1,Intensivstation,12,Intensivmedizin,2.0,3.0,06:00,14:00,450,,13:30,21:30,450,F,21:15,06:15,495,F|S,11,10,8,10,30,45,8,38.5,30,0.05,0,2.0.0,20261146
PK-012,2026-11-28,history,-2,Samstag,6,48,1,0,,Pflegefachkraft,Pflegefachkraft,EXAM|KARDIO_MONITORING,0.75,28.88,6931,6931,6238,7624,5,2,2,8,1,1,Pflegefachkraft,0,0.0,-1530,8,7,0,0,0,1293,1,,,,,,0,,0,,4,4,4,0,517,1,4,4,4,0,453,1,3,3,3,0,323,0,ST-ITS1,Intensivstation,12,Intensivmedizin,2.0,3.0,06:00,14:00,450,,13:30,21:30,450,F,21:15,06:15,495,F|S,11,10,8,10,30,45,8,38.5,30,0.05,0,2.0.0,20261146
PK-013,2026-11-28,history,-2,Samstag,6,48,1,0,,Pflegefachkraft,Pflegefachkraft,EXAM|KARDIO_MONITORING,1.0,38.5,9240,9240,8316,10164,5,2,2,8,1,1,Pflegefachkraft,0,0.0,-1905,8,7,0,0,0,1293,1,,,,,,0,,0,,4,4,4,0,517,1,4,4,4,0,453,1,3,3,3,0,323,0,ST-ITS1,Intensivstation,12,Intensivmedizin,2.0,3.0,06:00,14:00,450,,13:30,21:30,450,F,21:15,06:15,495,F|S,11,10,8,10,30,45,8,38.5,30,0.05,0,2.0.0,20261146
PK-014,2026-11-28,history,-2,Samstag,6,48,1,0,,Pflegefachkraft,Pflegefachkraft,EXAM,1.0,38.5,9240,9240,8316,10164,5,2,2,8,1,1,Pflegefachkraft,0,0.0,-1680,8,7,0,0,0,1293,1,,,,,,0,,0,,4,4,4,0,517,1,4,4,4,0,453,1,3,3,3,0,323,0,ST-ITS1,Intensivstation,12,Intensivmedizin,2.0,3.0,06:00,14:00,450,,13:30,21:30,450,F,21:15,06:15,495,F|S,11,10,8,10,30,45,8,38.5,30,0.05,0,2.0.0,20261146
PK-015,2026-11-28,history,-2,Samstag,6,48,1,0,,Pflegefachkraft,Pflegefachkraft,EXAM|KARDIO_MONITORING,0.5,19.25,4620,4620,4158,5082,5,2,2,8,1,1,Pflegefachkraft,0,0.0,-930,8,7,0,0,0,1293,1,,,,,,0,,0,,4,4,4,0,517,1,4,4,4,0,453,1,3,3,3,0,323,0,ST-ITS1,Intensivstation,12,Intensivmedizin,2.0,3.0,06:00,14:00,450,,13:30,21:30,450,F,21:15,06:15,495,F|S,11,10,8,10,30,45,8,38.5,30,0.05,0,2.0.0,20261146
PK-016,2026-11-28,history,-2,Samstag,6,48,1,0,,Pflegefachkraft,Pflegefachkraft,EXAM,0.9,34.65,8316,8316,7484,9148,5,2,2,8,1,1,Pflegefachkraft,0,0.0,1255,8,7,0,0,0,1293,1,,,,,,0,,0,,4,4,4,0,517,1,4,4,4,0,453,1,3,3,3,0,323,0,ST-ITS1,Intensivstation,12,Intensivmedizin,2.0,3.0,06:00,14:00,450,,13:30,21:30,450,F,21:15,06:15,495,F|S,11,10,8,10,30,45,8,38.5,30,0.05,0,2.0.0,20261146
PK-017,2026-11-28,history,-2,Samstag,6,48,1,0,,Pflegefachkraft,Pflegefachkraft,EXAM|KARDIO_MONITORING,1.0,38.5,9240,9240,8316,10164,5,2,2,8,1,1,Pflegefachkraft,0,0.0,-1680,8,7,0,0,0,1293,1,,,,,F,0,,0,,4,4,4,0,517,1,4,4,4,0,453,1,3,3,3,0,323,0,ST-ITS1,Intensivstation,12,Intensivmedizin,2.0,3.0,06:00,14:00,450,,13:30,21:30,450,F,21:15,06:15,495,F|S,11,10,8,10,30,45,8,38.5,30,0.05,0,2.0.0,20261146
PK-018,2026-11-28,history,-2,Samstag,6,48,1,0,,Pflegefachkraft,Pflegefachkraft,EXAM|PRAXISANLEITUNG,0.6,23.1,5544,5544,4990,6098,5,2,2,8,1,1,Pflegefachkraft,0,0.0,-909,8,7,0,0,0,1293,1,,,,,,0,,0,,4,4,4,0,517,1,4,4,4,0,453,1,3,3,3,0,323,0,ST-ITS1,Intensivstation,12,Intensivmedizin,2.0,3.0,06:00,14:00,450,,13:30,21:30,450,F,21:15,06:15,495,F|S,11,10,8,10,30,45,8,38.5,30,0.05,0,2.0.0,20261146
PK-019,2026-11-28,history,-2,Samstag,6,48,1,0,,Pflegefachkraft,Pflegefachkraft,EXAM,0.6,23.1,5544,5544,4990,6098,5,2,2,8,1,1,Pflegefachkraft,0,0.0,-954,8,7,0,0,0,1293,1,,,,,,0,,0,,4,4,4,0,517,1,4,4,4,0,453,1,3,3,3,0,323,0,ST-ITS1,Intensivstation,12,Intensivmedizin,2.0,3.0,06:00,14:00,450,,13:30,21:30,450,F,21:15,06:15,495,F|S,11,10,8,10,30,45,8,38.5,30,0.05,0,2.0.0,20261146
PK-020,2026-11-28,history,-2,Samstag,6,48,1,0,,Pflegefachkraft,Pflegefachkraft,EXAM|PRAXISANLEITUNG,0.8,30.8,7392,7392,6653,8131,5,2,2,8,1,1,Pflegefachkraft,0,0.0,-1497,8,7,0,0,0,1293,1,,,,,S,0,,0,,4,4,4,0,517,1,4,4,4,0,453,1,3,3,3,0,323,0,ST-ITS1,Intensivstation,12,Intensivmedizin,2.0,3.0,06:00,14:00,450,,13:30,21:30,450,F,21:15,06:15,495,F|S,11,10,8,10,30,45,8,38.5,30,0.05,0,2.0.0,20261146
PK-021,2026-11-28,history,-2,Samstag,6,48,1,0,,Pflegefachkraft,Pflegefachkraft,EXAM|PRAXISANLEITUNG,0.5,19.25,4620,4620,4158,5082,5,2,2,8,1,1,Pflegefachkraft,0,0.0,-975,8,7,0,0,0,1293,1,,,,,,0,,0,,4,4,4,0,517,1,4,4,4,0,453,1,3,3,3,0,323,0,ST-ITS1,Intensivstation,12,Intensivmedizin,2.0,3.0,06:00,14:00,450,,13:30,21:30,450,F,21:15,06:15,495,F|S,11,10,8,10,30,45,8,38.5,30,0.05,0,2.0.0,20261146
PK-022,2026-11-28,history,-2,Samstag,6,48,1,0,,Pflegefachkraft,Pflegefachkraft,EXAM,0.7,26.95,6468,6468,5821,7115,5,2,2,8,1,1,Pflegefachkraft,0,0.0,-1473,8,7,0,0,0,1293,1,,,,,,0,,0,,4,4,4,0,517,1,4,4,4,0,453,1,3,3,3,0,323,0,ST-ITS1,Intensivstation,12,Intensivmedizin,2.0,3.0,06:00,14:00,450,,13:30,21:30,450,F,21:15,06:15,495,F|S,11,10,8,10,30,45,8,38.5,30,0.05,0,2.0.0,20261146
PK-023,2026-11-28,history,-2,Samstag,6,48,1,0,,Pflegefachkraft,Pflegefachkraft,EXAM,1.0,38.5,9240,9240,8316,10164,5,2,2,8,1,1,Pflegefachkraft,0,0.0,-2040,8,7,0,0,0,1293,1,,,,,F,0,,0,,4,4,4,0,517,1,4,4,4,0,453,1,3,3,3,0,323,0,ST-ITS1,Intensivstation,12,Intensivmedizin,2.0,3.0,06:00,14:00,450,,13:30,21:30,450,F,21:15,06:15,495,F|S,11,10,8,10,30,45,8,38.5,30,0.05,0,2.0.0,20261146
PK-024,2026-11-28,history,-2,Samstag,6,48,1,0,,Pflegefachkraft,Pflegefachkraft,EXAM|PRAXISANLEITUNG,1.0,38.5,9240,9240,8316,10164,5,2,2,8,1,1,Pflegefachkraft,0,0.0,-2310,8,7,0,0,0,1293,1,,,,,N,0,,0,,4,4,4,0,517,1,4,4,4,0,453,1,3,3,3,0,323,0,ST-ITS1,Intensivstation,12,Intensivmedizin,2.0,3.0,06:00,14:00,450,,13:30,21:30,450,F,21:15,06:15,495,F|S,11,10,8,10,30,45,8,38.5,30,0.05,0,2.0.0,20261146
PK-025,2026-11-28,history,-2,Samstag,6,48,1,0,,Pflegefachkraft,Pflegefachkraft,EXAM,1.0,38.5,9240,9240,8316,10164,5,2,2,8,1,1,Pflegefachkraft,0,0.0,-1680,8,7,0,0,0,1293,1,,,,,F,0,,0,,4,4,4,0,517,1,4,4,4,0,453,1,3,3,3,0,323,0,ST-ITS1,Intensivstation,12,Intensivmedizin,2.0,3.0,06:00,14:00,450,,13:30,21:30,450,F,21:15,06:15,495,F|S,11,10,8,10,30,45,8,38.5,30,0.05,0,2.0.0,20261146
AZ-001,2026-11-29,history,-1,Sonntag,7,48,1,0,,Auszubildende_r_3_Ausbildungsjahr,Auszubildende,AUSZUBILDEND,1.0,38.5,9240,9240,8316,10164,5,2,2,8,1,0,nicht anrechenbar,0,0.0,-9240,8,8,1,1,1,1618,1,,,,,,0,,0,,4,4,4,0,647,1,4,4,4,0,566,1,3,3,3,0,404,0,ST-ITS1,Intensivstation,12,Intensivmedizin,2.0,3.0,06:00,14:00,450,,13:30,21:30,450,F,21:15,06:15,495,F|S,11,10,8,10,30,45,8,38.5,30,0.05,0,2.0.0,20261146
AZ-002,2026-11-29,history,-1,Sonntag,7,48,1,0,,Auszubildende_r_2_Ausbildungsjahr,Auszubildende,AUSZUBILDEND,1.0,38.5,9240,9240,8316,10164,5,2,2,8,1,0,nicht anrechenbar,0,0.0,-9240,8,8,1,1,1,1618,1,,,,,,0,,0,,4,4,4,0,647,1,4,4,4,0,566,1,3,3,3,0,404,0,ST-ITS1,Intensivstation,12,Intensivmedizin,2.0,3.0,06:00,14:00,450,,13:30,21:30,450,F,21:15,06:15,495,F|S,11,10,8,10,30,45,8,38.5,30,0.05,0,2.0.0,20261146
AZ-003,2026-11-29,history,-1,Sonntag,7,48,1,0,,Auszubildende_r_1_Ausbildungsjahr,Auszubildende,AUSZUBILDEND,1.0,38.5,9240,9240,8316,10164,5,2,2,0,0,0,nicht anrechenbar,0,0.0,-9240,8,8,1,1,1,1618,1,,,,,,0,,0,,4,4,4,0,647,1,4,4,4,0,566,1,3,3,3,0,404,0,ST-ITS1,Intensivstation,12,Intensivmedizin,2.0,3.0,06:00,14:00,450,,13:30,21:30,450,F,21:15,06:15,495,F|S,11,10,8,10,30,45,8,38.5,30,0.05,0,2.0.0,20261146
PK-001,2026-11-29,history,-1,Sonntag,7,48,1,0,,Stationsleitung,Pflegefachkraft,EXAM|LEITUNG|PRAXISANLEITUNG,1.0,38.5,9240,4620,4158,5082,5,2,2,0,0,1,Pflegefachkraft,1,0.5,5814,8,8,1,1,1,1618,1,,,,,,0,,0,,4,4,4,0,647,1,4,4,4,0,566,1,3,3,3,0,404,0,ST-ITS1,Intensivstation,12,Intensivmedizin,2.0,3.0,06:00,14:00,450,,13:30,21:30,450,F,21:15,06:15,495,F|S,11,10,8,10,30,45,8,38.5,30,0.05,0,2.0.0,20261146
PK-002,2026-11-29,history,-1,Sonntag,7,48,1,0,,Pflegefachkraft,Pflegefachkraft,EXAM|PRAXISANLEITUNG|KARDIO_MONITORING,1.0,38.5,9240,9240,8316,10164,5,2,2,8,1,1,Pflegefachkraft,0,0.0,-1815,8,8,1,1,1,1618,1,,,,,F,0,,0,,4,4,4,0,647,1,4,4,4,0,566,1,3,3,3,0,404,0,ST-ITS1,Intensivstation,12,Intensivmedizin,2.0,3.0,06:00,14:00,450,,13:30,21:30,450,F,21:15,06:15,495,F|S,11,10,8,10,30,45,8,38.5,30,0.05,0,2.0.0,20261146
PK-003,2026-11-29,history,-1,Sonntag,7,48,1,0,,Pflegefachkraft,Pflegefachkraft,EXAM,1.0,38.5,9240,9240,8316,10164,5,2,2,8,1,1,Pflegefachkraft,0,0.0,-1815,8,8,1,1,1,1618,1,,,,,S,0,,0,,4,4,4,0,647,1,4,4,4,0,566,1,3,3,3,0,404,0,ST-ITS1,Intensivstation,12,Intensivmedizin,2.0,3.0,06:00,14:00,450,,13:30,21:30,450,F,21:15,06:15,495,F|S,11,10,8,10,30,45,8,38.5,30,0.05,0,2.0.0,20261146
PK-004,2026-11-29,history,-1,Sonntag,7,48,1,0,,Pflegefachkraft,Pflegefachkraft,EXAM,1.0,38.5,9240,9240,8316,10164,5,2,2,8,1,1,Pflegefachkraft,0,0.0,-1995,8,8,1,1,1,1618,1,,,,,,0,,0,,4,4,4,0,647,1,4,4,4,0,566,1,3,3,3,0,404,0,ST-ITS1,Intensivstation,12,Intensivmedizin,2.0,3.0,06:00,14:00,450,,13:30,21:30,450,F,21:15,06:15,495,F|S,11,10,8,10,30,45,8,38.5,30,0.05,0,2.0.0,20261146
PK-005,2026-11-29,history,-1,Sonntag,7,48,1,0,,Pflegefachkraft,Pflegefachkraft,EXAM,1.0,38.5,9240,9240,8316,10164,5,2,2,8,1,1,Pflegefachkraft,0,0.0,-1905,8,8,1,1,1,1618,1,,,,,,0,,0,,4,4,4,0,647,1,4,4,4,0,566,1,3,3,3,0,404,0,ST-ITS1,Intensivstation,12,Intensivmedizin,2.0,3.0,06:00,14:00,450,,13:30,21:30,450,F,21:15,06:15,495,F|S,11,10,8,10,30,45,8,38.5,30,0.05,0,2.0.0,20261146
PK-006,2026-11-29,history,-1,Sonntag,7,48,1,0,,Pflegefachkraft,Pflegefachkraft,EXAM|PRAXISANLEITUNG|KARDIO_MONITORING,1.0,38.5,9240,9240,8316,10164,5,2,2,8,1,1,Pflegefachkraft,0,0.0,-1905,8,8,1,1,1,1618,1,,,,,N,0,,0,,4,4,4,0,647,1,4,4,4,0,566,1,3,3,3,0,404,0,ST-ITS1,Intensivstation,12,Intensivmedizin,2.0,3.0,06:00,14:00,450,,13:30,21:30,450,F,21:15,06:15,495,F|S,11,10,8,10,30,45,8,38.5,30,0.05,0,2.0.0,20261146
PK-007,2026-11-29,history,-1,Sonntag,7,48,1,0,,Pflegefachkraft,Pflegefachkraft,EXAM,1.0,38.5,9240,9240,8316,10164,5,2,2,8,1,1,Pflegefachkraft,0,0.0,1104,8,8,1,1,1,1618,1,,,,,F,0,,0,,4,4,4,0,647,1,4,4,4,0,566,1,3,3,3,0,404,0,ST-ITS1,Intensivstation,12,Intensivmedizin,2.0,3.0,06:00,14:00,450,,13:30,21:30,450,F,21:15,06:15,495,F|S,11,10,8,10,30,45,8,38.5,30,0.05,0,2.0.0,20261146
PK-008,2026-11-29,history,-1,Sonntag,7,48,1,0,,Pflegefachkraft,Pflegefachkraft,EXAM|KARDIO_MONITORING,1.0,38.5,9240,9240,8316,10164,5,2,2,8,1,1,Pflegefachkraft,0,0.0,-2265,8,8,1,1,1,1618,1,,,,,,0,,0,,4,4,4,0,647,1,4,4,4,0,566,1,3,3,3,0,404,0,ST-ITS1,Intensivstation,12,Intensivmedizin,2.0,3.0,06:00,14:00,450,,13:30,21:30,450,F,21:15,06:15,495,F|S,11,10,8,10,30,45,8,38.5,30,0.05,0,2.0.0,20261146
PK-009,2026-11-29,history,-1,Sonntag,7,48,1,0,,Pflegefachkraft,Pflegefachkraft,EXAM,1.0,38.5,9240,9240,8316,10164,5,2,2,8,1,1,Pflegefachkraft,0,0.0,-1995,8,8,1,1,1,1618,1,,,,,,0,,0,,4,4,4,0,647,1,4,4,4,0,566,1,3,3,3,0,404,0,ST-ITS1,Intensivstation,12,Intensivmedizin,2.0,3.0,06:00,14:00,450,,13:30,21:30,450,F,21:15,06:15,495,F|S,11,10,8,10,30,45,8,38.5,30,0.05,0,2.0.0,20261146
PK-010,2026-11-29,history,-1,Sonntag,7,48,1,0,,Pflegefachkraft,Pflegefachkraft,EXAM|PRAXISANLEITUNG|KARDIO_MONITORING,0.6,23.1,5544,5544,4990,6098,5,2,2,8,1,1,Pflegefachkraft,0,0.0,-999,8,8,1,1,1,1618,1,,,,,,0,,0,,4,4,4,0,647,1,4,4,4,0,566,1,3,3,3,0,404,0,ST-ITS1,Intensivstation,12,Intensivmedizin,2.0,3.0,06:00,14:00,450,,13:30,21:30,450,F,21:15,06:15,495,F|S,11,10,8,10,30,45,8,38.5,30,0.05,0,2.0.0,20261146
PK-011,2026-11-29,history,-1,Sonntag,7,48,1,0,,Pflegefachkraft,Pflegefachkraft,EXAM|KARDIO_MONITORING,0.5,19.25,4620,4620,4158,5082,5,2,2,8,1,1,Pflegefachkraft,0,0.0,-1020,8,8,1,1,1,1618,1,,,,,,0,,0,,4,4,4,0,647,1,4,4,4,0,566,1,3,3,3,0,404,0,ST-ITS1,Intensivstation,12,Intensivmedizin,2.0,3.0,06:00,14:00,450,,13:30,21:30,450,F,21:15,06:15,495,F|S,11,10,8,10,30,45,8,38.5,30,0.05,0,2.0.0,20261146
PK-012,2026-11-29,history,-1,Sonntag,7,48,1,0,,Pflegefachkraft,Pflegefachkraft,EXAM|KARDIO_MONITORING,0.75,28.88,6931,6931,6238,7624,5,2,2,8,1,1,Pflegefachkraft,0,0.0,-1530,8,8,1,1,1,1618,1,,,,,,0,,0,,4,4,4,0,647,1,4,4,4,0,566,1,3,3,3,0,404,0,ST-ITS1,Intensivstation,12,Intensivmedizin,2.0,3.0,06:00,14:00,450,,13:30,21:30,450,F,21:15,06:15,495,F|S,11,10,8,10,30,45,8,38.5,30,0.05,0,2.0.0,20261146
PK-013,2026-11-29,history,-1,Sonntag,7,48,1,0,,Pflegefachkraft,Pflegefachkraft,EXAM|KARDIO_MONITORING,1.0,38.5,9240,9240,8316,10164,5,2,2,8,1,1,Pflegefachkraft,0,0.0,-1905,8,8,1,1,1,1618,1,,,,,N,0,,0,,4,4,4,0,647,1,4,4,4,0,566,1,3,3,3,0,404,0,ST-ITS1,Intensivstation,12,Intensivmedizin,2.0,3.0,06:00,14:00,450,,13:30,21:30,450,F,21:15,06:15,495,F|S,11,10,8,10,30,45,8,38.5,30,0.05,0,2.0.0,20261146
PK-014,2026-11-29,history,-1,Sonntag,7,48,1,0,,Pflegefachkraft,Pflegefachkraft,EXAM,1.0,38.5,9240,9240,8316,10164,5,2,2,8,1,1,Pflegefachkraft,0,0.0,-1680,8,8,1,1,1,1618,1,,,,,S,0,,0,,4,4,4,0,647,1,4,4,4,0,566,1,3,3,3,0,404,0,ST-ITS1,Intensivstation,12,Intensivmedizin,2.0,3.0,06:00,14:00,450,,13:30,21:30,450,F,21:15,06:15,495,F|S,11,10,8,10,30,45,8,38.5,30,0.05,0,2.0.0,20261146
PK-015,2026-11-29,history,-1,Sonntag,7,48,1,0,,Pflegefachkraft,Pflegefachkraft,EXAM|KARDIO_MONITORING,0.5,19.25,4620,4620,4158,5082,5,2,2,8,1,1,Pflegefachkraft,0,0.0,-930,8,8,1,1,1,1618,1,,,,,,0,,0,,4,4,4,0,647,1,4,4,4,0,566,1,3,3,3,0,404,0,ST-ITS1,Intensivstation,12,Intensivmedizin,2.0,3.0,06:00,14:00,450,,13:30,21:30,450,F,21:15,06:15,495,F|S,11,10,8,10,30,45,8,38.5,30,0.05,0,2.0.0,20261146
PK-016,2026-11-29,history,-1,Sonntag,7,48,1,0,,Pflegefachkraft,Pflegefachkraft,EXAM,0.9,34.65,8316,8316,7484,9148,5,2,2,8,1,1,Pflegefachkraft,0,0.0,1255,8,8,1,1,1,1618,1,,,,,F,0,,0,,4,4,4,0,647,1,4,4,4,0,566,1,3,3,3,0,404,0,ST-ITS1,Intensivstation,12,Intensivmedizin,2.0,3.0,06:00,14:00,450,,13:30,21:30,450,F,21:15,06:15,495,F|S,11,10,8,10,30,45,8,38.5,30,0.05,0,2.0.0,20261146
PK-017,2026-11-29,history,-1,Sonntag,7,48,1,0,,Pflegefachkraft,Pflegefachkraft,EXAM|KARDIO_MONITORING,1.0,38.5,9240,9240,8316,10164,5,2,2,8,1,1,Pflegefachkraft,0,0.0,-1680,8,8,1,1,1,1618,1,,,,,S,0,,0,,4,4,4,0,647,1,4,4,4,0,566,1,3,3,3,0,404,0,ST-ITS1,Intensivstation,12,Intensivmedizin,2.0,3.0,06:00,14:00,450,,13:30,21:30,450,F,21:15,06:15,495,F|S,11,10,8,10,30,45,8,38.5,30,0.05,0,2.0.0,20261146
PK-018,2026-11-29,history,-1,Sonntag,7,48,1,0,,Pflegefachkraft,Pflegefachkraft,EXAM|PRAXISANLEITUNG,0.6,23.1,5544,5544,4990,6098,5,2,2,8,1,1,Pflegefachkraft,0,0.0,-909,8,8,1,1,1,1618,1,,,,,N,0,,0,,4,4,4,0,647,1,4,4,4,0,566,1,3,3,3,0,404,0,ST-ITS1,Intensivstation,12,Intensivmedizin,2.0,3.0,06:00,14:00,450,,13:30,21:30,450,F,21:15,06:15,495,F|S,11,10,8,10,30,45,8,38.5,30,0.05,0,2.0.0,20261146
PK-019,2026-11-29,history,-1,Sonntag,7,48,1,0,,Pflegefachkraft,Pflegefachkraft,EXAM,0.6,23.1,5544,5544,4990,6098,5,2,2,8,1,1,Pflegefachkraft,0,0.0,-954,8,8,1,1,1,1618,1,,,,,F,0,,0,,4,4,4,0,647,1,4,4,4,0,566,1,3,3,3,0,404,0,ST-ITS1,Intensivstation,12,Intensivmedizin,2.0,3.0,06:00,14:00,450,,13:30,21:30,450,F,21:15,06:15,495,F|S,11,10,8,10,30,45,8,38.5,30,0.05,0,2.0.0,20261146
PK-020,2026-11-29,history,-1,Sonntag,7,48,1,0,,Pflegefachkraft,Pflegefachkraft,EXAM|PRAXISANLEITUNG,0.8,30.8,7392,7392,6653,8131,5,2,2,8,1,1,Pflegefachkraft,0,0.0,-1497,8,8,1,1,1,1618,1,,,,,,0,,0,,4,4,4,0,647,1,4,4,4,0,566,1,3,3,3,0,404,0,ST-ITS1,Intensivstation,12,Intensivmedizin,2.0,3.0,06:00,14:00,450,,13:30,21:30,450,F,21:15,06:15,495,F|S,11,10,8,10,30,45,8,38.5,30,0.05,0,2.0.0,20261146
PK-021,2026-11-29,history,-1,Sonntag,7,48,1,0,,Pflegefachkraft,Pflegefachkraft,EXAM|PRAXISANLEITUNG,0.5,19.25,4620,4620,4158,5082,5,2,2,8,1,1,Pflegefachkraft,0,0.0,-975,8,8,1,1,1,1618,1,,,,,,0,,0,,4,4,4,0,647,1,4,4,4,0,566,1,3,3,3,0,404,0,ST-ITS1,Intensivstation,12,Intensivmedizin,2.0,3.0,06:00,14:00,450,,13:30,21:30,450,F,21:15,06:15,495,F|S,11,10,8,10,30,45,8,38.5,30,0.05,0,2.0.0,20261146
PK-022,2026-11-29,history,-1,Sonntag,7,48,1,0,,Pflegefachkraft,Pflegefachkraft,EXAM,0.7,26.95,6468,6468,5821,7115,5,2,2,8,1,1,Pflegefachkraft,0,0.0,-1473,8,8,1,1,1,1618,1,,,,,,0,,0,,4,4,4,0,647,1,4,4,4,0,566,1,3,3,3,0,404,0,ST-ITS1,Intensivstation,12,Intensivmedizin,2.0,3.0,06:00,14:00,450,,13:30,21:30,450,F,21:15,06:15,495,F|S,11,10,8,10,30,45,8,38.5,30,0.05,0,2.0.0,20261146
PK-023,2026-11-29,history,-1,Sonntag,7,48,1,0,,Pflegefachkraft,Pflegefachkraft,EXAM,1.0,38.5,9240,9240,8316,10164,5,2,2,8,1,1,Pflegefachkraft,0,0.0,-2040,8,8,1,1,1,1618,1,,,,,,0,,0,,4,4,4,0,647,1,4,4,4,0,566,1,3,3,3,0,404,0,ST-ITS1,Intensivstation,12,Intensivmedizin,2.0,3.0,06:00,14:00,450,,13:30,21:30,450,F,21:15,06:15,495,F|S,11,10,8,10,30,45,8,38.5,30,0.05,0,2.0.0,20261146
PK-024,2026-11-29,history,-1,Sonntag,7,48,1,0,,Pflegefachkraft,Pflegefachkraft,EXAM|PRAXISANLEITUNG,1.0,38.5,9240,9240,8316,10164,5,2,2,8,1,1,Pflegefachkraft,0,0.0,-2310,8,8,1,1,1,1618,1,,,,,,0,,0,,4,4,4,0,647,1,4,4,4,0,566,1,3,3,3,0,404,0,ST-ITS1,Intensivstation,12,Intensivmedizin,2.0,3.0,06:00,14:00,450,,13:30,21:30,450,F,21:15,06:15,495,F|S,11,10,8,10,30,45,8,38.5,30,0.05,0,2.0.0,20261146
PK-025,2026-11-29,history,-1,Sonntag,7,48,1,0,,Pflegefachkraft,Pflegefachkraft,EXAM,1.0,38.5,9240,9240,8316,10164,5,2,2,8,1,1,Pflegefachkraft,0,0.0,-1680,8,8,1,1,1,1618,1,,,,,S,0,,0,,4,4,4,0,647,1,4,4,4,0,566,1,3,3,3,0,404,0,ST-ITS1,Intensivstation,12,Intensivmedizin,2.0,3.0,06:00,14:00,450,,13:30,21:30,450,F,21:15,06:15,495,F|S,11,10,8,10,30,45,8,38.5,30,0.05,0,2.0.0,20261146
AZ-001,2026-11-30,plan,0,Montag,1,49,0,0,,Auszubildende_r_3_Ausbildungsjahr,Auszubildende,AUSZUBILDEND,1.0,38.5,9240,9240,8316,10164,5,2,2,8,1,0,nicht anrechenbar,0,0.0,-9240,8,8,0,0,0,1437,1,,,,,,0,,0,,4,4,4,0,575,1,4,4,4,0,503,1,3,3,3,0,359,0,ST-ITS1,Intensivstation,12,Intensivmedizin,2.0,3.0,06:00,14:00,450,,13:30,21:30,450,F,21:15,06:15,495,F|S,11,10,8,10,30,45,8,38.5,30,0.05,0,2.0.0,20261146
AZ-002,2026-11-30,plan,0,Montag,1,49,0,0,,Auszubildende_r_2_Ausbildungsjahr,Auszubildende,AUSZUBILDEND,1.0,38.5,9240,9240,8316,10164,5,2,2,8,1,0,nicht anrechenbar,0,0.0,-9240,8,8,0,0,0,1437,1,,,,,,0,,0,,4,4,4,0,575,1,4,4,4,0,503,1,3,3,3,0,359,0,ST-ITS1,Intensivstation,12,Intensivmedizin,2.0,3.0,06:00,14:00,450,,13:30,21:30,450,F,21:15,06:15,495,F|S,11,10,8,10,30,45,8,38.5,30,0.05,0,2.0.0,20261146
AZ-003,2026-11-30,plan,0,Montag,1,49,0,0,,Auszubildende_r_1_Ausbildungsjahr,Auszubildende,AUSZUBILDEND,1.0,38.5,9240,9240,8316,10164,5,2,2,0,0,0,nicht anrechenbar,0,0.0,-9240,8,8,0,0,0,1437,1,,,,,,0,,0,,4,4,4,0,575,1,4,4,4,0,503,1,3,3,3,0,359,0,ST-ITS1,Intensivstation,12,Intensivmedizin,2.0,3.0,06:00,14:00,450,,13:30,21:30,450,F,21:15,06:15,495,F|S,11,10,8,10,30,45,8,38.5,30,0.05,0,2.0.0,20261146
PK-001,2026-11-30,plan,0,Montag,1,49,0,0,,Stationsleitung,Pflegefachkraft,EXAM|LEITUNG|PRAXISANLEITUNG,1.0,38.5,9240,4620,4158,5082,5,2,2,0,0,1,Pflegefachkraft,1,0.5,5814,8,8,0,0,0,1437,1,,,,,,0,,0,,4,4,4,0,575,1,4,4,4,0,503,1,3,3,3,0,359,0,ST-ITS1,Intensivstation,12,Intensivmedizin,2.0,3.0,06:00,14:00,450,,13:30,21:30,450,F,21:15,06:15,495,F|S,11,10,8,10,30,45,8,38.5,30,0.05,0,2.0.0,20261146
PK-002,2026-11-30,plan,0,Montag,1,49,0,0,,Pflegefachkraft,Pflegefachkraft,EXAM|PRAXISANLEITUNG|KARDIO_MONITORING,1.0,38.5,9240,9240,8316,10164,5,2,2,8,1,1,Pflegefachkraft,0,0.0,-1815,8,8,0,0,0,1437,1,,,,,,0,,0,,4,4,4,0,575,1,4,4,4,0,503,1,3,3,3,0,359,0,ST-ITS1,Intensivstation,12,Intensivmedizin,2.0,3.0,06:00,14:00,450,,13:30,21:30,450,F,21:15,06:15,495,F|S,11,10,8,10,30,45,8,38.5,30,0.05,0,2.0.0,20261146
PK-003,2026-11-30,plan,0,Montag,1,49,0,0,,Pflegefachkraft,Pflegefachkraft,EXAM,1.0,38.5,9240,9240,8316,10164,5,2,2,8,1,1,Pflegefachkraft,0,0.0,-1815,8,8,0,0,0,1437,1,,,,,,0,,0,,4,4,4,0,575,1,4,4,4,0,503,1,3,3,3,0,359,0,ST-ITS1,Intensivstation,12,Intensivmedizin,2.0,3.0,06:00,14:00,450,,13:30,21:30,450,F,21:15,06:15,495,F|S,11,10,8,10,30,45,8,38.5,30,0.05,0,2.0.0,20261146
PK-004,2026-11-30,plan,0,Montag,1,49,0,0,,Pflegefachkraft,Pflegefachkraft,EXAM,1.0,38.5,9240,9240,8316,10164,5,2,2,8,1,1,Pflegefachkraft,0,0.0,-1995,8,8,0,0,0,1437,1,,,,,,0,,0,,4,4,4,0,575,1,4,4,4,0,503,1,3,3,3,0,359,0,ST-ITS1,Intensivstation,12,Intensivmedizin,2.0,3.0,06:00,14:00,450,,13:30,21:30,450,F,21:15,06:15,495,F|S,11,10,8,10,30,45,8,38.5,30,0.05,0,2.0.0,20261146
PK-005,2026-11-30,plan,0,Montag,1,49,0,0,,Pflegefachkraft,Pflegefachkraft,EXAM,1.0,38.5,9240,9240,8316,10164,5,2,2,8,1,1,Pflegefachkraft,0,0.0,-1905,8,8,0,0,0,1437,1,,,,,,0,,0,,4,4,4,0,575,1,4,4,4,0,503,1,3,3,3,0,359,0,ST-ITS1,Intensivstation,12,Intensivmedizin,2.0,3.0,06:00,14:00,450,,13:30,21:30,450,F,21:15,06:15,495,F|S,11,10,8,10,30,45,8,38.5,30,0.05,0,2.0.0,20261146
PK-006,2026-11-30,plan,0,Montag,1,49,0,0,,Pflegefachkraft,Pflegefachkraft,EXAM|PRAXISANLEITUNG|KARDIO_MONITORING,1.0,38.5,9240,9240,8316,10164,5,2,2,8,1,1,Pflegefachkraft,0,0.0,-1905,8,8,0,0,0,1437,1,,,,,,0,,0,,4,4,4,0,575,1,4,4,4,0,503,1,3,3,3,0,359,0,ST-ITS1,Intensivstation,12,Intensivmedizin,2.0,3.0,06:00,14:00,450,,13:30,21:30,450,F,21:15,06:15,495,F|S,11,10,8,10,30,45,8,38.5,30,0.05,0,2.0.0,20261146
PK-007,2026-11-30,plan,0,Montag,1,49,0,0,,Pflegefachkraft,Pflegefachkraft,EXAM,1.0,38.5,9240,9240,8316,10164,5,2,2,8,1,1,Pflegefachkraft,0,0.0,1104,8,8,0,0,0,1437,1,,,,,,0,,0,,4,4,4,0,575,1,4,4,4,0,503,1,3,3,3,0,359,0,ST-ITS1,Intensivstation,12,Intensivmedizin,2.0,3.0,06:00,14:00,450,,13:30,21:30,450,F,21:15,06:15,495,F|S,11,10,8,10,30,45,8,38.5,30,0.05,0,2.0.0,20261146
PK-008,2026-11-30,plan,0,Montag,1,49,0,0,,Pflegefachkraft,Pflegefachkraft,EXAM|KARDIO_MONITORING,1.0,38.5,9240,9240,8316,10164,5,2,2,8,1,1,Pflegefachkraft,0,0.0,-2265,8,8,0,0,0,1437,1,,,,,,0,,0,,4,4,4,0,575,1,4,4,4,0,503,1,3,3,3,0,359,0,ST-ITS1,Intensivstation,12,Intensivmedizin,2.0,3.0,06:00,14:00,450,,13:30,21:30,450,F,21:15,06:15,495,F|S,11,10,8,10,30,45,8,38.5,30,0.05,0,2.0.0,20261146
PK-009,2026-11-30,plan,0,Montag,1,49,0,0,,Pflegefachkraft,Pflegefachkraft,EXAM,1.0,38.5,9240,9240,8316,10164,5,2,2,8,1,1,Pflegefachkraft,0,0.0,-1995,8,8,0,0,0,1437,1,,,,,,1,12,0,,4,4,4,0,575,1,4,4,4,0,503,1,3,3,3,0,359,0,ST-ITS1,Intensivstation,12,Intensivmedizin,2.0,3.0,06:00,14:00,450,,13:30,21:30,450,F,21:15,06:15,495,F|S,11,10,8,10,30,45,8,38.5,30,0.05,0,2.0.0,20261146
PK-010,2026-11-30,plan,0,Montag,1,49,0,0,,Pflegefachkraft,Pflegefachkraft,EXAM|PRAXISANLEITUNG|KARDIO_MONITORING,0.6,23.1,5544,5544,4990,6098,5,2,2,8,1,1,Pflegefachkraft,0,0.0,-999,8,8,0,0,0,1437,1,,,,,,0,,0,,4,4,4,0,575,1,4,4,4,0,503,1,3,3,3,0,359,0,ST-ITS1,Intensivstation,12,Intensivmedizin,2.0,3.0,06:00,14:00,450,,13:30,21:30,450,F,21:15,06:15,495,F|S,11,10,8,10,30,45,8,38.5,30,0.05,0,2.0.0,20261146
PK-011,2026-11-30,plan,0,Montag,1,49,0,0,,Pflegefachkraft,Pflegefachkraft,EXAM|KARDIO_MONITORING,0.5,19.25,4620,4620,4158,5082,5,2,2,8,1,1,Pflegefachkraft,0,0.0,-1020,8,8,0,0,0,1437,1,,,,,,0,,0,,4,4,4,0,575,1,4,4,4,0,503,1,3,3,3,0,359,0,ST-ITS1,Intensivstation,12,Intensivmedizin,2.0,3.0,06:00,14:00,450,,13:30,21:30,450,F,21:15,06:15,495,F|S,11,10,8,10,30,45,8,38.5,30,0.05,0,2.0.0,20261146
PK-012,2026-11-30,plan,0,Montag,1,49,0,0,,Pflegefachkraft,Pflegefachkraft,EXAM|KARDIO_MONITORING,0.75,28.88,6931,6931,6238,7624,5,2,2,8,1,1,Pflegefachkraft,0,0.0,-1530,8,8,0,0,0,1437,1,,3,,,,0,,0,,4,4,4,0,575,1,4,4,4,0,503,1,3,3,3,0,359,0,ST-ITS1,Intensivstation,12,Intensivmedizin,2.0,3.0,06:00,14:00,450,,13:30,21:30,450,F,21:15,06:15,495,F|S,11,10,8,10,30,45,8,38.5,30,0.05,0,2.0.0,20261146
PK-013,2026-11-30,plan,0,Montag,1,49,0,0,,Pflegefachkraft,Pflegefachkraft,EXAM|KARDIO_MONITORING,1.0,38.5,9240,9240,8316,10164,5,2,2,8,1,1,Pflegefachkraft,0,0.0,-1905,8,8,0,0,0,1437,1,,,,,,0,,0,,4,4,4,0,575,1,4,4,4,0,503,1,3,3,3,0,359,0,ST-ITS1,Intensivstation,12,Intensivmedizin,2.0,3.0,06:00,14:00,450,,13:30,21:30,450,F,21:15,06:15,495,F|S,11,10,8,10,30,45,8,38.5,30,0.05,0,2.0.0,20261146
PK-014,2026-11-30,plan,0,Montag,1,49,0,0,,Pflegefachkraft,Pflegefachkraft,EXAM,1.0,38.5,9240,9240,8316,10164,5,2,2,8,1,1,Pflegefachkraft,0,0.0,-1680,8,8,0,0,0,1437,1,,,,,,0,,0,,4,4,4,0,575,1,4,4,4,0,503,1,3,3,3,0,359,0,ST-ITS1,Intensivstation,12,Intensivmedizin,2.0,3.0,06:00,14:00,450,,13:30,21:30,450,F,21:15,06:15,495,F|S,11,10,8,10,30,45,8,38.5,30,0.05,0,2.0.0,20261146
PK-015,2026-11-30,plan,0,Montag,1,49,0,0,,Pflegefachkraft,Pflegefachkraft,EXAM|KARDIO_MONITORING,0.5,19.25,4620,4620,4158,5082,5,2,2,8,1,1,Pflegefachkraft,0,0.0,-930,8,8,0,0,0,1437,1,,,,,,0,,0,,4,4,4,0,575,1,4,4,4,0,503,1,3,3,3,0,359,0,ST-ITS1,Intensivstation,12,Intensivmedizin,2.0,3.0,06:00,14:00,450,,13:30,21:30,450,F,21:15,06:15,495,F|S,11,10,8,10,30,45,8,38.5,30,0.05,0,2.0.0,20261146
PK-016,2026-11-30,plan,0,Montag,1,49,0,0,,Pflegefachkraft,Pflegefachkraft,EXAM,0.9,34.65,8316,8316,7484,9148,5,2,2,8,1,1,Pflegefachkraft,0,0.0,1255,8,8,0,0,0,1437,1,,,,,,0,,0,,4,4,4,0,575,1,4,4,4,0,503,1,3,3,3,0,359,0,ST-ITS1,Intensivstation,12,Intensivmedizin,2.0,3.0,06:00,14:00,450,,13:30,21:30,450,F,21:15,06:15,495,F|S,11,10,8,10,30,45,8,38.5,30,0.05,0,2.0.0,20261146
PK-017,2026-11-30,plan,0,Montag,1,49,0,0,,Pflegefachkraft,Pflegefachkraft,EXAM|KARDIO_MONITORING,1.0,38.5,9240,9240,8316,10164,5,2,2,8,1,1,Pflegefachkraft,0,0.0,-1680,8,8,0,0,0,1437,1,,,,,,0,,0,,4,4,4,0,575,1,4,4,4,0,503,1,3,3,3,0,359,0,ST-ITS1,Intensivstation,12,Intensivmedizin,2.0,3.0,06:00,14:00,450,,13:30,21:30,450,F,21:15,06:15,495,F|S,11,10,8,10,30,45,8,38.5,30,0.05,0,2.0.0,20261146
PK-018,2026-11-30,plan,0,Montag,1,49,0,0,,Pflegefachkraft,Pflegefachkraft,EXAM|PRAXISANLEITUNG,0.6,23.1,5544,5544,4990,6098,5,2,2,8,1,1,Pflegefachkraft,0,0.0,-909,8,8,0,0,0,1437,1,,,,,,0,,0,,4,4,4,0,575,1,4,4,4,0,503,1,3,3,3,0,359,0,ST-ITS1,Intensivstation,12,Intensivmedizin,2.0,3.0,06:00,14:00,450,,13:30,21:30,450,F,21:15,06:15,495,F|S,11,10,8,10,30,45,8,38.5,30,0.05,0,2.0.0,20261146
PK-019,2026-11-30,plan,0,Montag,1,49,0,0,,Pflegefachkraft,Pflegefachkraft,EXAM,0.6,23.1,5544,5544,4990,6098,5,2,2,8,1,1,Pflegefachkraft,0,0.0,-954,8,8,0,0,0,1437,1,,,,,,0,,0,,4,4,4,0,575,1,4,4,4,0,503,1,3,3,3,0,359,0,ST-ITS1,Intensivstation,12,Intensivmedizin,2.0,3.0,06:00,14:00,450,,13:30,21:30,450,F,21:15,06:15,495,F|S,11,10,8,10,30,45,8,38.5,30,0.05,0,2.0.0,20261146
PK-020,2026-11-30,plan,0,Montag,1,49,0,0,,Pflegefachkraft,Pflegefachkraft,EXAM|PRAXISANLEITUNG,0.8,30.8,7392,7392,6653,8131,5,2,2,8,1,1,Pflegefachkraft,0,0.0,-1497,8,8,0,0,0,1437,1,,,,,,0,,0,,4,4,4,0,575,1,4,4,4,0,503,1,3,3,3,0,359,0,ST-ITS1,Intensivstation,12,Intensivmedizin,2.0,3.0,06:00,14:00,450,,13:30,21:30,450,F,21:15,06:15,495,F|S,11,10,8,10,30,45,8,38.5,30,0.05,0,2.0.0,20261146
PK-021,2026-11-30,plan,0,Montag,1,49,0,0,,Pflegefachkraft,Pflegefachkraft,EXAM|PRAXISANLEITUNG,0.5,19.25,4620,4620,4158,5082,5,2,2,8,1,1,Pflegefachkraft,0,0.0,-975,8,8,0,0,0,1437,1,,,,,,0,,0,,4,4,4,0,575,1,4,4,4,0,503,1,3,3,3,0,359,0,ST-ITS1,Intensivstation,12,Intensivmedizin,2.0,3.0,06:00,14:00,450,,13:30,21:30,450,F,21:15,06:15,495,F|S,11,10,8,10,30,45,8,38.5,30,0.05,0,2.0.0,20261146
PK-022,2026-11-30,plan,0,Montag,1,49,0,0,,Pflegefachkraft,Pflegefachkraft,EXAM,0.7,26.95,6468,6468,5821,7115,5,2,2,8,1,1,Pflegefachkraft,0,0.0,-1473,8,8,0,0,0,1437,1,,,,,,0,,0,,4,4,4,0,575,1,4,4,4,0,503,1,3,3,3,0,359,0,ST-ITS1,Intensivstation,12,Intensivmedizin,2.0,3.0,06:00,14:00,450,,13:30,21:30,450,F,21:15,06:15,495,F|S,11,10,8,10,30,45,8,38.5,30,0.05,0,2.0.0,20261146
PK-023,2026-11-30,plan,0,Montag,1,49,0,0,,Pflegefachkraft,Pflegefachkraft,EXAM,1.0,38.5,9240,9240,8316,10164,5,2,2,8,1,1,Pflegefachkraft,0,0.0,-2040,8,8,0,0,0,1437,1,,,,,,0,,0,,4,4,4,0,575,1,4,4,4,0,503,1,3,3,3,0,359,0,ST-ITS1,Intensivstation,12,Intensivmedizin,2.0,3.0,06:00,14:00,450,,13:30,21:30,450,F,21:15,06:15,495,F|S,11,10,8,10,30,45,8,38.5,30,0.05,0,2.0.0,20261146
PK-024,2026-11-30,plan,0,Montag,1,49,0,0,,Pflegefachkraft,Pflegefachkraft,EXAM|PRAXISANLEITUNG,1.0,38.5,9240,9240,8316,10164,5,2,2,8,1,1,Pflegefachkraft,0,0.0,-2310,8,8,0,0,0,1437,1,,,,,,0,,0,,4,4,4,0,575,1,4,4,4,0,503,1,3,3,3,0,359,0,ST-ITS1,Intensivstation,12,Intensivmedizin,2.0,3.0,06:00,14:00,450,,13:30,21:30,450,F,21:15,06:15,495,F|S,11,10,8,10,30,45,8,38.5,30,0.05,0,2.0.0,20261146
PK-025,2026-11-30,plan,0,Montag,1,49,0,0,,Pflegefachkraft,Pflegefachkraft,EXAM,1.0,38.5,9240,9240,8316,10164,5,2,2,8,1,1,Pflegefachkraft,0,0.0,-1680,8,8,0,0,0,1437,0,LANGZEITABWESENHEIT,,,,,0,,0,,4,4,4,0,575,1,4,4,4,0,503,1,3,3,3,0,359,0,ST-ITS1,Intensivstation,12,Intensivmedizin,2.0,3.0,06:00,14:00,450,,13:30,21:30,450,F,21:15,06:15,495,F|S,11,10,8,10,30,45,8,38.5,30,0.05,0,2.0.0,20261146
AZ-001,2026-12-01,plan,1,Dienstag,2,49,0,0,,Auszubildende_r_3_Ausbildungsjahr,Auszubildende,AUSZUBILDEND,1.0,38.5,9240,9240,8316,10164,5,2,2,8,1,0,nicht anrechenbar,0,0.0,-9240,10,10,1,2,0,2035,1,,,,,,0,,0,,5,5,5,0,814,1,5,5,5,0,712,1,4,4,4,0,509,0,ST-ITS1,Intensivstation,12,Intensivmedizin,2.0,3.0,06:00,14:00,450,,13:30,21:30,450,F,21:15,06:15,495,F|S,11,10,8,10,30,45,8,38.5,30,0.05,0,2.0.0,20261146
AZ-002,2026-12-01,plan,1,Dienstag,2,49,0,0,,Auszubildende_r_2_Ausbildungsjahr,Auszubildende,AUSZUBILDEND,1.0,38.5,9240,9240,8316,10164,5,2,2,8,1,0,nicht anrechenbar,0,0.0,-9240,10,10,1,2,0,2035,1,,,,,,0,,0,,5,5,5,0,814,1,5,5,5,0,712,1,4,4,4,0,509,0,ST-ITS1,Intensivstation,12,Intensivmedizin,2.0,3.0,06:00,14:00,450,,13:30,21:30,450,F,21:15,06:15,495,F|S,11,10,8,10,30,45,8,38.5,30,0.05,0,2.0.0,20261146
AZ-003,2026-12-01,plan,1,Dienstag,2,49,0,0,,Auszubildende_r_1_Ausbildungsjahr,Auszubildende,AUSZUBILDEND,1.0,38.5,9240,9240,8316,10164,5,2,2,0,0,0,nicht anrechenbar,0,0.0,-9240,10,10,1,2,0,2035,1,,,,,,0,,0,,5,5,5,0,814,1,5,5,5,0,712,1,4,4,4,0,509,0,ST-ITS1,Intensivstation,12,Intensivmedizin,2.0,3.0,06:00,14:00,450,,13:30,21:30,450,F,21:15,06:15,495,F|S,11,10,8,10,30,45,8,38.5,30,0.05,0,2.0.0,20261146
PK-001,2026-12-01,plan,1,Dienstag,2,49,0,0,,Stationsleitung,Pflegefachkraft,EXAM|LEITUNG|PRAXISANLEITUNG,1.0,38.5,9240,4620,4158,5082,5,2,2,0,0,1,Pflegefachkraft,1,0.5,5814,10,10,1,2,0,2035,1,,,,,,0,,0,,5,5,5,0,814,1,5,5,5,0,712,1,4,4,4,0,509,0,ST-ITS1,Intensivstation,12,Intensivmedizin,2.0,3.0,06:00,14:00,450,,13:30,21:30,450,F,21:15,06:15,495,F|S,11,10,8,10,30,45,8,38.5,30,0.05,0,2.0.0,20261146
PK-002,2026-12-01,plan,1,Dienstag,2,49,0,0,,Pflegefachkraft,Pflegefachkraft,EXAM|PRAXISANLEITUNG|KARDIO_MONITORING,1.0,38.5,9240,9240,8316,10164,5,2,2,8,1,1,Pflegefachkraft,0,0.0,-1815,10,10,1,2,0,2035,1,,,,,,0,,0,,5,5,5,0,814,1,5,5,5,0,712,1,4,4,4,0,509,0,ST-ITS1,Intensivstation,12,Intensivmedizin,2.0,3.0,06:00,14:00,450,,13:30,21:30,450,F,21:15,06:15,495,F|S,11,10,8,10,30,45,8,38.5,30,0.05,0,2.0.0,20261146
PK-003,2026-12-01,plan,1,Dienstag,2,49,0,0,,Pflegefachkraft,Pflegefachkraft,EXAM,1.0,38.5,9240,9240,8316,10164,5,2,2,8,1,1,Pflegefachkraft,0,0.0,-1815,10,10,1,2,0,2035,1,,,,,,0,,0,,5,5,5,0,814,1,5,5,5,0,712,1,4,4,4,0,509,0,ST-ITS1,Intensivstation,12,Intensivmedizin,2.0,3.0,06:00,14:00,450,,13:30,21:30,450,F,21:15,06:15,495,F|S,11,10,8,10,30,45,8,38.5,30,0.05,0,2.0.0,20261146
PK-004,2026-12-01,plan,1,Dienstag,2,49,0,0,,Pflegefachkraft,Pflegefachkraft,EXAM,1.0,38.5,9240,9240,8316,10164,5,2,2,8,1,1,Pflegefachkraft,0,0.0,-1995,10,10,1,2,0,2035,1,,,,,,0,,0,,5,5,5,0,814,1,5,5,5,0,712,1,4,4,4,0,509,0,ST-ITS1,Intensivstation,12,Intensivmedizin,2.0,3.0,06:00,14:00,450,,13:30,21:30,450,F,21:15,06:15,495,F|S,11,10,8,10,30,45,8,38.5,30,0.05,0,2.0.0,20261146
PK-005,2026-12-01,plan,1,Dienstag,2,49,0,0,,Pflegefachkraft,Pflegefachkraft,EXAM,1.0,38.5,9240,9240,8316,10164,5,2,2,8,1,1,Pflegefachkraft,0,0.0,-1905,10,10,1,2,0,2035,1,,,,,,0,,0,,5,5,5,0,814,1,5,5,5,0,712,1,4,4,4,0,509,0,ST-ITS1,Intensivstation,12,Intensivmedizin,2.0,3.0,06:00,14:00,450,,13:30,21:30,450,F,21:15,06:15,495,F|S,11,10,8,10,30,45,8,38.5,30,0.05,0,2.0.0,20261146
PK-006,2026-12-01,plan,1,Dienstag,2,49,0,0,,Pflegefachkraft,Pflegefachkraft,EXAM|PRAXISANLEITUNG|KARDIO_MONITORING,1.0,38.5,9240,9240,8316,10164,5,2,2,8,1,1,Pflegefachkraft,0,0.0,-1905,10,10,1,2,0,2035,1,,,,,,0,,0,,5,5,5,0,814,1,5,5,5,0,712,1,4,4,4,0,509,0,ST-ITS1,Intensivstation,12,Intensivmedizin,2.0,3.0,06:00,14:00,450,,13:30,21:30,450,F,21:15,06:15,495,F|S,11,10,8,10,30,45,8,38.5,30,0.05,0,2.0.0,20261146
PK-007,2026-12-01,plan,1,Dienstag,2,49,0,0,,Pflegefachkraft,Pflegefachkraft,EXAM,1.0,38.5,9240,9240,8316,10164,5,2,2,8,1,1,Pflegefachkraft,0,0.0,1104,10,10,1,2,0,2035,1,,,,,,0,,0,,5,5,5,0,814,1,5,5,5,0,712,1,4,4,4,0,509,0,ST-ITS1,Intensivstation,12,Intensivmedizin,2.0,3.0,06:00,14:00,450,,13:30,21:30,450,F,21:15,06:15,495,F|S,11,10,8,10,30,45,8,38.5,30,0.05,0,2.0.0,20261146
PK-008,2026-12-01,plan,1,Dienstag,2,49,0,0,,Pflegefachkraft,Pflegefachkraft,EXAM|KARDIO_MONITORING,1.0,38.5,9240,9240,8316,10164,5,2,2,8,1,1,Pflegefachkraft,0,0.0,-2265,10,10,1,2,0,2035,1,,,,,,0,,0,,5,5,5,0,814,1,5,5,5,0,712,1,4,4,4,0,509,0,ST-ITS1,Intensivstation,12,Intensivmedizin,2.0,3.0,06:00,14:00,450,,13:30,21:30,450,F,21:15,06:15,495,F|S,11,10,8,10,30,45,8,38.5,30,0.05,0,2.0.0,20261146
PK-009,2026-12-01,plan,1,Dienstag,2,49,0,0,,Pflegefachkraft,Pflegefachkraft,EXAM,1.0,38.5,9240,9240,8316,10164,5,2,2,8,1,1,Pflegefachkraft,0,0.0,-1995,10,10,1,2,0,2035,1,,,,,,0,,0,,5,5,5,0,814,1,5,5,5,0,712,1,4,4,4,0,509,0,ST-ITS1,Intensivstation,12,Intensivmedizin,2.0,3.0,06:00,14:00,450,,13:30,21:30,450,F,21:15,06:15,495,F|S,11,10,8,10,30,45,8,38.5,30,0.05,0,2.0.0,20261146
PK-010,2026-12-01,plan,1,Dienstag,2,49,0,0,,Pflegefachkraft,Pflegefachkraft,EXAM|PRAXISANLEITUNG|KARDIO_MONITORING,0.6,23.1,5544,5544,4990,6098,5,2,2,8,1,1,Pflegefachkraft,0,0.0,-999,10,10,1,2,0,2035,1,,3,,,,0,,0,,5,5,5,0,814,1,5,5,5,0,712,1,4,4,4,0,509,0,ST-ITS1,Intensivstation,12,Intensivmedizin,2.0,3.0,06:00,14:00,450,,13:30,21:30,450,F,21:15,06:15,495,F|S,11,10,8,10,30,45,8,38.5,30,0.05,0,2.0.0,20261146
PK-011,2026-12-01,plan,1,Dienstag,2,49,0,0,,Pflegefachkraft,Pflegefachkraft,EXAM|KARDIO_MONITORING,0.5,19.25,4620,4620,4158,5082,5,2,2,8,1,1,Pflegefachkraft,0,0.0,-1020,10,10,1,2,0,2035,1,,,,,,0,,0,,5,5,5,0,814,1,5,5,5,0,712,1,4,4,4,0,509,0,ST-ITS1,Intensivstation,12,Intensivmedizin,2.0,3.0,06:00,14:00,450,,13:30,21:30,450,F,21:15,06:15,495,F|S,11,10,8,10,30,45,8,38.5,30,0.05,0,2.0.0,20261146
PK-012,2026-12-01,plan,1,Dienstag,2,49,0,0,,Pflegefachkraft,Pflegefachkraft,EXAM|KARDIO_MONITORING,0.75,28.88,6931,6931,6238,7624,5,2,2,8,1,1,Pflegefachkraft,0,0.0,-1530,10,10,1,2,0,2035,1,,,,,,0,,0,,5,5,5,0,814,1,5,5,5,0,712,1,4,4,4,0,509,0,ST-ITS1,Intensivstation,12,Intensivmedizin,2.0,3.0,06:00,14:00,450,,13:30,21:30,450,F,21:15,06:15,495,F|S,11,10,8,10,30,45,8,38.5,30,0.05,0,2.0.0,20261146
PK-013,2026-12-01,plan,1,Dienstag,2,49,0,0,,Pflegefachkraft,Pflegefachkraft,EXAM|KARDIO_MONITORING,1.0,38.5,9240,9240,8316,10164,5,2,2,8,1,1,Pflegefachkraft,0,0.0,-1905,10,10,1,2,0,2035,1,,,,,,1,2,0,,5,5,5,0,814,1,5,5,5,0,712,1,4,4,4,0,509,0,ST-ITS1,Intensivstation,12,Intensivmedizin,2.0,3.0,06:00,14:00,450,,13:30,21:30,450,F,21:15,06:15,495,F|S,11,10,8,10,30,45,8,38.5,30,0.05,0,2.0.0,20261146
PK-014,2026-12-01,plan,1,Dienstag,2,49,0,0,,Pflegefachkraft,Pflegefachkraft,EXAM,1.0,38.5,9240,9240,8316,10164,5,2,2,8,1,1,Pflegefachkraft,0,0.0,-1680,10,10,1,2,0,2035,1,,,,,,0,,0,,5,5,5,0,814,1,5,5,5,0,712,1,4,4,4,0,509,0,ST-ITS1,Intensivstation,12,Intensivmedizin,2.0,3.0,06:00,14:00,450,,13:30,21:30,450,F,21:15,06:15,495,F|S,11,10,8,10,30,45,8,38.5,30,0.05,0,2.0.0,20261146
PK-015,2026-12-01,plan,1,Dienstag,2,49,0,0,,Pflegefachkraft,Pflegefachkraft,EXAM|KARDIO_MONITORING,0.5,19.25,4620,4620,4158,5082,5,2,2,8,1,1,Pflegefachkraft,0,0.0,-930,10,10,1,2,0,2035,1,,,,,,0,,0,,5,5,5,0,814,1,5,5,5,0,712,1,4,4,4,0,509,0,ST-ITS1,Intensivstation,12,Intensivmedizin,2.0,3.0,06:00,14:00,450,,13:30,21:30,450,F,21:15,06:15,495,F|S,11,10,8,10,30,45,8,38.5,30,0.05,0,2.0.0,20261146
PK-016,2026-12-01,plan,1,Dienstag,2,49,0,0,,Pflegefachkraft,Pflegefachkraft,EXAM,0.9,34.65,8316,8316,7484,9148,5,2,2,8,1,1,Pflegefachkraft,0,0.0,1255,10,10,1,2,0,2035,1,,,,,,0,,0,,5,5,5,0,814,1,5,5,5,0,712,1,4,4,4,0,509,0,ST-ITS1,Intensivstation,12,Intensivmedizin,2.0,3.0,06:00,14:00,450,,13:30,21:30,450,F,21:15,06:15,495,F|S,11,10,8,10,30,45,8,38.5,30,0.05,0,2.0.0,20261146
PK-017,2026-12-01,plan,1,Dienstag,2,49,0,0,,Pflegefachkraft,Pflegefachkraft,EXAM|KARDIO_MONITORING,1.0,38.5,9240,9240,8316,10164,5,2,2,8,1,1,Pflegefachkraft,0,0.0,-1680,10,10,1,2,0,2035,1,,,,,,0,,0,,5,5,5,0,814,1,5,5,5,0,712,1,4,4,4,0,509,0,ST-ITS1,Intensivstation,12,Intensivmedizin,2.0,3.0,06:00,14:00,450,,13:30,21:30,450,F,21:15,06:15,495,F|S,11,10,8,10,30,45,8,38.5,30,0.05,0,2.0.0,20261146
PK-018,2026-12-01,plan,1,Dienstag,2,49,0,0,,Pflegefachkraft,Pflegefachkraft,EXAM|PRAXISANLEITUNG,0.6,23.1,5544,5544,4990,6098,5,2,2,8,1,1,Pflegefachkraft,0,0.0,-909,10,10,1,2,0,2035,1,,,,,,0,,0,,5,5,5,0,814,1,5,5,5,0,712,1,4,4,4,0,509,0,ST-ITS1,Intensivstation,12,Intensivmedizin,2.0,3.0,06:00,14:00,450,,13:30,21:30,450,F,21:15,06:15,495,F|S,11,10,8,10,30,45,8,38.5,30,0.05,0,2.0.0,20261146
PK-019,2026-12-01,plan,1,Dienstag,2,49,0,0,,Pflegefachkraft,Pflegefachkraft,EXAM,0.6,23.1,5544,5544,4990,6098,5,2,2,8,1,1,Pflegefachkraft,0,0.0,-954,10,10,1,2,0,2035,1,,,,,,0,,0,,5,5,5,0,814,1,5,5,5,0,712,1,4,4,4,0,509,0,ST-ITS1,Intensivstation,12,Intensivmedizin,2.0,3.0,06:00,14:00,450,,13:30,21:30,450,F,21:15,06:15,495,F|S,11,10,8,10,30,45,8,38.5,30,0.05,0,2.0.0,20261146
PK-020,2026-12-01,plan,1,Dienstag,2,49,0,0,,Pflegefachkraft,Pflegefachkraft,EXAM|PRAXISANLEITUNG,0.8,30.8,7392,7392,6653,8131,5,2,2,8,1,1,Pflegefachkraft,0,0.0,-1497,10,10,1,2,0,2035,1,,,,,,0,,0,,5,5,5,0,814,1,5,5,5,0,712,1,4,4,4,0,509,0,ST-ITS1,Intensivstation,12,Intensivmedizin,2.0,3.0,06:00,14:00,450,,13:30,21:30,450,F,21:15,06:15,495,F|S,11,10,8,10,30,45,8,38.5,30,0.05,0,2.0.0,20261146
PK-021,2026-12-01,plan,1,Dienstag,2,49,0,0,,Pflegefachkraft,Pflegefachkraft,EXAM|PRAXISANLEITUNG,0.5,19.25,4620,4620,4158,5082,5,2,2,8,1,1,Pflegefachkraft,0,0.0,-975,10,10,1,2,0,2035,1,,,,,,0,,0,,5,5,5,0,814,1,5,5,5,0,712,1,4,4,4,0,509,0,ST-ITS1,Intensivstation,12,Intensivmedizin,2.0,3.0,06:00,14:00,450,,13:30,21:30,450,F,21:15,06:15,495,F|S,11,10,8,10,30,45,8,38.5,30,0.05,0,2.0.0,20261146
PK-022,2026-12-01,plan,1,Dienstag,2,49,0,0,,Pflegefachkraft,Pflegefachkraft,EXAM,0.7,26.95,6468,6468,5821,7115,5,2,2,8,1,1,Pflegefachkraft,0,0.0,-1473,10,10,1,2,0,2035,1,,,S,1,,1,12,0,,5,5,5,0,814,1,5,5,5,0,712,1,4,4,4,0,509,0,ST-ITS1,Intensivstation,12,Intensivmedizin,2.0,3.0,06:00,14:00,450,,13:30,21:30,450,F,21:15,06:15,495,F|S,11,10,8,10,30,45,8,38.5,30,0.05,0,2.0.0,20261146
PK-023,2026-12-01,plan,1,Dienstag,2,49,0,0,,Pflegefachkraft,Pflegefachkraft,EXAM,1.0,38.5,9240,9240,8316,10164,5,2,2,8,1,1,Pflegefachkraft,0,0.0,-2040,10,10,1,2,0,2035,1,,,,,,0,,0,,5,5,5,0,814,1,5,5,5,0,712,1,4,4,4,0,509,0,ST-ITS1,Intensivstation,12,Intensivmedizin,2.0,3.0,06:00,14:00,450,,13:30,21:30,450,F,21:15,06:15,495,F|S,11,10,8,10,30,45,8,38.5,30,0.05,0,2.0.0,20261146
PK-024,2026-12-01,plan,1,Dienstag,2,49,0,0,,Pflegefachkraft,Pflegefachkraft,EXAM|PRAXISANLEITUNG,1.0,38.5,9240,9240,8316,10164,5,2,2,8,1,1,Pflegefachkraft,0,0.0,-2310,10,10,1,2,0,2035,1,,,,,,0,,0,,5,5,5,0,814,1,5,5,5,0,712,1,4,4,4,0,509,0,ST-ITS1,Intensivstation,12,Intensivmedizin,2.0,3.0,06:00,14:00,450,,13:30,21:30,450,F,21:15,06:15,495,F|S,11,10,8,10,30,45,8,38.5,30,0.05,0,2.0.0,20261146
PK-025,2026-12-01,plan,1,Dienstag,2,49,0,0,,Pflegefachkraft,Pflegefachkraft,EXAM,1.0,38.5,9240,9240,8316,10164,5,2,2,8,1,1,Pflegefachkraft,0,0.0,-1680,10,10,1,2,0,2035,0,LANGZEITABWESENHEIT,,,,,0,,0,,5,5,5,0,814,1,5,5,5,0,712,1,4,4,4,0,509,0,ST-ITS1,Intensivstation,12,Intensivmedizin,2.0,3.0,06:00,14:00,450,,13:30,21:30,450,F,21:15,06:15,495,F|S,11,10,8,10,30,45,8,38.5,30,0.05,0,2.0.0,20261146
AZ-001,2026-12-02,plan,2,Mittwoch,3,49,0,0,,Auszubildende_r_3_Ausbildungsjahr,Auszubildende,AUSZUBILDEND,1.0,38.5,9240,9240,8316,10164,5,2,2,8,1,0,nicht anrechenbar,0,0.0,-9240,9,7,2,3,0,1402,1,,,,,,0,,0,,5,5,5,0,561,1,5,5,5,0,491,1,3,3,3,0,350,0,ST-ITS1,Intensivstation,12,Intensivmedizin,2.0,3.0,06:00,14:00,450,,13:30,21:30,450,F,21:15,06:15,495,F|S,11,10,8,10,30,45,8,38.5,30,0.05,0,2.0.0,20261146
AZ-002,2026-12-02,plan,2,Mittwoch,3,49,0,0,,Auszubildende_r_2_Ausbildungsjahr,Auszubildende,AUSZUBILDEND,1.0,38.5,9240,9240,8316,10164,5,2,2,8,1,0,nicht anrechenbar,0,0.0,-9240,9,7,2,3,0,1402,1,,,,,,0,,0,,5,5,5,0,561,1,5,5,5,0,491,1,3,3,3,0,350,0,ST-ITS1,Intensivstation,12,Intensivmedizin,2.0,3.0,06:00,14:00,450,,13:30,21:30,450,F,21:15,06:15,495,F|S,11,10,8,10,30,45,8,38.5,30,0.05,0,2.0.0,20261146
AZ-003,2026-12-02,plan,2,Mittwoch,3,49,0,0,,Auszubildende_r_1_Ausbildungsjahr,Auszubildende,AUSZUBILDEND,1.0,38.5,9240,9240,8316,10164,5,2,2,0,0,0,nicht anrechenbar,0,0.0,-9240,9,7,2,3,0,1402,1,,,,,,0,,0,,5,5,5,0,561,1,5,5,5,0,491,1,3,3,3,0,350,0,ST-ITS1,Intensivstation,12,Intensivmedizin,2.0,3.0,06:00,14:00,450,,13:30,21:30,450,F,21:15,06:15,495,F|S,11,10,8,10,30,45,8,38.5,30,0.05,0,2.0.0,20261146
PK-001,2026-12-02,plan,2,Mittwoch,3,49,0,0,,Stationsleitung,Pflegefachkraft,EXAM|LEITUNG|PRAXISANLEITUNG,1.0,38.5,9240,4620,4158,5082,5,2,2,0,0,1,Pflegefachkraft,1,0.5,5814,9,7,2,3,0,1402,1,,,,,,0,,0,,5,5,5,0,561,1,5,5,5,0,491,1,3,3,3,0,350,0,ST-ITS1,Intensivstation,12,Intensivmedizin,2.0,3.0,06:00,14:00,450,,13:30,21:30,450,F,21:15,06:15,495,F|S,11,10,8,10,30,45,8,38.5,30,0.05,0,2.0.0,20261146
PK-002,2026-12-02,plan,2,Mittwoch,3,49,0,0,,Pflegefachkraft,Pflegefachkraft,EXAM|PRAXISANLEITUNG|KARDIO_MONITORING,1.0,38.5,9240,9240,8316,10164,5,2,2,8,1,1,Pflegefachkraft,0,0.0,-1815,9,7,2,3,0,1402,1,,,,,,0,,0,,5,5,5,0,561,1,5,5,5,0,491,1,3,3,3,0,350,0,ST-ITS1,Intensivstation,12,Intensivmedizin,2.0,3.0,06:00,14:00,450,,13:30,21:30,450,F,21:15,06:15,495,F|S,11,10,8,10,30,45,8,38.5,30,0.05,0,2.0.0,20261146
PK-003,2026-12-02,plan,2,Mittwoch,3,49,0,0,,Pflegefachkraft,Pflegefachkraft,EXAM,1.0,38.5,9240,9240,8316,10164,5,2,2,8,1,1,Pflegefachkraft,0,0.0,-1815,9,7,2,3,0,1402,1,,,,,,1,24,0,,5,5,5,0,561,1,5,5,5,0,491,1,3,3,3,0,350,0,ST-ITS1,Intensivstation,12,Intensivmedizin,2.0,3.0,06:00,14:00,450,,13:30,21:30,450,F,21:15,06:15,495,F|S,11,10,8,10,30,45,8,38.5,30,0.05,0,2.0.0,20261146
PK-004,2026-12-02,plan,2,Mittwoch,3,49,0,0,,Pflegefachkraft,Pflegefachkraft,EXAM,1.0,38.5,9240,9240,8316,10164,5,2,2,8,1,1,Pflegefachkraft,0,0.0,-1995,9,7,2,3,0,1402,1,,,,,,0,,0,,5,5,5,0,561,1,5,5,5,0,491,1,3,3,3,0,350,0,ST-ITS1,Intensivstation,12,Intensivmedizin,2.0,3.0,06:00,14:00,450,,13:30,21:30,450,F,21:15,06:15,495,F|S,11,10,8,10,30,45,8,38.5,30,0.05,0,2.0.0,20261146
PK-005,2026-12-02,plan,2,Mittwoch,3,49,0,0,,Pflegefachkraft,Pflegefachkraft,EXAM,1.0,38.5,9240,9240,8316,10164,5,2,2,8,1,1,Pflegefachkraft,0,0.0,-1905,9,7,2,3,0,1402,1,,,,,,0,,0,,5,5,5,0,561,1,5,5,5,0,491,1,3,3,3,0,350,0,ST-ITS1,Intensivstation,12,Intensivmedizin,2.0,3.0,06:00,14:00,450,,13:30,21:30,450,F,21:15,06:15,495,F|S,11,10,8,10,30,45,8,38.5,30,0.05,0,2.0.0,20261146
PK-006,2026-12-02,plan,2,Mittwoch,3,49,0,0,,Pflegefachkraft,Pflegefachkraft,EXAM|PRAXISANLEITUNG|KARDIO_MONITORING,1.0,38.5,9240,9240,8316,10164,5,2,2,8,1,1,Pflegefachkraft,0,0.0,-1905,9,7,2,3,0,1402,1,,,,,,0,,0,,5,5,5,0,561,1,5,5,5,0,491,1,3,3,3,0,350,0,ST-ITS1,Intensivstation,12,Intensivmedizin,2.0,3.0,06:00,14:00,450,,13:30,21:30,450,F,21:15,06:15,495,F|S,11,10,8,10,30,45,8,38.5,30,0.05,0,2.0.0,20261146
PK-007,2026-12-02,plan,2,Mittwoch,3,49,0,0,,Pflegefachkraft,Pflegefachkraft,EXAM,1.0,38.5,9240,9240,8316,10164,5,2,2,8,1,1,Pflegefachkraft,0,0.0,1104,9,7,2,3,0,1402,1,,,,,,0,,0,,5,5,5,0,561,1,5,5,5,0,491,1,3,3,3,0,350,0,ST-ITS1,Intensivstation,12,Intensivmedizin,2.0,3.0,06:00,14:00,450,,13:30,21:30,450,F,21:15,06:15,495,F|S,11,10,8,10,30,45,8,38.5,30,0.05,0,2.0.0,20261146
PK-008,2026-12-02,plan,2,Mittwoch,3,49,0,0,,Pflegefachkraft,Pflegefachkraft,EXAM|KARDIO_MONITORING,1.0,38.5,9240,9240,8316,10164,5,2,2,8,1,1,Pflegefachkraft,0,0.0,-2265,9,7,2,3,0,1402,1,,,,,,0,,0,,5,5,5,0,561,1,5,5,5,0,491,1,3,3,3,0,350,0,ST-ITS1,Intensivstation,12,Intensivmedizin,2.0,3.0,06:00,14:00,450,,13:30,21:30,450,F,21:15,06:15,495,F|S,11,10,8,10,30,45,8,38.5,30,0.05,0,2.0.0,20261146
PK-009,2026-12-02,plan,2,Mittwoch,3,49,0,0,,Pflegefachkraft,Pflegefachkraft,EXAM,1.0,38.5,9240,9240,8316,10164,5,2,2,8,1,1,Pflegefachkraft,0,0.0,-1995,9,7,2,3,0,1402,1,,,,,,0,,0,,5,5,5,0,561,1,5,5,5,0,491,1,3,3,3,0,350,0,ST-ITS1,Intensivstation,12,Intensivmedizin,2.0,3.0,06:00,14:00,450,,13:30,21:30,450,F,21:15,06:15,495,F|S,11,10,8,10,30,45,8,38.5,30,0.05,0,2.0.0,20261146
PK-010,2026-12-02,plan,2,Mittwoch,3,49,0,0,,Pflegefachkraft,Pflegefachkraft,EXAM|PRAXISANLEITUNG|KARDIO_MONITORING,0.6,23.1,5544,5544,4990,6098,5,2,2,8,1,1,Pflegefachkraft,0,0.0,-999,9,7,2,3,0,1402,1,,,,,,0,,0,,5,5,5,0,561,1,5,5,5,0,491,1,3,3,3,0,350,0,ST-ITS1,Intensivstation,12,Intensivmedizin,2.0,3.0,06:00,14:00,450,,13:30,21:30,450,F,21:15,06:15,495,F|S,11,10,8,10,30,45,8,38.5,30,0.05,0,2.0.0,20261146
PK-011,2026-12-02,plan,2,Mittwoch,3,49,0,0,,Pflegefachkraft,Pflegefachkraft,EXAM|KARDIO_MONITORING,0.5,19.25,4620,4620,4158,5082,5,2,2,8,1,1,Pflegefachkraft,0,0.0,-1020,9,7,2,3,0,1402,1,,,,,,0,,0,,5,5,5,0,561,1,5,5,5,0,491,1,3,3,3,0,350,0,ST-ITS1,Intensivstation,12,Intensivmedizin,2.0,3.0,06:00,14:00,450,,13:30,21:30,450,F,21:15,06:15,495,F|S,11,10,8,10,30,45,8,38.5,30,0.05,0,2.0.0,20261146
PK-012,2026-12-02,plan,2,Mittwoch,3,49,0,0,,Pflegefachkraft,Pflegefachkraft,EXAM|KARDIO_MONITORING,0.75,28.88,6931,6931,6238,7624,5,2,2,8,1,1,Pflegefachkraft,0,0.0,-1530,9,7,2,3,0,1402,1,,,,,,0,,0,,5,5,5,0,561,1,5,5,5,0,491,1,3,3,3,0,350,0,ST-ITS1,Intensivstation,12,Intensivmedizin,2.0,3.0,06:00,14:00,450,,13:30,21:30,450,F,21:15,06:15,495,F|S,11,10,8,10,30,45,8,38.5,30,0.05,0,2.0.0,20261146
PK-013,2026-12-02,plan,2,Mittwoch,3,49,0,0,,Pflegefachkraft,Pflegefachkraft,EXAM|KARDIO_MONITORING,1.0,38.5,9240,9240,8316,10164,5,2,2,8,1,1,Pflegefachkraft,0,0.0,-1905,9,7,2,3,0,1402,1,,,,,,0,,0,,5,5,5,0,561,1,5,5,5,0,491,1,3,3,3,0,350,0,ST-ITS1,Intensivstation,12,Intensivmedizin,2.0,3.0,06:00,14:00,450,,13:30,21:30,450,F,21:15,06:15,495,F|S,11,10,8,10,30,45,8,38.5,30,0.05,0,2.0.0,20261146
PK-014,2026-12-02,plan,2,Mittwoch,3,49,0,0,,Pflegefachkraft,Pflegefachkraft,EXAM,1.0,38.5,9240,9240,8316,10164,5,2,2,8,1,1,Pflegefachkraft,0,0.0,-1680,9,7,2,3,0,1402,1,,,,,,0,,0,,5,5,5,0,561,1,5,5,5,0,491,1,3,3,3,0,350,0,ST-ITS1,Intensivstation,12,Intensivmedizin,2.0,3.0,06:00,14:00,450,,13:30,21:30,450,F,21:15,06:15,495,F|S,11,10,8,10,30,45,8,38.5,30,0.05,0,2.0.0,20261146
PK-015,2026-12-02,plan,2,Mittwoch,3,49,0,0,,Pflegefachkraft,Pflegefachkraft,EXAM|KARDIO_MONITORING,0.5,19.25,4620,4620,4158,5082,5,2,2,8,1,1,Pflegefachkraft,0,0.0,-930,9,7,2,3,0,1402,1,,,,,,0,,0,,5,5,5,0,561,1,5,5,5,0,491,1,3,3,3,0,350,0,ST-ITS1,Intensivstation,12,Intensivmedizin,2.0,3.0,06:00,14:00,450,,13:30,21:30,450,F,21:15,06:15,495,F|S,11,10,8,10,30,45,8,38.5,30,0.05,0,2.0.0,20261146
PK-016,2026-12-02,plan,2,Mittwoch,3,49,0,0,,Pflegefachkraft,Pflegefachkraft,EXAM,0.9,34.65,8316,8316,7484,9148,5,2,2,8,1,1,Pflegefachkraft,0,0.0,1255,9,7,2,3,0,1402,1,,,,,,0,,0,,5,5,5,0,561,1,5,5,5,0,491,1,3,3,3,0,350,0,ST-ITS1,Intensivstation,12,Intensivmedizin,2.0,3.0,06:00,14:00,450,,13:30,21:30,450,F,21:15,06:15,495,F|S,11,10,8,10,30,45,8,38.5,30,0.05,0,2.0.0,20261146
PK-017,2026-12-02,plan,2,Mittwoch,3,49,0,0,,Pflegefachkraft,Pflegefachkraft,EXAM|KARDIO_MONITORING,1.0,38.5,9240,9240,8316,10164,5,2,2,8,1,1,Pflegefachkraft,0,0.0,-1680,9,7,2,3,0,1402,1,,,,,,0,,0,,5,5,5,0,561,1,5,5,5,0,491,1,3,3,3,0,350,0,ST-ITS1,Intensivstation,12,Intensivmedizin,2.0,3.0,06:00,14:00,450,,13:30,21:30,450,F,21:15,06:15,495,F|S,11,10,8,10,30,45,8,38.5,30,0.05,0,2.0.0,20261146
PK-018,2026-12-02,plan,2,Mittwoch,3,49,0,0,,Pflegefachkraft,Pflegefachkraft,EXAM|PRAXISANLEITUNG,0.6,23.1,5544,5544,4990,6098,5,2,2,8,1,1,Pflegefachkraft,0,0.0,-909,9,7,2,3,0,1402,1,,,,,,1,2,0,,5,5,5,0,561,1,5,5,5,0,491,1,3,3,3,0,350,0,ST-ITS1,Intensivstation,12,Intensivmedizin,2.0,3.0,06:00,14:00,450,,13:30,21:30,450,F,21:15,06:15,495,F|S,11,10,8,10,30,45,8,38.5,30,0.05,0,2.0.0,20261146
PK-019,2026-12-02,plan,2,Mittwoch,3,49,0,0,,Pflegefachkraft,Pflegefachkraft,EXAM,0.6,23.1,5544,5544,4990,6098,5,2,2,8,1,1,Pflegefachkraft,0,0.0,-954,9,7,2,3,0,1402,1,,,,,,0,,0,,5,5,5,0,561,1,5,5,5,0,491,1,3,3,3,0,350,0,ST-ITS1,Intensivstation,12,Intensivmedizin,2.0,3.0,06:00,14:00,450,,13:30,21:30,450,F,21:15,06:15,495,F|S,11,10,8,10,30,45,8,38.5,30,0.05,0,2.0.0,20261146
PK-020,2026-12-02,plan,2,Mittwoch,3,49,0,0,,Pflegefachkraft,Pflegefachkraft,EXAM|PRAXISANLEITUNG,0.8,30.8,7392,7392,6653,8131,5,2,2,8,1,1,Pflegefachkraft,0,0.0,-1497,9,7,2,3,0,1402,1,,3,,,,0,,0,,5,5,5,0,561,1,5,5,5,0,491,1,3,3,3,0,350,0,ST-ITS1,Intensivstation,12,Intensivmedizin,2.0,3.0,06:00,14:00,450,,13:30,21:30,450,F,21:15,06:15,495,F|S,11,10,8,10,30,45,8,38.5,30,0.05,0,2.0.0,20261146
PK-021,2026-12-02,plan,2,Mittwoch,3,49,0,0,,Pflegefachkraft,Pflegefachkraft,EXAM|PRAXISANLEITUNG,0.5,19.25,4620,4620,4158,5082,5,2,2,8,1,1,Pflegefachkraft,0,0.0,-975,9,7,2,3,0,1402,1,,,,,,0,,0,,5,5,5,0,561,1,5,5,5,0,491,1,3,3,3,0,350,0,ST-ITS1,Intensivstation,12,Intensivmedizin,2.0,3.0,06:00,14:00,450,,13:30,21:30,450,F,21:15,06:15,495,F|S,11,10,8,10,30,45,8,38.5,30,0.05,0,2.0.0,20261146
PK-022,2026-12-02,plan,2,Mittwoch,3,49,0,0,,Pflegefachkraft,Pflegefachkraft,EXAM,0.7,26.95,6468,6468,5821,7115,5,2,2,8,1,1,Pflegefachkraft,0,0.0,-1473,9,7,2,3,0,1402,1,,,,,,0,,0,,5,5,5,0,561,1,5,5,5,0,491,1,3,3,3,0,350,0,ST-ITS1,Intensivstation,12,Intensivmedizin,2.0,3.0,06:00,14:00,450,,13:30,21:30,450,F,21:15,06:15,495,F|S,11,10,8,10,30,45,8,38.5,30,0.05,0,2.0.0,20261146
PK-023,2026-12-02,plan,2,Mittwoch,3,49,0,0,,Pflegefachkraft,Pflegefachkraft,EXAM,1.0,38.5,9240,9240,8316,10164,5,2,2,8,1,1,Pflegefachkraft,0,0.0,-2040,9,7,2,3,0,1402,1,,,,,,0,,0,,5,5,5,0,561,1,5,5,5,0,491,1,3,3,3,0,350,0,ST-ITS1,Intensivstation,12,Intensivmedizin,2.0,3.0,06:00,14:00,450,,13:30,21:30,450,F,21:15,06:15,495,F|S,11,10,8,10,30,45,8,38.5,30,0.05,0,2.0.0,20261146
PK-024,2026-12-02,plan,2,Mittwoch,3,49,0,0,,Pflegefachkraft,Pflegefachkraft,EXAM|PRAXISANLEITUNG,1.0,38.5,9240,9240,8316,10164,5,2,2,8,1,1,Pflegefachkraft,0,0.0,-2310,9,7,2,3,0,1402,1,,,,,,0,,0,,5,5,5,0,561,1,5,5,5,0,491,1,3,3,3,0,350,0,ST-ITS1,Intensivstation,12,Intensivmedizin,2.0,3.0,06:00,14:00,450,,13:30,21:30,450,F,21:15,06:15,495,F|S,11,10,8,10,30,45,8,38.5,30,0.05,0,2.0.0,20261146
PK-025,2026-12-02,plan,2,Mittwoch,3,49,0,0,,Pflegefachkraft,Pflegefachkraft,EXAM,1.0,38.5,9240,9240,8316,10164,5,2,2,8,1,1,Pflegefachkraft,0,0.0,-1680,9,7,2,3,0,1402,0,LANGZEITABWESENHEIT,,,,,0,,0,,5,5,5,0,561,1,5,5,5,0,491,1,3,3,3,0,350,0,ST-ITS1,Intensivstation,12,Intensivmedizin,2.0,3.0,06:00,14:00,450,,13:30,21:30,450,F,21:15,06:15,495,F|S,11,10,8,10,30,45,8,38.5,30,0.05,0,2.0.0,20261146
AZ-001,2026-12-03,plan,3,Donnerstag,4,49,0,0,,Auszubildende_r_3_Ausbildungsjahr,Auszubildende,AUSZUBILDEND,1.0,38.5,9240,9240,8316,10164,5,2,2,8,1,0,nicht anrechenbar,0,0.0,-9240,9,9,1,1,0,1454,1,,,,,,0,,0,,5,5,5,0,582,1,5,5,5,0,509,1,3,3,3,0,364,0,ST-ITS1,Intensivstation,12,Intensivmedizin,2.0,3.0,06:00,14:00,450,,13:30,21:30,450,F,21:15,06:15,495,F|S,11,10,8,10,30,45,8,38.5,30,0.05,0,2.0.0,20261146
AZ-002,2026-12-03,plan,3,Donnerstag,4,49,0,0,,Auszubildende_r_2_Ausbildungsjahr,Auszubildende,AUSZUBILDEND,1.0,38.5,9240,9240,8316,10164,5,2,2,8,1,0,nicht anrechenbar,0,0.0,-9240,9,9,1,1,0,1454,1,,,,,,0,,0,,5,5,5,0,582,1,5,5,5,0,509,1,3,3,3,0,364,0,ST-ITS1,Intensivstation,12,Intensivmedizin,2.0,3.0,06:00,14:00,450,,13:30,21:30,450,F,21:15,06:15,495,F|S,11,10,8,10,30,45,8,38.5,30,0.05,0,2.0.0,20261146
AZ-003,2026-12-03,plan,3,Donnerstag,4,49,0,0,,Auszubildende_r_1_Ausbildungsjahr,Auszubildende,AUSZUBILDEND,1.0,38.5,9240,9240,8316,10164,5,2,2,0,0,0,nicht anrechenbar,0,0.0,-9240,9,9,1,1,0,1454,1,,,,,,0,,0,,5,5,5,0,582,1,5,5,5,0,509,1,3,3,3,0,364,0,ST-ITS1,Intensivstation,12,Intensivmedizin,2.0,3.0,06:00,14:00,450,,13:30,21:30,450,F,21:15,06:15,495,F|S,11,10,8,10,30,45,8,38.5,30,0.05,0,2.0.0,20261146
PK-001,2026-12-03,plan,3,Donnerstag,4,49,0,0,,Stationsleitung,Pflegefachkraft,EXAM|LEITUNG|PRAXISANLEITUNG,1.0,38.5,9240,4620,4158,5082,5,2,2,0,0,1,Pflegefachkraft,1,0.5,5814,9,9,1,1,0,1454,1,,,,,,0,,0,,5,5,5,0,582,1,5,5,5,0,509,1,3,3,3,0,364,0,ST-ITS1,Intensivstation,12,Intensivmedizin,2.0,3.0,06:00,14:00,450,,13:30,21:30,450,F,21:15,06:15,495,F|S,11,10,8,10,30,45,8,38.5,30,0.05,0,2.0.0,20261146
PK-002,2026-12-03,plan,3,Donnerstag,4,49,0,0,,Pflegefachkraft,Pflegefachkraft,EXAM|PRAXISANLEITUNG|KARDIO_MONITORING,1.0,38.5,9240,9240,8316,10164,5,2,2,8,1,1,Pflegefachkraft,0,0.0,-1815,9,9,1,1,0,1454,1,,,,,,0,,0,,5,5,5,0,582,1,5,5,5,0,509,1,3,3,3,0,364,0,ST-ITS1,Intensivstation,12,Intensivmedizin,2.0,3.0,06:00,14:00,450,,13:30,21:30,450,F,21:15,06:15,495,F|S,11,10,8,10,30,45,8,38.5,30,0.05,0,2.0.0,20261146
PK-003,2026-12-03,plan,3,Donnerstag,4,49,0,0,,Pflegefachkraft,Pflegefachkraft,EXAM,1.0,38.5,9240,9240,8316,10164,5,2,2,8,1,1,Pflegefachkraft,0,0.0,-1815,9,9,1,1,0,1454,1,,,,,,0,,0,,5,5,5,0,582,1,5,5,5,0,509,1,3,3,3,0,364,0,ST-ITS1,Intensivstation,12,Intensivmedizin,2.0,3.0,06:00,14:00,450,,13:30,21:30,450,F,21:15,06:15,495,F|S,11,10,8,10,30,45,8,38.5,30,0.05,0,2.0.0,20261146
PK-004,2026-12-03,plan,3,Donnerstag,4,49,0,0,,Pflegefachkraft,Pflegefachkraft,EXAM,1.0,38.5,9240,9240,8316,10164,5,2,2,8,1,1,Pflegefachkraft,0,0.0,-1995,9,9,1,1,0,1454,1,,,,,,0,,0,,5,5,5,0,582,1,5,5,5,0,509,1,3,3,3,0,364,0,ST-ITS1,Intensivstation,12,Intensivmedizin,2.0,3.0,06:00,14:00,450,,13:30,21:30,450,F,21:15,06:15,495,F|S,11,10,8,10,30,45,8,38.5,30,0.05,0,2.0.0,20261146
PK-005,2026-12-03,plan,3,Donnerstag,4,49,0,0,,Pflegefachkraft,Pflegefachkraft,EXAM,1.0,38.5,9240,9240,8316,10164,5,2,2,8,1,1,Pflegefachkraft,0,0.0,-1905,9,9,1,1,0,1454,1,,,,,,0,,0,,5,5,5,0,582,1,5,5,5,0,509,1,3,3,3,0,364,0,ST-ITS1,Intensivstation,12,Intensivmedizin,2.0,3.0,06:00,14:00,450,,13:30,21:30,450,F,21:15,06:15,495,F|S,11,10,8,10,30,45,8,38.5,30,0.05,0,2.0.0,20261146
PK-006,2026-12-03,plan,3,Donnerstag,4,49,0,0,,Pflegefachkraft,Pflegefachkraft,EXAM|PRAXISANLEITUNG|KARDIO_MONITORING,1.0,38.5,9240,9240,8316,10164,5,2,2,8,1,1,Pflegefachkraft,0,0.0,-1905,9,9,1,1,0,1454,1,,,,,,0,,0,,5,5,5,0,582,1,5,5,5,0,509,1,3,3,3,0,364,0,ST-ITS1,Intensivstation,12,Intensivmedizin,2.0,3.0,06:00,14:00,450,,13:30,21:30,450,F,21:15,06:15,495,F|S,11,10,8,10,30,45,8,38.5,30,0.05,0,2.0.0,20261146
PK-007,2026-12-03,plan,3,Donnerstag,4,49,0,0,,Pflegefachkraft,Pflegefachkraft,EXAM,1.0,38.5,9240,9240,8316,10164,5,2,2,8,1,1,Pflegefachkraft,0,0.0,1104,9,9,1,1,0,1454,1,,,,,,0,,0,,5,5,5,0,582,1,5,5,5,0,509,1,3,3,3,0,364,0,ST-ITS1,Intensivstation,12,Intensivmedizin,2.0,3.0,06:00,14:00,450,,13:30,21:30,450,F,21:15,06:15,495,F|S,11,10,8,10,30,45,8,38.5,30,0.05,0,2.0.0,20261146
PK-008,2026-12-03,plan,3,Donnerstag,4,49,0,0,,Pflegefachkraft,Pflegefachkraft,EXAM|KARDIO_MONITORING,1.0,38.5,9240,9240,8316,10164,5,2,2,8,1,1,Pflegefachkraft,0,0.0,-2265,9,9,1,1,0,1454,1,,,,,,0,,0,,5,5,5,0,582,1,5,5,5,0,509,1,3,3,3,0,364,0,ST-ITS1,Intensivstation,12,Intensivmedizin,2.0,3.0,06:00,14:00,450,,13:30,21:30,450,F,21:15,06:15,495,F|S,11,10,8,10,30,45,8,38.5,30,0.05,0,2.0.0,20261146
PK-009,2026-12-03,plan,3,Donnerstag,4,49,0,0,,Pflegefachkraft,Pflegefachkraft,EXAM,1.0,38.5,9240,9240,8316,10164,5,2,2,8,1,1,Pflegefachkraft,0,0.0,-1995,9,9,1,1,0,1454,1,,,,,,0,,0,,5,5,5,0,582,1,5,5,5,0,509,1,3,3,3,0,364,0,ST-ITS1,Intensivstation,12,Intensivmedizin,2.0,3.0,06:00,14:00,450,,13:30,21:30,450,F,21:15,06:15,495,F|S,11,10,8,10,30,45,8,38.5,30,0.05,0,2.0.0,20261146
PK-010,2026-12-03,plan,3,Donnerstag,4,49,0,0,,Pflegefachkraft,Pflegefachkraft,EXAM|PRAXISANLEITUNG|KARDIO_MONITORING,0.6,23.1,5544,5544,4990,6098,5,2,2,8,1,1,Pflegefachkraft,0,0.0,-999,9,9,1,1,0,1454,1,,,,,,0,,0,,5,5,5,0,582,1,5,5,5,0,509,1,3,3,3,0,364,0,ST-ITS1,Intensivstation,12,Intensivmedizin,2.0,3.0,06:00,14:00,450,,13:30,21:30,450,F,21:15,06:15,495,F|S,11,10,8,10,30,45,8,38.5,30,0.05,0,2.0.0,20261146
PK-011,2026-12-03,plan,3,Donnerstag,4,49,0,0,,Pflegefachkraft,Pflegefachkraft,EXAM|KARDIO_MONITORING,0.5,19.25,4620,4620,4158,5082,5,2,2,8,1,1,Pflegefachkraft,0,0.0,-1020,9,9,1,1,0,1454,1,,,,,,0,,0,,5,5,5,0,582,1,5,5,5,0,509,1,3,3,3,0,364,0,ST-ITS1,Intensivstation,12,Intensivmedizin,2.0,3.0,06:00,14:00,450,,13:30,21:30,450,F,21:15,06:15,495,F|S,11,10,8,10,30,45,8,38.5,30,0.05,0,2.0.0,20261146
PK-012,2026-12-03,plan,3,Donnerstag,4,49,0,0,,Pflegefachkraft,Pflegefachkraft,EXAM|KARDIO_MONITORING,0.75,28.88,6931,6931,6238,7624,5,2,2,8,1,1,Pflegefachkraft,0,0.0,-1530,9,9,1,1,0,1454,1,,,,,,0,,0,,5,5,5,0,582,1,5,5,5,0,509,1,3,3,3,0,364,0,ST-ITS1,Intensivstation,12,Intensivmedizin,2.0,3.0,06:00,14:00,450,,13:30,21:30,450,F,21:15,06:15,495,F|S,11,10,8,10,30,45,8,38.5,30,0.05,0,2.0.0,20261146
PK-013,2026-12-03,plan,3,Donnerstag,4,49,0,0,,Pflegefachkraft,Pflegefachkraft,EXAM|KARDIO_MONITORING,1.0,38.5,9240,9240,8316,10164,5,2,2,8,1,1,Pflegefachkraft,0,0.0,-1905,9,9,1,1,0,1454,1,,,,,,0,,0,,5,5,5,0,582,1,5,5,5,0,509,1,3,3,3,0,364,0,ST-ITS1,Intensivstation,12,Intensivmedizin,2.0,3.0,06:00,14:00,450,,13:30,21:30,450,F,21:15,06:15,495,F|S,11,10,8,10,30,45,8,38.5,30,0.05,0,2.0.0,20261146
PK-014,2026-12-03,plan,3,Donnerstag,4,49,0,0,,Pflegefachkraft,Pflegefachkraft,EXAM,1.0,38.5,9240,9240,8316,10164,5,2,2,8,1,1,Pflegefachkraft,0,0.0,-1680,9,9,1,1,0,1454,1,,,,,,0,,0,,5,5,5,0,582,1,5,5,5,0,509,1,3,3,3,0,364,0,ST-ITS1,Intensivstation,12,Intensivmedizin,2.0,3.0,06:00,14:00,450,,13:30,21:30,450,F,21:15,06:15,495,F|S,11,10,8,10,30,45,8,38.5,30,0.05,0,2.0.0,20261146
PK-015,2026-12-03,plan,3,Donnerstag,4,49,0,0,,Pflegefachkraft,Pflegefachkraft,EXAM|KARDIO_MONITORING,0.5,19.25,4620,4620,4158,5082,5,2,2,8,1,1,Pflegefachkraft,0,0.0,-930,9,9,1,1,0,1454,1,,,,,,0,,0,,5,5,5,0,582,1,5,5,5,0,509,1,3,3,3,0,364,0,ST-ITS1,Intensivstation,12,Intensivmedizin,2.0,3.0,06:00,14:00,450,,13:30,21:30,450,F,21:15,06:15,495,F|S,11,10,8,10,30,45,8,38.5,30,0.05,0,2.0.0,20261146
PK-016,2026-12-03,plan,3,Donnerstag,4,49,0,0,,Pflegefachkraft,Pflegefachkraft,EXAM,0.9,34.65,8316,8316,7484,9148,5,2,2,8,1,1,Pflegefachkraft,0,0.0,1255,9,9,1,1,0,1454,1,,,,,,0,,0,,5,5,5,0,582,1,5,5,5,0,509,1,3,3,3,0,364,0,ST-ITS1,Intensivstation,12,Intensivmedizin,2.0,3.0,06:00,14:00,450,,13:30,21:30,450,F,21:15,06:15,495,F|S,11,10,8,10,30,45,8,38.5,30,0.05,0,2.0.0,20261146
PK-017,2026-12-03,plan,3,Donnerstag,4,49,0,0,,Pflegefachkraft,Pflegefachkraft,EXAM|KARDIO_MONITORING,1.0,38.5,9240,9240,8316,10164,5,2,2,8,1,1,Pflegefachkraft,0,0.0,-1680,9,9,1,1,0,1454,1,,,,,,0,,0,,5,5,5,0,582,1,5,5,5,0,509,1,3,3,3,0,364,0,ST-ITS1,Intensivstation,12,Intensivmedizin,2.0,3.0,06:00,14:00,450,,13:30,21:30,450,F,21:15,06:15,495,F|S,11,10,8,10,30,45,8,38.5,30,0.05,0,2.0.0,20261146
PK-018,2026-12-03,plan,3,Donnerstag,4,49,0,0,,Pflegefachkraft,Pflegefachkraft,EXAM|PRAXISANLEITUNG,0.6,23.1,5544,5544,4990,6098,5,2,2,8,1,1,Pflegefachkraft,0,0.0,-909,9,9,1,1,0,1454,1,,,,,,0,,0,,5,5,5,0,582,1,5,5,5,0,509,1,3,3,3,0,364,0,ST-ITS1,Intensivstation,12,Intensivmedizin,2.0,3.0,06:00,14:00,450,,13:30,21:30,450,F,21:15,06:15,495,F|S,11,10,8,10,30,45,8,38.5,30,0.05,0,2.0.0,20261146
PK-019,2026-12-03,plan,3,Donnerstag,4,49,0,0,,Pflegefachkraft,Pflegefachkraft,EXAM,0.6,23.1,5544,5544,4990,6098,5,2,2,8,1,1,Pflegefachkraft,0,0.0,-954,9,9,1,1,0,1454,1,,,,,,0,,0,,5,5,5,0,582,1,5,5,5,0,509,1,3,3,3,0,364,0,ST-ITS1,Intensivstation,12,Intensivmedizin,2.0,3.0,06:00,14:00,450,,13:30,21:30,450,F,21:15,06:15,495,F|S,11,10,8,10,30,45,8,38.5,30,0.05,0,2.0.0,20261146
PK-020,2026-12-03,plan,3,Donnerstag,4,49,0,0,,Pflegefachkraft,Pflegefachkraft,EXAM|PRAXISANLEITUNG,0.8,30.8,7392,7392,6653,8131,5,2,2,8,1,1,Pflegefachkraft,0,0.0,-1497,9,9,1,1,0,1454,1,,,,,,0,,0,,5,5,5,0,582,1,5,5,5,0,509,1,3,3,3,0,364,0,ST-ITS1,Intensivstation,12,Intensivmedizin,2.0,3.0,06:00,14:00,450,,13:30,21:30,450,F,21:15,06:15,495,F|S,11,10,8,10,30,45,8,38.5,30,0.05,0,2.0.0,20261146
PK-021,2026-12-03,plan,3,Donnerstag,4,49,0,0,,Pflegefachkraft,Pflegefachkraft,EXAM|PRAXISANLEITUNG,0.5,19.25,4620,4620,4158,5082,5,2,2,8,1,1,Pflegefachkraft,0,0.0,-975,9,9,1,1,0,1454,1,,,N,1,,0,,0,,5,5,5,0,582,1,5,5,5,0,509,1,3,3,3,0,364,0,ST-ITS1,Intensivstation,12,Intensivmedizin,2.0,3.0,06:00,14:00,450,,13:30,21:30,450,F,21:15,06:15,495,F|S,11,10,8,10,30,45,8,38.5,30,0.05,0,2.0.0,20261146
PK-022,2026-12-03,plan,3,Donnerstag,4,49,0,0,,Pflegefachkraft,Pflegefachkraft,EXAM,0.7,26.95,6468,6468,5821,7115,5,2,2,8,1,1,Pflegefachkraft,0,0.0,-1473,9,9,1,1,0,1454,0,URLAUB,,,,,0,,0,,5,5,5,0,582,1,5,5,5,0,509,1,3,3,3,0,364,0,ST-ITS1,Intensivstation,12,Intensivmedizin,2.0,3.0,06:00,14:00,450,,13:30,21:30,450,F,21:15,06:15,495,F|S,11,10,8,10,30,45,8,38.5,30,0.05,0,2.0.0,20261146
PK-023,2026-12-03,plan,3,Donnerstag,4,49,0,0,,Pflegefachkraft,Pflegefachkraft,EXAM,1.0,38.5,9240,9240,8316,10164,5,2,2,8,1,1,Pflegefachkraft,0,0.0,-2040,9,9,1,1,0,1454,1,,,S,2,,1,4,0,,5,5,5,0,582,1,5,5,5,0,509,1,3,3,3,0,364,0,ST-ITS1,Intensivstation,12,Intensivmedizin,2.0,3.0,06:00,14:00,450,,13:30,21:30,450,F,21:15,06:15,495,F|S,11,10,8,10,30,45,8,38.5,30,0.05,0,2.0.0,20261146
PK-024,2026-12-03,plan,3,Donnerstag,4,49,0,0,,Pflegefachkraft,Pflegefachkraft,EXAM|PRAXISANLEITUNG,1.0,38.5,9240,9240,8316,10164,5,2,2,8,1,1,Pflegefachkraft,0,0.0,-2310,9,9,1,1,0,1454,1,,,,,,0,,0,,5,5,5,0,582,1,5,5,5,0,509,1,3,3,3,0,364,0,ST-ITS1,Intensivstation,12,Intensivmedizin,2.0,3.0,06:00,14:00,450,,13:30,21:30,450,F,21:15,06:15,495,F|S,11,10,8,10,30,45,8,38.5,30,0.05,0,2.0.0,20261146
PK-025,2026-12-03,plan,3,Donnerstag,4,49,0,0,,Pflegefachkraft,Pflegefachkraft,EXAM,1.0,38.5,9240,9240,8316,10164,5,2,2,8,1,1,Pflegefachkraft,0,0.0,-1680,9,9,1,1,0,1454,0,LANGZEITABWESENHEIT,,,,,0,,0,,5,5,5,0,582,1,5,5,5,0,509,1,3,3,3,0,364,0,ST-ITS1,Intensivstation,12,Intensivmedizin,2.0,3.0,06:00,14:00,450,,13:30,21:30,450,F,21:15,06:15,495,F|S,11,10,8,10,30,45,8,38.5,30,0.05,0,2.0.0,20261146
AZ-001,2026-12-04,plan,4,Freitag,5,49,0,0,,Auszubildende_r_3_Ausbildungsjahr,Auszubildende,AUSZUBILDEND,1.0,38.5,9240,9240,8316,10164,5,2,2,8,1,0,nicht anrechenbar,0,0.0,-9240,9,9,0,2,0,1410,1,,,,,,0,,0,,5,5,5,0,564,1,5,5,5,0,493,1,3,3,3,0,352,0,ST-ITS1,Intensivstation,12,Intensivmedizin,2.0,3.0,06:00,14:00,450,,13:30,21:30,450,F,21:15,06:15,495,F|S,11,10,8,10,30,45,8,38.5,30,0.05,0,2.0.0,20261146
AZ-002,2026-12-04,plan,4,Freitag,5,49,0,0,,Auszubildende_r_2_Ausbildungsjahr,Auszubildende,AUSZUBILDEND,1.0,38.5,9240,9240,8316,10164,5,2,2,8,1,0,nicht anrechenbar,0,0.0,-9240,9,9,0,2,0,1410,1,,,,,,0,,0,,5,5,5,0,564,1,5,5,5,0,493,1,3,3,3,0,352,0,ST-ITS1,Intensivstation,12,Intensivmedizin,2.0,3.0,06:00,14:00,450,,13:30,21:30,450,F,21:15,06:15,495,F|S,11,10,8,10,30,45,8,38.5,30,0.05,0,2.0.0,20261146
AZ-003,2026-12-04,plan,4,Freitag,5,49,0,0,,Auszubildende_r_1_Ausbildungsjahr,Auszubildende,AUSZUBILDEND,1.0,38.5,9240,9240,8316,10164,5,2,2,0,0,0,nicht anrechenbar,0,0.0,-9240,9,9,0,2,0,1410,1,,,,,,0,,0,,5,5,5,0,564,1,5,5,5,0,493,1,3,3,3,0,352,0,ST-ITS1,Intensivstation,12,Intensivmedizin,2.0,3.0,06:00,14:00,450,,13:30,21:30,450,F,21:15,06:15,495,F|S,11,10,8,10,30,45,8,38.5,30,0.05,0,2.0.0,20261146
PK-001,2026-12-04,plan,4,Freitag,5,49,0,0,,Stationsleitung,Pflegefachkraft,EXAM|LEITUNG|PRAXISANLEITUNG,1.0,38.5,9240,4620,4158,5082,5,2,2,0,0,1,Pflegefachkraft,1,0.5,5814,9,9,0,2,0,1410,1,,,,,,0,,0,,5,5,5,0,564,1,5,5,5,0,493,1,3,3,3,0,352,0,ST-ITS1,Intensivstation,12,Intensivmedizin,2.0,3.0,06:00,14:00,450,,13:30,21:30,450,F,21:15,06:15,495,F|S,11,10,8,10,30,45,8,38.5,30,0.05,0,2.0.0,20261146
PK-002,2026-12-04,plan,4,Freitag,5,49,0,0,,Pflegefachkraft,Pflegefachkraft,EXAM|PRAXISANLEITUNG|KARDIO_MONITORING,1.0,38.5,9240,9240,8316,10164,5,2,2,8,1,1,Pflegefachkraft,0,0.0,-1815,9,9,0,2,0,1410,1,,,,,,0,,0,,5,5,5,0,564,1,5,5,5,0,493,1,3,3,3,0,352,0,ST-ITS1,Intensivstation,12,Intensivmedizin,2.0,3.0,06:00,14:00,450,,13:30,21:30,450,F,21:15,06:15,495,F|S,11,10,8,10,30,45,8,38.5,30,0.05,0,2.0.0,20261146
PK-003,2026-12-04,plan,4,Freitag,5,49,0,0,,Pflegefachkraft,Pflegefachkraft,EXAM,1.0,38.5,9240,9240,8316,10164,5,2,2,8,1,1,Pflegefachkraft,0,0.0,-1815,9,9,0,2,0,1410,1,,,,,,0,,0,,5,5,5,0,564,1,5,5,5,0,493,1,3,3,3,0,352,0,ST-ITS1,Intensivstation,12,Intensivmedizin,2.0,3.0,06:00,14:00,450,,13:30,21:30,450,F,21:15,06:15,495,F|S,11,10,8,10,30,45,8,38.5,30,0.05,0,2.0.0,20261146
PK-004,2026-12-04,plan,4,Freitag,5,49,0,0,,Pflegefachkraft,Pflegefachkraft,EXAM,1.0,38.5,9240,9240,8316,10164,5,2,2,8,1,1,Pflegefachkraft,0,0.0,-1995,9,9,0,2,0,1410,1,,,,,,0,,0,,5,5,5,0,564,1,5,5,5,0,493,1,3,3,3,0,352,0,ST-ITS1,Intensivstation,12,Intensivmedizin,2.0,3.0,06:00,14:00,450,,13:30,21:30,450,F,21:15,06:15,495,F|S,11,10,8,10,30,45,8,38.5,30,0.05,0,2.0.0,20261146
PK-005,2026-12-04,plan,4,Freitag,5,49,0,0,,Pflegefachkraft,Pflegefachkraft,EXAM,1.0,38.5,9240,9240,8316,10164,5,2,2,8,1,1,Pflegefachkraft,0,0.0,-1905,9,9,0,2,0,1410,1,,,,,,0,,0,,5,5,5,0,564,1,5,5,5,0,493,1,3,3,3,0,352,0,ST-ITS1,Intensivstation,12,Intensivmedizin,2.0,3.0,06:00,14:00,450,,13:30,21:30,450,F,21:15,06:15,495,F|S,11,10,8,10,30,45,8,38.5,30,0.05,0,2.0.0,20261146
PK-006,2026-12-04,plan,4,Freitag,5,49,0,0,,Pflegefachkraft,Pflegefachkraft,EXAM|PRAXISANLEITUNG|KARDIO_MONITORING,1.0,38.5,9240,9240,8316,10164,5,2,2,8,1,1,Pflegefachkraft,0,0.0,-1905,9,9,0,2,0,1410,1,,,,,,0,,0,,5,5,5,0,564,1,5,5,5,0,493,1,3,3,3,0,352,0,ST-ITS1,Intensivstation,12,Intensivmedizin,2.0,3.0,06:00,14:00,450,,13:30,21:30,450,F,21:15,06:15,495,F|S,11,10,8,10,30,45,8,38.5,30,0.05,0,2.0.0,20261146
PK-007,2026-12-04,plan,4,Freitag,5,49,0,0,,Pflegefachkraft,Pflegefachkraft,EXAM,1.0,38.5,9240,9240,8316,10164,5,2,2,8,1,1,Pflegefachkraft,0,0.0,1104,9,9,0,2,0,1410,1,,,,,,0,,0,,5,5,5,0,564,1,5,5,5,0,493,1,3,3,3,0,352,0,ST-ITS1,Intensivstation,12,Intensivmedizin,2.0,3.0,06:00,14:00,450,,13:30,21:30,450,F,21:15,06:15,495,F|S,11,10,8,10,30,45,8,38.5,30,0.05,0,2.0.0,20261146
PK-008,2026-12-04,plan,4,Freitag,5,49,0,0,,Pflegefachkraft,Pflegefachkraft,EXAM|KARDIO_MONITORING,1.0,38.5,9240,9240,8316,10164,5,2,2,8,1,1,Pflegefachkraft,0,0.0,-2265,9,9,0,2,0,1410,1,,,,,,0,,0,,5,5,5,0,564,1,5,5,5,0,493,1,3,3,3,0,352,0,ST-ITS1,Intensivstation,12,Intensivmedizin,2.0,3.0,06:00,14:00,450,,13:30,21:30,450,F,21:15,06:15,495,F|S,11,10,8,10,30,45,8,38.5,30,0.05,0,2.0.0,20261146
PK-009,2026-12-04,plan,4,Freitag,5,49,0,0,,Pflegefachkraft,Pflegefachkraft,EXAM,1.0,38.5,9240,9240,8316,10164,5,2,2,8,1,1,Pflegefachkraft,0,0.0,-1995,9,9,0,2,0,1410,1,,,,,,0,,0,,5,5,5,0,564,1,5,5,5,0,493,1,3,3,3,0,352,0,ST-ITS1,Intensivstation,12,Intensivmedizin,2.0,3.0,06:00,14:00,450,,13:30,21:30,450,F,21:15,06:15,495,F|S,11,10,8,10,30,45,8,38.5,30,0.05,0,2.0.0,20261146
PK-010,2026-12-04,plan,4,Freitag,5,49,0,0,,Pflegefachkraft,Pflegefachkraft,EXAM|PRAXISANLEITUNG|KARDIO_MONITORING,0.6,23.1,5544,5544,4990,6098,5,2,2,8,1,1,Pflegefachkraft,0,0.0,-999,9,9,0,2,0,1410,1,,,,,,0,,0,,5,5,5,0,564,1,5,5,5,0,493,1,3,3,3,0,352,0,ST-ITS1,Intensivstation,12,Intensivmedizin,2.0,3.0,06:00,14:00,450,,13:30,21:30,450,F,21:15,06:15,495,F|S,11,10,8,10,30,45,8,38.5,30,0.05,0,2.0.0,20261146
PK-011,2026-12-04,plan,4,Freitag,5,49,0,0,,Pflegefachkraft,Pflegefachkraft,EXAM|KARDIO_MONITORING,0.5,19.25,4620,4620,4158,5082,5,2,2,8,1,1,Pflegefachkraft,0,0.0,-1020,9,9,0,2,0,1410,1,,,,,,0,,0,,5,5,5,0,564,1,5,5,5,0,493,1,3,3,3,0,352,0,ST-ITS1,Intensivstation,12,Intensivmedizin,2.0,3.0,06:00,14:00,450,,13:30,21:30,450,F,21:15,06:15,495,F|S,11,10,8,10,30,45,8,38.5,30,0.05,0,2.0.0,20261146
PK-012,2026-12-04,plan,4,Freitag,5,49,0,0,,Pflegefachkraft,Pflegefachkraft,EXAM|KARDIO_MONITORING,0.75,28.88,6931,6931,6238,7624,5,2,2,8,1,1,Pflegefachkraft,0,0.0,-1530,9,9,0,2,0,1410,1,,,,,,0,,0,,5,5,5,0,564,1,5,5,5,0,493,1,3,3,3,0,352,0,ST-ITS1,Intensivstation,12,Intensivmedizin,2.0,3.0,06:00,14:00,450,,13:30,21:30,450,F,21:15,06:15,495,F|S,11,10,8,10,30,45,8,38.5,30,0.05,0,2.0.0,20261146
PK-013,2026-12-04,plan,4,Freitag,5,49,0,0,,Pflegefachkraft,Pflegefachkraft,EXAM|KARDIO_MONITORING,1.0,38.5,9240,9240,8316,10164,5,2,2,8,1,1,Pflegefachkraft,0,0.0,-1905,9,9,0,2,0,1410,1,,,,,,0,,0,,5,5,5,0,564,1,5,5,5,0,493,1,3,3,3,0,352,0,ST-ITS1,Intensivstation,12,Intensivmedizin,2.0,3.0,06:00,14:00,450,,13:30,21:30,450,F,21:15,06:15,495,F|S,11,10,8,10,30,45,8,38.5,30,0.05,0,2.0.0,20261146
PK-014,2026-12-04,plan,4,Freitag,5,49,0,0,,Pflegefachkraft,Pflegefachkraft,EXAM,1.0,38.5,9240,9240,8316,10164,5,2,2,8,1,1,Pflegefachkraft,0,0.0,-1680,9,9,0,2,0,1410,1,,,,,,0,,0,,5,5,5,0,564,1,5,5,5,0,493,1,3,3,3,0,352,0,ST-ITS1,Intensivstation,12,Intensivmedizin,2.0,3.0,06:00,14:00,450,,13:30,21:30,450,F,21:15,06:15,495,F|S,11,10,8,10,30,45,8,38.5,30,0.05,0,2.0.0,20261146
PK-015,2026-12-04,plan,4,Freitag,5,49,0,0,,Pflegefachkraft,Pflegefachkraft,EXAM|KARDIO_MONITORING,0.5,19.25,4620,4620,4158,5082,5,2,2,8,1,1,Pflegefachkraft,0,0.0,-930,9,9,0,2,0,1410,1,,,,,,0,,0,,5,5,5,0,564,1,5,5,5,0,493,1,3,3,3,0,352,0,ST-ITS1,Intensivstation,12,Intensivmedizin,2.0,3.0,06:00,14:00,450,,13:30,21:30,450,F,21:15,06:15,495,F|S,11,10,8,10,30,45,8,38.5,30,0.05,0,2.0.0,20261146
PK-016,2026-12-04,plan,4,Freitag,5,49,0,0,,Pflegefachkraft,Pflegefachkraft,EXAM,0.9,34.65,8316,8316,7484,9148,5,2,2,8,1,1,Pflegefachkraft,0,0.0,1255,9,9,0,2,0,1410,1,,,,,,0,,0,,5,5,5,0,564,1,5,5,5,0,493,1,3,3,3,0,352,0,ST-ITS1,Intensivstation,12,Intensivmedizin,2.0,3.0,06:00,14:00,450,,13:30,21:30,450,F,21:15,06:15,495,F|S,11,10,8,10,30,45,8,38.5,30,0.05,0,2.0.0,20261146
PK-017,2026-12-04,plan,4,Freitag,5,49,0,0,,Pflegefachkraft,Pflegefachkraft,EXAM|KARDIO_MONITORING,1.0,38.5,9240,9240,8316,10164,5,2,2,8,1,1,Pflegefachkraft,0,0.0,-1680,9,9,0,2,0,1410,1,,,,,,0,,0,,5,5,5,0,564,1,5,5,5,0,493,1,3,3,3,0,352,0,ST-ITS1,Intensivstation,12,Intensivmedizin,2.0,3.0,06:00,14:00,450,,13:30,21:30,450,F,21:15,06:15,495,F|S,11,10,8,10,30,45,8,38.5,30,0.05,0,2.0.0,20261146
PK-018,2026-12-04,plan,4,Freitag,5,49,0,0,,Pflegefachkraft,Pflegefachkraft,EXAM|PRAXISANLEITUNG,0.6,23.1,5544,5544,4990,6098,5,2,2,8,1,1,Pflegefachkraft,0,0.0,-909,9,9,0,2,0,1410,1,,,,,,0,,0,,5,5,5,0,564,1,5,5,5,0,493,1,3,3,3,0,352,0,ST-ITS1,Intensivstation,12,Intensivmedizin,2.0,3.0,06:00,14:00,450,,13:30,21:30,450,F,21:15,06:15,495,F|S,11,10,8,10,30,45,8,38.5,30,0.05,0,2.0.0,20261146
PK-019,2026-12-04,plan,4,Freitag,5,49,0,0,,Pflegefachkraft,Pflegefachkraft,EXAM,0.6,23.1,5544,5544,4990,6098,5,2,2,8,1,1,Pflegefachkraft,0,0.0,-954,9,9,0,2,0,1410,1,,,,,,0,,0,,5,5,5,0,564,1,5,5,5,0,493,1,3,3,3,0,352,0,ST-ITS1,Intensivstation,12,Intensivmedizin,2.0,3.0,06:00,14:00,450,,13:30,21:30,450,F,21:15,06:15,495,F|S,11,10,8,10,30,45,8,38.5,30,0.05,0,2.0.0,20261146
PK-020,2026-12-04,plan,4,Freitag,5,49,0,0,,Pflegefachkraft,Pflegefachkraft,EXAM|PRAXISANLEITUNG,0.8,30.8,7392,7392,6653,8131,5,2,2,8,1,1,Pflegefachkraft,0,0.0,-1497,9,9,0,2,0,1410,1,,,,,,0,,0,,5,5,5,0,564,1,5,5,5,0,493,1,3,3,3,0,352,0,ST-ITS1,Intensivstation,12,Intensivmedizin,2.0,3.0,06:00,14:00,450,,13:30,21:30,450,F,21:15,06:15,495,F|S,11,10,8,10,30,45,8,38.5,30,0.05,0,2.0.0,20261146
PK-021,2026-12-04,plan,4,Freitag,5,49,0,0,,Pflegefachkraft,Pflegefachkraft,EXAM|PRAXISANLEITUNG,0.5,19.25,4620,4620,4158,5082,5,2,2,8,1,1,Pflegefachkraft,0,0.0,-975,9,9,0,2,0,1410,1,,,,,,0,,0,,5,5,5,0,564,1,5,5,5,0,493,1,3,3,3,0,352,0,ST-ITS1,Intensivstation,12,Intensivmedizin,2.0,3.0,06:00,14:00,450,,13:30,21:30,450,F,21:15,06:15,495,F|S,11,10,8,10,30,45,8,38.5,30,0.05,0,2.0.0,20261146
PK-022,2026-12-04,plan,4,Freitag,5,49,0,0,,Pflegefachkraft,Pflegefachkraft,EXAM,0.7,26.95,6468,6468,5821,7115,5,2,2,8,1,1,Pflegefachkraft,0,0.0,-1473,9,9,0,2,0,1410,0,URLAUB,,,,,0,,0,,5,5,5,0,564,1,5,5,5,0,493,1,3,3,3,0,352,0,ST-ITS1,Intensivstation,12,Intensivmedizin,2.0,3.0,06:00,14:00,450,,13:30,21:30,450,F,21:15,06:15,495,F|S,11,10,8,10,30,45,8,38.5,30,0.05,0,2.0.0,20261146
PK-023,2026-12-04,plan,4,Freitag,5,49,0,0,,Pflegefachkraft,Pflegefachkraft,EXAM,1.0,38.5,9240,9240,8316,10164,5,2,2,8,1,1,Pflegefachkraft,0,0.0,-2040,9,9,0,2,0,1410,1,,,,,,0,,0,,5,5,5,0,564,1,5,5,5,0,493,1,3,3,3,0,352,0,ST-ITS1,Intensivstation,12,Intensivmedizin,2.0,3.0,06:00,14:00,450,,13:30,21:30,450,F,21:15,06:15,495,F|S,11,10,8,10,30,45,8,38.5,30,0.05,0,2.0.0,20261146
PK-024,2026-12-04,plan,4,Freitag,5,49,0,0,,Pflegefachkraft,Pflegefachkraft,EXAM|PRAXISANLEITUNG,1.0,38.5,9240,9240,8316,10164,5,2,2,8,1,1,Pflegefachkraft,0,0.0,-2310,9,9,0,2,0,1410,1,,,,,,0,,0,,5,5,5,0,564,1,5,5,5,0,493,1,3,3,3,0,352,0,ST-ITS1,Intensivstation,12,Intensivmedizin,2.0,3.0,06:00,14:00,450,,13:30,21:30,450,F,21:15,06:15,495,F|S,11,10,8,10,30,45,8,38.5,30,0.05,0,2.0.0,20261146
PK-025,2026-12-04,plan,4,Freitag,5,49,0,0,,Pflegefachkraft,Pflegefachkraft,EXAM,1.0,38.5,9240,9240,8316,10164,5,2,2,8,1,1,Pflegefachkraft,0,0.0,-1680,9,9,0,2,0,1410,0,LANGZEITABWESENHEIT,,,,,0,,0,,5,5,5,0,564,1,5,5,5,0,493,1,3,3,3,0,352,0,ST-ITS1,Intensivstation,12,Intensivmedizin,2.0,3.0,06:00,14:00,450,,13:30,21:30,450,F,21:15,06:15,495,F|S,11,10,8,10,30,45,8,38.5,30,0.05,0,2.0.0,20261146
AZ-001,2026-12-05,plan,5,Samstag,6,49,1,0,,Auszubildende_r_3_Ausbildungsjahr,Auszubildende,AUSZUBILDEND,1.0,38.5,9240,9240,8316,10164,5,2,2,8,1,0,nicht anrechenbar,0,0.0,-9240,8,8,0,1,0,1489,1,,,,,,0,,0,,4,4,4,0,596,1,4,4,4,0,521,1,3,3,3,0,372,0,ST-ITS1,Intensivstation,12,Intensivmedizin,2.0,3.0,06:00,14:00,450,,13:30,21:30,450,F,21:15,06:15,495,F|S,11,10,8,10,30,45,8,38.5,30,0.05,0,2.0.0,20261146
AZ-002,2026-12-05,plan,5,Samstag,6,49,1,0,,Auszubildende_r_2_Ausbildungsjahr,Auszubildende,AUSZUBILDEND,1.0,38.5,9240,9240,8316,10164,5,2,2,8,1,0,nicht anrechenbar,0,0.0,-9240,8,8,0,1,0,1489,1,,,,,,0,,0,,4,4,4,0,596,1,4,4,4,0,521,1,3,3,3,0,372,0,ST-ITS1,Intensivstation,12,Intensivmedizin,2.0,3.0,06:00,14:00,450,,13:30,21:30,450,F,21:15,06:15,495,F|S,11,10,8,10,30,45,8,38.5,30,0.05,0,2.0.0,20261146
AZ-003,2026-12-05,plan,5,Samstag,6,49,1,0,,Auszubildende_r_1_Ausbildungsjahr,Auszubildende,AUSZUBILDEND,1.0,38.5,9240,9240,8316,10164,5,2,2,0,0,0,nicht anrechenbar,0,0.0,-9240,8,8,0,1,0,1489,1,,,,,,0,,0,,4,4,4,0,596,1,4,4,4,0,521,1,3,3,3,0,372,0,ST-ITS1,Intensivstation,12,Intensivmedizin,2.0,3.0,06:00,14:00,450,,13:30,21:30,450,F,21:15,06:15,495,F|S,11,10,8,10,30,45,8,38.5,30,0.05,0,2.0.0,20261146
PK-001,2026-12-05,plan,5,Samstag,6,49,1,0,,Stationsleitung,Pflegefachkraft,EXAM|LEITUNG|PRAXISANLEITUNG,1.0,38.5,9240,4620,4158,5082,5,2,2,0,0,1,Pflegefachkraft,1,0.5,5814,8,8,0,1,0,1489,1,,3,,,,0,,0,,4,4,4,0,596,1,4,4,4,0,521,1,3,3,3,0,372,0,ST-ITS1,Intensivstation,12,Intensivmedizin,2.0,3.0,06:00,14:00,450,,13:30,21:30,450,F,21:15,06:15,495,F|S,11,10,8,10,30,45,8,38.5,30,0.05,0,2.0.0,20261146
PK-002,2026-12-05,plan,5,Samstag,6,49,1,0,,Pflegefachkraft,Pflegefachkraft,EXAM|PRAXISANLEITUNG|KARDIO_MONITORING,1.0,38.5,9240,9240,8316,10164,5,2,2,8,1,1,Pflegefachkraft,0,0.0,-1815,8,8,0,1,0,1489,1,,,,,,0,,0,,4,4,4,0,596,1,4,4,4,0,521,1,3,3,3,0,372,0,ST-ITS1,Intensivstation,12,Intensivmedizin,2.0,3.0,06:00,14:00,450,,13:30,21:30,450,F,21:15,06:15,495,F|S,11,10,8,10,30,45,8,38.5,30,0.05,0,2.0.0,20261146
PK-003,2026-12-05,plan,5,Samstag,6,49,1,0,,Pflegefachkraft,Pflegefachkraft,EXAM,1.0,38.5,9240,9240,8316,10164,5,2,2,8,1,1,Pflegefachkraft,0,0.0,-1815,8,8,0,1,0,1489,1,,,,,,0,,0,,4,4,4,0,596,1,4,4,4,0,521,1,3,3,3,0,372,0,ST-ITS1,Intensivstation,12,Intensivmedizin,2.0,3.0,06:00,14:00,450,,13:30,21:30,450,F,21:15,06:15,495,F|S,11,10,8,10,30,45,8,38.5,30,0.05,0,2.0.0,20261146
PK-004,2026-12-05,plan,5,Samstag,6,49,1,0,,Pflegefachkraft,Pflegefachkraft,EXAM,1.0,38.5,9240,9240,8316,10164,5,2,2,8,1,1,Pflegefachkraft,0,0.0,-1995,8,8,0,1,0,1489,1,,,,,,0,,0,,4,4,4,0,596,1,4,4,4,0,521,1,3,3,3,0,372,0,ST-ITS1,Intensivstation,12,Intensivmedizin,2.0,3.0,06:00,14:00,450,,13:30,21:30,450,F,21:15,06:15,495,F|S,11,10,8,10,30,45,8,38.5,30,0.05,0,2.0.0,20261146
PK-005,2026-12-05,plan,5,Samstag,6,49,1,0,,Pflegefachkraft,Pflegefachkraft,EXAM,1.0,38.5,9240,9240,8316,10164,5,2,2,8,1,1,Pflegefachkraft,0,0.0,-1905,8,8,0,1,0,1489,1,,,,,,0,,0,,4,4,4,0,596,1,4,4,4,0,521,1,3,3,3,0,372,0,ST-ITS1,Intensivstation,12,Intensivmedizin,2.0,3.0,06:00,14:00,450,,13:30,21:30,450,F,21:15,06:15,495,F|S,11,10,8,10,30,45,8,38.5,30,0.05,0,2.0.0,20261146
PK-006,2026-12-05,plan,5,Samstag,6,49,1,0,,Pflegefachkraft,Pflegefachkraft,EXAM|PRAXISANLEITUNG|KARDIO_MONITORING,1.0,38.5,9240,9240,8316,10164,5,2,2,8,1,1,Pflegefachkraft,0,0.0,-1905,8,8,0,1,0,1489,1,,,,,,0,,0,,4,4,4,0,596,1,4,4,4,0,521,1,3,3,3,0,372,0,ST-ITS1,Intensivstation,12,Intensivmedizin,2.0,3.0,06:00,14:00,450,,13:30,21:30,450,F,21:15,06:15,495,F|S,11,10,8,10,30,45,8,38.5,30,0.05,0,2.0.0,20261146
PK-007,2026-12-05,plan,5,Samstag,6,49,1,0,,Pflegefachkraft,Pflegefachkraft,EXAM,1.0,38.5,9240,9240,8316,10164,5,2,2,8,1,1,Pflegefachkraft,0,0.0,1104,8,8,0,1,0,1489,1,,,,,,0,,0,,4,4,4,0,596,1,4,4,4,0,521,1,3,3,3,0,372,0,ST-ITS1,Intensivstation,12,Intensivmedizin,2.0,3.0,06:00,14:00,450,,13:30,21:30,450,F,21:15,06:15,495,F|S,11,10,8,10,30,45,8,38.5,30,0.05,0,2.0.0,20261146
PK-008,2026-12-05,plan,5,Samstag,6,49,1,0,,Pflegefachkraft,Pflegefachkraft,EXAM|KARDIO_MONITORING,1.0,38.5,9240,9240,8316,10164,5,2,2,8,1,1,Pflegefachkraft,0,0.0,-2265,8,8,0,1,0,1489,1,,1,,,,0,,0,,4,4,4,0,596,1,4,4,4,0,521,1,3,3,3,0,372,0,ST-ITS1,Intensivstation,12,Intensivmedizin,2.0,3.0,06:00,14:00,450,,13:30,21:30,450,F,21:15,06:15,495,F|S,11,10,8,10,30,45,8,38.5,30,0.05,0,2.0.0,20261146
PK-009,2026-12-05,plan,5,Samstag,6,49,1,0,,Pflegefachkraft,Pflegefachkraft,EXAM,1.0,38.5,9240,9240,8316,10164,5,2,2,8,1,1,Pflegefachkraft,0,0.0,-1995,8,8,0,1,0,1489,1,,,,,,0,,0,,4,4,4,0,596,1,4,4,4,0,521,1,3,3,3,0,372,0,ST-ITS1,Intensivstation,12,Intensivmedizin,2.0,3.0,06:00,14:00,450,,13:30,21:30,450,F,21:15,06:15,495,F|S,11,10,8,10,30,45,8,38.5,30,0.05,0,2.0.0,20261146
PK-010,2026-12-05,plan,5,Samstag,6,49,1,0,,Pflegefachkraft,Pflegefachkraft,EXAM|PRAXISANLEITUNG|KARDIO_MONITORING,0.6,23.1,5544,5544,4990,6098,5,2,2,8,1,1,Pflegefachkraft,0,0.0,-999,8,8,0,1,0,1489,1,,,,,,0,,0,,4,4,4,0,596,1,4,4,4,0,521,1,3,3,3,0,372,0,ST-ITS1,Intensivstation,12,Intensivmedizin,2.0,3.0,06:00,14:00,450,,13:30,21:30,450,F,21:15,06:15,495,F|S,11,10,8,10,30,45,8,38.5,30,0.05,0,2.0.0,20261146
PK-011,2026-12-05,plan,5,Samstag,6,49,1,0,,Pflegefachkraft,Pflegefachkraft,EXAM|KARDIO_MONITORING,0.5,19.25,4620,4620,4158,5082,5,2,2,8,1,1,Pflegefachkraft,0,0.0,-1020,8,8,0,1,0,1489,1,,1,,,,0,,0,,4,4,4,0,596,1,4,4,4,0,521,1,3,3,3,0,372,0,ST-ITS1,Intensivstation,12,Intensivmedizin,2.0,3.0,06:00,14:00,450,,13:30,21:30,450,F,21:15,06:15,495,F|S,11,10,8,10,30,45,8,38.5,30,0.05,0,2.0.0,20261146
PK-012,2026-12-05,plan,5,Samstag,6,49,1,0,,Pflegefachkraft,Pflegefachkraft,EXAM|KARDIO_MONITORING,0.75,28.88,6931,6931,6238,7624,5,2,2,8,1,1,Pflegefachkraft,0,0.0,-1530,8,8,0,1,0,1489,1,,3,,,,0,,0,,4,4,4,0,596,1,4,4,4,0,521,1,3,3,3,0,372,0,ST-ITS1,Intensivstation,12,Intensivmedizin,2.0,3.0,06:00,14:00,450,,13:30,21:30,450,F,21:15,06:15,495,F|S,11,10,8,10,30,45,8,38.5,30,0.05,0,2.0.0,20261146
PK-013,2026-12-05,plan,5,Samstag,6,49,1,0,,Pflegefachkraft,Pflegefachkraft,EXAM|KARDIO_MONITORING,1.0,38.5,9240,9240,8316,10164,5,2,2,8,1,1,Pflegefachkraft,0,0.0,-1905,8,8,0,1,0,1489,1,,,,,,0,,0,,4,4,4,0,596,1,4,4,4,0,521,1,3,3,3,0,372,0,ST-ITS1,Intensivstation,12,Intensivmedizin,2.0,3.0,06:00,14:00,450,,13:30,21:30,450,F,21:15,06:15,495,F|S,11,10,8,10,30,45,8,38.5,30,0.05,0,2.0.0,20261146
PK-014,2026-12-05,plan,5,Samstag,6,49,1,0,,Pflegefachkraft,Pflegefachkraft,EXAM,1.0,38.5,9240,9240,8316,10164,5,2,2,8,1,1,Pflegefachkraft,0,0.0,-1680,8,8,0,1,0,1489,1,,,,,,0,,0,,4,4,4,0,596,1,4,4,4,0,521,1,3,3,3,0,372,0,ST-ITS1,Intensivstation,12,Intensivmedizin,2.0,3.0,06:00,14:00,450,,13:30,21:30,450,F,21:15,06:15,495,F|S,11,10,8,10,30,45,8,38.5,30,0.05,0,2.0.0,20261146
PK-015,2026-12-05,plan,5,Samstag,6,49,1,0,,Pflegefachkraft,Pflegefachkraft,EXAM|KARDIO_MONITORING,0.5,19.25,4620,4620,4158,5082,5,2,2,8,1,1,Pflegefachkraft,0,0.0,-930,8,8,0,1,0,1489,1,,,,,,0,,0,,4,4,4,0,596,1,4,4,4,0,521,1,3,3,3,0,372,0,ST-ITS1,Intensivstation,12,Intensivmedizin,2.0,3.0,06:00,14:00,450,,13:30,21:30,450,F,21:15,06:15,495,F|S,11,10,8,10,30,45,8,38.5,30,0.05,0,2.0.0,20261146
PK-016,2026-12-05,plan,5,Samstag,6,49,1,0,,Pflegefachkraft,Pflegefachkraft,EXAM,0.9,34.65,8316,8316,7484,9148,5,2,2,8,1,1,Pflegefachkraft,0,0.0,1255,8,8,0,1,0,1489,1,,,,,,0,,0,,4,4,4,0,596,1,4,4,4,0,521,1,3,3,3,0,372,0,ST-ITS1,Intensivstation,12,Intensivmedizin,2.0,3.0,06:00,14:00,450,,13:30,21:30,450,F,21:15,06:15,495,F|S,11,10,8,10,30,45,8,38.5,30,0.05,0,2.0.0,20261146
PK-017,2026-12-05,plan,5,Samstag,6,49,1,0,,Pflegefachkraft,Pflegefachkraft,EXAM|KARDIO_MONITORING,1.0,38.5,9240,9240,8316,10164,5,2,2,8,1,1,Pflegefachkraft,0,0.0,-1680,8,8,0,1,0,1489,1,,,,,,0,,0,,4,4,4,0,596,1,4,4,4,0,521,1,3,3,3,0,372,0,ST-ITS1,Intensivstation,12,Intensivmedizin,2.0,3.0,06:00,14:00,450,,13:30,21:30,450,F,21:15,06:15,495,F|S,11,10,8,10,30,45,8,38.5,30,0.05,0,2.0.0,20261146
PK-018,2026-12-05,plan,5,Samstag,6,49,1,0,,Pflegefachkraft,Pflegefachkraft,EXAM|PRAXISANLEITUNG,0.6,23.1,5544,5544,4990,6098,5,2,2,8,1,1,Pflegefachkraft,0,0.0,-909,8,8,0,1,0,1489,1,,,,,,0,,0,,4,4,4,0,596,1,4,4,4,0,521,1,3,3,3,0,372,0,ST-ITS1,Intensivstation,12,Intensivmedizin,2.0,3.0,06:00,14:00,450,,13:30,21:30,450,F,21:15,06:15,495,F|S,11,10,8,10,30,45,8,38.5,30,0.05,0,2.0.0,20261146
PK-019,2026-12-05,plan,5,Samstag,6,49,1,0,,Pflegefachkraft,Pflegefachkraft,EXAM,0.6,23.1,5544,5544,4990,6098,5,2,2,8,1,1,Pflegefachkraft,0,0.0,-954,8,8,0,1,0,1489,1,,,,,,0,,0,,4,4,4,0,596,1,4,4,4,0,521,1,3,3,3,0,372,0,ST-ITS1,Intensivstation,12,Intensivmedizin,2.0,3.0,06:00,14:00,450,,13:30,21:30,450,F,21:15,06:15,495,F|S,11,10,8,10,30,45,8,38.5,30,0.05,0,2.0.0,20261146
PK-020,2026-12-05,plan,5,Samstag,6,49,1,0,,Pflegefachkraft,Pflegefachkraft,EXAM|PRAXISANLEITUNG,0.8,30.8,7392,7392,6653,8131,5,2,2,8,1,1,Pflegefachkraft,0,0.0,-1497,8,8,0,1,0,1489,1,,,,,,0,,0,,4,4,4,0,596,1,4,4,4,0,521,1,3,3,3,0,372,0,ST-ITS1,Intensivstation,12,Intensivmedizin,2.0,3.0,06:00,14:00,450,,13:30,21:30,450,F,21:15,06:15,495,F|S,11,10,8,10,30,45,8,38.5,30,0.05,0,2.0.0,20261146
PK-021,2026-12-05,plan,5,Samstag,6,49,1,0,,Pflegefachkraft,Pflegefachkraft,EXAM|PRAXISANLEITUNG,0.5,19.25,4620,4620,4158,5082,5,2,2,8,1,1,Pflegefachkraft,0,0.0,-975,8,8,0,1,0,1489,1,,,,,,0,,0,,4,4,4,0,596,1,4,4,4,0,521,1,3,3,3,0,372,0,ST-ITS1,Intensivstation,12,Intensivmedizin,2.0,3.0,06:00,14:00,450,,13:30,21:30,450,F,21:15,06:15,495,F|S,11,10,8,10,30,45,8,38.5,30,0.05,0,2.0.0,20261146
PK-022,2026-12-05,plan,5,Samstag,6,49,1,0,,Pflegefachkraft,Pflegefachkraft,EXAM,0.7,26.95,6468,6468,5821,7115,5,2,2,8,1,1,Pflegefachkraft,0,0.0,-1473,8,8,0,1,0,1489,0,URLAUB,,,,,0,,0,,4,4,4,0,596,1,4,4,4,0,521,1,3,3,3,0,372,0,ST-ITS1,Intensivstation,12,Intensivmedizin,2.0,3.0,06:00,14:00,450,,13:30,21:30,450,F,21:15,06:15,495,F|S,11,10,8,10,30,45,8,38.5,30,0.05,0,2.0.0,20261146
PK-023,2026-12-05,plan,5,Samstag,6,49,1,0,,Pflegefachkraft,Pflegefachkraft,EXAM,1.0,38.5,9240,9240,8316,10164,5,2,2,8,1,1,Pflegefachkraft,0,0.0,-2040,8,8,0,1,0,1489,1,,,,,,0,,0,,4,4,4,0,596,1,4,4,4,0,521,1,3,3,3,0,372,0,ST-ITS1,Intensivstation,12,Intensivmedizin,2.0,3.0,06:00,14:00,450,,13:30,21:30,450,F,21:15,06:15,495,F|S,11,10,8,10,30,45,8,38.5,30,0.05,0,2.0.0,20261146
PK-024,2026-12-05,plan,5,Samstag,6,49,1,0,,Pflegefachkraft,Pflegefachkraft,EXAM|PRAXISANLEITUNG,1.0,38.5,9240,9240,8316,10164,5,2,2,8,1,1,Pflegefachkraft,0,0.0,-2310,8,8,0,1,0,1489,1,,,,,,0,,0,,4,4,4,0,596,1,4,4,4,0,521,1,3,3,3,0,372,0,ST-ITS1,Intensivstation,12,Intensivmedizin,2.0,3.0,06:00,14:00,450,,13:30,21:30,450,F,21:15,06:15,495,F|S,11,10,8,10,30,45,8,38.5,30,0.05,0,2.0.0,20261146
PK-025,2026-12-05,plan,5,Samstag,6,49,1,0,,Pflegefachkraft,Pflegefachkraft,EXAM,1.0,38.5,9240,9240,8316,10164,5,2,2,8,1,1,Pflegefachkraft,0,0.0,-1680,8,8,0,1,0,1489,0,LANGZEITABWESENHEIT,,,,,0,,0,,4,4,4,0,596,1,4,4,4,0,521,1,3,3,3,0,372,0,ST-ITS1,Intensivstation,12,Intensivmedizin,2.0,3.0,06:00,14:00,450,,13:30,21:30,450,F,21:15,06:15,495,F|S,11,10,8,10,30,45,8,38.5,30,0.05,0,2.0.0,20261146
AZ-001,2026-12-06,plan,6,Sonntag,7,49,1,0,,Auszubildende_r_3_Ausbildungsjahr,Auszubildende,AUSZUBILDEND,1.0,38.5,9240,9240,8316,10164,5,2,2,8,1,0,nicht anrechenbar,0,0.0,-9240,8,7,1,1,2,1791,1,,,,,,0,,0,,4,4,4,0,716,1,4,4,4,0,627,1,3,3,3,0,448,0,ST-ITS1,Intensivstation,12,Intensivmedizin,2.0,3.0,06:00,14:00,450,,13:30,21:30,450,F,21:15,06:15,495,F|S,11,10,8,10,30,45,8,38.5,30,0.05,0,2.0.0,20261146
AZ-002,2026-12-06,plan,6,Sonntag,7,49,1,0,,Auszubildende_r_2_Ausbildungsjahr,Auszubildende,AUSZUBILDEND,1.0,38.5,9240,9240,8316,10164,5,2,2,8,1,0,nicht anrechenbar,0,0.0,-9240,8,7,1,1,2,1791,1,,,,,,0,,0,,4,4,4,0,716,1,4,4,4,0,627,1,3,3,3,0,448,0,ST-ITS1,Intensivstation,12,Intensivmedizin,2.0,3.0,06:00,14:00,450,,13:30,21:30,450,F,21:15,06:15,495,F|S,11,10,8,10,30,45,8,38.5,30,0.05,0,2.0.0,20261146
AZ-003,2026-12-06,plan,6,Sonntag,7,49,1,0,,Auszubildende_r_1_Ausbildungsjahr,Auszubildende,AUSZUBILDEND,1.0,38.5,9240,9240,8316,10164,5,2,2,0,0,0,nicht anrechenbar,0,0.0,-9240,8,7,1,1,2,1791,1,,,,,,0,,0,,4,4,4,0,716,1,4,4,4,0,627,1,3,3,3,0,448,0,ST-ITS1,Intensivstation,12,Intensivmedizin,2.0,3.0,06:00,14:00,450,,13:30,21:30,450,F,21:15,06:15,495,F|S,11,10,8,10,30,45,8,38.5,30,0.05,0,2.0.0,20261146
PK-001,2026-12-06,plan,6,Sonntag,7,49,1,0,,Stationsleitung,Pflegefachkraft,EXAM|LEITUNG|PRAXISANLEITUNG,1.0,38.5,9240,4620,4158,5082,5,2,2,0,0,1,Pflegefachkraft,1,0.5,5814,8,7,1,1,2,1791,1,,,,,,0,,0,,4,4,4,0,716,1,4,4,4,0,627,1,3,3,3,0,448,0,ST-ITS1,Intensivstation,12,Intensivmedizin,2.0,3.0,06:00,14:00,450,,13:30,21:30,450,F,21:15,06:15,495,F|S,11,10,8,10,30,45,8,38.5,30,0.05,0,2.0.0,20261146
PK-002,2026-12-06,plan,6,Sonntag,7,49,1,0,,Pflegefachkraft,Pflegefachkraft,EXAM|PRAXISANLEITUNG|KARDIO_MONITORING,1.0,38.5,9240,9240,8316,10164,5,2,2,8,1,1,Pflegefachkraft,0,0.0,-1815,8,7,1,1,2,1791,1,,,,,,0,,0,,4,4,4,0,716,1,4,4,4,0,627,1,3,3,3,0,448,0,ST-ITS1,Intensivstation,12,Intensivmedizin,2.0,3.0,06:00,14:00,450,,13:30,21:30,450,F,21:15,06:15,495,F|S,11,10,8,10,30,45,8,38.5,30,0.05,0,2.0.0,20261146
PK-003,2026-12-06,plan,6,Sonntag,7,49,1,0,,Pflegefachkraft,Pflegefachkraft,EXAM,1.0,38.5,9240,9240,8316,10164,5,2,2,8,1,1,Pflegefachkraft,0,0.0,-1815,8,7,1,1,2,1791,1,,,,,,0,,0,,4,4,4,0,716,1,4,4,4,0,627,1,3,3,3,0,448,0,ST-ITS1,Intensivstation,12,Intensivmedizin,2.0,3.0,06:00,14:00,450,,13:30,21:30,450,F,21:15,06:15,495,F|S,11,10,8,10,30,45,8,38.5,30,0.05,0,2.0.0,20261146
PK-004,2026-12-06,plan,6,Sonntag,7,49,1,0,,Pflegefachkraft,Pflegefachkraft,EXAM,1.0,38.5,9240,9240,8316,10164,5,2,2,8,1,1,Pflegefachkraft,0,0.0,-1995,8,7,1,1,2,1791,1,,,,,,1,12,0,,4,4,4,0,716,1,4,4,4,0,627,1,3,3,3,0,448,0,ST-ITS1,Intensivstation,12,Intensivmedizin,2.0,3.0,06:00,14:00,450,,13:30,21:30,450,F,21:15,06:15,495,F|S,11,10,8,10,30,45,8,38.5,30,0.05,0,2.0.0,20261146
PK-005,2026-12-06,plan,6,Sonntag,7,49,1,0,,Pflegefachkraft,Pflegefachkraft,EXAM,1.0,38.5,9240,9240,8316,10164,5,2,2,8,1,1,Pflegefachkraft,0,0.0,-1905,8,7,1,1,2,1791,1,,,,,,0,,0,,4,4,4,0,716,1,4,4,4,0,627,1,3,3,3,0,448,0,ST-ITS1,Intensivstation,12,Intensivmedizin,2.0,3.0,06:00,14:00,450,,13:30,21:30,450,F,21:15,06:15,495,F|S,11,10,8,10,30,45,8,38.5,30,0.05,0,2.0.0,20261146
PK-006,2026-12-06,plan,6,Sonntag,7,49,1,0,,Pflegefachkraft,Pflegefachkraft,EXAM|PRAXISANLEITUNG|KARDIO_MONITORING,1.0,38.5,9240,9240,8316,10164,5,2,2,8,1,1,Pflegefachkraft,0,0.0,-1905,8,7,1,1,2,1791,1,,,,,,0,,0,,4,4,4,0,716,1,4,4,4,0,627,1,3,3,3,0,448,0,ST-ITS1,Intensivstation,12,Intensivmedizin,2.0,3.0,06:00,14:00,450,,13:30,21:30,450,F,21:15,06:15,495,F|S,11,10,8,10,30,45,8,38.5,30,0.05,0,2.0.0,20261146
PK-007,2026-12-06,plan,6,Sonntag,7,49,1,0,,Pflegefachkraft,Pflegefachkraft,EXAM,1.0,38.5,9240,9240,8316,10164,5,2,2,8,1,1,Pflegefachkraft,0,0.0,1104,8,7,1,1,2,1791,1,,,,,,0,,0,,4,4,4,0,716,1,4,4,4,0,627,1,3,3,3,0,448,0,ST-ITS1,Intensivstation,12,Intensivmedizin,2.0,3.0,06:00,14:00,450,,13:30,21:30,450,F,21:15,06:15,495,F|S,11,10,8,10,30,45,8,38.5,30,0.05,0,2.0.0,20261146
PK-008,2026-12-06,plan,6,Sonntag,7,49,1,0,,Pflegefachkraft,Pflegefachkraft,EXAM|KARDIO_MONITORING,1.0,38.5,9240,9240,8316,10164,5,2,2,8,1,1,Pflegefachkraft,0,0.0,-2265,8,7,1,1,2,1791,1,,,,,,0,,0,,4,4,4,0,716,1,4,4,4,0,627,1,3,3,3,0,448,0,ST-ITS1,Intensivstation,12,Intensivmedizin,2.0,3.0,06:00,14:00,450,,13:30,21:30,450,F,21:15,06:15,495,F|S,11,10,8,10,30,45,8,38.5,30,0.05,0,2.0.0,20261146
PK-009,2026-12-06,plan,6,Sonntag,7,49,1,0,,Pflegefachkraft,Pflegefachkraft,EXAM,1.0,38.5,9240,9240,8316,10164,5,2,2,8,1,1,Pflegefachkraft,0,0.0,-1995,8,7,1,1,2,1791,0,URLAUB,,,,,0,,0,,4,4,4,0,716,1,4,4,4,0,627,1,3,3,3,0,448,0,ST-ITS1,Intensivstation,12,Intensivmedizin,2.0,3.0,06:00,14:00,450,,13:30,21:30,450,F,21:15,06:15,495,F|S,11,10,8,10,30,45,8,38.5,30,0.05,0,2.0.0,20261146
PK-010,2026-12-06,plan,6,Sonntag,7,49,1,0,,Pflegefachkraft,Pflegefachkraft,EXAM|PRAXISANLEITUNG|KARDIO_MONITORING,0.6,23.1,5544,5544,4990,6098,5,2,2,8,1,1,Pflegefachkraft,0,0.0,-999,8,7,1,1,2,1791,1,,3,,,,0,,0,,4,4,4,0,716,1,4,4,4,0,627,1,3,3,3,0,448,0,ST-ITS1,Intensivstation,12,Intensivmedizin,2.0,3.0,06:00,14:00,450,,13:30,21:30,450,F,21:15,06:15,495,F|S,11,10,8,10,30,45,8,38.5,30,0.05,0,2.0.0,20261146
PK-011,2026-12-06,plan,6,Sonntag,7,49,1,0,,Pflegefachkraft,Pflegefachkraft,EXAM|KARDIO_MONITORING,0.5,19.25,4620,4620,4158,5082,5,2,2,8,1,1,Pflegefachkraft,0,0.0,-1020,8,7,1,1,2,1791,1,,,,,,0,,0,,4,4,4,0,716,1,4,4,4,0,627,1,3,3,3,0,448,0,ST-ITS1,Intensivstation,12,Intensivmedizin,2.0,3.0,06:00,14:00,450,,13:30,21:30,450,F,21:15,06:15,495,F|S,11,10,8,10,30,45,8,38.5,30,0.05,0,2.0.0,20261146
PK-012,2026-12-06,plan,6,Sonntag,7,49,1,0,,Pflegefachkraft,Pflegefachkraft,EXAM|KARDIO_MONITORING,0.75,28.88,6931,6931,6238,7624,5,2,2,8,1,1,Pflegefachkraft,0,0.0,-1530,8,7,1,1,2,1791,1,,3,,,,0,,0,,4,4,4,0,716,1,4,4,4,0,627,1,3,3,3,0,448,0,ST-ITS1,Intensivstation,12,Intensivmedizin,2.0,3.0,06:00,14:00,450,,13:30,21:30,450,F,21:15,06:15,495,F|S,11,10,8,10,30,45,8,38.5,30,0.05,0,2.0.0,20261146
PK-013,2026-12-06,plan,6,Sonntag,7,49,1,0,,Pflegefachkraft,Pflegefachkraft,EXAM|KARDIO_MONITORING,1.0,38.5,9240,9240,8316,10164,5,2,2,8,1,1,Pflegefachkraft,0,0.0,-1905,8,7,1,1,2,1791,1,,,,,,0,,0,,4,4,4,0,716,1,4,4,4,0,627,1,3,3,3,0,448,0,ST-ITS1,Intensivstation,12,Intensivmedizin,2.0,3.0,06:00,14:00,450,,13:30,21:30,450,F,21:15,06:15,495,F|S,11,10,8,10,30,45,8,38.5,30,0.05,0,2.0.0,20261146
PK-014,2026-12-06,plan,6,Sonntag,7,49,1,0,,Pflegefachkraft,Pflegefachkraft,EXAM,1.0,38.5,9240,9240,8316,10164,5,2,2,8,1,1,Pflegefachkraft,0,0.0,-1680,8,7,1,1,2,1791,1,,,,,,0,,0,,4,4,4,0,716,1,4,4,4,0,627,1,3,3,3,0,448,0,ST-ITS1,Intensivstation,12,Intensivmedizin,2.0,3.0,06:00,14:00,450,,13:30,21:30,450,F,21:15,06:15,495,F|S,11,10,8,10,30,45,8,38.5,30,0.05,0,2.0.0,20261146
PK-015,2026-12-06,plan,6,Sonntag,7,49,1,0,,Pflegefachkraft,Pflegefachkraft,EXAM|KARDIO_MONITORING,0.5,19.25,4620,4620,4158,5082,5,2,2,8,1,1,Pflegefachkraft,0,0.0,-930,8,7,1,1,2,1791,1,,,,,,0,,0,,4,4,4,0,716,1,4,4,4,0,627,1,3,3,3,0,448,0,ST-ITS1,Intensivstation,12,Intensivmedizin,2.0,3.0,06:00,14:00,450,,13:30,21:30,450,F,21:15,06:15,495,F|S,11,10,8,10,30,45,8,38.5,30,0.05,0,2.0.0,20261146
PK-016,2026-12-06,plan,6,Sonntag,7,49,1,0,,Pflegefachkraft,Pflegefachkraft,EXAM,0.9,34.65,8316,8316,7484,9148,5,2,2,8,1,1,Pflegefachkraft,0,0.0,1255,8,7,1,1,2,1791,1,,,,,,0,,0,,4,4,4,0,716,1,4,4,4,0,627,1,3,3,3,0,448,0,ST-ITS1,Intensivstation,12,Intensivmedizin,2.0,3.0,06:00,14:00,450,,13:30,21:30,450,F,21:15,06:15,495,F|S,11,10,8,10,30,45,8,38.5,30,0.05,0,2.0.0,20261146
PK-017,2026-12-06,plan,6,Sonntag,7,49,1,0,,Pflegefachkraft,Pflegefachkraft,EXAM|KARDIO_MONITORING,1.0,38.5,9240,9240,8316,10164,5,2,2,8,1,1,Pflegefachkraft,0,0.0,-1680,8,7,1,1,2,1791,1,,,S,1,,0,,0,,4,4,4,0,716,1,4,4,4,0,627,1,3,3,3,0,448,0,ST-ITS1,Intensivstation,12,Intensivmedizin,2.0,3.0,06:00,14:00,450,,13:30,21:30,450,F,21:15,06:15,495,F|S,11,10,8,10,30,45,8,38.5,30,0.05,0,2.0.0,20261146
PK-018,2026-12-06,plan,6,Sonntag,7,49,1,0,,Pflegefachkraft,Pflegefachkraft,EXAM|PRAXISANLEITUNG,0.6,23.1,5544,5544,4990,6098,5,2,2,8,1,1,Pflegefachkraft,0,0.0,-909,8,7,1,1,2,1791,1,,2,,,,0,,0,,4,4,4,0,716,1,4,4,4,0,627,1,3,3,3,0,448,0,ST-ITS1,Intensivstation,12,Intensivmedizin,2.0,3.0,06:00,14:00,450,,13:30,21:30,450,F,21:15,06:15,495,F|S,11,10,8,10,30,45,8,38.5,30,0.05,0,2.0.0,20261146
PK-019,2026-12-06,plan,6,Sonntag,7,49,1,0,,Pflegefachkraft,Pflegefachkraft,EXAM,0.6,23.1,5544,5544,4990,6098,5,2,2,8,1,1,Pflegefachkraft,0,0.0,-954,8,7,1,1,2,1791,1,,,,,,0,,0,,4,4,4,0,716,1,4,4,4,0,627,1,3,3,3,0,448,0,ST-ITS1,Intensivstation,12,Intensivmedizin,2.0,3.0,06:00,14:00,450,,13:30,21:30,450,F,21:15,06:15,495,F|S,11,10,8,10,30,45,8,38.5,30,0.05,0,2.0.0,20261146
PK-020,2026-12-06,plan,6,Sonntag,7,49,1,0,,Pflegefachkraft,Pflegefachkraft,EXAM|PRAXISANLEITUNG,0.8,30.8,7392,7392,6653,8131,5,2,2,8,1,1,Pflegefachkraft,0,0.0,-1497,8,7,1,1,2,1791,1,,,,,,0,,0,,4,4,4,0,716,1,4,4,4,0,627,1,3,3,3,0,448,0,ST-ITS1,Intensivstation,12,Intensivmedizin,2.0,3.0,06:00,14:00,450,,13:30,21:30,450,F,21:15,06:15,495,F|S,11,10,8,10,30,45,8,38.5,30,0.05,0,2.0.0,20261146
PK-021,2026-12-06,plan,6,Sonntag,7,49,1,0,,Pflegefachkraft,Pflegefachkraft,EXAM|PRAXISANLEITUNG,0.5,19.25,4620,4620,4158,5082,5,2,2,8,1,1,Pflegefachkraft,0,0.0,-975,8,7,1,1,2,1791,1,,,,,,0,,0,,4,4,4,0,716,1,4,4,4,0,627,1,3,3,3,0,448,0,ST-ITS1,Intensivstation,12,Intensivmedizin,2.0,3.0,06:00,14:00,450,,13:30,21:30,450,F,21:15,06:15,495,F|S,11,10,8,10,30,45,8,38.5,30,0.05,0,2.0.0,20261146
PK-022,2026-12-06,plan,6,Sonntag,7,49,1,0,,Pflegefachkraft,Pflegefachkraft,EXAM,0.7,26.95,6468,6468,5821,7115,5,2,2,8,1,1,Pflegefachkraft,0,0.0,-1473,8,7,1,1,2,1791,0,URLAUB,,,,,0,,0,,4,4,4,0,716,1,4,4,4,0,627,1,3,3,3,0,448,0,ST-ITS1,Intensivstation,12,Intensivmedizin,2.0,3.0,06:00,14:00,450,,13:30,21:30,450,F,21:15,06:15,495,F|S,11,10,8,10,30,45,8,38.5,30,0.05,0,2.0.0,20261146
PK-023,2026-12-06,plan,6,Sonntag,7,49,1,0,,Pflegefachkraft,Pflegefachkraft,EXAM,1.0,38.5,9240,9240,8316,10164,5,2,2,8,1,1,Pflegefachkraft,0,0.0,-2040,8,7,1,1,2,1791,1,,,,,,0,,0,,4,4,4,0,716,1,4,4,4,0,627,1,3,3,3,0,448,0,ST-ITS1,Intensivstation,12,Intensivmedizin,2.0,3.0,06:00,14:00,450,,13:30,21:30,450,F,21:15,06:15,495,F|S,11,10,8,10,30,45,8,38.5,30,0.05,0,2.0.0,20261146
PK-024,2026-12-06,plan,6,Sonntag,7,49,1,0,,Pflegefachkraft,Pflegefachkraft,EXAM|PRAXISANLEITUNG,1.0,38.5,9240,9240,8316,10164,5,2,2,8,1,1,Pflegefachkraft,0,0.0,-2310,8,7,1,1,2,1791,0,URLAUB,,,,,0,,0,,4,4,4,0,716,1,4,4,4,0,627,1,3,3,3,0,448,0,ST-ITS1,Intensivstation,12,Intensivmedizin,2.0,3.0,06:00,14:00,450,,13:30,21:30,450,F,21:15,06:15,495,F|S,11,10,8,10,30,45,8,38.5,30,0.05,0,2.0.0,20261146
PK-025,2026-12-06,plan,6,Sonntag,7,49,1,0,,Pflegefachkraft,Pflegefachkraft,EXAM,1.0,38.5,9240,9240,8316,10164,5,2,2,8,1,1,Pflegefachkraft,0,0.0,-1680,8,7,1,1,2,1791,0,LANGZEITABWESENHEIT,,,,,0,,0,,4,4,4,0,716,1,4,4,4,0,627,1,3,3,3,0,448,0,ST-ITS1,Intensivstation,12,Intensivmedizin,2.0,3.0,06:00,14:00,450,,13:30,21:30,450,F,21:15,06:15,495,F|S,11,10,8,10,30,45,8,38.5,30,0.05,0,2.0.0,20261146
AZ-001,2026-12-07,plan,7,Montag,1,50,0,0,,Auszubildende_r_3_Ausbildungsjahr,Auszubildende,AUSZUBILDEND,1.0,38.5,9240,9240,8316,10164,5,2,2,8,1,0,nicht anrechenbar,0,0.0,-9240,10,8,1,3,1,1792,1,,,,,,0,,0,,5,5,5,0,717,1,5,5,5,0,627,1,3,3,3,0,448,0,ST-ITS1,Intensivstation,12,Intensivmedizin,2.0,3.0,06:00,14:00,450,,13:30,21:30,450,F,21:15,06:15,495,F|S,11,10,8,10,30,45,8,38.5,30,0.05,0,2.0.0,20261146
AZ-002,2026-12-07,plan,7,Montag,1,50,0,0,,Auszubildende_r_2_Ausbildungsjahr,Auszubildende,AUSZUBILDEND,1.0,38.5,9240,9240,8316,10164,5,2,2,8,1,0,nicht anrechenbar,0,0.0,-9240,10,8,1,3,1,1792,1,,,,,,0,,0,,5,5,5,0,717,1,5,5,5,0,627,1,3,3,3,0,448,0,ST-ITS1,Intensivstation,12,Intensivmedizin,2.0,3.0,06:00,14:00,450,,13:30,21:30,450,F,21:15,06:15,495,F|S,11,10,8,10,30,45,8,38.5,30,0.05,0,2.0.0,20261146
AZ-003,2026-12-07,plan,7,Montag,1,50,0,0,,Auszubildende_r_1_Ausbildungsjahr,Auszubildende,AUSZUBILDEND,1.0,38.5,9240,9240,8316,10164,5,2,2,0,0,0,nicht anrechenbar,0,0.0,-9240,10,8,1,3,1,1792,1,,,,,,0,,0,,5,5,5,0,717,1,5,5,5,0,627,1,3,3,3,0,448,0,ST-ITS1,Intensivstation,12,Intensivmedizin,2.0,3.0,06:00,14:00,450,,13:30,21:30,450,F,21:15,06:15,495,F|S,11,10,8,10,30,45,8,38.5,30,0.05,0,2.0.0,20261146
PK-001,2026-12-07,plan,7,Montag,1,50,0,0,,Stationsleitung,Pflegefachkraft,EXAM|LEITUNG|PRAXISANLEITUNG,1.0,38.5,9240,4620,4158,5082,5,2,2,0,0,1,Pflegefachkraft,1,0.5,5814,10,8,1,3,1,1792,1,,,,,,0,,0,,5,5,5,0,717,1,5,5,5,0,627,1,3,3,3,0,448,0,ST-ITS1,Intensivstation,12,Intensivmedizin,2.0,3.0,06:00,14:00,450,,13:30,21:30,450,F,21:15,06:15,495,F|S,11,10,8,10,30,45,8,38.5,30,0.05,0,2.0.0,20261146
PK-002,2026-12-07,plan,7,Montag,1,50,0,0,,Pflegefachkraft,Pflegefachkraft,EXAM|PRAXISANLEITUNG|KARDIO_MONITORING,1.0,38.5,9240,9240,8316,10164,5,2,2,8,1,1,Pflegefachkraft,0,0.0,-1815,10,8,1,3,1,1792,1,,,,,,0,,0,,5,5,5,0,717,1,5,5,5,0,627,1,3,3,3,0,448,0,ST-ITS1,Intensivstation,12,Intensivmedizin,2.0,3.0,06:00,14:00,450,,13:30,21:30,450,F,21:15,06:15,495,F|S,11,10,8,10,30,45,8,38.5,30,0.05,0,2.0.0,20261146
PK-003,2026-12-07,plan,7,Montag,1,50,0,0,,Pflegefachkraft,Pflegefachkraft,EXAM,1.0,38.5,9240,9240,8316,10164,5,2,2,8,1,1,Pflegefachkraft,0,0.0,-1815,10,8,1,3,1,1792,1,,,,,,0,,0,,5,5,5,0,717,1,5,5,5,0,627,1,3,3,3,0,448,0,ST-ITS1,Intensivstation,12,Intensivmedizin,2.0,3.0,06:00,14:00,450,,13:30,21:30,450,F,21:15,06:15,495,F|S,11,10,8,10,30,45,8,38.5,30,0.05,0,2.0.0,20261146
PK-004,2026-12-07,plan,7,Montag,1,50,0,0,,Pflegefachkraft,Pflegefachkraft,EXAM,1.0,38.5,9240,9240,8316,10164,5,2,2,8,1,1,Pflegefachkraft,0,0.0,-1995,10,8,1,3,1,1792,1,,,,,,0,,0,,5,5,5,0,717,1,5,5,5,0,627,1,3,3,3,0,448,0,ST-ITS1,Intensivstation,12,Intensivmedizin,2.0,3.0,06:00,14:00,450,,13:30,21:30,450,F,21:15,06:15,495,F|S,11,10,8,10,30,45,8,38.5,30,0.05,0,2.0.0,20261146
PK-005,2026-12-07,plan,7,Montag,1,50,0,0,,Pflegefachkraft,Pflegefachkraft,EXAM,1.0,38.5,9240,9240,8316,10164,5,2,2,8,1,1,Pflegefachkraft,0,0.0,-1905,10,8,1,3,1,1792,1,,,,,,0,,0,,5,5,5,0,717,1,5,5,5,0,627,1,3,3,3,0,448,0,ST-ITS1,Intensivstation,12,Intensivmedizin,2.0,3.0,06:00,14:00,450,,13:30,21:30,450,F,21:15,06:15,495,F|S,11,10,8,10,30,45,8,38.5,30,0.05,0,2.0.0,20261146
PK-006,2026-12-07,plan,7,Montag,1,50,0,0,,Pflegefachkraft,Pflegefachkraft,EXAM|PRAXISANLEITUNG|KARDIO_MONITORING,1.0,38.5,9240,9240,8316,10164,5,2,2,8,1,1,Pflegefachkraft,0,0.0,-1905,10,8,1,3,1,1792,1,,,,,,0,,0,,5,5,5,0,717,1,5,5,5,0,627,1,3,3,3,0,448,0,ST-ITS1,Intensivstation,12,Intensivmedizin,2.0,3.0,06:00,14:00,450,,13:30,21:30,450,F,21:15,06:15,495,F|S,11,10,8,10,30,45,8,38.5,30,0.05,0,2.0.0,20261146
PK-007,2026-12-07,plan,7,Montag,1,50,0,0,,Pflegefachkraft,Pflegefachkraft,EXAM,1.0,38.5,9240,9240,8316,10164,5,2,2,8,1,1,Pflegefachkraft,0,0.0,1104,10,8,1,3,1,1792,1,,,,,,0,,0,,5,5,5,0,717,1,5,5,5,0,627,1,3,3,3,0,448,0,ST-ITS1,Intensivstation,12,Intensivmedizin,2.0,3.0,06:00,14:00,450,,13:30,21:30,450,F,21:15,06:15,495,F|S,11,10,8,10,30,45,8,38.5,30,0.05,0,2.0.0,20261146
PK-008,2026-12-07,plan,7,Montag,1,50,0,0,,Pflegefachkraft,Pflegefachkraft,EXAM|KARDIO_MONITORING,1.0,38.5,9240,9240,8316,10164,5,2,2,8,1,1,Pflegefachkraft,0,0.0,-2265,10,8,1,3,1,1792,1,,,,,,0,,0,,5,5,5,0,717,1,5,5,5,0,627,1,3,3,3,0,448,0,ST-ITS1,Intensivstation,12,Intensivmedizin,2.0,3.0,06:00,14:00,450,,13:30,21:30,450,F,21:15,06:15,495,F|S,11,10,8,10,30,45,8,38.5,30,0.05,0,2.0.0,20261146
PK-009,2026-12-07,plan,7,Montag,1,50,0,0,,Pflegefachkraft,Pflegefachkraft,EXAM,1.0,38.5,9240,9240,8316,10164,5,2,2,8,1,1,Pflegefachkraft,0,0.0,-1995,10,8,1,3,1,1792,0,URLAUB,,,,,0,,0,,5,5,5,0,717,1,5,5,5,0,627,1,3,3,3,0,448,0,ST-ITS1,Intensivstation,12,Intensivmedizin,2.0,3.0,06:00,14:00,450,,13:30,21:30,450,F,21:15,06:15,495,F|S,11,10,8,10,30,45,8,38.5,30,0.05,0,2.0.0,20261146
PK-010,2026-12-07,plan,7,Montag,1,50,0,0,,Pflegefachkraft,Pflegefachkraft,EXAM|PRAXISANLEITUNG|KARDIO_MONITORING,0.6,23.1,5544,5544,4990,6098,5,2,2,8,1,1,Pflegefachkraft,0,0.0,-999,10,8,1,3,1,1792,1,,,,,,0,,0,,5,5,5,0,717,1,5,5,5,0,627,1,3,3,3,0,448,0,ST-ITS1,Intensivstation,12,Intensivmedizin,2.0,3.0,06:00,14:00,450,,13:30,21:30,450,F,21:15,06:15,495,F|S,11,10,8,10,30,45,8,38.5,30,0.05,0,2.0.0,20261146
PK-011,2026-12-07,plan,7,Montag,1,50,0,0,,Pflegefachkraft,Pflegefachkraft,EXAM|KARDIO_MONITORING,0.5,19.25,4620,4620,4158,5082,5,2,2,8,1,1,Pflegefachkraft,0,0.0,-1020,10,8,1,3,1,1792,1,,,,,,0,,0,,5,5,5,0,717,1,5,5,5,0,627,1,3,3,3,0,448,0,ST-ITS1,Intensivstation,12,Intensivmedizin,2.0,3.0,06:00,14:00,450,,13:30,21:30,450,F,21:15,06:15,495,F|S,11,10,8,10,30,45,8,38.5,30,0.05,0,2.0.0,20261146
PK-012,2026-12-07,plan,7,Montag,1,50,0,0,,Pflegefachkraft,Pflegefachkraft,EXAM|KARDIO_MONITORING,0.75,28.88,6931,6931,6238,7624,5,2,2,8,1,1,Pflegefachkraft,0,0.0,-1530,10,8,1,3,1,1792,1,,,,,,0,,0,,5,5,5,0,717,1,5,5,5,0,627,1,3,3,3,0,448,0,ST-ITS1,Intensivstation,12,Intensivmedizin,2.0,3.0,06:00,14:00,450,,13:30,21:30,450,F,21:15,06:15,495,F|S,11,10,8,10,30,45,8,38.5,30,0.05,0,2.0.0,20261146
PK-013,2026-12-07,plan,7,Montag,1,50,0,0,,Pflegefachkraft,Pflegefachkraft,EXAM|KARDIO_MONITORING,1.0,38.5,9240,9240,8316,10164,5,2,2,8,1,1,Pflegefachkraft,0,0.0,-1905,10,8,1,3,1,1792,1,,,,,,0,,0,,5,5,5,0,717,1,5,5,5,0,627,1,3,3,3,0,448,0,ST-ITS1,Intensivstation,12,Intensivmedizin,2.0,3.0,06:00,14:00,450,,13:30,21:30,450,F,21:15,06:15,495,F|S,11,10,8,10,30,45,8,38.5,30,0.05,0,2.0.0,20261146
PK-014,2026-12-07,plan,7,Montag,1,50,0,0,,Pflegefachkraft,Pflegefachkraft,EXAM,1.0,38.5,9240,9240,8316,10164,5,2,2,8,1,1,Pflegefachkraft,0,0.0,-1680,10,8,1,3,1,1792,1,,,,,,1,12,0,,5,5,5,0,717,1,5,5,5,0,627,1,3,3,3,0,448,0,ST-ITS1,Intensivstation,12,Intensivmedizin,2.0,3.0,06:00,14:00,450,,13:30,21:30,450,F,21:15,06:15,495,F|S,11,10,8,10,30,45,8,38.5,30,0.05,0,2.0.0,20261146
PK-015,2026-12-07,plan,7,Montag,1,50,0,0,,Pflegefachkraft,Pflegefachkraft,EXAM|KARDIO_MONITORING,0.5,19.25,4620,4620,4158,5082,5,2,2,8,1,1,Pflegefachkraft,0,0.0,-930,10,8,1,3,1,1792,1,,,,,,0,,0,,5,5,5,0,717,1,5,5,5,0,627,1,3,3,3,0,448,0,ST-ITS1,Intensivstation,12,Intensivmedizin,2.0,3.0,06:00,14:00,450,,13:30,21:30,450,F,21:15,06:15,495,F|S,11,10,8,10,30,45,8,38.5,30,0.05,0,2.0.0,20261146
PK-016,2026-12-07,plan,7,Montag,1,50,0,0,,Pflegefachkraft,Pflegefachkraft,EXAM,0.9,34.65,8316,8316,7484,9148,5,2,2,8,1,1,Pflegefachkraft,0,0.0,1255,10,8,1,3,1,1792,1,,,,,,0,,0,,5,5,5,0,717,1,5,5,5,0,627,1,3,3,3,0,448,0,ST-ITS1,Intensivstation,12,Intensivmedizin,2.0,3.0,06:00,14:00,450,,13:30,21:30,450,F,21:15,06:15,495,F|S,11,10,8,10,30,45,8,38.5,30,0.05,0,2.0.0,20261146
PK-017,2026-12-07,plan,7,Montag,1,50,0,0,,Pflegefachkraft,Pflegefachkraft,EXAM|KARDIO_MONITORING,1.0,38.5,9240,9240,8316,10164,5,2,2,8,1,1,Pflegefachkraft,0,0.0,-1680,10,8,1,3,1,1792,1,,,,,,0,,0,,5,5,5,0,717,1,5,5,5,0,627,1,3,3,3,0,448,0,ST-ITS1,Intensivstation,12,Intensivmedizin,2.0,3.0,06:00,14:00,450,,13:30,21:30,450,F,21:15,06:15,495,F|S,11,10,8,10,30,45,8,38.5,30,0.05,0,2.0.0,20261146
PK-018,2026-12-07,plan,7,Montag,1,50,0,0,,Pflegefachkraft,Pflegefachkraft,EXAM|PRAXISANLEITUNG,0.6,23.1,5544,5544,4990,6098,5,2,2,8,1,1,Pflegefachkraft,0,0.0,-909,10,8,1,3,1,1792,1,,,,,,0,,0,,5,5,5,0,717,1,5,5,5,0,627,1,3,3,3,0,448,0,ST-ITS1,Intensivstation,12,Intensivmedizin,2.0,3.0,06:00,14:00,450,,13:30,21:30,450,F,21:15,06:15,495,F|S,11,10,8,10,30,45,8,38.5,30,0.05,0,2.0.0,20261146
PK-019,2026-12-07,plan,7,Montag,1,50,0,0,,Pflegefachkraft,Pflegefachkraft,EXAM,0.6,23.1,5544,5544,4990,6098,5,2,2,8,1,1,Pflegefachkraft,0,0.0,-954,10,8,1,3,1,1792,1,,,,,,0,,0,,5,5,5,0,717,1,5,5,5,0,627,1,3,3,3,0,448,0,ST-ITS1,Intensivstation,12,Intensivmedizin,2.0,3.0,06:00,14:00,450,,13:30,21:30,450,F,21:15,06:15,495,F|S,11,10,8,10,30,45,8,38.5,30,0.05,0,2.0.0,20261146
PK-020,2026-12-07,plan,7,Montag,1,50,0,0,,Pflegefachkraft,Pflegefachkraft,EXAM|PRAXISANLEITUNG,0.8,30.8,7392,7392,6653,8131,5,2,2,8,1,1,Pflegefachkraft,0,0.0,-1497,10,8,1,3,1,1792,1,,,,,,0,,0,,5,5,5,0,717,1,5,5,5,0,627,1,3,3,3,0,448,0,ST-ITS1,Intensivstation,12,Intensivmedizin,2.0,3.0,06:00,14:00,450,,13:30,21:30,450,F,21:15,06:15,495,F|S,11,10,8,10,30,45,8,38.5,30,0.05,0,2.0.0,20261146
PK-021,2026-12-07,plan,7,Montag,1,50,0,0,,Pflegefachkraft,Pflegefachkraft,EXAM|PRAXISANLEITUNG,0.5,19.25,4620,4620,4158,5082,5,2,2,8,1,1,Pflegefachkraft,0,0.0,-975,10,8,1,3,1,1792,1,,,,,,0,,0,,5,5,5,0,717,1,5,5,5,0,627,1,3,3,3,0,448,0,ST-ITS1,Intensivstation,12,Intensivmedizin,2.0,3.0,06:00,14:00,450,,13:30,21:30,450,F,21:15,06:15,495,F|S,11,10,8,10,30,45,8,38.5,30,0.05,0,2.0.0,20261146
PK-022,2026-12-07,plan,7,Montag,1,50,0,0,,Pflegefachkraft,Pflegefachkraft,EXAM,0.7,26.95,6468,6468,5821,7115,5,2,2,8,1,1,Pflegefachkraft,0,0.0,-1473,10,8,1,3,1,1792,0,URLAUB,,,,,0,,0,,5,5,5,0,717,1,5,5,5,0,627,1,3,3,3,0,448,0,ST-ITS1,Intensivstation,12,Intensivmedizin,2.0,3.0,06:00,14:00,450,,13:30,21:30,450,F,21:15,06:15,495,F|S,11,10,8,10,30,45,8,38.5,30,0.05,0,2.0.0,20261146
PK-023,2026-12-07,plan,7,Montag,1,50,0,0,,Pflegefachkraft,Pflegefachkraft,EXAM,1.0,38.5,9240,9240,8316,10164,5,2,2,8,1,1,Pflegefachkraft,0,0.0,-2040,10,8,1,3,1,1792,1,,,,,,0,,0,,5,5,5,0,717,1,5,5,5,0,627,1,3,3,3,0,448,0,ST-ITS1,Intensivstation,12,Intensivmedizin,2.0,3.0,06:00,14:00,450,,13:30,21:30,450,F,21:15,06:15,495,F|S,11,10,8,10,30,45,8,38.5,30,0.05,0,2.0.0,20261146
PK-024,2026-12-07,plan,7,Montag,1,50,0,0,,Pflegefachkraft,Pflegefachkraft,EXAM|PRAXISANLEITUNG,1.0,38.5,9240,9240,8316,10164,5,2,2,8,1,1,Pflegefachkraft,0,0.0,-2310,10,8,1,3,1,1792,0,URLAUB,,,,,0,,0,,5,5,5,0,717,1,5,5,5,0,627,1,3,3,3,0,448,0,ST-ITS1,Intensivstation,12,Intensivmedizin,2.0,3.0,06:00,14:00,450,,13:30,21:30,450,F,21:15,06:15,495,F|S,11,10,8,10,30,45,8,38.5,30,0.05,0,2.0.0,20261146
PK-025,2026-12-07,plan,7,Montag,1,50,0,0,,Pflegefachkraft,Pflegefachkraft,EXAM,1.0,38.5,9240,9240,8316,10164,5,2,2,8,1,1,Pflegefachkraft,0,0.0,-1680,10,8,1,3,1,1792,0,LANGZEITABWESENHEIT,,,,,0,,0,,5,5,5,0,717,1,5,5,5,0,627,1,3,3,3,0,448,0,ST-ITS1,Intensivstation,12,Intensivmedizin,2.0,3.0,06:00,14:00,450,,13:30,21:30,450,F,21:15,06:15,495,F|S,11,10,8,10,30,45,8,38.5,30,0.05,0,2.0.0,20261146
AZ-001,2026-12-08,plan,8,Dienstag,2,50,0,0,,Auszubildende_r_3_Ausbildungsjahr,Auszubildende,AUSZUBILDEND,1.0,38.5,9240,9240,8316,10164,5,2,2,8,1,0,nicht anrechenbar,0,0.0,-9240,9,9,3,1,0,1394,1,,2,,,,0,,0,,5,5,5,0,558,1,5,5,5,0,488,1,3,3,3,0,348,0,ST-ITS1,Intensivstation,12,Intensivmedizin,2.0,3.0,06:00,14:00,450,,13:30,21:30,450,F,21:15,06:15,495,F|S,11,10,8,10,30,45,8,38.5,30,0.05,0,2.0.0,20261146
AZ-002,2026-12-08,plan,8,Dienstag,2,50,0,0,,Auszubildende_r_2_Ausbildungsjahr,Auszubildende,AUSZUBILDEND,1.0,38.5,9240,9240,8316,10164,5,2,2,8,1,0,nicht anrechenbar,0,0.0,-9240,9,9,3,1,0,1394,1,,,,,,0,,0,,5,5,5,0,558,1,5,5,5,0,488,1,3,3,3,0,348,0,ST-ITS1,Intensivstation,12,Intensivmedizin,2.0,3.0,06:00,14:00,450,,13:30,21:30,450,F,21:15,06:15,495,F|S,11,10,8,10,30,45,8,38.5,30,0.05,0,2.0.0,20261146
AZ-003,2026-12-08,plan,8,Dienstag,2,50,0,0,,Auszubildende_r_1_Ausbildungsjahr,Auszubildende,AUSZUBILDEND,1.0,38.5,9240,9240,8316,10164,5,2,2,0,0,0,nicht anrechenbar,0,0.0,-9240,9,9,3,1,0,1394,1,,,,,,0,,0,,5,5,5,0,558,1,5,5,5,0,488,1,3,3,3,0,348,0,ST-ITS1,Intensivstation,12,Intensivmedizin,2.0,3.0,06:00,14:00,450,,13:30,21:30,450,F,21:15,06:15,495,F|S,11,10,8,10,30,45,8,38.5,30,0.05,0,2.0.0,20261146
PK-001,2026-12-08,plan,8,Dienstag,2,50,0,0,,Stationsleitung,Pflegefachkraft,EXAM|LEITUNG|PRAXISANLEITUNG,1.0,38.5,9240,4620,4158,5082,5,2,2,0,0,1,Pflegefachkraft,1,0.5,5814,9,9,3,1,0,1394,1,,,N,1,,1,24,0,,5,5,5,0,558,1,5,5,5,0,488,1,3,3,3,0,348,0,ST-ITS1,Intensivstation,12,Intensivmedizin,2.0,3.0,06:00,14:00,450,,13:30,21:30,450,F,21:15,06:15,495,F|S,11,10,8,10,30,45,8,38.5,30,0.05,0,2.0.0,20261146
PK-002,2026-12-08,plan,8,Dienstag,2,50,0,0,,Pflegefachkraft,Pflegefachkraft,EXAM|PRAXISANLEITUNG|KARDIO_MONITORING,1.0,38.5,9240,9240,8316,10164,5,2,2,8,1,1,Pflegefachkraft,0,0.0,-1815,9,9,3,1,0,1394,1,,,,,,0,,0,,5,5,5,0,558,1,5,5,5,0,488,1,3,3,3,0,348,0,ST-ITS1,Intensivstation,12,Intensivmedizin,2.0,3.0,06:00,14:00,450,,13:30,21:30,450,F,21:15,06:15,495,F|S,11,10,8,10,30,45,8,38.5,30,0.05,0,2.0.0,20261146
PK-003,2026-12-08,plan,8,Dienstag,2,50,0,0,,Pflegefachkraft,Pflegefachkraft,EXAM,1.0,38.5,9240,9240,8316,10164,5,2,2,8,1,1,Pflegefachkraft,0,0.0,-1815,9,9,3,1,0,1394,1,,,,,,0,,0,,5,5,5,0,558,1,5,5,5,0,488,1,3,3,3,0,348,0,ST-ITS1,Intensivstation,12,Intensivmedizin,2.0,3.0,06:00,14:00,450,,13:30,21:30,450,F,21:15,06:15,495,F|S,11,10,8,10,30,45,8,38.5,30,0.05,0,2.0.0,20261146
PK-004,2026-12-08,plan,8,Dienstag,2,50,0,0,,Pflegefachkraft,Pflegefachkraft,EXAM,1.0,38.5,9240,9240,8316,10164,5,2,2,8,1,1,Pflegefachkraft,0,0.0,-1995,9,9,3,1,0,1394,1,,,,,,0,,0,,5,5,5,0,558,1,5,5,5,0,488,1,3,3,3,0,348,0,ST-ITS1,Intensivstation,12,Intensivmedizin,2.0,3.0,06:00,14:00,450,,13:30,21:30,450,F,21:15,06:15,495,F|S,11,10,8,10,30,45,8,38.5,30,0.05,0,2.0.0,20261146
PK-005,2026-12-08,plan,8,Dienstag,2,50,0,0,,Pflegefachkraft,Pflegefachkraft,EXAM,1.0,38.5,9240,9240,8316,10164,5,2,2,8,1,1,Pflegefachkraft,0,0.0,-1905,9,9,3,1,0,1394,1,,,,,,0,,0,,5,5,5,0,558,1,5,5,5,0,488,1,3,3,3,0,348,0,ST-ITS1,Intensivstation,12,Intensivmedizin,2.0,3.0,06:00,14:00,450,,13:30,21:30,450,F,21:15,06:15,495,F|S,11,10,8,10,30,45,8,38.5,30,0.05,0,2.0.0,20261146
PK-006,2026-12-08,plan,8,Dienstag,2,50,0,0,,Pflegefachkraft,Pflegefachkraft,EXAM|PRAXISANLEITUNG|KARDIO_MONITORING,1.0,38.5,9240,9240,8316,10164,5,2,2,8,1,1,Pflegefachkraft,0,0.0,-1905,9,9,3,1,0,1394,1,,,,,,0,,0,,5,5,5,0,558,1,5,5,5,0,488,1,3,3,3,0,348,0,ST-ITS1,Intensivstation,12,Intensivmedizin,2.0,3.0,06:00,14:00,450,,13:30,21:30,450,F,21:15,06:15,495,F|S,11,10,8,10,30,45,8,38.5,30,0.05,0,2.0.0,20261146
PK-007,2026-12-08,plan,8,Dienstag,2,50,0,0,,Pflegefachkraft,Pflegefachkraft,EXAM,1.0,38.5,9240,9240,8316,10164,5,2,2,8,1,1,Pflegefachkraft,0,0.0,1104,9,9,3,1,0,1394,1,,,,,,0,,0,,5,5,5,0,558,1,5,5,5,0,488,1,3,3,3,0,348,0,ST-ITS1,Intensivstation,12,Intensivmedizin,2.0,3.0,06:00,14:00,450,,13:30,21:30,450,F,21:15,06:15,495,F|S,11,10,8,10,30,45,8,38.5,30,0.05,0,2.0.0,20261146
PK-008,2026-12-08,plan,8,Dienstag,2,50,0,0,,Pflegefachkraft,Pflegefachkraft,EXAM|KARDIO_MONITORING,1.0,38.5,9240,9240,8316,10164,5,2,2,8,1,1,Pflegefachkraft,0,0.0,-2265,9,9,3,1,0,1394,1,,,,,,0,,0,,5,5,5,0,558,1,5,5,5,0,488,1,3,3,3,0,348,0,ST-ITS1,Intensivstation,12,Intensivmedizin,2.0,3.0,06:00,14:00,450,,13:30,21:30,450,F,21:15,06:15,495,F|S,11,10,8,10,30,45,8,38.5,30,0.05,0,2.0.0,20261146
PK-009,2026-12-08,plan,8,Dienstag,2,50,0,0,,Pflegefachkraft,Pflegefachkraft,EXAM,1.0,38.5,9240,9240,8316,10164,5,2,2,8,1,1,Pflegefachkraft,0,0.0,-1995,9,9,3,1,0,1394,0,URLAUB,,,,,0,,0,,5,5,5,0,558,1,5,5,5,0,488,1,3,3,3,0,348,0,ST-ITS1,Intensivstation,12,Intensivmedizin,2.0,3.0,06:00,14:00,450,,13:30,21:30,450,F,21:15,06:15,495,F|S,11,10,8,10,30,45,8,38.5,30,0.05,0,2.0.0,20261146
PK-010,2026-12-08,plan,8,Dienstag,2,50,0,0,,Pflegefachkraft,Pflegefachkraft,EXAM|PRAXISANLEITUNG|KARDIO_MONITORING,0.6,23.1,5544,5544,4990,6098,5,2,2,8,1,1,Pflegefachkraft,0,0.0,-999,9,9,3,1,0,1394,1,,,,,,0,,0,,5,5,5,0,558,1,5,5,5,0,488,1,3,3,3,0,348,0,ST-ITS1,Intensivstation,12,Intensivmedizin,2.0,3.0,06:00,14:00,450,,13:30,21:30,450,F,21:15,06:15,495,F|S,11,10,8,10,30,45,8,38.5,30,0.05,0,2.0.0,20261146
PK-011,2026-12-08,plan,8,Dienstag,2,50,0,0,,Pflegefachkraft,Pflegefachkraft,EXAM|KARDIO_MONITORING,0.5,19.25,4620,4620,4158,5082,5,2,2,8,1,1,Pflegefachkraft,0,0.0,-1020,9,9,3,1,0,1394,1,,3,,,,0,,0,,5,5,5,0,558,1,5,5,5,0,488,1,3,3,3,0,348,0,ST-ITS1,Intensivstation,12,Intensivmedizin,2.0,3.0,06:00,14:00,450,,13:30,21:30,450,F,21:15,06:15,495,F|S,11,10,8,10,30,45,8,38.5,30,0.05,0,2.0.0,20261146
PK-012,2026-12-08,plan,8,Dienstag,2,50,0,0,,Pflegefachkraft,Pflegefachkraft,EXAM|KARDIO_MONITORING,0.75,28.88,6931,6931,6238,7624,5,2,2,8,1,1,Pflegefachkraft,0,0.0,-1530,9,9,3,1,0,1394,1,,,,,,0,,0,,5,5,5,0,558,1,5,5,5,0,488,1,3,3,3,0,348,0,ST-ITS1,Intensivstation,12,Intensivmedizin,2.0,3.0,06:00,14:00,450,,13:30,21:30,450,F,21:15,06:15,495,F|S,11,10,8,10,30,45,8,38.5,30,0.05,0,2.0.0,20261146
PK-013,2026-12-08,plan,8,Dienstag,2,50,0,0,,Pflegefachkraft,Pflegefachkraft,EXAM|KARDIO_MONITORING,1.0,38.5,9240,9240,8316,10164,5,2,2,8,1,1,Pflegefachkraft,0,0.0,-1905,9,9,3,1,0,1394,1,,,,,,0,,0,,5,5,5,0,558,1,5,5,5,0,488,1,3,3,3,0,348,0,ST-ITS1,Intensivstation,12,Intensivmedizin,2.0,3.0,06:00,14:00,450,,13:30,21:30,450,F,21:15,06:15,495,F|S,11,10,8,10,30,45,8,38.5,30,0.05,0,2.0.0,20261146
PK-014,2026-12-08,plan,8,Dienstag,2,50,0,0,,Pflegefachkraft,Pflegefachkraft,EXAM,1.0,38.5,9240,9240,8316,10164,5,2,2,8,1,1,Pflegefachkraft,0,0.0,-1680,9,9,3,1,0,1394,1,,,,,,0,,0,,5,5,5,0,558,1,5,5,5,0,488,1,3,3,3,0,348,0,ST-ITS1,Intensivstation,12,Intensivmedizin,2.0,3.0,06:00,14:00,450,,13:30,21:30,450,F,21:15,06:15,495,F|S,11,10,8,10,30,45,8,38.5,30,0.05,0,2.0.0,20261146
PK-015,2026-12-08,plan,8,Dienstag,2,50,0,0,,Pflegefachkraft,Pflegefachkraft,EXAM|KARDIO_MONITORING,0.5,19.25,4620,4620,4158,5082,5,2,2,8,1,1,Pflegefachkraft,0,0.0,-930,9,9,3,1,0,1394,1,,,,,,0,,0,,5,5,5,0,558,1,5,5,5,0,488,1,3,3,3,0,348,0,ST-ITS1,Intensivstation,12,Intensivmedizin,2.0,3.0,06:00,14:00,450,,13:30,21:30,450,F,21:15,06:15,495,F|S,11,10,8,10,30,45,8,38.5,30,0.05,0,2.0.0,20261146
PK-016,2026-12-08,plan,8,Dienstag,2,50,0,0,,Pflegefachkraft,Pflegefachkraft,EXAM,0.9,34.65,8316,8316,7484,9148,5,2,2,8,1,1,Pflegefachkraft,0,0.0,1255,9,9,3,1,0,1394,1,,,,,,0,,0,,5,5,5,0,558,1,5,5,5,0,488,1,3,3,3,0,348,0,ST-ITS1,Intensivstation,12,Intensivmedizin,2.0,3.0,06:00,14:00,450,,13:30,21:30,450,F,21:15,06:15,495,F|S,11,10,8,10,30,45,8,38.5,30,0.05,0,2.0.0,20261146
PK-017,2026-12-08,plan,8,Dienstag,2,50,0,0,,Pflegefachkraft,Pflegefachkraft,EXAM|KARDIO_MONITORING,1.0,38.5,9240,9240,8316,10164,5,2,2,8,1,1,Pflegefachkraft,0,0.0,-1680,9,9,3,1,0,1394,1,,,,,,0,,0,,5,5,5,0,558,1,5,5,5,0,488,1,3,3,3,0,348,0,ST-ITS1,Intensivstation,12,Intensivmedizin,2.0,3.0,06:00,14:00,450,,13:30,21:30,450,F,21:15,06:15,495,F|S,11,10,8,10,30,45,8,38.5,30,0.05,0,2.0.0,20261146
PK-018,2026-12-08,plan,8,Dienstag,2,50,0,0,,Pflegefachkraft,Pflegefachkraft,EXAM|PRAXISANLEITUNG,0.6,23.1,5544,5544,4990,6098,5,2,2,8,1,1,Pflegefachkraft,0,0.0,-909,9,9,3,1,0,1394,1,,,,,,0,,0,,5,5,5,0,558,1,5,5,5,0,488,1,3,3,3,0,348,0,ST-ITS1,Intensivstation,12,Intensivmedizin,2.0,3.0,06:00,14:00,450,,13:30,21:30,450,F,21:15,06:15,495,F|S,11,10,8,10,30,45,8,38.5,30,0.05,0,2.0.0,20261146
PK-019,2026-12-08,plan,8,Dienstag,2,50,0,0,,Pflegefachkraft,Pflegefachkraft,EXAM,0.6,23.1,5544,5544,4990,6098,5,2,2,8,1,1,Pflegefachkraft,0,0.0,-954,9,9,3,1,0,1394,1,,,,,,0,,0,,5,5,5,0,558,1,5,5,5,0,488,1,3,3,3,0,348,0,ST-ITS1,Intensivstation,12,Intensivmedizin,2.0,3.0,06:00,14:00,450,,13:30,21:30,450,F,21:15,06:15,495,F|S,11,10,8,10,30,45,8,38.5,30,0.05,0,2.0.0,20261146
PK-020,2026-12-08,plan,8,Dienstag,2,50,0,0,,Pflegefachkraft,Pflegefachkraft,EXAM|PRAXISANLEITUNG,0.8,30.8,7392,7392,6653,8131,5,2,2,8,1,1,Pflegefachkraft,0,0.0,-1497,9,9,3,1,0,1394,1,,,,,,0,,0,,5,5,5,0,558,1,5,5,5,0,488,1,3,3,3,0,348,0,ST-ITS1,Intensivstation,12,Intensivmedizin,2.0,3.0,06:00,14:00,450,,13:30,21:30,450,F,21:15,06:15,495,F|S,11,10,8,10,30,45,8,38.5,30,0.05,0,2.0.0,20261146
PK-021,2026-12-08,plan,8,Dienstag,2,50,0,0,,Pflegefachkraft,Pflegefachkraft,EXAM|PRAXISANLEITUNG,0.5,19.25,4620,4620,4158,5082,5,2,2,8,1,1,Pflegefachkraft,0,0.0,-975,9,9,3,1,0,1394,1,,,,,,0,,0,,5,5,5,0,558,1,5,5,5,0,488,1,3,3,3,0,348,0,ST-ITS1,Intensivstation,12,Intensivmedizin,2.0,3.0,06:00,14:00,450,,13:30,21:30,450,F,21:15,06:15,495,F|S,11,10,8,10,30,45,8,38.5,30,0.05,0,2.0.0,20261146
PK-022,2026-12-08,plan,8,Dienstag,2,50,0,0,,Pflegefachkraft,Pflegefachkraft,EXAM,0.7,26.95,6468,6468,5821,7115,5,2,2,8,1,1,Pflegefachkraft,0,0.0,-1473,9,9,3,1,0,1394,0,URLAUB,,,,,0,,0,,5,5,5,0,558,1,5,5,5,0,488,1,3,3,3,0,348,0,ST-ITS1,Intensivstation,12,Intensivmedizin,2.0,3.0,06:00,14:00,450,,13:30,21:30,450,F,21:15,06:15,495,F|S,11,10,8,10,30,45,8,38.5,30,0.05,0,2.0.0,20261146
PK-023,2026-12-08,plan,8,Dienstag,2,50,0,0,,Pflegefachkraft,Pflegefachkraft,EXAM,1.0,38.5,9240,9240,8316,10164,5,2,2,8,1,1,Pflegefachkraft,0,0.0,-2040,9,9,3,1,0,1394,1,,,,,,0,,0,,5,5,5,0,558,1,5,5,5,0,488,1,3,3,3,0,348,0,ST-ITS1,Intensivstation,12,Intensivmedizin,2.0,3.0,06:00,14:00,450,,13:30,21:30,450,F,21:15,06:15,495,F|S,11,10,8,10,30,45,8,38.5,30,0.05,0,2.0.0,20261146
PK-024,2026-12-08,plan,8,Dienstag,2,50,0,0,,Pflegefachkraft,Pflegefachkraft,EXAM|PRAXISANLEITUNG,1.0,38.5,9240,9240,8316,10164,5,2,2,8,1,1,Pflegefachkraft,0,0.0,-2310,9,9,3,1,0,1394,0,URLAUB,,,,,0,,0,,5,5,5,0,558,1,5,5,5,0,488,1,3,3,3,0,348,0,ST-ITS1,Intensivstation,12,Intensivmedizin,2.0,3.0,06:00,14:00,450,,13:30,21:30,450,F,21:15,06:15,495,F|S,11,10,8,10,30,45,8,38.5,30,0.05,0,2.0.0,20261146
PK-025,2026-12-08,plan,8,Dienstag,2,50,0,0,,Pflegefachkraft,Pflegefachkraft,EXAM,1.0,38.5,9240,9240,8316,10164,5,2,2,8,1,1,Pflegefachkraft,0,0.0,-1680,9,9,3,1,0,1394,0,LANGZEITABWESENHEIT,,,,,0,,0,,5,5,5,0,558,1,5,5,5,0,488,1,3,3,3,0,348,0,ST-ITS1,Intensivstation,12,Intensivmedizin,2.0,3.0,06:00,14:00,450,,13:30,21:30,450,F,21:15,06:15,495,F|S,11,10,8,10,30,45,8,38.5,30,0.05,0,2.0.0,20261146
AZ-001,2026-12-09,plan,9,Mittwoch,3,50,0,0,,Auszubildende_r_3_Ausbildungsjahr,Auszubildende,AUSZUBILDEND,1.0,38.5,9240,9240,8316,10164,5,2,2,8,1,0,nicht anrechenbar,0,0.0,-9240,9,9,1,0,0,1943,1,,,,,,0,,0,,5,5,5,0,777,1,5,5,5,0,680,1,3,3,3,0,486,0,ST-ITS1,Intensivstation,12,Intensivmedizin,2.0,3.0,06:00,14:00,450,,13:30,21:30,450,F,21:15,06:15,495,F|S,11,10,8,10,30,45,8,38.5,30,0.05,0,2.0.0,20261146
AZ-002,2026-12-09,plan,9,Mittwoch,3,50,0,0,,Auszubildende_r_2_Ausbildungsjahr,Auszubildende,AUSZUBILDEND,1.0,38.5,9240,9240,8316,10164,5,2,2,8,1,0,nicht anrechenbar,0,0.0,-9240,9,9,1,0,0,1943,1,,1,,,,0,,0,,5,5,5,0,777,1,5,5,5,0,680,1,3,3,3,0,486,0,ST-ITS1,Intensivstation,12,Intensivmedizin,2.0,3.0,06:00,14:00,450,,13:30,21:30,450,F,21:15,06:15,495,F|S,11,10,8,10,30,45,8,38.5,30,0.05,0,2.0.0,20261146
AZ-003,2026-12-09,plan,9,Mittwoch,3,50,0,0,,Auszubildende_r_1_Ausbildungsjahr,Auszubildende,AUSZUBILDEND,1.0,38.5,9240,9240,8316,10164,5,2,2,0,0,0,nicht anrechenbar,0,0.0,-9240,9,9,1,0,0,1943,1,,3,,,,0,,0,,5,5,5,0,777,1,5,5,5,0,680,1,3,3,3,0,486,0,ST-ITS1,Intensivstation,12,Intensivmedizin,2.0,3.0,06:00,14:00,450,,13:30,21:30,450,F,21:15,06:15,495,F|S,11,10,8,10,30,45,8,38.5,30,0.05,0,2.0.0,20261146
PK-001,2026-12-09,plan,9,Mittwoch,3,50,0,0,,Stationsleitung,Pflegefachkraft,EXAM|LEITUNG|PRAXISANLEITUNG,1.0,38.5,9240,4620,4158,5082,5,2,2,0,0,1,Pflegefachkraft,1,0.5,5814,9,9,1,0,0,1943,1,,,,,,0,,0,,5,5,5,0,777,1,5,5,5,0,680,1,3,3,3,0,486,0,ST-ITS1,Intensivstation,12,Intensivmedizin,2.0,3.0,06:00,14:00,450,,13:30,21:30,450,F,21:15,06:15,495,F|S,11,10,8,10,30,45,8,38.5,30,0.05,0,2.0.0,20261146
PK-002,2026-12-09,plan,9,Mittwoch,3,50,0,0,,Pflegefachkraft,Pflegefachkraft,EXAM|PRAXISANLEITUNG|KARDIO_MONITORING,1.0,38.5,9240,9240,8316,10164,5,2,2,8,1,1,Pflegefachkraft,0,0.0,-1815,9,9,1,0,0,1943,1,,,,,,0,,0,,5,5,5,0,777,1,5,5,5,0,680,1,3,3,3,0,486,0,ST-ITS1,Intensivstation,12,Intensivmedizin,2.0,3.0,06:00,14:00,450,,13:30,21:30,450,F,21:15,06:15,495,F|S,11,10,8,10,30,45,8,38.5,30,0.05,0,2.0.0,20261146
PK-003,2026-12-09,plan,9,Mittwoch,3,50,0,0,,Pflegefachkraft,Pflegefachkraft,EXAM,1.0,38.5,9240,9240,8316,10164,5,2,2,8,1,1,Pflegefachkraft,0,0.0,-1815,9,9,1,0,0,1943,1,,,,,,0,,0,,5,5,5,0,777,1,5,5,5,0,680,1,3,3,3,0,486,0,ST-ITS1,Intensivstation,12,Intensivmedizin,2.0,3.0,06:00,14:00,450,,13:30,21:30,450,F,21:15,06:15,495,F|S,11,10,8,10,30,45,8,38.5,30,0.05,0,2.0.0,20261146
PK-004,2026-12-09,plan,9,Mittwoch,3,50,0,0,,Pflegefachkraft,Pflegefachkraft,EXAM,1.0,38.5,9240,9240,8316,10164,5,2,2,8,1,1,Pflegefachkraft,0,0.0,-1995,9,9,1,0,0,1943,1,,,,,,0,,0,,5,5,5,0,777,1,5,5,5,0,680,1,3,3,3,0,486,0,ST-ITS1,Intensivstation,12,Intensivmedizin,2.0,3.0,06:00,14:00,450,,13:30,21:30,450,F,21:15,06:15,495,F|S,11,10,8,10,30,45,8,38.5,30,0.05,0,2.0.0,20261146
PK-005,2026-12-09,plan,9,Mittwoch,3,50,0,0,,Pflegefachkraft,Pflegefachkraft,EXAM,1.0,38.5,9240,9240,8316,10164,5,2,2,8,1,1,Pflegefachkraft,0,0.0,-1905,9,9,1,0,0,1943,1,,,,,,0,,0,,5,5,5,0,777,1,5,5,5,0,680,1,3,3,3,0,486,0,ST-ITS1,Intensivstation,12,Intensivmedizin,2.0,3.0,06:00,14:00,450,,13:30,21:30,450,F,21:15,06:15,495,F|S,11,10,8,10,30,45,8,38.5,30,0.05,0,2.0.0,20261146
PK-006,2026-12-09,plan,9,Mittwoch,3,50,0,0,,Pflegefachkraft,Pflegefachkraft,EXAM|PRAXISANLEITUNG|KARDIO_MONITORING,1.0,38.5,9240,9240,8316,10164,5,2,2,8,1,1,Pflegefachkraft,0,0.0,-1905,9,9,1,0,0,1943,1,,,,,,0,,0,,5,5,5,0,777,1,5,5,5,0,680,1,3,3,3,0,486,0,ST-ITS1,Intensivstation,12,Intensivmedizin,2.0,3.0,06:00,14:00,450,,13:30,21:30,450,F,21:15,06:15,495,F|S,11,10,8,10,30,45,8,38.5,30,0.05,0,2.0.0,20261146
PK-007,2026-12-09,plan,9,Mittwoch,3,50,0,0,,Pflegefachkraft,Pflegefachkraft,EXAM,1.0,38.5,9240,9240,8316,10164,5,2,2,8,1,1,Pflegefachkraft,0,0.0,1104,9,9,1,0,0,1943,1,,,,,,0,,0,,5,5,5,0,777,1,5,5,5,0,680,1,3,3,3,0,486,0,ST-ITS1,Intensivstation,12,Intensivmedizin,2.0,3.0,06:00,14:00,450,,13:30,21:30,450,F,21:15,06:15,495,F|S,11,10,8,10,30,45,8,38.5,30,0.05,0,2.0.0,20261146
PK-008,2026-12-09,plan,9,Mittwoch,3,50,0,0,,Pflegefachkraft,Pflegefachkraft,EXAM|KARDIO_MONITORING,1.0,38.5,9240,9240,8316,10164,5,2,2,8,1,1,Pflegefachkraft,0,0.0,-2265,9,9,1,0,0,1943,1,,,,,,0,,0,,5,5,5,0,777,1,5,5,5,0,680,1,3,3,3,0,486,0,ST-ITS1,Intensivstation,12,Intensivmedizin,2.0,3.0,06:00,14:00,450,,13:30,21:30,450,F,21:15,06:15,495,F|S,11,10,8,10,30,45,8,38.5,30,0.05,0,2.0.0,20261146
PK-009,2026-12-09,plan,9,Mittwoch,3,50,0,0,,Pflegefachkraft,Pflegefachkraft,EXAM,1.0,38.5,9240,9240,8316,10164,5,2,2,8,1,1,Pflegefachkraft,0,0.0,-1995,9,9,1,0,0,1943,0,URLAUB,,,,,0,,0,,5,5,5,0,777,1,5,5,5,0,680,1,3,3,3,0,486,0,ST-ITS1,Intensivstation,12,Intensivmedizin,2.0,3.0,06:00,14:00,450,,13:30,21:30,450,F,21:15,06:15,495,F|S,11,10,8,10,30,45,8,38.5,30,0.05,0,2.0.0,20261146
PK-010,2026-12-09,plan,9,Mittwoch,3,50,0,0,,Pflegefachkraft,Pflegefachkraft,EXAM|PRAXISANLEITUNG|KARDIO_MONITORING,0.6,23.1,5544,5544,4990,6098,5,2,2,8,1,1,Pflegefachkraft,0,0.0,-999,9,9,1,0,0,1943,1,,,,,,1,8,0,,5,5,5,0,777,1,5,5,5,0,680,1,3,3,3,0,486,0,ST-ITS1,Intensivstation,12,Intensivmedizin,2.0,3.0,06:00,14:00,450,,13:30,21:30,450,F,21:15,06:15,495,F|S,11,10,8,10,30,45,8,38.5,30,0.05,0,2.0.0,20261146
PK-011,2026-12-09,plan,9,Mittwoch,3,50,0,0,,Pflegefachkraft,Pflegefachkraft,EXAM|KARDIO_MONITORING,0.5,19.25,4620,4620,4158,5082,5,2,2,8,1,1,Pflegefachkraft,0,0.0,-1020,9,9,1,0,0,1943,1,,,,,,0,,0,,5,5,5,0,777,1,5,5,5,0,680,1,3,3,3,0,486,0,ST-ITS1,Intensivstation,12,Intensivmedizin,2.0,3.0,06:00,14:00,450,,13:30,21:30,450,F,21:15,06:15,495,F|S,11,10,8,10,30,45,8,38.5,30,0.05,0,2.0.0,20261146
PK-012,2026-12-09,plan,9,Mittwoch,3,50,0,0,,Pflegefachkraft,Pflegefachkraft,EXAM|KARDIO_MONITORING,0.75,28.88,6931,6931,6238,7624,5,2,2,8,1,1,Pflegefachkraft,0,0.0,-1530,9,9,1,0,0,1943,1,,,,,,0,,0,,5,5,5,0,777,1,5,5,5,0,680,1,3,3,3,0,486,0,ST-ITS1,Intensivstation,12,Intensivmedizin,2.0,3.0,06:00,14:00,450,,13:30,21:30,450,F,21:15,06:15,495,F|S,11,10,8,10,30,45,8,38.5,30,0.05,0,2.0.0,20261146
PK-013,2026-12-09,plan,9,Mittwoch,3,50,0,0,,Pflegefachkraft,Pflegefachkraft,EXAM|KARDIO_MONITORING,1.0,38.5,9240,9240,8316,10164,5,2,2,8,1,1,Pflegefachkraft,0,0.0,-1905,9,9,1,0,0,1943,1,,,,,,0,,0,,5,5,5,0,777,1,5,5,5,0,680,1,3,3,3,0,486,0,ST-ITS1,Intensivstation,12,Intensivmedizin,2.0,3.0,06:00,14:00,450,,13:30,21:30,450,F,21:15,06:15,495,F|S,11,10,8,10,30,45,8,38.5,30,0.05,0,2.0.0,20261146
PK-014,2026-12-09,plan,9,Mittwoch,3,50,0,0,,Pflegefachkraft,Pflegefachkraft,EXAM,1.0,38.5,9240,9240,8316,10164,5,2,2,8,1,1,Pflegefachkraft,0,0.0,-1680,9,9,1,0,0,1943,1,,,,,,0,,0,,5,5,5,0,777,1,5,5,5,0,680,1,3,3,3,0,486,0,ST-ITS1,Intensivstation,12,Intensivmedizin,2.0,3.0,06:00,14:00,450,,13:30,21:30,450,F,21:15,06:15,495,F|S,11,10,8,10,30,45,8,38.5,30,0.05,0,2.0.0,20261146
PK-015,2026-12-09,plan,9,Mittwoch,3,50,0,0,,Pflegefachkraft,Pflegefachkraft,EXAM|KARDIO_MONITORING,0.5,19.25,4620,4620,4158,5082,5,2,2,8,1,1,Pflegefachkraft,0,0.0,-930,9,9,1,0,0,1943,1,,,,,,0,,0,,5,5,5,0,777,1,5,5,5,0,680,1,3,3,3,0,486,0,ST-ITS1,Intensivstation,12,Intensivmedizin,2.0,3.0,06:00,14:00,450,,13:30,21:30,450,F,21:15,06:15,495,F|S,11,10,8,10,30,45,8,38.5,30,0.05,0,2.0.0,20261146
PK-016,2026-12-09,plan,9,Mittwoch,3,50,0,0,,Pflegefachkraft,Pflegefachkraft,EXAM,0.9,34.65,8316,8316,7484,9148,5,2,2,8,1,1,Pflegefachkraft,0,0.0,1255,9,9,1,0,0,1943,1,,,,,,0,,0,,5,5,5,0,777,1,5,5,5,0,680,1,3,3,3,0,486,0,ST-ITS1,Intensivstation,12,Intensivmedizin,2.0,3.0,06:00,14:00,450,,13:30,21:30,450,F,21:15,06:15,495,F|S,11,10,8,10,30,45,8,38.5,30,0.05,0,2.0.0,20261146
PK-017,2026-12-09,plan,9,Mittwoch,3,50,0,0,,Pflegefachkraft,Pflegefachkraft,EXAM|KARDIO_MONITORING,1.0,38.5,9240,9240,8316,10164,5,2,2,8,1,1,Pflegefachkraft,0,0.0,-1680,9,9,1,0,0,1943,1,,,,,,0,,0,,5,5,5,0,777,1,5,5,5,0,680,1,3,3,3,0,486,0,ST-ITS1,Intensivstation,12,Intensivmedizin,2.0,3.0,06:00,14:00,450,,13:30,21:30,450,F,21:15,06:15,495,F|S,11,10,8,10,30,45,8,38.5,30,0.05,0,2.0.0,20261146
PK-018,2026-12-09,plan,9,Mittwoch,3,50,0,0,,Pflegefachkraft,Pflegefachkraft,EXAM|PRAXISANLEITUNG,0.6,23.1,5544,5544,4990,6098,5,2,2,8,1,1,Pflegefachkraft,0,0.0,-909,9,9,1,0,0,1943,1,,,,,,0,,0,,5,5,5,0,777,1,5,5,5,0,680,1,3,3,3,0,486,0,ST-ITS1,Intensivstation,12,Intensivmedizin,2.0,3.0,06:00,14:00,450,,13:30,21:30,450,F,21:15,06:15,495,F|S,11,10,8,10,30,45,8,38.5,30,0.05,0,2.0.0,20261146
PK-019,2026-12-09,plan,9,Mittwoch,3,50,0,0,,Pflegefachkraft,Pflegefachkraft,EXAM,0.6,23.1,5544,5544,4990,6098,5,2,2,8,1,1,Pflegefachkraft,0,0.0,-954,9,9,1,0,0,1943,1,,3,,,,1,12,0,,5,5,5,0,777,1,5,5,5,0,680,1,3,3,3,0,486,0,ST-ITS1,Intensivstation,12,Intensivmedizin,2.0,3.0,06:00,14:00,450,,13:30,21:30,450,F,21:15,06:15,495,F|S,11,10,8,10,30,45,8,38.5,30,0.05,0,2.0.0,20261146
PK-020,2026-12-09,plan,9,Mittwoch,3,50,0,0,,Pflegefachkraft,Pflegefachkraft,EXAM|PRAXISANLEITUNG,0.8,30.8,7392,7392,6653,8131,5,2,2,8,1,1,Pflegefachkraft,0,0.0,-1497,9,9,1,0,0,1943,1,,,,,,0,,0,,5,5,5,0,777,1,5,5,5,0,680,1,3,3,3,0,486,0,ST-ITS1,Intensivstation,12,Intensivmedizin,2.0,3.0,06:00,14:00,450,,13:30,21:30,450,F,21:15,06:15,495,F|S,11,10,8,10,30,45,8,38.5,30,0.05,0,2.0.0,20261146
PK-021,2026-12-09,plan,9,Mittwoch,3,50,0,0,,Pflegefachkraft,Pflegefachkraft,EXAM|PRAXISANLEITUNG,0.5,19.25,4620,4620,4158,5082,5,2,2,8,1,1,Pflegefachkraft,0,0.0,-975,9,9,1,0,0,1943,1,,,,,,0,,0,,5,5,5,0,777,1,5,5,5,0,680,1,3,3,3,0,486,0,ST-ITS1,Intensivstation,12,Intensivmedizin,2.0,3.0,06:00,14:00,450,,13:30,21:30,450,F,21:15,06:15,495,F|S,11,10,8,10,30,45,8,38.5,30,0.05,0,2.0.0,20261146
PK-022,2026-12-09,plan,9,Mittwoch,3,50,0,0,,Pflegefachkraft,Pflegefachkraft,EXAM,0.7,26.95,6468,6468,5821,7115,5,2,2,8,1,1,Pflegefachkraft,0,0.0,-1473,9,9,1,0,0,1943,0,URLAUB,,,,,0,,0,,5,5,5,0,777,1,5,5,5,0,680,1,3,3,3,0,486,0,ST-ITS1,Intensivstation,12,Intensivmedizin,2.0,3.0,06:00,14:00,450,,13:30,21:30,450,F,21:15,06:15,495,F|S,11,10,8,10,30,45,8,38.5,30,0.05,0,2.0.0,20261146
PK-023,2026-12-09,plan,9,Mittwoch,3,50,0,0,,Pflegefachkraft,Pflegefachkraft,EXAM,1.0,38.5,9240,9240,8316,10164,5,2,2,8,1,1,Pflegefachkraft,0,0.0,-2040,9,9,1,0,0,1943,1,,,,,,0,,0,,5,5,5,0,777,1,5,5,5,0,680,1,3,3,3,0,486,0,ST-ITS1,Intensivstation,12,Intensivmedizin,2.0,3.0,06:00,14:00,450,,13:30,21:30,450,F,21:15,06:15,495,F|S,11,10,8,10,30,45,8,38.5,30,0.05,0,2.0.0,20261146
PK-024,2026-12-09,plan,9,Mittwoch,3,50,0,0,,Pflegefachkraft,Pflegefachkraft,EXAM|PRAXISANLEITUNG,1.0,38.5,9240,9240,8316,10164,5,2,2,8,1,1,Pflegefachkraft,0,0.0,-2310,9,9,1,0,0,1943,0,URLAUB,,,,,0,,0,,5,5,5,0,777,1,5,5,5,0,680,1,3,3,3,0,486,0,ST-ITS1,Intensivstation,12,Intensivmedizin,2.0,3.0,06:00,14:00,450,,13:30,21:30,450,F,21:15,06:15,495,F|S,11,10,8,10,30,45,8,38.5,30,0.05,0,2.0.0,20261146
PK-025,2026-12-09,plan,9,Mittwoch,3,50,0,0,,Pflegefachkraft,Pflegefachkraft,EXAM,1.0,38.5,9240,9240,8316,10164,5,2,2,8,1,1,Pflegefachkraft,0,0.0,-1680,9,9,1,0,0,1943,0,LANGZEITABWESENHEIT,,,,,0,,0,,5,5,5,0,777,1,5,5,5,0,680,1,3,3,3,0,486,0,ST-ITS1,Intensivstation,12,Intensivmedizin,2.0,3.0,06:00,14:00,450,,13:30,21:30,450,F,21:15,06:15,495,F|S,11,10,8,10,30,45,8,38.5,30,0.05,0,2.0.0,20261146
AZ-001,2026-12-10,plan,10,Donnerstag,4,50,0,0,,Auszubildende_r_3_Ausbildungsjahr,Auszubildende,AUSZUBILDEND,1.0,38.5,9240,9240,8316,10164,5,2,2,8,1,0,nicht anrechenbar,0,0.0,-9240,9,9,1,1,0,1434,1,,,,,,0,,0,,5,5,5,0,574,1,5,5,5,0,502,1,3,3,3,0,358,0,ST-ITS1,Intensivstation,12,Intensivmedizin,2.0,3.0,06:00,14:00,450,,13:30,21:30,450,F,21:15,06:15,495,F|S,11,10,8,10,30,45,8,38.5,30,0.05,0,2.0.0,20261146
AZ-002,2026-12-10,plan,10,Donnerstag,4,50,0,0,,Auszubildende_r_2_Ausbildungsjahr,Auszubildende,AUSZUBILDEND,1.0,38.5,9240,9240,8316,10164,5,2,2,8,1,0,nicht anrechenbar,0,0.0,-9240,9,9,1,1,0,1434,1,,,,,,0,,0,,5,5,5,0,574,1,5,5,5,0,502,1,3,3,3,0,358,0,ST-ITS1,Intensivstation,12,Intensivmedizin,2.0,3.0,06:00,14:00,450,,13:30,21:30,450,F,21:15,06:15,495,F|S,11,10,8,10,30,45,8,38.5,30,0.05,0,2.0.0,20261146
AZ-003,2026-12-10,plan,10,Donnerstag,4,50,0,0,,Auszubildende_r_1_Ausbildungsjahr,Auszubildende,AUSZUBILDEND,1.0,38.5,9240,9240,8316,10164,5,2,2,0,0,0,nicht anrechenbar,0,0.0,-9240,9,9,1,1,0,1434,1,,,,,,0,,0,,5,5,5,0,574,1,5,5,5,0,502,1,3,3,3,0,358,0,ST-ITS1,Intensivstation,12,Intensivmedizin,2.0,3.0,06:00,14:00,450,,13:30,21:30,450,F,21:15,06:15,495,F|S,11,10,8,10,30,45,8,38.5,30,0.05,0,2.0.0,20261146
PK-001,2026-12-10,plan,10,Donnerstag,4,50,0,0,,Stationsleitung,Pflegefachkraft,EXAM|LEITUNG|PRAXISANLEITUNG,1.0,38.5,9240,4620,4158,5082,5,2,2,0,0,1,Pflegefachkraft,1,0.5,5814,9,9,1,1,0,1434,1,,,,,,0,,0,,5,5,5,0,574,1,5,5,5,0,502,1,3,3,3,0,358,0,ST-ITS1,Intensivstation,12,Intensivmedizin,2.0,3.0,06:00,14:00,450,,13:30,21:30,450,F,21:15,06:15,495,F|S,11,10,8,10,30,45,8,38.5,30,0.05,0,2.0.0,20261146
PK-002,2026-12-10,plan,10,Donnerstag,4,50,0,0,,Pflegefachkraft,Pflegefachkraft,EXAM|PRAXISANLEITUNG|KARDIO_MONITORING,1.0,38.5,9240,9240,8316,10164,5,2,2,8,1,1,Pflegefachkraft,0,0.0,-1815,9,9,1,1,0,1434,1,,,,,,0,,0,,5,5,5,0,574,1,5,5,5,0,502,1,3,3,3,0,358,0,ST-ITS1,Intensivstation,12,Intensivmedizin,2.0,3.0,06:00,14:00,450,,13:30,21:30,450,F,21:15,06:15,495,F|S,11,10,8,10,30,45,8,38.5,30,0.05,0,2.0.0,20261146
PK-003,2026-12-10,plan,10,Donnerstag,4,50,0,0,,Pflegefachkraft,Pflegefachkraft,EXAM,1.0,38.5,9240,9240,8316,10164,5,2,2,8,1,1,Pflegefachkraft,0,0.0,-1815,9,9,1,1,0,1434,1,,,,,,0,,0,,5,5,5,0,574,1,5,5,5,0,502,1,3,3,3,0,358,0,ST-ITS1,Intensivstation,12,Intensivmedizin,2.0,3.0,06:00,14:00,450,,13:30,21:30,450,F,21:15,06:15,495,F|S,11,10,8,10,30,45,8,38.5,30,0.05,0,2.0.0,20261146
PK-004,2026-12-10,plan,10,Donnerstag,4,50,0,0,,Pflegefachkraft,Pflegefachkraft,EXAM,1.0,38.5,9240,9240,8316,10164,5,2,2,8,1,1,Pflegefachkraft,0,0.0,-1995,9,9,1,1,0,1434,1,,,,,,0,,0,,5,5,5,0,574,1,5,5,5,0,502,1,3,3,3,0,358,0,ST-ITS1,Intensivstation,12,Intensivmedizin,2.0,3.0,06:00,14:00,450,,13:30,21:30,450,F,21:15,06:15,495,F|S,11,10,8,10,30,45,8,38.5,30,0.05,0,2.0.0,20261146
PK-005,2026-12-10,plan,10,Donnerstag,4,50,0,0,,Pflegefachkraft,Pflegefachkraft,EXAM,1.0,38.5,9240,9240,8316,10164,5,2,2,8,1,1,Pflegefachkraft,0,0.0,-1905,9,9,1,1,0,1434,1,,2,,,,0,,0,,5,5,5,0,574,1,5,5,5,0,502,1,3,3,3,0,358,0,ST-ITS1,Intensivstation,12,Intensivmedizin,2.0,3.0,06:00,14:00,450,,13:30,21:30,450,F,21:15,06:15,495,F|S,11,10,8,10,30,45,8,38.5,30,0.05,0,2.0.0,20261146
PK-006,2026-12-10,plan,10,Donnerstag,4,50,0,0,,Pflegefachkraft,Pflegefachkraft,EXAM|PRAXISANLEITUNG|KARDIO_MONITORING,1.0,38.5,9240,9240,8316,10164,5,2,2,8,1,1,Pflegefachkraft,0,0.0,-1905,9,9,1,1,0,1434,1,,,,,,0,,0,,5,5,5,0,574,1,5,5,5,0,502,1,3,3,3,0,358,0,ST-ITS1,Intensivstation,12,Intensivmedizin,2.0,3.0,06:00,14:00,450,,13:30,21:30,450,F,21:15,06:15,495,F|S,11,10,8,10,30,45,8,38.5,30,0.05,0,2.0.0,20261146
PK-007,2026-12-10,plan,10,Donnerstag,4,50,0,0,,Pflegefachkraft,Pflegefachkraft,EXAM,1.0,38.5,9240,9240,8316,10164,5,2,2,8,1,1,Pflegefachkraft,0,0.0,1104,9,9,1,1,0,1434,1,,,,,,0,,0,,5,5,5,0,574,1,5,5,5,0,502,1,3,3,3,0,358,0,ST-ITS1,Intensivstation,12,Intensivmedizin,2.0,3.0,06:00,14:00,450,,13:30,21:30,450,F,21:15,06:15,495,F|S,11,10,8,10,30,45,8,38.5,30,0.05,0,2.0.0,20261146
PK-008,2026-12-10,plan,10,Donnerstag,4,50,0,0,,Pflegefachkraft,Pflegefachkraft,EXAM|KARDIO_MONITORING,1.0,38.5,9240,9240,8316,10164,5,2,2,8,1,1,Pflegefachkraft,0,0.0,-2265,9,9,1,1,0,1434,1,,,,,,0,,0,,5,5,5,0,574,1,5,5,5,0,502,1,3,3,3,0,358,0,ST-ITS1,Intensivstation,12,Intensivmedizin,2.0,3.0,06:00,14:00,450,,13:30,21:30,450,F,21:15,06:15,495,F|S,11,10,8,10,30,45,8,38.5,30,0.05,0,2.0.0,20261146
PK-009,2026-12-10,plan,10,Donnerstag,4,50,0,0,,Pflegefachkraft,Pflegefachkraft,EXAM,1.0,38.5,9240,9240,8316,10164,5,2,2,8,1,1,Pflegefachkraft,0,0.0,-1995,9,9,1,1,0,1434,0,URLAUB,,,,,0,,0,,5,5,5,0,574,1,5,5,5,0,502,1,3,3,3,0,358,0,ST-ITS1,Intensivstation,12,Intensivmedizin,2.0,3.0,06:00,14:00,450,,13:30,21:30,450,F,21:15,06:15,495,F|S,11,10,8,10,30,45,8,38.5,30,0.05,0,2.0.0,20261146
PK-010,2026-12-10,plan,10,Donnerstag,4,50,0,0,,Pflegefachkraft,Pflegefachkraft,EXAM|PRAXISANLEITUNG|KARDIO_MONITORING,0.6,23.1,5544,5544,4990,6098,5,2,2,8,1,1,Pflegefachkraft,0,0.0,-999,9,9,1,1,0,1434,1,,,,,,0,,0,,5,5,5,0,574,1,5,5,5,0,502,1,3,3,3,0,358,0,ST-ITS1,Intensivstation,12,Intensivmedizin,2.0,3.0,06:00,14:00,450,,13:30,21:30,450,F,21:15,06:15,495,F|S,11,10,8,10,30,45,8,38.5,30,0.05,0,2.0.0,20261146
PK-011,2026-12-10,plan,10,Donnerstag,4,50,0,0,,Pflegefachkraft,Pflegefachkraft,EXAM|KARDIO_MONITORING,0.5,19.25,4620,4620,4158,5082,5,2,2,8,1,1,Pflegefachkraft,0,0.0,-1020,9,9,1,1,0,1434,1,,,,,,0,,0,,5,5,5,0,574,1,5,5,5,0,502,1,3,3,3,0,358,0,ST-ITS1,Intensivstation,12,Intensivmedizin,2.0,3.0,06:00,14:00,450,,13:30,21:30,450,F,21:15,06:15,495,F|S,11,10,8,10,30,45,8,38.5,30,0.05,0,2.0.0,20261146
PK-012,2026-12-10,plan,10,Donnerstag,4,50,0,0,,Pflegefachkraft,Pflegefachkraft,EXAM|KARDIO_MONITORING,0.75,28.88,6931,6931,6238,7624,5,2,2,8,1,1,Pflegefachkraft,0,0.0,-1530,9,9,1,1,0,1434,1,,,,,,0,,0,,5,5,5,0,574,1,5,5,5,0,502,1,3,3,3,0,358,0,ST-ITS1,Intensivstation,12,Intensivmedizin,2.0,3.0,06:00,14:00,450,,13:30,21:30,450,F,21:15,06:15,495,F|S,11,10,8,10,30,45,8,38.5,30,0.05,0,2.0.0,20261146
PK-013,2026-12-10,plan,10,Donnerstag,4,50,0,0,,Pflegefachkraft,Pflegefachkraft,EXAM|KARDIO_MONITORING,1.0,38.5,9240,9240,8316,10164,5,2,2,8,1,1,Pflegefachkraft,0,0.0,-1905,9,9,1,1,0,1434,1,,,,,,0,,0,,5,5,5,0,574,1,5,5,5,0,502,1,3,3,3,0,358,0,ST-ITS1,Intensivstation,12,Intensivmedizin,2.0,3.0,06:00,14:00,450,,13:30,21:30,450,F,21:15,06:15,495,F|S,11,10,8,10,30,45,8,38.5,30,0.05,0,2.0.0,20261146
PK-014,2026-12-10,plan,10,Donnerstag,4,50,0,0,,Pflegefachkraft,Pflegefachkraft,EXAM,1.0,38.5,9240,9240,8316,10164,5,2,2,8,1,1,Pflegefachkraft,0,0.0,-1680,9,9,1,1,0,1434,1,,,,,,0,,0,,5,5,5,0,574,1,5,5,5,0,502,1,3,3,3,0,358,0,ST-ITS1,Intensivstation,12,Intensivmedizin,2.0,3.0,06:00,14:00,450,,13:30,21:30,450,F,21:15,06:15,495,F|S,11,10,8,10,30,45,8,38.5,30,0.05,0,2.0.0,20261146
PK-015,2026-12-10,plan,10,Donnerstag,4,50,0,0,,Pflegefachkraft,Pflegefachkraft,EXAM|KARDIO_MONITORING,0.5,19.25,4620,4620,4158,5082,5,2,2,8,1,1,Pflegefachkraft,0,0.0,-930,9,9,1,1,0,1434,1,,,,,,0,,0,,5,5,5,0,574,1,5,5,5,0,502,1,3,3,3,0,358,0,ST-ITS1,Intensivstation,12,Intensivmedizin,2.0,3.0,06:00,14:00,450,,13:30,21:30,450,F,21:15,06:15,495,F|S,11,10,8,10,30,45,8,38.5,30,0.05,0,2.0.0,20261146
PK-016,2026-12-10,plan,10,Donnerstag,4,50,0,0,,Pflegefachkraft,Pflegefachkraft,EXAM,0.9,34.65,8316,8316,7484,9148,5,2,2,8,1,1,Pflegefachkraft,0,0.0,1255,9,9,1,1,0,1434,1,,,,,,0,,0,,5,5,5,0,574,1,5,5,5,0,502,1,3,3,3,0,358,0,ST-ITS1,Intensivstation,12,Intensivmedizin,2.0,3.0,06:00,14:00,450,,13:30,21:30,450,F,21:15,06:15,495,F|S,11,10,8,10,30,45,8,38.5,30,0.05,0,2.0.0,20261146
PK-017,2026-12-10,plan,10,Donnerstag,4,50,0,0,,Pflegefachkraft,Pflegefachkraft,EXAM|KARDIO_MONITORING,1.0,38.5,9240,9240,8316,10164,5,2,2,8,1,1,Pflegefachkraft,0,0.0,-1680,9,9,1,1,0,1434,1,,,,,,0,,0,,5,5,5,0,574,1,5,5,5,0,502,1,3,3,3,0,358,0,ST-ITS1,Intensivstation,12,Intensivmedizin,2.0,3.0,06:00,14:00,450,,13:30,21:30,450,F,21:15,06:15,495,F|S,11,10,8,10,30,45,8,38.5,30,0.05,0,2.0.0,20261146
PK-018,2026-12-10,plan,10,Donnerstag,4,50,0,0,,Pflegefachkraft,Pflegefachkraft,EXAM|PRAXISANLEITUNG,0.6,23.1,5544,5544,4990,6098,5,2,2,8,1,1,Pflegefachkraft,0,0.0,-909,9,9,1,1,0,1434,1,,,,,,0,,0,,5,5,5,0,574,1,5,5,5,0,502,1,3,3,3,0,358,0,ST-ITS1,Intensivstation,12,Intensivmedizin,2.0,3.0,06:00,14:00,450,,13:30,21:30,450,F,21:15,06:15,495,F|S,11,10,8,10,30,45,8,38.5,30,0.05,0,2.0.0,20261146
PK-019,2026-12-10,plan,10,Donnerstag,4,50,0,0,,Pflegefachkraft,Pflegefachkraft,EXAM,0.6,23.1,5544,5544,4990,6098,5,2,2,8,1,1,Pflegefachkraft,0,0.0,-954,9,9,1,1,0,1434,1,,,,,,0,,0,,5,5,5,0,574,1,5,5,5,0,502,1,3,3,3,0,358,0,ST-ITS1,Intensivstation,12,Intensivmedizin,2.0,3.0,06:00,14:00,450,,13:30,21:30,450,F,21:15,06:15,495,F|S,11,10,8,10,30,45,8,38.5,30,0.05,0,2.0.0,20261146
PK-020,2026-12-10,plan,10,Donnerstag,4,50,0,0,,Pflegefachkraft,Pflegefachkraft,EXAM|PRAXISANLEITUNG,0.8,30.8,7392,7392,6653,8131,5,2,2,8,1,1,Pflegefachkraft,0,0.0,-1497,9,9,1,1,0,1434,0,FORTBILDUNG,,,,,0,,0,,5,5,5,0,574,1,5,5,5,0,502,1,3,3,3,0,358,0,ST-ITS1,Intensivstation,12,Intensivmedizin,2.0,3.0,06:00,14:00,450,,13:30,21:30,450,F,21:15,06:15,495,F|S,11,10,8,10,30,45,8,38.5,30,0.05,0,2.0.0,20261146
PK-021,2026-12-10,plan,10,Donnerstag,4,50,0,0,,Pflegefachkraft,Pflegefachkraft,EXAM|PRAXISANLEITUNG,0.5,19.25,4620,4620,4158,5082,5,2,2,8,1,1,Pflegefachkraft,0,0.0,-975,9,9,1,1,0,1434,1,,,,,,1,2,0,,5,5,5,0,574,1,5,5,5,0,502,1,3,3,3,0,358,0,ST-ITS1,Intensivstation,12,Intensivmedizin,2.0,3.0,06:00,14:00,450,,13:30,21:30,450,F,21:15,06:15,495,F|S,11,10,8,10,30,45,8,38.5,30,0.05,0,2.0.0,20261146
PK-022,2026-12-10,plan,10,Donnerstag,4,50,0,0,,Pflegefachkraft,Pflegefachkraft,EXAM,0.7,26.95,6468,6468,5821,7115,5,2,2,8,1,1,Pflegefachkraft,0,0.0,-1473,9,9,1,1,0,1434,0,URLAUB,,,,,0,,0,,5,5,5,0,574,1,5,5,5,0,502,1,3,3,3,0,358,0,ST-ITS1,Intensivstation,12,Intensivmedizin,2.0,3.0,06:00,14:00,450,,13:30,21:30,450,F,21:15,06:15,495,F|S,11,10,8,10,30,45,8,38.5,30,0.05,0,2.0.0,20261146
PK-023,2026-12-10,plan,10,Donnerstag,4,50,0,0,,Pflegefachkraft,Pflegefachkraft,EXAM,1.0,38.5,9240,9240,8316,10164,5,2,2,8,1,1,Pflegefachkraft,0,0.0,-2040,9,9,1,1,0,1434,1,,1,,,,1,4,0,,5,5,5,0,574,1,5,5,5,0,502,1,3,3,3,0,358,0,ST-ITS1,Intensivstation,12,Intensivmedizin,2.0,3.0,06:00,14:00,450,,13:30,21:30,450,F,21:15,06:15,495,F|S,11,10,8,10,30,45,8,38.5,30,0.05,0,2.0.0,20261146
PK-024,2026-12-10,plan,10,Donnerstag,4,50,0,0,,Pflegefachkraft,Pflegefachkraft,EXAM|PRAXISANLEITUNG,1.0,38.5,9240,9240,8316,10164,5,2,2,8,1,1,Pflegefachkraft,0,0.0,-2310,9,9,1,1,0,1434,0,URLAUB,,,,,0,,0,,5,5,5,0,574,1,5,5,5,0,502,1,3,3,3,0,358,0,ST-ITS1,Intensivstation,12,Intensivmedizin,2.0,3.0,06:00,14:00,450,,13:30,21:30,450,F,21:15,06:15,495,F|S,11,10,8,10,30,45,8,38.5,30,0.05,0,2.0.0,20261146
PK-025,2026-12-10,plan,10,Donnerstag,4,50,0,0,,Pflegefachkraft,Pflegefachkraft,EXAM,1.0,38.5,9240,9240,8316,10164,5,2,2,8,1,1,Pflegefachkraft,0,0.0,-1680,9,9,1,1,0,1434,0,LANGZEITABWESENHEIT,,,,,0,,0,,5,5,5,0,574,1,5,5,5,0,502,1,3,3,3,0,358,0,ST-ITS1,Intensivstation,12,Intensivmedizin,2.0,3.0,06:00,14:00,450,,13:30,21:30,450,F,21:15,06:15,495,F|S,11,10,8,10,30,45,8,38.5,30,0.05,0,2.0.0,20261146
AZ-001,2026-12-11,plan,11,Freitag,5,50,0,0,,Auszubildende_r_3_Ausbildungsjahr,Auszubildende,AUSZUBILDEND,1.0,38.5,9240,9240,8316,10164,5,2,2,8,1,0,nicht anrechenbar,0,0.0,-9240,8,8,0,0,1,1156,1,,,,,,0,,0,,4,4,4,0,462,1,4,4,4,0,405,1,3,3,3,0,289,0,ST-ITS1,Intensivstation,12,Intensivmedizin,2.0,3.0,06:00,14:00,450,,13:30,21:30,450,F,21:15,06:15,495,F|S,11,10,8,10,30,45,8,38.5,30,0.05,0,2.0.0,20261146
AZ-002,2026-12-11,plan,11,Freitag,5,50,0,0,,Auszubildende_r_2_Ausbildungsjahr,Auszubildende,AUSZUBILDEND,1.0,38.5,9240,9240,8316,10164,5,2,2,8,1,0,nicht anrechenbar,0,0.0,-9240,8,8,0,0,1,1156,1,,,,,,0,,0,,4,4,4,0,462,1,4,4,4,0,405,1,3,3,3,0,289,0,ST-ITS1,Intensivstation,12,Intensivmedizin,2.0,3.0,06:00,14:00,450,,13:30,21:30,450,F,21:15,06:15,495,F|S,11,10,8,10,30,45,8,38.5,30,0.05,0,2.0.0,20261146
AZ-003,2026-12-11,plan,11,Freitag,5,50,0,0,,Auszubildende_r_1_Ausbildungsjahr,Auszubildende,AUSZUBILDEND,1.0,38.5,9240,9240,8316,10164,5,2,2,0,0,0,nicht anrechenbar,0,0.0,-9240,8,8,0,0,1,1156,1,,,,,,0,,0,,4,4,4,0,462,1,4,4,4,0,405,1,3,3,3,0,289,0,ST-ITS1,Intensivstation,12,Intensivmedizin,2.0,3.0,06:00,14:00,450,,13:30,21:30,450,F,21:15,06:15,495,F|S,11,10,8,10,30,45,8,38.5,30,0.05,0,2.0.0,20261146
PK-001,2026-12-11,plan,11,Freitag,5,50,0,0,,Stationsleitung,Pflegefachkraft,EXAM|LEITUNG|PRAXISANLEITUNG,1.0,38.5,9240,4620,4158,5082,5,2,2,0,0,1,Pflegefachkraft,1,0.5,5814,8,8,0,0,1,1156,1,,,,,,1,12,0,,4,4,4,0,462,1,4,4,4,0,405,1,3,3,3,0,289,0,ST-ITS1,Intensivstation,12,Intensivmedizin,2.0,3.0,06:00,14:00,450,,13:30,21:30,450,F,21:15,06:15,495,F|S,11,10,8,10,30,45,8,38.5,30,0.05,0,2.0.0,20261146
PK-002,2026-12-11,plan,11,Freitag,5,50,0,0,,Pflegefachkraft,Pflegefachkraft,EXAM|PRAXISANLEITUNG|KARDIO_MONITORING,1.0,38.5,9240,9240,8316,10164,5,2,2,8,1,1,Pflegefachkraft,0,0.0,-1815,8,8,0,0,1,1156,1,,,,,,0,,0,,4,4,4,0,462,1,4,4,4,0,405,1,3,3,3,0,289,0,ST-ITS1,Intensivstation,12,Intensivmedizin,2.0,3.0,06:00,14:00,450,,13:30,21:30,450,F,21:15,06:15,495,F|S,11,10,8,10,30,45,8,38.5,30,0.05,0,2.0.0,20261146
PK-003,2026-12-11,plan,11,Freitag,5,50,0,0,,Pflegefachkraft,Pflegefachkraft,EXAM,1.0,38.5,9240,9240,8316,10164,5,2,2,8,1,1,Pflegefachkraft,0,0.0,-1815,8,8,0,0,1,1156,1,,,,,,0,,0,,4,4,4,0,462,1,4,4,4,0,405,1,3,3,3,0,289,0,ST-ITS1,Intensivstation,12,Intensivmedizin,2.0,3.0,06:00,14:00,450,,13:30,21:30,450,F,21:15,06:15,495,F|S,11,10,8,10,30,45,8,38.5,30,0.05,0,2.0.0,20261146
PK-004,2026-12-11,plan,11,Freitag,5,50,0,0,,Pflegefachkraft,Pflegefachkraft,EXAM,1.0,38.5,9240,9240,8316,10164,5,2,2,8,1,1,Pflegefachkraft,0,0.0,-1995,8,8,0,0,1,1156,1,,,,,,0,,0,,4,4,4,0,462,1,4,4,4,0,405,1,3,3,3,0,289,0,ST-ITS1,Intensivstation,12,Intensivmedizin,2.0,3.0,06:00,14:00,450,,13:30,21:30,450,F,21:15,06:15,495,F|S,11,10,8,10,30,45,8,38.5,30,0.05,0,2.0.0,20261146
PK-005,2026-12-11,plan,11,Freitag,5,50,0,0,,Pflegefachkraft,Pflegefachkraft,EXAM,1.0,38.5,9240,9240,8316,10164,5,2,2,8,1,1,Pflegefachkraft,0,0.0,-1905,8,8,0,0,1,1156,1,,,,,,0,,0,,4,4,4,0,462,1,4,4,4,0,405,1,3,3,3,0,289,0,ST-ITS1,Intensivstation,12,Intensivmedizin,2.0,3.0,06:00,14:00,450,,13:30,21:30,450,F,21:15,06:15,495,F|S,11,10,8,10,30,45,8,38.5,30,0.05,0,2.0.0,20261146
PK-006,2026-12-11,plan,11,Freitag,5,50,0,0,,Pflegefachkraft,Pflegefachkraft,EXAM|PRAXISANLEITUNG|KARDIO_MONITORING,1.0,38.5,9240,9240,8316,10164,5,2,2,8,1,1,Pflegefachkraft,0,0.0,-1905,8,8,0,0,1,1156,1,,,,,,0,,0,,4,4,4,0,462,1,4,4,4,0,405,1,3,3,3,0,289,0,ST-ITS1,Intensivstation,12,Intensivmedizin,2.0,3.0,06:00,14:00,450,,13:30,21:30,450,F,21:15,06:15,495,F|S,11,10,8,10,30,45,8,38.5,30,0.05,0,2.0.0,20261146
PK-007,2026-12-11,plan,11,Freitag,5,50,0,0,,Pflegefachkraft,Pflegefachkraft,EXAM,1.0,38.5,9240,9240,8316,10164,5,2,2,8,1,1,Pflegefachkraft,0,0.0,1104,8,8,0,0,1,1156,1,,,,,,0,,0,,4,4,4,0,462,1,4,4,4,0,405,1,3,3,3,0,289,0,ST-ITS1,Intensivstation,12,Intensivmedizin,2.0,3.0,06:00,14:00,450,,13:30,21:30,450,F,21:15,06:15,495,F|S,11,10,8,10,30,45,8,38.5,30,0.05,0,2.0.0,20261146
PK-008,2026-12-11,plan,11,Freitag,5,50,0,0,,Pflegefachkraft,Pflegefachkraft,EXAM|KARDIO_MONITORING,1.0,38.5,9240,9240,8316,10164,5,2,2,8,1,1,Pflegefachkraft,0,0.0,-2265,8,8,0,0,1,1156,1,,,,,,0,,0,,4,4,4,0,462,1,4,4,4,0,405,1,3,3,3,0,289,0,ST-ITS1,Intensivstation,12,Intensivmedizin,2.0,3.0,06:00,14:00,450,,13:30,21:30,450,F,21:15,06:15,495,F|S,11,10,8,10,30,45,8,38.5,30,0.05,0,2.0.0,20261146
PK-009,2026-12-11,plan,11,Freitag,5,50,0,0,,Pflegefachkraft,Pflegefachkraft,EXAM,1.0,38.5,9240,9240,8316,10164,5,2,2,8,1,1,Pflegefachkraft,0,0.0,-1995,8,8,0,0,1,1156,0,URLAUB,,,,,0,,0,,4,4,4,0,462,1,4,4,4,0,405,1,3,3,3,0,289,0,ST-ITS1,Intensivstation,12,Intensivmedizin,2.0,3.0,06:00,14:00,450,,13:30,21:30,450,F,21:15,06:15,495,F|S,11,10,8,10,30,45,8,38.5,30,0.05,0,2.0.0,20261146
PK-010,2026-12-11,plan,11,Freitag,5,50,0,0,,Pflegefachkraft,Pflegefachkraft,EXAM|PRAXISANLEITUNG|KARDIO_MONITORING,0.6,23.1,5544,5544,4990,6098,5,2,2,8,1,1,Pflegefachkraft,0,0.0,-999,8,8,0,0,1,1156,0,URLAUB,,,,,0,,0,,4,4,4,0,462,1,4,4,4,0,405,1,3,3,3,0,289,0,ST-ITS1,Intensivstation,12,Intensivmedizin,2.0,3.0,06:00,14:00,450,,13:30,21:30,450,F,21:15,06:15,495,F|S,11,10,8,10,30,45,8,38.5,30,0.05,0,2.0.0,20261146
PK-011,2026-12-11,plan,11,Freitag,5,50,0,0,,Pflegefachkraft,Pflegefachkraft,EXAM|KARDIO_MONITORING,0.5,19.25,4620,4620,4158,5082,5,2,2,8,1,1,Pflegefachkraft,0,0.0,-1020,8,8,0,0,1,1156,1,,,,,,0,,0,,4,4,4,0,462,1,4,4,4,0,405,1,3,3,3,0,289,0,ST-ITS1,Intensivstation,12,Intensivmedizin,2.0,3.0,06:00,14:00,450,,13:30,21:30,450,F,21:15,06:15,495,F|S,11,10,8,10,30,45,8,38.5,30,0.05,0,2.0.0,20261146
PK-012,2026-12-11,plan,11,Freitag,5,50,0,0,,Pflegefachkraft,Pflegefachkraft,EXAM|KARDIO_MONITORING,0.75,28.88,6931,6931,6238,7624,5,2,2,8,1,1,Pflegefachkraft,0,0.0,-1530,8,8,0,0,1,1156,1,,,,,,0,,0,,4,4,4,0,462,1,4,4,4,0,405,1,3,3,3,0,289,0,ST-ITS1,Intensivstation,12,Intensivmedizin,2.0,3.0,06:00,14:00,450,,13:30,21:30,450,F,21:15,06:15,495,F|S,11,10,8,10,30,45,8,38.5,30,0.05,0,2.0.0,20261146
PK-013,2026-12-11,plan,11,Freitag,5,50,0,0,,Pflegefachkraft,Pflegefachkraft,EXAM|KARDIO_MONITORING,1.0,38.5,9240,9240,8316,10164,5,2,2,8,1,1,Pflegefachkraft,0,0.0,-1905,8,8,0,0,1,1156,1,,,,,,0,,0,,4,4,4,0,462,1,4,4,4,0,405,1,3,3,3,0,289,0,ST-ITS1,Intensivstation,12,Intensivmedizin,2.0,3.0,06:00,14:00,450,,13:30,21:30,450,F,21:15,06:15,495,F|S,11,10,8,10,30,45,8,38.5,30,0.05,0,2.0.0,20261146
PK-014,2026-12-11,plan,11,Freitag,5,50,0,0,,Pflegefachkraft,Pflegefachkraft,EXAM,1.0,38.5,9240,9240,8316,10164,5,2,2,8,1,1,Pflegefachkraft,0,0.0,-1680,8,8,0,0,1,1156,1,,,,,,0,,0,,4,4,4,0,462,1,4,4,4,0,405,1,3,3,3,0,289,0,ST-ITS1,Intensivstation,12,Intensivmedizin,2.0,3.0,06:00,14:00,450,,13:30,21:30,450,F,21:15,06:15,495,F|S,11,10,8,10,30,45,8,38.5,30,0.05,0,2.0.0,20261146
PK-015,2026-12-11,plan,11,Freitag,5,50,0,0,,Pflegefachkraft,Pflegefachkraft,EXAM|KARDIO_MONITORING,0.5,19.25,4620,4620,4158,5082,5,2,2,8,1,1,Pflegefachkraft,0,0.0,-930,8,8,0,0,1,1156,1,,,,,,0,,0,,4,4,4,0,462,1,4,4,4,0,405,1,3,3,3,0,289,0,ST-ITS1,Intensivstation,12,Intensivmedizin,2.0,3.0,06:00,14:00,450,,13:30,21:30,450,F,21:15,06:15,495,F|S,11,10,8,10,30,45,8,38.5,30,0.05,0,2.0.0,20261146
PK-016,2026-12-11,plan,11,Freitag,5,50,0,0,,Pflegefachkraft,Pflegefachkraft,EXAM,0.9,34.65,8316,8316,7484,9148,5,2,2,8,1,1,Pflegefachkraft,0,0.0,1255,8,8,0,0,1,1156,1,,,,,,0,,0,,4,4,4,0,462,1,4,4,4,0,405,1,3,3,3,0,289,0,ST-ITS1,Intensivstation,12,Intensivmedizin,2.0,3.0,06:00,14:00,450,,13:30,21:30,450,F,21:15,06:15,495,F|S,11,10,8,10,30,45,8,38.5,30,0.05,0,2.0.0,20261146
PK-017,2026-12-11,plan,11,Freitag,5,50,0,0,,Pflegefachkraft,Pflegefachkraft,EXAM|KARDIO_MONITORING,1.0,38.5,9240,9240,8316,10164,5,2,2,8,1,1,Pflegefachkraft,0,0.0,-1680,8,8,0,0,1,1156,1,,,,,,0,,0,,4,4,4,0,462,1,4,4,4,0,405,1,3,3,3,0,289,0,ST-ITS1,Intensivstation,12,Intensivmedizin,2.0,3.0,06:00,14:00,450,,13:30,21:30,450,F,21:15,06:15,495,F|S,11,10,8,10,30,45,8,38.5,30,0.05,0,2.0.0,20261146
PK-018,2026-12-11,plan,11,Freitag,5,50,0,0,,Pflegefachkraft,Pflegefachkraft,EXAM|PRAXISANLEITUNG,0.6,23.1,5544,5544,4990,6098,5,2,2,8,1,1,Pflegefachkraft,0,0.0,-909,8,8,0,0,1,1156,1,,,,,,1,12,0,,4,4,4,0,462,1,4,4,4,0,405,1,3,3,3,0,289,0,ST-ITS1,Intensivstation,12,Intensivmedizin,2.0,3.0,06:00,14:00,450,,13:30,21:30,450,F,21:15,06:15,495,F|S,11,10,8,10,30,45,8,38.5,30,0.05,0,2.0.0,20261146
PK-019,2026-12-11,plan,11,Freitag,5,50,0,0,,Pflegefachkraft,Pflegefachkraft,EXAM,0.6,23.1,5544,5544,4990,6098,5,2,2,8,1,1,Pflegefachkraft,0,0.0,-954,8,8,0,0,1,1156,1,,,,,,0,,0,,4,4,4,0,462,1,4,4,4,0,405,1,3,3,3,0,289,0,ST-ITS1,Intensivstation,12,Intensivmedizin,2.0,3.0,06:00,14:00,450,,13:30,21:30,450,F,21:15,06:15,495,F|S,11,10,8,10,30,45,8,38.5,30,0.05,0,2.0.0,20261146
PK-020,2026-12-11,plan,11,Freitag,5,50,0,0,,Pflegefachkraft,Pflegefachkraft,EXAM|PRAXISANLEITUNG,0.8,30.8,7392,7392,6653,8131,5,2,2,8,1,1,Pflegefachkraft,0,0.0,-1497,8,8,0,0,1,1156,1,,,,,,0,,0,,4,4,4,0,462,1,4,4,4,0,405,1,3,3,3,0,289,0,ST-ITS1,Intensivstation,12,Intensivmedizin,2.0,3.0,06:00,14:00,450,,13:30,21:30,450,F,21:15,06:15,495,F|S,11,10,8,10,30,45,8,38.5,30,0.05,0,2.0.0,20261146
PK-021,2026-12-11,plan,11,Freitag,5,50,0,0,,Pflegefachkraft,Pflegefachkraft,EXAM|PRAXISANLEITUNG,0.5,19.25,4620,4620,4158,5082,5,2,2,8,1,1,Pflegefachkraft,0,0.0,-975,8,8,0,0,1,1156,1,,,,,,0,,0,,4,4,4,0,462,1,4,4,4,0,405,1,3,3,3,0,289,0,ST-ITS1,Intensivstation,12,Intensivmedizin,2.0,3.0,06:00,14:00,450,,13:30,21:30,450,F,21:15,06:15,495,F|S,11,10,8,10,30,45,8,38.5,30,0.05,0,2.0.0,20261146
PK-022,2026-12-11,plan,11,Freitag,5,50,0,0,,Pflegefachkraft,Pflegefachkraft,EXAM,0.7,26.95,6468,6468,5821,7115,5,2,2,8,1,1,Pflegefachkraft,0,0.0,-1473,8,8,0,0,1,1156,0,URLAUB,,,,,0,,0,,4,4,4,0,462,1,4,4,4,0,405,1,3,3,3,0,289,0,ST-ITS1,Intensivstation,12,Intensivmedizin,2.0,3.0,06:00,14:00,450,,13:30,21:30,450,F,21:15,06:15,495,F|S,11,10,8,10,30,45,8,38.5,30,0.05,0,2.0.0,20261146
PK-023,2026-12-11,plan,11,Freitag,5,50,0,0,,Pflegefachkraft,Pflegefachkraft,EXAM,1.0,38.5,9240,9240,8316,10164,5,2,2,8,1,1,Pflegefachkraft,0,0.0,-2040,8,8,0,0,1,1156,1,,,,,,0,,0,,4,4,4,0,462,1,4,4,4,0,405,1,3,3,3,0,289,0,ST-ITS1,Intensivstation,12,Intensivmedizin,2.0,3.0,06:00,14:00,450,,13:30,21:30,450,F,21:15,06:15,495,F|S,11,10,8,10,30,45,8,38.5,30,0.05,0,2.0.0,20261146
PK-024,2026-12-11,plan,11,Freitag,5,50,0,0,,Pflegefachkraft,Pflegefachkraft,EXAM|PRAXISANLEITUNG,1.0,38.5,9240,9240,8316,10164,5,2,2,8,1,1,Pflegefachkraft,0,0.0,-2310,8,8,0,0,1,1156,0,URLAUB,,,,,0,,0,,4,4,4,0,462,1,4,4,4,0,405,1,3,3,3,0,289,0,ST-ITS1,Intensivstation,12,Intensivmedizin,2.0,3.0,06:00,14:00,450,,13:30,21:30,450,F,21:15,06:15,495,F|S,11,10,8,10,30,45,8,38.5,30,0.05,0,2.0.0,20261146
PK-025,2026-12-11,plan,11,Freitag,5,50,0,0,,Pflegefachkraft,Pflegefachkraft,EXAM,1.0,38.5,9240,9240,8316,10164,5,2,2,8,1,1,Pflegefachkraft,0,0.0,-1680,8,8,0,0,1,1156,0,LANGZEITABWESENHEIT,,,,,0,,0,,4,4,4,0,462,1,4,4,4,0,405,1,3,3,3,0,289,0,ST-ITS1,Intensivstation,12,Intensivmedizin,2.0,3.0,06:00,14:00,450,,13:30,21:30,450,F,21:15,06:15,495,F|S,11,10,8,10,30,45,8,38.5,30,0.05,0,2.0.0,20261146
AZ-001,2026-12-12,plan,12,Samstag,6,50,1,0,,Auszubildende_r_3_Ausbildungsjahr,Auszubildende,AUSZUBILDEND,1.0,38.5,9240,9240,8316,10164,5,2,2,8,1,0,nicht anrechenbar,0,0.0,-9240,8,7,1,1,1,1698,1,,,,,,0,,0,,4,4,4,0,679,1,4,4,4,0,594,1,3,3,3,0,424,0,ST-ITS1,Intensivstation,12,Intensivmedizin,2.0,3.0,06:00,14:00,450,,13:30,21:30,450,F,21:15,06:15,495,F|S,11,10,8,10,30,45,8,38.5,30,0.05,0,2.0.0,20261146
AZ-002,2026-12-12,plan,12,Samstag,6,50,1,0,,Auszubildende_r_2_Ausbildungsjahr,Auszubildende,AUSZUBILDEND,1.0,38.5,9240,9240,8316,10164,5,2,2,8,1,0,nicht anrechenbar,0,0.0,-9240,8,7,1,1,1,1698,1,,,,,,0,,0,,4,4,4,0,679,1,4,4,4,0,594,1,3,3,3,0,424,0,ST-ITS1,Intensivstation,12,Intensivmedizin,2.0,3.0,06:00,14:00,450,,13:30,21:30,450,F,21:15,06:15,495,F|S,11,10,8,10,30,45,8,38.5,30,0.05,0,2.0.0,20261146
AZ-003,2026-12-12,plan,12,Samstag,6,50,1,0,,Auszubildende_r_1_Ausbildungsjahr,Auszubildende,AUSZUBILDEND,1.0,38.5,9240,9240,8316,10164,5,2,2,0,0,0,nicht anrechenbar,0,0.0,-9240,8,7,1,1,1,1698,1,,,,,,0,,0,,4,4,4,0,679,1,4,4,4,0,594,1,3,3,3,0,424,0,ST-ITS1,Intensivstation,12,Intensivmedizin,2.0,3.0,06:00,14:00,450,,13:30,21:30,450,F,21:15,06:15,495,F|S,11,10,8,10,30,45,8,38.5,30,0.05,0,2.0.0,20261146
PK-001,2026-12-12,plan,12,Samstag,6,50,1,0,,Stationsleitung,Pflegefachkraft,EXAM|LEITUNG|PRAXISANLEITUNG,1.0,38.5,9240,4620,4158,5082,5,2,2,0,0,1,Pflegefachkraft,1,0.5,5814,8,7,1,1,1,1698,1,,,F,2,,0,,0,,4,4,4,0,679,1,4,4,4,0,594,1,3,3,3,0,424,0,ST-ITS1,Intensivstation,12,Intensivmedizin,2.0,3.0,06:00,14:00,450,,13:30,21:30,450,F,21:15,06:15,495,F|S,11,10,8,10,30,45,8,38.5,30,0.05,0,2.0.0,20261146
PK-002,2026-12-12,plan,12,Samstag,6,50,1,0,,Pflegefachkraft,Pflegefachkraft,EXAM|PRAXISANLEITUNG|KARDIO_MONITORING,1.0,38.5,9240,9240,8316,10164,5,2,2,8,1,1,Pflegefachkraft,0,0.0,-1815,8,7,1,1,1,1698,1,,,,,,1,24,0,,4,4,4,0,679,1,4,4,4,0,594,1,3,3,3,0,424,0,ST-ITS1,Intensivstation,12,Intensivmedizin,2.0,3.0,06:00,14:00,450,,13:30,21:30,450,F,21:15,06:15,495,F|S,11,10,8,10,30,45,8,38.5,30,0.05,0,2.0.0,20261146
PK-003,2026-12-12,plan,12,Samstag,6,50,1,0,,Pflegefachkraft,Pflegefachkraft,EXAM,1.0,38.5,9240,9240,8316,10164,5,2,2,8,1,1,Pflegefachkraft,0,0.0,-1815,8,7,1,1,1,1698,1,,,,,,0,,0,,4,4,4,0,679,1,4,4,4,0,594,1,3,3,3,0,424,0,ST-ITS1,Intensivstation,12,Intensivmedizin,2.0,3.0,06:00,14:00,450,,13:30,21:30,450,F,21:15,06:15,495,F|S,11,10,8,10,30,45,8,38.5,30,0.05,0,2.0.0,20261146
PK-004,2026-12-12,plan,12,Samstag,6,50,1,0,,Pflegefachkraft,Pflegefachkraft,EXAM,1.0,38.5,9240,9240,8316,10164,5,2,2,8,1,1,Pflegefachkraft,0,0.0,-1995,8,7,1,1,1,1698,1,,,,,,0,,0,,4,4,4,0,679,1,4,4,4,0,594,1,3,3,3,0,424,0,ST-ITS1,Intensivstation,12,Intensivmedizin,2.0,3.0,06:00,14:00,450,,13:30,21:30,450,F,21:15,06:15,495,F|S,11,10,8,10,30,45,8,38.5,30,0.05,0,2.0.0,20261146
PK-005,2026-12-12,plan,12,Samstag,6,50,1,0,,Pflegefachkraft,Pflegefachkraft,EXAM,1.0,38.5,9240,9240,8316,10164,5,2,2,8,1,1,Pflegefachkraft,0,0.0,-1905,8,7,1,1,1,1698,1,,,,,,0,,0,,4,4,4,0,679,1,4,4,4,0,594,1,3,3,3,0,424,0,ST-ITS1,Intensivstation,12,Intensivmedizin,2.0,3.0,06:00,14:00,450,,13:30,21:30,450,F,21:15,06:15,495,F|S,11,10,8,10,30,45,8,38.5,30,0.05,0,2.0.0,20261146
PK-006,2026-12-12,plan,12,Samstag,6,50,1,0,,Pflegefachkraft,Pflegefachkraft,EXAM|PRAXISANLEITUNG|KARDIO_MONITORING,1.0,38.5,9240,9240,8316,10164,5,2,2,8,1,1,Pflegefachkraft,0,0.0,-1905,8,7,1,1,1,1698,1,,,,,,0,,0,,4,4,4,0,679,1,4,4,4,0,594,1,3,3,3,0,424,0,ST-ITS1,Intensivstation,12,Intensivmedizin,2.0,3.0,06:00,14:00,450,,13:30,21:30,450,F,21:15,06:15,495,F|S,11,10,8,10,30,45,8,38.5,30,0.05,0,2.0.0,20261146
PK-007,2026-12-12,plan,12,Samstag,6,50,1,0,,Pflegefachkraft,Pflegefachkraft,EXAM,1.0,38.5,9240,9240,8316,10164,5,2,2,8,1,1,Pflegefachkraft,0,0.0,1104,8,7,1,1,1,1698,1,,,,,,0,,0,,4,4,4,0,679,1,4,4,4,0,594,1,3,3,3,0,424,0,ST-ITS1,Intensivstation,12,Intensivmedizin,2.0,3.0,06:00,14:00,450,,13:30,21:30,450,F,21:15,06:15,495,F|S,11,10,8,10,30,45,8,38.5,30,0.05,0,2.0.0,20261146
PK-008,2026-12-12,plan,12,Samstag,6,50,1,0,,Pflegefachkraft,Pflegefachkraft,EXAM|KARDIO_MONITORING,1.0,38.5,9240,9240,8316,10164,5,2,2,8,1,1,Pflegefachkraft,0,0.0,-2265,8,7,1,1,1,1698,1,,,,,,0,,0,,4,4,4,0,679,1,4,4,4,0,594,1,3,3,3,0,424,0,ST-ITS1,Intensivstation,12,Intensivmedizin,2.0,3.0,06:00,14:00,450,,13:30,21:30,450,F,21:15,06:15,495,F|S,11,10,8,10,30,45,8,38.5,30,0.05,0,2.0.0,20261146
PK-009,2026-12-12,plan,12,Samstag,6,50,1,0,,Pflegefachkraft,Pflegefachkraft,EXAM,1.0,38.5,9240,9240,8316,10164,5,2,2,8,1,1,Pflegefachkraft,0,0.0,-1995,8,7,1,1,1,1698,0,URLAUB,,,,,0,,0,,4,4,4,0,679,1,4,4,4,0,594,1,3,3,3,0,424,0,ST-ITS1,Intensivstation,12,Intensivmedizin,2.0,3.0,06:00,14:00,450,,13:30,21:30,450,F,21:15,06:15,495,F|S,11,10,8,10,30,45,8,38.5,30,0.05,0,2.0.0,20261146
PK-010,2026-12-12,plan,12,Samstag,6,50,1,0,,Pflegefachkraft,Pflegefachkraft,EXAM|PRAXISANLEITUNG|KARDIO_MONITORING,0.6,23.1,5544,5544,4990,6098,5,2,2,8,1,1,Pflegefachkraft,0,0.0,-999,8,7,1,1,1,1698,0,URLAUB,,,,,0,,0,,4,4,4,0,679,1,4,4,4,0,594,1,3,3,3,0,424,0,ST-ITS1,Intensivstation,12,Intensivmedizin,2.0,3.0,06:00,14:00,450,,13:30,21:30,450,F,21:15,06:15,495,F|S,11,10,8,10,30,45,8,38.5,30,0.05,0,2.0.0,20261146
PK-011,2026-12-12,plan,12,Samstag,6,50,1,0,,Pflegefachkraft,Pflegefachkraft,EXAM|KARDIO_MONITORING,0.5,19.25,4620,4620,4158,5082,5,2,2,8,1,1,Pflegefachkraft,0,0.0,-1020,8,7,1,1,1,1698,1,,,,,,0,,0,,4,4,4,0,679,1,4,4,4,0,594,1,3,3,3,0,424,0,ST-ITS1,Intensivstation,12,Intensivmedizin,2.0,3.0,06:00,14:00,450,,13:30,21:30,450,F,21:15,06:15,495,F|S,11,10,8,10,30,45,8,38.5,30,0.05,0,2.0.0,20261146
PK-012,2026-12-12,plan,12,Samstag,6,50,1,0,,Pflegefachkraft,Pflegefachkraft,EXAM|KARDIO_MONITORING,0.75,28.88,6931,6931,6238,7624,5,2,2,8,1,1,Pflegefachkraft,0,0.0,-1530,8,7,1,1,1,1698,1,,,,,,0,,0,,4,4,4,0,679,1,4,4,4,0,594,1,3,3,3,0,424,0,ST-ITS1,Intensivstation,12,Intensivmedizin,2.0,3.0,06:00,14:00,450,,13:30,21:30,450,F,21:15,06:15,495,F|S,11,10,8,10,30,45,8,38.5,30,0.05,0,2.0.0,20261146
PK-013,2026-12-12,plan,12,Samstag,6,50,1,0,,Pflegefachkraft,Pflegefachkraft,EXAM|KARDIO_MONITORING,1.0,38.5,9240,9240,8316,10164,5,2,2,8,1,1,Pflegefachkraft,0,0.0,-1905,8,7,1,1,1,1698,1,,,,,,0,,0,,4,4,4,0,679,1,4,4,4,0,594,1,3,3,3,0,424,0,ST-ITS1,Intensivstation,12,Intensivmedizin,2.0,3.0,06:00,14:00,450,,13:30,21:30,450,F,21:15,06:15,495,F|S,11,10,8,10,30,45,8,38.5,30,0.05,0,2.0.0,20261146
PK-014,2026-12-12,plan,12,Samstag,6,50,1,0,,Pflegefachkraft,Pflegefachkraft,EXAM,1.0,38.5,9240,9240,8316,10164,5,2,2,8,1,1,Pflegefachkraft,0,0.0,-1680,8,7,1,1,1,1698,1,,2,,,,0,,0,,4,4,4,0,679,1,4,4,4,0,594,1,3,3,3,0,424,0,ST-ITS1,Intensivstation,12,Intensivmedizin,2.0,3.0,06:00,14:00,450,,13:30,21:30,450,F,21:15,06:15,495,F|S,11,10,8,10,30,45,8,38.5,30,0.05,0,2.0.0,20261146
PK-015,2026-12-12,plan,12,Samstag,6,50,1,0,,Pflegefachkraft,Pflegefachkraft,EXAM|KARDIO_MONITORING,0.5,19.25,4620,4620,4158,5082,5,2,2,8,1,1,Pflegefachkraft,0,0.0,-930,8,7,1,1,1,1698,1,,,,,,0,,0,,4,4,4,0,679,1,4,4,4,0,594,1,3,3,3,0,424,0,ST-ITS1,Intensivstation,12,Intensivmedizin,2.0,3.0,06:00,14:00,450,,13:30,21:30,450,F,21:15,06:15,495,F|S,11,10,8,10,30,45,8,38.5,30,0.05,0,2.0.0,20261146
PK-016,2026-12-12,plan,12,Samstag,6,50,1,0,,Pflegefachkraft,Pflegefachkraft,EXAM,0.9,34.65,8316,8316,7484,9148,5,2,2,8,1,1,Pflegefachkraft,0,0.0,1255,8,7,1,1,1,1698,1,,,,,,0,,0,,4,4,4,0,679,1,4,4,4,0,594,1,3,3,3,0,424,0,ST-ITS1,Intensivstation,12,Intensivmedizin,2.0,3.0,06:00,14:00,450,,13:30,21:30,450,F,21:15,06:15,495,F|S,11,10,8,10,30,45,8,38.5,30,0.05,0,2.0.0,20261146
PK-017,2026-12-12,plan,12,Samstag,6,50,1,0,,Pflegefachkraft,Pflegefachkraft,EXAM|KARDIO_MONITORING,1.0,38.5,9240,9240,8316,10164,5,2,2,8,1,1,Pflegefachkraft,0,0.0,-1680,8,7,1,1,1,1698,1,,,,,,0,,0,,4,4,4,0,679,1,4,4,4,0,594,1,3,3,3,0,424,0,ST-ITS1,Intensivstation,12,Intensivmedizin,2.0,3.0,06:00,14:00,450,,13:30,21:30,450,F,21:15,06:15,495,F|S,11,10,8,10,30,45,8,38.5,30,0.05,0,2.0.0,20261146
PK-018,2026-12-12,plan,12,Samstag,6,50,1,0,,Pflegefachkraft,Pflegefachkraft,EXAM|PRAXISANLEITUNG,0.6,23.1,5544,5544,4990,6098,5,2,2,8,1,1,Pflegefachkraft,0,0.0,-909,8,7,1,1,1,1698,1,,,,,,0,,0,,4,4,4,0,679,1,4,4,4,0,594,1,3,3,3,0,424,0,ST-ITS1,Intensivstation,12,Intensivmedizin,2.0,3.0,06:00,14:00,450,,13:30,21:30,450,F,21:15,06:15,495,F|S,11,10,8,10,30,45,8,38.5,30,0.05,0,2.0.0,20261146
PK-019,2026-12-12,plan,12,Samstag,6,50,1,0,,Pflegefachkraft,Pflegefachkraft,EXAM,0.6,23.1,5544,5544,4990,6098,5,2,2,8,1,1,Pflegefachkraft,0,0.0,-954,8,7,1,1,1,1698,1,,,,,,0,,0,,4,4,4,0,679,1,4,4,4,0,594,1,3,3,3,0,424,0,ST-ITS1,Intensivstation,12,Intensivmedizin,2.0,3.0,06:00,14:00,450,,13:30,21:30,450,F,21:15,06:15,495,F|S,11,10,8,10,30,45,8,38.5,30,0.05,0,2.0.0,20261146
PK-020,2026-12-12,plan,12,Samstag,6,50,1,0,,Pflegefachkraft,Pflegefachkraft,EXAM|PRAXISANLEITUNG,0.8,30.8,7392,7392,6653,8131,5,2,2,8,1,1,Pflegefachkraft,0,0.0,-1497,8,7,1,1,1,1698,1,,,,,,0,,0,,4,4,4,0,679,1,4,4,4,0,594,1,3,3,3,0,424,0,ST-ITS1,Intensivstation,12,Intensivmedizin,2.0,3.0,06:00,14:00,450,,13:30,21:30,450,F,21:15,06:15,495,F|S,11,10,8,10,30,45,8,38.5,30,0.05,0,2.0.0,20261146
PK-021,2026-12-12,plan,12,Samstag,6,50,1,0,,Pflegefachkraft,Pflegefachkraft,EXAM|PRAXISANLEITUNG,0.5,19.25,4620,4620,4158,5082,5,2,2,8,1,1,Pflegefachkraft,0,0.0,-975,8,7,1,1,1,1698,1,,,,,,0,,0,,4,4,4,0,679,1,4,4,4,0,594,1,3,3,3,0,424,0,ST-ITS1,Intensivstation,12,Intensivmedizin,2.0,3.0,06:00,14:00,450,,13:30,21:30,450,F,21:15,06:15,495,F|S,11,10,8,10,30,45,8,38.5,30,0.05,0,2.0.0,20261146
PK-022,2026-12-12,plan,12,Samstag,6,50,1,0,,Pflegefachkraft,Pflegefachkraft,EXAM,0.7,26.95,6468,6468,5821,7115,5,2,2,8,1,1,Pflegefachkraft,0,0.0,-1473,8,7,1,1,1,1698,0,URLAUB,,,,,0,,0,,4,4,4,0,679,1,4,4,4,0,594,1,3,3,3,0,424,0,ST-ITS1,Intensivstation,12,Intensivmedizin,2.0,3.0,06:00,14:00,450,,13:30,21:30,450,F,21:15,06:15,495,F|S,11,10,8,10,30,45,8,38.5,30,0.05,0,2.0.0,20261146
PK-023,2026-12-12,plan,12,Samstag,6,50,1,0,,Pflegefachkraft,Pflegefachkraft,EXAM,1.0,38.5,9240,9240,8316,10164,5,2,2,8,1,1,Pflegefachkraft,0,0.0,-2040,8,7,1,1,1,1698,1,,,,,,0,,0,,4,4,4,0,679,1,4,4,4,0,594,1,3,3,3,0,424,0,ST-ITS1,Intensivstation,12,Intensivmedizin,2.0,3.0,06:00,14:00,450,,13:30,21:30,450,F,21:15,06:15,495,F|S,11,10,8,10,30,45,8,38.5,30,0.05,0,2.0.0,20261146
PK-024,2026-12-12,plan,12,Samstag,6,50,1,0,,Pflegefachkraft,Pflegefachkraft,EXAM|PRAXISANLEITUNG,1.0,38.5,9240,9240,8316,10164,5,2,2,8,1,1,Pflegefachkraft,0,0.0,-2310,8,7,1,1,1,1698,0,URLAUB,,,,,0,,0,,4,4,4,0,679,1,4,4,4,0,594,1,3,3,3,0,424,0,ST-ITS1,Intensivstation,12,Intensivmedizin,2.0,3.0,06:00,14:00,450,,13:30,21:30,450,F,21:15,06:15,495,F|S,11,10,8,10,30,45,8,38.5,30,0.05,0,2.0.0,20261146
PK-025,2026-12-12,plan,12,Samstag,6,50,1,0,,Pflegefachkraft,Pflegefachkraft,EXAM,1.0,38.5,9240,9240,8316,10164,5,2,2,8,1,1,Pflegefachkraft,0,0.0,-1680,8,7,1,1,1,1698,0,LANGZEITABWESENHEIT,,,,,0,,0,,4,4,4,0,679,1,4,4,4,0,594,1,3,3,3,0,424,0,ST-ITS1,Intensivstation,12,Intensivmedizin,2.0,3.0,06:00,14:00,450,,13:30,21:30,450,F,21:15,06:15,495,F|S,11,10,8,10,30,45,8,38.5,30,0.05,0,2.0.0,20261146
AZ-001,2026-12-13,plan,13,Sonntag,7,50,1,0,,Auszubildende_r_3_Ausbildungsjahr,Auszubildende,AUSZUBILDEND,1.0,38.5,9240,9240,8316,10164,5,2,2,8,1,0,nicht anrechenbar,0,0.0,-9240,8,8,4,2,0,1789,1,,,,,,0,,0,,4,4,4,0,716,1,4,4,4,0,626,1,3,3,3,0,447,0,ST-ITS1,Intensivstation,12,Intensivmedizin,2.0,3.0,06:00,14:00,450,,13:30,21:30,450,F,21:15,06:15,495,F|S,11,10,8,10,30,45,8,38.5,30,0.05,0,2.0.0,20261146
AZ-002,2026-12-13,plan,13,Sonntag,7,50,1,0,,Auszubildende_r_2_Ausbildungsjahr,Auszubildende,AUSZUBILDEND,1.0,38.5,9240,9240,8316,10164,5,2,2,8,1,0,nicht anrechenbar,0,0.0,-9240,8,8,4,2,0,1789,1,,,,,,0,,0,,4,4,4,0,716,1,4,4,4,0,626,1,3,3,3,0,447,0,ST-ITS1,Intensivstation,12,Intensivmedizin,2.0,3.0,06:00,14:00,450,,13:30,21:30,450,F,21:15,06:15,495,F|S,11,10,8,10,30,45,8,38.5,30,0.05,0,2.0.0,20261146
AZ-003,2026-12-13,plan,13,Sonntag,7,50,1,0,,Auszubildende_r_1_Ausbildungsjahr,Auszubildende,AUSZUBILDEND,1.0,38.5,9240,9240,8316,10164,5,2,2,0,0,0,nicht anrechenbar,0,0.0,-9240,8,8,4,2,0,1789,1,,,,,,0,,0,,4,4,4,0,716,1,4,4,4,0,626,1,3,3,3,0,447,0,ST-ITS1,Intensivstation,12,Intensivmedizin,2.0,3.0,06:00,14:00,450,,13:30,21:30,450,F,21:15,06:15,495,F|S,11,10,8,10,30,45,8,38.5,30,0.05,0,2.0.0,20261146
PK-001,2026-12-13,plan,13,Sonntag,7,50,1,0,,Stationsleitung,Pflegefachkraft,EXAM|LEITUNG|PRAXISANLEITUNG,1.0,38.5,9240,4620,4158,5082,5,2,2,0,0,1,Pflegefachkraft,1,0.5,5814,8,8,4,2,0,1789,1,,,,,,0,,0,,4,4,4,0,716,1,4,4,4,0,626,1,3,3,3,0,447,0,ST-ITS1,Intensivstation,12,Intensivmedizin,2.0,3.0,06:00,14:00,450,,13:30,21:30,450,F,21:15,06:15,495,F|S,11,10,8,10,30,45,8,38.5,30,0.05,0,2.0.0,20261146
PK-002,2026-12-13,plan,13,Sonntag,7,50,1,0,,Pflegefachkraft,Pflegefachkraft,EXAM|PRAXISANLEITUNG|KARDIO_MONITORING,1.0,38.5,9240,9240,8316,10164,5,2,2,8,1,1,Pflegefachkraft,0,0.0,-1815,8,8,4,2,0,1789,1,,,,,,0,,0,,4,4,4,0,716,1,4,4,4,0,626,1,3,3,3,0,447,0,ST-ITS1,Intensivstation,12,Intensivmedizin,2.0,3.0,06:00,14:00,450,,13:30,21:30,450,F,21:15,06:15,495,F|S,11,10,8,10,30,45,8,38.5,30,0.05,0,2.0.0,20261146
PK-003,2026-12-13,plan,13,Sonntag,7,50,1,0,,Pflegefachkraft,Pflegefachkraft,EXAM,1.0,38.5,9240,9240,8316,10164,5,2,2,8,1,1,Pflegefachkraft,0,0.0,-1815,8,8,4,2,0,1789,1,,,,,,0,,1,2,4,4,4,0,716,1,4,4,4,0,626,1,3,3,3,0,447,0,ST-ITS1,Intensivstation,12,Intensivmedizin,2.0,3.0,06:00,14:00,450,,13:30,21:30,450,F,21:15,06:15,495,F|S,11,10,8,10,30,45,8,38.5,30,0.05,0,2.0.0,20261146
PK-004,2026-12-13,plan,13,Sonntag,7,50,1,0,,Pflegefachkraft,Pflegefachkraft,EXAM,1.0,38.5,9240,9240,8316,10164,5,2,2,8,1,1,Pflegefachkraft,0,0.0,-1995,8,8,4,2,0,1789,1,,,,,,0,,0,,4,4,4,0,716,1,4,4,4,0,626,1,3,3,3,0,447,0,ST-ITS1,Intensivstation,12,Intensivmedizin,2.0,3.0,06:00,14:00,450,,13:30,21:30,450,F,21:15,06:15,495,F|S,11,10,8,10,30,45,8,38.5,30,0.05,0,2.0.0,20261146
PK-005,2026-12-13,plan,13,Sonntag,7,50,1,0,,Pflegefachkraft,Pflegefachkraft,EXAM,1.0,38.5,9240,9240,8316,10164,5,2,2,8,1,1,Pflegefachkraft,0,0.0,-1905,8,8,4,2,0,1789,1,,,,,,0,,0,,4,4,4,0,716,1,4,4,4,0,626,1,3,3,3,0,447,0,ST-ITS1,Intensivstation,12,Intensivmedizin,2.0,3.0,06:00,14:00,450,,13:30,21:30,450,F,21:15,06:15,495,F|S,11,10,8,10,30,45,8,38.5,30,0.05,0,2.0.0,20261146
PK-006,2026-12-13,plan,13,Sonntag,7,50,1,0,,Pflegefachkraft,Pflegefachkraft,EXAM|PRAXISANLEITUNG|KARDIO_MONITORING,1.0,38.5,9240,9240,8316,10164,5,2,2,8,1,1,Pflegefachkraft,0,0.0,-1905,8,8,4,2,0,1789,1,,,,,,0,,0,,4,4,4,0,716,1,4,4,4,0,626,1,3,3,3,0,447,0,ST-ITS1,Intensivstation,12,Intensivmedizin,2.0,3.0,06:00,14:00,450,,13:30,21:30,450,F,21:15,06:15,495,F|S,11,10,8,10,30,45,8,38.5,30,0.05,0,2.0.0,20261146
PK-007,2026-12-13,plan,13,Sonntag,7,50,1,0,,Pflegefachkraft,Pflegefachkraft,EXAM,1.0,38.5,9240,9240,8316,10164,5,2,2,8,1,1,Pflegefachkraft,0,0.0,1104,8,8,4,2,0,1789,1,,,,,,0,,0,,4,4,4,0,716,1,4,4,4,0,626,1,3,3,3,0,447,0,ST-ITS1,Intensivstation,12,Intensivmedizin,2.0,3.0,06:00,14:00,450,,13:30,21:30,450,F,21:15,06:15,495,F|S,11,10,8,10,30,45,8,38.5,30,0.05,0,2.0.0,20261146
PK-008,2026-12-13,plan,13,Sonntag,7,50,1,0,,Pflegefachkraft,Pflegefachkraft,EXAM|KARDIO_MONITORING,1.0,38.5,9240,9240,8316,10164,5,2,2,8,1,1,Pflegefachkraft,0,0.0,-2265,8,8,4,2,0,1789,1,,,,,,0,,0,,4,4,4,0,716,1,4,4,4,0,626,1,3,3,3,0,447,0,ST-ITS1,Intensivstation,12,Intensivmedizin,2.0,3.0,06:00,14:00,450,,13:30,21:30,450,F,21:15,06:15,495,F|S,11,10,8,10,30,45,8,38.5,30,0.05,0,2.0.0,20261146
PK-009,2026-12-13,plan,13,Sonntag,7,50,1,0,,Pflegefachkraft,Pflegefachkraft,EXAM,1.0,38.5,9240,9240,8316,10164,5,2,2,8,1,1,Pflegefachkraft,0,0.0,-1995,8,8,4,2,0,1789,0,URLAUB,,,,,0,,0,,4,4,4,0,716,1,4,4,4,0,626,1,3,3,3,0,447,0,ST-ITS1,Intensivstation,12,Intensivmedizin,2.0,3.0,06:00,14:00,450,,13:30,21:30,450,F,21:15,06:15,495,F|S,11,10,8,10,30,45,8,38.5,30,0.05,0,2.0.0,20261146
PK-010,2026-12-13,plan,13,Sonntag,7,50,1,0,,Pflegefachkraft,Pflegefachkraft,EXAM|PRAXISANLEITUNG|KARDIO_MONITORING,0.6,23.1,5544,5544,4990,6098,5,2,2,8,1,1,Pflegefachkraft,0,0.0,-999,8,8,4,2,0,1789,0,URLAUB,,,,,0,,0,,4,4,4,0,716,1,4,4,4,0,626,1,3,3,3,0,447,0,ST-ITS1,Intensivstation,12,Intensivmedizin,2.0,3.0,06:00,14:00,450,,13:30,21:30,450,F,21:15,06:15,495,F|S,11,10,8,10,30,45,8,38.5,30,0.05,0,2.0.0,20261146
PK-011,2026-12-13,plan,13,Sonntag,7,50,1,0,,Pflegefachkraft,Pflegefachkraft,EXAM|KARDIO_MONITORING,0.5,19.25,4620,4620,4158,5082,5,2,2,8,1,1,Pflegefachkraft,0,0.0,-1020,8,8,4,2,0,1789,1,,,,,,0,,0,,4,4,4,0,716,1,4,4,4,0,626,1,3,3,3,0,447,0,ST-ITS1,Intensivstation,12,Intensivmedizin,2.0,3.0,06:00,14:00,450,,13:30,21:30,450,F,21:15,06:15,495,F|S,11,10,8,10,30,45,8,38.5,30,0.05,0,2.0.0,20261146
PK-012,2026-12-13,plan,13,Sonntag,7,50,1,0,,Pflegefachkraft,Pflegefachkraft,EXAM|KARDIO_MONITORING,0.75,28.88,6931,6931,6238,7624,5,2,2,8,1,1,Pflegefachkraft,0,0.0,-1530,8,8,4,2,0,1789,1,,,,,,0,,0,,4,4,4,0,716,1,4,4,4,0,626,1,3,3,3,0,447,0,ST-ITS1,Intensivstation,12,Intensivmedizin,2.0,3.0,06:00,14:00,450,,13:30,21:30,450,F,21:15,06:15,495,F|S,11,10,8,10,30,45,8,38.5,30,0.05,0,2.0.0,20261146
PK-013,2026-12-13,plan,13,Sonntag,7,50,1,0,,Pflegefachkraft,Pflegefachkraft,EXAM|KARDIO_MONITORING,1.0,38.5,9240,9240,8316,10164,5,2,2,8,1,1,Pflegefachkraft,0,0.0,-1905,8,8,4,2,0,1789,1,,,,,,0,,0,,4,4,4,0,716,1,4,4,4,0,626,1,3,3,3,0,447,0,ST-ITS1,Intensivstation,12,Intensivmedizin,2.0,3.0,06:00,14:00,450,,13:30,21:30,450,F,21:15,06:15,495,F|S,11,10,8,10,30,45,8,38.5,30,0.05,0,2.0.0,20261146
PK-014,2026-12-13,plan,13,Sonntag,7,50,1,0,,Pflegefachkraft,Pflegefachkraft,EXAM,1.0,38.5,9240,9240,8316,10164,5,2,2,8,1,1,Pflegefachkraft,0,0.0,-1680,8,8,4,2,0,1789,1,,,,,,0,,0,,4,4,4,0,716,1,4,4,4,0,626,1,3,3,3,0,447,0,ST-ITS1,Intensivstation,12,Intensivmedizin,2.0,3.0,06:00,14:00,450,,13:30,21:30,450,F,21:15,06:15,495,F|S,11,10,8,10,30,45,8,38.5,30,0.05,0,2.0.0,20261146
PK-015,2026-12-13,plan,13,Sonntag,7,50,1,0,,Pflegefachkraft,Pflegefachkraft,EXAM|KARDIO_MONITORING,0.5,19.25,4620,4620,4158,5082,5,2,2,8,1,1,Pflegefachkraft,0,0.0,-930,8,8,4,2,0,1789,1,,,,,,0,,0,,4,4,4,0,716,1,4,4,4,0,626,1,3,3,3,0,447,0,ST-ITS1,Intensivstation,12,Intensivmedizin,2.0,3.0,06:00,14:00,450,,13:30,21:30,450,F,21:15,06:15,495,F|S,11,10,8,10,30,45,8,38.5,30,0.05,0,2.0.0,20261146
PK-016,2026-12-13,plan,13,Sonntag,7,50,1,0,,Pflegefachkraft,Pflegefachkraft,EXAM,0.9,34.65,8316,8316,7484,9148,5,2,2,8,1,1,Pflegefachkraft,0,0.0,1255,8,8,4,2,0,1789,1,,,,,,0,,0,,4,4,4,0,716,1,4,4,4,0,626,1,3,3,3,0,447,0,ST-ITS1,Intensivstation,12,Intensivmedizin,2.0,3.0,06:00,14:00,450,,13:30,21:30,450,F,21:15,06:15,495,F|S,11,10,8,10,30,45,8,38.5,30,0.05,0,2.0.0,20261146
PK-017,2026-12-13,plan,13,Sonntag,7,50,1,0,,Pflegefachkraft,Pflegefachkraft,EXAM|KARDIO_MONITORING,1.0,38.5,9240,9240,8316,10164,5,2,2,8,1,1,Pflegefachkraft,0,0.0,-1680,8,8,4,2,0,1789,1,,,,,,0,,0,,4,4,4,0,716,1,4,4,4,0,626,1,3,3,3,0,447,0,ST-ITS1,Intensivstation,12,Intensivmedizin,2.0,3.0,06:00,14:00,450,,13:30,21:30,450,F,21:15,06:15,495,F|S,11,10,8,10,30,45,8,38.5,30,0.05,0,2.0.0,20261146
PK-018,2026-12-13,plan,13,Sonntag,7,50,1,0,,Pflegefachkraft,Pflegefachkraft,EXAM|PRAXISANLEITUNG,0.6,23.1,5544,5544,4990,6098,5,2,2,8,1,1,Pflegefachkraft,0,0.0,-909,8,8,4,2,0,1789,1,,,,,,0,,1,4,4,4,4,0,716,1,4,4,4,0,626,1,3,3,3,0,447,0,ST-ITS1,Intensivstation,12,Intensivmedizin,2.0,3.0,06:00,14:00,450,,13:30,21:30,450,F,21:15,06:15,495,F|S,11,10,8,10,30,45,8,38.5,30,0.05,0,2.0.0,20261146
PK-019,2026-12-13,plan,13,Sonntag,7,50,1,0,,Pflegefachkraft,Pflegefachkraft,EXAM,0.6,23.1,5544,5544,4990,6098,5,2,2,8,1,1,Pflegefachkraft,0,0.0,-954,8,8,4,2,0,1789,1,,,,,,0,,0,,4,4,4,0,716,1,4,4,4,0,626,1,3,3,3,0,447,0,ST-ITS1,Intensivstation,12,Intensivmedizin,2.0,3.0,06:00,14:00,450,,13:30,21:30,450,F,21:15,06:15,495,F|S,11,10,8,10,30,45,8,38.5,30,0.05,0,2.0.0,20261146
PK-020,2026-12-13,plan,13,Sonntag,7,50,1,0,,Pflegefachkraft,Pflegefachkraft,EXAM|PRAXISANLEITUNG,0.8,30.8,7392,7392,6653,8131,5,2,2,8,1,1,Pflegefachkraft,0,0.0,-1497,8,8,4,2,0,1789,1,,,,,,0,,0,,4,4,4,0,716,1,4,4,4,0,626,1,3,3,3,0,447,0,ST-ITS1,Intensivstation,12,Intensivmedizin,2.0,3.0,06:00,14:00,450,,13:30,21:30,450,F,21:15,06:15,495,F|S,11,10,8,10,30,45,8,38.5,30,0.05,0,2.0.0,20261146
PK-021,2026-12-13,plan,13,Sonntag,7,50,1,0,,Pflegefachkraft,Pflegefachkraft,EXAM|PRAXISANLEITUNG,0.5,19.25,4620,4620,4158,5082,5,2,2,8,1,1,Pflegefachkraft,0,0.0,-975,8,8,4,2,0,1789,1,,,,,,0,,0,,4,4,4,0,716,1,4,4,4,0,626,1,3,3,3,0,447,0,ST-ITS1,Intensivstation,12,Intensivmedizin,2.0,3.0,06:00,14:00,450,,13:30,21:30,450,F,21:15,06:15,495,F|S,11,10,8,10,30,45,8,38.5,30,0.05,0,2.0.0,20261146
PK-022,2026-12-13,plan,13,Sonntag,7,50,1,0,,Pflegefachkraft,Pflegefachkraft,EXAM,0.7,26.95,6468,6468,5821,7115,5,2,2,8,1,1,Pflegefachkraft,0,0.0,-1473,8,8,4,2,0,1789,1,,,,,,0,,0,,4,4,4,0,716,1,4,4,4,0,626,1,3,3,3,0,447,0,ST-ITS1,Intensivstation,12,Intensivmedizin,2.0,3.0,06:00,14:00,450,,13:30,21:30,450,F,21:15,06:15,495,F|S,11,10,8,10,30,45,8,38.5,30,0.05,0,2.0.0,20261146
PK-023,2026-12-13,plan,13,Sonntag,7,50,1,0,,Pflegefachkraft,Pflegefachkraft,EXAM,1.0,38.5,9240,9240,8316,10164,5,2,2,8,1,1,Pflegefachkraft,0,0.0,-2040,8,8,4,2,0,1789,1,,,,,,0,,0,,4,4,4,0,716,1,4,4,4,0,626,1,3,3,3,0,447,0,ST-ITS1,Intensivstation,12,Intensivmedizin,2.0,3.0,06:00,14:00,450,,13:30,21:30,450,F,21:15,06:15,495,F|S,11,10,8,10,30,45,8,38.5,30,0.05,0,2.0.0,20261146
PK-024,2026-12-13,plan,13,Sonntag,7,50,1,0,,Pflegefachkraft,Pflegefachkraft,EXAM|PRAXISANLEITUNG,1.0,38.5,9240,9240,8316,10164,5,2,2,8,1,1,Pflegefachkraft,0,0.0,-2310,8,8,4,2,0,1789,0,URLAUB,,,,,0,,0,,4,4,4,0,716,1,4,4,4,0,626,1,3,3,3,0,447,0,ST-ITS1,Intensivstation,12,Intensivmedizin,2.0,3.0,06:00,14:00,450,,13:30,21:30,450,F,21:15,06:15,495,F|S,11,10,8,10,30,45,8,38.5,30,0.05,0,2.0.0,20261146
PK-025,2026-12-13,plan,13,Sonntag,7,50,1,0,,Pflegefachkraft,Pflegefachkraft,EXAM,1.0,38.5,9240,9240,8316,10164,5,2,2,8,1,1,Pflegefachkraft,0,0.0,-1680,8,8,4,2,0,1789,0,LANGZEITABWESENHEIT,,,,,0,,0,,4,4,4,0,716,1,4,4,4,0,626,1,3,3,3,0,447,0,ST-ITS1,Intensivstation,12,Intensivmedizin,2.0,3.0,06:00,14:00,450,,13:30,21:30,450,F,21:15,06:15,495,F|S,11,10,8,10,30,45,8,38.5,30,0.05,0,2.0.0,20261146
AZ-001,2026-12-14,plan,14,Montag,1,51,0,0,,Auszubildende_r_3_Ausbildungsjahr,Auszubildende,AUSZUBILDEND,1.0,38.5,9240,9240,8316,10164,5,2,2,8,1,0,nicht anrechenbar,0,0.0,-9240,10,8,3,2,0,1856,1,,,,,,0,,0,,5,5,5,0,742,1,5,5,5,0,650,1,3,3,3,0,464,0,ST-ITS1,Intensivstation,12,Intensivmedizin,2.0,3.0,06:00,14:00,450,,13:30,21:30,450,F,21:15,06:15,495,F|S,11,10,8,10,30,45,8,38.5,30,0.05,0,2.0.0,20261146
AZ-002,2026-12-14,plan,14,Montag,1,51,0,0,,Auszubildende_r_2_Ausbildungsjahr,Auszubildende,AUSZUBILDEND,1.0,38.5,9240,9240,8316,10164,5,2,2,8,1,0,nicht anrechenbar,0,0.0,-9240,10,8,3,2,0,1856,1,,,,,,1,12,0,,5,5,5,0,742,1,5,5,5,0,650,1,3,3,3,0,464,0,ST-ITS1,Intensivstation,12,Intensivmedizin,2.0,3.0,06:00,14:00,450,,13:30,21:30,450,F,21:15,06:15,495,F|S,11,10,8,10,30,45,8,38.5,30,0.05,0,2.0.0,20261146
AZ-003,2026-12-14,plan,14,Montag,1,51,0,0,,Auszubildende_r_1_Ausbildungsjahr,Auszubildende,AUSZUBILDEND,1.0,38.5,9240,9240,8316,10164,5,2,2,0,0,0,nicht anrechenbar,0,0.0,-9240,10,8,3,2,0,1856,1,,,,,,0,,0,,5,5,5,0,742,1,5,5,5,0,650,1,3,3,3,0,464,0,ST-ITS1,Intensivstation,12,Intensivmedizin,2.0,3.0,06:00,14:00,450,,13:30,21:30,450,F,21:15,06:15,495,F|S,11,10,8,10,30,45,8,38.5,30,0.05,0,2.0.0,20261146
PK-001,2026-12-14,plan,14,Montag,1,51,0,0,,Stationsleitung,Pflegefachkraft,EXAM|LEITUNG|PRAXISANLEITUNG,1.0,38.5,9240,4620,4158,5082,5,2,2,0,0,1,Pflegefachkraft,1,0.5,5814,10,8,3,2,0,1856,1,,,,,,0,,0,,5,5,5,0,742,1,5,5,5,0,650,1,3,3,3,0,464,0,ST-ITS1,Intensivstation,12,Intensivmedizin,2.0,3.0,06:00,14:00,450,,13:30,21:30,450,F,21:15,06:15,495,F|S,11,10,8,10,30,45,8,38.5,30,0.05,0,2.0.0,20261146
PK-002,2026-12-14,plan,14,Montag,1,51,0,0,,Pflegefachkraft,Pflegefachkraft,EXAM|PRAXISANLEITUNG|KARDIO_MONITORING,1.0,38.5,9240,9240,8316,10164,5,2,2,8,1,1,Pflegefachkraft,0,0.0,-1815,10,8,3,2,0,1856,1,,,,,,0,,0,,5,5,5,0,742,1,5,5,5,0,650,1,3,3,3,0,464,0,ST-ITS1,Intensivstation,12,Intensivmedizin,2.0,3.0,06:00,14:00,450,,13:30,21:30,450,F,21:15,06:15,495,F|S,11,10,8,10,30,45,8,38.5,30,0.05,0,2.0.0,20261146
PK-003,2026-12-14,plan,14,Montag,1,51,0,0,,Pflegefachkraft,Pflegefachkraft,EXAM,1.0,38.5,9240,9240,8316,10164,5,2,2,8,1,1,Pflegefachkraft,0,0.0,-1815,10,8,3,2,0,1856,1,,,,,,0,,1,24,5,5,5,0,742,1,5,5,5,0,650,1,3,3,3,0,464,0,ST-ITS1,Intensivstation,12,Intensivmedizin,2.0,3.0,06:00,14:00,450,,13:30,21:30,450,F,21:15,06:15,495,F|S,11,10,8,10,30,45,8,38.5,30,0.05,0,2.0.0,20261146
PK-004,2026-12-14,plan,14,Montag,1,51,0,0,,Pflegefachkraft,Pflegefachkraft,EXAM,1.0,38.5,9240,9240,8316,10164,5,2,2,8,1,1,Pflegefachkraft,0,0.0,-1995,10,8,3,2,0,1856,1,,,,,,0,,0,,5,5,5,0,742,1,5,5,5,0,650,1,3,3,3,0,464,0,ST-ITS1,Intensivstation,12,Intensivmedizin,2.0,3.0,06:00,14:00,450,,13:30,21:30,450,F,21:15,06:15,495,F|S,11,10,8,10,30,45,8,38.5,30,0.05,0,2.0.0,20261146
PK-005,2026-12-14,plan,14,Montag,1,51,0,0,,Pflegefachkraft,Pflegefachkraft,EXAM,1.0,38.5,9240,9240,8316,10164,5,2,2,8,1,1,Pflegefachkraft,0,0.0,-1905,10,8,3,2,0,1856,1,,1,,,,0,,0,,5,5,5,0,742,1,5,5,5,0,650,1,3,3,3,0,464,0,ST-ITS1,Intensivstation,12,Intensivmedizin,2.0,3.0,06:00,14:00,450,,13:30,21:30,450,F,21:15,06:15,495,F|S,11,10,8,10,30,45,8,38.5,30,0.05,0,2.0.0,20261146
PK-006,2026-12-14,plan,14,Montag,1,51,0,0,,Pflegefachkraft,Pflegefachkraft,EXAM|PRAXISANLEITUNG|KARDIO_MONITORING,1.0,38.5,9240,9240,8316,10164,5,2,2,8,1,1,Pflegefachkraft,0,0.0,-1905,10,8,3,2,0,1856,1,,,,,,0,,0,,5,5,5,0,742,1,5,5,5,0,650,1,3,3,3,0,464,0,ST-ITS1,Intensivstation,12,Intensivmedizin,2.0,3.0,06:00,14:00,450,,13:30,21:30,450,F,21:15,06:15,495,F|S,11,10,8,10,30,45,8,38.5,30,0.05,0,2.0.0,20261146
PK-007,2026-12-14,plan,14,Montag,1,51,0,0,,Pflegefachkraft,Pflegefachkraft,EXAM,1.0,38.5,9240,9240,8316,10164,5,2,2,8,1,1,Pflegefachkraft,0,0.0,1104,10,8,3,2,0,1856,1,,,F,2,,0,,0,,5,5,5,0,742,1,5,5,5,0,650,1,3,3,3,0,464,0,ST-ITS1,Intensivstation,12,Intensivmedizin,2.0,3.0,06:00,14:00,450,,13:30,21:30,450,F,21:15,06:15,495,F|S,11,10,8,10,30,45,8,38.5,30,0.05,0,2.0.0,20261146
PK-008,2026-12-14,plan,14,Montag,1,51,0,0,,Pflegefachkraft,Pflegefachkraft,EXAM|KARDIO_MONITORING,1.0,38.5,9240,9240,8316,10164,5,2,2,8,1,1,Pflegefachkraft,0,0.0,-2265,10,8,3,2,0,1856,1,,,,,,0,,0,,5,5,5,0,742,1,5,5,5,0,650,1,3,3,3,0,464,0,ST-ITS1,Intensivstation,12,Intensivmedizin,2.0,3.0,06:00,14:00,450,,13:30,21:30,450,F,21:15,06:15,495,F|S,11,10,8,10,30,45,8,38.5,30,0.05,0,2.0.0,20261146
PK-009,2026-12-14,plan,14,Montag,1,51,0,0,,Pflegefachkraft,Pflegefachkraft,EXAM,1.0,38.5,9240,9240,8316,10164,5,2,2,8,1,1,Pflegefachkraft,0,0.0,-1995,10,8,3,2,0,1856,0,URLAUB,,,,,0,,0,,5,5,5,0,742,1,5,5,5,0,650,1,3,3,3,0,464,0,ST-ITS1,Intensivstation,12,Intensivmedizin,2.0,3.0,06:00,14:00,450,,13:30,21:30,450,F,21:15,06:15,495,F|S,11,10,8,10,30,45,8,38.5,30,0.05,0,2.0.0,20261146
PK-010,2026-12-14,plan,14,Montag,1,51,0,0,,Pflegefachkraft,Pflegefachkraft,EXAM|PRAXISANLEITUNG|KARDIO_MONITORING,0.6,23.1,5544,5544,4990,6098,5,2,2,8,1,1,Pflegefachkraft,0,0.0,-999,10,8,3,2,0,1856,0,URLAUB,,,,,0,,0,,5,5,5,0,742,1,5,5,5,0,650,1,3,3,3,0,464,0,ST-ITS1,Intensivstation,12,Intensivmedizin,2.0,3.0,06:00,14:00,450,,13:30,21:30,450,F,21:15,06:15,495,F|S,11,10,8,10,30,45,8,38.5,30,0.05,0,2.0.0,20261146
PK-011,2026-12-14,plan,14,Montag,1,51,0,0,,Pflegefachkraft,Pflegefachkraft,EXAM|KARDIO_MONITORING,0.5,19.25,4620,4620,4158,5082,5,2,2,8,1,1,Pflegefachkraft,0,0.0,-1020,10,8,3,2,0,1856,1,,,,,,0,,0,,5,5,5,0,742,1,5,5,5,0,650,1,3,3,3,0,464,0,ST-ITS1,Intensivstation,12,Intensivmedizin,2.0,3.0,06:00,14:00,450,,13:30,21:30,450,F,21:15,06:15,495,F|S,11,10,8,10,30,45,8,38.5,30,0.05,0,2.0.0,20261146
PK-012,2026-12-14,plan,14,Montag,1,51,0,0,,Pflegefachkraft,Pflegefachkraft,EXAM|KARDIO_MONITORING,0.75,28.88,6931,6931,6238,7624,5,2,2,8,1,1,Pflegefachkraft,0,0.0,-1530,10,8,3,2,0,1856,1,,,,,,0,,0,,5,5,5,0,742,1,5,5,5,0,650,1,3,3,3,0,464,0,ST-ITS1,Intensivstation,12,Intensivmedizin,2.0,3.0,06:00,14:00,450,,13:30,21:30,450,F,21:15,06:15,495,F|S,11,10,8,10,30,45,8,38.5,30,0.05,0,2.0.0,20261146
PK-013,2026-12-14,plan,14,Montag,1,51,0,0,,Pflegefachkraft,Pflegefachkraft,EXAM|KARDIO_MONITORING,1.0,38.5,9240,9240,8316,10164,5,2,2,8,1,1,Pflegefachkraft,0,0.0,-1905,10,8,3,2,0,1856,1,,,,,,0,,0,,5,5,5,0,742,1,5,5,5,0,650,1,3,3,3,0,464,0,ST-ITS1,Intensivstation,12,Intensivmedizin,2.0,3.0,06:00,14:00,450,,13:30,21:30,450,F,21:15,06:15,495,F|S,11,10,8,10,30,45,8,38.5,30,0.05,0,2.0.0,20261146
PK-014,2026-12-14,plan,14,Montag,1,51,0,0,,Pflegefachkraft,Pflegefachkraft,EXAM,1.0,38.5,9240,9240,8316,10164,5,2,2,8,1,1,Pflegefachkraft,0,0.0,-1680,10,8,3,2,0,1856,1,,,,,,0,,0,,5,5,5,0,742,1,5,5,5,0,650,1,3,3,3,0,464,0,ST-ITS1,Intensivstation,12,Intensivmedizin,2.0,3.0,06:00,14:00,450,,13:30,21:30,450,F,21:15,06:15,495,F|S,11,10,8,10,30,45,8,38.5,30,0.05,0,2.0.0,20261146
PK-015,2026-12-14,plan,14,Montag,1,51,0,0,,Pflegefachkraft,Pflegefachkraft,EXAM|KARDIO_MONITORING,0.5,19.25,4620,4620,4158,5082,5,2,2,8,1,1,Pflegefachkraft,0,0.0,-930,10,8,3,2,0,1856,0,FORTBILDUNG,,,,,0,,0,,5,5,5,0,742,1,5,5,5,0,650,1,3,3,3,0,464,0,ST-ITS1,Intensivstation,12,Intensivmedizin,2.0,3.0,06:00,14:00,450,,13:30,21:30,450,F,21:15,06:15,495,F|S,11,10,8,10,30,45,8,38.5,30,0.05,0,2.0.0,20261146
PK-016,2026-12-14,plan,14,Montag,1,51,0,0,,Pflegefachkraft,Pflegefachkraft,EXAM,0.9,34.65,8316,8316,7484,9148,5,2,2,8,1,1,Pflegefachkraft,0,0.0,1255,10,8,3,2,0,1856,1,,2,,,,0,,0,,5,5,5,0,742,1,5,5,5,0,650,1,3,3,3,0,464,0,ST-ITS1,Intensivstation,12,Intensivmedizin,2.0,3.0,06:00,14:00,450,,13:30,21:30,450,F,21:15,06:15,495,F|S,11,10,8,10,30,45,8,38.5,30,0.05,0,2.0.0,20261146
PK-017,2026-12-14,plan,14,Montag,1,51,0,0,,Pflegefachkraft,Pflegefachkraft,EXAM|KARDIO_MONITORING,1.0,38.5,9240,9240,8316,10164,5,2,2,8,1,1,Pflegefachkraft,0,0.0,-1680,10,8,3,2,0,1856,1,,,,,,0,,0,,5,5,5,0,742,1,5,5,5,0,650,1,3,3,3,0,464,0,ST-ITS1,Intensivstation,12,Intensivmedizin,2.0,3.0,06:00,14:00,450,,13:30,21:30,450,F,21:15,06:15,495,F|S,11,10,8,10,30,45,8,38.5,30,0.05,0,2.0.0,20261146
PK-018,2026-12-14,plan,14,Montag,1,51,0,0,,Pflegefachkraft,Pflegefachkraft,EXAM|PRAXISANLEITUNG,0.6,23.1,5544,5544,4990,6098,5,2,2,8,1,1,Pflegefachkraft,0,0.0,-909,10,8,3,2,0,1856,1,,,,,,0,,1,24,5,5,5,0,742,1,5,5,5,0,650,1,3,3,3,0,464,0,ST-ITS1,Intensivstation,12,Intensivmedizin,2.0,3.0,06:00,14:00,450,,13:30,21:30,450,F,21:15,06:15,495,F|S,11,10,8,10,30,45,8,38.5,30,0.05,0,2.0.0,20261146
PK-019,2026-12-14,plan,14,Montag,1,51,0,0,,Pflegefachkraft,Pflegefachkraft,EXAM,0.6,23.1,5544,5544,4990,6098,5,2,2,8,1,1,Pflegefachkraft,0,0.0,-954,10,8,3,2,0,1856,1,,,,,,0,,0,,5,5,5,0,742,1,5,5,5,0,650,1,3,3,3,0,464,0,ST-ITS1,Intensivstation,12,Intensivmedizin,2.0,3.0,06:00,14:00,450,,13:30,21:30,450,F,21:15,06:15,495,F|S,11,10,8,10,30,45,8,38.5,30,0.05,0,2.0.0,20261146
PK-020,2026-12-14,plan,14,Montag,1,51,0,0,,Pflegefachkraft,Pflegefachkraft,EXAM|PRAXISANLEITUNG,0.8,30.8,7392,7392,6653,8131,5,2,2,8,1,1,Pflegefachkraft,0,0.0,-1497,10,8,3,2,0,1856,1,,,,,,0,,0,,5,5,5,0,742,1,5,5,5,0,650,1,3,3,3,0,464,0,ST-ITS1,Intensivstation,12,Intensivmedizin,2.0,3.0,06:00,14:00,450,,13:30,21:30,450,F,21:15,06:15,495,F|S,11,10,8,10,30,45,8,38.5,30,0.05,0,2.0.0,20261146
PK-021,2026-12-14,plan,14,Montag,1,51,0,0,,Pflegefachkraft,Pflegefachkraft,EXAM|PRAXISANLEITUNG,0.5,19.25,4620,4620,4158,5082,5,2,2,8,1,1,Pflegefachkraft,0,0.0,-975,10,8,3,2,0,1856,1,,,,,,0,,0,,5,5,5,0,742,1,5,5,5,0,650,1,3,3,3,0,464,0,ST-ITS1,Intensivstation,12,Intensivmedizin,2.0,3.0,06:00,14:00,450,,13:30,21:30,450,F,21:15,06:15,495,F|S,11,10,8,10,30,45,8,38.5,30,0.05,0,2.0.0,20261146
PK-022,2026-12-14,plan,14,Montag,1,51,0,0,,Pflegefachkraft,Pflegefachkraft,EXAM,0.7,26.95,6468,6468,5821,7115,5,2,2,8,1,1,Pflegefachkraft,0,0.0,-1473,10,8,3,2,0,1856,1,,,,,,0,,0,,5,5,5,0,742,1,5,5,5,0,650,1,3,3,3,0,464,0,ST-ITS1,Intensivstation,12,Intensivmedizin,2.0,3.0,06:00,14:00,450,,13:30,21:30,450,F,21:15,06:15,495,F|S,11,10,8,10,30,45,8,38.5,30,0.05,0,2.0.0,20261146
PK-023,2026-12-14,plan,14,Montag,1,51,0,0,,Pflegefachkraft,Pflegefachkraft,EXAM,1.0,38.5,9240,9240,8316,10164,5,2,2,8,1,1,Pflegefachkraft,0,0.0,-2040,10,8,3,2,0,1856,1,,,,,,0,,0,,5,5,5,0,742,1,5,5,5,0,650,1,3,3,3,0,464,0,ST-ITS1,Intensivstation,12,Intensivmedizin,2.0,3.0,06:00,14:00,450,,13:30,21:30,450,F,21:15,06:15,495,F|S,11,10,8,10,30,45,8,38.5,30,0.05,0,2.0.0,20261146
PK-024,2026-12-14,plan,14,Montag,1,51,0,0,,Pflegefachkraft,Pflegefachkraft,EXAM|PRAXISANLEITUNG,1.0,38.5,9240,9240,8316,10164,5,2,2,8,1,1,Pflegefachkraft,0,0.0,-2310,10,8,3,2,0,1856,0,URLAUB,,,,,0,,0,,5,5,5,0,742,1,5,5,5,0,650,1,3,3,3,0,464,0,ST-ITS1,Intensivstation,12,Intensivmedizin,2.0,3.0,06:00,14:00,450,,13:30,21:30,450,F,21:15,06:15,495,F|S,11,10,8,10,30,45,8,38.5,30,0.05,0,2.0.0,20261146
PK-025,2026-12-14,plan,14,Montag,1,51,0,0,,Pflegefachkraft,Pflegefachkraft,EXAM,1.0,38.5,9240,9240,8316,10164,5,2,2,8,1,1,Pflegefachkraft,0,0.0,-1680,10,8,3,2,0,1856,0,LANGZEITABWESENHEIT,,,,,0,,0,,5,5,5,0,742,1,5,5,5,0,650,1,3,3,3,0,464,0,ST-ITS1,Intensivstation,12,Intensivmedizin,2.0,3.0,06:00,14:00,450,,13:30,21:30,450,F,21:15,06:15,495,F|S,11,10,8,10,30,45,8,38.5,30,0.05,0,2.0.0,20261146
AZ-001,2026-12-15,plan,15,Dienstag,2,51,0,0,,Auszubildende_r_3_Ausbildungsjahr,Auszubildende,AUSZUBILDEND,1.0,38.5,9240,9240,8316,10164,5,2,2,8,1,0,nicht anrechenbar,0,0.0,-9240,9,7,2,1,0,1407,1,,,,,,0,,0,,5,5,5,0,563,1,5,5,5,0,492,1,3,3,3,0,352,0,ST-ITS1,Intensivstation,12,Intensivmedizin,2.0,3.0,06:00,14:00,450,,13:30,21:30,450,F,21:15,06:15,495,F|S,11,10,8,10,30,45,8,38.5,30,0.05,0,2.0.0,20261146
AZ-002,2026-12-15,plan,15,Dienstag,2,51,0,0,,Auszubildende_r_2_Ausbildungsjahr,Auszubildende,AUSZUBILDEND,1.0,38.5,9240,9240,8316,10164,5,2,2,8,1,0,nicht anrechenbar,0,0.0,-9240,9,7,2,1,0,1407,1,,,,,,0,,0,,5,5,5,0,563,1,5,5,5,0,492,1,3,3,3,0,352,0,ST-ITS1,Intensivstation,12,Intensivmedizin,2.0,3.0,06:00,14:00,450,,13:30,21:30,450,F,21:15,06:15,495,F|S,11,10,8,10,30,45,8,38.5,30,0.05,0,2.0.0,20261146
AZ-003,2026-12-15,plan,15,Dienstag,2,51,0,0,,Auszubildende_r_1_Ausbildungsjahr,Auszubildende,AUSZUBILDEND,1.0,38.5,9240,9240,8316,10164,5,2,2,0,0,0,nicht anrechenbar,0,0.0,-9240,9,7,2,1,0,1407,1,,,,,,0,,0,,5,5,5,0,563,1,5,5,5,0,492,1,3,3,3,0,352,0,ST-ITS1,Intensivstation,12,Intensivmedizin,2.0,3.0,06:00,14:00,450,,13:30,21:30,450,F,21:15,06:15,495,F|S,11,10,8,10,30,45,8,38.5,30,0.05,0,2.0.0,20261146
PK-001,2026-12-15,plan,15,Dienstag,2,51,0,0,,Stationsleitung,Pflegefachkraft,EXAM|LEITUNG|PRAXISANLEITUNG,1.0,38.5,9240,4620,4158,5082,5,2,2,0,0,1,Pflegefachkraft,1,0.5,5814,9,7,2,1,0,1407,1,,,,,,1,4,0,,5,5,5,0,563,1,5,5,5,0,492,1,3,3,3,0,352,0,ST-ITS1,Intensivstation,12,Intensivmedizin,2.0,3.0,06:00,14:00,450,,13:30,21:30,450,F,21:15,06:15,495,F|S,11,10,8,10,30,45,8,38.5,30,0.05,0,2.0.0,20261146
PK-002,2026-12-15,plan,15,Dienstag,2,51,0,0,,Pflegefachkraft,Pflegefachkraft,EXAM|PRAXISANLEITUNG|KARDIO_MONITORING,1.0,38.5,9240,9240,8316,10164,5,2,2,8,1,1,Pflegefachkraft,0,0.0,-1815,9,7,2,1,0,1407,1,,3,,,,0,,0,,5,5,5,0,563,1,5,5,5,0,492,1,3,3,3,0,352,0,ST-ITS1,Intensivstation,12,Intensivmedizin,2.0,3.0,06:00,14:00,450,,13:30,21:30,450,F,21:15,06:15,495,F|S,11,10,8,10,30,45,8,38.5,30,0.05,0,2.0.0,20261146
PK-003,2026-12-15,plan,15,Dienstag,2,51,0,0,,Pflegefachkraft,Pflegefachkraft,EXAM,1.0,38.5,9240,9240,8316,10164,5,2,2,8,1,1,Pflegefachkraft,0,0.0,-1815,9,7,2,1,0,1407,1,,,,,,0,,1,24,5,5,5,0,563,1,5,5,5,0,492,1,3,3,3,0,352,0,ST-ITS1,Intensivstation,12,Intensivmedizin,2.0,3.0,06:00,14:00,450,,13:30,21:30,450,F,21:15,06:15,495,F|S,11,10,8,10,30,45,8,38.5,30,0.05,0,2.0.0,20261146
PK-004,2026-12-15,plan,15,Dienstag,2,51,0,0,,Pflegefachkraft,Pflegefachkraft,EXAM,1.0,38.5,9240,9240,8316,10164,5,2,2,8,1,1,Pflegefachkraft,0,0.0,-1995,9,7,2,1,0,1407,1,,,,,,0,,0,,5,5,5,0,563,1,5,5,5,0,492,1,3,3,3,0,352,0,ST-ITS1,Intensivstation,12,Intensivmedizin,2.0,3.0,06:00,14:00,450,,13:30,21:30,450,F,21:15,06:15,495,F|S,11,10,8,10,30,45,8,38.5,30,0.05,0,2.0.0,20261146
PK-005,2026-12-15,plan,15,Dienstag,2,51,0,0,,Pflegefachkraft,Pflegefachkraft,EXAM,1.0,38.5,9240,9240,8316,10164,5,2,2,8,1,1,Pflegefachkraft,0,0.0,-1905,9,7,2,1,0,1407,1,,,,,,0,,0,,5,5,5,0,563,1,5,5,5,0,492,1,3,3,3,0,352,0,ST-ITS1,Intensivstation,12,Intensivmedizin,2.0,3.0,06:00,14:00,450,,13:30,21:30,450,F,21:15,06:15,495,F|S,11,10,8,10,30,45,8,38.5,30,0.05,0,2.0.0,20261146
PK-006,2026-12-15,plan,15,Dienstag,2,51,0,0,,Pflegefachkraft,Pflegefachkraft,EXAM|PRAXISANLEITUNG|KARDIO_MONITORING,1.0,38.5,9240,9240,8316,10164,5,2,2,8,1,1,Pflegefachkraft,0,0.0,-1905,9,7,2,1,0,1407,1,,,,,,0,,0,,5,5,5,0,563,1,5,5,5,0,492,1,3,3,3,0,352,0,ST-ITS1,Intensivstation,12,Intensivmedizin,2.0,3.0,06:00,14:00,450,,13:30,21:30,450,F,21:15,06:15,495,F|S,11,10,8,10,30,45,8,38.5,30,0.05,0,2.0.0,20261146
PK-007,2026-12-15,plan,15,Dienstag,2,51,0,0,,Pflegefachkraft,Pflegefachkraft,EXAM,1.0,38.5,9240,9240,8316,10164,5,2,2,8,1,1,Pflegefachkraft,0,0.0,1104,9,7,2,1,0,1407,1,,,,,,0,,0,,5,5,5,0,563,1,5,5,5,0,492,1,3,3,3,0,352,0,ST-ITS1,Intensivstation,12,Intensivmedizin,2.0,3.0,06:00,14:00,450,,13:30,21:30,450,F,21:15,06:15,495,F|S,11,10,8,10,30,45,8,38.5,30,0.05,0,2.0.0,20261146
PK-008,2026-12-15,plan,15,Dienstag,2,51,0,0,,Pflegefachkraft,Pflegefachkraft,EXAM|KARDIO_MONITORING,1.0,38.5,9240,9240,8316,10164,5,2,2,8,1,1,Pflegefachkraft,0,0.0,-2265,9,7,2,1,0,1407,1,,,,,,0,,0,,5,5,5,0,563,1,5,5,5,0,492,1,3,3,3,0,352,0,ST-ITS1,Intensivstation,12,Intensivmedizin,2.0,3.0,06:00,14:00,450,,13:30,21:30,450,F,21:15,06:15,495,F|S,11,10,8,10,30,45,8,38.5,30,0.05,0,2.0.0,20261146
PK-009,2026-12-15,plan,15,Dienstag,2,51,0,0,,Pflegefachkraft,Pflegefachkraft,EXAM,1.0,38.5,9240,9240,8316,10164,5,2,2,8,1,1,Pflegefachkraft,0,0.0,-1995,9,7,2,1,0,1407,0,URLAUB,,,,,0,,0,,5,5,5,0,563,1,5,5,5,0,492,1,3,3,3,0,352,0,ST-ITS1,Intensivstation,12,Intensivmedizin,2.0,3.0,06:00,14:00,450,,13:30,21:30,450,F,21:15,06:15,495,F|S,11,10,8,10,30,45,8,38.5,30,0.05,0,2.0.0,20261146
PK-010,2026-12-15,plan,15,Dienstag,2,51,0,0,,Pflegefachkraft,Pflegefachkraft,EXAM|PRAXISANLEITUNG|KARDIO_MONITORING,0.6,23.1,5544,5544,4990,6098,5,2,2,8,1,1,Pflegefachkraft,0,0.0,-999,9,7,2,1,0,1407,0,URLAUB,,,,,0,,0,,5,5,5,0,563,1,5,5,5,0,492,1,3,3,3,0,352,0,ST-ITS1,Intensivstation,12,Intensivmedizin,2.0,3.0,06:00,14:00,450,,13:30,21:30,450,F,21:15,06:15,495,F|S,11,10,8,10,30,45,8,38.5,30,0.05,0,2.0.0,20261146
PK-011,2026-12-15,plan,15,Dienstag,2,51,0,0,,Pflegefachkraft,Pflegefachkraft,EXAM|KARDIO_MONITORING,0.5,19.25,4620,4620,4158,5082,5,2,2,8,1,1,Pflegefachkraft,0,0.0,-1020,9,7,2,1,0,1407,1,,,,,,0,,0,,5,5,5,0,563,1,5,5,5,0,492,1,3,3,3,0,352,0,ST-ITS1,Intensivstation,12,Intensivmedizin,2.0,3.0,06:00,14:00,450,,13:30,21:30,450,F,21:15,06:15,495,F|S,11,10,8,10,30,45,8,38.5,30,0.05,0,2.0.0,20261146
PK-012,2026-12-15,plan,15,Dienstag,2,51,0,0,,Pflegefachkraft,Pflegefachkraft,EXAM|KARDIO_MONITORING,0.75,28.88,6931,6931,6238,7624,5,2,2,8,1,1,Pflegefachkraft,0,0.0,-1530,9,7,2,1,0,1407,1,,,,,,0,,0,,5,5,5,0,563,1,5,5,5,0,492,1,3,3,3,0,352,0,ST-ITS1,Intensivstation,12,Intensivmedizin,2.0,3.0,06:00,14:00,450,,13:30,21:30,450,F,21:15,06:15,495,F|S,11,10,8,10,30,45,8,38.5,30,0.05,0,2.0.0,20261146
PK-013,2026-12-15,plan,15,Dienstag,2,51,0,0,,Pflegefachkraft,Pflegefachkraft,EXAM|KARDIO_MONITORING,1.0,38.5,9240,9240,8316,10164,5,2,2,8,1,1,Pflegefachkraft,0,0.0,-1905,9,7,2,1,0,1407,1,,,,,,0,,1,8,5,5,5,0,563,1,5,5,5,0,492,1,3,3,3,0,352,0,ST-ITS1,Intensivstation,12,Intensivmedizin,2.0,3.0,06:00,14:00,450,,13:30,21:30,450,F,21:15,06:15,495,F|S,11,10,8,10,30,45,8,38.5,30,0.05,0,2.0.0,20261146
PK-014,2026-12-15,plan,15,Dienstag,2,51,0,0,,Pflegefachkraft,Pflegefachkraft,EXAM,1.0,38.5,9240,9240,8316,10164,5,2,2,8,1,1,Pflegefachkraft,0,0.0,-1680,9,7,2,1,0,1407,1,,,,,,0,,0,,5,5,5,0,563,1,5,5,5,0,492,1,3,3,3,0,352,0,ST-ITS1,Intensivstation,12,Intensivmedizin,2.0,3.0,06:00,14:00,450,,13:30,21:30,450,F,21:15,06:15,495,F|S,11,10,8,10,30,45,8,38.5,30,0.05,0,2.0.0,20261146
PK-015,2026-12-15,plan,15,Dienstag,2,51,0,0,,Pflegefachkraft,Pflegefachkraft,EXAM|KARDIO_MONITORING,0.5,19.25,4620,4620,4158,5082,5,2,2,8,1,1,Pflegefachkraft,0,0.0,-930,9,7,2,1,0,1407,1,,,,,,0,,0,,5,5,5,0,563,1,5,5,5,0,492,1,3,3,3,0,352,0,ST-ITS1,Intensivstation,12,Intensivmedizin,2.0,3.0,06:00,14:00,450,,13:30,21:30,450,F,21:15,06:15,495,F|S,11,10,8,10,30,45,8,38.5,30,0.05,0,2.0.0,20261146
PK-016,2026-12-15,plan,15,Dienstag,2,51,0,0,,Pflegefachkraft,Pflegefachkraft,EXAM,0.9,34.65,8316,8316,7484,9148,5,2,2,8,1,1,Pflegefachkraft,0,0.0,1255,9,7,2,1,0,1407,1,,,,,,0,,0,,5,5,5,0,563,1,5,5,5,0,492,1,3,3,3,0,352,0,ST-ITS1,Intensivstation,12,Intensivmedizin,2.0,3.0,06:00,14:00,450,,13:30,21:30,450,F,21:15,06:15,495,F|S,11,10,8,10,30,45,8,38.5,30,0.05,0,2.0.0,20261146
PK-017,2026-12-15,plan,15,Dienstag,2,51,0,0,,Pflegefachkraft,Pflegefachkraft,EXAM|KARDIO_MONITORING,1.0,38.5,9240,9240,8316,10164,5,2,2,8,1,1,Pflegefachkraft,0,0.0,-1680,9,7,2,1,0,1407,1,,,,,,0,,0,,5,5,5,0,563,1,5,5,5,0,492,1,3,3,3,0,352,0,ST-ITS1,Intensivstation,12,Intensivmedizin,2.0,3.0,06:00,14:00,450,,13:30,21:30,450,F,21:15,06:15,495,F|S,11,10,8,10,30,45,8,38.5,30,0.05,0,2.0.0,20261146
PK-018,2026-12-15,plan,15,Dienstag,2,51,0,0,,Pflegefachkraft,Pflegefachkraft,EXAM|PRAXISANLEITUNG,0.6,23.1,5544,5544,4990,6098,5,2,2,8,1,1,Pflegefachkraft,0,0.0,-909,9,7,2,1,0,1407,1,,,,,,0,,1,24,5,5,5,0,563,1,5,5,5,0,492,1,3,3,3,0,352,0,ST-ITS1,Intensivstation,12,Intensivmedizin,2.0,3.0,06:00,14:00,450,,13:30,21:30,450,F,21:15,06:15,495,F|S,11,10,8,10,30,45,8,38.5,30,0.05,0,2.0.0,20261146
PK-019,2026-12-15,plan,15,Dienstag,2,51,0,0,,Pflegefachkraft,Pflegefachkraft,EXAM,0.6,23.1,5544,5544,4990,6098,5,2,2,8,1,1,Pflegefachkraft,0,0.0,-954,9,7,2,1,0,1407,1,,,,,,0,,0,,5,5,5,0,563,1,5,5,5,0,492,1,3,3,3,0,352,0,ST-ITS1,Intensivstation,12,Intensivmedizin,2.0,3.0,06:00,14:00,450,,13:30,21:30,450,F,21:15,06:15,495,F|S,11,10,8,10,30,45,8,38.5,30,0.05,0,2.0.0,20261146
PK-020,2026-12-15,plan,15,Dienstag,2,51,0,0,,Pflegefachkraft,Pflegefachkraft,EXAM|PRAXISANLEITUNG,0.8,30.8,7392,7392,6653,8131,5,2,2,8,1,1,Pflegefachkraft,0,0.0,-1497,9,7,2,1,0,1407,1,,,,,,0,,0,,5,5,5,0,563,1,5,5,5,0,492,1,3,3,3,0,352,0,ST-ITS1,Intensivstation,12,Intensivmedizin,2.0,3.0,06:00,14:00,450,,13:30,21:30,450,F,21:15,06:15,495,F|S,11,10,8,10,30,45,8,38.5,30,0.05,0,2.0.0,20261146
PK-021,2026-12-15,plan,15,Dienstag,2,51,0,0,,Pflegefachkraft,Pflegefachkraft,EXAM|PRAXISANLEITUNG,0.5,19.25,4620,4620,4158,5082,5,2,2,8,1,1,Pflegefachkraft,0,0.0,-975,9,7,2,1,0,1407,1,,,,,,0,,0,,5,5,5,0,563,1,5,5,5,0,492,1,3,3,3,0,352,0,ST-ITS1,Intensivstation,12,Intensivmedizin,2.0,3.0,06:00,14:00,450,,13:30,21:30,450,F,21:15,06:15,495,F|S,11,10,8,10,30,45,8,38.5,30,0.05,0,2.0.0,20261146
PK-022,2026-12-15,plan,15,Dienstag,2,51,0,0,,Pflegefachkraft,Pflegefachkraft,EXAM,0.7,26.95,6468,6468,5821,7115,5,2,2,8,1,1,Pflegefachkraft,0,0.0,-1473,9,7,2,1,0,1407,1,,,,,,0,,0,,5,5,5,0,563,1,5,5,5,0,492,1,3,3,3,0,352,0,ST-ITS1,Intensivstation,12,Intensivmedizin,2.0,3.0,06:00,14:00,450,,13:30,21:30,450,F,21:15,06:15,495,F|S,11,10,8,10,30,45,8,38.5,30,0.05,0,2.0.0,20261146
PK-023,2026-12-15,plan,15,Dienstag,2,51,0,0,,Pflegefachkraft,Pflegefachkraft,EXAM,1.0,38.5,9240,9240,8316,10164,5,2,2,8,1,1,Pflegefachkraft,0,0.0,-2040,9,7,2,1,0,1407,1,,,,,,0,,0,,5,5,5,0,563,1,5,5,5,0,492,1,3,3,3,0,352,0,ST-ITS1,Intensivstation,12,Intensivmedizin,2.0,3.0,06:00,14:00,450,,13:30,21:30,450,F,21:15,06:15,495,F|S,11,10,8,10,30,45,8,38.5,30,0.05,0,2.0.0,20261146
PK-024,2026-12-15,plan,15,Dienstag,2,51,0,0,,Pflegefachkraft,Pflegefachkraft,EXAM|PRAXISANLEITUNG,1.0,38.5,9240,9240,8316,10164,5,2,2,8,1,1,Pflegefachkraft,0,0.0,-2310,9,7,2,1,0,1407,0,URLAUB,,,,,0,,0,,5,5,5,0,563,1,5,5,5,0,492,1,3,3,3,0,352,0,ST-ITS1,Intensivstation,12,Intensivmedizin,2.0,3.0,06:00,14:00,450,,13:30,21:30,450,F,21:15,06:15,495,F|S,11,10,8,10,30,45,8,38.5,30,0.05,0,2.0.0,20261146
PK-025,2026-12-15,plan,15,Dienstag,2,51,0,0,,Pflegefachkraft,Pflegefachkraft,EXAM,1.0,38.5,9240,9240,8316,10164,5,2,2,8,1,1,Pflegefachkraft,0,0.0,-1680,9,7,2,1,0,1407,0,LANGZEITABWESENHEIT,,,,,0,,0,,5,5,5,0,563,1,5,5,5,0,492,1,3,3,3,0,352,0,ST-ITS1,Intensivstation,12,Intensivmedizin,2.0,3.0,06:00,14:00,450,,13:30,21:30,450,F,21:15,06:15,495,F|S,11,10,8,10,30,45,8,38.5,30,0.05,0,2.0.0,20261146
AZ-001,2026-12-16,plan,16,Mittwoch,3,51,0,0,,Auszubildende_r_3_Ausbildungsjahr,Auszubildende,AUSZUBILDEND,1.0,38.5,9240,9240,8316,10164,5,2,2,8,1,0,nicht anrechenbar,0,0.0,-9240,10,9,0,3,0,1798,1,,,,,,0,,0,,5,5,5,0,719,1,5,5,5,0,629,1,3,3,3,0,450,0,ST-ITS1,Intensivstation,12,Intensivmedizin,2.0,3.0,06:00,14:00,450,,13:30,21:30,450,F,21:15,06:15,495,F|S,11,10,8,10,30,45,8,38.5,30,0.05,0,2.0.0,20261146
AZ-002,2026-12-16,plan,16,Mittwoch,3,51,0,0,,Auszubildende_r_2_Ausbildungsjahr,Auszubildende,AUSZUBILDEND,1.0,38.5,9240,9240,8316,10164,5,2,2,8,1,0,nicht anrechenbar,0,0.0,-9240,10,9,0,3,0,1798,1,,,,,,0,,0,,5,5,5,0,719,1,5,5,5,0,629,1,3,3,3,0,450,0,ST-ITS1,Intensivstation,12,Intensivmedizin,2.0,3.0,06:00,14:00,450,,13:30,21:30,450,F,21:15,06:15,495,F|S,11,10,8,10,30,45,8,38.5,30,0.05,0,2.0.0,20261146
AZ-003,2026-12-16,plan,16,Mittwoch,3,51,0,0,,Auszubildende_r_1_Ausbildungsjahr,Auszubildende,AUSZUBILDEND,1.0,38.5,9240,9240,8316,10164,5,2,2,0,0,0,nicht anrechenbar,0,0.0,-9240,10,9,0,3,0,1798,1,,,,,,0,,0,,5,5,5,0,719,1,5,5,5,0,629,1,3,3,3,0,450,0,ST-ITS1,Intensivstation,12,Intensivmedizin,2.0,3.0,06:00,14:00,450,,13:30,21:30,450,F,21:15,06:15,495,F|S,11,10,8,10,30,45,8,38.5,30,0.05,0,2.0.0,20261146
PK-001,2026-12-16,plan,16,Mittwoch,3,51,0,0,,Stationsleitung,Pflegefachkraft,EXAM|LEITUNG|PRAXISANLEITUNG,1.0,38.5,9240,4620,4158,5082,5,2,2,0,0,1,Pflegefachkraft,1,0.5,5814,10,9,0,3,0,1798,1,,,,,,0,,0,,5,5,5,0,719,1,5,5,5,0,629,1,3,3,3,0,450,0,ST-ITS1,Intensivstation,12,Intensivmedizin,2.0,3.0,06:00,14:00,450,,13:30,21:30,450,F,21:15,06:15,495,F|S,11,10,8,10,30,45,8,38.5,30,0.05,0,2.0.0,20261146
PK-002,2026-12-16,plan,16,Mittwoch,3,51,0,0,,Pflegefachkraft,Pflegefachkraft,EXAM|PRAXISANLEITUNG|KARDIO_MONITORING,1.0,38.5,9240,9240,8316,10164,5,2,2,8,1,1,Pflegefachkraft,0,0.0,-1815,10,9,0,3,0,1798,1,,,,,,0,,0,,5,5,5,0,719,1,5,5,5,0,629,1,3,3,3,0,450,0,ST-ITS1,Intensivstation,12,Intensivmedizin,2.0,3.0,06:00,14:00,450,,13:30,21:30,450,F,21:15,06:15,495,F|S,11,10,8,10,30,45,8,38.5,30,0.05,0,2.0.0,20261146
PK-003,2026-12-16,plan,16,Mittwoch,3,51,0,0,,Pflegefachkraft,Pflegefachkraft,EXAM,1.0,38.5,9240,9240,8316,10164,5,2,2,8,1,1,Pflegefachkraft,0,0.0,-1815,10,9,0,3,0,1798,0,FORTBILDUNG,,,,,0,,0,,5,5,5,0,719,1,5,5,5,0,629,1,3,3,3,0,450,0,ST-ITS1,Intensivstation,12,Intensivmedizin,2.0,3.0,06:00,14:00,450,,13:30,21:30,450,F,21:15,06:15,495,F|S,11,10,8,10,30,45,8,38.5,30,0.05,0,2.0.0,20261146
PK-004,2026-12-16,plan,16,Mittwoch,3,51,0,0,,Pflegefachkraft,Pflegefachkraft,EXAM,1.0,38.5,9240,9240,8316,10164,5,2,2,8,1,1,Pflegefachkraft,0,0.0,-1995,10,9,0,3,0,1798,1,,,,,,0,,0,,5,5,5,0,719,1,5,5,5,0,629,1,3,3,3,0,450,0,ST-ITS1,Intensivstation,12,Intensivmedizin,2.0,3.0,06:00,14:00,450,,13:30,21:30,450,F,21:15,06:15,495,F|S,11,10,8,10,30,45,8,38.5,30,0.05,0,2.0.0,20261146
PK-005,2026-12-16,plan,16,Mittwoch,3,51,0,0,,Pflegefachkraft,Pflegefachkraft,EXAM,1.0,38.5,9240,9240,8316,10164,5,2,2,8,1,1,Pflegefachkraft,0,0.0,-1905,10,9,0,3,0,1798,1,,,,,,0,,0,,5,5,5,0,719,1,5,5,5,0,629,1,3,3,3,0,450,0,ST-ITS1,Intensivstation,12,Intensivmedizin,2.0,3.0,06:00,14:00,450,,13:30,21:30,450,F,21:15,06:15,495,F|S,11,10,8,10,30,45,8,38.5,30,0.05,0,2.0.0,20261146
PK-006,2026-12-16,plan,16,Mittwoch,3,51,0,0,,Pflegefachkraft,Pflegefachkraft,EXAM|PRAXISANLEITUNG|KARDIO_MONITORING,1.0,38.5,9240,9240,8316,10164,5,2,2,8,1,1,Pflegefachkraft,0,0.0,-1905,10,9,0,3,0,1798,1,,,,,,0,,0,,5,5,5,0,719,1,5,5,5,0,629,1,3,3,3,0,450,0,ST-ITS1,Intensivstation,12,Intensivmedizin,2.0,3.0,06:00,14:00,450,,13:30,21:30,450,F,21:15,06:15,495,F|S,11,10,8,10,30,45,8,38.5,30,0.05,0,2.0.0,20261146
PK-007,2026-12-16,plan,16,Mittwoch,3,51,0,0,,Pflegefachkraft,Pflegefachkraft,EXAM,1.0,38.5,9240,9240,8316,10164,5,2,2,8,1,1,Pflegefachkraft,0,0.0,1104,10,9,0,3,0,1798,1,,,,,,1,24,1,2,5,5,5,0,719,1,5,5,5,0,629,1,3,3,3,0,450,0,ST-ITS1,Intensivstation,12,Intensivmedizin,2.0,3.0,06:00,14:00,450,,13:30,21:30,450,F,21:15,06:15,495,F|S,11,10,8,10,30,45,8,38.5,30,0.05,0,2.0.0,20261146
PK-008,2026-12-16,plan,16,Mittwoch,3,51,0,0,,Pflegefachkraft,Pflegefachkraft,EXAM|KARDIO_MONITORING,1.0,38.5,9240,9240,8316,10164,5,2,2,8,1,1,Pflegefachkraft,0,0.0,-2265,10,9,0,3,0,1798,1,,,,,,0,,0,,5,5,5,0,719,1,5,5,5,0,629,1,3,3,3,0,450,0,ST-ITS1,Intensivstation,12,Intensivmedizin,2.0,3.0,06:00,14:00,450,,13:30,21:30,450,F,21:15,06:15,495,F|S,11,10,8,10,30,45,8,38.5,30,0.05,0,2.0.0,20261146
PK-009,2026-12-16,plan,16,Mittwoch,3,51,0,0,,Pflegefachkraft,Pflegefachkraft,EXAM,1.0,38.5,9240,9240,8316,10164,5,2,2,8,1,1,Pflegefachkraft,0,0.0,-1995,10,9,0,3,0,1798,1,,1,,,,0,,0,,5,5,5,0,719,1,5,5,5,0,629,1,3,3,3,0,450,0,ST-ITS1,Intensivstation,12,Intensivmedizin,2.0,3.0,06:00,14:00,450,,13:30,21:30,450,F,21:15,06:15,495,F|S,11,10,8,10,30,45,8,38.5,30,0.05,0,2.0.0,20261146
PK-010,2026-12-16,plan,16,Mittwoch,3,51,0,0,,Pflegefachkraft,Pflegefachkraft,EXAM|PRAXISANLEITUNG|KARDIO_MONITORING,0.6,23.1,5544,5544,4990,6098,5,2,2,8,1,1,Pflegefachkraft,0,0.0,-999,10,9,0,3,0,1798,0,URLAUB,,,,,0,,0,,5,5,5,0,719,1,5,5,5,0,629,1,3,3,3,0,450,0,ST-ITS1,Intensivstation,12,Intensivmedizin,2.0,3.0,06:00,14:00,450,,13:30,21:30,450,F,21:15,06:15,495,F|S,11,10,8,10,30,45,8,38.5,30,0.05,0,2.0.0,20261146
PK-011,2026-12-16,plan,16,Mittwoch,3,51,0,0,,Pflegefachkraft,Pflegefachkraft,EXAM|KARDIO_MONITORING,0.5,19.25,4620,4620,4158,5082,5,2,2,8,1,1,Pflegefachkraft,0,0.0,-1020,10,9,0,3,0,1798,1,,,,,,0,,0,,5,5,5,0,719,1,5,5,5,0,629,1,3,3,3,0,450,0,ST-ITS1,Intensivstation,12,Intensivmedizin,2.0,3.0,06:00,14:00,450,,13:30,21:30,450,F,21:15,06:15,495,F|S,11,10,8,10,30,45,8,38.5,30,0.05,0,2.0.0,20261146
PK-012,2026-12-16,plan,16,Mittwoch,3,51,0,0,,Pflegefachkraft,Pflegefachkraft,EXAM|KARDIO_MONITORING,0.75,28.88,6931,6931,6238,7624,5,2,2,8,1,1,Pflegefachkraft,0,0.0,-1530,10,9,0,3,0,1798,1,,,,,,0,,0,,5,5,5,0,719,1,5,5,5,0,629,1,3,3,3,0,450,0,ST-ITS1,Intensivstation,12,Intensivmedizin,2.0,3.0,06:00,14:00,450,,13:30,21:30,450,F,21:15,06:15,495,F|S,11,10,8,10,30,45,8,38.5,30,0.05,0,2.0.0,20261146
PK-013,2026-12-16,plan,16,Mittwoch,3,51,0,0,,Pflegefachkraft,Pflegefachkraft,EXAM|KARDIO_MONITORING,1.0,38.5,9240,9240,8316,10164,5,2,2,8,1,1,Pflegefachkraft,0,0.0,-1905,10,9,0,3,0,1798,1,,2,,,,1,8,1,24,5,5,5,0,719,1,5,5,5,0,629,1,3,3,3,0,450,0,ST-ITS1,Intensivstation,12,Intensivmedizin,2.0,3.0,06:00,14:00,450,,13:30,21:30,450,F,21:15,06:15,495,F|S,11,10,8,10,30,45,8,38.5,30,0.05,0,2.0.0,20261146
PK-014,2026-12-16,plan,16,Mittwoch,3,51,0,0,,Pflegefachkraft,Pflegefachkraft,EXAM,1.0,38.5,9240,9240,8316,10164,5,2,2,8,1,1,Pflegefachkraft,0,0.0,-1680,10,9,0,3,0,1798,1,,,,,,0,,0,,5,5,5,0,719,1,5,5,5,0,629,1,3,3,3,0,450,0,ST-ITS1,Intensivstation,12,Intensivmedizin,2.0,3.0,06:00,14:00,450,,13:30,21:30,450,F,21:15,06:15,495,F|S,11,10,8,10,30,45,8,38.5,30,0.05,0,2.0.0,20261146
PK-015,2026-12-16,plan,16,Mittwoch,3,51,0,0,,Pflegefachkraft,Pflegefachkraft,EXAM|KARDIO_MONITORING,0.5,19.25,4620,4620,4158,5082,5,2,2,8,1,1,Pflegefachkraft,0,0.0,-930,10,9,0,3,0,1798,1,,,,,,0,,0,,5,5,5,0,719,1,5,5,5,0,629,1,3,3,3,0,450,0,ST-ITS1,Intensivstation,12,Intensivmedizin,2.0,3.0,06:00,14:00,450,,13:30,21:30,450,F,21:15,06:15,495,F|S,11,10,8,10,30,45,8,38.5,30,0.05,0,2.0.0,20261146
PK-016,2026-12-16,plan,16,Mittwoch,3,51,0,0,,Pflegefachkraft,Pflegefachkraft,EXAM,0.9,34.65,8316,8316,7484,9148,5,2,2,8,1,1,Pflegefachkraft,0,0.0,1255,10,9,0,3,0,1798,1,,,,,,1,8,0,,5,5,5,0,719,1,5,5,5,0,629,1,3,3,3,0,450,0,ST-ITS1,Intensivstation,12,Intensivmedizin,2.0,3.0,06:00,14:00,450,,13:30,21:30,450,F,21:15,06:15,495,F|S,11,10,8,10,30,45,8,38.5,30,0.05,0,2.0.0,20261146
PK-017,2026-12-16,plan,16,Mittwoch,3,51,0,0,,Pflegefachkraft,Pflegefachkraft,EXAM|KARDIO_MONITORING,1.0,38.5,9240,9240,8316,10164,5,2,2,8,1,1,Pflegefachkraft,0,0.0,-1680,10,9,0,3,0,1798,1,,,,,,0,,0,,5,5,5,0,719,1,5,5,5,0,629,1,3,3,3,0,450,0,ST-ITS1,Intensivstation,12,Intensivmedizin,2.0,3.0,06:00,14:00,450,,13:30,21:30,450,F,21:15,06:15,495,F|S,11,10,8,10,30,45,8,38.5,30,0.05,0,2.0.0,20261146
PK-018,2026-12-16,plan,16,Mittwoch,3,51,0,0,,Pflegefachkraft,Pflegefachkraft,EXAM|PRAXISANLEITUNG,0.6,23.1,5544,5544,4990,6098,5,2,2,8,1,1,Pflegefachkraft,0,0.0,-909,10,9,0,3,0,1798,1,,,,,,0,,0,,5,5,5,0,719,1,5,5,5,0,629,1,3,3,3,0,450,0,ST-ITS1,Intensivstation,12,Intensivmedizin,2.0,3.0,06:00,14:00,450,,13:30,21:30,450,F,21:15,06:15,495,F|S,11,10,8,10,30,45,8,38.5,30,0.05,0,2.0.0,20261146
PK-019,2026-12-16,plan,16,Mittwoch,3,51,0,0,,Pflegefachkraft,Pflegefachkraft,EXAM,0.6,23.1,5544,5544,4990,6098,5,2,2,8,1,1,Pflegefachkraft,0,0.0,-954,10,9,0,3,0,1798,1,,,,,,0,,0,,5,5,5,0,719,1,5,5,5,0,629,1,3,3,3,0,450,0,ST-ITS1,Intensivstation,12,Intensivmedizin,2.0,3.0,06:00,14:00,450,,13:30,21:30,450,F,21:15,06:15,495,F|S,11,10,8,10,30,45,8,38.5,30,0.05,0,2.0.0,20261146
PK-020,2026-12-16,plan,16,Mittwoch,3,51,0,0,,Pflegefachkraft,Pflegefachkraft,EXAM|PRAXISANLEITUNG,0.8,30.8,7392,7392,6653,8131,5,2,2,8,1,1,Pflegefachkraft,0,0.0,-1497,10,9,0,3,0,1798,1,,,,,,0,,0,,5,5,5,0,719,1,5,5,5,0,629,1,3,3,3,0,450,0,ST-ITS1,Intensivstation,12,Intensivmedizin,2.0,3.0,06:00,14:00,450,,13:30,21:30,450,F,21:15,06:15,495,F|S,11,10,8,10,30,45,8,38.5,30,0.05,0,2.0.0,20261146
PK-021,2026-12-16,plan,16,Mittwoch,3,51,0,0,,Pflegefachkraft,Pflegefachkraft,EXAM|PRAXISANLEITUNG,0.5,19.25,4620,4620,4158,5082,5,2,2,8,1,1,Pflegefachkraft,0,0.0,-975,10,9,0,3,0,1798,1,,,,,,0,,0,,5,5,5,0,719,1,5,5,5,0,629,1,3,3,3,0,450,0,ST-ITS1,Intensivstation,12,Intensivmedizin,2.0,3.0,06:00,14:00,450,,13:30,21:30,450,F,21:15,06:15,495,F|S,11,10,8,10,30,45,8,38.5,30,0.05,0,2.0.0,20261146
PK-022,2026-12-16,plan,16,Mittwoch,3,51,0,0,,Pflegefachkraft,Pflegefachkraft,EXAM,0.7,26.95,6468,6468,5821,7115,5,2,2,8,1,1,Pflegefachkraft,0,0.0,-1473,10,9,0,3,0,1798,1,,,,,,0,,1,2,5,5,5,0,719,1,5,5,5,0,629,1,3,3,3,0,450,0,ST-ITS1,Intensivstation,12,Intensivmedizin,2.0,3.0,06:00,14:00,450,,13:30,21:30,450,F,21:15,06:15,495,F|S,11,10,8,10,30,45,8,38.5,30,0.05,0,2.0.0,20261146
PK-023,2026-12-16,plan,16,Mittwoch,3,51,0,0,,Pflegefachkraft,Pflegefachkraft,EXAM,1.0,38.5,9240,9240,8316,10164,5,2,2,8,1,1,Pflegefachkraft,0,0.0,-2040,10,9,0,3,0,1798,1,,,,,,0,,0,,5,5,5,0,719,1,5,5,5,0,629,1,3,3,3,0,450,0,ST-ITS1,Intensivstation,12,Intensivmedizin,2.0,3.0,06:00,14:00,450,,13:30,21:30,450,F,21:15,06:15,495,F|S,11,10,8,10,30,45,8,38.5,30,0.05,0,2.0.0,20261146
PK-024,2026-12-16,plan,16,Mittwoch,3,51,0,0,,Pflegefachkraft,Pflegefachkraft,EXAM|PRAXISANLEITUNG,1.0,38.5,9240,9240,8316,10164,5,2,2,8,1,1,Pflegefachkraft,0,0.0,-2310,10,9,0,3,0,1798,1,,,,,,0,,0,,5,5,5,0,719,1,5,5,5,0,629,1,3,3,3,0,450,0,ST-ITS1,Intensivstation,12,Intensivmedizin,2.0,3.0,06:00,14:00,450,,13:30,21:30,450,F,21:15,06:15,495,F|S,11,10,8,10,30,45,8,38.5,30,0.05,0,2.0.0,20261146
PK-025,2026-12-16,plan,16,Mittwoch,3,51,0,0,,Pflegefachkraft,Pflegefachkraft,EXAM,1.0,38.5,9240,9240,8316,10164,5,2,2,8,1,1,Pflegefachkraft,0,0.0,-1680,10,9,0,3,0,1798,0,LANGZEITABWESENHEIT,,,,,0,,0,,5,5,5,0,719,1,5,5,5,0,629,1,3,3,3,0,450,0,ST-ITS1,Intensivstation,12,Intensivmedizin,2.0,3.0,06:00,14:00,450,,13:30,21:30,450,F,21:15,06:15,495,F|S,11,10,8,10,30,45,8,38.5,30,0.05,0,2.0.0,20261146
AZ-001,2026-12-17,plan,17,Donnerstag,4,51,0,0,,Auszubildende_r_3_Ausbildungsjahr,Auszubildende,AUSZUBILDEND,1.0,38.5,9240,9240,8316,10164,5,2,2,8,1,0,nicht anrechenbar,0,0.0,-9240,9,8,2,2,0,1769,1,,,,,,0,,0,,5,5,5,0,708,1,5,5,5,0,619,1,3,3,3,0,442,0,ST-ITS1,Intensivstation,12,Intensivmedizin,2.0,3.0,06:00,14:00,450,,13:30,21:30,450,F,21:15,06:15,495,F|S,11,10,8,10,30,45,8,38.5,30,0.05,0,2.0.0,20261146
AZ-002,2026-12-17,plan,17,Donnerstag,4,51,0,0,,Auszubildende_r_2_Ausbildungsjahr,Auszubildende,AUSZUBILDEND,1.0,38.5,9240,9240,8316,10164,5,2,2,8,1,0,nicht anrechenbar,0,0.0,-9240,9,8,2,2,0,1769,1,,,,,,0,,0,,5,5,5,0,708,1,5,5,5,0,619,1,3,3,3,0,442,0,ST-ITS1,Intensivstation,12,Intensivmedizin,2.0,3.0,06:00,14:00,450,,13:30,21:30,450,F,21:15,06:15,495,F|S,11,10,8,10,30,45,8,38.5,30,0.05,0,2.0.0,20261146
AZ-003,2026-12-17,plan,17,Donnerstag,4,51,0,0,,Auszubildende_r_1_Ausbildungsjahr,Auszubildende,AUSZUBILDEND,1.0,38.5,9240,9240,8316,10164,5,2,2,0,0,0,nicht anrechenbar,0,0.0,-9240,9,8,2,2,0,1769,1,,,,,,0,,0,,5,5,5,0,708,1,5,5,5,0,619,1,3,3,3,0,442,0,ST-ITS1,Intensivstation,12,Intensivmedizin,2.0,3.0,06:00,14:00,450,,13:30,21:30,450,F,21:15,06:15,495,F|S,11,10,8,10,30,45,8,38.5,30,0.05,0,2.0.0,20261146
PK-001,2026-12-17,plan,17,Donnerstag,4,51,0,0,,Stationsleitung,Pflegefachkraft,EXAM|LEITUNG|PRAXISANLEITUNG,1.0,38.5,9240,4620,4158,5082,5,2,2,0,0,1,Pflegefachkraft,1,0.5,5814,9,8,2,2,0,1769,1,,,,,,0,,0,,5,5,5,0,708,1,5,5,5,0,619,1,3,3,3,0,442,0,ST-ITS1,Intensivstation,12,Intensivmedizin,2.0,3.0,06:00,14:00,450,,13:30,21:30,450,F,21:15,06:15,495,F|S,11,10,8,10,30,45,8,38.5,30,0.05,0,2.0.0,20261146
PK-002,2026-12-17,plan,17,Donnerstag,4,51,0,0,,Pflegefachkraft,Pflegefachkraft,EXAM|PRAXISANLEITUNG|KARDIO_MONITORING,1.0,38.5,9240,9240,8316,10164,5,2,2,8,1,1,Pflegefachkraft,0,0.0,-1815,9,8,2,2,0,1769,1,,,,,,0,,0,,5,5,5,0,708,1,5,5,5,0,619,1,3,3,3,0,442,0,ST-ITS1,Intensivstation,12,Intensivmedizin,2.0,3.0,06:00,14:00,450,,13:30,21:30,450,F,21:15,06:15,495,F|S,11,10,8,10,30,45,8,38.5,30,0.05,0,2.0.0,20261146
PK-003,2026-12-17,plan,17,Donnerstag,4,51,0,0,,Pflegefachkraft,Pflegefachkraft,EXAM,1.0,38.5,9240,9240,8316,10164,5,2,2,8,1,1,Pflegefachkraft,0,0.0,-1815,9,8,2,2,0,1769,0,URLAUB,,,,,0,,0,,5,5,5,0,708,1,5,5,5,0,619,1,3,3,3,0,442,0,ST-ITS1,Intensivstation,12,Intensivmedizin,2.0,3.0,06:00,14:00,450,,13:30,21:30,450,F,21:15,06:15,495,F|S,11,10,8,10,30,45,8,38.5,30,0.05,0,2.0.0,20261146
PK-004,2026-12-17,plan,17,Donnerstag,4,51,0,0,,Pflegefachkraft,Pflegefachkraft,EXAM,1.0,38.5,9240,9240,8316,10164,5,2,2,8,1,1,Pflegefachkraft,0,0.0,-1995,9,8,2,2,0,1769,1,,,,,,0,,0,,5,5,5,0,708,1,5,5,5,0,619,1,3,3,3,0,442,0,ST-ITS1,Intensivstation,12,Intensivmedizin,2.0,3.0,06:00,14:00,450,,13:30,21:30,450,F,21:15,06:15,495,F|S,11,10,8,10,30,45,8,38.5,30,0.05,0,2.0.0,20261146
PK-005,2026-12-17,plan,17,Donnerstag,4,51,0,0,,Pflegefachkraft,Pflegefachkraft,EXAM,1.0,38.5,9240,9240,8316,10164,5,2,2,8,1,1,Pflegefachkraft,0,0.0,-1905,9,8,2,2,0,1769,1,,,,,,0,,0,,5,5,5,0,708,1,5,5,5,0,619,1,3,3,3,0,442,0,ST-ITS1,Intensivstation,12,Intensivmedizin,2.0,3.0,06:00,14:00,450,,13:30,21:30,450,F,21:15,06:15,495,F|S,11,10,8,10,30,45,8,38.5,30,0.05,0,2.0.0,20261146
PK-006,2026-12-17,plan,17,Donnerstag,4,51,0,0,,Pflegefachkraft,Pflegefachkraft,EXAM|PRAXISANLEITUNG|KARDIO_MONITORING,1.0,38.5,9240,9240,8316,10164,5,2,2,8,1,1,Pflegefachkraft,0,0.0,-1905,9,8,2,2,0,1769,1,,1,,,,0,,0,,5,5,5,0,708,1,5,5,5,0,619,1,3,3,3,0,442,0,ST-ITS1,Intensivstation,12,Intensivmedizin,2.0,3.0,06:00,14:00,450,,13:30,21:30,450,F,21:15,06:15,495,F|S,11,10,8,10,30,45,8,38.5,30,0.05,0,2.0.0,20261146
PK-007,2026-12-17,plan,17,Donnerstag,4,51,0,0,,Pflegefachkraft,Pflegefachkraft,EXAM,1.0,38.5,9240,9240,8316,10164,5,2,2,8,1,1,Pflegefachkraft,0,0.0,1104,9,8,2,2,0,1769,1,,,,,,0,,1,24,5,5,5,0,708,1,5,5,5,0,619,1,3,3,3,0,442,0,ST-ITS1,Intensivstation,12,Intensivmedizin,2.0,3.0,06:00,14:00,450,,13:30,21:30,450,F,21:15,06:15,495,F|S,11,10,8,10,30,45,8,38.5,30,0.05,0,2.0.0,20261146
PK-008,2026-12-17,plan,17,Donnerstag,4,51,0,0,,Pflegefachkraft,Pflegefachkraft,EXAM|KARDIO_MONITORING,1.0,38.5,9240,9240,8316,10164,5,2,2,8,1,1,Pflegefachkraft,0,0.0,-2265,9,8,2,2,0,1769,1,,,,,,0,,0,,5,5,5,0,708,1,5,5,5,0,619,1,3,3,3,0,442,0,ST-ITS1,Intensivstation,12,Intensivmedizin,2.0,3.0,06:00,14:00,450,,13:30,21:30,450,F,21:15,06:15,495,F|S,11,10,8,10,30,45,8,38.5,30,0.05,0,2.0.0,20261146
PK-009,2026-12-17,plan,17,Donnerstag,4,51,0,0,,Pflegefachkraft,Pflegefachkraft,EXAM,1.0,38.5,9240,9240,8316,10164,5,2,2,8,1,1,Pflegefachkraft,0,0.0,-1995,9,8,2,2,0,1769,1,,,,,,0,,0,,5,5,5,0,708,1,5,5,5,0,619,1,3,3,3,0,442,0,ST-ITS1,Intensivstation,12,Intensivmedizin,2.0,3.0,06:00,14:00,450,,13:30,21:30,450,F,21:15,06:15,495,F|S,11,10,8,10,30,45,8,38.5,30,0.05,0,2.0.0,20261146
PK-010,2026-12-17,plan,17,Donnerstag,4,51,0,0,,Pflegefachkraft,Pflegefachkraft,EXAM|PRAXISANLEITUNG|KARDIO_MONITORING,0.6,23.1,5544,5544,4990,6098,5,2,2,8,1,1,Pflegefachkraft,0,0.0,-999,9,8,2,2,0,1769,0,URLAUB,,,,,0,,0,,5,5,5,0,708,1,5,5,5,0,619,1,3,3,3,0,442,0,ST-ITS1,Intensivstation,12,Intensivmedizin,2.0,3.0,06:00,14:00,450,,13:30,21:30,450,F,21:15,06:15,495,F|S,11,10,8,10,30,45,8,38.5,30,0.05,0,2.0.0,20261146
PK-011,2026-12-17,plan,17,Donnerstag,4,51,0,0,,Pflegefachkraft,Pflegefachkraft,EXAM|KARDIO_MONITORING,0.5,19.25,4620,4620,4158,5082,5,2,2,8,1,1,Pflegefachkraft,0,0.0,-1020,9,8,2,2,0,1769,1,,,,,,0,,0,,5,5,5,0,708,1,5,5,5,0,619,1,3,3,3,0,442,0,ST-ITS1,Intensivstation,12,Intensivmedizin,2.0,3.0,06:00,14:00,450,,13:30,21:30,450,F,21:15,06:15,495,F|S,11,10,8,10,30,45,8,38.5,30,0.05,0,2.0.0,20261146
PK-012,2026-12-17,plan,17,Donnerstag,4,51,0,0,,Pflegefachkraft,Pflegefachkraft,EXAM|KARDIO_MONITORING,0.75,28.88,6931,6931,6238,7624,5,2,2,8,1,1,Pflegefachkraft,0,0.0,-1530,9,8,2,2,0,1769,1,,,,,,0,,0,,5,5,5,0,708,1,5,5,5,0,619,1,3,3,3,0,442,0,ST-ITS1,Intensivstation,12,Intensivmedizin,2.0,3.0,06:00,14:00,450,,13:30,21:30,450,F,21:15,06:15,495,F|S,11,10,8,10,30,45,8,38.5,30,0.05,0,2.0.0,20261146
PK-013,2026-12-17,plan,17,Donnerstag,4,51,0,0,,Pflegefachkraft,Pflegefachkraft,EXAM|KARDIO_MONITORING,1.0,38.5,9240,9240,8316,10164,5,2,2,8,1,1,Pflegefachkraft,0,0.0,-1905,9,8,2,2,0,1769,1,,,,,,0,,1,24,5,5,5,0,708,1,5,5,5,0,619,1,3,3,3,0,442,0,ST-ITS1,Intensivstation,12,Intensivmedizin,2.0,3.0,06:00,14:00,450,,13:30,21:30,450,F,21:15,06:15,495,F|S,11,10,8,10,30,45,8,38.5,30,0.05,0,2.0.0,20261146
PK-014,2026-12-17,plan,17,Donnerstag,4,51,0,0,,Pflegefachkraft,Pflegefachkraft,EXAM,1.0,38.5,9240,9240,8316,10164,5,2,2,8,1,1,Pflegefachkraft,0,0.0,-1680,9,8,2,2,0,1769,1,,,,,,0,,0,,5,5,5,0,708,1,5,5,5,0,619,1,3,3,3,0,442,0,ST-ITS1,Intensivstation,12,Intensivmedizin,2.0,3.0,06:00,14:00,450,,13:30,21:30,450,F,21:15,06:15,495,F|S,11,10,8,10,30,45,8,38.5,30,0.05,0,2.0.0,20261146
PK-015,2026-12-17,plan,17,Donnerstag,4,51,0,0,,Pflegefachkraft,Pflegefachkraft,EXAM|KARDIO_MONITORING,0.5,19.25,4620,4620,4158,5082,5,2,2,8,1,1,Pflegefachkraft,0,0.0,-930,9,8,2,2,0,1769,1,,,,,,0,,0,,5,5,5,0,708,1,5,5,5,0,619,1,3,3,3,0,442,0,ST-ITS1,Intensivstation,12,Intensivmedizin,2.0,3.0,06:00,14:00,450,,13:30,21:30,450,F,21:15,06:15,495,F|S,11,10,8,10,30,45,8,38.5,30,0.05,0,2.0.0,20261146
PK-016,2026-12-17,plan,17,Donnerstag,4,51,0,0,,Pflegefachkraft,Pflegefachkraft,EXAM,0.9,34.65,8316,8316,7484,9148,5,2,2,8,1,1,Pflegefachkraft,0,0.0,1255,9,8,2,2,0,1769,1,,,,,,0,,0,,5,5,5,0,708,1,5,5,5,0,619,1,3,3,3,0,442,0,ST-ITS1,Intensivstation,12,Intensivmedizin,2.0,3.0,06:00,14:00,450,,13:30,21:30,450,F,21:15,06:15,495,F|S,11,10,8,10,30,45,8,38.5,30,0.05,0,2.0.0,20261146
PK-017,2026-12-17,plan,17,Donnerstag,4,51,0,0,,Pflegefachkraft,Pflegefachkraft,EXAM|KARDIO_MONITORING,1.0,38.5,9240,9240,8316,10164,5,2,2,8,1,1,Pflegefachkraft,0,0.0,-1680,9,8,2,2,0,1769,1,,,,,,0,,0,,5,5,5,0,708,1,5,5,5,0,619,1,3,3,3,0,442,0,ST-ITS1,Intensivstation,12,Intensivmedizin,2.0,3.0,06:00,14:00,450,,13:30,21:30,450,F,21:15,06:15,495,F|S,11,10,8,10,30,45,8,38.5,30,0.05,0,2.0.0,20261146
PK-018,2026-12-17,plan,17,Donnerstag,4,51,0,0,,Pflegefachkraft,Pflegefachkraft,EXAM|PRAXISANLEITUNG,0.6,23.1,5544,5544,4990,6098,5,2,2,8,1,1,Pflegefachkraft,0,0.0,-909,9,8,2,2,0,1769,1,,,,,,0,,0,,5,5,5,0,708,1,5,5,5,0,619,1,3,3,3,0,442,0,ST-ITS1,Intensivstation,12,Intensivmedizin,2.0,3.0,06:00,14:00,450,,13:30,21:30,450,F,21:15,06:15,495,F|S,11,10,8,10,30,45,8,38.5,30,0.05,0,2.0.0,20261146
PK-019,2026-12-17,plan,17,Donnerstag,4,51,0,0,,Pflegefachkraft,Pflegefachkraft,EXAM,0.6,23.1,5544,5544,4990,6098,5,2,2,8,1,1,Pflegefachkraft,0,0.0,-954,9,8,2,2,0,1769,1,,,,,,0,,0,,5,5,5,0,708,1,5,5,5,0,619,1,3,3,3,0,442,0,ST-ITS1,Intensivstation,12,Intensivmedizin,2.0,3.0,06:00,14:00,450,,13:30,21:30,450,F,21:15,06:15,495,F|S,11,10,8,10,30,45,8,38.5,30,0.05,0,2.0.0,20261146
PK-020,2026-12-17,plan,17,Donnerstag,4,51,0,0,,Pflegefachkraft,Pflegefachkraft,EXAM|PRAXISANLEITUNG,0.8,30.8,7392,7392,6653,8131,5,2,2,8,1,1,Pflegefachkraft,0,0.0,-1497,9,8,2,2,0,1769,1,,,,,,0,,0,,5,5,5,0,708,1,5,5,5,0,619,1,3,3,3,0,442,0,ST-ITS1,Intensivstation,12,Intensivmedizin,2.0,3.0,06:00,14:00,450,,13:30,21:30,450,F,21:15,06:15,495,F|S,11,10,8,10,30,45,8,38.5,30,0.05,0,2.0.0,20261146
PK-021,2026-12-17,plan,17,Donnerstag,4,51,0,0,,Pflegefachkraft,Pflegefachkraft,EXAM|PRAXISANLEITUNG,0.5,19.25,4620,4620,4158,5082,5,2,2,8,1,1,Pflegefachkraft,0,0.0,-975,9,8,2,2,0,1769,1,,,,,,0,,0,,5,5,5,0,708,1,5,5,5,0,619,1,3,3,3,0,442,0,ST-ITS1,Intensivstation,12,Intensivmedizin,2.0,3.0,06:00,14:00,450,,13:30,21:30,450,F,21:15,06:15,495,F|S,11,10,8,10,30,45,8,38.5,30,0.05,0,2.0.0,20261146
PK-022,2026-12-17,plan,17,Donnerstag,4,51,0,0,,Pflegefachkraft,Pflegefachkraft,EXAM,0.7,26.95,6468,6468,5821,7115,5,2,2,8,1,1,Pflegefachkraft,0,0.0,-1473,9,8,2,2,0,1769,1,,,,,,0,,1,24,5,5,5,0,708,1,5,5,5,0,619,1,3,3,3,0,442,0,ST-ITS1,Intensivstation,12,Intensivmedizin,2.0,3.0,06:00,14:00,450,,13:30,21:30,450,F,21:15,06:15,495,F|S,11,10,8,10,30,45,8,38.5,30,0.05,0,2.0.0,20261146
PK-023,2026-12-17,plan,17,Donnerstag,4,51,0,0,,Pflegefachkraft,Pflegefachkraft,EXAM,1.0,38.5,9240,9240,8316,10164,5,2,2,8,1,1,Pflegefachkraft,0,0.0,-2040,9,8,2,2,0,1769,1,,,,,,0,,0,,5,5,5,0,708,1,5,5,5,0,619,1,3,3,3,0,442,0,ST-ITS1,Intensivstation,12,Intensivmedizin,2.0,3.0,06:00,14:00,450,,13:30,21:30,450,F,21:15,06:15,495,F|S,11,10,8,10,30,45,8,38.5,30,0.05,0,2.0.0,20261146
PK-024,2026-12-17,plan,17,Donnerstag,4,51,0,0,,Pflegefachkraft,Pflegefachkraft,EXAM|PRAXISANLEITUNG,1.0,38.5,9240,9240,8316,10164,5,2,2,8,1,1,Pflegefachkraft,0,0.0,-2310,9,8,2,2,0,1769,1,,,,,,0,,0,,5,5,5,0,708,1,5,5,5,0,619,1,3,3,3,0,442,0,ST-ITS1,Intensivstation,12,Intensivmedizin,2.0,3.0,06:00,14:00,450,,13:30,21:30,450,F,21:15,06:15,495,F|S,11,10,8,10,30,45,8,38.5,30,0.05,0,2.0.0,20261146
PK-025,2026-12-17,plan,17,Donnerstag,4,51,0,0,,Pflegefachkraft,Pflegefachkraft,EXAM,1.0,38.5,9240,9240,8316,10164,5,2,2,8,1,1,Pflegefachkraft,0,0.0,-1680,9,8,2,2,0,1769,0,LANGZEITABWESENHEIT,,,,,0,,0,,5,5,5,0,708,1,5,5,5,0,619,1,3,3,3,0,442,0,ST-ITS1,Intensivstation,12,Intensivmedizin,2.0,3.0,06:00,14:00,450,,13:30,21:30,450,F,21:15,06:15,495,F|S,11,10,8,10,30,45,8,38.5,30,0.05,0,2.0.0,20261146
AZ-001,2026-12-18,plan,18,Freitag,5,51,0,0,,Auszubildende_r_3_Ausbildungsjahr,Auszubildende,AUSZUBILDEND,1.0,38.5,9240,9240,8316,10164,5,2,2,8,1,0,nicht anrechenbar,0,0.0,-9240,9,7,1,0,1,1683,1,,,,,,0,,0,,5,5,5,0,673,1,5,5,5,0,589,1,3,3,3,0,421,0,ST-ITS1,Intensivstation,12,Intensivmedizin,2.0,3.0,06:00,14:00,450,,13:30,21:30,450,F,21:15,06:15,495,F|S,11,10,8,10,30,45,8,38.5,30,0.05,0,2.0.0,20261146
AZ-002,2026-12-18,plan,18,Freitag,5,51,0,0,,Auszubildende_r_2_Ausbildungsjahr,Auszubildende,AUSZUBILDEND,1.0,38.5,9240,9240,8316,10164,5,2,2,8,1,0,nicht anrechenbar,0,0.0,-9240,9,7,1,0,1,1683,1,,,,,,0,,0,,5,5,5,0,673,1,5,5,5,0,589,1,3,3,3,0,421,0,ST-ITS1,Intensivstation,12,Intensivmedizin,2.0,3.0,06:00,14:00,450,,13:30,21:30,450,F,21:15,06:15,495,F|S,11,10,8,10,30,45,8,38.5,30,0.05,0,2.0.0,20261146
AZ-003,2026-12-18,plan,18,Freitag,5,51,0,0,,Auszubildende_r_1_Ausbildungsjahr,Auszubildende,AUSZUBILDEND,1.0,38.5,9240,9240,8316,10164,5,2,2,0,0,0,nicht anrechenbar,0,0.0,-9240,9,7,1,0,1,1683,1,,,,,,0,,1,8,5,5,5,0,673,1,5,5,5,0,589,1,3,3,3,0,421,0,ST-ITS1,Intensivstation,12,Intensivmedizin,2.0,3.0,06:00,14:00,450,,13:30,21:30,450,F,21:15,06:15,495,F|S,11,10,8,10,30,45,8,38.5,30,0.05,0,2.0.0,20261146
PK-001,2026-12-18,plan,18,Freitag,5,51,0,0,,Stationsleitung,Pflegefachkraft,EXAM|LEITUNG|PRAXISANLEITUNG,1.0,38.5,9240,4620,4158,5082,5,2,2,0,0,1,Pflegefachkraft,1,0.5,5814,9,7,1,0,1,1683,1,,,,,,0,,0,,5,5,5,0,673,1,5,5,5,0,589,1,3,3,3,0,421,0,ST-ITS1,Intensivstation,12,Intensivmedizin,2.0,3.0,06:00,14:00,450,,13:30,21:30,450,F,21:15,06:15,495,F|S,11,10,8,10,30,45,8,38.5,30,0.05,0,2.0.0,20261146
PK-002,2026-12-18,plan,18,Freitag,5,51,0,0,,Pflegefachkraft,Pflegefachkraft,EXAM|PRAXISANLEITUNG|KARDIO_MONITORING,1.0,38.5,9240,9240,8316,10164,5,2,2,8,1,1,Pflegefachkraft,0,0.0,-1815,9,7,1,0,1,1683,1,,,,,,0,,0,,5,5,5,0,673,1,5,5,5,0,589,1,3,3,3,0,421,0,ST-ITS1,Intensivstation,12,Intensivmedizin,2.0,3.0,06:00,14:00,450,,13:30,21:30,450,F,21:15,06:15,495,F|S,11,10,8,10,30,45,8,38.5,30,0.05,0,2.0.0,20261146
PK-003,2026-12-18,plan,18,Freitag,5,51,0,0,,Pflegefachkraft,Pflegefachkraft,EXAM,1.0,38.5,9240,9240,8316,10164,5,2,2,8,1,1,Pflegefachkraft,0,0.0,-1815,9,7,1,0,1,1683,0,URLAUB,,,,,0,,0,,5,5,5,0,673,1,5,5,5,0,589,1,3,3,3,0,421,0,ST-ITS1,Intensivstation,12,Intensivmedizin,2.0,3.0,06:00,14:00,450,,13:30,21:30,450,F,21:15,06:15,495,F|S,11,10,8,10,30,45,8,38.5,30,0.05,0,2.0.0,20261146
PK-004,2026-12-18,plan,18,Freitag,5,51,0,0,,Pflegefachkraft,Pflegefachkraft,EXAM,1.0,38.5,9240,9240,8316,10164,5,2,2,8,1,1,Pflegefachkraft,0,0.0,-1995,9,7,1,0,1,1683,1,,2,,,,0,,0,,5,5,5,0,673,1,5,5,5,0,589,1,3,3,3,0,421,0,ST-ITS1,Intensivstation,12,Intensivmedizin,2.0,3.0,06:00,14:00,450,,13:30,21:30,450,F,21:15,06:15,495,F|S,11,10,8,10,30,45,8,38.5,30,0.05,0,2.0.0,20261146
PK-005,2026-12-18,plan,18,Freitag,5,51,0,0,,Pflegefachkraft,Pflegefachkraft,EXAM,1.0,38.5,9240,9240,8316,10164,5,2,2,8,1,1,Pflegefachkraft,0,0.0,-1905,9,7,1,0,1,1683,1,,,,,,0,,0,,5,5,5,0,673,1,5,5,5,0,589,1,3,3,3,0,421,0,ST-ITS1,Intensivstation,12,Intensivmedizin,2.0,3.0,06:00,14:00,450,,13:30,21:30,450,F,21:15,06:15,495,F|S,11,10,8,10,30,45,8,38.5,30,0.05,0,2.0.0,20261146
PK-006,2026-12-18,plan,18,Freitag,5,51,0,0,,Pflegefachkraft,Pflegefachkraft,EXAM|PRAXISANLEITUNG|KARDIO_MONITORING,1.0,38.5,9240,9240,8316,10164,5,2,2,8,1,1,Pflegefachkraft,0,0.0,-1905,9,7,1,0,1,1683,1,,,,,,0,,0,,5,5,5,0,673,1,5,5,5,0,589,1,3,3,3,0,421,0,ST-ITS1,Intensivstation,12,Intensivmedizin,2.0,3.0,06:00,14:00,450,,13:30,21:30,450,F,21:15,06:15,495,F|S,11,10,8,10,30,45,8,38.5,30,0.05,0,2.0.0,20261146
PK-007,2026-12-18,plan,18,Freitag,5,51,0,0,,Pflegefachkraft,Pflegefachkraft,EXAM,1.0,38.5,9240,9240,8316,10164,5,2,2,8,1,1,Pflegefachkraft,0,0.0,1104,9,7,1,0,1,1683,1,,,,,,0,,0,,5,5,5,0,673,1,5,5,5,0,589,1,3,3,3,0,421,0,ST-ITS1,Intensivstation,12,Intensivmedizin,2.0,3.0,06:00,14:00,450,,13:30,21:30,450,F,21:15,06:15,495,F|S,11,10,8,10,30,45,8,38.5,30,0.05,0,2.0.0,20261146
PK-008,2026-12-18,plan,18,Freitag,5,51,0,0,,Pflegefachkraft,Pflegefachkraft,EXAM|KARDIO_MONITORING,1.0,38.5,9240,9240,8316,10164,5,2,2,8,1,1,Pflegefachkraft,0,0.0,-2265,9,7,1,0,1,1683,1,,,,,,0,,0,,5,5,5,0,673,1,5,5,5,0,589,1,3,3,3,0,421,0,ST-ITS1,Intensivstation,12,Intensivmedizin,2.0,3.0,06:00,14:00,450,,13:30,21:30,450,F,21:15,06:15,495,F|S,11,10,8,10,30,45,8,38.5,30,0.05,0,2.0.0,20261146
PK-009,2026-12-18,plan,18,Freitag,5,51,0,0,,Pflegefachkraft,Pflegefachkraft,EXAM,1.0,38.5,9240,9240,8316,10164,5,2,2,8,1,1,Pflegefachkraft,0,0.0,-1995,9,7,1,0,1,1683,1,,,,,,0,,0,,5,5,5,0,673,1,5,5,5,0,589,1,3,3,3,0,421,0,ST-ITS1,Intensivstation,12,Intensivmedizin,2.0,3.0,06:00,14:00,450,,13:30,21:30,450,F,21:15,06:15,495,F|S,11,10,8,10,30,45,8,38.5,30,0.05,0,2.0.0,20261146
PK-010,2026-12-18,plan,18,Freitag,5,51,0,0,,Pflegefachkraft,Pflegefachkraft,EXAM|PRAXISANLEITUNG|KARDIO_MONITORING,0.6,23.1,5544,5544,4990,6098,5,2,2,8,1,1,Pflegefachkraft,0,0.0,-999,9,7,1,0,1,1683,1,,,,,,0,,0,,5,5,5,0,673,1,5,5,5,0,589,1,3,3,3,0,421,0,ST-ITS1,Intensivstation,12,Intensivmedizin,2.0,3.0,06:00,14:00,450,,13:30,21:30,450,F,21:15,06:15,495,F|S,11,10,8,10,30,45,8,38.5,30,0.05,0,2.0.0,20261146
PK-011,2026-12-18,plan,18,Freitag,5,51,0,0,,Pflegefachkraft,Pflegefachkraft,EXAM|KARDIO_MONITORING,0.5,19.25,4620,4620,4158,5082,5,2,2,8,1,1,Pflegefachkraft,0,0.0,-1020,9,7,1,0,1,1683,1,,,,,,0,,1,4,5,5,5,0,673,1,5,5,5,0,589,1,3,3,3,0,421,0,ST-ITS1,Intensivstation,12,Intensivmedizin,2.0,3.0,06:00,14:00,450,,13:30,21:30,450,F,21:15,06:15,495,F|S,11,10,8,10,30,45,8,38.5,30,0.05,0,2.0.0,20261146
PK-012,2026-12-18,plan,18,Freitag,5,51,0,0,,Pflegefachkraft,Pflegefachkraft,EXAM|KARDIO_MONITORING,0.75,28.88,6931,6931,6238,7624,5,2,2,8,1,1,Pflegefachkraft,0,0.0,-1530,9,7,1,0,1,1683,1,,,,,,0,,0,,5,5,5,0,673,1,5,5,5,0,589,1,3,3,3,0,421,0,ST-ITS1,Intensivstation,12,Intensivmedizin,2.0,3.0,06:00,14:00,450,,13:30,21:30,450,F,21:15,06:15,495,F|S,11,10,8,10,30,45,8,38.5,30,0.05,0,2.0.0,20261146
PK-013,2026-12-18,plan,18,Freitag,5,51,0,0,,Pflegefachkraft,Pflegefachkraft,EXAM|KARDIO_MONITORING,1.0,38.5,9240,9240,8316,10164,5,2,2,8,1,1,Pflegefachkraft,0,0.0,-1905,9,7,1,0,1,1683,1,,,,,,0,,0,,5,5,5,0,673,1,5,5,5,0,589,1,3,3,3,0,421,0,ST-ITS1,Intensivstation,12,Intensivmedizin,2.0,3.0,06:00,14:00,450,,13:30,21:30,450,F,21:15,06:15,495,F|S,11,10,8,10,30,45,8,38.5,30,0.05,0,2.0.0,20261146
PK-014,2026-12-18,plan,18,Freitag,5,51,0,0,,Pflegefachkraft,Pflegefachkraft,EXAM,1.0,38.5,9240,9240,8316,10164,5,2,2,8,1,1,Pflegefachkraft,0,0.0,-1680,9,7,1,0,1,1683,1,,,,,,0,,0,,5,5,5,0,673,1,5,5,5,0,589,1,3,3,3,0,421,0,ST-ITS1,Intensivstation,12,Intensivmedizin,2.0,3.0,06:00,14:00,450,,13:30,21:30,450,F,21:15,06:15,495,F|S,11,10,8,10,30,45,8,38.5,30,0.05,0,2.0.0,20261146
PK-015,2026-12-18,plan,18,Freitag,5,51,0,0,,Pflegefachkraft,Pflegefachkraft,EXAM|KARDIO_MONITORING,0.5,19.25,4620,4620,4158,5082,5,2,2,8,1,1,Pflegefachkraft,0,0.0,-930,9,7,1,0,1,1683,1,,3,,,,1,4,0,,5,5,5,0,673,1,5,5,5,0,589,1,3,3,3,0,421,0,ST-ITS1,Intensivstation,12,Intensivmedizin,2.0,3.0,06:00,14:00,450,,13:30,21:30,450,F,21:15,06:15,495,F|S,11,10,8,10,30,45,8,38.5,30,0.05,0,2.0.0,20261146
PK-016,2026-12-18,plan,18,Freitag,5,51,0,0,,Pflegefachkraft,Pflegefachkraft,EXAM,0.9,34.65,8316,8316,7484,9148,5,2,2,8,1,1,Pflegefachkraft,0,0.0,1255,9,7,1,0,1,1683,1,,,,,,0,,0,,5,5,5,0,673,1,5,5,5,0,589,1,3,3,3,0,421,0,ST-ITS1,Intensivstation,12,Intensivmedizin,2.0,3.0,06:00,14:00,450,,13:30,21:30,450,F,21:15,06:15,495,F|S,11,10,8,10,30,45,8,38.5,30,0.05,0,2.0.0,20261146
PK-017,2026-12-18,plan,18,Freitag,5,51,0,0,,Pflegefachkraft,Pflegefachkraft,EXAM|KARDIO_MONITORING,1.0,38.5,9240,9240,8316,10164,5,2,2,8,1,1,Pflegefachkraft,0,0.0,-1680,9,7,1,0,1,1683,1,,,,,,0,,0,,5,5,5,0,673,1,5,5,5,0,589,1,3,3,3,0,421,0,ST-ITS1,Intensivstation,12,Intensivmedizin,2.0,3.0,06:00,14:00,450,,13:30,21:30,450,F,21:15,06:15,495,F|S,11,10,8,10,30,45,8,38.5,30,0.05,0,2.0.0,20261146
PK-018,2026-12-18,plan,18,Freitag,5,51,0,0,,Pflegefachkraft,Pflegefachkraft,EXAM|PRAXISANLEITUNG,0.6,23.1,5544,5544,4990,6098,5,2,2,8,1,1,Pflegefachkraft,0,0.0,-909,9,7,1,0,1,1683,1,,,,,,0,,0,,5,5,5,0,673,1,5,5,5,0,589,1,3,3,3,0,421,0,ST-ITS1,Intensivstation,12,Intensivmedizin,2.0,3.0,06:00,14:00,450,,13:30,21:30,450,F,21:15,06:15,495,F|S,11,10,8,10,30,45,8,38.5,30,0.05,0,2.0.0,20261146
PK-019,2026-12-18,plan,18,Freitag,5,51,0,0,,Pflegefachkraft,Pflegefachkraft,EXAM,0.6,23.1,5544,5544,4990,6098,5,2,2,8,1,1,Pflegefachkraft,0,0.0,-954,9,7,1,0,1,1683,1,,,,,,0,,0,,5,5,5,0,673,1,5,5,5,0,589,1,3,3,3,0,421,0,ST-ITS1,Intensivstation,12,Intensivmedizin,2.0,3.0,06:00,14:00,450,,13:30,21:30,450,F,21:15,06:15,495,F|S,11,10,8,10,30,45,8,38.5,30,0.05,0,2.0.0,20261146
PK-020,2026-12-18,plan,18,Freitag,5,51,0,0,,Pflegefachkraft,Pflegefachkraft,EXAM|PRAXISANLEITUNG,0.8,30.8,7392,7392,6653,8131,5,2,2,8,1,1,Pflegefachkraft,0,0.0,-1497,9,7,1,0,1,1683,1,,,,,,0,,0,,5,5,5,0,673,1,5,5,5,0,589,1,3,3,3,0,421,0,ST-ITS1,Intensivstation,12,Intensivmedizin,2.0,3.0,06:00,14:00,450,,13:30,21:30,450,F,21:15,06:15,495,F|S,11,10,8,10,30,45,8,38.5,30,0.05,0,2.0.0,20261146
PK-021,2026-12-18,plan,18,Freitag,5,51,0,0,,Pflegefachkraft,Pflegefachkraft,EXAM|PRAXISANLEITUNG,0.5,19.25,4620,4620,4158,5082,5,2,2,8,1,1,Pflegefachkraft,0,0.0,-975,9,7,1,0,1,1683,1,,,,,,0,,0,,5,5,5,0,673,1,5,5,5,0,589,1,3,3,3,0,421,0,ST-ITS1,Intensivstation,12,Intensivmedizin,2.0,3.0,06:00,14:00,450,,13:30,21:30,450,F,21:15,06:15,495,F|S,11,10,8,10,30,45,8,38.5,30,0.05,0,2.0.0,20261146
PK-022,2026-12-18,plan,18,Freitag,5,51,0,0,,Pflegefachkraft,Pflegefachkraft,EXAM,0.7,26.95,6468,6468,5821,7115,5,2,2,8,1,1,Pflegefachkraft,0,0.0,-1473,9,7,1,0,1,1683,1,,,,,,0,,1,24,5,5,5,0,673,1,5,5,5,0,589,1,3,3,3,0,421,0,ST-ITS1,Intensivstation,12,Intensivmedizin,2.0,3.0,06:00,14:00,450,,13:30,21:30,450,F,21:15,06:15,495,F|S,11,10,8,10,30,45,8,38.5,30,0.05,0,2.0.0,20261146
PK-023,2026-12-18,plan,18,Freitag,5,51,0,0,,Pflegefachkraft,Pflegefachkraft,EXAM,1.0,38.5,9240,9240,8316,10164,5,2,2,8,1,1,Pflegefachkraft,0,0.0,-2040,9,7,1,0,1,1683,1,,,,,,0,,0,,5,5,5,0,673,1,5,5,5,0,589,1,3,3,3,0,421,0,ST-ITS1,Intensivstation,12,Intensivmedizin,2.0,3.0,06:00,14:00,450,,13:30,21:30,450,F,21:15,06:15,495,F|S,11,10,8,10,30,45,8,38.5,30,0.05,0,2.0.0,20261146
PK-024,2026-12-18,plan,18,Freitag,5,51,0,0,,Pflegefachkraft,Pflegefachkraft,EXAM|PRAXISANLEITUNG,1.0,38.5,9240,9240,8316,10164,5,2,2,8,1,1,Pflegefachkraft,0,0.0,-2310,9,7,1,0,1,1683,1,,,,,,0,,0,,5,5,5,0,673,1,5,5,5,0,589,1,3,3,3,0,421,0,ST-ITS1,Intensivstation,12,Intensivmedizin,2.0,3.0,06:00,14:00,450,,13:30,21:30,450,F,21:15,06:15,495,F|S,11,10,8,10,30,45,8,38.5,30,0.05,0,2.0.0,20261146
PK-025,2026-12-18,plan,18,Freitag,5,51,0,0,,Pflegefachkraft,Pflegefachkraft,EXAM,1.0,38.5,9240,9240,8316,10164,5,2,2,8,1,1,Pflegefachkraft,0,0.0,-1680,9,7,1,0,1,1683,0,LANGZEITABWESENHEIT,,,,,0,,0,,5,5,5,0,673,1,5,5,5,0,589,1,3,3,3,0,421,0,ST-ITS1,Intensivstation,12,Intensivmedizin,2.0,3.0,06:00,14:00,450,,13:30,21:30,450,F,21:15,06:15,495,F|S,11,10,8,10,30,45,8,38.5,30,0.05,0,2.0.0,20261146
AZ-001,2026-12-19,plan,19,Samstag,6,51,1,0,,Auszubildende_r_3_Ausbildungsjahr,Auszubildende,AUSZUBILDEND,1.0,38.5,9240,9240,8316,10164,5,2,2,8,1,0,nicht anrechenbar,0,0.0,-9240,8,6,1,0,0,1145,1,,,,,,0,,0,,4,4,4,0,458,1,4,4,4,0,401,1,2,2,2,0,286,0,ST-ITS1,Intensivstation,12,Intensivmedizin,2.0,3.0,06:00,14:00,450,,13:30,21:30,450,F,21:15,06:15,495,F|S,11,10,8,10,30,45,8,38.5,30,0.05,0,2.0.0,20261146
AZ-002,2026-12-19,plan,19,Samstag,6,51,1,0,,Auszubildende_r_2_Ausbildungsjahr,Auszubildende,AUSZUBILDEND,1.0,38.5,9240,9240,8316,10164,5,2,2,8,1,0,nicht anrechenbar,0,0.0,-9240,8,6,1,0,0,1145,1,,,,,,0,,0,,4,4,4,0,458,1,4,4,4,0,401,1,2,2,2,0,286,0,ST-ITS1,Intensivstation,12,Intensivmedizin,2.0,3.0,06:00,14:00,450,,13:30,21:30,450,F,21:15,06:15,495,F|S,11,10,8,10,30,45,8,38.5,30,0.05,0,2.0.0,20261146
AZ-003,2026-12-19,plan,19,Samstag,6,51,1,0,,Auszubildende_r_1_Ausbildungsjahr,Auszubildende,AUSZUBILDEND,1.0,38.5,9240,9240,8316,10164,5,2,2,0,0,0,nicht anrechenbar,0,0.0,-9240,8,6,1,0,0,1145,1,,,,,,0,,1,24,4,4,4,0,458,1,4,4,4,0,401,1,2,2,2,0,286,0,ST-ITS1,Intensivstation,12,Intensivmedizin,2.0,3.0,06:00,14:00,450,,13:30,21:30,450,F,21:15,06:15,495,F|S,11,10,8,10,30,45,8,38.5,30,0.05,0,2.0.0,20261146
PK-001,2026-12-19,plan,19,Samstag,6,51,1,0,,Stationsleitung,Pflegefachkraft,EXAM|LEITUNG|PRAXISANLEITUNG,1.0,38.5,9240,4620,4158,5082,5,2,2,0,0,1,Pflegefachkraft,1,0.5,5814,8,6,1,0,0,1145,1,,,,,,0,,0,,4,4,4,0,458,1,4,4,4,0,401,1,2,2,2,0,286,0,ST-ITS1,Intensivstation,12,Intensivmedizin,2.0,3.0,06:00,14:00,450,,13:30,21:30,450,F,21:15,06:15,495,F|S,11,10,8,10,30,45,8,38.5,30,0.05,0,2.0.0,20261146
PK-002,2026-12-19,plan,19,Samstag,6,51,1,0,,Pflegefachkraft,Pflegefachkraft,EXAM|PRAXISANLEITUNG|KARDIO_MONITORING,1.0,38.5,9240,9240,8316,10164,5,2,2,8,1,1,Pflegefachkraft,0,0.0,-1815,8,6,1,0,0,1145,1,,,,,,0,,0,,4,4,4,0,458,1,4,4,4,0,401,1,2,2,2,0,286,0,ST-ITS1,Intensivstation,12,Intensivmedizin,2.0,3.0,06:00,14:00,450,,13:30,21:30,450,F,21:15,06:15,495,F|S,11,10,8,10,30,45,8,38.5,30,0.05,0,2.0.0,20261146
PK-003,2026-12-19,plan,19,Samstag,6,51,1,0,,Pflegefachkraft,Pflegefachkraft,EXAM,1.0,38.5,9240,9240,8316,10164,5,2,2,8,1,1,Pflegefachkraft,0,0.0,-1815,8,6,1,0,0,1145,0,URLAUB,,,,,0,,0,,4,4,4,0,458,1,4,4,4,0,401,1,2,2,2,0,286,0,ST-ITS1,Intensivstation,12,Intensivmedizin,2.0,3.0,06:00,14:00,450,,13:30,21:30,450,F,21:15,06:15,495,F|S,11,10,8,10,30,45,8,38.5,30,0.05,0,2.0.0,20261146
PK-004,2026-12-19,plan,19,Samstag,6,51,1,0,,Pflegefachkraft,Pflegefachkraft,EXAM,1.0,38.5,9240,9240,8316,10164,5,2,2,8,1,1,Pflegefachkraft,0,0.0,-1995,8,6,1,0,0,1145,1,,,,,,0,,0,,4,4,4,0,458,1,4,4,4,0,401,1,2,2,2,0,286,0,ST-ITS1,Intensivstation,12,Intensivmedizin,2.0,3.0,06:00,14:00,450,,13:30,21:30,450,F,21:15,06:15,495,F|S,11,10,8,10,30,45,8,38.5,30,0.05,0,2.0.0,20261146
PK-005,2026-12-19,plan,19,Samstag,6,51,1,0,,Pflegefachkraft,Pflegefachkraft,EXAM,1.0,38.5,9240,9240,8316,10164,5,2,2,8,1,1,Pflegefachkraft,0,0.0,-1905,8,6,1,0,0,1145,1,,,,,,0,,0,,4,4,4,0,458,1,4,4,4,0,401,1,2,2,2,0,286,0,ST-ITS1,Intensivstation,12,Intensivmedizin,2.0,3.0,06:00,14:00,450,,13:30,21:30,450,F,21:15,06:15,495,F|S,11,10,8,10,30,45,8,38.5,30,0.05,0,2.0.0,20261146
PK-006,2026-12-19,plan,19,Samstag,6,51,1,0,,Pflegefachkraft,Pflegefachkraft,EXAM|PRAXISANLEITUNG|KARDIO_MONITORING,1.0,38.5,9240,9240,8316,10164,5,2,2,8,1,1,Pflegefachkraft,0,0.0,-1905,8,6,1,0,0,1145,1,,,,,,0,,0,,4,4,4,0,458,1,4,4,4,0,401,1,2,2,2,0,286,0,ST-ITS1,Intensivstation,12,Intensivmedizin,2.0,3.0,06:00,14:00,450,,13:30,21:30,450,F,21:15,06:15,495,F|S,11,10,8,10,30,45,8,38.5,30,0.05,0,2.0.0,20261146
PK-007,2026-12-19,plan,19,Samstag,6,51,1,0,,Pflegefachkraft,Pflegefachkraft,EXAM,1.0,38.5,9240,9240,8316,10164,5,2,2,8,1,1,Pflegefachkraft,0,0.0,1104,8,6,1,0,0,1145,1,,,,,,0,,0,,4,4,4,0,458,1,4,4,4,0,401,1,2,2,2,0,286,0,ST-ITS1,Intensivstation,12,Intensivmedizin,2.0,3.0,06:00,14:00,450,,13:30,21:30,450,F,21:15,06:15,495,F|S,11,10,8,10,30,45,8,38.5,30,0.05,0,2.0.0,20261146
PK-008,2026-12-19,plan,19,Samstag,6,51,1,0,,Pflegefachkraft,Pflegefachkraft,EXAM|KARDIO_MONITORING,1.0,38.5,9240,9240,8316,10164,5,2,2,8,1,1,Pflegefachkraft,0,0.0,-2265,8,6,1,0,0,1145,1,,,,,,0,,0,,4,4,4,0,458,1,4,4,4,0,401,1,2,2,2,0,286,0,ST-ITS1,Intensivstation,12,Intensivmedizin,2.0,3.0,06:00,14:00,450,,13:30,21:30,450,F,21:15,06:15,495,F|S,11,10,8,10,30,45,8,38.5,30,0.05,0,2.0.0,20261146
PK-009,2026-12-19,plan,19,Samstag,6,51,1,0,,Pflegefachkraft,Pflegefachkraft,EXAM,1.0,38.5,9240,9240,8316,10164,5,2,2,8,1,1,Pflegefachkraft,0,0.0,-1995,8,6,1,0,0,1145,1,,,,,,0,,0,,4,4,4,0,458,1,4,4,4,0,401,1,2,2,2,0,286,0,ST-ITS1,Intensivstation,12,Intensivmedizin,2.0,3.0,06:00,14:00,450,,13:30,21:30,450,F,21:15,06:15,495,F|S,11,10,8,10,30,45,8,38.5,30,0.05,0,2.0.0,20261146
PK-010,2026-12-19,plan,19,Samstag,6,51,1,0,,Pflegefachkraft,Pflegefachkraft,EXAM|PRAXISANLEITUNG|KARDIO_MONITORING,0.6,23.1,5544,5544,4990,6098,5,2,2,8,1,1,Pflegefachkraft,0,0.0,-999,8,6,1,0,0,1145,1,,,,,,0,,0,,4,4,4,0,458,1,4,4,4,0,401,1,2,2,2,0,286,0,ST-ITS1,Intensivstation,12,Intensivmedizin,2.0,3.0,06:00,14:00,450,,13:30,21:30,450,F,21:15,06:15,495,F|S,11,10,8,10,30,45,8,38.5,30,0.05,0,2.0.0,20261146
PK-011,2026-12-19,plan,19,Samstag,6,51,1,0,,Pflegefachkraft,Pflegefachkraft,EXAM|KARDIO_MONITORING,0.5,19.25,4620,4620,4158,5082,5,2,2,8,1,1,Pflegefachkraft,0,0.0,-1020,8,6,1,0,0,1145,1,,,,,,0,,1,24,4,4,4,0,458,1,4,4,4,0,401,1,2,2,2,0,286,0,ST-ITS1,Intensivstation,12,Intensivmedizin,2.0,3.0,06:00,14:00,450,,13:30,21:30,450,F,21:15,06:15,495,F|S,11,10,8,10,30,45,8,38.5,30,0.05,0,2.0.0,20261146
PK-012,2026-12-19,plan,19,Samstag,6,51,1,0,,Pflegefachkraft,Pflegefachkraft,EXAM|KARDIO_MONITORING,0.75,28.88,6931,6931,6238,7624,5,2,2,8,1,1,Pflegefachkraft,0,0.0,-1530,8,6,1,0,0,1145,1,,,,,,0,,0,,4,4,4,0,458,1,4,4,4,0,401,1,2,2,2,0,286,0,ST-ITS1,Intensivstation,12,Intensivmedizin,2.0,3.0,06:00,14:00,450,,13:30,21:30,450,F,21:15,06:15,495,F|S,11,10,8,10,30,45,8,38.5,30,0.05,0,2.0.0,20261146
PK-013,2026-12-19,plan,19,Samstag,6,51,1,0,,Pflegefachkraft,Pflegefachkraft,EXAM|KARDIO_MONITORING,1.0,38.5,9240,9240,8316,10164,5,2,2,8,1,1,Pflegefachkraft,0,0.0,-1905,8,6,1,0,0,1145,1,,,,,,0,,0,,4,4,4,0,458,1,4,4,4,0,401,1,2,2,2,0,286,0,ST-ITS1,Intensivstation,12,Intensivmedizin,2.0,3.0,06:00,14:00,450,,13:30,21:30,450,F,21:15,06:15,495,F|S,11,10,8,10,30,45,8,38.5,30,0.05,0,2.0.0,20261146
PK-014,2026-12-19,plan,19,Samstag,6,51,1,0,,Pflegefachkraft,Pflegefachkraft,EXAM,1.0,38.5,9240,9240,8316,10164,5,2,2,8,1,1,Pflegefachkraft,0,0.0,-1680,8,6,1,0,0,1145,1,,,,,,0,,0,,4,4,4,0,458,1,4,4,4,0,401,1,2,2,2,0,286,0,ST-ITS1,Intensivstation,12,Intensivmedizin,2.0,3.0,06:00,14:00,450,,13:30,21:30,450,F,21:15,06:15,495,F|S,11,10,8,10,30,45,8,38.5,30,0.05,0,2.0.0,20261146
PK-015,2026-12-19,plan,19,Samstag,6,51,1,0,,Pflegefachkraft,Pflegefachkraft,EXAM|KARDIO_MONITORING,0.5,19.25,4620,4620,4158,5082,5,2,2,8,1,1,Pflegefachkraft,0,0.0,-930,8,6,1,0,0,1145,1,,,,,,0,,0,,4,4,4,0,458,1,4,4,4,0,401,1,2,2,2,0,286,0,ST-ITS1,Intensivstation,12,Intensivmedizin,2.0,3.0,06:00,14:00,450,,13:30,21:30,450,F,21:15,06:15,495,F|S,11,10,8,10,30,45,8,38.5,30,0.05,0,2.0.0,20261146
PK-016,2026-12-19,plan,19,Samstag,6,51,1,0,,Pflegefachkraft,Pflegefachkraft,EXAM,0.9,34.65,8316,8316,7484,9148,5,2,2,8,1,1,Pflegefachkraft,0,0.0,1255,8,6,1,0,0,1145,1,,,,,,0,,0,,4,4,4,0,458,1,4,4,4,0,401,1,2,2,2,0,286,0,ST-ITS1,Intensivstation,12,Intensivmedizin,2.0,3.0,06:00,14:00,450,,13:30,21:30,450,F,21:15,06:15,495,F|S,11,10,8,10,30,45,8,38.5,30,0.05,0,2.0.0,20261146
PK-017,2026-12-19,plan,19,Samstag,6,51,1,0,,Pflegefachkraft,Pflegefachkraft,EXAM|KARDIO_MONITORING,1.0,38.5,9240,9240,8316,10164,5,2,2,8,1,1,Pflegefachkraft,0,0.0,-1680,8,6,1,0,0,1145,1,,,,,,0,,0,,4,4,4,0,458,1,4,4,4,0,401,1,2,2,2,0,286,0,ST-ITS1,Intensivstation,12,Intensivmedizin,2.0,3.0,06:00,14:00,450,,13:30,21:30,450,F,21:15,06:15,495,F|S,11,10,8,10,30,45,8,38.5,30,0.05,0,2.0.0,20261146
PK-018,2026-12-19,plan,19,Samstag,6,51,1,0,,Pflegefachkraft,Pflegefachkraft,EXAM|PRAXISANLEITUNG,0.6,23.1,5544,5544,4990,6098,5,2,2,8,1,1,Pflegefachkraft,0,0.0,-909,8,6,1,0,0,1145,0,URLAUB,,,,,0,,0,,4,4,4,0,458,1,4,4,4,0,401,1,2,2,2,0,286,0,ST-ITS1,Intensivstation,12,Intensivmedizin,2.0,3.0,06:00,14:00,450,,13:30,21:30,450,F,21:15,06:15,495,F|S,11,10,8,10,30,45,8,38.5,30,0.05,0,2.0.0,20261146
PK-019,2026-12-19,plan,19,Samstag,6,51,1,0,,Pflegefachkraft,Pflegefachkraft,EXAM,0.6,23.1,5544,5544,4990,6098,5,2,2,8,1,1,Pflegefachkraft,0,0.0,-954,8,6,1,0,0,1145,1,,,,,,0,,0,,4,4,4,0,458,1,4,4,4,0,401,1,2,2,2,0,286,0,ST-ITS1,Intensivstation,12,Intensivmedizin,2.0,3.0,06:00,14:00,450,,13:30,21:30,450,F,21:15,06:15,495,F|S,11,10,8,10,30,45,8,38.5,30,0.05,0,2.0.0,20261146
PK-020,2026-12-19,plan,19,Samstag,6,51,1,0,,Pflegefachkraft,Pflegefachkraft,EXAM|PRAXISANLEITUNG,0.8,30.8,7392,7392,6653,8131,5,2,2,8,1,1,Pflegefachkraft,0,0.0,-1497,8,6,1,0,0,1145,1,,,,,,0,,0,,4,4,4,0,458,1,4,4,4,0,401,1,2,2,2,0,286,0,ST-ITS1,Intensivstation,12,Intensivmedizin,2.0,3.0,06:00,14:00,450,,13:30,21:30,450,F,21:15,06:15,495,F|S,11,10,8,10,30,45,8,38.5,30,0.05,0,2.0.0,20261146
PK-021,2026-12-19,plan,19,Samstag,6,51,1,0,,Pflegefachkraft,Pflegefachkraft,EXAM|PRAXISANLEITUNG,0.5,19.25,4620,4620,4158,5082,5,2,2,8,1,1,Pflegefachkraft,0,0.0,-975,8,6,1,0,0,1145,1,,,,,,0,,0,,4,4,4,0,458,1,4,4,4,0,401,1,2,2,2,0,286,0,ST-ITS1,Intensivstation,12,Intensivmedizin,2.0,3.0,06:00,14:00,450,,13:30,21:30,450,F,21:15,06:15,495,F|S,11,10,8,10,30,45,8,38.5,30,0.05,0,2.0.0,20261146
PK-022,2026-12-19,plan,19,Samstag,6,51,1,0,,Pflegefachkraft,Pflegefachkraft,EXAM,0.7,26.95,6468,6468,5821,7115,5,2,2,8,1,1,Pflegefachkraft,0,0.0,-1473,8,6,1,0,0,1145,1,,,,,,0,,1,24,4,4,4,0,458,1,4,4,4,0,401,1,2,2,2,0,286,0,ST-ITS1,Intensivstation,12,Intensivmedizin,2.0,3.0,06:00,14:00,450,,13:30,21:30,450,F,21:15,06:15,495,F|S,11,10,8,10,30,45,8,38.5,30,0.05,0,2.0.0,20261146
PK-023,2026-12-19,plan,19,Samstag,6,51,1,0,,Pflegefachkraft,Pflegefachkraft,EXAM,1.0,38.5,9240,9240,8316,10164,5,2,2,8,1,1,Pflegefachkraft,0,0.0,-2040,8,6,1,0,0,1145,1,,,,,,0,,0,,4,4,4,0,458,1,4,4,4,0,401,1,2,2,2,0,286,0,ST-ITS1,Intensivstation,12,Intensivmedizin,2.0,3.0,06:00,14:00,450,,13:30,21:30,450,F,21:15,06:15,495,F|S,11,10,8,10,30,45,8,38.5,30,0.05,0,2.0.0,20261146
PK-024,2026-12-19,plan,19,Samstag,6,51,1,0,,Pflegefachkraft,Pflegefachkraft,EXAM|PRAXISANLEITUNG,1.0,38.5,9240,9240,8316,10164,5,2,2,8,1,1,Pflegefachkraft,0,0.0,-2310,8,6,1,0,0,1145,1,,,,,,0,,0,,4,4,4,0,458,1,4,4,4,0,401,1,2,2,2,0,286,0,ST-ITS1,Intensivstation,12,Intensivmedizin,2.0,3.0,06:00,14:00,450,,13:30,21:30,450,F,21:15,06:15,495,F|S,11,10,8,10,30,45,8,38.5,30,0.05,0,2.0.0,20261146
PK-025,2026-12-19,plan,19,Samstag,6,51,1,0,,Pflegefachkraft,Pflegefachkraft,EXAM,1.0,38.5,9240,9240,8316,10164,5,2,2,8,1,1,Pflegefachkraft,0,0.0,-1680,8,6,1,0,0,1145,0,LANGZEITABWESENHEIT,,,,,0,,0,,4,4,4,0,458,1,4,4,4,0,401,1,2,2,2,0,286,0,ST-ITS1,Intensivstation,12,Intensivmedizin,2.0,3.0,06:00,14:00,450,,13:30,21:30,450,F,21:15,06:15,495,F|S,11,10,8,10,30,45,8,38.5,30,0.05,0,2.0.0,20261146
AZ-001,2026-12-20,plan,20,Sonntag,7,51,1,0,,Auszubildende_r_3_Ausbildungsjahr,Auszubildende,AUSZUBILDEND,1.0,38.5,9240,9240,8316,10164,5,2,2,8,1,0,nicht anrechenbar,0,0.0,-9240,8,7,0,0,2,1509,1,,,,,,0,,0,,4,4,4,0,604,1,4,4,4,0,528,1,3,3,3,0,377,0,ST-ITS1,Intensivstation,12,Intensivmedizin,2.0,3.0,06:00,14:00,450,,13:30,21:30,450,F,21:15,06:15,495,F|S,11,10,8,10,30,45,8,38.5,30,0.05,0,2.0.0,20261146
AZ-002,2026-12-20,plan,20,Sonntag,7,51,1,0,,Auszubildende_r_2_Ausbildungsjahr,Auszubildende,AUSZUBILDEND,1.0,38.5,9240,9240,8316,10164,5,2,2,8,1,0,nicht anrechenbar,0,0.0,-9240,8,7,0,0,2,1509,1,,,,,,0,,0,,4,4,4,0,604,1,4,4,4,0,528,1,3,3,3,0,377,0,ST-ITS1,Intensivstation,12,Intensivmedizin,2.0,3.0,06:00,14:00,450,,13:30,21:30,450,F,21:15,06:15,495,F|S,11,10,8,10,30,45,8,38.5,30,0.05,0,2.0.0,20261146
AZ-003,2026-12-20,plan,20,Sonntag,7,51,1,0,,Auszubildende_r_1_Ausbildungsjahr,Auszubildende,AUSZUBILDEND,1.0,38.5,9240,9240,8316,10164,5,2,2,0,0,0,nicht anrechenbar,0,0.0,-9240,8,7,0,0,2,1509,1,,,,,,0,,1,24,4,4,4,0,604,1,4,4,4,0,528,1,3,3,3,0,377,0,ST-ITS1,Intensivstation,12,Intensivmedizin,2.0,3.0,06:00,14:00,450,,13:30,21:30,450,F,21:15,06:15,495,F|S,11,10,8,10,30,45,8,38.5,30,0.05,0,2.0.0,20261146
PK-001,2026-12-20,plan,20,Sonntag,7,51,1,0,,Stationsleitung,Pflegefachkraft,EXAM|LEITUNG|PRAXISANLEITUNG,1.0,38.5,9240,4620,4158,5082,5,2,2,0,0,1,Pflegefachkraft,1,0.5,5814,8,7,0,0,2,1509,1,,,,,,0,,0,,4,4,4,0,604,1,4,4,4,0,528,1,3,3,3,0,377,0,ST-ITS1,Intensivstation,12,Intensivmedizin,2.0,3.0,06:00,14:00,450,,13:30,21:30,450,F,21:15,06:15,495,F|S,11,10,8,10,30,45,8,38.5,30,0.05,0,2.0.0,20261146
PK-002,2026-12-20,plan,20,Sonntag,7,51,1,0,,Pflegefachkraft,Pflegefachkraft,EXAM|PRAXISANLEITUNG|KARDIO_MONITORING,1.0,38.5,9240,9240,8316,10164,5,2,2,8,1,1,Pflegefachkraft,0,0.0,-1815,8,7,0,0,2,1509,1,,,,,,0,,0,,4,4,4,0,604,1,4,4,4,0,528,1,3,3,3,0,377,0,ST-ITS1,Intensivstation,12,Intensivmedizin,2.0,3.0,06:00,14:00,450,,13:30,21:30,450,F,21:15,06:15,495,F|S,11,10,8,10,30,45,8,38.5,30,0.05,0,2.0.0,20261146
PK-003,2026-12-20,plan,20,Sonntag,7,51,1,0,,Pflegefachkraft,Pflegefachkraft,EXAM,1.0,38.5,9240,9240,8316,10164,5,2,2,8,1,1,Pflegefachkraft,0,0.0,-1815,8,7,0,0,2,1509,0,URLAUB,,,,,0,,0,,4,4,4,0,604,1,4,4,4,0,528,1,3,3,3,0,377,0,ST-ITS1,Intensivstation,12,Intensivmedizin,2.0,3.0,06:00,14:00,450,,13:30,21:30,450,F,21:15,06:15,495,F|S,11,10,8,10,30,45,8,38.5,30,0.05,0,2.0.0,20261146
PK-004,2026-12-20,plan,20,Sonntag,7,51,1,0,,Pflegefachkraft,Pflegefachkraft,EXAM,1.0,38.5,9240,9240,8316,10164,5,2,2,8,1,1,Pflegefachkraft,0,0.0,-1995,8,7,0,0,2,1509,1,,,,,,0,,0,,4,4,4,0,604,1,4,4,4,0,528,1,3,3,3,0,377,0,ST-ITS1,Intensivstation,12,Intensivmedizin,2.0,3.0,06:00,14:00,450,,13:30,21:30,450,F,21:15,06:15,495,F|S,11,10,8,10,30,45,8,38.5,30,0.05,0,2.0.0,20261146
PK-005,2026-12-20,plan,20,Sonntag,7,51,1,0,,Pflegefachkraft,Pflegefachkraft,EXAM,1.0,38.5,9240,9240,8316,10164,5,2,2,8,1,1,Pflegefachkraft,0,0.0,-1905,8,7,0,0,2,1509,1,,,,,,0,,0,,4,4,4,0,604,1,4,4,4,0,528,1,3,3,3,0,377,0,ST-ITS1,Intensivstation,12,Intensivmedizin,2.0,3.0,06:00,14:00,450,,13:30,21:30,450,F,21:15,06:15,495,F|S,11,10,8,10,30,45,8,38.5,30,0.05,0,2.0.0,20261146
PK-006,2026-12-20,plan,20,Sonntag,7,51,1,0,,Pflegefachkraft,Pflegefachkraft,EXAM|PRAXISANLEITUNG|KARDIO_MONITORING,1.0,38.5,9240,9240,8316,10164,5,2,2,8,1,1,Pflegefachkraft,0,0.0,-1905,8,7,0,0,2,1509,1,,,,,,0,,0,,4,4,4,0,604,1,4,4,4,0,528,1,3,3,3,0,377,0,ST-ITS1,Intensivstation,12,Intensivmedizin,2.0,3.0,06:00,14:00,450,,13:30,21:30,450,F,21:15,06:15,495,F|S,11,10,8,10,30,45,8,38.5,30,0.05,0,2.0.0,20261146
PK-007,2026-12-20,plan,20,Sonntag,7,51,1,0,,Pflegefachkraft,Pflegefachkraft,EXAM,1.0,38.5,9240,9240,8316,10164,5,2,2,8,1,1,Pflegefachkraft,0,0.0,1104,8,7,0,0,2,1509,1,,,,,,0,,0,,4,4,4,0,604,1,4,4,4,0,528,1,3,3,3,0,377,0,ST-ITS1,Intensivstation,12,Intensivmedizin,2.0,3.0,06:00,14:00,450,,13:30,21:30,450,F,21:15,06:15,495,F|S,11,10,8,10,30,45,8,38.5,30,0.05,0,2.0.0,20261146
PK-008,2026-12-20,plan,20,Sonntag,7,51,1,0,,Pflegefachkraft,Pflegefachkraft,EXAM|KARDIO_MONITORING,1.0,38.5,9240,9240,8316,10164,5,2,2,8,1,1,Pflegefachkraft,0,0.0,-2265,8,7,0,0,2,1509,1,,,,,,0,,0,,4,4,4,0,604,1,4,4,4,0,528,1,3,3,3,0,377,0,ST-ITS1,Intensivstation,12,Intensivmedizin,2.0,3.0,06:00,14:00,450,,13:30,21:30,450,F,21:15,06:15,495,F|S,11,10,8,10,30,45,8,38.5,30,0.05,0,2.0.0,20261146
PK-009,2026-12-20,plan,20,Sonntag,7,51,1,0,,Pflegefachkraft,Pflegefachkraft,EXAM,1.0,38.5,9240,9240,8316,10164,5,2,2,8,1,1,Pflegefachkraft,0,0.0,-1995,8,7,0,0,2,1509,1,,,,,,0,,0,,4,4,4,0,604,1,4,4,4,0,528,1,3,3,3,0,377,0,ST-ITS1,Intensivstation,12,Intensivmedizin,2.0,3.0,06:00,14:00,450,,13:30,21:30,450,F,21:15,06:15,495,F|S,11,10,8,10,30,45,8,38.5,30,0.05,0,2.0.0,20261146
PK-010,2026-12-20,plan,20,Sonntag,7,51,1,0,,Pflegefachkraft,Pflegefachkraft,EXAM|PRAXISANLEITUNG|KARDIO_MONITORING,0.6,23.1,5544,5544,4990,6098,5,2,2,8,1,1,Pflegefachkraft,0,0.0,-999,8,7,0,0,2,1509,1,,,,,,0,,0,,4,4,4,0,604,1,4,4,4,0,528,1,3,3,3,0,377,0,ST-ITS1,Intensivstation,12,Intensivmedizin,2.0,3.0,06:00,14:00,450,,13:30,21:30,450,F,21:15,06:15,495,F|S,11,10,8,10,30,45,8,38.5,30,0.05,0,2.0.0,20261146
PK-011,2026-12-20,plan,20,Sonntag,7,51,1,0,,Pflegefachkraft,Pflegefachkraft,EXAM|KARDIO_MONITORING,0.5,19.25,4620,4620,4158,5082,5,2,2,8,1,1,Pflegefachkraft,0,0.0,-1020,8,7,0,0,2,1509,1,,,,,,0,,1,24,4,4,4,0,604,1,4,4,4,0,528,1,3,3,3,0,377,0,ST-ITS1,Intensivstation,12,Intensivmedizin,2.0,3.0,06:00,14:00,450,,13:30,21:30,450,F,21:15,06:15,495,F|S,11,10,8,10,30,45,8,38.5,30,0.05,0,2.0.0,20261146
PK-012,2026-12-20,plan,20,Sonntag,7,51,1,0,,Pflegefachkraft,Pflegefachkraft,EXAM|KARDIO_MONITORING,0.75,28.88,6931,6931,6238,7624,5,2,2,8,1,1,Pflegefachkraft,0,0.0,-1530,8,7,0,0,2,1509,1,,,,,,0,,0,,4,4,4,0,604,1,4,4,4,0,528,1,3,3,3,0,377,0,ST-ITS1,Intensivstation,12,Intensivmedizin,2.0,3.0,06:00,14:00,450,,13:30,21:30,450,F,21:15,06:15,495,F|S,11,10,8,10,30,45,8,38.5,30,0.05,0,2.0.0,20261146
PK-013,2026-12-20,plan,20,Sonntag,7,51,1,0,,Pflegefachkraft,Pflegefachkraft,EXAM|KARDIO_MONITORING,1.0,38.5,9240,9240,8316,10164,5,2,2,8,1,1,Pflegefachkraft,0,0.0,-1905,8,7,0,0,2,1509,1,,,,,,0,,0,,4,4,4,0,604,1,4,4,4,0,528,1,3,3,3,0,377,0,ST-ITS1,Intensivstation,12,Intensivmedizin,2.0,3.0,06:00,14:00,450,,13:30,21:30,450,F,21:15,06:15,495,F|S,11,10,8,10,30,45,8,38.5,30,0.05,0,2.0.0,20261146
PK-014,2026-12-20,plan,20,Sonntag,7,51,1,0,,Pflegefachkraft,Pflegefachkraft,EXAM,1.0,38.5,9240,9240,8316,10164,5,2,2,8,1,1,Pflegefachkraft,0,0.0,-1680,8,7,0,0,2,1509,1,,,,,,0,,0,,4,4,4,0,604,1,4,4,4,0,528,1,3,3,3,0,377,0,ST-ITS1,Intensivstation,12,Intensivmedizin,2.0,3.0,06:00,14:00,450,,13:30,21:30,450,F,21:15,06:15,495,F|S,11,10,8,10,30,45,8,38.5,30,0.05,0,2.0.0,20261146
PK-015,2026-12-20,plan,20,Sonntag,7,51,1,0,,Pflegefachkraft,Pflegefachkraft,EXAM|KARDIO_MONITORING,0.5,19.25,4620,4620,4158,5082,5,2,2,8,1,1,Pflegefachkraft,0,0.0,-930,8,7,0,0,2,1509,1,,,,,,0,,0,,4,4,4,0,604,1,4,4,4,0,528,1,3,3,3,0,377,0,ST-ITS1,Intensivstation,12,Intensivmedizin,2.0,3.0,06:00,14:00,450,,13:30,21:30,450,F,21:15,06:15,495,F|S,11,10,8,10,30,45,8,38.5,30,0.05,0,2.0.0,20261146
PK-016,2026-12-20,plan,20,Sonntag,7,51,1,0,,Pflegefachkraft,Pflegefachkraft,EXAM,0.9,34.65,8316,8316,7484,9148,5,2,2,8,1,1,Pflegefachkraft,0,0.0,1255,8,7,0,0,2,1509,1,,,,,,0,,0,,4,4,4,0,604,1,4,4,4,0,528,1,3,3,3,0,377,0,ST-ITS1,Intensivstation,12,Intensivmedizin,2.0,3.0,06:00,14:00,450,,13:30,21:30,450,F,21:15,06:15,495,F|S,11,10,8,10,30,45,8,38.5,30,0.05,0,2.0.0,20261146
PK-017,2026-12-20,plan,20,Sonntag,7,51,1,0,,Pflegefachkraft,Pflegefachkraft,EXAM|KARDIO_MONITORING,1.0,38.5,9240,9240,8316,10164,5,2,2,8,1,1,Pflegefachkraft,0,0.0,-1680,8,7,0,0,2,1509,1,,,,,,0,,0,,4,4,4,0,604,1,4,4,4,0,528,1,3,3,3,0,377,0,ST-ITS1,Intensivstation,12,Intensivmedizin,2.0,3.0,06:00,14:00,450,,13:30,21:30,450,F,21:15,06:15,495,F|S,11,10,8,10,30,45,8,38.5,30,0.05,0,2.0.0,20261146
PK-018,2026-12-20,plan,20,Sonntag,7,51,1,0,,Pflegefachkraft,Pflegefachkraft,EXAM|PRAXISANLEITUNG,0.6,23.1,5544,5544,4990,6098,5,2,2,8,1,1,Pflegefachkraft,0,0.0,-909,8,7,0,0,2,1509,0,URLAUB,,,,,0,,0,,4,4,4,0,604,1,4,4,4,0,528,1,3,3,3,0,377,0,ST-ITS1,Intensivstation,12,Intensivmedizin,2.0,3.0,06:00,14:00,450,,13:30,21:30,450,F,21:15,06:15,495,F|S,11,10,8,10,30,45,8,38.5,30,0.05,0,2.0.0,20261146
PK-019,2026-12-20,plan,20,Sonntag,7,51,1,0,,Pflegefachkraft,Pflegefachkraft,EXAM,0.6,23.1,5544,5544,4990,6098,5,2,2,8,1,1,Pflegefachkraft,0,0.0,-954,8,7,0,0,2,1509,1,,,,,,0,,0,,4,4,4,0,604,1,4,4,4,0,528,1,3,3,3,0,377,0,ST-ITS1,Intensivstation,12,Intensivmedizin,2.0,3.0,06:00,14:00,450,,13:30,21:30,450,F,21:15,06:15,495,F|S,11,10,8,10,30,45,8,38.5,30,0.05,0,2.0.0,20261146
PK-020,2026-12-20,plan,20,Sonntag,7,51,1,0,,Pflegefachkraft,Pflegefachkraft,EXAM|PRAXISANLEITUNG,0.8,30.8,7392,7392,6653,8131,5,2,2,8,1,1,Pflegefachkraft,0,0.0,-1497,8,7,0,0,2,1509,1,,,,,,0,,0,,4,4,4,0,604,1,4,4,4,0,528,1,3,3,3,0,377,0,ST-ITS1,Intensivstation,12,Intensivmedizin,2.0,3.0,06:00,14:00,450,,13:30,21:30,450,F,21:15,06:15,495,F|S,11,10,8,10,30,45,8,38.5,30,0.05,0,2.0.0,20261146
PK-021,2026-12-20,plan,20,Sonntag,7,51,1,0,,Pflegefachkraft,Pflegefachkraft,EXAM|PRAXISANLEITUNG,0.5,19.25,4620,4620,4158,5082,5,2,2,8,1,1,Pflegefachkraft,0,0.0,-975,8,7,0,0,2,1509,1,,,,,,1,12,0,,4,4,4,0,604,1,4,4,4,0,528,1,3,3,3,0,377,0,ST-ITS1,Intensivstation,12,Intensivmedizin,2.0,3.0,06:00,14:00,450,,13:30,21:30,450,F,21:15,06:15,495,F|S,11,10,8,10,30,45,8,38.5,30,0.05,0,2.0.0,20261146
PK-022,2026-12-20,plan,20,Sonntag,7,51,1,0,,Pflegefachkraft,Pflegefachkraft,EXAM,0.7,26.95,6468,6468,5821,7115,5,2,2,8,1,1,Pflegefachkraft,0,0.0,-1473,8,7,0,0,2,1509,1,,,,,,0,,0,,4,4,4,0,604,1,4,4,4,0,528,1,3,3,3,0,377,0,ST-ITS1,Intensivstation,12,Intensivmedizin,2.0,3.0,06:00,14:00,450,,13:30,21:30,450,F,21:15,06:15,495,F|S,11,10,8,10,30,45,8,38.5,30,0.05,0,2.0.0,20261146
PK-023,2026-12-20,plan,20,Sonntag,7,51,1,0,,Pflegefachkraft,Pflegefachkraft,EXAM,1.0,38.5,9240,9240,8316,10164,5,2,2,8,1,1,Pflegefachkraft,0,0.0,-2040,8,7,0,0,2,1509,1,,,,,,0,,0,,4,4,4,0,604,1,4,4,4,0,528,1,3,3,3,0,377,0,ST-ITS1,Intensivstation,12,Intensivmedizin,2.0,3.0,06:00,14:00,450,,13:30,21:30,450,F,21:15,06:15,495,F|S,11,10,8,10,30,45,8,38.5,30,0.05,0,2.0.0,20261146
PK-024,2026-12-20,plan,20,Sonntag,7,51,1,0,,Pflegefachkraft,Pflegefachkraft,EXAM|PRAXISANLEITUNG,1.0,38.5,9240,9240,8316,10164,5,2,2,8,1,1,Pflegefachkraft,0,0.0,-2310,8,7,0,0,2,1509,1,,,,,,0,,0,,4,4,4,0,604,1,4,4,4,0,528,1,3,3,3,0,377,0,ST-ITS1,Intensivstation,12,Intensivmedizin,2.0,3.0,06:00,14:00,450,,13:30,21:30,450,F,21:15,06:15,495,F|S,11,10,8,10,30,45,8,38.5,30,0.05,0,2.0.0,20261146
PK-025,2026-12-20,plan,20,Sonntag,7,51,1,0,,Pflegefachkraft,Pflegefachkraft,EXAM,1.0,38.5,9240,9240,8316,10164,5,2,2,8,1,1,Pflegefachkraft,0,0.0,-1680,8,7,0,0,2,1509,0,LANGZEITABWESENHEIT,,,,,0,,0,,4,4,4,0,604,1,4,4,4,0,528,1,3,3,3,0,377,0,ST-ITS1,Intensivstation,12,Intensivmedizin,2.0,3.0,06:00,14:00,450,,13:30,21:30,450,F,21:15,06:15,495,F|S,11,10,8,10,30,45,8,38.5,30,0.05,0,2.0.0,20261146
AZ-001,2026-12-21,plan,21,Montag,1,52,0,0,,Auszubildende_r_3_Ausbildungsjahr,Auszubildende,AUSZUBILDEND,1.0,38.5,9240,9240,8316,10164,5,2,2,8,1,0,nicht anrechenbar,0,0.0,-9240,9,7,1,3,1,1638,1,,,,,,0,,0,,5,5,5,0,655,1,5,5,5,0,573,1,3,3,3,0,410,0,ST-ITS1,Intensivstation,12,Intensivmedizin,2.0,3.0,06:00,14:00,450,,13:30,21:30,450,F,21:15,06:15,495,F|S,11,10,8,10,30,45,8,38.5,30,0.05,0,2.0.0,20261146
AZ-002,2026-12-21,plan,21,Montag,1,52,0,0,,Auszubildende_r_2_Ausbildungsjahr,Auszubildende,AUSZUBILDEND,1.0,38.5,9240,9240,8316,10164,5,2,2,8,1,0,nicht anrechenbar,0,0.0,-9240,9,7,1,3,1,1638,1,,,,,,0,,0,,5,5,5,0,655,1,5,5,5,0,573,1,3,3,3,0,410,0,ST-ITS1,Intensivstation,12,Intensivmedizin,2.0,3.0,06:00,14:00,450,,13:30,21:30,450,F,21:15,06:15,495,F|S,11,10,8,10,30,45,8,38.5,30,0.05,0,2.0.0,20261146
AZ-003,2026-12-21,plan,21,Montag,1,52,0,0,,Auszubildende_r_1_Ausbildungsjahr,Auszubildende,AUSZUBILDEND,1.0,38.5,9240,9240,8316,10164,5,2,2,0,0,0,nicht anrechenbar,0,0.0,-9240,9,7,1,3,1,1638,1,,,,,,0,,1,24,5,5,5,0,655,1,5,5,5,0,573,1,3,3,3,0,410,0,ST-ITS1,Intensivstation,12,Intensivmedizin,2.0,3.0,06:00,14:00,450,,13:30,21:30,450,F,21:15,06:15,495,F|S,11,10,8,10,30,45,8,38.5,30,0.05,0,2.0.0,20261146
PK-001,2026-12-21,plan,21,Montag,1,52,0,0,,Stationsleitung,Pflegefachkraft,EXAM|LEITUNG|PRAXISANLEITUNG,1.0,38.5,9240,4620,4158,5082,5,2,2,0,0,1,Pflegefachkraft,1,0.5,5814,9,7,1,3,1,1638,1,,,,,,0,,0,,5,5,5,0,655,1,5,5,5,0,573,1,3,3,3,0,410,0,ST-ITS1,Intensivstation,12,Intensivmedizin,2.0,3.0,06:00,14:00,450,,13:30,21:30,450,F,21:15,06:15,495,F|S,11,10,8,10,30,45,8,38.5,30,0.05,0,2.0.0,20261146
PK-002,2026-12-21,plan,21,Montag,1,52,0,0,,Pflegefachkraft,Pflegefachkraft,EXAM|PRAXISANLEITUNG|KARDIO_MONITORING,1.0,38.5,9240,9240,8316,10164,5,2,2,8,1,1,Pflegefachkraft,0,0.0,-1815,9,7,1,3,1,1638,1,,3,,,,0,,0,,5,5,5,0,655,1,5,5,5,0,573,1,3,3,3,0,410,0,ST-ITS1,Intensivstation,12,Intensivmedizin,2.0,3.0,06:00,14:00,450,,13:30,21:30,450,F,21:15,06:15,495,F|S,11,10,8,10,30,45,8,38.5,30,0.05,0,2.0.0,20261146
PK-003,2026-12-21,plan,21,Montag,1,52,0,0,,Pflegefachkraft,Pflegefachkraft,EXAM,1.0,38.5,9240,9240,8316,10164,5,2,2,8,1,1,Pflegefachkraft,0,0.0,-1815,9,7,1,3,1,1638,0,URLAUB,,,,,0,,0,,5,5,5,0,655,1,5,5,5,0,573,1,3,3,3,0,410,0,ST-ITS1,Intensivstation,12,Intensivmedizin,2.0,3.0,06:00,14:00,450,,13:30,21:30,450,F,21:15,06:15,495,F|S,11,10,8,10,30,45,8,38.5,30,0.05,0,2.0.0,20261146
PK-004,2026-12-21,plan,21,Montag,1,52,0,0,,Pflegefachkraft,Pflegefachkraft,EXAM,1.0,38.5,9240,9240,8316,10164,5,2,2,8,1,1,Pflegefachkraft,0,0.0,-1995,9,7,1,3,1,1638,1,,,,,,0,,0,,5,5,5,0,655,1,5,5,5,0,573,1,3,3,3,0,410,0,ST-ITS1,Intensivstation,12,Intensivmedizin,2.0,3.0,06:00,14:00,450,,13:30,21:30,450,F,21:15,06:15,495,F|S,11,10,8,10,30,45,8,38.5,30,0.05,0,2.0.0,20261146
PK-005,2026-12-21,plan,21,Montag,1,52,0,0,,Pflegefachkraft,Pflegefachkraft,EXAM,1.0,38.5,9240,9240,8316,10164,5,2,2,8,1,1,Pflegefachkraft,0,0.0,-1905,9,7,1,3,1,1638,1,,,,,,0,,0,,5,5,5,0,655,1,5,5,5,0,573,1,3,3,3,0,410,0,ST-ITS1,Intensivstation,12,Intensivmedizin,2.0,3.0,06:00,14:00,450,,13:30,21:30,450,F,21:15,06:15,495,F|S,11,10,8,10,30,45,8,38.5,30,0.05,0,2.0.0,20261146
PK-006,2026-12-21,plan,21,Montag,1,52,0,0,,Pflegefachkraft,Pflegefachkraft,EXAM|PRAXISANLEITUNG|KARDIO_MONITORING,1.0,38.5,9240,9240,8316,10164,5,2,2,8,1,1,Pflegefachkraft,0,0.0,-1905,9,7,1,3,1,1638,1,,,,,,0,,0,,5,5,5,0,655,1,5,5,5,0,573,1,3,3,3,0,410,0,ST-ITS1,Intensivstation,12,Intensivmedizin,2.0,3.0,06:00,14:00,450,,13:30,21:30,450,F,21:15,06:15,495,F|S,11,10,8,10,30,45,8,38.5,30,0.05,0,2.0.0,20261146
PK-007,2026-12-21,plan,21,Montag,1,52,0,0,,Pflegefachkraft,Pflegefachkraft,EXAM,1.0,38.5,9240,9240,8316,10164,5,2,2,8,1,1,Pflegefachkraft,0,0.0,1104,9,7,1,3,1,1638,1,,,,,,0,,0,,5,5,5,0,655,1,5,5,5,0,573,1,3,3,3,0,410,0,ST-ITS1,Intensivstation,12,Intensivmedizin,2.0,3.0,06:00,14:00,450,,13:30,21:30,450,F,21:15,06:15,495,F|S,11,10,8,10,30,45,8,38.5,30,0.05,0,2.0.0,20261146
PK-008,2026-12-21,plan,21,Montag,1,52,0,0,,Pflegefachkraft,Pflegefachkraft,EXAM|KARDIO_MONITORING,1.0,38.5,9240,9240,8316,10164,5,2,2,8,1,1,Pflegefachkraft,0,0.0,-2265,9,7,1,3,1,1638,1,,,,,,0,,0,,5,5,5,0,655,1,5,5,5,0,573,1,3,3,3,0,410,0,ST-ITS1,Intensivstation,12,Intensivmedizin,2.0,3.0,06:00,14:00,450,,13:30,21:30,450,F,21:15,06:15,495,F|S,11,10,8,10,30,45,8,38.5,30,0.05,0,2.0.0,20261146
PK-009,2026-12-21,plan,21,Montag,1,52,0,0,,Pflegefachkraft,Pflegefachkraft,EXAM,1.0,38.5,9240,9240,8316,10164,5,2,2,8,1,1,Pflegefachkraft,0,0.0,-1995,9,7,1,3,1,1638,1,,,,,,0,,0,,5,5,5,0,655,1,5,5,5,0,573,1,3,3,3,0,410,0,ST-ITS1,Intensivstation,12,Intensivmedizin,2.0,3.0,06:00,14:00,450,,13:30,21:30,450,F,21:15,06:15,495,F|S,11,10,8,10,30,45,8,38.5,30,0.05,0,2.0.0,20261146
PK-010,2026-12-21,plan,21,Montag,1,52,0,0,,Pflegefachkraft,Pflegefachkraft,EXAM|PRAXISANLEITUNG|KARDIO_MONITORING,0.6,23.1,5544,5544,4990,6098,5,2,2,8,1,1,Pflegefachkraft,0,0.0,-999,9,7,1,3,1,1638,1,,,,,,0,,0,,5,5,5,0,655,1,5,5,5,0,573,1,3,3,3,0,410,0,ST-ITS1,Intensivstation,12,Intensivmedizin,2.0,3.0,06:00,14:00,450,,13:30,21:30,450,F,21:15,06:15,495,F|S,11,10,8,10,30,45,8,38.5,30,0.05,0,2.0.0,20261146
PK-011,2026-12-21,plan,21,Montag,1,52,0,0,,Pflegefachkraft,Pflegefachkraft,EXAM|KARDIO_MONITORING,0.5,19.25,4620,4620,4158,5082,5,2,2,8,1,1,Pflegefachkraft,0,0.0,-1020,9,7,1,3,1,1638,1,,,,,,0,,1,24,5,5,5,0,655,1,5,5,5,0,573,1,3,3,3,0,410,0,ST-ITS1,Intensivstation,12,Intensivmedizin,2.0,3.0,06:00,14:00,450,,13:30,21:30,450,F,21:15,06:15,495,F|S,11,10,8,10,30,45,8,38.5,30,0.05,0,2.0.0,20261146
PK-012,2026-12-21,plan,21,Montag,1,52,0,0,,Pflegefachkraft,Pflegefachkraft,EXAM|KARDIO_MONITORING,0.75,28.88,6931,6931,6238,7624,5,2,2,8,1,1,Pflegefachkraft,0,0.0,-1530,9,7,1,3,1,1638,1,,,,,,0,,0,,5,5,5,0,655,1,5,5,5,0,573,1,3,3,3,0,410,0,ST-ITS1,Intensivstation,12,Intensivmedizin,2.0,3.0,06:00,14:00,450,,13:30,21:30,450,F,21:15,06:15,495,F|S,11,10,8,10,30,45,8,38.5,30,0.05,0,2.0.0,20261146
PK-013,2026-12-21,plan,21,Montag,1,52,0,0,,Pflegefachkraft,Pflegefachkraft,EXAM|KARDIO_MONITORING,1.0,38.5,9240,9240,8316,10164,5,2,2,8,1,1,Pflegefachkraft,0,0.0,-1905,9,7,1,3,1,1638,1,,,,,,0,,0,,5,5,5,0,655,1,5,5,5,0,573,1,3,3,3,0,410,0,ST-ITS1,Intensivstation,12,Intensivmedizin,2.0,3.0,06:00,14:00,450,,13:30,21:30,450,F,21:15,06:15,495,F|S,11,10,8,10,30,45,8,38.5,30,0.05,0,2.0.0,20261146
PK-014,2026-12-21,plan,21,Montag,1,52,0,0,,Pflegefachkraft,Pflegefachkraft,EXAM,1.0,38.5,9240,9240,8316,10164,5,2,2,8,1,1,Pflegefachkraft,0,0.0,-1680,9,7,1,3,1,1638,1,,,,,,0,,0,,5,5,5,0,655,1,5,5,5,0,573,1,3,3,3,0,410,0,ST-ITS1,Intensivstation,12,Intensivmedizin,2.0,3.0,06:00,14:00,450,,13:30,21:30,450,F,21:15,06:15,495,F|S,11,10,8,10,30,45,8,38.5,30,0.05,0,2.0.0,20261146
PK-015,2026-12-21,plan,21,Montag,1,52,0,0,,Pflegefachkraft,Pflegefachkraft,EXAM|KARDIO_MONITORING,0.5,19.25,4620,4620,4158,5082,5,2,2,8,1,1,Pflegefachkraft,0,0.0,-930,9,7,1,3,1,1638,1,,,,,,0,,0,,5,5,5,0,655,1,5,5,5,0,573,1,3,3,3,0,410,0,ST-ITS1,Intensivstation,12,Intensivmedizin,2.0,3.0,06:00,14:00,450,,13:30,21:30,450,F,21:15,06:15,495,F|S,11,10,8,10,30,45,8,38.5,30,0.05,0,2.0.0,20261146
PK-016,2026-12-21,plan,21,Montag,1,52,0,0,,Pflegefachkraft,Pflegefachkraft,EXAM,0.9,34.65,8316,8316,7484,9148,5,2,2,8,1,1,Pflegefachkraft,0,0.0,1255,9,7,1,3,1,1638,1,,3,,,,0,,0,,5,5,5,0,655,1,5,5,5,0,573,1,3,3,3,0,410,0,ST-ITS1,Intensivstation,12,Intensivmedizin,2.0,3.0,06:00,14:00,450,,13:30,21:30,450,F,21:15,06:15,495,F|S,11,10,8,10,30,45,8,38.5,30,0.05,0,2.0.0,20261146
PK-017,2026-12-21,plan,21,Montag,1,52,0,0,,Pflegefachkraft,Pflegefachkraft,EXAM|KARDIO_MONITORING,1.0,38.5,9240,9240,8316,10164,5,2,2,8,1,1,Pflegefachkraft,0,0.0,-1680,9,7,1,3,1,1638,1,,,,,,0,,0,,5,5,5,0,655,1,5,5,5,0,573,1,3,3,3,0,410,0,ST-ITS1,Intensivstation,12,Intensivmedizin,2.0,3.0,06:00,14:00,450,,13:30,21:30,450,F,21:15,06:15,495,F|S,11,10,8,10,30,45,8,38.5,30,0.05,0,2.0.0,20261146
PK-018,2026-12-21,plan,21,Montag,1,52,0,0,,Pflegefachkraft,Pflegefachkraft,EXAM|PRAXISANLEITUNG,0.6,23.1,5544,5544,4990,6098,5,2,2,8,1,1,Pflegefachkraft,0,0.0,-909,9,7,1,3,1,1638,0,URLAUB,,,,,0,,0,,5,5,5,0,655,1,5,5,5,0,573,1,3,3,3,0,410,0,ST-ITS1,Intensivstation,12,Intensivmedizin,2.0,3.0,06:00,14:00,450,,13:30,21:30,450,F,21:15,06:15,495,F|S,11,10,8,10,30,45,8,38.5,30,0.05,0,2.0.0,20261146
PK-019,2026-12-21,plan,21,Montag,1,52,0,0,,Pflegefachkraft,Pflegefachkraft,EXAM,0.6,23.1,5544,5544,4990,6098,5,2,2,8,1,1,Pflegefachkraft,0,0.0,-954,9,7,1,3,1,1638,1,,,,,,0,,0,,5,5,5,0,655,1,5,5,5,0,573,1,3,3,3,0,410,0,ST-ITS1,Intensivstation,12,Intensivmedizin,2.0,3.0,06:00,14:00,450,,13:30,21:30,450,F,21:15,06:15,495,F|S,11,10,8,10,30,45,8,38.5,30,0.05,0,2.0.0,20261146
PK-020,2026-12-21,plan,21,Montag,1,52,0,0,,Pflegefachkraft,Pflegefachkraft,EXAM|PRAXISANLEITUNG,0.8,30.8,7392,7392,6653,8131,5,2,2,8,1,1,Pflegefachkraft,0,0.0,-1497,9,7,1,3,1,1638,1,,,,,,0,,0,,5,5,5,0,655,1,5,5,5,0,573,1,3,3,3,0,410,0,ST-ITS1,Intensivstation,12,Intensivmedizin,2.0,3.0,06:00,14:00,450,,13:30,21:30,450,F,21:15,06:15,495,F|S,11,10,8,10,30,45,8,38.5,30,0.05,0,2.0.0,20261146
PK-021,2026-12-21,plan,21,Montag,1,52,0,0,,Pflegefachkraft,Pflegefachkraft,EXAM|PRAXISANLEITUNG,0.5,19.25,4620,4620,4158,5082,5,2,2,8,1,1,Pflegefachkraft,0,0.0,-975,9,7,1,3,1,1638,1,,,,,,0,,0,,5,5,5,0,655,1,5,5,5,0,573,1,3,3,3,0,410,0,ST-ITS1,Intensivstation,12,Intensivmedizin,2.0,3.0,06:00,14:00,450,,13:30,21:30,450,F,21:15,06:15,495,F|S,11,10,8,10,30,45,8,38.5,30,0.05,0,2.0.0,20261146
PK-022,2026-12-21,plan,21,Montag,1,52,0,0,,Pflegefachkraft,Pflegefachkraft,EXAM,0.7,26.95,6468,6468,5821,7115,5,2,2,8,1,1,Pflegefachkraft,0,0.0,-1473,9,7,1,3,1,1638,1,,,,,,0,,0,,5,5,5,0,655,1,5,5,5,0,573,1,3,3,3,0,410,0,ST-ITS1,Intensivstation,12,Intensivmedizin,2.0,3.0,06:00,14:00,450,,13:30,21:30,450,F,21:15,06:15,495,F|S,11,10,8,10,30,45,8,38.5,30,0.05,0,2.0.0,20261146
PK-023,2026-12-21,plan,21,Montag,1,52,0,0,,Pflegefachkraft,Pflegefachkraft,EXAM,1.0,38.5,9240,9240,8316,10164,5,2,2,8,1,1,Pflegefachkraft,0,0.0,-2040,9,7,1,3,1,1638,1,,,,,,0,,0,,5,5,5,0,655,1,5,5,5,0,573,1,3,3,3,0,410,0,ST-ITS1,Intensivstation,12,Intensivmedizin,2.0,3.0,06:00,14:00,450,,13:30,21:30,450,F,21:15,06:15,495,F|S,11,10,8,10,30,45,8,38.5,30,0.05,0,2.0.0,20261146
PK-024,2026-12-21,plan,21,Montag,1,52,0,0,,Pflegefachkraft,Pflegefachkraft,EXAM|PRAXISANLEITUNG,1.0,38.5,9240,9240,8316,10164,5,2,2,8,1,1,Pflegefachkraft,0,0.0,-2310,9,7,1,3,1,1638,1,,2,,,,0,,0,,5,5,5,0,655,1,5,5,5,0,573,1,3,3,3,0,410,0,ST-ITS1,Intensivstation,12,Intensivmedizin,2.0,3.0,06:00,14:00,450,,13:30,21:30,450,F,21:15,06:15,495,F|S,11,10,8,10,30,45,8,38.5,30,0.05,0,2.0.0,20261146
PK-025,2026-12-21,plan,21,Montag,1,52,0,0,,Pflegefachkraft,Pflegefachkraft,EXAM,1.0,38.5,9240,9240,8316,10164,5,2,2,8,1,1,Pflegefachkraft,0,0.0,-1680,9,7,1,3,1,1638,0,LANGZEITABWESENHEIT,,,,,0,,0,,5,5,5,0,655,1,5,5,5,0,573,1,3,3,3,0,410,0,ST-ITS1,Intensivstation,12,Intensivmedizin,2.0,3.0,06:00,14:00,450,,13:30,21:30,450,F,21:15,06:15,495,F|S,11,10,8,10,30,45,8,38.5,30,0.05,0,2.0.0,20261146
AZ-001,2026-12-22,plan,22,Dienstag,2,52,0,0,,Auszubildende_r_3_Ausbildungsjahr,Auszubildende,AUSZUBILDEND,1.0,38.5,9240,9240,8316,10164,5,2,2,8,1,0,nicht anrechenbar,0,0.0,-9240,10,9,2,1,0,1637,1,,,,,,0,,0,,5,5,5,0,655,1,5,5,5,0,573,1,3,3,3,0,409,0,ST-ITS1,Intensivstation,12,Intensivmedizin,2.0,3.0,06:00,14:00,450,,13:30,21:30,450,F,21:15,06:15,495,F|S,11,10,8,10,30,45,8,38.5,30,0.05,0,2.0.0,20261146
AZ-002,2026-12-22,plan,22,Dienstag,2,52,0,0,,Auszubildende_r_2_Ausbildungsjahr,Auszubildende,AUSZUBILDEND,1.0,38.5,9240,9240,8316,10164,5,2,2,8,1,0,nicht anrechenbar,0,0.0,-9240,10,9,2,1,0,1637,1,,,,,,0,,0,,5,5,5,0,655,1,5,5,5,0,573,1,3,3,3,0,409,0,ST-ITS1,Intensivstation,12,Intensivmedizin,2.0,3.0,06:00,14:00,450,,13:30,21:30,450,F,21:15,06:15,495,F|S,11,10,8,10,30,45,8,38.5,30,0.05,0,2.0.0,20261146
AZ-003,2026-12-22,plan,22,Dienstag,2,52,0,0,,Auszubildende_r_1_Ausbildungsjahr,Auszubildende,AUSZUBILDEND,1.0,38.5,9240,9240,8316,10164,5,2,2,0,0,0,nicht anrechenbar,0,0.0,-9240,10,9,2,1,0,1637,1,,,,,,0,,0,,5,5,5,0,655,1,5,5,5,0,573,1,3,3,3,0,409,0,ST-ITS1,Intensivstation,12,Intensivmedizin,2.0,3.0,06:00,14:00,450,,13:30,21:30,450,F,21:15,06:15,495,F|S,11,10,8,10,30,45,8,38.5,30,0.05,0,2.0.0,20261146
PK-001,2026-12-22,plan,22,Dienstag,2,52,0,0,,Stationsleitung,Pflegefachkraft,EXAM|LEITUNG|PRAXISANLEITUNG,1.0,38.5,9240,4620,4158,5082,5,2,2,0,0,1,Pflegefachkraft,1,0.5,5814,10,9,2,1,0,1637,1,,,,,,0,,0,,5,5,5,0,655,1,5,5,5,0,573,1,3,3,3,0,409,0,ST-ITS1,Intensivstation,12,Intensivmedizin,2.0,3.0,06:00,14:00,450,,13:30,21:30,450,F,21:15,06:15,495,F|S,11,10,8,10,30,45,8,38.5,30,0.05,0,2.0.0,20261146
PK-002,2026-12-22,plan,22,Dienstag,2,52,0,0,,Pflegefachkraft,Pflegefachkraft,EXAM|PRAXISANLEITUNG|KARDIO_MONITORING,1.0,38.5,9240,9240,8316,10164,5,2,2,8,1,1,Pflegefachkraft,0,0.0,-1815,10,9,2,1,0,1637,1,,,,,,0,,0,,5,5,5,0,655,1,5,5,5,0,573,1,3,3,3,0,409,0,ST-ITS1,Intensivstation,12,Intensivmedizin,2.0,3.0,06:00,14:00,450,,13:30,21:30,450,F,21:15,06:15,495,F|S,11,10,8,10,30,45,8,38.5,30,0.05,0,2.0.0,20261146
PK-003,2026-12-22,plan,22,Dienstag,2,52,0,0,,Pflegefachkraft,Pflegefachkraft,EXAM,1.0,38.5,9240,9240,8316,10164,5,2,2,8,1,1,Pflegefachkraft,0,0.0,-1815,10,9,2,1,0,1637,0,URLAUB,,,,,0,,0,,5,5,5,0,655,1,5,5,5,0,573,1,3,3,3,0,409,0,ST-ITS1,Intensivstation,12,Intensivmedizin,2.0,3.0,06:00,14:00,450,,13:30,21:30,450,F,21:15,06:15,495,F|S,11,10,8,10,30,45,8,38.5,30,0.05,0,2.0.0,20261146
PK-004,2026-12-22,plan,22,Dienstag,2,52,0,0,,Pflegefachkraft,Pflegefachkraft,EXAM,1.0,38.5,9240,9240,8316,10164,5,2,2,8,1,1,Pflegefachkraft,0,0.0,-1995,10,9,2,1,0,1637,1,,1,,,,0,,0,,5,5,5,0,655,1,5,5,5,0,573,1,3,3,3,0,409,0,ST-ITS1,Intensivstation,12,Intensivmedizin,2.0,3.0,06:00,14:00,450,,13:30,21:30,450,F,21:15,06:15,495,F|S,11,10,8,10,30,45,8,38.5,30,0.05,0,2.0.0,20261146
PK-005,2026-12-22,plan,22,Dienstag,2,52,0,0,,Pflegefachkraft,Pflegefachkraft,EXAM,1.0,38.5,9240,9240,8316,10164,5,2,2,8,1,1,Pflegefachkraft,0,0.0,-1905,10,9,2,1,0,1637,1,,,,,,0,,0,,5,5,5,0,655,1,5,5,5,0,573,1,3,3,3,0,409,0,ST-ITS1,Intensivstation,12,Intensivmedizin,2.0,3.0,06:00,14:00,450,,13:30,21:30,450,F,21:15,06:15,495,F|S,11,10,8,10,30,45,8,38.5,30,0.05,0,2.0.0,20261146
PK-006,2026-12-22,plan,22,Dienstag,2,52,0,0,,Pflegefachkraft,Pflegefachkraft,EXAM|PRAXISANLEITUNG|KARDIO_MONITORING,1.0,38.5,9240,9240,8316,10164,5,2,2,8,1,1,Pflegefachkraft,0,0.0,-1905,10,9,2,1,0,1637,1,,,,,,0,,0,,5,5,5,0,655,1,5,5,5,0,573,1,3,3,3,0,409,0,ST-ITS1,Intensivstation,12,Intensivmedizin,2.0,3.0,06:00,14:00,450,,13:30,21:30,450,F,21:15,06:15,495,F|S,11,10,8,10,30,45,8,38.5,30,0.05,0,2.0.0,20261146
PK-007,2026-12-22,plan,22,Dienstag,2,52,0,0,,Pflegefachkraft,Pflegefachkraft,EXAM,1.0,38.5,9240,9240,8316,10164,5,2,2,8,1,1,Pflegefachkraft,0,0.0,1104,10,9,2,1,0,1637,1,,,,,,0,,0,,5,5,5,0,655,1,5,5,5,0,573,1,3,3,3,0,409,0,ST-ITS1,Intensivstation,12,Intensivmedizin,2.0,3.0,06:00,14:00,450,,13:30,21:30,450,F,21:15,06:15,495,F|S,11,10,8,10,30,45,8,38.5,30,0.05,0,2.0.0,20261146
PK-008,2026-12-22,plan,22,Dienstag,2,52,0,0,,Pflegefachkraft,Pflegefachkraft,EXAM|KARDIO_MONITORING,1.0,38.5,9240,9240,8316,10164,5,2,2,8,1,1,Pflegefachkraft,0,0.0,-2265,10,9,2,1,0,1637,1,,,,,,0,,0,,5,5,5,0,655,1,5,5,5,0,573,1,3,3,3,0,409,0,ST-ITS1,Intensivstation,12,Intensivmedizin,2.0,3.0,06:00,14:00,450,,13:30,21:30,450,F,21:15,06:15,495,F|S,11,10,8,10,30,45,8,38.5,30,0.05,0,2.0.0,20261146
PK-009,2026-12-22,plan,22,Dienstag,2,52,0,0,,Pflegefachkraft,Pflegefachkraft,EXAM,1.0,38.5,9240,9240,8316,10164,5,2,2,8,1,1,Pflegefachkraft,0,0.0,-1995,10,9,2,1,0,1637,1,,,,,,0,,0,,5,5,5,0,655,1,5,5,5,0,573,1,3,3,3,0,409,0,ST-ITS1,Intensivstation,12,Intensivmedizin,2.0,3.0,06:00,14:00,450,,13:30,21:30,450,F,21:15,06:15,495,F|S,11,10,8,10,30,45,8,38.5,30,0.05,0,2.0.0,20261146
PK-010,2026-12-22,plan,22,Dienstag,2,52,0,0,,Pflegefachkraft,Pflegefachkraft,EXAM|PRAXISANLEITUNG|KARDIO_MONITORING,0.6,23.1,5544,5544,4990,6098,5,2,2,8,1,1,Pflegefachkraft,0,0.0,-999,10,9,2,1,0,1637,1,,,,,,0,,0,,5,5,5,0,655,1,5,5,5,0,573,1,3,3,3,0,409,0,ST-ITS1,Intensivstation,12,Intensivmedizin,2.0,3.0,06:00,14:00,450,,13:30,21:30,450,F,21:15,06:15,495,F|S,11,10,8,10,30,45,8,38.5,30,0.05,0,2.0.0,20261146
PK-011,2026-12-22,plan,22,Dienstag,2,52,0,0,,Pflegefachkraft,Pflegefachkraft,EXAM|KARDIO_MONITORING,0.5,19.25,4620,4620,4158,5082,5,2,2,8,1,1,Pflegefachkraft,0,0.0,-1020,10,9,2,1,0,1637,1,,,,,,0,,0,,5,5,5,0,655,1,5,5,5,0,573,1,3,3,3,0,409,0,ST-ITS1,Intensivstation,12,Intensivmedizin,2.0,3.0,06:00,14:00,450,,13:30,21:30,450,F,21:15,06:15,495,F|S,11,10,8,10,30,45,8,38.5,30,0.05,0,2.0.0,20261146
PK-012,2026-12-22,plan,22,Dienstag,2,52,0,0,,Pflegefachkraft,Pflegefachkraft,EXAM|KARDIO_MONITORING,0.75,28.88,6931,6931,6238,7624,5,2,2,8,1,1,Pflegefachkraft,0,0.0,-1530,10,9,2,1,0,1637,1,,,,,,0,,0,,5,5,5,0,655,1,5,5,5,0,573,1,3,3,3,0,409,0,ST-ITS1,Intensivstation,12,Intensivmedizin,2.0,3.0,06:00,14:00,450,,13:30,21:30,450,F,21:15,06:15,495,F|S,11,10,8,10,30,45,8,38.5,30,0.05,0,2.0.0,20261146
PK-013,2026-12-22,plan,22,Dienstag,2,52,0,0,,Pflegefachkraft,Pflegefachkraft,EXAM|KARDIO_MONITORING,1.0,38.5,9240,9240,8316,10164,5,2,2,8,1,1,Pflegefachkraft,0,0.0,-1905,10,9,2,1,0,1637,1,,,,,,0,,0,,5,5,5,0,655,1,5,5,5,0,573,1,3,3,3,0,409,0,ST-ITS1,Intensivstation,12,Intensivmedizin,2.0,3.0,06:00,14:00,450,,13:30,21:30,450,F,21:15,06:15,495,F|S,11,10,8,10,30,45,8,38.5,30,0.05,0,2.0.0,20261146
PK-014,2026-12-22,plan,22,Dienstag,2,52,0,0,,Pflegefachkraft,Pflegefachkraft,EXAM,1.0,38.5,9240,9240,8316,10164,5,2,2,8,1,1,Pflegefachkraft,0,0.0,-1680,10,9,2,1,0,1637,1,,,,,,0,,0,,5,5,5,0,655,1,5,5,5,0,573,1,3,3,3,0,409,0,ST-ITS1,Intensivstation,12,Intensivmedizin,2.0,3.0,06:00,14:00,450,,13:30,21:30,450,F,21:15,06:15,495,F|S,11,10,8,10,30,45,8,38.5,30,0.05,0,2.0.0,20261146
PK-015,2026-12-22,plan,22,Dienstag,2,52,0,0,,Pflegefachkraft,Pflegefachkraft,EXAM|KARDIO_MONITORING,0.5,19.25,4620,4620,4158,5082,5,2,2,8,1,1,Pflegefachkraft,0,0.0,-930,10,9,2,1,0,1637,1,,,,,,0,,0,,5,5,5,0,655,1,5,5,5,0,573,1,3,3,3,0,409,0,ST-ITS1,Intensivstation,12,Intensivmedizin,2.0,3.0,06:00,14:00,450,,13:30,21:30,450,F,21:15,06:15,495,F|S,11,10,8,10,30,45,8,38.5,30,0.05,0,2.0.0,20261146
PK-016,2026-12-22,plan,22,Dienstag,2,52,0,0,,Pflegefachkraft,Pflegefachkraft,EXAM,0.9,34.65,8316,8316,7484,9148,5,2,2,8,1,1,Pflegefachkraft,0,0.0,1255,10,9,2,1,0,1637,1,,,,,,0,,0,,5,5,5,0,655,1,5,5,5,0,573,1,3,3,3,0,409,0,ST-ITS1,Intensivstation,12,Intensivmedizin,2.0,3.0,06:00,14:00,450,,13:30,21:30,450,F,21:15,06:15,495,F|S,11,10,8,10,30,45,8,38.5,30,0.05,0,2.0.0,20261146
PK-017,2026-12-22,plan,22,Dienstag,2,52,0,0,,Pflegefachkraft,Pflegefachkraft,EXAM|KARDIO_MONITORING,1.0,38.5,9240,9240,8316,10164,5,2,2,8,1,1,Pflegefachkraft,0,0.0,-1680,10,9,2,1,0,1637,1,,,,,,0,,0,,5,5,5,0,655,1,5,5,5,0,573,1,3,3,3,0,409,0,ST-ITS1,Intensivstation,12,Intensivmedizin,2.0,3.0,06:00,14:00,450,,13:30,21:30,450,F,21:15,06:15,495,F|S,11,10,8,10,30,45,8,38.5,30,0.05,0,2.0.0,20261146
PK-018,2026-12-22,plan,22,Dienstag,2,52,0,0,,Pflegefachkraft,Pflegefachkraft,EXAM|PRAXISANLEITUNG,0.6,23.1,5544,5544,4990,6098,5,2,2,8,1,1,Pflegefachkraft,0,0.0,-909,10,9,2,1,0,1637,0,URLAUB,,,,,0,,0,,5,5,5,0,655,1,5,5,5,0,573,1,3,3,3,0,409,0,ST-ITS1,Intensivstation,12,Intensivmedizin,2.0,3.0,06:00,14:00,450,,13:30,21:30,450,F,21:15,06:15,495,F|S,11,10,8,10,30,45,8,38.5,30,0.05,0,2.0.0,20261146
PK-019,2026-12-22,plan,22,Dienstag,2,52,0,0,,Pflegefachkraft,Pflegefachkraft,EXAM,0.6,23.1,5544,5544,4990,6098,5,2,2,8,1,1,Pflegefachkraft,0,0.0,-954,10,9,2,1,0,1637,1,,,,,,0,,0,,5,5,5,0,655,1,5,5,5,0,573,1,3,3,3,0,409,0,ST-ITS1,Intensivstation,12,Intensivmedizin,2.0,3.0,06:00,14:00,450,,13:30,21:30,450,F,21:15,06:15,495,F|S,11,10,8,10,30,45,8,38.5,30,0.05,0,2.0.0,20261146
PK-020,2026-12-22,plan,22,Dienstag,2,52,0,0,,Pflegefachkraft,Pflegefachkraft,EXAM|PRAXISANLEITUNG,0.8,30.8,7392,7392,6653,8131,5,2,2,8,1,1,Pflegefachkraft,0,0.0,-1497,10,9,2,1,0,1637,1,,,,,,0,,0,,5,5,5,0,655,1,5,5,5,0,573,1,3,3,3,0,409,0,ST-ITS1,Intensivstation,12,Intensivmedizin,2.0,3.0,06:00,14:00,450,,13:30,21:30,450,F,21:15,06:15,495,F|S,11,10,8,10,30,45,8,38.5,30,0.05,0,2.0.0,20261146
PK-021,2026-12-22,plan,22,Dienstag,2,52,0,0,,Pflegefachkraft,Pflegefachkraft,EXAM|PRAXISANLEITUNG,0.5,19.25,4620,4620,4158,5082,5,2,2,8,1,1,Pflegefachkraft,0,0.0,-975,10,9,2,1,0,1637,1,,,,,,0,,0,,5,5,5,0,655,1,5,5,5,0,573,1,3,3,3,0,409,0,ST-ITS1,Intensivstation,12,Intensivmedizin,2.0,3.0,06:00,14:00,450,,13:30,21:30,450,F,21:15,06:15,495,F|S,11,10,8,10,30,45,8,38.5,30,0.05,0,2.0.0,20261146
PK-022,2026-12-22,plan,22,Dienstag,2,52,0,0,,Pflegefachkraft,Pflegefachkraft,EXAM,0.7,26.95,6468,6468,5821,7115,5,2,2,8,1,1,Pflegefachkraft,0,0.0,-1473,10,9,2,1,0,1637,1,,,,,,0,,0,,5,5,5,0,655,1,5,5,5,0,573,1,3,3,3,0,409,0,ST-ITS1,Intensivstation,12,Intensivmedizin,2.0,3.0,06:00,14:00,450,,13:30,21:30,450,F,21:15,06:15,495,F|S,11,10,8,10,30,45,8,38.5,30,0.05,0,2.0.0,20261146
PK-023,2026-12-22,plan,22,Dienstag,2,52,0,0,,Pflegefachkraft,Pflegefachkraft,EXAM,1.0,38.5,9240,9240,8316,10164,5,2,2,8,1,1,Pflegefachkraft,0,0.0,-2040,10,9,2,1,0,1637,1,,,,,,0,,0,,5,5,5,0,655,1,5,5,5,0,573,1,3,3,3,0,409,0,ST-ITS1,Intensivstation,12,Intensivmedizin,2.0,3.0,06:00,14:00,450,,13:30,21:30,450,F,21:15,06:15,495,F|S,11,10,8,10,30,45,8,38.5,30,0.05,0,2.0.0,20261146
PK-024,2026-12-22,plan,22,Dienstag,2,52,0,0,,Pflegefachkraft,Pflegefachkraft,EXAM|PRAXISANLEITUNG,1.0,38.5,9240,9240,8316,10164,5,2,2,8,1,1,Pflegefachkraft,0,0.0,-2310,10,9,2,1,0,1637,1,,,,,,0,,0,,5,5,5,0,655,1,5,5,5,0,573,1,3,3,3,0,409,0,ST-ITS1,Intensivstation,12,Intensivmedizin,2.0,3.0,06:00,14:00,450,,13:30,21:30,450,F,21:15,06:15,495,F|S,11,10,8,10,30,45,8,38.5,30,0.05,0,2.0.0,20261146
PK-025,2026-12-22,plan,22,Dienstag,2,52,0,0,,Pflegefachkraft,Pflegefachkraft,EXAM,1.0,38.5,9240,9240,8316,10164,5,2,2,8,1,1,Pflegefachkraft,0,0.0,-1680,10,9,2,1,0,1637,0,LANGZEITABWESENHEIT,,,,,0,,0,,5,5,5,0,655,1,5,5,5,0,573,1,3,3,3,0,409,0,ST-ITS1,Intensivstation,12,Intensivmedizin,2.0,3.0,06:00,14:00,450,,13:30,21:30,450,F,21:15,06:15,495,F|S,11,10,8,10,30,45,8,38.5,30,0.05,0,2.0.0,20261146
AZ-001,2026-12-23,plan,23,Mittwoch,3,52,0,0,,Auszubildende_r_3_Ausbildungsjahr,Auszubildende,AUSZUBILDEND,1.0,38.5,9240,9240,8316,10164,5,2,2,8,1,0,nicht anrechenbar,0,0.0,-9240,9,7,1,0,0,1617,1,,,,,,0,,0,,5,5,5,0,647,1,5,5,5,0,566,1,3,3,3,0,404,0,ST-ITS1,Intensivstation,12,Intensivmedizin,2.0,3.0,06:00,14:00,450,,13:30,21:30,450,F,21:15,06:15,495,F|S,11,10,8,10,30,45,8,38.5,30,0.05,0,2.0.0,20261146
AZ-002,2026-12-23,plan,23,Mittwoch,3,52,0,0,,Auszubildende_r_2_Ausbildungsjahr,Auszubildende,AUSZUBILDEND,1.0,38.5,9240,9240,8316,10164,5,2,2,8,1,0,nicht anrechenbar,0,0.0,-9240,9,7,1,0,0,1617,1,,,,,,0,,0,,5,5,5,0,647,1,5,5,5,0,566,1,3,3,3,0,404,0,ST-ITS1,Intensivstation,12,Intensivmedizin,2.0,3.0,06:00,14:00,450,,13:30,21:30,450,F,21:15,06:15,495,F|S,11,10,8,10,30,45,8,38.5,30,0.05,0,2.0.0,20261146
AZ-003,2026-12-23,plan,23,Mittwoch,3,52,0,0,,Auszubildende_r_1_Ausbildungsjahr,Auszubildende,AUSZUBILDEND,1.0,38.5,9240,9240,8316,10164,5,2,2,0,0,0,nicht anrechenbar,0,0.0,-9240,9,7,1,0,0,1617,1,,3,,,,0,,0,,5,5,5,0,647,1,5,5,5,0,566,1,3,3,3,0,404,0,ST-ITS1,Intensivstation,12,Intensivmedizin,2.0,3.0,06:00,14:00,450,,13:30,21:30,450,F,21:15,06:15,495,F|S,11,10,8,10,30,45,8,38.5,30,0.05,0,2.0.0,20261146
PK-001,2026-12-23,plan,23,Mittwoch,3,52,0,0,,Stationsleitung,Pflegefachkraft,EXAM|LEITUNG|PRAXISANLEITUNG,1.0,38.5,9240,4620,4158,5082,5,2,2,0,0,1,Pflegefachkraft,1,0.5,5814,9,7,1,0,0,1617,1,,,,,,0,,0,,5,5,5,0,647,1,5,5,5,0,566,1,3,3,3,0,404,0,ST-ITS1,Intensivstation,12,Intensivmedizin,2.0,3.0,06:00,14:00,450,,13:30,21:30,450,F,21:15,06:15,495,F|S,11,10,8,10,30,45,8,38.5,30,0.05,0,2.0.0,20261146
PK-002,2026-12-23,plan,23,Mittwoch,3,52,0,0,,Pflegefachkraft,Pflegefachkraft,EXAM|PRAXISANLEITUNG|KARDIO_MONITORING,1.0,38.5,9240,9240,8316,10164,5,2,2,8,1,1,Pflegefachkraft,0,0.0,-1815,9,7,1,0,0,1617,1,,,,,,0,,0,,5,5,5,0,647,1,5,5,5,0,566,1,3,3,3,0,404,0,ST-ITS1,Intensivstation,12,Intensivmedizin,2.0,3.0,06:00,14:00,450,,13:30,21:30,450,F,21:15,06:15,495,F|S,11,10,8,10,30,45,8,38.5,30,0.05,0,2.0.0,20261146
PK-003,2026-12-23,plan,23,Mittwoch,3,52,0,0,,Pflegefachkraft,Pflegefachkraft,EXAM,1.0,38.5,9240,9240,8316,10164,5,2,2,8,1,1,Pflegefachkraft,0,0.0,-1815,9,7,1,0,0,1617,0,URLAUB,,,,,0,,0,,5,5,5,0,647,1,5,5,5,0,566,1,3,3,3,0,404,0,ST-ITS1,Intensivstation,12,Intensivmedizin,2.0,3.0,06:00,14:00,450,,13:30,21:30,450,F,21:15,06:15,495,F|S,11,10,8,10,30,45,8,38.5,30,0.05,0,2.0.0,20261146
PK-004,2026-12-23,plan,23,Mittwoch,3,52,0,0,,Pflegefachkraft,Pflegefachkraft,EXAM,1.0,38.5,9240,9240,8316,10164,5,2,2,8,1,1,Pflegefachkraft,0,0.0,-1995,9,7,1,0,0,1617,1,,,,,,0,,1,12,5,5,5,0,647,1,5,5,5,0,566,1,3,3,3,0,404,0,ST-ITS1,Intensivstation,12,Intensivmedizin,2.0,3.0,06:00,14:00,450,,13:30,21:30,450,F,21:15,06:15,495,F|S,11,10,8,10,30,45,8,38.5,30,0.05,0,2.0.0,20261146
PK-005,2026-12-23,plan,23,Mittwoch,3,52,0,0,,Pflegefachkraft,Pflegefachkraft,EXAM,1.0,38.5,9240,9240,8316,10164,5,2,2,8,1,1,Pflegefachkraft,0,0.0,-1905,9,7,1,0,0,1617,1,,2,,,,0,,0,,5,5,5,0,647,1,5,5,5,0,566,1,3,3,3,0,404,0,ST-ITS1,Intensivstation,12,Intensivmedizin,2.0,3.0,06:00,14:00,450,,13:30,21:30,450,F,21:15,06:15,495,F|S,11,10,8,10,30,45,8,38.5,30,0.05,0,2.0.0,20261146
PK-006,2026-12-23,plan,23,Mittwoch,3,52,0,0,,Pflegefachkraft,Pflegefachkraft,EXAM|PRAXISANLEITUNG|KARDIO_MONITORING,1.0,38.5,9240,9240,8316,10164,5,2,2,8,1,1,Pflegefachkraft,0,0.0,-1905,9,7,1,0,0,1617,1,,,,,,1,12,0,,5,5,5,0,647,1,5,5,5,0,566,1,3,3,3,0,404,0,ST-ITS1,Intensivstation,12,Intensivmedizin,2.0,3.0,06:00,14:00,450,,13:30,21:30,450,F,21:15,06:15,495,F|S,11,10,8,10,30,45,8,38.5,30,0.05,0,2.0.0,20261146
PK-007,2026-12-23,plan,23,Mittwoch,3,52,0,0,,Pflegefachkraft,Pflegefachkraft,EXAM,1.0,38.5,9240,9240,8316,10164,5,2,2,8,1,1,Pflegefachkraft,0,0.0,1104,9,7,1,0,0,1617,1,,,,,,0,,0,,5,5,5,0,647,1,5,5,5,0,566,1,3,3,3,0,404,0,ST-ITS1,Intensivstation,12,Intensivmedizin,2.0,3.0,06:00,14:00,450,,13:30,21:30,450,F,21:15,06:15,495,F|S,11,10,8,10,30,45,8,38.5,30,0.05,0,2.0.0,20261146
PK-008,2026-12-23,plan,23,Mittwoch,3,52,0,0,,Pflegefachkraft,Pflegefachkraft,EXAM|KARDIO_MONITORING,1.0,38.5,9240,9240,8316,10164,5,2,2,8,1,1,Pflegefachkraft,0,0.0,-2265,9,7,1,0,0,1617,1,,,,,,0,,0,,5,5,5,0,647,1,5,5,5,0,566,1,3,3,3,0,404,0,ST-ITS1,Intensivstation,12,Intensivmedizin,2.0,3.0,06:00,14:00,450,,13:30,21:30,450,F,21:15,06:15,495,F|S,11,10,8,10,30,45,8,38.5,30,0.05,0,2.0.0,20261146
PK-009,2026-12-23,plan,23,Mittwoch,3,52,0,0,,Pflegefachkraft,Pflegefachkraft,EXAM,1.0,38.5,9240,9240,8316,10164,5,2,2,8,1,1,Pflegefachkraft,0,0.0,-1995,9,7,1,0,0,1617,1,,,,,,0,,0,,5,5,5,0,647,1,5,5,5,0,566,1,3,3,3,0,404,0,ST-ITS1,Intensivstation,12,Intensivmedizin,2.0,3.0,06:00,14:00,450,,13:30,21:30,450,F,21:15,06:15,495,F|S,11,10,8,10,30,45,8,38.5,30,0.05,0,2.0.0,20261146
PK-010,2026-12-23,plan,23,Mittwoch,3,52,0,0,,Pflegefachkraft,Pflegefachkraft,EXAM|PRAXISANLEITUNG|KARDIO_MONITORING,0.6,23.1,5544,5544,4990,6098,5,2,2,8,1,1,Pflegefachkraft,0,0.0,-999,9,7,1,0,0,1617,1,,,,,,0,,0,,5,5,5,0,647,1,5,5,5,0,566,1,3,3,3,0,404,0,ST-ITS1,Intensivstation,12,Intensivmedizin,2.0,3.0,06:00,14:00,450,,13:30,21:30,450,F,21:15,06:15,495,F|S,11,10,8,10,30,45,8,38.5,30,0.05,0,2.0.0,20261146
PK-011,2026-12-23,plan,23,Mittwoch,3,52,0,0,,Pflegefachkraft,Pflegefachkraft,EXAM|KARDIO_MONITORING,0.5,19.25,4620,4620,4158,5082,5,2,2,8,1,1,Pflegefachkraft,0,0.0,-1020,9,7,1,0,0,1617,1,,,,,,0,,0,,5,5,5,0,647,1,5,5,5,0,566,1,3,3,3,0,404,0,ST-ITS1,Intensivstation,12,Intensivmedizin,2.0,3.0,06:00,14:00,450,,13:30,21:30,450,F,21:15,06:15,495,F|S,11,10,8,10,30,45,8,38.5,30,0.05,0,2.0.0,20261146
PK-012,2026-12-23,plan,23,Mittwoch,3,52,0,0,,Pflegefachkraft,Pflegefachkraft,EXAM|KARDIO_MONITORING,0.75,28.88,6931,6931,6238,7624,5,2,2,8,1,1,Pflegefachkraft,0,0.0,-1530,9,7,1,0,0,1617,1,,,,,,0,,0,,5,5,5,0,647,1,5,5,5,0,566,1,3,3,3,0,404,0,ST-ITS1,Intensivstation,12,Intensivmedizin,2.0,3.0,06:00,14:00,450,,13:30,21:30,450,F,21:15,06:15,495,F|S,11,10,8,10,30,45,8,38.5,30,0.05,0,2.0.0,20261146
PK-013,2026-12-23,plan,23,Mittwoch,3,52,0,0,,Pflegefachkraft,Pflegefachkraft,EXAM|KARDIO_MONITORING,1.0,38.5,9240,9240,8316,10164,5,2,2,8,1,1,Pflegefachkraft,0,0.0,-1905,9,7,1,0,0,1617,1,,,,,,0,,0,,5,5,5,0,647,1,5,5,5,0,566,1,3,3,3,0,404,0,ST-ITS1,Intensivstation,12,Intensivmedizin,2.0,3.0,06:00,14:00,450,,13:30,21:30,450,F,21:15,06:15,495,F|S,11,10,8,10,30,45,8,38.5,30,0.05,0,2.0.0,20261146
PK-014,2026-12-23,plan,23,Mittwoch,3,52,0,0,,Pflegefachkraft,Pflegefachkraft,EXAM,1.0,38.5,9240,9240,8316,10164,5,2,2,8,1,1,Pflegefachkraft,0,0.0,-1680,9,7,1,0,0,1617,1,,,,,,1,4,0,,5,5,5,0,647,1,5,5,5,0,566,1,3,3,3,0,404,0,ST-ITS1,Intensivstation,12,Intensivmedizin,2.0,3.0,06:00,14:00,450,,13:30,21:30,450,F,21:15,06:15,495,F|S,11,10,8,10,30,45,8,38.5,30,0.05,0,2.0.0,20261146
PK-015,2026-12-23,plan,23,Mittwoch,3,52,0,0,,Pflegefachkraft,Pflegefachkraft,EXAM|KARDIO_MONITORING,0.5,19.25,4620,4620,4158,5082,5,2,2,8,1,1,Pflegefachkraft,0,0.0,-930,9,7,1,0,0,1617,1,,2,,,,0,,0,,5,5,5,0,647,1,5,5,5,0,566,1,3,3,3,0,404,0,ST-ITS1,Intensivstation,12,Intensivmedizin,2.0,3.0,06:00,14:00,450,,13:30,21:30,450,F,21:15,06:15,495,F|S,11,10,8,10,30,45,8,38.5,30,0.05,0,2.0.0,20261146
PK-016,2026-12-23,plan,23,Mittwoch,3,52,0,0,,Pflegefachkraft,Pflegefachkraft,EXAM,0.9,34.65,8316,8316,7484,9148,5,2,2,8,1,1,Pflegefachkraft,0,0.0,1255,9,7,1,0,0,1617,1,,,,,,0,,0,,5,5,5,0,647,1,5,5,5,0,566,1,3,3,3,0,404,0,ST-ITS1,Intensivstation,12,Intensivmedizin,2.0,3.0,06:00,14:00,450,,13:30,21:30,450,F,21:15,06:15,495,F|S,11,10,8,10,30,45,8,38.5,30,0.05,0,2.0.0,20261146
PK-017,2026-12-23,plan,23,Mittwoch,3,52,0,0,,Pflegefachkraft,Pflegefachkraft,EXAM|KARDIO_MONITORING,1.0,38.5,9240,9240,8316,10164,5,2,2,8,1,1,Pflegefachkraft,0,0.0,-1680,9,7,1,0,0,1617,1,,,,,,0,,0,,5,5,5,0,647,1,5,5,5,0,566,1,3,3,3,0,404,0,ST-ITS1,Intensivstation,12,Intensivmedizin,2.0,3.0,06:00,14:00,450,,13:30,21:30,450,F,21:15,06:15,495,F|S,11,10,8,10,30,45,8,38.5,30,0.05,0,2.0.0,20261146
PK-018,2026-12-23,plan,23,Mittwoch,3,52,0,0,,Pflegefachkraft,Pflegefachkraft,EXAM|PRAXISANLEITUNG,0.6,23.1,5544,5544,4990,6098,5,2,2,8,1,1,Pflegefachkraft,0,0.0,-909,9,7,1,0,0,1617,0,URLAUB,,,,,0,,0,,5,5,5,0,647,1,5,5,5,0,566,1,3,3,3,0,404,0,ST-ITS1,Intensivstation,12,Intensivmedizin,2.0,3.0,06:00,14:00,450,,13:30,21:30,450,F,21:15,06:15,495,F|S,11,10,8,10,30,45,8,38.5,30,0.05,0,2.0.0,20261146
PK-019,2026-12-23,plan,23,Mittwoch,3,52,0,0,,Pflegefachkraft,Pflegefachkraft,EXAM,0.6,23.1,5544,5544,4990,6098,5,2,2,8,1,1,Pflegefachkraft,0,0.0,-954,9,7,1,0,0,1617,1,,,,,,0,,0,,5,5,5,0,647,1,5,5,5,0,566,1,3,3,3,0,404,0,ST-ITS1,Intensivstation,12,Intensivmedizin,2.0,3.0,06:00,14:00,450,,13:30,21:30,450,F,21:15,06:15,495,F|S,11,10,8,10,30,45,8,38.5,30,0.05,0,2.0.0,20261146
PK-020,2026-12-23,plan,23,Mittwoch,3,52,0,0,,Pflegefachkraft,Pflegefachkraft,EXAM|PRAXISANLEITUNG,0.8,30.8,7392,7392,6653,8131,5,2,2,8,1,1,Pflegefachkraft,0,0.0,-1497,9,7,1,0,0,1617,1,,,,,,0,,0,,5,5,5,0,647,1,5,5,5,0,566,1,3,3,3,0,404,0,ST-ITS1,Intensivstation,12,Intensivmedizin,2.0,3.0,06:00,14:00,450,,13:30,21:30,450,F,21:15,06:15,495,F|S,11,10,8,10,30,45,8,38.5,30,0.05,0,2.0.0,20261146
PK-021,2026-12-23,plan,23,Mittwoch,3,52,0,0,,Pflegefachkraft,Pflegefachkraft,EXAM|PRAXISANLEITUNG,0.5,19.25,4620,4620,4158,5082,5,2,2,8,1,1,Pflegefachkraft,0,0.0,-975,9,7,1,0,0,1617,1,,,,,,0,,0,,5,5,5,0,647,1,5,5,5,0,566,1,3,3,3,0,404,0,ST-ITS1,Intensivstation,12,Intensivmedizin,2.0,3.0,06:00,14:00,450,,13:30,21:30,450,F,21:15,06:15,495,F|S,11,10,8,10,30,45,8,38.5,30,0.05,0,2.0.0,20261146
PK-022,2026-12-23,plan,23,Mittwoch,3,52,0,0,,Pflegefachkraft,Pflegefachkraft,EXAM,0.7,26.95,6468,6468,5821,7115,5,2,2,8,1,1,Pflegefachkraft,0,0.0,-1473,9,7,1,0,0,1617,1,,,,,,0,,0,,5,5,5,0,647,1,5,5,5,0,566,1,3,3,3,0,404,0,ST-ITS1,Intensivstation,12,Intensivmedizin,2.0,3.0,06:00,14:00,450,,13:30,21:30,450,F,21:15,06:15,495,F|S,11,10,8,10,30,45,8,38.5,30,0.05,0,2.0.0,20261146
PK-023,2026-12-23,plan,23,Mittwoch,3,52,0,0,,Pflegefachkraft,Pflegefachkraft,EXAM,1.0,38.5,9240,9240,8316,10164,5,2,2,8,1,1,Pflegefachkraft,0,0.0,-2040,9,7,1,0,0,1617,1,,,,,,0,,0,,5,5,5,0,647,1,5,5,5,0,566,1,3,3,3,0,404,0,ST-ITS1,Intensivstation,12,Intensivmedizin,2.0,3.0,06:00,14:00,450,,13:30,21:30,450,F,21:15,06:15,495,F|S,11,10,8,10,30,45,8,38.5,30,0.05,0,2.0.0,20261146
PK-024,2026-12-23,plan,23,Mittwoch,3,52,0,0,,Pflegefachkraft,Pflegefachkraft,EXAM|PRAXISANLEITUNG,1.0,38.5,9240,9240,8316,10164,5,2,2,8,1,1,Pflegefachkraft,0,0.0,-2310,9,7,1,0,0,1617,1,,,,,,0,,0,,5,5,5,0,647,1,5,5,5,0,566,1,3,3,3,0,404,0,ST-ITS1,Intensivstation,12,Intensivmedizin,2.0,3.0,06:00,14:00,450,,13:30,21:30,450,F,21:15,06:15,495,F|S,11,10,8,10,30,45,8,38.5,30,0.05,0,2.0.0,20261146
PK-025,2026-12-23,plan,23,Mittwoch,3,52,0,0,,Pflegefachkraft,Pflegefachkraft,EXAM,1.0,38.5,9240,9240,8316,10164,5,2,2,8,1,1,Pflegefachkraft,0,0.0,-1680,9,7,1,0,0,1617,0,LANGZEITABWESENHEIT,,,,,0,,0,,5,5,5,0,647,1,5,5,5,0,566,1,3,3,3,0,404,0,ST-ITS1,Intensivstation,12,Intensivmedizin,2.0,3.0,06:00,14:00,450,,13:30,21:30,450,F,21:15,06:15,495,F|S,11,10,8,10,30,45,8,38.5,30,0.05,0,2.0.0,20261146
AZ-001,2026-12-24,plan,24,Donnerstag,4,52,0,0,,Auszubildende_r_3_Ausbildungsjahr,Auszubildende,AUSZUBILDEND,1.0,38.5,9240,9240,8316,10164,5,2,2,8,1,0,nicht anrechenbar,0,0.0,-9240,7,6,2,1,0,1170,1,,,,,,0,,0,,4,4,4,0,468,1,4,4,4,0,410,1,2,2,2,0,292,0,ST-ITS1,Intensivstation,12,Intensivmedizin,2.0,3.0,06:00,14:00,450,,13:30,21:30,450,F,21:15,06:15,495,F|S,11,10,8,10,30,45,8,38.5,30,0.05,0,2.0.0,20261146
AZ-002,2026-12-24,plan,24,Donnerstag,4,52,0,0,,Auszubildende_r_2_Ausbildungsjahr,Auszubildende,AUSZUBILDEND,1.0,38.5,9240,9240,8316,10164,5,2,2,8,1,0,nicht anrechenbar,0,0.0,-9240,7,6,2,1,0,1170,1,,,,,,0,,0,,4,4,4,0,468,1,4,4,4,0,410,1,2,2,2,0,292,0,ST-ITS1,Intensivstation,12,Intensivmedizin,2.0,3.0,06:00,14:00,450,,13:30,21:30,450,F,21:15,06:15,495,F|S,11,10,8,10,30,45,8,38.5,30,0.05,0,2.0.0,20261146
AZ-003,2026-12-24,plan,24,Donnerstag,4,52,0,0,,Auszubildende_r_1_Ausbildungsjahr,Auszubildende,AUSZUBILDEND,1.0,38.5,9240,9240,8316,10164,5,2,2,0,0,0,nicht anrechenbar,0,0.0,-9240,7,6,2,1,0,1170,1,,,,,,0,,0,,4,4,4,0,468,1,4,4,4,0,410,1,2,2,2,0,292,0,ST-ITS1,Intensivstation,12,Intensivmedizin,2.0,3.0,06:00,14:00,450,,13:30,21:30,450,F,21:15,06:15,495,F|S,11,10,8,10,30,45,8,38.5,30,0.05,0,2.0.0,20261146
PK-001,2026-12-24,plan,24,Donnerstag,4,52,0,0,,Stationsleitung,Pflegefachkraft,EXAM|LEITUNG|PRAXISANLEITUNG,1.0,38.5,9240,4620,4158,5082,5,2,2,0,0,1,Pflegefachkraft,1,0.5,5814,7,6,2,1,0,1170,1,,,,,,0,,0,,4,4,4,0,468,1,4,4,4,0,410,1,2,2,2,0,292,0,ST-ITS1,Intensivstation,12,Intensivmedizin,2.0,3.0,06:00,14:00,450,,13:30,21:30,450,F,21:15,06:15,495,F|S,11,10,8,10,30,45,8,38.5,30,0.05,0,2.0.0,20261146
PK-002,2026-12-24,plan,24,Donnerstag,4,52,0,0,,Pflegefachkraft,Pflegefachkraft,EXAM|PRAXISANLEITUNG|KARDIO_MONITORING,1.0,38.5,9240,9240,8316,10164,5,2,2,8,1,1,Pflegefachkraft,0,0.0,-1815,7,6,2,1,0,1170,1,,2,,,,0,,0,,4,4,4,0,468,1,4,4,4,0,410,1,2,2,2,0,292,0,ST-ITS1,Intensivstation,12,Intensivmedizin,2.0,3.0,06:00,14:00,450,,13:30,21:30,450,F,21:15,06:15,495,F|S,11,10,8,10,30,45,8,38.5,30,0.05,0,2.0.0,20261146
PK-003,2026-12-24,plan,24,Donnerstag,4,52,0,0,,Pflegefachkraft,Pflegefachkraft,EXAM,1.0,38.5,9240,9240,8316,10164,5,2,2,8,1,1,Pflegefachkraft,0,0.0,-1815,7,6,2,1,0,1170,0,URLAUB,,,,,0,,0,,4,4,4,0,468,1,4,4,4,0,410,1,2,2,2,0,292,0,ST-ITS1,Intensivstation,12,Intensivmedizin,2.0,3.0,06:00,14:00,450,,13:30,21:30,450,F,21:15,06:15,495,F|S,11,10,8,10,30,45,8,38.5,30,0.05,0,2.0.0,20261146
PK-004,2026-12-24,plan,24,Donnerstag,4,52,0,0,,Pflegefachkraft,Pflegefachkraft,EXAM,1.0,38.5,9240,9240,8316,10164,5,2,2,8,1,1,Pflegefachkraft,0,0.0,-1995,7,6,2,1,0,1170,1,,,,,,1,12,1,24,4,4,4,0,468,1,4,4,4,0,410,1,2,2,2,0,292,0,ST-ITS1,Intensivstation,12,Intensivmedizin,2.0,3.0,06:00,14:00,450,,13:30,21:30,450,F,21:15,06:15,495,F|S,11,10,8,10,30,45,8,38.5,30,0.05,0,2.0.0,20261146
PK-005,2026-12-24,plan,24,Donnerstag,4,52,0,0,,Pflegefachkraft,Pflegefachkraft,EXAM,1.0,38.5,9240,9240,8316,10164,5,2,2,8,1,1,Pflegefachkraft,0,0.0,-1905,7,6,2,1,0,1170,1,,,,,,0,,0,,4,4,4,0,468,1,4,4,4,0,410,1,2,2,2,0,292,0,ST-ITS1,Intensivstation,12,Intensivmedizin,2.0,3.0,06:00,14:00,450,,13:30,21:30,450,F,21:15,06:15,495,F|S,11,10,8,10,30,45,8,38.5,30,0.05,0,2.0.0,20261146
PK-006,2026-12-24,plan,24,Donnerstag,4,52,0,0,,Pflegefachkraft,Pflegefachkraft,EXAM|PRAXISANLEITUNG|KARDIO_MONITORING,1.0,38.5,9240,9240,8316,10164,5,2,2,8,1,1,Pflegefachkraft,0,0.0,-1905,7,6,2,1,0,1170,1,,,,,,0,,0,,4,4,4,0,468,1,4,4,4,0,410,1,2,2,2,0,292,0,ST-ITS1,Intensivstation,12,Intensivmedizin,2.0,3.0,06:00,14:00,450,,13:30,21:30,450,F,21:15,06:15,495,F|S,11,10,8,10,30,45,8,38.5,30,0.05,0,2.0.0,20261146
PK-007,2026-12-24,plan,24,Donnerstag,4,52,0,0,,Pflegefachkraft,Pflegefachkraft,EXAM,1.0,38.5,9240,9240,8316,10164,5,2,2,8,1,1,Pflegefachkraft,0,0.0,1104,7,6,2,1,0,1170,1,,,,,,1,12,0,,4,4,4,0,468,1,4,4,4,0,410,1,2,2,2,0,292,0,ST-ITS1,Intensivstation,12,Intensivmedizin,2.0,3.0,06:00,14:00,450,,13:30,21:30,450,F,21:15,06:15,495,F|S,11,10,8,10,30,45,8,38.5,30,0.05,0,2.0.0,20261146
PK-008,2026-12-24,plan,24,Donnerstag,4,52,0,0,,Pflegefachkraft,Pflegefachkraft,EXAM|KARDIO_MONITORING,1.0,38.5,9240,9240,8316,10164,5,2,2,8,1,1,Pflegefachkraft,0,0.0,-2265,7,6,2,1,0,1170,1,,,,,,0,,0,,4,4,4,0,468,1,4,4,4,0,410,1,2,2,2,0,292,0,ST-ITS1,Intensivstation,12,Intensivmedizin,2.0,3.0,06:00,14:00,450,,13:30,21:30,450,F,21:15,06:15,495,F|S,11,10,8,10,30,45,8,38.5,30,0.05,0,2.0.0,20261146
PK-009,2026-12-24,plan,24,Donnerstag,4,52,0,0,,Pflegefachkraft,Pflegefachkraft,EXAM,1.0,38.5,9240,9240,8316,10164,5,2,2,8,1,1,Pflegefachkraft,0,0.0,-1995,7,6,2,1,0,1170,1,,,,,,0,,0,,4,4,4,0,468,1,4,4,4,0,410,1,2,2,2,0,292,0,ST-ITS1,Intensivstation,12,Intensivmedizin,2.0,3.0,06:00,14:00,450,,13:30,21:30,450,F,21:15,06:15,495,F|S,11,10,8,10,30,45,8,38.5,30,0.05,0,2.0.0,20261146
PK-010,2026-12-24,plan,24,Donnerstag,4,52,0,0,,Pflegefachkraft,Pflegefachkraft,EXAM|PRAXISANLEITUNG|KARDIO_MONITORING,0.6,23.1,5544,5544,4990,6098,5,2,2,8,1,1,Pflegefachkraft,0,0.0,-999,7,6,2,1,0,1170,1,,,,,,0,,0,,4,4,4,0,468,1,4,4,4,0,410,1,2,2,2,0,292,0,ST-ITS1,Intensivstation,12,Intensivmedizin,2.0,3.0,06:00,14:00,450,,13:30,21:30,450,F,21:15,06:15,495,F|S,11,10,8,10,30,45,8,38.5,30,0.05,0,2.0.0,20261146
PK-011,2026-12-24,plan,24,Donnerstag,4,52,0,0,,Pflegefachkraft,Pflegefachkraft,EXAM|KARDIO_MONITORING,0.5,19.25,4620,4620,4158,5082,5,2,2,8,1,1,Pflegefachkraft,0,0.0,-1020,7,6,2,1,0,1170,1,,,,,,0,,0,,4,4,4,0,468,1,4,4,4,0,410,1,2,2,2,0,292,0,ST-ITS1,Intensivstation,12,Intensivmedizin,2.0,3.0,06:00,14:00,450,,13:30,21:30,450,F,21:15,06:15,495,F|S,11,10,8,10,30,45,8,38.5,30,0.05,0,2.0.0,20261146
PK-012,2026-12-24,plan,24,Donnerstag,4,52,0,0,,Pflegefachkraft,Pflegefachkraft,EXAM|KARDIO_MONITORING,0.75,28.88,6931,6931,6238,7624,5,2,2,8,1,1,Pflegefachkraft,0,0.0,-1530,7,6,2,1,0,1170,1,,,,,,0,,0,,4,4,4,0,468,1,4,4,4,0,410,1,2,2,2,0,292,0,ST-ITS1,Intensivstation,12,Intensivmedizin,2.0,3.0,06:00,14:00,450,,13:30,21:30,450,F,21:15,06:15,495,F|S,11,10,8,10,30,45,8,38.5,30,0.05,0,2.0.0,20261146
PK-013,2026-12-24,plan,24,Donnerstag,4,52,0,0,,Pflegefachkraft,Pflegefachkraft,EXAM|KARDIO_MONITORING,1.0,38.5,9240,9240,8316,10164,5,2,2,8,1,1,Pflegefachkraft,0,0.0,-1905,7,6,2,1,0,1170,1,,,,,,0,,0,,4,4,4,0,468,1,4,4,4,0,410,1,2,2,2,0,292,0,ST-ITS1,Intensivstation,12,Intensivmedizin,2.0,3.0,06:00,14:00,450,,13:30,21:30,450,F,21:15,06:15,495,F|S,11,10,8,10,30,45,8,38.5,30,0.05,0,2.0.0,20261146
PK-014,2026-12-24,plan,24,Donnerstag,4,52,0,0,,Pflegefachkraft,Pflegefachkraft,EXAM,1.0,38.5,9240,9240,8316,10164,5,2,2,8,1,1,Pflegefachkraft,0,0.0,-1680,7,6,2,1,0,1170,1,,,,,,0,,0,,4,4,4,0,468,1,4,4,4,0,410,1,2,2,2,0,292,0,ST-ITS1,Intensivstation,12,Intensivmedizin,2.0,3.0,06:00,14:00,450,,13:30,21:30,450,F,21:15,06:15,495,F|S,11,10,8,10,30,45,8,38.5,30,0.05,0,2.0.0,20261146
PK-015,2026-12-24,plan,24,Donnerstag,4,52,0,0,,Pflegefachkraft,Pflegefachkraft,EXAM|KARDIO_MONITORING,0.5,19.25,4620,4620,4158,5082,5,2,2,8,1,1,Pflegefachkraft,0,0.0,-930,7,6,2,1,0,1170,1,,,,,,0,,0,,4,4,4,0,468,1,4,4,4,0,410,1,2,2,2,0,292,0,ST-ITS1,Intensivstation,12,Intensivmedizin,2.0,3.0,06:00,14:00,450,,13:30,21:30,450,F,21:15,06:15,495,F|S,11,10,8,10,30,45,8,38.5,30,0.05,0,2.0.0,20261146
PK-016,2026-12-24,plan,24,Donnerstag,4,52,0,0,,Pflegefachkraft,Pflegefachkraft,EXAM,0.9,34.65,8316,8316,7484,9148,5,2,2,8,1,1,Pflegefachkraft,0,0.0,1255,7,6,2,1,0,1170,1,,,,,,0,,0,,4,4,4,0,468,1,4,4,4,0,410,1,2,2,2,0,292,0,ST-ITS1,Intensivstation,12,Intensivmedizin,2.0,3.0,06:00,14:00,450,,13:30,21:30,450,F,21:15,06:15,495,F|S,11,10,8,10,30,45,8,38.5,30,0.05,0,2.0.0,20261146
PK-017,2026-12-24,plan,24,Donnerstag,4,52,0,0,,Pflegefachkraft,Pflegefachkraft,EXAM|KARDIO_MONITORING,1.0,38.5,9240,9240,8316,10164,5,2,2,8,1,1,Pflegefachkraft,0,0.0,-1680,7,6,2,1,0,1170,1,,2,,,,0,,0,,4,4,4,0,468,1,4,4,4,0,410,1,2,2,2,0,292,0,ST-ITS1,Intensivstation,12,Intensivmedizin,2.0,3.0,06:00,14:00,450,,13:30,21:30,450,F,21:15,06:15,495,F|S,11,10,8,10,30,45,8,38.5,30,0.05,0,2.0.0,20261146
PK-018,2026-12-24,plan,24,Donnerstag,4,52,0,0,,Pflegefachkraft,Pflegefachkraft,EXAM|PRAXISANLEITUNG,0.6,23.1,5544,5544,4990,6098,5,2,2,8,1,1,Pflegefachkraft,0,0.0,-909,7,6,2,1,0,1170,0,URLAUB,,,,,0,,0,,4,4,4,0,468,1,4,4,4,0,410,1,2,2,2,0,292,0,ST-ITS1,Intensivstation,12,Intensivmedizin,2.0,3.0,06:00,14:00,450,,13:30,21:30,450,F,21:15,06:15,495,F|S,11,10,8,10,30,45,8,38.5,30,0.05,0,2.0.0,20261146
PK-019,2026-12-24,plan,24,Donnerstag,4,52,0,0,,Pflegefachkraft,Pflegefachkraft,EXAM,0.6,23.1,5544,5544,4990,6098,5,2,2,8,1,1,Pflegefachkraft,0,0.0,-954,7,6,2,1,0,1170,1,,,,,,0,,0,,4,4,4,0,468,1,4,4,4,0,410,1,2,2,2,0,292,0,ST-ITS1,Intensivstation,12,Intensivmedizin,2.0,3.0,06:00,14:00,450,,13:30,21:30,450,F,21:15,06:15,495,F|S,11,10,8,10,30,45,8,38.5,30,0.05,0,2.0.0,20261146
PK-020,2026-12-24,plan,24,Donnerstag,4,52,0,0,,Pflegefachkraft,Pflegefachkraft,EXAM|PRAXISANLEITUNG,0.8,30.8,7392,7392,6653,8131,5,2,2,8,1,1,Pflegefachkraft,0,0.0,-1497,7,6,2,1,0,1170,1,,,,,,0,,0,,4,4,4,0,468,1,4,4,4,0,410,1,2,2,2,0,292,0,ST-ITS1,Intensivstation,12,Intensivmedizin,2.0,3.0,06:00,14:00,450,,13:30,21:30,450,F,21:15,06:15,495,F|S,11,10,8,10,30,45,8,38.5,30,0.05,0,2.0.0,20261146
PK-021,2026-12-24,plan,24,Donnerstag,4,52,0,0,,Pflegefachkraft,Pflegefachkraft,EXAM|PRAXISANLEITUNG,0.5,19.25,4620,4620,4158,5082,5,2,2,8,1,1,Pflegefachkraft,0,0.0,-975,7,6,2,1,0,1170,1,,,,,,0,,0,,4,4,4,0,468,1,4,4,4,0,410,1,2,2,2,0,292,0,ST-ITS1,Intensivstation,12,Intensivmedizin,2.0,3.0,06:00,14:00,450,,13:30,21:30,450,F,21:15,06:15,495,F|S,11,10,8,10,30,45,8,38.5,30,0.05,0,2.0.0,20261146
PK-022,2026-12-24,plan,24,Donnerstag,4,52,0,0,,Pflegefachkraft,Pflegefachkraft,EXAM,0.7,26.95,6468,6468,5821,7115,5,2,2,8,1,1,Pflegefachkraft,0,0.0,-1473,7,6,2,1,0,1170,1,,,,,,0,,0,,4,4,4,0,468,1,4,4,4,0,410,1,2,2,2,0,292,0,ST-ITS1,Intensivstation,12,Intensivmedizin,2.0,3.0,06:00,14:00,450,,13:30,21:30,450,F,21:15,06:15,495,F|S,11,10,8,10,30,45,8,38.5,30,0.05,0,2.0.0,20261146
PK-023,2026-12-24,plan,24,Donnerstag,4,52,0,0,,Pflegefachkraft,Pflegefachkraft,EXAM,1.0,38.5,9240,9240,8316,10164,5,2,2,8,1,1,Pflegefachkraft,0,0.0,-2040,7,6,2,1,0,1170,1,,,,,,0,,0,,4,4,4,0,468,1,4,4,4,0,410,1,2,2,2,0,292,0,ST-ITS1,Intensivstation,12,Intensivmedizin,2.0,3.0,06:00,14:00,450,,13:30,21:30,450,F,21:15,06:15,495,F|S,11,10,8,10,30,45,8,38.5,30,0.05,0,2.0.0,20261146
PK-024,2026-12-24,plan,24,Donnerstag,4,52,0,0,,Pflegefachkraft,Pflegefachkraft,EXAM|PRAXISANLEITUNG,1.0,38.5,9240,9240,8316,10164,5,2,2,8,1,1,Pflegefachkraft,0,0.0,-2310,7,6,2,1,0,1170,1,,,,,,0,,0,,4,4,4,0,468,1,4,4,4,0,410,1,2,2,2,0,292,0,ST-ITS1,Intensivstation,12,Intensivmedizin,2.0,3.0,06:00,14:00,450,,13:30,21:30,450,F,21:15,06:15,495,F|S,11,10,8,10,30,45,8,38.5,30,0.05,0,2.0.0,20261146
PK-025,2026-12-24,plan,24,Donnerstag,4,52,0,0,,Pflegefachkraft,Pflegefachkraft,EXAM,1.0,38.5,9240,9240,8316,10164,5,2,2,8,1,1,Pflegefachkraft,0,0.0,-1680,7,6,2,1,0,1170,0,LANGZEITABWESENHEIT,,,,,0,,0,,4,4,4,0,468,1,4,4,4,0,410,1,2,2,2,0,292,0,ST-ITS1,Intensivstation,12,Intensivmedizin,2.0,3.0,06:00,14:00,450,,13:30,21:30,450,F,21:15,06:15,495,F|S,11,10,8,10,30,45,8,38.5,30,0.05,0,2.0.0,20261146
AZ-001,2026-12-25,plan,25,Freitag,5,52,0,1,1. Weihnachtsfeiertag,Auszubildende_r_3_Ausbildungsjahr,Auszubildende,AUSZUBILDEND,1.0,38.5,9240,9240,8316,10164,5,2,2,8,1,0,nicht anrechenbar,0,0.0,-9240,5,5,1,1,1,1081,1,,,,,,0,,0,,3,3,3,0,432,1,3,3,3,0,378,1,2,2,2,0,270,0,ST-ITS1,Intensivstation,12,Intensivmedizin,2.0,3.0,06:00,14:00,450,,13:30,21:30,450,F,21:15,06:15,495,F|S,11,10,8,10,30,45,8,38.5,30,0.05,0,2.0.0,20261146
AZ-002,2026-12-25,plan,25,Freitag,5,52,0,1,1. Weihnachtsfeiertag,Auszubildende_r_2_Ausbildungsjahr,Auszubildende,AUSZUBILDEND,1.0,38.5,9240,9240,8316,10164,5,2,2,8,1,0,nicht anrechenbar,0,0.0,-9240,5,5,1,1,1,1081,1,,,,,,0,,0,,3,3,3,0,432,1,3,3,3,0,378,1,2,2,2,0,270,0,ST-ITS1,Intensivstation,12,Intensivmedizin,2.0,3.0,06:00,14:00,450,,13:30,21:30,450,F,21:15,06:15,495,F|S,11,10,8,10,30,45,8,38.5,30,0.05,0,2.0.0,20261146
AZ-003,2026-12-25,plan,25,Freitag,5,52,0,1,1. Weihnachtsfeiertag,Auszubildende_r_1_Ausbildungsjahr,Auszubildende,AUSZUBILDEND,1.0,38.5,9240,9240,8316,10164,5,2,2,0,0,0,nicht anrechenbar,0,0.0,-9240,5,5,1,1,1,1081,1,,,,,,0,,0,,3,3,3,0,432,1,3,3,3,0,378,1,2,2,2,0,270,0,ST-ITS1,Intensivstation,12,Intensivmedizin,2.0,3.0,06:00,14:00,450,,13:30,21:30,450,F,21:15,06:15,495,F|S,11,10,8,10,30,45,8,38.5,30,0.05,0,2.0.0,20261146
PK-001,2026-12-25,plan,25,Freitag,5,52,0,1,1. Weihnachtsfeiertag,Stationsleitung,Pflegefachkraft,EXAM|LEITUNG|PRAXISANLEITUNG,1.0,38.5,9240,4620,4158,5082,5,2,2,0,0,1,Pflegefachkraft,1,0.5,5814,5,5,1,1,1,1081,1,,,,,,0,,0,,3,3,3,0,432,1,3,3,3,0,378,1,2,2,2,0,270,0,ST-ITS1,Intensivstation,12,Intensivmedizin,2.0,3.0,06:00,14:00,450,,13:30,21:30,450,F,21:15,06:15,495,F|S,11,10,8,10,30,45,8,38.5,30,0.05,0,2.0.0,20261146
PK-002,2026-12-25,plan,25,Freitag,5,52,0,1,1. Weihnachtsfeiertag,Pflegefachkraft,Pflegefachkraft,EXAM|PRAXISANLEITUNG|KARDIO_MONITORING,1.0,38.5,9240,9240,8316,10164,5,2,2,8,1,1,Pflegefachkraft,0,0.0,-1815,5,5,1,1,1,1081,1,,,,,,0,,0,,3,3,3,0,432,1,3,3,3,0,378,1,2,2,2,0,270,0,ST-ITS1,Intensivstation,12,Intensivmedizin,2.0,3.0,06:00,14:00,450,,13:30,21:30,450,F,21:15,06:15,495,F|S,11,10,8,10,30,45,8,38.5,30,0.05,0,2.0.0,20261146
PK-003,2026-12-25,plan,25,Freitag,5,52,0,1,1. Weihnachtsfeiertag,Pflegefachkraft,Pflegefachkraft,EXAM,1.0,38.5,9240,9240,8316,10164,5,2,2,8,1,1,Pflegefachkraft,0,0.0,-1815,5,5,1,1,1,1081,0,URLAUB,,,,,0,,0,,3,3,3,0,432,1,3,3,3,0,378,1,2,2,2,0,270,0,ST-ITS1,Intensivstation,12,Intensivmedizin,2.0,3.0,06:00,14:00,450,,13:30,21:30,450,F,21:15,06:15,495,F|S,11,10,8,10,30,45,8,38.5,30,0.05,0,2.0.0,20261146
PK-004,2026-12-25,plan,25,Freitag,5,52,0,1,1. Weihnachtsfeiertag,Pflegefachkraft,Pflegefachkraft,EXAM,1.0,38.5,9240,9240,8316,10164,5,2,2,8,1,1,Pflegefachkraft,0,0.0,-1995,5,5,1,1,1,1081,1,,2,,,,0,,0,,3,3,3,0,432,1,3,3,3,0,378,1,2,2,2,0,270,0,ST-ITS1,Intensivstation,12,Intensivmedizin,2.0,3.0,06:00,14:00,450,,13:30,21:30,450,F,21:15,06:15,495,F|S,11,10,8,10,30,45,8,38.5,30,0.05,0,2.0.0,20261146
PK-005,2026-12-25,plan,25,Freitag,5,52,0,1,1. Weihnachtsfeiertag,Pflegefachkraft,Pflegefachkraft,EXAM,1.0,38.5,9240,9240,8316,10164,5,2,2,8,1,1,Pflegefachkraft,0,0.0,-1905,5,5,1,1,1,1081,1,,,,,,0,,0,,3,3,3,0,432,1,3,3,3,0,378,1,2,2,2,0,270,0,ST-ITS1,Intensivstation,12,Intensivmedizin,2.0,3.0,06:00,14:00,450,,13:30,21:30,450,F,21:15,06:15,495,F|S,11,10,8,10,30,45,8,38.5,30,0.05,0,2.0.0,20261146
PK-006,2026-12-25,plan,25,Freitag,5,52,0,1,1. Weihnachtsfeiertag,Pflegefachkraft,Pflegefachkraft,EXAM|PRAXISANLEITUNG|KARDIO_MONITORING,1.0,38.5,9240,9240,8316,10164,5,2,2,8,1,1,Pflegefachkraft,0,0.0,-1905,5,5,1,1,1,1081,1,,,,,,0,,0,,3,3,3,0,432,1,3,3,3,0,378,1,2,2,2,0,270,0,ST-ITS1,Intensivstation,12,Intensivmedizin,2.0,3.0,06:00,14:00,450,,13:30,21:30,450,F,21:15,06:15,495,F|S,11,10,8,10,30,45,8,38.5,30,0.05,0,2.0.0,20261146
PK-007,2026-12-25,plan,25,Freitag,5,52,0,1,1. Weihnachtsfeiertag,Pflegefachkraft,Pflegefachkraft,EXAM,1.0,38.5,9240,9240,8316,10164,5,2,2,8,1,1,Pflegefachkraft,0,0.0,1104,5,5,1,1,1,1081,1,,,,,,1,4,0,,3,3,3,0,432,1,3,3,3,0,378,1,2,2,2,0,270,0,ST-ITS1,Intensivstation,12,Intensivmedizin,2.0,3.0,06:00,14:00,450,,13:30,21:30,450,F,21:15,06:15,495,F|S,11,10,8,10,30,45,8,38.5,30,0.05,0,2.0.0,20261146
PK-008,2026-12-25,plan,25,Freitag,5,52,0,1,1. Weihnachtsfeiertag,Pflegefachkraft,Pflegefachkraft,EXAM|KARDIO_MONITORING,1.0,38.5,9240,9240,8316,10164,5,2,2,8,1,1,Pflegefachkraft,0,0.0,-2265,5,5,1,1,1,1081,1,,,,,,0,,0,,3,3,3,0,432,1,3,3,3,0,378,1,2,2,2,0,270,0,ST-ITS1,Intensivstation,12,Intensivmedizin,2.0,3.0,06:00,14:00,450,,13:30,21:30,450,F,21:15,06:15,495,F|S,11,10,8,10,30,45,8,38.5,30,0.05,0,2.0.0,20261146
PK-009,2026-12-25,plan,25,Freitag,5,52,0,1,1. Weihnachtsfeiertag,Pflegefachkraft,Pflegefachkraft,EXAM,1.0,38.5,9240,9240,8316,10164,5,2,2,8,1,1,Pflegefachkraft,0,0.0,-1995,5,5,1,1,1,1081,1,,2,,,,0,,0,,3,3,3,0,432,1,3,3,3,0,378,1,2,2,2,0,270,0,ST-ITS1,Intensivstation,12,Intensivmedizin,2.0,3.0,06:00,14:00,450,,13:30,21:30,450,F,21:15,06:15,495,F|S,11,10,8,10,30,45,8,38.5,30,0.05,0,2.0.0,20261146
PK-010,2026-12-25,plan,25,Freitag,5,52,0,1,1. Weihnachtsfeiertag,Pflegefachkraft,Pflegefachkraft,EXAM|PRAXISANLEITUNG|KARDIO_MONITORING,0.6,23.1,5544,5544,4990,6098,5,2,2,8,1,1,Pflegefachkraft,0,0.0,-999,5,5,1,1,1,1081,1,,,,,,0,,0,,3,3,3,0,432,1,3,3,3,0,378,1,2,2,2,0,270,0,ST-ITS1,Intensivstation,12,Intensivmedizin,2.0,3.0,06:00,14:00,450,,13:30,21:30,450,F,21:15,06:15,495,F|S,11,10,8,10,30,45,8,38.5,30,0.05,0,2.0.0,20261146
PK-011,2026-12-25,plan,25,Freitag,5,52,0,1,1. Weihnachtsfeiertag,Pflegefachkraft,Pflegefachkraft,EXAM|KARDIO_MONITORING,0.5,19.25,4620,4620,4158,5082,5,2,2,8,1,1,Pflegefachkraft,0,0.0,-1020,5,5,1,1,1,1081,1,,,,,,0,,0,,3,3,3,0,432,1,3,3,3,0,378,1,2,2,2,0,270,0,ST-ITS1,Intensivstation,12,Intensivmedizin,2.0,3.0,06:00,14:00,450,,13:30,21:30,450,F,21:15,06:15,495,F|S,11,10,8,10,30,45,8,38.5,30,0.05,0,2.0.0,20261146
PK-012,2026-12-25,plan,25,Freitag,5,52,0,1,1. Weihnachtsfeiertag,Pflegefachkraft,Pflegefachkraft,EXAM|KARDIO_MONITORING,0.75,28.88,6931,6931,6238,7624,5,2,2,8,1,1,Pflegefachkraft,0,0.0,-1530,5,5,1,1,1,1081,1,,,,,,0,,0,,3,3,3,0,432,1,3,3,3,0,378,1,2,2,2,0,270,0,ST-ITS1,Intensivstation,12,Intensivmedizin,2.0,3.0,06:00,14:00,450,,13:30,21:30,450,F,21:15,06:15,495,F|S,11,10,8,10,30,45,8,38.5,30,0.05,0,2.0.0,20261146
PK-013,2026-12-25,plan,25,Freitag,5,52,0,1,1. Weihnachtsfeiertag,Pflegefachkraft,Pflegefachkraft,EXAM|KARDIO_MONITORING,1.0,38.5,9240,9240,8316,10164,5,2,2,8,1,1,Pflegefachkraft,0,0.0,-1905,5,5,1,1,1,1081,1,,,,,,0,,0,,3,3,3,0,432,1,3,3,3,0,378,1,2,2,2,0,270,0,ST-ITS1,Intensivstation,12,Intensivmedizin,2.0,3.0,06:00,14:00,450,,13:30,21:30,450,F,21:15,06:15,495,F|S,11,10,8,10,30,45,8,38.5,30,0.05,0,2.0.0,20261146
PK-014,2026-12-25,plan,25,Freitag,5,52,0,1,1. Weihnachtsfeiertag,Pflegefachkraft,Pflegefachkraft,EXAM,1.0,38.5,9240,9240,8316,10164,5,2,2,8,1,1,Pflegefachkraft,0,0.0,-1680,5,5,1,1,1,1081,1,,,,,,0,,0,,3,3,3,0,432,1,3,3,3,0,378,1,2,2,2,0,270,0,ST-ITS1,Intensivstation,12,Intensivmedizin,2.0,3.0,06:00,14:00,450,,13:30,21:30,450,F,21:15,06:15,495,F|S,11,10,8,10,30,45,8,38.5,30,0.05,0,2.0.0,20261146
PK-015,2026-12-25,plan,25,Freitag,5,52,0,1,1. Weihnachtsfeiertag,Pflegefachkraft,Pflegefachkraft,EXAM|KARDIO_MONITORING,0.5,19.25,4620,4620,4158,5082,5,2,2,8,1,1,Pflegefachkraft,0,0.0,-930,5,5,1,1,1,1081,1,,,,,,0,,0,,3,3,3,0,432,1,3,3,3,0,378,1,2,2,2,0,270,0,ST-ITS1,Intensivstation,12,Intensivmedizin,2.0,3.0,06:00,14:00,450,,13:30,21:30,450,F,21:15,06:15,495,F|S,11,10,8,10,30,45,8,38.5,30,0.05,0,2.0.0,20261146
PK-016,2026-12-25,plan,25,Freitag,5,52,0,1,1. Weihnachtsfeiertag,Pflegefachkraft,Pflegefachkraft,EXAM,0.9,34.65,8316,8316,7484,9148,5,2,2,8,1,1,Pflegefachkraft,0,0.0,1255,5,5,1,1,1,1081,1,,,,,,0,,0,,3,3,3,0,432,1,3,3,3,0,378,1,2,2,2,0,270,0,ST-ITS1,Intensivstation,12,Intensivmedizin,2.0,3.0,06:00,14:00,450,,13:30,21:30,450,F,21:15,06:15,495,F|S,11,10,8,10,30,45,8,38.5,30,0.05,0,2.0.0,20261146
PK-017,2026-12-25,plan,25,Freitag,5,52,0,1,1. Weihnachtsfeiertag,Pflegefachkraft,Pflegefachkraft,EXAM|KARDIO_MONITORING,1.0,38.5,9240,9240,8316,10164,5,2,2,8,1,1,Pflegefachkraft,0,0.0,-1680,5,5,1,1,1,1081,1,,,,,,0,,0,,3,3,3,0,432,1,3,3,3,0,378,1,2,2,2,0,270,0,ST-ITS1,Intensivstation,12,Intensivmedizin,2.0,3.0,06:00,14:00,450,,13:30,21:30,450,F,21:15,06:15,495,F|S,11,10,8,10,30,45,8,38.5,30,0.05,0,2.0.0,20261146
PK-018,2026-12-25,plan,25,Freitag,5,52,0,1,1. Weihnachtsfeiertag,Pflegefachkraft,Pflegefachkraft,EXAM|PRAXISANLEITUNG,0.6,23.1,5544,5544,4990,6098,5,2,2,8,1,1,Pflegefachkraft,0,0.0,-909,5,5,1,1,1,1081,0,URLAUB,,,,,0,,0,,3,3,3,0,432,1,3,3,3,0,378,1,2,2,2,0,270,0,ST-ITS1,Intensivstation,12,Intensivmedizin,2.0,3.0,06:00,14:00,450,,13:30,21:30,450,F,21:15,06:15,495,F|S,11,10,8,10,30,45,8,38.5,30,0.05,0,2.0.0,20261146
PK-019,2026-12-25,plan,25,Freitag,5,52,0,1,1. Weihnachtsfeiertag,Pflegefachkraft,Pflegefachkraft,EXAM,0.6,23.1,5544,5544,4990,6098,5,2,2,8,1,1,Pflegefachkraft,0,0.0,-954,5,5,1,1,1,1081,1,,3,,,,0,,1,12,3,3,3,0,432,1,3,3,3,0,378,1,2,2,2,0,270,0,ST-ITS1,Intensivstation,12,Intensivmedizin,2.0,3.0,06:00,14:00,450,,13:30,21:30,450,F,21:15,06:15,495,F|S,11,10,8,10,30,45,8,38.5,30,0.05,0,2.0.0,20261146
PK-020,2026-12-25,plan,25,Freitag,5,52,0,1,1. Weihnachtsfeiertag,Pflegefachkraft,Pflegefachkraft,EXAM|PRAXISANLEITUNG,0.8,30.8,7392,7392,6653,8131,5,2,2,8,1,1,Pflegefachkraft,0,0.0,-1497,5,5,1,1,1,1081,1,,,,,,0,,0,,3,3,3,0,432,1,3,3,3,0,378,1,2,2,2,0,270,0,ST-ITS1,Intensivstation,12,Intensivmedizin,2.0,3.0,06:00,14:00,450,,13:30,21:30,450,F,21:15,06:15,495,F|S,11,10,8,10,30,45,8,38.5,30,0.05,0,2.0.0,20261146
PK-021,2026-12-25,plan,25,Freitag,5,52,0,1,1. Weihnachtsfeiertag,Pflegefachkraft,Pflegefachkraft,EXAM|PRAXISANLEITUNG,0.5,19.25,4620,4620,4158,5082,5,2,2,8,1,1,Pflegefachkraft,0,0.0,-975,5,5,1,1,1,1081,1,,,,,,0,,0,,3,3,3,0,432,1,3,3,3,0,378,1,2,2,2,0,270,0,ST-ITS1,Intensivstation,12,Intensivmedizin,2.0,3.0,06:00,14:00,450,,13:30,21:30,450,F,21:15,06:15,495,F|S,11,10,8,10,30,45,8,38.5,30,0.05,0,2.0.0,20261146
PK-022,2026-12-25,plan,25,Freitag,5,52,0,1,1. Weihnachtsfeiertag,Pflegefachkraft,Pflegefachkraft,EXAM,0.7,26.95,6468,6468,5821,7115,5,2,2,8,1,1,Pflegefachkraft,0,0.0,-1473,5,5,1,1,1,1081,1,,,,,,0,,0,,3,3,3,0,432,1,3,3,3,0,378,1,2,2,2,0,270,0,ST-ITS1,Intensivstation,12,Intensivmedizin,2.0,3.0,06:00,14:00,450,,13:30,21:30,450,F,21:15,06:15,495,F|S,11,10,8,10,30,45,8,38.5,30,0.05,0,2.0.0,20261146
PK-023,2026-12-25,plan,25,Freitag,5,52,0,1,1. Weihnachtsfeiertag,Pflegefachkraft,Pflegefachkraft,EXAM,1.0,38.5,9240,9240,8316,10164,5,2,2,8,1,1,Pflegefachkraft,0,0.0,-2040,5,5,1,1,1,1081,1,,,,,,0,,0,,3,3,3,0,432,1,3,3,3,0,378,1,2,2,2,0,270,0,ST-ITS1,Intensivstation,12,Intensivmedizin,2.0,3.0,06:00,14:00,450,,13:30,21:30,450,F,21:15,06:15,495,F|S,11,10,8,10,30,45,8,38.5,30,0.05,0,2.0.0,20261146
PK-024,2026-12-25,plan,25,Freitag,5,52,0,1,1. Weihnachtsfeiertag,Pflegefachkraft,Pflegefachkraft,EXAM|PRAXISANLEITUNG,1.0,38.5,9240,9240,8316,10164,5,2,2,8,1,1,Pflegefachkraft,0,0.0,-2310,5,5,1,1,1,1081,1,,1,,,,0,,0,,3,3,3,0,432,1,3,3,3,0,378,1,2,2,2,0,270,0,ST-ITS1,Intensivstation,12,Intensivmedizin,2.0,3.0,06:00,14:00,450,,13:30,21:30,450,F,21:15,06:15,495,F|S,11,10,8,10,30,45,8,38.5,30,0.05,0,2.0.0,20261146
PK-025,2026-12-25,plan,25,Freitag,5,52,0,1,1. Weihnachtsfeiertag,Pflegefachkraft,Pflegefachkraft,EXAM,1.0,38.5,9240,9240,8316,10164,5,2,2,8,1,1,Pflegefachkraft,0,0.0,-1680,5,5,1,1,1,1081,0,LANGZEITABWESENHEIT,,,,,0,,0,,3,3,3,0,432,1,3,3,3,0,378,1,2,2,2,0,270,0,ST-ITS1,Intensivstation,12,Intensivmedizin,2.0,3.0,06:00,14:00,450,,13:30,21:30,450,F,21:15,06:15,495,F|S,11,10,8,10,30,45,8,38.5,30,0.05,0,2.0.0,20261146
AZ-001,2026-12-26,plan,26,Samstag,6,52,1,1,2. Weihnachtsfeiertag,Auszubildende_r_3_Ausbildungsjahr,Auszubildende,AUSZUBILDEND,1.0,38.5,9240,9240,8316,10164,5,2,2,8,1,0,nicht anrechenbar,0,0.0,-9240,5,5,0,0,0,777,0,FORTBILDUNG,,,,,0,,0,,3,3,3,0,311,1,3,3,3,0,272,1,2,2,2,0,194,0,ST-ITS1,Intensivstation,12,Intensivmedizin,2.0,3.0,06:00,14:00,450,,13:30,21:30,450,F,21:15,06:15,495,F|S,11,10,8,10,30,45,8,38.5,30,0.05,0,2.0.0,20261146
AZ-002,2026-12-26,plan,26,Samstag,6,52,1,1,2. Weihnachtsfeiertag,Auszubildende_r_2_Ausbildungsjahr,Auszubildende,AUSZUBILDEND,1.0,38.5,9240,9240,8316,10164,5,2,2,8,1,0,nicht anrechenbar,0,0.0,-9240,5,5,0,0,0,777,1,,,,,,0,,0,,3,3,3,0,311,1,3,3,3,0,272,1,2,2,2,0,194,0,ST-ITS1,Intensivstation,12,Intensivmedizin,2.0,3.0,06:00,14:00,450,,13:30,21:30,450,F,21:15,06:15,495,F|S,11,10,8,10,30,45,8,38.5,30,0.05,0,2.0.0,20261146
AZ-003,2026-12-26,plan,26,Samstag,6,52,1,1,2. Weihnachtsfeiertag,Auszubildende_r_1_Ausbildungsjahr,Auszubildende,AUSZUBILDEND,1.0,38.5,9240,9240,8316,10164,5,2,2,0,0,0,nicht anrechenbar,0,0.0,-9240,5,5,0,0,0,777,1,,,,,,0,,0,,3,3,3,0,311,1,3,3,3,0,272,1,2,2,2,0,194,0,ST-ITS1,Intensivstation,12,Intensivmedizin,2.0,3.0,06:00,14:00,450,,13:30,21:30,450,F,21:15,06:15,495,F|S,11,10,8,10,30,45,8,38.5,30,0.05,0,2.0.0,20261146
PK-001,2026-12-26,plan,26,Samstag,6,52,1,1,2. Weihnachtsfeiertag,Stationsleitung,Pflegefachkraft,EXAM|LEITUNG|PRAXISANLEITUNG,1.0,38.5,9240,4620,4158,5082,5,2,2,0,0,1,Pflegefachkraft,1,0.5,5814,5,5,0,0,0,777,1,,,,,,0,,0,,3,3,3,0,311,1,3,3,3,0,272,1,2,2,2,0,194,0,ST-ITS1,Intensivstation,12,Intensivmedizin,2.0,3.0,06:00,14:00,450,,13:30,21:30,450,F,21:15,06:15,495,F|S,11,10,8,10,30,45,8,38.5,30,0.05,0,2.0.0,20261146
PK-002,2026-12-26,plan,26,Samstag,6,52,1,1,2. Weihnachtsfeiertag,Pflegefachkraft,Pflegefachkraft,EXAM|PRAXISANLEITUNG|KARDIO_MONITORING,1.0,38.5,9240,9240,8316,10164,5,2,2,8,1,1,Pflegefachkraft,0,0.0,-1815,5,5,0,0,0,777,1,,,,,,0,,0,,3,3,3,0,311,1,3,3,3,0,272,1,2,2,2,0,194,0,ST-ITS1,Intensivstation,12,Intensivmedizin,2.0,3.0,06:00,14:00,450,,13:30,21:30,450,F,21:15,06:15,495,F|S,11,10,8,10,30,45,8,38.5,30,0.05,0,2.0.0,20261146
PK-003,2026-12-26,plan,26,Samstag,6,52,1,1,2. Weihnachtsfeiertag,Pflegefachkraft,Pflegefachkraft,EXAM,1.0,38.5,9240,9240,8316,10164,5,2,2,8,1,1,Pflegefachkraft,0,0.0,-1815,5,5,0,0,0,777,0,URLAUB,,,,,0,,0,,3,3,3,0,311,1,3,3,3,0,272,1,2,2,2,0,194,0,ST-ITS1,Intensivstation,12,Intensivmedizin,2.0,3.0,06:00,14:00,450,,13:30,21:30,450,F,21:15,06:15,495,F|S,11,10,8,10,30,45,8,38.5,30,0.05,0,2.0.0,20261146
PK-004,2026-12-26,plan,26,Samstag,6,52,1,1,2. Weihnachtsfeiertag,Pflegefachkraft,Pflegefachkraft,EXAM,1.0,38.5,9240,9240,8316,10164,5,2,2,8,1,1,Pflegefachkraft,0,0.0,-1995,5,5,0,0,0,777,1,,,,,,0,,0,,3,3,3,0,311,1,3,3,3,0,272,1,2,2,2,0,194,0,ST-ITS1,Intensivstation,12,Intensivmedizin,2.0,3.0,06:00,14:00,450,,13:30,21:30,450,F,21:15,06:15,495,F|S,11,10,8,10,30,45,8,38.5,30,0.05,0,2.0.0,20261146
PK-005,2026-12-26,plan,26,Samstag,6,52,1,1,2. Weihnachtsfeiertag,Pflegefachkraft,Pflegefachkraft,EXAM,1.0,38.5,9240,9240,8316,10164,5,2,2,8,1,1,Pflegefachkraft,0,0.0,-1905,5,5,0,0,0,777,1,,,,,,0,,0,,3,3,3,0,311,1,3,3,3,0,272,1,2,2,2,0,194,0,ST-ITS1,Intensivstation,12,Intensivmedizin,2.0,3.0,06:00,14:00,450,,13:30,21:30,450,F,21:15,06:15,495,F|S,11,10,8,10,30,45,8,38.5,30,0.05,0,2.0.0,20261146
PK-006,2026-12-26,plan,26,Samstag,6,52,1,1,2. Weihnachtsfeiertag,Pflegefachkraft,Pflegefachkraft,EXAM|PRAXISANLEITUNG|KARDIO_MONITORING,1.0,38.5,9240,9240,8316,10164,5,2,2,8,1,1,Pflegefachkraft,0,0.0,-1905,5,5,0,0,0,777,1,,,,,,0,,0,,3,3,3,0,311,1,3,3,3,0,272,1,2,2,2,0,194,0,ST-ITS1,Intensivstation,12,Intensivmedizin,2.0,3.0,06:00,14:00,450,,13:30,21:30,450,F,21:15,06:15,495,F|S,11,10,8,10,30,45,8,38.5,30,0.05,0,2.0.0,20261146
PK-007,2026-12-26,plan,26,Samstag,6,52,1,1,2. Weihnachtsfeiertag,Pflegefachkraft,Pflegefachkraft,EXAM,1.0,38.5,9240,9240,8316,10164,5,2,2,8,1,1,Pflegefachkraft,0,0.0,1104,5,5,0,0,0,777,1,,,,,,0,,0,,3,3,3,0,311,1,3,3,3,0,272,1,2,2,2,0,194,0,ST-ITS1,Intensivstation,12,Intensivmedizin,2.0,3.0,06:00,14:00,450,,13:30,21:30,450,F,21:15,06:15,495,F|S,11,10,8,10,30,45,8,38.5,30,0.05,0,2.0.0,20261146
PK-008,2026-12-26,plan,26,Samstag,6,52,1,1,2. Weihnachtsfeiertag,Pflegefachkraft,Pflegefachkraft,EXAM|KARDIO_MONITORING,1.0,38.5,9240,9240,8316,10164,5,2,2,8,1,1,Pflegefachkraft,0,0.0,-2265,5,5,0,0,0,777,1,,,,,,0,,0,,3,3,3,0,311,1,3,3,3,0,272,1,2,2,2,0,194,0,ST-ITS1,Intensivstation,12,Intensivmedizin,2.0,3.0,06:00,14:00,450,,13:30,21:30,450,F,21:15,06:15,495,F|S,11,10,8,10,30,45,8,38.5,30,0.05,0,2.0.0,20261146
PK-009,2026-12-26,plan,26,Samstag,6,52,1,1,2. Weihnachtsfeiertag,Pflegefachkraft,Pflegefachkraft,EXAM,1.0,38.5,9240,9240,8316,10164,5,2,2,8,1,1,Pflegefachkraft,0,0.0,-1995,5,5,0,0,0,777,1,,,,,,0,,0,,3,3,3,0,311,1,3,3,3,0,272,1,2,2,2,0,194,0,ST-ITS1,Intensivstation,12,Intensivmedizin,2.0,3.0,06:00,14:00,450,,13:30,21:30,450,F,21:15,06:15,495,F|S,11,10,8,10,30,45,8,38.5,30,0.05,0,2.0.0,20261146
PK-010,2026-12-26,plan,26,Samstag,6,52,1,1,2. Weihnachtsfeiertag,Pflegefachkraft,Pflegefachkraft,EXAM|PRAXISANLEITUNG|KARDIO_MONITORING,0.6,23.1,5544,5544,4990,6098,5,2,2,8,1,1,Pflegefachkraft,0,0.0,-999,5,5,0,0,0,777,1,,,,,,0,,0,,3,3,3,0,311,1,3,3,3,0,272,1,2,2,2,0,194,0,ST-ITS1,Intensivstation,12,Intensivmedizin,2.0,3.0,06:00,14:00,450,,13:30,21:30,450,F,21:15,06:15,495,F|S,11,10,8,10,30,45,8,38.5,30,0.05,0,2.0.0,20261146
PK-011,2026-12-26,plan,26,Samstag,6,52,1,1,2. Weihnachtsfeiertag,Pflegefachkraft,Pflegefachkraft,EXAM|KARDIO_MONITORING,0.5,19.25,4620,4620,4158,5082,5,2,2,8,1,1,Pflegefachkraft,0,0.0,-1020,5,5,0,0,0,777,1,,,,,,0,,0,,3,3,3,0,311,1,3,3,3,0,272,1,2,2,2,0,194,0,ST-ITS1,Intensivstation,12,Intensivmedizin,2.0,3.0,06:00,14:00,450,,13:30,21:30,450,F,21:15,06:15,495,F|S,11,10,8,10,30,45,8,38.5,30,0.05,0,2.0.0,20261146
PK-012,2026-12-26,plan,26,Samstag,6,52,1,1,2. Weihnachtsfeiertag,Pflegefachkraft,Pflegefachkraft,EXAM|KARDIO_MONITORING,0.75,28.88,6931,6931,6238,7624,5,2,2,8,1,1,Pflegefachkraft,0,0.0,-1530,5,5,0,0,0,777,1,,,,,,0,,0,,3,3,3,0,311,1,3,3,3,0,272,1,2,2,2,0,194,0,ST-ITS1,Intensivstation,12,Intensivmedizin,2.0,3.0,06:00,14:00,450,,13:30,21:30,450,F,21:15,06:15,495,F|S,11,10,8,10,30,45,8,38.5,30,0.05,0,2.0.0,20261146
PK-013,2026-12-26,plan,26,Samstag,6,52,1,1,2. Weihnachtsfeiertag,Pflegefachkraft,Pflegefachkraft,EXAM|KARDIO_MONITORING,1.0,38.5,9240,9240,8316,10164,5,2,2,8,1,1,Pflegefachkraft,0,0.0,-1905,5,5,0,0,0,777,1,,,,,,0,,0,,3,3,3,0,311,1,3,3,3,0,272,1,2,2,2,0,194,0,ST-ITS1,Intensivstation,12,Intensivmedizin,2.0,3.0,06:00,14:00,450,,13:30,21:30,450,F,21:15,06:15,495,F|S,11,10,8,10,30,45,8,38.5,30,0.05,0,2.0.0,20261146
PK-014,2026-12-26,plan,26,Samstag,6,52,1,1,2. Weihnachtsfeiertag,Pflegefachkraft,Pflegefachkraft,EXAM,1.0,38.5,9240,9240,8316,10164,5,2,2,8,1,1,Pflegefachkraft,0,0.0,-1680,5,5,0,0,0,777,1,,,,,,0,,0,,3,3,3,0,311,1,3,3,3,0,272,1,2,2,2,0,194,0,ST-ITS1,Intensivstation,12,Intensivmedizin,2.0,3.0,06:00,14:00,450,,13:30,21:30,450,F,21:15,06:15,495,F|S,11,10,8,10,30,45,8,38.5,30,0.05,0,2.0.0,20261146
PK-015,2026-12-26,plan,26,Samstag,6,52,1,1,2. Weihnachtsfeiertag,Pflegefachkraft,Pflegefachkraft,EXAM|KARDIO_MONITORING,0.5,19.25,4620,4620,4158,5082,5,2,2,8,1,1,Pflegefachkraft,0,0.0,-930,5,5,0,0,0,777,1,,,,,,0,,0,,3,3,3,0,311,1,3,3,3,0,272,1,2,2,2,0,194,0,ST-ITS1,Intensivstation,12,Intensivmedizin,2.0,3.0,06:00,14:00,450,,13:30,21:30,450,F,21:15,06:15,495,F|S,11,10,8,10,30,45,8,38.5,30,0.05,0,2.0.0,20261146
PK-016,2026-12-26,plan,26,Samstag,6,52,1,1,2. Weihnachtsfeiertag,Pflegefachkraft,Pflegefachkraft,EXAM,0.9,34.65,8316,8316,7484,9148,5,2,2,8,1,1,Pflegefachkraft,0,0.0,1255,5,5,0,0,0,777,1,,,,,,0,,0,,3,3,3,0,311,1,3,3,3,0,272,1,2,2,2,0,194,0,ST-ITS1,Intensivstation,12,Intensivmedizin,2.0,3.0,06:00,14:00,450,,13:30,21:30,450,F,21:15,06:15,495,F|S,11,10,8,10,30,45,8,38.5,30,0.05,0,2.0.0,20261146
PK-017,2026-12-26,plan,26,Samstag,6,52,1,1,2. Weihnachtsfeiertag,Pflegefachkraft,Pflegefachkraft,EXAM|KARDIO_MONITORING,1.0,38.5,9240,9240,8316,10164,5,2,2,8,1,1,Pflegefachkraft,0,0.0,-1680,5,5,0,0,0,777,1,,,,,,0,,0,,3,3,3,0,311,1,3,3,3,0,272,1,2,2,2,0,194,0,ST-ITS1,Intensivstation,12,Intensivmedizin,2.0,3.0,06:00,14:00,450,,13:30,21:30,450,F,21:15,06:15,495,F|S,11,10,8,10,30,45,8,38.5,30,0.05,0,2.0.0,20261146
PK-018,2026-12-26,plan,26,Samstag,6,52,1,1,2. Weihnachtsfeiertag,Pflegefachkraft,Pflegefachkraft,EXAM|PRAXISANLEITUNG,0.6,23.1,5544,5544,4990,6098,5,2,2,8,1,1,Pflegefachkraft,0,0.0,-909,5,5,0,0,0,777,1,,,,,,0,,0,,3,3,3,0,311,1,3,3,3,0,272,1,2,2,2,0,194,0,ST-ITS1,Intensivstation,12,Intensivmedizin,2.0,3.0,06:00,14:00,450,,13:30,21:30,450,F,21:15,06:15,495,F|S,11,10,8,10,30,45,8,38.5,30,0.05,0,2.0.0,20261146
PK-019,2026-12-26,plan,26,Samstag,6,52,1,1,2. Weihnachtsfeiertag,Pflegefachkraft,Pflegefachkraft,EXAM,0.6,23.1,5544,5544,4990,6098,5,2,2,8,1,1,Pflegefachkraft,0,0.0,-954,5,5,0,0,0,777,1,,,,,,0,,1,24,3,3,3,0,311,1,3,3,3,0,272,1,2,2,2,0,194,0,ST-ITS1,Intensivstation,12,Intensivmedizin,2.0,3.0,06:00,14:00,450,,13:30,21:30,450,F,21:15,06:15,495,F|S,11,10,8,10,30,45,8,38.5,30,0.05,0,2.0.0,20261146
PK-020,2026-12-26,plan,26,Samstag,6,52,1,1,2. Weihnachtsfeiertag,Pflegefachkraft,Pflegefachkraft,EXAM|PRAXISANLEITUNG,0.8,30.8,7392,7392,6653,8131,5,2,2,8,1,1,Pflegefachkraft,0,0.0,-1497,5,5,0,0,0,777,1,,,,,,0,,0,,3,3,3,0,311,1,3,3,3,0,272,1,2,2,2,0,194,0,ST-ITS1,Intensivstation,12,Intensivmedizin,2.0,3.0,06:00,14:00,450,,13:30,21:30,450,F,21:15,06:15,495,F|S,11,10,8,10,30,45,8,38.5,30,0.05,0,2.0.0,20261146
PK-021,2026-12-26,plan,26,Samstag,6,52,1,1,2. Weihnachtsfeiertag,Pflegefachkraft,Pflegefachkraft,EXAM|PRAXISANLEITUNG,0.5,19.25,4620,4620,4158,5082,5,2,2,8,1,1,Pflegefachkraft,0,0.0,-975,5,5,0,0,0,777,1,,,,,,0,,0,,3,3,3,0,311,1,3,3,3,0,272,1,2,2,2,0,194,0,ST-ITS1,Intensivstation,12,Intensivmedizin,2.0,3.0,06:00,14:00,450,,13:30,21:30,450,F,21:15,06:15,495,F|S,11,10,8,10,30,45,8,38.5,30,0.05,0,2.0.0,20261146
PK-022,2026-12-26,plan,26,Samstag,6,52,1,1,2. Weihnachtsfeiertag,Pflegefachkraft,Pflegefachkraft,EXAM,0.7,26.95,6468,6468,5821,7115,5,2,2,8,1,1,Pflegefachkraft,0,0.0,-1473,5,5,0,0,0,777,1,,,,,,0,,0,,3,3,3,0,311,1,3,3,3,0,272,1,2,2,2,0,194,0,ST-ITS1,Intensivstation,12,Intensivmedizin,2.0,3.0,06:00,14:00,450,,13:30,21:30,450,F,21:15,06:15,495,F|S,11,10,8,10,30,45,8,38.5,30,0.05,0,2.0.0,20261146
PK-023,2026-12-26,plan,26,Samstag,6,52,1,1,2. Weihnachtsfeiertag,Pflegefachkraft,Pflegefachkraft,EXAM,1.0,38.5,9240,9240,8316,10164,5,2,2,8,1,1,Pflegefachkraft,0,0.0,-2040,5,5,0,0,0,777,1,,,,,,0,,0,,3,3,3,0,311,1,3,3,3,0,272,1,2,2,2,0,194,0,ST-ITS1,Intensivstation,12,Intensivmedizin,2.0,3.0,06:00,14:00,450,,13:30,21:30,450,F,21:15,06:15,495,F|S,11,10,8,10,30,45,8,38.5,30,0.05,0,2.0.0,20261146
PK-024,2026-12-26,plan,26,Samstag,6,52,1,1,2. Weihnachtsfeiertag,Pflegefachkraft,Pflegefachkraft,EXAM|PRAXISANLEITUNG,1.0,38.5,9240,9240,8316,10164,5,2,2,8,1,1,Pflegefachkraft,0,0.0,-2310,5,5,0,0,0,777,1,,,,,,0,,0,,3,3,3,0,311,1,3,3,3,0,272,1,2,2,2,0,194,0,ST-ITS1,Intensivstation,12,Intensivmedizin,2.0,3.0,06:00,14:00,450,,13:30,21:30,450,F,21:15,06:15,495,F|S,11,10,8,10,30,45,8,38.5,30,0.05,0,2.0.0,20261146
PK-025,2026-12-26,plan,26,Samstag,6,52,1,1,2. Weihnachtsfeiertag,Pflegefachkraft,Pflegefachkraft,EXAM,1.0,38.5,9240,9240,8316,10164,5,2,2,8,1,1,Pflegefachkraft,0,0.0,-1680,5,5,0,0,0,777,0,LANGZEITABWESENHEIT,,,,,0,,0,,3,3,3,0,311,1,3,3,3,0,272,1,2,2,2,0,194,0,ST-ITS1,Intensivstation,12,Intensivmedizin,2.0,3.0,06:00,14:00,450,,13:30,21:30,450,F,21:15,06:15,495,F|S,11,10,8,10,30,45,8,38.5,30,0.05,0,2.0.0,20261146
AZ-001,2026-12-27,plan,27,Sonntag,7,52,1,0,,Auszubildende_r_3_Ausbildungsjahr,Auszubildende,AUSZUBILDEND,1.0,38.5,9240,9240,8316,10164,5,2,2,8,1,0,nicht anrechenbar,0,0.0,-9240,6,4,2,3,0,1237,1,,,,,,0,,0,,3,3,3,0,495,1,3,3,3,0,433,1,2,2,2,0,309,0,ST-ITS1,Intensivstation,12,Intensivmedizin,2.0,3.0,06:00,14:00,450,,13:30,21:30,450,F,21:15,06:15,495,F|S,11,10,8,10,30,45,8,38.5,30,0.05,0,2.0.0,20261146
AZ-002,2026-12-27,plan,27,Sonntag,7,52,1,0,,Auszubildende_r_2_Ausbildungsjahr,Auszubildende,AUSZUBILDEND,1.0,38.5,9240,9240,8316,10164,5,2,2,8,1,0,nicht anrechenbar,0,0.0,-9240,6,4,2,3,0,1237,1,,,,,,0,,0,,3,3,3,0,495,1,3,3,3,0,433,1,2,2,2,0,309,0,ST-ITS1,Intensivstation,12,Intensivmedizin,2.0,3.0,06:00,14:00,450,,13:30,21:30,450,F,21:15,06:15,495,F|S,11,10,8,10,30,45,8,38.5,30,0.05,0,2.0.0,20261146
AZ-003,2026-12-27,plan,27,Sonntag,7,52,1,0,,Auszubildende_r_1_Ausbildungsjahr,Auszubildende,AUSZUBILDEND,1.0,38.5,9240,9240,8316,10164,5,2,2,0,0,0,nicht anrechenbar,0,0.0,-9240,6,4,2,3,0,1237,1,,,,,,0,,0,,3,3,3,0,495,1,3,3,3,0,433,1,2,2,2,0,309,0,ST-ITS1,Intensivstation,12,Intensivmedizin,2.0,3.0,06:00,14:00,450,,13:30,21:30,450,F,21:15,06:15,495,F|S,11,10,8,10,30,45,8,38.5,30,0.05,0,2.0.0,20261146
PK-001,2026-12-27,plan,27,Sonntag,7,52,1,0,,Stationsleitung,Pflegefachkraft,EXAM|LEITUNG|PRAXISANLEITUNG,1.0,38.5,9240,4620,4158,5082,5,2,2,0,0,1,Pflegefachkraft,1,0.5,5814,6,4,2,3,0,1237,1,,,,,,0,,0,,3,3,3,0,495,1,3,3,3,0,433,1,2,2,2,0,309,0,ST-ITS1,Intensivstation,12,Intensivmedizin,2.0,3.0,06:00,14:00,450,,13:30,21:30,450,F,21:15,06:15,495,F|S,11,10,8,10,30,45,8,38.5,30,0.05,0,2.0.0,20261146
PK-002,2026-12-27,plan,27,Sonntag,7,52,1,0,,Pflegefachkraft,Pflegefachkraft,EXAM|PRAXISANLEITUNG|KARDIO_MONITORING,1.0,38.5,9240,9240,8316,10164,5,2,2,8,1,1,Pflegefachkraft,0,0.0,-1815,6,4,2,3,0,1237,1,,,,,,0,,0,,3,3,3,0,495,1,3,3,3,0,433,1,2,2,2,0,309,0,ST-ITS1,Intensivstation,12,Intensivmedizin,2.0,3.0,06:00,14:00,450,,13:30,21:30,450,F,21:15,06:15,495,F|S,11,10,8,10,30,45,8,38.5,30,0.05,0,2.0.0,20261146
PK-003,2026-12-27,plan,27,Sonntag,7,52,1,0,,Pflegefachkraft,Pflegefachkraft,EXAM,1.0,38.5,9240,9240,8316,10164,5,2,2,8,1,1,Pflegefachkraft,0,0.0,-1815,6,4,2,3,0,1237,1,,,,,,0,,0,,3,3,3,0,495,1,3,3,3,0,433,1,2,2,2,0,309,0,ST-ITS1,Intensivstation,12,Intensivmedizin,2.0,3.0,06:00,14:00,450,,13:30,21:30,450,F,21:15,06:15,495,F|S,11,10,8,10,30,45,8,38.5,30,0.05,0,2.0.0,20261146
PK-004,2026-12-27,plan,27,Sonntag,7,52,1,0,,Pflegefachkraft,Pflegefachkraft,EXAM,1.0,38.5,9240,9240,8316,10164,5,2,2,8,1,1,Pflegefachkraft,0,0.0,-1995,6,4,2,3,0,1237,1,,,,,,0,,0,,3,3,3,0,495,1,3,3,3,0,433,1,2,2,2,0,309,0,ST-ITS1,Intensivstation,12,Intensivmedizin,2.0,3.0,06:00,14:00,450,,13:30,21:30,450,F,21:15,06:15,495,F|S,11,10,8,10,30,45,8,38.5,30,0.05,0,2.0.0,20261146
PK-005,2026-12-27,plan,27,Sonntag,7,52,1,0,,Pflegefachkraft,Pflegefachkraft,EXAM,1.0,38.5,9240,9240,8316,10164,5,2,2,8,1,1,Pflegefachkraft,0,0.0,-1905,6,4,2,3,0,1237,1,,,,,,0,,0,,3,3,3,0,495,1,3,3,3,0,433,1,2,2,2,0,309,0,ST-ITS1,Intensivstation,12,Intensivmedizin,2.0,3.0,06:00,14:00,450,,13:30,21:30,450,F,21:15,06:15,495,F|S,11,10,8,10,30,45,8,38.5,30,0.05,0,2.0.0,20261146
PK-006,2026-12-27,plan,27,Sonntag,7,52,1,0,,Pflegefachkraft,Pflegefachkraft,EXAM|PRAXISANLEITUNG|KARDIO_MONITORING,1.0,38.5,9240,9240,8316,10164,5,2,2,8,1,1,Pflegefachkraft,0,0.0,-1905,6,4,2,3,0,1237,1,,,,,,0,,0,,3,3,3,0,495,1,3,3,3,0,433,1,2,2,2,0,309,0,ST-ITS1,Intensivstation,12,Intensivmedizin,2.0,3.0,06:00,14:00,450,,13:30,21:30,450,F,21:15,06:15,495,F|S,11,10,8,10,30,45,8,38.5,30,0.05,0,2.0.0,20261146
PK-007,2026-12-27,plan,27,Sonntag,7,52,1,0,,Pflegefachkraft,Pflegefachkraft,EXAM,1.0,38.5,9240,9240,8316,10164,5,2,2,8,1,1,Pflegefachkraft,0,0.0,1104,6,4,2,3,0,1237,1,,,,,,0,,0,,3,3,3,0,495,1,3,3,3,0,433,1,2,2,2,0,309,0,ST-ITS1,Intensivstation,12,Intensivmedizin,2.0,3.0,06:00,14:00,450,,13:30,21:30,450,F,21:15,06:15,495,F|S,11,10,8,10,30,45,8,38.5,30,0.05,0,2.0.0,20261146
PK-008,2026-12-27,plan,27,Sonntag,7,52,1,0,,Pflegefachkraft,Pflegefachkraft,EXAM|KARDIO_MONITORING,1.0,38.5,9240,9240,8316,10164,5,2,2,8,1,1,Pflegefachkraft,0,0.0,-2265,6,4,2,3,0,1237,1,,,,,,0,,0,,3,3,3,0,495,1,3,3,3,0,433,1,2,2,2,0,309,0,ST-ITS1,Intensivstation,12,Intensivmedizin,2.0,3.0,06:00,14:00,450,,13:30,21:30,450,F,21:15,06:15,495,F|S,11,10,8,10,30,45,8,38.5,30,0.05,0,2.0.0,20261146
PK-009,2026-12-27,plan,27,Sonntag,7,52,1,0,,Pflegefachkraft,Pflegefachkraft,EXAM,1.0,38.5,9240,9240,8316,10164,5,2,2,8,1,1,Pflegefachkraft,0,0.0,-1995,6,4,2,3,0,1237,1,,,,,,0,,0,,3,3,3,0,495,1,3,3,3,0,433,1,2,2,2,0,309,0,ST-ITS1,Intensivstation,12,Intensivmedizin,2.0,3.0,06:00,14:00,450,,13:30,21:30,450,F,21:15,06:15,495,F|S,11,10,8,10,30,45,8,38.5,30,0.05,0,2.0.0,20261146
PK-010,2026-12-27,plan,27,Sonntag,7,52,1,0,,Pflegefachkraft,Pflegefachkraft,EXAM|PRAXISANLEITUNG|KARDIO_MONITORING,0.6,23.1,5544,5544,4990,6098,5,2,2,8,1,1,Pflegefachkraft,0,0.0,-999,6,4,2,3,0,1237,1,,,,,,0,,0,,3,3,3,0,495,1,3,3,3,0,433,1,2,2,2,0,309,0,ST-ITS1,Intensivstation,12,Intensivmedizin,2.0,3.0,06:00,14:00,450,,13:30,21:30,450,F,21:15,06:15,495,F|S,11,10,8,10,30,45,8,38.5,30,0.05,0,2.0.0,20261146
PK-011,2026-12-27,plan,27,Sonntag,7,52,1,0,,Pflegefachkraft,Pflegefachkraft,EXAM|KARDIO_MONITORING,0.5,19.25,4620,4620,4158,5082,5,2,2,8,1,1,Pflegefachkraft,0,0.0,-1020,6,4,2,3,0,1237,1,,,,,,0,,0,,3,3,3,0,495,1,3,3,3,0,433,1,2,2,2,0,309,0,ST-ITS1,Intensivstation,12,Intensivmedizin,2.0,3.0,06:00,14:00,450,,13:30,21:30,450,F,21:15,06:15,495,F|S,11,10,8,10,30,45,8,38.5,30,0.05,0,2.0.0,20261146
PK-012,2026-12-27,plan,27,Sonntag,7,52,1,0,,Pflegefachkraft,Pflegefachkraft,EXAM|KARDIO_MONITORING,0.75,28.88,6931,6931,6238,7624,5,2,2,8,1,1,Pflegefachkraft,0,0.0,-1530,6,4,2,3,0,1237,1,,,,,,0,,0,,3,3,3,0,495,1,3,3,3,0,433,1,2,2,2,0,309,0,ST-ITS1,Intensivstation,12,Intensivmedizin,2.0,3.0,06:00,14:00,450,,13:30,21:30,450,F,21:15,06:15,495,F|S,11,10,8,10,30,45,8,38.5,30,0.05,0,2.0.0,20261146
PK-013,2026-12-27,plan,27,Sonntag,7,52,1,0,,Pflegefachkraft,Pflegefachkraft,EXAM|KARDIO_MONITORING,1.0,38.5,9240,9240,8316,10164,5,2,2,8,1,1,Pflegefachkraft,0,0.0,-1905,6,4,2,3,0,1237,1,,,,,,0,,0,,3,3,3,0,495,1,3,3,3,0,433,1,2,2,2,0,309,0,ST-ITS1,Intensivstation,12,Intensivmedizin,2.0,3.0,06:00,14:00,450,,13:30,21:30,450,F,21:15,06:15,495,F|S,11,10,8,10,30,45,8,38.5,30,0.05,0,2.0.0,20261146
PK-014,2026-12-27,plan,27,Sonntag,7,52,1,0,,Pflegefachkraft,Pflegefachkraft,EXAM,1.0,38.5,9240,9240,8316,10164,5,2,2,8,1,1,Pflegefachkraft,0,0.0,-1680,6,4,2,3,0,1237,1,,,,,,0,,0,,3,3,3,0,495,1,3,3,3,0,433,1,2,2,2,0,309,0,ST-ITS1,Intensivstation,12,Intensivmedizin,2.0,3.0,06:00,14:00,450,,13:30,21:30,450,F,21:15,06:15,495,F|S,11,10,8,10,30,45,8,38.5,30,0.05,0,2.0.0,20261146
PK-015,2026-12-27,plan,27,Sonntag,7,52,1,0,,Pflegefachkraft,Pflegefachkraft,EXAM|KARDIO_MONITORING,0.5,19.25,4620,4620,4158,5082,5,2,2,8,1,1,Pflegefachkraft,0,0.0,-930,6,4,2,3,0,1237,1,,,,,,0,,0,,3,3,3,0,495,1,3,3,3,0,433,1,2,2,2,0,309,0,ST-ITS1,Intensivstation,12,Intensivmedizin,2.0,3.0,06:00,14:00,450,,13:30,21:30,450,F,21:15,06:15,495,F|S,11,10,8,10,30,45,8,38.5,30,0.05,0,2.0.0,20261146
PK-016,2026-12-27,plan,27,Sonntag,7,52,1,0,,Pflegefachkraft,Pflegefachkraft,EXAM,0.9,34.65,8316,8316,7484,9148,5,2,2,8,1,1,Pflegefachkraft,0,0.0,1255,6,4,2,3,0,1237,1,,,,,,0,,0,,3,3,3,0,495,1,3,3,3,0,433,1,2,2,2,0,309,0,ST-ITS1,Intensivstation,12,Intensivmedizin,2.0,3.0,06:00,14:00,450,,13:30,21:30,450,F,21:15,06:15,495,F|S,11,10,8,10,30,45,8,38.5,30,0.05,0,2.0.0,20261146
PK-017,2026-12-27,plan,27,Sonntag,7,52,1,0,,Pflegefachkraft,Pflegefachkraft,EXAM|KARDIO_MONITORING,1.0,38.5,9240,9240,8316,10164,5,2,2,8,1,1,Pflegefachkraft,0,0.0,-1680,6,4,2,3,0,1237,1,,,N,1,,0,,0,,3,3,3,0,495,1,3,3,3,0,433,1,2,2,2,0,309,0,ST-ITS1,Intensivstation,12,Intensivmedizin,2.0,3.0,06:00,14:00,450,,13:30,21:30,450,F,21:15,06:15,495,F|S,11,10,8,10,30,45,8,38.5,30,0.05,0,2.0.0,20261146
PK-018,2026-12-27,plan,27,Sonntag,7,52,1,0,,Pflegefachkraft,Pflegefachkraft,EXAM|PRAXISANLEITUNG,0.6,23.1,5544,5544,4990,6098,5,2,2,8,1,1,Pflegefachkraft,0,0.0,-909,6,4,2,3,0,1237,1,,,,,,0,,0,,3,3,3,0,495,1,3,3,3,0,433,1,2,2,2,0,309,0,ST-ITS1,Intensivstation,12,Intensivmedizin,2.0,3.0,06:00,14:00,450,,13:30,21:30,450,F,21:15,06:15,495,F|S,11,10,8,10,30,45,8,38.5,30,0.05,0,2.0.0,20261146
PK-019,2026-12-27,plan,27,Sonntag,7,52,1,0,,Pflegefachkraft,Pflegefachkraft,EXAM,0.6,23.1,5544,5544,4990,6098,5,2,2,8,1,1,Pflegefachkraft,0,0.0,-954,6,4,2,3,0,1237,1,,,,,,0,,1,24,3,3,3,0,495,1,3,3,3,0,433,1,2,2,2,0,309,0,ST-ITS1,Intensivstation,12,Intensivmedizin,2.0,3.0,06:00,14:00,450,,13:30,21:30,450,F,21:15,06:15,495,F|S,11,10,8,10,30,45,8,38.5,30,0.05,0,2.0.0,20261146
PK-020,2026-12-27,plan,27,Sonntag,7,52,1,0,,Pflegefachkraft,Pflegefachkraft,EXAM|PRAXISANLEITUNG,0.8,30.8,7392,7392,6653,8131,5,2,2,8,1,1,Pflegefachkraft,0,0.0,-1497,6,4,2,3,0,1237,1,,,,,,0,,0,,3,3,3,0,495,1,3,3,3,0,433,1,2,2,2,0,309,0,ST-ITS1,Intensivstation,12,Intensivmedizin,2.0,3.0,06:00,14:00,450,,13:30,21:30,450,F,21:15,06:15,495,F|S,11,10,8,10,30,45,8,38.5,30,0.05,0,2.0.0,20261146
PK-021,2026-12-27,plan,27,Sonntag,7,52,1,0,,Pflegefachkraft,Pflegefachkraft,EXAM|PRAXISANLEITUNG,0.5,19.25,4620,4620,4158,5082,5,2,2,8,1,1,Pflegefachkraft,0,0.0,-975,6,4,2,3,0,1237,1,,2,,,,0,,0,,3,3,3,0,495,1,3,3,3,0,433,1,2,2,2,0,309,0,ST-ITS1,Intensivstation,12,Intensivmedizin,2.0,3.0,06:00,14:00,450,,13:30,21:30,450,F,21:15,06:15,495,F|S,11,10,8,10,30,45,8,38.5,30,0.05,0,2.0.0,20261146
PK-022,2026-12-27,plan,27,Sonntag,7,52,1,0,,Pflegefachkraft,Pflegefachkraft,EXAM,0.7,26.95,6468,6468,5821,7115,5,2,2,8,1,1,Pflegefachkraft,0,0.0,-1473,6,4,2,3,0,1237,1,,,,,,0,,0,,3,3,3,0,495,1,3,3,3,0,433,1,2,2,2,0,309,0,ST-ITS1,Intensivstation,12,Intensivmedizin,2.0,3.0,06:00,14:00,450,,13:30,21:30,450,F,21:15,06:15,495,F|S,11,10,8,10,30,45,8,38.5,30,0.05,0,2.0.0,20261146
PK-023,2026-12-27,plan,27,Sonntag,7,52,1,0,,Pflegefachkraft,Pflegefachkraft,EXAM,1.0,38.5,9240,9240,8316,10164,5,2,2,8,1,1,Pflegefachkraft,0,0.0,-2040,6,4,2,3,0,1237,1,,,,,,0,,0,,3,3,3,0,495,1,3,3,3,0,433,1,2,2,2,0,309,0,ST-ITS1,Intensivstation,12,Intensivmedizin,2.0,3.0,06:00,14:00,450,,13:30,21:30,450,F,21:15,06:15,495,F|S,11,10,8,10,30,45,8,38.5,30,0.05,0,2.0.0,20261146
PK-024,2026-12-27,plan,27,Sonntag,7,52,1,0,,Pflegefachkraft,Pflegefachkraft,EXAM|PRAXISANLEITUNG,1.0,38.5,9240,9240,8316,10164,5,2,2,8,1,1,Pflegefachkraft,0,0.0,-2310,6,4,2,3,0,1237,1,,,,,,0,,0,,3,3,3,0,495,1,3,3,3,0,433,1,2,2,2,0,309,0,ST-ITS1,Intensivstation,12,Intensivmedizin,2.0,3.0,06:00,14:00,450,,13:30,21:30,450,F,21:15,06:15,495,F|S,11,10,8,10,30,45,8,38.5,30,0.05,0,2.0.0,20261146
PK-025,2026-12-27,plan,27,Sonntag,7,52,1,0,,Pflegefachkraft,Pflegefachkraft,EXAM,1.0,38.5,9240,9240,8316,10164,5,2,2,8,1,1,Pflegefachkraft,0,0.0,-1680,6,4,2,3,0,1237,0,LANGZEITABWESENHEIT,,,,,0,,0,,3,3,3,0,495,1,3,3,3,0,433,1,2,2,2,0,309,0,ST-ITS1,Intensivstation,12,Intensivmedizin,2.0,3.0,06:00,14:00,450,,13:30,21:30,450,F,21:15,06:15,495,F|S,11,10,8,10,30,45,8,38.5,30,0.05,0,2.0.0,20261146
