employee_id,date,period,day_index,weekday,weekday_num,iso_week,is_weekend,is_holiday,holiday_name,role,role_group,skills,employment_pct,weekly_hours,contract_minutes_horizon,planable_minutes_horizon,min_total_minutes,max_total_minutes,max_consecutive_shifts,min_consecutive_days_off,max_weekends,max_night_shifts,night_eligible,ppug_countable,ppug_category,is_ward_lead,lead_release_pct,time_account_start_min,census_1200,census_0000,admissions,discharges,isolation_patients,care_minutes_total,available,availability_type,request_off_weight,request_on_shift,request_on_weight,history_shift,absence_s1,absence_s1_notice_h,absence_s2,absence_s2_notice_h,required_F,ppug_min_F,min_fachkraft_F,max_hilfskraft_F,care_minutes_F,azubi_slots_F,required_S,ppug_min_S,min_fachkraft_S,max_hilfskraft_S,care_minutes_S,azubi_slots_S,required_N,ppug_min_N,min_fachkraft_N,max_hilfskraft_N,care_minutes_N,azubi_slots_N,ward_id,ward_name,beds,ppug_bereich,ppug_ratio_day,ppug_ratio_night,shift_F_start,shift_F_end,shift_F_net_min,shift_F_forbidden_next,shift_S_start,shift_S_end,shift_S_net_min,shift_S_forbidden_next,shift_N_start,shift_N_end,shift_N_net_min,shift_N_forbidden_next,rule_min_rest_h,rule_min_rest_h_with_compensation,rule_max_daily_h,rule_max_daily_h_with_compensation,rule_break_min_6_to_9h,rule_break_min_over_9h,rule_max_night_h,rule_weekly_hours_fulltime,rule_annual_leave_days,rule_max_helper_share,rule_azubi_counts_towards_minimum,dataset_version,seed
AZ-001,2026-11-02,history,-28,Montag,1,45,0,0,,Auszubildende_r_3_Ausbildungsjahr,Auszubildende,AUSZUBILDEND,1.0,38.5,9240,9240,8316,10164,5,2,2,8,1,0,nicht anrechenbar,0,0.0,-9240,29,29,2,8,1,4546,1,,,,,,0,,0,,4,3,3,1,1818,1,4,3,3,1,1591,1,2,2,2,0,1136,0,ST-GER1,Normalstation Geriatrie,40,Geriatrie,10.0,20.0,06:00,14:00,450,,13:30,21:30,450,F,21:15,06:15,495,F|S,11,10,8,10,30,45,8,38.5,30,0.15,0,2.0.0,20261164
AZ-002,2026-11-02,history,-28,Montag,1,45,0,0,,Auszubildende_r_2_Ausbildungsjahr,Auszubildende,AUSZUBILDEND,1.0,38.5,9240,9240,8316,10164,5,2,2,8,1,0,nicht anrechenbar,0,0.0,-9240,29,29,2,8,1,4546,1,,,,,,0,,0,,4,3,3,1,1818,1,4,3,3,1,1591,1,2,2,2,0,1136,0,ST-GER1,Normalstation Geriatrie,40,Geriatrie,10.0,20.0,06:00,14:00,450,,13:30,21:30,450,F,21:15,06:15,495,F|S,11,10,8,10,30,45,8,38.5,30,0.15,0,2.0.0,20261164
AZ-003,2026-11-02,history,-28,Montag,1,45,0,0,,Auszubildende_r_1_Ausbildungsjahr,Auszubildende,AUSZUBILDEND,1.0,38.5,9240,9240,8316,10164,5,2,2,0,0,0,nicht anrechenbar,0,0.0,-9240,29,29,2,8,1,4546,1,,,,,,0,,0,,4,3,3,1,1818,1,4,3,3,1,1591,1,2,2,2,0,1136,0,ST-GER1,Normalstation Geriatrie,40,Geriatrie,10.0,20.0,06:00,14:00,450,,13:30,21:30,450,F,21:15,06:15,495,F|S,11,10,8,10,30,45,8,38.5,30,0.15,0,2.0.0,20261164
PH-001,2026-11-02,history,-28,Montag,1,45,0,0,,Pflegehilfskraft,Pflegehilfskraft,PFLEGEHILFE,0.75,28.88,6931,6931,6238,7624,5,2,2,0,0,1,Pflegehilfskraft,0,0.0,-1530,29,29,2,8,1,4546,1,,,,,F,0,,0,,4,3,3,1,1818,1,4,3,3,1,1591,1,2,2,2,0,1136,0,ST-GER1,Normalstation Geriatrie,40,Geriatrie,10.0,20.0,06:00,14:00,450,,13:30,21:30,450,F,21:15,06:15,495,F|S,11,10,8,10,30,45,8,38.5,30,0.15,0,2.0.0,20261164
PH-002,2026-11-02,history,-28,Montag,1,45,0,0,,Pflegehilfskraft,Pflegehilfskraft,PFLEGEHILFE,0.75,28.88,6931,6931,6238,7624,5,2,2,0,0,1,Pflegehilfskraft,0,0.0,-1530,29,29,2,8,1,4546,1,,,,,S,0,,0,,4,3,3,1,1818,1,4,3,3,1,1591,1,2,2,2,0,1136,0,ST-GER1,Normalstation Geriatrie,40,Geriatrie,10.0,20.0,06:00,14:00,450,,13:30,21:30,450,F,21:15,06:15,495,F|S,11,10,8,10,30,45,8,38.5,30,0.15,0,2.0.0,20261164
PH-003,2026-11-02,history,-28,Montag,1,45,0,0,,Pflegehilfskraft,Pflegehilfskraft,PFLEGEHILFE,0.5,19.25,4620,4620,4158,5082,5,2,2,0,0,1,Pflegehilfskraft,0,0.0,-1020,29,29,2,8,1,4546,1,,,,,,0,,0,,4,3,3,1,1818,1,4,3,3,1,1591,1,2,2,2,0,1136,0,ST-GER1,Normalstation Geriatrie,40,Geriatrie,10.0,20.0,06:00,14:00,450,,13:30,21:30,450,F,21:15,06:15,495,F|S,11,10,8,10,30,45,8,38.5,30,0.15,0,2.0.0,20261164
PK-001,2026-11-02,history,-28,Montag,1,45,0,0,,Stationsleitung,Pflegefachkraft,EXAM|LEITUNG|PRAXISANLEITUNG,1.0,38.5,9240,4620,4158,5082,5,2,2,0,0,1,Pflegefachkraft,1,0.5,4464,29,29,2,8,1,4546,1,,,,,F,0,,0,,4,3,3,1,1818,1,4,3,3,1,1591,1,2,2,2,0,1136,0,ST-GER1,Normalstation Geriatrie,40,Geriatrie,10.0,20.0,06:00,14:00,450,,13:30,21:30,450,F,21:15,06:15,495,F|S,11,10,8,10,30,45,8,38.5,30,0.15,0,2.0.0,20261164
PK-002,2026-11-02,history,-28,Montag,1,45,0,0,,Pflegefachkraft,Pflegefachkraft,EXAM|KARDIO_MONITORING,1.0,38.5,9240,9240,8316,10164,5,2,2,8,1,1,Pflegefachkraft,0,0.0,-2310,29,29,2,8,1,4546,1,,,,,N,0,,0,,4,3,3,1,1818,1,4,3,3,1,1591,1,2,2,2,0,1136,0,ST-GER1,Normalstation Geriatrie,40,Geriatrie,10.0,20.0,06:00,14:00,450,,13:30,21:30,450,F,21:15,06:15,495,F|S,11,10,8,10,30,45,8,38.5,30,0.15,0,2.0.0,20261164
PK-003,2026-11-02,history,-28,Montag,1,45,0,0,,Pflegefachkraft,Pflegefachkraft,EXAM|PRAXISANLEITUNG|KARDIO_MONITORING,1.0,38.5,9240,9240,8316,10164,5,2,2,8,1,1,Pflegefachkraft,0,0.0,-2265,29,29,2,8,1,4546,1,,,,,N,0,,0,,4,3,3,1,1818,1,4,3,3,1,1591,1,2,2,2,0,1136,0,ST-GER1,Normalstation Geriatrie,40,Geriatrie,10.0,20.0,06:00,14:00,450,,13:30,21:30,450,F,21:15,06:15,495,F|S,11,10,8,10,30,45,8,38.5,30,0.15,0,2.0.0,20261164
PK-004,2026-11-02,history,-28,Montag,1,45,0,0,,Pflegefachkraft,Pflegefachkraft,EXAM,0.7,26.95,6468,6468,5821,7115,5,2,2,8,1,1,Pflegefachkraft,0,0.0,-1518,29,29,2,8,1,4546,1,,,,,F,0,,0,,4,3,3,1,1818,1,4,3,3,1,1591,1,2,2,2,0,1136,0,ST-GER1,Normalstation Geriatrie,40,Geriatrie,10.0,20.0,06:00,14:00,450,,13:30,21:30,450,F,21:15,06:15,495,F|S,11,10,8,10,30,45,8,38.5,30,0.15,0,2.0.0,20261164
PK-005,2026-11-02,history,-28,Montag,1,45,0,0,,Pflegefachkraft,Pflegefachkraft,EXAM|PRAXISANLEITUNG,1.0,38.5,9240,9240,8316,10164,5,2,2,8,1,1,Pflegefachkraft,0,0.0,-2400,29,29,2,8,1,4546,1,,,,,F,0,,0,,4,3,3,1,1818,1,4,3,3,1,1591,1,2,2,2,0,1136,0,ST-GER1,Normalstation Geriatrie,40,Geriatrie,10.0,20.0,06:00,14:00,450,,13:30,21:30,450,F,21:15,06:15,495,F|S,11,10,8,10,30,45,8,38.5,30,0.15,0,2.0.0,20261164
PK-006,2026-11-02,history,-28,Montag,1,45,0,0,,Pflegefachkraft,Pflegefachkraft,EXAM|KARDIO_MONITORING,0.6,23.1,5544,5544,4990,6098,5,2,2,8,1,1,Pflegefachkraft,0,0.0,536,29,29,2,8,1,4546,1,,,,,S,0,,0,,4,3,3,1,1818,1,4,3,3,1,1591,1,2,2,2,0,1136,0,ST-GER1,Normalstation Geriatrie,40,Geriatrie,10.0,20.0,06:00,14:00,450,,13:30,21:30,450,F,21:15,06:15,495,F|S,11,10,8,10,30,45,8,38.5,30,0.15,0,2.0.0,20261164
PK-007,2026-11-02,history,-28,Montag,1,45,0,0,,Pflegefachkraft,Pflegefachkraft,EXAM|PRAXISANLEITUNG|KARDIO_MONITORING,0.75,28.88,6931,6931,6238,7624,5,2,2,8,1,1,Pflegefachkraft,0,0.0,716,29,29,2,8,1,4546,1,,,,,S,0,,0,,4,3,3,1,1818,1,4,3,3,1,1591,1,2,2,2,0,1136,0,ST-GER1,Normalstation Geriatrie,40,Geriatrie,10.0,20.0,06:00,14:00,450,,13:30,21:30,450,F,21:15,06:15,495,F|S,11,10,8,10,30,45,8,38.5,30,0.15,0,2.0.0,20261164
PK-008,2026-11-02,history,-28,Montag,1,45,0,0,,Pflegefachkraft,Pflegefachkraft,EXAM,1.0,38.5,9240,9240,8316,10164,5,2,2,8,1,1,Pflegefachkraft,0,0.0,-2580,29,29,2,8,1,4546,1,,,,,S,0,,0,,4,3,3,1,1818,1,4,3,3,1,1591,1,2,2,2,0,1136,0,ST-GER1,Normalstation Geriatrie,40,Geriatrie,10.0,20.0,06:00,14:00,450,,13:30,21:30,450,F,21:15,06:15,495,F|S,11,10,8,10,30,45,8,38.5,30,0.15,0,2.0.0,20261164
PK-009,2026-11-02,history,-28,Montag,1,45,0,0,,Pflegefachkraft,Pflegefachkraft,EXAM,1.0,38.5,9240,9240,8316,10164,5,2,2,8,1,1,Pflegefachkraft,0,0.0,-2130,29,29,2,8,1,4546,1,,,,,,0,,0,,4,3,3,1,1818,1,4,3,3,1,1591,1,2,2,2,0,1136,0,ST-GER1,Normalstation Geriatrie,40,Geriatrie,10.0,20.0,06:00,14:00,450,,13:30,21:30,450,F,21:15,06:15,495,F|S,11,10,8,10,30,45,8,38.5,30,0.15,0,2.0.0,20261164
PK-010,2026-11-02,history,-28,Montag,1,45,0,0,,Pflegefachkraft,Pflegefachkraft,EXAM,0.6,23.1,5544,5544,4990,6098,5,2,2,8,1,1,Pflegefachkraft,0,0.0,-1404,29,29,2,8,1,4546,1,,,,,,0,,0,,4,3,3,1,1818,1,4,3,3,1,1591,1,2,2,2,0,1136,0,ST-GER1,Normalstation Geriatrie,40,Geriatrie,10.0,20.0,06:00,14:00,450,,13:30,21:30,450,F,21:15,06:15,495,F|S,11,10,8,10,30,45,8,38.5,30,0.15,0,2.0.0,20261164
PK-011,2026-11-02,history,-28,Montag,1,45,0,0,,Pflegefachkraft,Pflegefachkraft,EXAM,1.0,38.5,9240,9240,8316,10164,5,2,2,8,1,1,Pflegefachkraft,0,0.0,-2130,29,29,2,8,1,4546,1,,,,,,0,,0,,4,3,3,1,1818,1,4,3,3,1,1591,1,2,2,2,0,1136,0,ST-GER1,Normalstation Geriatrie,40,Geriatrie,10.0,20.0,06:00,14:00,450,,13:30,21:30,450,F,21:15,06:15,495,F|S,11,10,8,10,30,45,8,38.5,30,0.15,0,2.0.0,20261164
PK-012,2026-11-02,history,-28,Montag,1,45,0,0,,Pflegefachkraft,Pflegefachkraft,EXAM|KARDIO_MONITORING,1.0,38.5,9240,9240,8316,10164,5,2,2,8,1,1,Pflegefachkraft,0,0.0,-2265,29,29,2,8,1,4546,1,,,,,,0,,0,,4,3,3,1,1818,1,4,3,3,1,1591,1,2,2,2,0,1136,0,ST-GER1,Normalstation Geriatrie,40,Geriatrie,10.0,20.0,06:00,14:00,450,,13:30,21:30,450,F,21:15,06:15,495,F|S,11,10,8,10,30,45,8,38.5,30,0.15,0,2.0.0,20261164
PK-013,2026-11-02,history,-28,Montag,1,45,0,0,,Pflegefachkraft,Pflegefachkraft,EXAM,1.0,38.5,9240,9240,8316,10164,5,2,2,8,1,1,Pflegefachkraft,0,0.0,-2310,29,29,2,8,1,4546,1,,,,,,0,,0,,4,3,3,1,1818,1,4,3,3,1,1591,1,2,2,2,0,1136,0,ST-GER1,Normalstation Geriatrie,40,Geriatrie,10.0,20.0,06:00,14:00,450,,13:30,21:30,450,F,21:15,06:15,495,F|S,11,10,8,10,30,45,8,38.5,30,0.15,0,2.0.0,20261164
PK-014,2026-11-02,history,-28,Montag,1,45,0,0,,Pflegefachkraft,Pflegefachkraft,EXAM,0.8,30.8,7392,7392,6653,8131,5,2,2,8,1,1,Pflegefachkraft,0,0.0,-1542,29,29,2,8,1,4546,1,,,,,,0,,0,,4,3,3,1,1818,1,4,3,3,1,1591,1,2,2,2,0,1136,0,ST-GER1,Normalstation Geriatrie,40,Geriatrie,10.0,20.0,06:00,14:00,450,,13:30,21:30,450,F,21:15,06:15,495,F|S,11,10,8,10,30,45,8,38.5,30,0.15,0,2.0.0,20261164
PK-015,2026-11-02,history,-28,Montag,1,45,0,0,,Pflegefachkraft,Pflegefachkraft,EXAM,0.6,23.1,5544,5544,4990,6098,5,2,2,8,1,1,Pflegefachkraft,0,0.0,-1404,29,29,2,8,1,4546,1,,,,,,0,,0,,4,3,3,1,1818,1,4,3,3,1,1591,1,2,2,2,0,1136,0,ST-GER1,Normalstation Geriatrie,40,Geriatrie,10.0,20.0,06:00,14:00,450,,13:30,21:30,450,F,21:15,06:15,495,F|S,11,10,8,10,30,45,8,38.5,30,0.15,0,2.0.0,20261164
PK-016,2026-11-02,history,-28,Montag,1,45,0,0,,Pflegefachkraft,Pflegefachkraft,EXAM,0.75,28.88,6931,6931,6238,7624,5,2,2,8,1,1,Pflegefachkraft,0,0.0,-1485,29,29,2,8,1,4546,1,,,,,,0,,0,,4,3,3,1,1818,1,4,3,3,1,1591,1,2,2,2,0,1136,0,ST-GER1,Normalstation Geriatrie,40,Geriatrie,10.0,20.0,06:00,14:00,450,,13:30,21:30,450,F,21:15,06:15,495,F|S,11,10,8,10,30,45,8,38.5,30,0.15,0,2.0.0,20261164
PK-017,2026-11-02,history,-28,Montag,1,45,0,0,,Pflegefachkraft,Pflegefachkraft,EXAM,0.7,26.95,6468,6468,5821,7115,5,2,2,8,1,1,Pflegefachkraft,0,0.0,-1473,29,29,2,8,1,4546,1,,,,,,0,,0,,4,3,3,1,1818,1,4,3,3,1,1591,1,2,2,2,0,1136,0,ST-GER1,Normalstation Geriatrie,40,Geriatrie,10.0,20.0,06:00,14:00,450,,13:30,21:30,450,F,21:15,06:15,495,F|S,11,10,8,10,30,45,8,38.5,30,0.15,0,2.0.0,20261164
PK-018,2026-11-02,history,-28,Montag,1,45,0,0,,Pflegefachkraft,Pflegefachkraft,EXAM|PRAXISANLEITUNG|KARDIO_MONITORING,0.9,34.65,8316,8316,7484,9148,5,2,2,8,1,1,Pflegefachkraft,0,0.0,-1971,29,29,2,8,1,4546,1,,,,,,0,,0,,4,3,3,1,1818,1,4,3,3,1,1591,1,2,2,2,0,1136,0,ST-GER1,Normalstation Geriatrie,40,Geriatrie,10.0,20.0,06:00,14:00,450,,13:30,21:30,450,F,21:15,06:15,495,F|S,11,10,8,10,30,45,8,38.5,30,0.15,0,2.0.0,20261164
PK-019,2026-11-02,history,-28,Montag,1,45,0,0,,Pflegefachkraft,Pflegefachkraft,EXAM,0.8,30.8,7392,7392,6653,8131,5,2,2,8,1,1,Pflegefachkraft,0,0.0,-1902,29,29,2,8,1,4546,1,,,,,,0,,0,,4,3,3,1,1818,1,4,3,3,1,1591,1,2,2,2,0,1136,0,ST-GER1,Normalstation Geriatrie,40,Geriatrie,10.0,20.0,06:00,14:00,450,,13:30,21:30,450,F,21:15,06:15,495,F|S,11,10,8,10,30,45,8,38.5,30,0.15,0,2.0.0,20261164
PK-020,2026-11-02,history,-28,Montag,1,45,0,0,,Pflegefachkraft,Pflegefachkraft,EXAM|KARDIO_MONITORING,0.5,19.25,4620,4620,4158,5082,5,2,2,8,1,1,Pflegefachkraft,0,0.0,-930,29,29,2,8,1,4546,1,,,,,,0,,0,,4,3,3,1,1818,1,4,3,3,1,1591,1,2,2,2,0,1136,0,ST-GER1,Normalstation Geriatrie,40,Geriatrie,10.0,20.0,06:00,14:00,450,,13:30,21:30,450,F,21:15,06:15,495,F|S,11,10,8,10,30,45,8,38.5,30,0.15,0,2.0.0,20261164
PK-021,2026-11-02,history,-28,Montag,1,45,0,0,,Pflegefachkraft,Pflegefachkraft,EXAM,0.8,30.8,7392,7392,6653,8131,5,2,2,8,1,1,Pflegefachkraft,0,0.0,-1722,29,29,2,8,1,4546,1,,,,,,0,,0,,4,3,3,1,1818,1,4,3,3,1,1591,1,2,2,2,0,1136,0,ST-GER1,Normalstation Geriatrie,40,Geriatrie,10.0,20.0,06:00,14:00,450,,13:30,21:30,450,F,21:15,06:15,495,F|S,11,10,8,10,30,45,8,38.5,30,0.15,0,2.0.0,20261164
PK-022,2026-11-02,history,-28,Montag,1,45,0,0,,Pflegefachkraft,Pflegefachkraft,EXAM|PRAXISANLEITUNG|KARDIO_MONITORING,0.5,19.25,4620,4620,4158,5082,5,2,2,8,1,1,Pflegefachkraft,0,0.0,-930,29,29,2,8,1,4546,1,,,,,,0,,0,,4,3,3,1,1818,1,4,3,3,1,1591,1,2,2,2,0,1136,0,ST-GER1,Normalstation Geriatrie,40,Geriatrie,10.0,20.0,06:00,14:00,450,,13:30,21:30,450,F,21:15,06:15,495,F|S,11,10,8,10,30,45,8,38.5,30,0.15,0,2.0.0,20261164
AZ-001,2026-11-03,history,-27,Dienstag,2,45,0,0,,Auszubildende_r_3_Ausbildungsjahr,Auszubildende,AUSZUBILDEND,1.0,38.5,9240,9240,8316,10164,5,2,2,8,1,0,nicht anrechenbar,0,0.0,-9240,30,29,5,7,2,5126,1,,,,,,0,,0,,5,3,4,1,2050,1,4,3,3,1,1794,1,3,2,3,0,1282,0,ST-GER1,Normalstation Geriatrie,40,Geriatrie,10.0,20.0,06:00,14:00,450,,13:30,21:30,450,F,21:15,06:15,495,F|S,11,10,8,10,30,45,8,38.5,30,0.15,0,2.0.0,20261164
AZ-002,2026-11-03,history,-27,Dienstag,2,45,0,0,,Auszubildende_r_2_Ausbildungsjahr,Auszubildende,AUSZUBILDEND,1.0,38.5,9240,9240,8316,10164,5,2,2,8,1,0,nicht anrechenbar,0,0.0,-9240,30,29,5,7,2,5126,1,,,,,,0,,0,,5,3,4,1,2050,1,4,3,3,1,1794,1,3,2,3,0,1282,0,ST-GER1,Normalstation Geriatrie,40,Geriatrie,10.0,20.0,06:00,14:00,450,,13:30,21:30,450,F,21:15,06:15,495,F|S,11,10,8,10,30,45,8,38.5,30,0.15,0,2.0.0,20261164
AZ-003,2026-11-03,history,-27,Dienstag,2,45,0,0,,Auszubildende_r_1_Ausbildungsjahr,Auszubildende,AUSZUBILDEND,1.0,38.5,9240,9240,8316,10164,5,2,2,0,0,0,nicht anrechenbar,0,0.0,-9240,30,29,5,7,2,5126,1,,,,,,0,,0,,5,3,4,1,2050,1,4,3,3,1,1794,1,3,2,3,0,1282,0,ST-GER1,Normalstation Geriatrie,40,Geriatrie,10.0,20.0,06:00,14:00,450,,13:30,21:30,450,F,21:15,06:15,495,F|S,11,10,8,10,30,45,8,38.5,30,0.15,0,2.0.0,20261164
PH-001,2026-11-03,history,-27,Dienstag,2,45,0,0,,Pflegehilfskraft,Pflegehilfskraft,PFLEGEHILFE,0.75,28.88,6931,6931,6238,7624,5,2,2,0,0,1,Pflegehilfskraft,0,0.0,-1530,30,29,5,7,2,5126,1,,,,,,0,,0,,5,3,4,1,2050,1,4,3,3,1,1794,1,3,2,3,0,1282,0,ST-GER1,Normalstation Geriatrie,40,Geriatrie,10.0,20.0,06:00,14:00,450,,13:30,21:30,450,F,21:15,06:15,495,F|S,11,10,8,10,30,45,8,38.5,30,0.15,0,2.0.0,20261164
PH-002,2026-11-03,history,-27,Dienstag,2,45,0,0,,Pflegehilfskraft,Pflegehilfskraft,PFLEGEHILFE,0.75,28.88,6931,6931,6238,7624,5,2,2,0,0,1,Pflegehilfskraft,0,0.0,-1530,30,29,5,7,2,5126,1,,,,,,0,,0,,5,3,4,1,2050,1,4,3,3,1,1794,1,3,2,3,0,1282,0,ST-GER1,Normalstation Geriatrie,40,Geriatrie,10.0,20.0,06:00,14:00,450,,13:30,21:30,450,F,21:15,06:15,495,F|S,11,10,8,10,30,45,8,38.5,30,0.15,0,2.0.0,20261164
PH-003,2026-11-03,history,-27,Dienstag,2,45,0,0,,Pflegehilfskraft,Pflegehilfskraft,PFLEGEHILFE,0.5,19.25,4620,4620,4158,5082,5,2,2,0,0,1,Pflegehilfskraft,0,0.0,-1020,30,29,5,7,2,5126,1,,,,,F,0,,0,,5,3,4,1,2050,1,4,3,3,1,1794,1,3,2,3,0,1282,0,ST-GER1,Normalstation Geriatrie,40,Geriatrie,10.0,20.0,06:00,14:00,450,,13:30,21:30,450,F,21:15,06:15,495,F|S,11,10,8,10,30,45,8,38.5,30,0.15,0,2.0.0,20261164
PK-001,2026-11-03,history,-27,Dienstag,2,45,0,0,,Stationsleitung,Pflegefachkraft,EXAM|LEITUNG|PRAXISANLEITUNG,1.0,38.5,9240,4620,4158,5082,5,2,2,0,0,1,Pflegefachkraft,1,0.5,4464,30,29,5,7,2,5126,1,,,,,,0,,0,,5,3,4,1,2050,1,4,3,3,1,1794,1,3,2,3,0,1282,0,ST-GER1,Normalstation Geriatrie,40,Geriatrie,10.0,20.0,06:00,14:00,450,,13:30,21:30,450,F,21:15,06:15,495,F|S,11,10,8,10,30,45,8,38.5,30,0.15,0,2.0.0,20261164
PK-002,2026-11-03,history,-27,Dienstag,2,45,0,0,,Pflegefachkraft,Pflegefachkraft,EXAM|KARDIO_MONITORING,1.0,38.5,9240,9240,8316,10164,5,2,2,8,1,1,Pflegefachkraft,0,0.0,-2310,30,29,5,7,2,5126,1,,,,,,0,,0,,5,3,4,1,2050,1,4,3,3,1,1794,1,3,2,3,0,1282,0,ST-GER1,Normalstation Geriatrie,40,Geriatrie,10.0,20.0,06:00,14:00,450,,13:30,21:30,450,F,21:15,06:15,495,F|S,11,10,8,10,30,45,8,38.5,30,0.15,0,2.0.0,20261164
PK-003,2026-11-03,history,-27,Dienstag,2,45,0,0,,Pflegefachkraft,Pflegefachkraft,EXAM|PRAXISANLEITUNG|KARDIO_MONITORING,1.0,38.5,9240,9240,8316,10164,5,2,2,8,1,1,Pflegefachkraft,0,0.0,-2265,30,29,5,7,2,5126,1,,,,,,0,,0,,5,3,4,1,2050,1,4,3,3,1,1794,1,3,2,3,0,1282,0,ST-GER1,Normalstation Geriatrie,40,Geriatrie,10.0,20.0,06:00,14:00,450,,13:30,21:30,450,F,21:15,06:15,495,F|S,11,10,8,10,30,45,8,38.5,30,0.15,0,2.0.0,20261164
PK-004,2026-11-03,history,-27,Dienstag,2,45,0,0,,Pflegefachkraft,Pflegefachkraft,EXAM,0.7,26.95,6468,6468,5821,7115,5,2,2,8,1,1,Pflegefachkraft,0,0.0,-1518,30,29,5,7,2,5126,1,,,,,,0,,0,,5,3,4,1,2050,1,4,3,3,1,1794,1,3,2,3,0,1282,0,ST-GER1,Normalstation Geriatrie,40,Geriatrie,10.0,20.0,06:00,14:00,450,,13:30,21:30,450,F,21:15,06:15,495,F|S,11,10,8,10,30,45,8,38.5,30,0.15,0,2.0.0,20261164
PK-005,2026-11-03,history,-27,Dienstag,2,45,0,0,,Pflegefachkraft,Pflegefachkraft,EXAM|PRAXISANLEITUNG,1.0,38.5,9240,9240,8316,10164,5,2,2,8,1,1,Pflegefachkraft,0,0.0,-2400,30,29,5,7,2,5126,1,,,,,,0,,0,,5,3,4,1,2050,1,4,3,3,1,1794,1,3,2,3,0,1282,0,ST-GER1,Normalstation Geriatrie,40,Geriatrie,10.0,20.0,06:00,14:00,450,,13:30,21:30,450,F,21:15,06:15,495,F|S,11,10,8,10,30,45,8,38.5,30,0.15,0,2.0.0,20261164
PK-006,2026-11-03,history,-27,Dienstag,2,45,0,0,,Pflegefachkraft,Pflegefachkraft,EXAM|KARDIO_MONITORING,0.6,23.1,5544,5544,4990,6098,5,2,2,8,1,1,Pflegefachkraft,0,0.0,536,30,29,5,7,2,5126,1,,,,,,0,,0,,5,3,4,1,2050,1,4,3,3,1,1794,1,3,2,3,0,1282,0,ST-GER1,Normalstation Geriatrie,40,Geriatrie,10.0,20.0,06:00,14:00,450,,13:30,21:30,450,F,21:15,06:15,495,F|S,11,10,8,10,30,45,8,38.5,30,0.15,0,2.0.0,20261164
PK-007,2026-11-03,history,-27,Dienstag,2,45,0,0,,Pflegefachkraft,Pflegefachkraft,EXAM|PRAXISANLEITUNG|KARDIO_MONITORING,0.75,28.88,6931,6931,6238,7624,5,2,2,8,1,1,Pflegefachkraft,0,0.0,716,30,29,5,7,2,5126,1,,,,,,0,,0,,5,3,4,1,2050,1,4,3,3,1,1794,1,3,2,3,0,1282,0,ST-GER1,Normalstation Geriatrie,40,Geriatrie,10.0,20.0,06:00,14:00,450,,13:30,21:30,450,F,21:15,06:15,495,F|S,11,10,8,10,30,45,8,38.5,30,0.15,0,2.0.0,20261164
PK-008,2026-11-03,history,-27,Dienstag,2,45,0,0,,Pflegefachkraft,Pflegefachkraft,EXAM,1.0,38.5,9240,9240,8316,10164,5,2,2,8,1,1,Pflegefachkraft,0,0.0,-2580,30,29,5,7,2,5126,1,,,,,,0,,0,,5,3,4,1,2050,1,4,3,3,1,1794,1,3,2,3,0,1282,0,ST-GER1,Normalstation Geriatrie,40,Geriatrie,10.0,20.0,06:00,14:00,450,,13:30,21:30,450,F,21:15,06:15,495,F|S,11,10,8,10,30,45,8,38.5,30,0.15,0,2.0.0,20261164
PK-009,2026-11-03,history,-27,Dienstag,2,45,0,0,,Pflegefachkraft,Pflegefachkraft,EXAM,1.0,38.5,9240,9240,8316,10164,5,2,2,8,1,1,Pflegefachkraft,0,0.0,-2130,30,29,5,7,2,5126,1,,,,,N,0,,0,,5,3,4,1,2050,1,4,3,3,1,1794,1,3,2,3,0,1282,0,ST-GER1,Normalstation Geriatrie,40,Geriatrie,10.0,20.0,06:00,14:00,450,,13:30,21:30,450,F,21:15,06:15,495,F|S,11,10,8,10,30,45,8,38.5,30,0.15,0,2.0.0,20261164
PK-010,2026-11-03,history,-27,Dienstag,2,45,0,0,,Pflegefachkraft,Pflegefachkraft,EXAM,0.6,23.1,5544,5544,4990,6098,5,2,2,8,1,1,Pflegefachkraft,0,0.0,-1404,30,29,5,7,2,5126,1,,,,,N,0,,0,,5,3,4,1,2050,1,4,3,3,1,1794,1,3,2,3,0,1282,0,ST-GER1,Normalstation Geriatrie,40,Geriatrie,10.0,20.0,06:00,14:00,450,,13:30,21:30,450,F,21:15,06:15,495,F|S,11,10,8,10,30,45,8,38.5,30,0.15,0,2.0.0,20261164
PK-011,2026-11-03,history,-27,Dienstag,2,45,0,0,,Pflegefachkraft,Pflegefachkraft,EXAM,1.0,38.5,9240,9240,8316,10164,5,2,2,8,1,1,Pflegefachkraft,0,0.0,-2130,30,29,5,7,2,5126,1,,,,,N,0,,0,,5,3,4,1,2050,1,4,3,3,1,1794,1,3,2,3,0,1282,0,ST-GER1,Normalstation Geriatrie,40,Geriatrie,10.0,20.0,06:00,14:00,450,,13:30,21:30,450,F,21:15,06:15,495,F|S,11,10,8,10,30,45,8,38.5,30,0.15,0,2.0.0,20261164
PK-012,2026-11-03,history,-27,Dienstag,2,45,0,0,,Pflegefachkraft,Pflegefachkraft,EXAM|KARDIO_MONITORING,1.0,38.5,9240,9240,8316,10164,5,2,2,8,1,1,Pflegefachkraft,0,0.0,-2265,30,29,5,7,2,5126,1,,,,,F,0,,0,,5,3,4,1,2050,1,4,3,3,1,1794,1,3,2,3,0,1282,0,ST-GER1,Normalstation Geriatrie,40,Geriatrie,10.0,20.0,06:00,14:00,450,,13:30,21:30,450,F,21:15,06:15,495,F|S,11,10,8,10,30,45,8,38.5,30,0.15,0,2.0.0,20261164
PK-013,2026-11-03,history,-27,Dienstag,2,45,0,0,,Pflegefachkraft,Pflegefachkraft,EXAM,1.0,38.5,9240,9240,8316,10164,5,2,2,8,1,1,Pflegefachkraft,0,0.0,-2310,30,29,5,7,2,5126,1,,,,,F,0,,0,,5,3,4,1,2050,1,4,3,3,1,1794,1,3,2,3,0,1282,0,ST-GER1,Normalstation Geriatrie,40,Geriatrie,10.0,20.0,06:00,14:00,450,,13:30,21:30,450,F,21:15,06:15,495,F|S,11,10,8,10,30,45,8,38.5,30,0.15,0,2.0.0,20261164
PK-014,2026-11-03,history,-27,Dienstag,2,45,0,0,,Pflegefachkraft,Pflegefachkraft,EXAM,0.8,30.8,7392,7392,6653,8131,5,2,2,8,1,1,Pflegefachkraft,0,0.0,-1542,30,29,5,7,2,5126,1,,,,,F,0,,0,,5,3,4,1,2050,1,4,3,3,1,1794,1,3,2,3,0,1282,0,ST-GER1,Normalstation Geriatrie,40,Geriatrie,10.0,20.0,06:00,14:00,450,,13:30,21:30,450,F,21:15,06:15,495,F|S,11,10,8,10,30,45,8,38.5,30,0.15,0,2.0.0,20261164
PK-015,2026-11-03,history,-27,Dienstag,2,45,0,0,,Pflegefachkraft,Pflegefachkraft,EXAM,0.6,23.1,5544,5544,4990,6098,5,2,2,8,1,1,Pflegefachkraft,0,0.0,-1404,30,29,5,7,2,5126,1,,,,,F,0,,0,,5,3,4,1,2050,1,4,3,3,1,1794,1,3,2,3,0,1282,0,ST-GER1,Normalstation Geriatrie,40,Geriatrie,10.0,20.0,06:00,14:00,450,,13:30,21:30,450,F,21:15,06:15,495,F|S,11,10,8,10,30,45,8,38.5,30,0.15,0,2.0.0,20261164
PK-016,2026-11-03,history,-27,Dienstag,2,45,0,0,,Pflegefachkraft,Pflegefachkraft,EXAM,0.75,28.88,6931,6931,6238,7624,5,2,2,8,1,1,Pflegefachkraft,0,0.0,-1485,30,29,5,7,2,5126,1,,,,,S,0,,0,,5,3,4,1,2050,1,4,3,3,1,1794,1,3,2,3,0,1282,0,ST-GER1,Normalstation Geriatrie,40,Geriatrie,10.0,20.0,06:00,14:00,450,,13:30,21:30,450,F,21:15,06:15,495,F|S,11,10,8,10,30,45,8,38.5,30,0.15,0,2.0.0,20261164
PK-017,2026-11-03,history,-27,Dienstag,2,45,0,0,,Pflegefachkraft,Pflegefachkraft,EXAM,0.7,26.95,6468,6468,5821,7115,5,2,2,8,1,1,Pflegefachkraft,0,0.0,-1473,30,29,5,7,2,5126,1,,,,,S,0,,0,,5,3,4,1,2050,1,4,3,3,1,1794,1,3,2,3,0,1282,0,ST-GER1,Normalstation Geriatrie,40,Geriatrie,10.0,20.0,06:00,14:00,450,,13:30,21:30,450,F,21:15,06:15,495,F|S,11,10,8,10,30,45,8,38.5,30,0.15,0,2.0.0,20261164
PK-018,2026-11-03,history,-27,Dienstag,2,45,0,0,,Pflegefachkraft,Pflegefachkraft,EXAM|PRAXISANLEITUNG|KARDIO_MONITORING,0.9,34.65,8316,8316,7484,9148,5,2,2,8,1,1,Pflegefachkraft,0,0.0,-1971,30,29,5,7,2,5126,1,,,,,S,0,,0,,5,3,4,1,2050,1,4,3,3,1,1794,1,3,2,3,0,1282,0,ST-GER1,Normalstation Geriatrie,40,Geriatrie,10.0,20.0,06:00,14:00,450,,13:30,21:30,450,F,21:15,06:15,495,F|S,11,10,8,10,30,45,8,38.5,30,0.15,0,2.0.0,20261164
PK-019,2026-11-03,history,-27,Dienstag,2,45,0,0,,Pflegefachkraft,Pflegefachkraft,EXAM,0.8,30.8,7392,7392,6653,8131,5,2,2,8,1,1,Pflegefachkraft,0,0.0,-1902,30,29,5,7,2,5126,1,,,,,S,0,,0,,5,3,4,1,2050,1,4,3,3,1,1794,1,3,2,3,0,1282,0,ST-GER1,Normalstation Geriatrie,40,Geriatrie,10.0,20.0,06:00,14:00,450,,13:30,21:30,450,F,21:15,06:15,495,F|S,11,10,8,10,30,45,8,38.5,30,0.15,0,2.0.0,20261164
PK-020,2026-11-03,history,-27,Dienstag,2,45,0,0,,Pflegefachkraft,Pflegefachkraft,EXAM|KARDIO_MONITORING,0.5,19.25,4620,4620,4158,5082,5,2,2,8,1,1,Pflegefachkraft,0,0.0,-930,30,29,5,7,2,5126,1,,,,,,0,,0,,5,3,4,1,2050,1,4,3,3,1,1794,1,3,2,3,0,1282,0,ST-GER1,Normalstation Geriatrie,40,Geriatrie,10.0,20.0,06:00,14:00,450,,13:30,21:30,450,F,21:15,06:15,495,F|S,11,10,8,10,30,45,8,38.5,30,0.15,0,2.0.0,20261164
PK-021,2026-11-03,history,-27,Dienstag,2,45,0,0,,Pflegefachkraft,Pflegefachkraft,EXAM,0.8,30.8,7392,7392,6653,8131,5,2,2,8,1,1,Pflegefachkraft,0,0.0,-1722,30,29,5,7,2,5126,1,,,,,,0,,0,,5,3,4,1,2050,1,4,3,3,1,1794,1,3,2,3,0,1282,0,ST-GER1,Normalstation Geriatrie,40,Geriatrie,10.0,20.0,06:00,14:00,450,,13:30,21:30,450,F,21:15,06:15,495,F|S,11,10,8,10,30,45,8,38.5,30,0.15,0,2.0.0,20261164
PK-022,2026-11-03,history,-27,Dienstag,2,45,0,0,,Pflegefachkraft,Pflegefachkraft,EXAM|PRAXISANLEITUNG|KARDIO_MONITORING,0.5,19.25,4620,4620,4158,5082,5,2,2,8,1,1,Pflegefachkraft,0,0.0,-930,30,29,5,7,2,5126,1,,,,,,0,,0,,5,3,4,1,2050,1,4,3,3,1,1794,1,3,2,3,0,1282,0,ST-GER1,Normalstation Geriatrie,40,Geriatrie,10.0,20.0,06:00,14:00,450,,13:30,21:30,450,F,21:15,06:15,495,F|S,11,10,8,10,30,45,8,38.5,30,0.15,0,2.0.0,20261164
AZ-001,2026-11-04,history,-26,Mittwoch,3,45,0,0,,Auszubildende_r_3_Ausbildungsjahr,Auszubildende,AUSZUBILDEND,1.0,38.5,9240,9240,8316,10164,5,2,2,8,1,0,nicht anrechenbar,0,0.0,-9240,30,28,7,6,1,5088,1,,,,,,0,,0,,5,3,4,1,2035,1,4,3,3,1,1781,1,3,2,3,0,1272,0,ST-GER1,Normalstation Geriatrie,40,Geriatrie,10.0,20.0,06:00,14:00,450,,13:30,21:30,450,F,21:15,06:15,495,F|S,11,10,8,10,30,45,8,38.5,30,0.15,0,2.0.0,20261164
AZ-002,2026-11-04,history,-26,Mittwoch,3,45,0,0,,Auszubildende_r_2_Ausbildungsjahr,Auszubildende,AUSZUBILDEND,1.0,38.5,9240,9240,8316,10164,5,2,2,8,1,0,nicht anrechenbar,0,0.0,-9240,30,28,7,6,1,5088,1,,,,,,0,,0,,5,3,4,1,2035,1,4,3,3,1,1781,1,3,2,3,0,1272,0,ST-GER1,Normalstation Geriatrie,40,Geriatrie,10.0,20.0,06:00,14:00,450,,13:30,21:30,450,F,21:15,06:15,495,F|S,11,10,8,10,30,45,8,38.5,30,0.15,0,2.0.0,20261164
AZ-003,2026-11-04,history,-26,Mittwoch,3,45,0,0,,Auszubildende_r_1_Ausbildungsjahr,Auszubildende,AUSZUBILDEND,1.0,38.5,9240,9240,8316,10164,5,2,2,0,0,0,nicht anrechenbar,0,0.0,-9240,30,28,7,6,1,5088,1,,,,,,0,,0,,5,3,4,1,2035,1,4,3,3,1,1781,1,3,2,3,0,1272,0,ST-GER1,Normalstation Geriatrie,40,Geriatrie,10.0,20.0,06:00,14:00,450,,13:30,21:30,450,F,21:15,06:15,495,F|S,11,10,8,10,30,45,8,38.5,30,0.15,0,2.0.0,20261164
PH-001,2026-11-04,history,-26,Mittwoch,3,45,0,0,,Pflegehilfskraft,Pflegehilfskraft,PFLEGEHILFE,0.75,28.88,6931,6931,6238,7624,5,2,2,0,0,1,Pflegehilfskraft,0,0.0,-1530,30,28,7,6,1,5088,1,,,,,,0,,0,,5,3,4,1,2035,1,4,3,3,1,1781,1,3,2,3,0,1272,0,ST-GER1,Normalstation Geriatrie,40,Geriatrie,10.0,20.0,06:00,14:00,450,,13:30,21:30,450,F,21:15,06:15,495,F|S,11,10,8,10,30,45,8,38.5,30,0.15,0,2.0.0,20261164
PH-002,2026-11-04,history,-26,Mittwoch,3,45,0,0,,Pflegehilfskraft,Pflegehilfskraft,PFLEGEHILFE,0.75,28.88,6931,6931,6238,7624,5,2,2,0,0,1,Pflegehilfskraft,0,0.0,-1530,30,28,7,6,1,5088,1,,,,,,0,,0,,5,3,4,1,2035,1,4,3,3,1,1781,1,3,2,3,0,1272,0,ST-GER1,Normalstation Geriatrie,40,Geriatrie,10.0,20.0,06:00,14:00,450,,13:30,21:30,450,F,21:15,06:15,495,F|S,11,10,8,10,30,45,8,38.5,30,0.15,0,2.0.0,20261164
PH-003,2026-11-04,history,-26,Mittwoch,3,45,0,0,,Pflegehilfskraft,Pflegehilfskraft,PFLEGEHILFE,0.5,19.25,4620,4620,4158,5082,5,2,2,0,0,1,Pflegehilfskraft,0,0.0,-1020,30,28,7,6,1,5088,1,,,,,,0,,0,,5,3,4,1,2035,1,4,3,3,1,1781,1,3,2,3,0,1272,0,ST-GER1,Normalstation Geriatrie,40,Geriatrie,10.0,20.0,06:00,14:00,450,,13:30,21:30,450,F,21:15,06:15,495,F|S,11,10,8,10,30,45,8,38.5,30,0.15,0,2.0.0,20261164
PK-001,2026-11-04,history,-26,Mittwoch,3,45,0,0,,Stationsleitung,Pflegefachkraft,EXAM|LEITUNG|PRAXISANLEITUNG,1.0,38.5,9240,4620,4158,5082,5,2,2,0,0,1,Pflegefachkraft,1,0.5,4464,30,28,7,6,1,5088,1,,,,,F,0,,0,,5,3,4,1,2035,1,4,3,3,1,1781,1,3,2,3,0,1272,0,ST-GER1,Normalstation Geriatrie,40,Geriatrie,10.0,20.0,06:00,14:00,450,,13:30,21:30,450,F,21:15,06:15,495,F|S,11,10,8,10,30,45,8,38.5,30,0.15,0,2.0.0,20261164
PK-002,2026-11-04,history,-26,Mittwoch,3,45,0,0,,Pflegefachkraft,Pflegefachkraft,EXAM|KARDIO_MONITORING,1.0,38.5,9240,9240,8316,10164,5,2,2,8,1,1,Pflegefachkraft,0,0.0,-2310,30,28,7,6,1,5088,1,,,,,S,0,,0,,5,3,4,1,2035,1,4,3,3,1,1781,1,3,2,3,0,1272,0,ST-GER1,Normalstation Geriatrie,40,Geriatrie,10.0,20.0,06:00,14:00,450,,13:30,21:30,450,F,21:15,06:15,495,F|S,11,10,8,10,30,45,8,38.5,30,0.15,0,2.0.0,20261164
PK-003,2026-11-04,history,-26,Mittwoch,3,45,0,0,,Pflegefachkraft,Pflegefachkraft,EXAM|PRAXISANLEITUNG|KARDIO_MONITORING,1.0,38.5,9240,9240,8316,10164,5,2,2,8,1,1,Pflegefachkraft,0,0.0,-2265,30,28,7,6,1,5088,1,,,,,S,0,,0,,5,3,4,1,2035,1,4,3,3,1,1781,1,3,2,3,0,1272,0,ST-GER1,Normalstation Geriatrie,40,Geriatrie,10.0,20.0,06:00,14:00,450,,13:30,21:30,450,F,21:15,06:15,495,F|S,11,10,8,10,30,45,8,38.5,30,0.15,0,2.0.0,20261164
PK-004,2026-11-04,history,-26,Mittwoch,3,45,0,0,,Pflegefachkraft,Pflegefachkraft,EXAM,0.7,26.95,6468,6468,5821,7115,5,2,2,8,1,1,Pflegefachkraft,0,0.0,-1518,30,28,7,6,1,5088,1,,,,,,0,,0,,5,3,4,1,2035,1,4,3,3,1,1781,1,3,2,3,0,1272,0,ST-GER1,Normalstation Geriatrie,40,Geriatrie,10.0,20.0,06:00,14:00,450,,13:30,21:30,450,F,21:15,06:15,495,F|S,11,10,8,10,30,45,8,38.5,30,0.15,0,2.0.0,20261164
PK-005,2026-11-04,history,-26,Mittwoch,3,45,0,0,,Pflegefachkraft,Pflegefachkraft,EXAM|PRAXISANLEITUNG,1.0,38.5,9240,9240,8316,10164,5,2,2,8,1,1,Pflegefachkraft,0,0.0,-2400,30,28,7,6,1,5088,1,,,,,F,0,,0,,5,3,4,1,2035,1,4,3,3,1,1781,1,3,2,3,0,1272,0,ST-GER1,Normalstation Geriatrie,40,Geriatrie,10.0,20.0,06:00,14:00,450,,13:30,21:30,450,F,21:15,06:15,495,F|S,11,10,8,10,30,45,8,38.5,30,0.15,0,2.0.0,20261164
PK-006,2026-11-04,history,-26,Mittwoch,3,45,0,0,,Pflegefachkraft,Pflegefachkraft,EXAM|KARDIO_MONITORING,0.6,23.1,5544,5544,4990,6098,5,2,2,8,1,1,Pflegefachkraft,0,0.0,536,30,28,7,6,1,5088,1,,,,,,0,,0,,5,3,4,1,2035,1,4,3,3,1,1781,1,3,2,3,0,1272,0,ST-GER1,Normalstation Geriatrie,40,Geriatrie,10.0,20.0,06:00,14:00,450,,13:30,21:30,450,F,21:15,06:15,495,F|S,11,10,8,10,30,45,8,38.5,30,0.15,0,2.0.0,20261164
PK-007,2026-11-04,history,-26,Mittwoch,3,45,0,0,,Pflegefachkraft,Pflegefachkraft,EXAM|PRAXISANLEITUNG|KARDIO_MONITORING,0.75,28.88,6931,6931,6238,7624,5,2,2,8,1,1,Pflegefachkraft,0,0.0,716,30,28,7,6,1,5088,1,,,,,,0,,0,,5,3,4,1,2035,1,4,3,3,1,1781,1,3,2,3,0,1272,0,ST-GER1,Normalstation Geriatrie,40,Geriatrie,10.0,20.0,06:00,14:00,450,,13:30,21:30,450,F,21:15,06:15,495,F|S,11,10,8,10,30,45,8,38.5,30,0.15,0,2.0.0,20261164
PK-008,2026-11-04,history,-26,Mittwoch,3,45,0,0,,Pflegefachkraft,Pflegefachkraft,EXAM,1.0,38.5,9240,9240,8316,10164,5,2,2,8,1,1,Pflegefachkraft,0,0.0,-2580,30,28,7,6,1,5088,1,,,,,F,0,,0,,5,3,4,1,2035,1,4,3,3,1,1781,1,3,2,3,0,1272,0,ST-GER1,Normalstation Geriatrie,40,Geriatrie,10.0,20.0,06:00,14:00,450,,13:30,21:30,450,F,21:15,06:15,495,F|S,11,10,8,10,30,45,8,38.5,30,0.15,0,2.0.0,20261164
PK-009,2026-11-04,history,-26,Mittwoch,3,45,0,0,,Pflegefachkraft,Pflegefachkraft,EXAM,1.0,38.5,9240,9240,8316,10164,5,2,2,8,1,1,Pflegefachkraft,0,0.0,-2130,30,28,7,6,1,5088,1,,,,,,0,,0,,5,3,4,1,2035,1,4,3,3,1,1781,1,3,2,3,0,1272,0,ST-GER1,Normalstation Geriatrie,40,Geriatrie,10.0,20.0,06:00,14:00,450,,13:30,21:30,450,F,21:15,06:15,495,F|S,11,10,8,10,30,45,8,38.5,30,0.15,0,2.0.0,20261164
PK-010,2026-11-04,history,-26,Mittwoch,3,45,0,0,,Pflegefachkraft,Pflegefachkraft,EXAM,0.6,23.1,5544,5544,4990,6098,5,2,2,8,1,1,Pflegefachkraft,0,0.0,-1404,30,28,7,6,1,5088,1,,,,,,0,,0,,5,3,4,1,2035,1,4,3,3,1,1781,1,3,2,3,0,1272,0,ST-GER1,Normalstation Geriatrie,40,Geriatrie,10.0,20.0,06:00,14:00,450,,13:30,21:30,450,F,21:15,06:15,495,F|S,11,10,8,10,30,45,8,38.5,30,0.15,0,2.0.0,20261164
PK-011,2026-11-04,history,-26,Mittwoch,3,45,0,0,,Pflegefachkraft,Pflegefachkraft,EXAM,1.0,38.5,9240,9240,8316,10164,5,2,2,8,1,1,Pflegefachkraft,0,0.0,-2130,30,28,7,6,1,5088,1,,,,,,0,,0,,5,3,4,1,2035,1,4,3,3,1,1781,1,3,2,3,0,1272,0,ST-GER1,Normalstation Geriatrie,40,Geriatrie,10.0,20.0,06:00,14:00,450,,13:30,21:30,450,F,21:15,06:15,495,F|S,11,10,8,10,30,45,8,38.5,30,0.15,0,2.0.0,20261164
PK-012,2026-11-04,history,-26,Mittwoch,3,45,0,0,,Pflegefachkraft,Pflegefachkraft,EXAM|KARDIO_MONITORING,1.0,38.5,9240,9240,8316,10164,5,2,2,8,1,1,Pflegefachkraft,0,0.0,-2265,30,28,7,6,1,5088,1,,,,,F,0,,0,,5,3,4,1,2035,1,4,3,3,1,1781,1,3,2,3,0,1272,0,ST-GER1,Normalstation Geriatrie,40,Geriatrie,10.0,20.0,06:00,14:00,450,,13:30,21:30,450,F,21:15,06:15,495,F|S,11,10,8,10,30,45,8,38.5,30,0.15,0,2.0.0,20261164
PK-013,2026-11-04,history,-26,Mittwoch,3,45,0,0,,Pflegefachkraft,Pflegefachkraft,EXAM,1.0,38.5,9240,9240,8316,10164,5,2,2,8,1,1,Pflegefachkraft,0,0.0,-2310,30,28,7,6,1,5088,1,,,,,F,0,,0,,5,3,4,1,2035,1,4,3,3,1,1781,1,3,2,3,0,1272,0,ST-GER1,Normalstation Geriatrie,40,Geriatrie,10.0,20.0,06:00,14:00,450,,13:30,21:30,450,F,21:15,06:15,495,F|S,11,10,8,10,30,45,8,38.5,30,0.15,0,2.0.0,20261164
PK-014,2026-11-04,history,-26,Mittwoch,3,45,0,0,,Pflegefachkraft,Pflegefachkraft,EXAM,0.8,30.8,7392,7392,6653,8131,5,2,2,8,1,1,Pflegefachkraft,0,0.0,-1542,30,28,7,6,1,5088,1,,,,,S,0,,0,,5,3,4,1,2035,1,4,3,3,1,1781,1,3,2,3,0,1272,0,ST-GER1,Normalstation Geriatrie,40,Geriatrie,10.0,20.0,06:00,14:00,450,,13:30,21:30,450,F,21:15,06:15,495,F|S,11,10,8,10,30,45,8,38.5,30,0.15,0,2.0.0,20261164
PK-015,2026-11-04,history,-26,Mittwoch,3,45,0,0,,Pflegefachkraft,Pflegefachkraft,EXAM,0.6,23.1,5544,5544,4990,6098,5,2,2,8,1,1,Pflegefachkraft,0,0.0,-1404,30,28,7,6,1,5088,1,,,,,,0,,0,,5,3,4,1,2035,1,4,3,3,1,1781,1,3,2,3,0,1272,0,ST-GER1,Normalstation Geriatrie,40,Geriatrie,10.0,20.0,06:00,14:00,450,,13:30,21:30,450,F,21:15,06:15,495,F|S,11,10,8,10,30,45,8,38.5,30,0.15,0,2.0.0,20261164
PK-016,2026-11-04,history,-26,Mittwoch,3,45,0,0,,Pflegefachkraft,Pflegefachkraft,EXAM,0.75,28.88,6931,6931,6238,7624,5,2,2,8,1,1,Pflegefachkraft,0,0.0,-1485,30,28,7,6,1,5088,1,,,,,,0,,0,,5,3,4,1,2035,1,4,3,3,1,1781,1,3,2,3,0,1272,0,ST-GER1,Normalstation Geriatrie,40,Geriatrie,10.0,20.0,06:00,14:00,450,,13:30,21:30,450,F,21:15,06:15,495,F|S,11,10,8,10,30,45,8,38.5,30,0.15,0,2.0.0,20261164
PK-017,2026-11-04,history,-26,Mittwoch,3,45,0,0,,Pflegefachkraft,Pflegefachkraft,EXAM,0.7,26.95,6468,6468,5821,7115,5,2,2,8,1,1,Pflegefachkraft,0,0.0,-1473,30,28,7,6,1,5088,1,,,,,,0,,0,,5,3,4,1,2035,1,4,3,3,1,1781,1,3,2,3,0,1272,0,ST-GER1,Normalstation Geriatrie,40,Geriatrie,10.0,20.0,06:00,14:00,450,,13:30,21:30,450,F,21:15,06:15,495,F|S,11,10,8,10,30,45,8,38.5,30,0.15,0,2.0.0,20261164
PK-018,2026-11-04,history,-26,Mittwoch,3,45,0,0,,Pflegefachkraft,Pflegefachkraft,EXAM|PRAXISANLEITUNG|KARDIO_MONITORING,0.9,34.65,8316,8316,7484,9148,5,2,2,8,1,1,Pflegefachkraft,0,0.0,-1971,30,28,7,6,1,5088,1,,,,,S,0,,0,,5,3,4,1,2035,1,4,3,3,1,1781,1,3,2,3,0,1272,0,ST-GER1,Normalstation Geriatrie,40,Geriatrie,10.0,20.0,06:00,14:00,450,,13:30,21:30,450,F,21:15,06:15,495,F|S,11,10,8,10,30,45,8,38.5,30,0.15,0,2.0.0,20261164
PK-019,2026-11-04,history,-26,Mittwoch,3,45,0,0,,Pflegefachkraft,Pflegefachkraft,EXAM,0.8,30.8,7392,7392,6653,8131,5,2,2,8,1,1,Pflegefachkraft,0,0.0,-1902,30,28,7,6,1,5088,1,,,,,,0,,0,,5,3,4,1,2035,1,4,3,3,1,1781,1,3,2,3,0,1272,0,ST-GER1,Normalstation Geriatrie,40,Geriatrie,10.0,20.0,06:00,14:00,450,,13:30,21:30,450,F,21:15,06:15,495,F|S,11,10,8,10,30,45,8,38.5,30,0.15,0,2.0.0,20261164
PK-020,2026-11-04,history,-26,Mittwoch,3,45,0,0,,Pflegefachkraft,Pflegefachkraft,EXAM|KARDIO_MONITORING,0.5,19.25,4620,4620,4158,5082,5,2,2,8,1,1,Pflegefachkraft,0,0.0,-930,30,28,7,6,1,5088,1,,,,,N,0,,0,,5,3,4,1,2035,1,4,3,3,1,1781,1,3,2,3,0,1272,0,ST-GER1,Normalstation Geriatrie,40,Geriatrie,10.0,20.0,06:00,14:00,450,,13:30,21:30,450,F,21:15,06:15,495,F|S,11,10,8,10,30,45,8,38.5,30,0.15,0,2.0.0,20261164
PK-021,2026-11-04,history,-26,Mittwoch,3,45,0,0,,Pflegefachkraft,Pflegefachkraft,EXAM,0.8,30.8,7392,7392,6653,8131,5,2,2,8,1,1,Pflegefachkraft,0,0.0,-1722,30,28,7,6,1,5088,1,,,,,N,0,,0,,5,3,4,1,2035,1,4,3,3,1,1781,1,3,2,3,0,1272,0,ST-GER1,Normalstation Geriatrie,40,Geriatrie,10.0,20.0,06:00,14:00,450,,13:30,21:30,450,F,21:15,06:15,495,F|S,11,10,8,10,30,45,8,38.5,30,0.15,0,2.0.0,20261164
PK-022,2026-11-04,history,-26,Mittwoch,3,45,0,0,,Pflegefachkraft,Pflegefachkraft,EXAM|PRAXISANLEITUNG|KARDIO_MONITORING,0.5,19.25,4620,4620,4158,5082,5,2,2,8,1,1,Pflegefachkraft,0,0.0,-930,30,28,7,6,1,5088,1,,,,,N,0,,0,,5,3,4,1,2035,1,4,3,3,1,1781,1,3,2,3,0,1272,0,ST-GER1,Normalstation Geriatrie,40,Geriatrie,10.0,20.0,06:00,14:00,450,,13:30,21:30,450,F,21:15,06:15,495,F|S,11,10,8,10,30,45,8,38.5,30,0.15,0,2.0.0,20261164
AZ-001,2026-11-05,history,-25,Donnerstag,4,45,0,0,,Auszubildende_r_3_Ausbildungsjahr,Auszubildende,AUSZUBILDEND,1.0,38.5,9240,9240,8316,10164,5,2,2,8,1,0,nicht anrechenbar,0,0.0,-9240,31,30,6,7,3,5499,1,,,,,,0,,0,,5,4,4,1,2200,1,4,4,3,1,1925,1,3,2,3,0,1375,0,ST-GER1,Normalstation Geriatrie,40,Geriatrie,10.0,20.0,06:00,14:00,450,,13:30,21:30,450,F,21:15,06:15,495,F|S,11,10,8,10,30,45,8,38.5,30,0.15,0,2.0.0,20261164
AZ-002,2026-11-05,history,-25,Donnerstag,4,45,0,0,,Auszubildende_r_2_Ausbildungsjahr,Auszubildende,AUSZUBILDEND,1.0,38.5,9240,9240,8316,10164,5,2,2,8,1,0,nicht anrechenbar,0,0.0,-9240,31,30,6,7,3,5499,1,,,,,,0,,0,,5,4,4,1,2200,1,4,4,3,1,1925,1,3,2,3,0,1375,0,ST-GER1,Normalstation Geriatrie,40,Geriatrie,10.0,20.0,06:00,14:00,450,,13:30,21:30,450,F,21:15,06:15,495,F|S,11,10,8,10,30,45,8,38.5,30,0.15,0,2.0.0,20261164
AZ-003,2026-11-05,history,-25,Donnerstag,4,45,0,0,,Auszubildende_r_1_Ausbildungsjahr,Auszubildende,AUSZUBILDEND,1.0,38.5,9240,9240,8316,10164,5,2,2,0,0,0,nicht anrechenbar,0,0.0,-9240,31,30,6,7,3,5499,1,,,,,,0,,0,,5,4,4,1,2200,1,4,4,3,1,1925,1,3,2,3,0,1375,0,ST-GER1,Normalstation Geriatrie,40,Geriatrie,10.0,20.0,06:00,14:00,450,,13:30,21:30,450,F,21:15,06:15,495,F|S,11,10,8,10,30,45,8,38.5,30,0.15,0,2.0.0,20261164
PH-001,2026-11-05,history,-25,Donnerstag,4,45,0,0,,Pflegehilfskraft,Pflegehilfskraft,PFLEGEHILFE,0.75,28.88,6931,6931,6238,7624,5,2,2,0,0,1,Pflegehilfskraft,0,0.0,-1530,31,30,6,7,3,5499,1,,,,,F,0,,0,,5,4,4,1,2200,1,4,4,3,1,1925,1,3,2,3,0,1375,0,ST-GER1,Normalstation Geriatrie,40,Geriatrie,10.0,20.0,06:00,14:00,450,,13:30,21:30,450,F,21:15,06:15,495,F|S,11,10,8,10,30,45,8,38.5,30,0.15,0,2.0.0,20261164
PH-002,2026-11-05,history,-25,Donnerstag,4,45,0,0,,Pflegehilfskraft,Pflegehilfskraft,PFLEGEHILFE,0.75,28.88,6931,6931,6238,7624,5,2,2,0,0,1,Pflegehilfskraft,0,0.0,-1530,31,30,6,7,3,5499,1,,,,,S,0,,0,,5,4,4,1,2200,1,4,4,3,1,1925,1,3,2,3,0,1375,0,ST-GER1,Normalstation Geriatrie,40,Geriatrie,10.0,20.0,06:00,14:00,450,,13:30,21:30,450,F,21:15,06:15,495,F|S,11,10,8,10,30,45,8,38.5,30,0.15,0,2.0.0,20261164
PH-003,2026-11-05,history,-25,Donnerstag,4,45,0,0,,Pflegehilfskraft,Pflegehilfskraft,PFLEGEHILFE,0.5,19.25,4620,4620,4158,5082,5,2,2,0,0,1,Pflegehilfskraft,0,0.0,-1020,31,30,6,7,3,5499,1,,,,,,0,,0,,5,4,4,1,2200,1,4,4,3,1,1925,1,3,2,3,0,1375,0,ST-GER1,Normalstation Geriatrie,40,Geriatrie,10.0,20.0,06:00,14:00,450,,13:30,21:30,450,F,21:15,06:15,495,F|S,11,10,8,10,30,45,8,38.5,30,0.15,0,2.0.0,20261164
PK-001,2026-11-05,history,-25,Donnerstag,4,45,0,0,,Stationsleitung,Pflegefachkraft,EXAM|LEITUNG|PRAXISANLEITUNG,1.0,38.5,9240,4620,4158,5082,5,2,2,0,0,1,Pflegefachkraft,1,0.5,4464,31,30,6,7,3,5499,1,,,,,,0,,0,,5,4,4,1,2200,1,4,4,3,1,1925,1,3,2,3,0,1375,0,ST-GER1,Normalstation Geriatrie,40,Geriatrie,10.0,20.0,06:00,14:00,450,,13:30,21:30,450,F,21:15,06:15,495,F|S,11,10,8,10,30,45,8,38.5,30,0.15,0,2.0.0,20261164
PK-002,2026-11-05,history,-25,Donnerstag,4,45,0,0,,Pflegefachkraft,Pflegefachkraft,EXAM|KARDIO_MONITORING,1.0,38.5,9240,9240,8316,10164,5,2,2,8,1,1,Pflegefachkraft,0,0.0,-2310,31,30,6,7,3,5499,1,,,,,,0,,0,,5,4,4,1,2200,1,4,4,3,1,1925,1,3,2,3,0,1375,0,ST-GER1,Normalstation Geriatrie,40,Geriatrie,10.0,20.0,06:00,14:00,450,,13:30,21:30,450,F,21:15,06:15,495,F|S,11,10,8,10,30,45,8,38.5,30,0.15,0,2.0.0,20261164
PK-003,2026-11-05,history,-25,Donnerstag,4,45,0,0,,Pflegefachkraft,Pflegefachkraft,EXAM|PRAXISANLEITUNG|KARDIO_MONITORING,1.0,38.5,9240,9240,8316,10164,5,2,2,8,1,1,Pflegefachkraft,0,0.0,-2265,31,30,6,7,3,5499,1,,,,,,0,,0,,5,4,4,1,2200,1,4,4,3,1,1925,1,3,2,3,0,1375,0,ST-GER1,Normalstation Geriatrie,40,Geriatrie,10.0,20.0,06:00,14:00,450,,13:30,21:30,450,F,21:15,06:15,495,F|S,11,10,8,10,30,45,8,38.5,30,0.15,0,2.0.0,20261164
PK-004,2026-11-05,history,-25,Donnerstag,4,45,0,0,,Pflegefachkraft,Pflegefachkraft,EXAM,0.7,26.95,6468,6468,5821,7115,5,2,2,8,1,1,Pflegefachkraft,0,0.0,-1518,31,30,6,7,3,5499,1,,,,,F,0,,0,,5,4,4,1,2200,1,4,4,3,1,1925,1,3,2,3,0,1375,0,ST-GER1,Normalstation Geriatrie,40,Geriatrie,10.0,20.0,06:00,14:00,450,,13:30,21:30,450,F,21:15,06:15,495,F|S,11,10,8,10,30,45,8,38.5,30,0.15,0,2.0.0,20261164
PK-005,2026-11-05,history,-25,Donnerstag,4,45,0,0,,Pflegefachkraft,Pflegefachkraft,EXAM|PRAXISANLEITUNG,1.0,38.5,9240,9240,8316,10164,5,2,2,8,1,1,Pflegefachkraft,0,0.0,-2400,31,30,6,7,3,5499,1,,,,,,0,,0,,5,4,4,1,2200,1,4,4,3,1,1925,1,3,2,3,0,1375,0,ST-GER1,Normalstation Geriatrie,40,Geriatrie,10.0,20.0,06:00,14:00,450,,13:30,21:30,450,F,21:15,06:15,495,F|S,11,10,8,10,30,45,8,38.5,30,0.15,0,2.0.0,20261164
PK-006,2026-11-05,history,-25,Donnerstag,4,45,0,0,,Pflegefachkraft,Pflegefachkraft,EXAM|KARDIO_MONITORING,0.6,23.1,5544,5544,4990,6098,5,2,2,8,1,1,Pflegefachkraft,0,0.0,536,31,30,6,7,3,5499,1,,,,,S,0,,0,,5,4,4,1,2200,1,4,4,3,1,1925,1,3,2,3,0,1375,0,ST-GER1,Normalstation Geriatrie,40,Geriatrie,10.0,20.0,06:00,14:00,450,,13:30,21:30,450,F,21:15,06:15,495,F|S,11,10,8,10,30,45,8,38.5,30,0.15,0,2.0.0,20261164
PK-007,2026-11-05,history,-25,Donnerstag,4,45,0,0,,Pflegefachkraft,Pflegefachkraft,EXAM|PRAXISANLEITUNG|KARDIO_MONITORING,0.75,28.88,6931,6931,6238,7624,5,2,2,8,1,1,Pflegefachkraft,0,0.0,716,31,30,6,7,3,5499,1,,,,,F,0,,0,,5,4,4,1,2200,1,4,4,3,1,1925,1,3,2,3,0,1375,0,ST-GER1,Normalstation Geriatrie,40,Geriatrie,10.0,20.0,06:00,14:00,450,,13:30,21:30,450,F,21:15,06:15,495,F|S,11,10,8,10,30,45,8,38.5,30,0.15,0,2.0.0,20261164
PK-008,2026-11-05,history,-25,Donnerstag,4,45,0,0,,Pflegefachkraft,Pflegefachkraft,EXAM,1.0,38.5,9240,9240,8316,10164,5,2,2,8,1,1,Pflegefachkraft,0,0.0,-2580,31,30,6,7,3,5499,1,,,,,,0,,0,,5,4,4,1,2200,1,4,4,3,1,1925,1,3,2,3,0,1375,0,ST-GER1,Normalstation Geriatrie,40,Geriatrie,10.0,20.0,06:00,14:00,450,,13:30,21:30,450,F,21:15,06:15,495,F|S,11,10,8,10,30,45,8,38.5,30,0.15,0,2.0.0,20261164
PK-009,2026-11-05,history,-25,Donnerstag,4,45,0,0,,Pflegefachkraft,Pflegefachkraft,EXAM,1.0,38.5,9240,9240,8316,10164,5,2,2,8,1,1,Pflegefachkraft,0,0.0,-2130,31,30,6,7,3,5499,1,,,,,N,0,,0,,5,4,4,1,2200,1,4,4,3,1,1925,1,3,2,3,0,1375,0,ST-GER1,Normalstation Geriatrie,40,Geriatrie,10.0,20.0,06:00,14:00,450,,13:30,21:30,450,F,21:15,06:15,495,F|S,11,10,8,10,30,45,8,38.5,30,0.15,0,2.0.0,20261164
PK-010,2026-11-05,history,-25,Donnerstag,4,45,0,0,,Pflegefachkraft,Pflegefachkraft,EXAM,0.6,23.1,5544,5544,4990,6098,5,2,2,8,1,1,Pflegefachkraft,0,0.0,-1404,31,30,6,7,3,5499,1,,,,,S,0,,0,,5,4,4,1,2200,1,4,4,3,1,1925,1,3,2,3,0,1375,0,ST-GER1,Normalstation Geriatrie,40,Geriatrie,10.0,20.0,06:00,14:00,450,,13:30,21:30,450,F,21:15,06:15,495,F|S,11,10,8,10,30,45,8,38.5,30,0.15,0,2.0.0,20261164
PK-011,2026-11-05,history,-25,Donnerstag,4,45,0,0,,Pflegefachkraft,Pflegefachkraft,EXAM,1.0,38.5,9240,9240,8316,10164,5,2,2,8,1,1,Pflegefachkraft,0,0.0,-2130,31,30,6,7,3,5499,1,,,,,N,0,,0,,5,4,4,1,2200,1,4,4,3,1,1925,1,3,2,3,0,1375,0,ST-GER1,Normalstation Geriatrie,40,Geriatrie,10.0,20.0,06:00,14:00,450,,13:30,21:30,450,F,21:15,06:15,495,F|S,11,10,8,10,30,45,8,38.5,30,0.15,0,2.0.0,20261164
PK-012,2026-11-05,history,-25,Donnerstag,4,45,0,0,,Pflegefachkraft,Pflegefachkraft,EXAM|KARDIO_MONITORING,1.0,38.5,9240,9240,8316,10164,5,2,2,8,1,1,Pflegefachkraft,0,0.0,-2265,31,30,6,7,3,5499,1,,,,,,0,,0,,5,4,4,1,2200,1,4,4,3,1,1925,1,3,2,3,0,1375,0,ST-GER1,Normalstation Geriatrie,40,Geriatrie,10.0,20.0,06:00,14:00,450,,13:30,21:30,450,F,21:15,06:15,495,F|S,11,10,8,10,30,45,8,38.5,30,0.15,0,2.0.0,20261164
PK-013,2026-11-05,history,-25,Donnerstag,4,45,0,0,,Pflegefachkraft,Pflegefachkraft,EXAM,1.0,38.5,9240,9240,8316,10164,5,2,2,8,1,1,Pflegefachkraft,0,0.0,-2310,31,30,6,7,3,5499,1,,,,,,0,,0,,5,4,4,1,2200,1,4,4,3,1,1925,1,3,2,3,0,1375,0,ST-GER1,Normalstation Geriatrie,40,Geriatrie,10.0,20.0,06:00,14:00,450,,13:30,21:30,450,F,21:15,06:15,495,F|S,11,10,8,10,30,45,8,38.5,30,0.15,0,2.0.0,20261164
PK-014,2026-11-05,history,-25,Donnerstag,4,45,0,0,,Pflegefachkraft,Pflegefachkraft,EXAM,0.8,30.8,7392,7392,6653,8131,5,2,2,8,1,1,Pflegefachkraft,0,0.0,-1542,31,30,6,7,3,5499,1,,,,,,0,,0,,5,4,4,1,2200,1,4,4,3,1,1925,1,3,2,3,0,1375,0,ST-GER1,Normalstation Geriatrie,40,Geriatrie,10.0,20.0,06:00,14:00,450,,13:30,21:30,450,F,21:15,06:15,495,F|S,11,10,8,10,30,45,8,38.5,30,0.15,0,2.0.0,20261164
PK-015,2026-11-05,history,-25,Donnerstag,4,45,0,0,,Pflegefachkraft,Pflegefachkraft,EXAM,0.6,23.1,5544,5544,4990,6098,5,2,2,8,1,1,Pflegefachkraft,0,0.0,-1404,31,30,6,7,3,5499,1,,,,,S,0,,0,,5,4,4,1,2200,1,4,4,3,1,1925,1,3,2,3,0,1375,0,ST-GER1,Normalstation Geriatrie,40,Geriatrie,10.0,20.0,06:00,14:00,450,,13:30,21:30,450,F,21:15,06:15,495,F|S,11,10,8,10,30,45,8,38.5,30,0.15,0,2.0.0,20261164
PK-016,2026-11-05,history,-25,Donnerstag,4,45,0,0,,Pflegefachkraft,Pflegefachkraft,EXAM,0.75,28.88,6931,6931,6238,7624,5,2,2,8,1,1,Pflegefachkraft,0,0.0,-1485,31,30,6,7,3,5499,1,,,,,F,0,,0,,5,4,4,1,2200,1,4,4,3,1,1925,1,3,2,3,0,1375,0,ST-GER1,Normalstation Geriatrie,40,Geriatrie,10.0,20.0,06:00,14:00,450,,13:30,21:30,450,F,21:15,06:15,495,F|S,11,10,8,10,30,45,8,38.5,30,0.15,0,2.0.0,20261164
PK-017,2026-11-05,history,-25,Donnerstag,4,45,0,0,,Pflegefachkraft,Pflegefachkraft,EXAM,0.7,26.95,6468,6468,5821,7115,5,2,2,8,1,1,Pflegefachkraft,0,0.0,-1473,31,30,6,7,3,5499,1,,,,,F,0,,0,,5,4,4,1,2200,1,4,4,3,1,1925,1,3,2,3,0,1375,0,ST-GER1,Normalstation Geriatrie,40,Geriatrie,10.0,20.0,06:00,14:00,450,,13:30,21:30,450,F,21:15,06:15,495,F|S,11,10,8,10,30,45,8,38.5,30,0.15,0,2.0.0,20261164
PK-018,2026-11-05,history,-25,Donnerstag,4,45,0,0,,Pflegefachkraft,Pflegefachkraft,EXAM|PRAXISANLEITUNG|KARDIO_MONITORING,0.9,34.65,8316,8316,7484,9148,5,2,2,8,1,1,Pflegefachkraft,0,0.0,-1971,31,30,6,7,3,5499,1,,,,,,0,,0,,5,4,4,1,2200,1,4,4,3,1,1925,1,3,2,3,0,1375,0,ST-GER1,Normalstation Geriatrie,40,Geriatrie,10.0,20.0,06:00,14:00,450,,13:30,21:30,450,F,21:15,06:15,495,F|S,11,10,8,10,30,45,8,38.5,30,0.15,0,2.0.0,20261164
PK-019,2026-11-05,history,-25,Donnerstag,4,45,0,0,,Pflegefachkraft,Pflegefachkraft,EXAM,0.8,30.8,7392,7392,6653,8131,5,2,2,8,1,1,Pflegefachkraft,0,0.0,-1902,31,30,6,7,3,5499,1,,,,,N,0,,0,,5,4,4,1,2200,1,4,4,3,1,1925,1,3,2,3,0,1375,0,ST-GER1,Normalstation Geriatrie,40,Geriatrie,10.0,20.0,06:00,14:00,450,,13:30,21:30,450,F,21:15,06:15,495,F|S,11,10,8,10,30,45,8,38.5,30,0.15,0,2.0.0,20261164
PK-020,2026-11-05,history,-25,Donnerstag,4,45,0,0,,Pflegefachkraft,Pflegefachkraft,EXAM|KARDIO_MONITORING,0.5,19.25,4620,4620,4158,5082,5,2,2,8,1,1,Pflegefachkraft,0,0.0,-930,31,30,6,7,3,5499,1,,,,,,0,,0,,5,4,4,1,2200,1,4,4,3,1,1925,1,3,2,3,0,1375,0,ST-GER1,Normalstation Geriatrie,40,Geriatrie,10.0,20.0,06:00,14:00,450,,13:30,21:30,450,F,21:15,06:15,495,F|S,11,10,8,10,30,45,8,38.5,30,0.15,0,2.0.0,20261164
PK-021,2026-11-05,history,-25,Donnerstag,4,45,0,0,,Pflegefachkraft,Pflegefachkraft,EXAM,0.8,30.8,7392,7392,6653,8131,5,2,2,8,1,1,Pflegefachkraft,0,0.0,-1722,31,30,6,7,3,5499,1,,,,,,0,,0,,5,4,4,1,2200,1,4,4,3,1,1925,1,3,2,3,0,1375,0,ST-GER1,Normalstation Geriatrie,40,Geriatrie,10.0,20.0,06:00,14:00,450,,13:30,21:30,450,F,21:15,06:15,495,F|S,11,10,8,10,30,45,8,38.5,30,0.15,0,2.0.0,20261164
PK-022,2026-11-05,history,-25,Donnerstag,4,45,0,0,,Pflegefachkraft,Pflegefachkraft,EXAM|PRAXISANLEITUNG|KARDIO_MONITORING,0.5,19.25,4620,4620,4158,5082,5,2,2,8,1,1,Pflegefachkraft,0,0.0,-930,31,30,6,7,3,5499,1,,,,,,0,,0,,5,4,4,1,2200,1,4,4,3,1,1925,1,3,2,3,0,1375,0,ST-GER1,Normalstation Geriatrie,40,Geriatrie,10.0,20.0,06:00,14:00,450,,13:30,21:30,450,F,21:15,06:15,495,F|S,11,10,8,10,30,45,8,38.5,30,0.15,0,2.0.0,20261164
AZ-001,2026-11-06,history,-24,Freitag,5,45,0,0,,Auszubildende_r_3_Ausbildungsjahr,Auszubildende,AUSZUBILDEND,1.0,38.5,9240,9240,8316,10164,5,2,2,8,1,0,nicht anrechenbar,0,0.0,-9240,27,26,3,1,0,5091,1,,,,,,0,,0,,5,3,4,1,2036,1,4,3,3,1,1782,1,3,2,3,0,1273,0,ST-GER1,Normalstation Geriatrie,40,Geriatrie,10.0,20.0,06:00,14:00,450,,13:30,21:30,450,F,21:15,06:15,495,F|S,11,10,8,10,30,45,8,38.5,30,0.15,0,2.0.0,20261164
AZ-002,2026-11-06,history,-24,Freitag,5,45,0,0,,Auszubildende_r_2_Ausbildungsjahr,Auszubildende,AUSZUBILDEND,1.0,38.5,9240,9240,8316,10164,5,2,2,8,1,0,nicht anrechenbar,0,0.0,-9240,27,26,3,1,0,5091,1,,,,,,0,,0,,5,3,4,1,2036,1,4,3,3,1,1782,1,3,2,3,0,1273,0,ST-GER1,Normalstation Geriatrie,40,Geriatrie,10.0,20.0,06:00,14:00,450,,13:30,21:30,450,F,21:15,06:15,495,F|S,11,10,8,10,30,45,8,38.5,30,0.15,0,2.0.0,20261164
AZ-003,2026-11-06,history,-24,Freitag,5,45,0,0,,Auszubildende_r_1_Ausbildungsjahr,Auszubildende,AUSZUBILDEND,1.0,38.5,9240,9240,8316,10164,5,2,2,0,0,0,nicht anrechenbar,0,0.0,-9240,27,26,3,1,0,5091,1,,,,,,0,,0,,5,3,4,1,2036,1,4,3,3,1,1782,1,3,2,3,0,1273,0,ST-GER1,Normalstation Geriatrie,40,Geriatrie,10.0,20.0,06:00,14:00,450,,13:30,21:30,450,F,21:15,06:15,495,F|S,11,10,8,10,30,45,8,38.5,30,0.15,0,2.0.0,20261164
PH-001,2026-11-06,history,-24,Freitag,5,45,0,0,,Pflegehilfskraft,Pflegehilfskraft,PFLEGEHILFE,0.75,28.88,6931,6931,6238,7624,5,2,2,0,0,1,Pflegehilfskraft,0,0.0,-1530,27,26,3,1,0,5091,1,,,,,,0,,0,,5,3,4,1,2036,1,4,3,3,1,1782,1,3,2,3,0,1273,0,ST-GER1,Normalstation Geriatrie,40,Geriatrie,10.0,20.0,06:00,14:00,450,,13:30,21:30,450,F,21:15,06:15,495,F|S,11,10,8,10,30,45,8,38.5,30,0.15,0,2.0.0,20261164
PH-002,2026-11-06,history,-24,Freitag,5,45,0,0,,Pflegehilfskraft,Pflegehilfskraft,PFLEGEHILFE,0.75,28.88,6931,6931,6238,7624,5,2,2,0,0,1,Pflegehilfskraft,0,0.0,-1530,27,26,3,1,0,5091,1,,,,,,0,,0,,5,3,4,1,2036,1,4,3,3,1,1782,1,3,2,3,0,1273,0,ST-GER1,Normalstation Geriatrie,40,Geriatrie,10.0,20.0,06:00,14:00,450,,13:30,21:30,450,F,21:15,06:15,495,F|S,11,10,8,10,30,45,8,38.5,30,0.15,0,2.0.0,20261164
PH-003,2026-11-06,history,-24,Freitag,5,45,0,0,,Pflegehilfskraft,Pflegehilfskraft,PFLEGEHILFE,0.5,19.25,4620,4620,4158,5082,5,2,2,0,0,1,Pflegehilfskraft,0,0.0,-1020,27,26,3,1,0,5091,1,,,,,F,0,,0,,5,3,4,1,2036,1,4,3,3,1,1782,1,3,2,3,0,1273,0,ST-GER1,Normalstation Geriatrie,40,Geriatrie,10.0,20.0,06:00,14:00,450,,13:30,21:30,450,F,21:15,06:15,495,F|S,11,10,8,10,30,45,8,38.5,30,0.15,0,2.0.0,20261164
PK-001,2026-11-06,history,-24,Freitag,5,45,0,0,,Stationsleitung,Pflegefachkraft,EXAM|LEITUNG|PRAXISANLEITUNG,1.0,38.5,9240,4620,4158,5082,5,2,2,0,0,1,Pflegefachkraft,1,0.5,4464,27,26,3,1,0,5091,1,,,,,F,0,,0,,5,3,4,1,2036,1,4,3,3,1,1782,1,3,2,3,0,1273,0,ST-GER1,Normalstation Geriatrie,40,Geriatrie,10.0,20.0,06:00,14:00,450,,13:30,21:30,450,F,21:15,06:15,495,F|S,11,10,8,10,30,45,8,38.5,30,0.15,0,2.0.0,20261164
PK-002,2026-11-06,history,-24,Freitag,5,45,0,0,,Pflegefachkraft,Pflegefachkraft,EXAM|KARDIO_MONITORING,1.0,38.5,9240,9240,8316,10164,5,2,2,8,1,1,Pflegefachkraft,0,0.0,-2310,27,26,3,1,0,5091,1,,,,,F,0,,0,,5,3,4,1,2036,1,4,3,3,1,1782,1,3,2,3,0,1273,0,ST-GER1,Normalstation Geriatrie,40,Geriatrie,10.0,20.0,06:00,14:00,450,,13:30,21:30,450,F,21:15,06:15,495,F|S,11,10,8,10,30,45,8,38.5,30,0.15,0,2.0.0,20261164
PK-003,2026-11-06,history,-24,Freitag,5,45,0,0,,Pflegefachkraft,Pflegefachkraft,EXAM|PRAXISANLEITUNG|KARDIO_MONITORING,1.0,38.5,9240,9240,8316,10164,5,2,2,8,1,1,Pflegefachkraft,0,0.0,-2265,27,26,3,1,0,5091,1,,,,,S,0,,0,,5,3,4,1,2036,1,4,3,3,1,1782,1,3,2,3,0,1273,0,ST-GER1,Normalstation Geriatrie,40,Geriatrie,10.0,20.0,06:00,14:00,450,,13:30,21:30,450,F,21:15,06:15,495,F|S,11,10,8,10,30,45,8,38.5,30,0.15,0,2.0.0,20261164
PK-004,2026-11-06,history,-24,Freitag,5,45,0,0,,Pflegefachkraft,Pflegefachkraft,EXAM,0.7,26.95,6468,6468,5821,7115,5,2,2,8,1,1,Pflegefachkraft,0,0.0,-1518,27,26,3,1,0,5091,1,,,,,,0,,0,,5,3,4,1,2036,1,4,3,3,1,1782,1,3,2,3,0,1273,0,ST-GER1,Normalstation Geriatrie,40,Geriatrie,10.0,20.0,06:00,14:00,450,,13:30,21:30,450,F,21:15,06:15,495,F|S,11,10,8,10,30,45,8,38.5,30,0.15,0,2.0.0,20261164
PK-005,2026-11-06,history,-24,Freitag,5,45,0,0,,Pflegefachkraft,Pflegefachkraft,EXAM|PRAXISANLEITUNG,1.0,38.5,9240,9240,8316,10164,5,2,2,8,1,1,Pflegefachkraft,0,0.0,-2400,27,26,3,1,0,5091,1,,,,,N,0,,0,,5,3,4,1,2036,1,4,3,3,1,1782,1,3,2,3,0,1273,0,ST-GER1,Normalstation Geriatrie,40,Geriatrie,10.0,20.0,06:00,14:00,450,,13:30,21:30,450,F,21:15,06:15,495,F|S,11,10,8,10,30,45,8,38.5,30,0.15,0,2.0.0,20261164
PK-006,2026-11-06,history,-24,Freitag,5,45,0,0,,Pflegefachkraft,Pflegefachkraft,EXAM|KARDIO_MONITORING,0.6,23.1,5544,5544,4990,6098,5,2,2,8,1,1,Pflegefachkraft,0,0.0,536,27,26,3,1,0,5091,1,,,,,,0,,0,,5,3,4,1,2036,1,4,3,3,1,1782,1,3,2,3,0,1273,0,ST-GER1,Normalstation Geriatrie,40,Geriatrie,10.0,20.0,06:00,14:00,450,,13:30,21:30,450,F,21:15,06:15,495,F|S,11,10,8,10,30,45,8,38.5,30,0.15,0,2.0.0,20261164
PK-007,2026-11-06,history,-24,Freitag,5,45,0,0,,Pflegefachkraft,Pflegefachkraft,EXAM|PRAXISANLEITUNG|KARDIO_MONITORING,0.75,28.88,6931,6931,6238,7624,5,2,2,8,1,1,Pflegefachkraft,0,0.0,716,27,26,3,1,0,5091,1,,,,,,0,,0,,5,3,4,1,2036,1,4,3,3,1,1782,1,3,2,3,0,1273,0,ST-GER1,Normalstation Geriatrie,40,Geriatrie,10.0,20.0,06:00,14:00,450,,13:30,21:30,450,F,21:15,06:15,495,F|S,11,10,8,10,30,45,8,38.5,30,0.15,0,2.0.0,20261164
PK-008,2026-11-06,history,-24,Freitag,5,45,0,0,,Pflegefachkraft,Pflegefachkraft,EXAM,1.0,38.5,9240,9240,8316,10164,5,2,2,8,1,1,Pflegefachkraft,0,0.0,-2580,27,26,3,1,0,5091,1,,,,,N,0,,0,,5,3,4,1,2036,1,4,3,3,1,1782,1,3,2,3,0,1273,0,ST-GER1,Normalstation Geriatrie,40,Geriatrie,10.0,20.0,06:00,14:00,450,,13:30,21:30,450,F,21:15,06:15,495,F|S,11,10,8,10,30,45,8,38.5,30,0.15,0,2.0.0,20261164
PK-009,2026-11-06,history,-24,Freitag,5,45,0,0,,Pflegefachkraft,Pflegefachkraft,EXAM,1.0,38.5,9240,9240,8316,10164,5,2,2,8,1,1,Pflegefachkraft,0,0.0,-2130,27,26,3,1,0,5091,1,,,,,,0,,0,,5,3,4,1,2036,1,4,3,3,1,1782,1,3,2,3,0,1273,0,ST-GER1,Normalstation Geriatrie,40,Geriatrie,10.0,20.0,06:00,14:00,450,,13:30,21:30,450,F,21:15,06:15,495,F|S,11,10,8,10,30,45,8,38.5,30,0.15,0,2.0.0,20261164
PK-010,2026-11-06,history,-24,Freitag,5,45,0,0,,Pflegefachkraft,Pflegefachkraft,EXAM,0.6,23.1,5544,5544,4990,6098,5,2,2,8,1,1,Pflegefachkraft,0,0.0,-1404,27,26,3,1,0,5091,1,,,,,,0,,0,,5,3,4,1,2036,1,4,3,3,1,1782,1,3,2,3,0,1273,0,ST-GER1,Normalstation Geriatrie,40,Geriatrie,10.0,20.0,06:00,14:00,450,,13:30,21:30,450,F,21:15,06:15,495,F|S,11,10,8,10,30,45,8,38.5,30,0.15,0,2.0.0,20261164
PK-011,2026-11-06,history,-24,Freitag,5,45,0,0,,Pflegefachkraft,Pflegefachkraft,EXAM,1.0,38.5,9240,9240,8316,10164,5,2,2,8,1,1,Pflegefachkraft,0,0.0,-2130,27,26,3,1,0,5091,1,,,,,,0,,0,,5,3,4,1,2036,1,4,3,3,1,1782,1,3,2,3,0,1273,0,ST-GER1,Normalstation Geriatrie,40,Geriatrie,10.0,20.0,06:00,14:00,450,,13:30,21:30,450,F,21:15,06:15,495,F|S,11,10,8,10,30,45,8,38.5,30,0.15,0,2.0.0,20261164
PK-012,2026-11-06,history,-24,Freitag,5,45,0,0,,Pflegefachkraft,Pflegefachkraft,EXAM|KARDIO_MONITORING,1.0,38.5,9240,9240,8316,10164,5,2,2,8,1,1,Pflegefachkraft,0,0.0,-2265,27,26,3,1,0,5091,1,,,,,F,0,,0,,5,3,4,1,2036,1,4,3,3,1,1782,1,3,2,3,0,1273,0,ST-GER1,Normalstation Geriatrie,40,Geriatrie,10.0,20.0,06:00,14:00,450,,13:30,21:30,450,F,21:15,06:15,495,F|S,11,10,8,10,30,45,8,38.5,30,0.15,0,2.0.0,20261164
PK-013,2026-11-06,history,-24,Freitag,5,45,0,0,,Pflegefachkraft,Pflegefachkraft,EXAM,1.0,38.5,9240,9240,8316,10164,5,2,2,8,1,1,Pflegefachkraft,0,0.0,-2310,27,26,3,1,0,5091,1,,,,,F,0,,0,,5,3,4,1,2036,1,4,3,3,1,1782,1,3,2,3,0,1273,0,ST-GER1,Normalstation Geriatrie,40,Geriatrie,10.0,20.0,06:00,14:00,450,,13:30,21:30,450,F,21:15,06:15,495,F|S,11,10,8,10,30,45,8,38.5,30,0.15,0,2.0.0,20261164
PK-014,2026-11-06,history,-24,Freitag,5,45,0,0,,Pflegefachkraft,Pflegefachkraft,EXAM,0.8,30.8,7392,7392,6653,8131,5,2,2,8,1,1,Pflegefachkraft,0,0.0,-1542,27,26,3,1,0,5091,1,,,,,,0,,0,,5,3,4,1,2036,1,4,3,3,1,1782,1,3,2,3,0,1273,0,ST-GER1,Normalstation Geriatrie,40,Geriatrie,10.0,20.0,06:00,14:00,450,,13:30,21:30,450,F,21:15,06:15,495,F|S,11,10,8,10,30,45,8,38.5,30,0.15,0,2.0.0,20261164
PK-015,2026-11-06,history,-24,Freitag,5,45,0,0,,Pflegefachkraft,Pflegefachkraft,EXAM,0.6,23.1,5544,5544,4990,6098,5,2,2,8,1,1,Pflegefachkraft,0,0.0,-1404,27,26,3,1,0,5091,1,,,,,,0,,0,,5,3,4,1,2036,1,4,3,3,1,1782,1,3,2,3,0,1273,0,ST-GER1,Normalstation Geriatrie,40,Geriatrie,10.0,20.0,06:00,14:00,450,,13:30,21:30,450,F,21:15,06:15,495,F|S,11,10,8,10,30,45,8,38.5,30,0.15,0,2.0.0,20261164
PK-016,2026-11-06,history,-24,Freitag,5,45,0,0,,Pflegefachkraft,Pflegefachkraft,EXAM,0.75,28.88,6931,6931,6238,7624,5,2,2,8,1,1,Pflegefachkraft,0,0.0,-1485,27,26,3,1,0,5091,1,,,,,,0,,0,,5,3,4,1,2036,1,4,3,3,1,1782,1,3,2,3,0,1273,0,ST-GER1,Normalstation Geriatrie,40,Geriatrie,10.0,20.0,06:00,14:00,450,,13:30,21:30,450,F,21:15,06:15,495,F|S,11,10,8,10,30,45,8,38.5,30,0.15,0,2.0.0,20261164
PK-017,2026-11-06,history,-24,Freitag,5,45,0,0,,Pflegefachkraft,Pflegefachkraft,EXAM,0.7,26.95,6468,6468,5821,7115,5,2,2,8,1,1,Pflegefachkraft,0,0.0,-1473,27,26,3,1,0,5091,1,,,,,,0,,0,,5,3,4,1,2036,1,4,3,3,1,1782,1,3,2,3,0,1273,0,ST-GER1,Normalstation Geriatrie,40,Geriatrie,10.0,20.0,06:00,14:00,450,,13:30,21:30,450,F,21:15,06:15,495,F|S,11,10,8,10,30,45,8,38.5,30,0.15,0,2.0.0,20261164
PK-018,2026-11-06,history,-24,Freitag,5,45,0,0,,Pflegefachkraft,Pflegefachkraft,EXAM|PRAXISANLEITUNG|KARDIO_MONITORING,0.9,34.65,8316,8316,7484,9148,5,2,2,8,1,1,Pflegefachkraft,0,0.0,-1971,27,26,3,1,0,5091,1,,,,,S,0,,0,,5,3,4,1,2036,1,4,3,3,1,1782,1,3,2,3,0,1273,0,ST-GER1,Normalstation Geriatrie,40,Geriatrie,10.0,20.0,06:00,14:00,450,,13:30,21:30,450,F,21:15,06:15,495,F|S,11,10,8,10,30,45,8,38.5,30,0.15,0,2.0.0,20261164
PK-019,2026-11-06,history,-24,Freitag,5,45,0,0,,Pflegefachkraft,Pflegefachkraft,EXAM,0.8,30.8,7392,7392,6653,8131,5,2,2,8,1,1,Pflegefachkraft,0,0.0,-1902,27,26,3,1,0,5091,1,,,,,,0,,0,,5,3,4,1,2036,1,4,3,3,1,1782,1,3,2,3,0,1273,0,ST-GER1,Normalstation Geriatrie,40,Geriatrie,10.0,20.0,06:00,14:00,450,,13:30,21:30,450,F,21:15,06:15,495,F|S,11,10,8,10,30,45,8,38.5,30,0.15,0,2.0.0,20261164
PK-020,2026-11-06,history,-24,Freitag,5,45,0,0,,Pflegefachkraft,Pflegefachkraft,EXAM|KARDIO_MONITORING,0.5,19.25,4620,4620,4158,5082,5,2,2,8,1,1,Pflegefachkraft,0,0.0,-930,27,26,3,1,0,5091,1,,,,,S,0,,0,,5,3,4,1,2036,1,4,3,3,1,1782,1,3,2,3,0,1273,0,ST-GER1,Normalstation Geriatrie,40,Geriatrie,10.0,20.0,06:00,14:00,450,,13:30,21:30,450,F,21:15,06:15,495,F|S,11,10,8,10,30,45,8,38.5,30,0.15,0,2.0.0,20261164
PK-021,2026-11-06,history,-24,Freitag,5,45,0,0,,Pflegefachkraft,Pflegefachkraft,EXAM,0.8,30.8,7392,7392,6653,8131,5,2,2,8,1,1,Pflegefachkraft,0,0.0,-1722,27,26,3,1,0,5091,1,,,,,N,0,,0,,5,3,4,1,2036,1,4,3,3,1,1782,1,3,2,3,0,1273,0,ST-GER1,Normalstation Geriatrie,40,Geriatrie,10.0,20.0,06:00,14:00,450,,13:30,21:30,450,F,21:15,06:15,495,F|S,11,10,8,10,30,45,8,38.5,30,0.15,0,2.0.0,20261164
PK-022,2026-11-06,history,-24,Freitag,5,45,0,0,,Pflegefachkraft,Pflegefachkraft,EXAM|PRAXISANLEITUNG|KARDIO_MONITORING,0.5,19.25,4620,4620,4158,5082,5,2,2,8,1,1,Pflegefachkraft,0,0.0,-930,27,26,3,1,0,5091,1,,,,,S,0,,0,,5,3,4,1,2036,1,4,3,3,1,1782,1,3,2,3,0,1273,0,ST-GER1,Normalstation Geriatrie,40,Geriatrie,10.0,20.0,06:00,14:00,450,,13:30,21:30,450,F,21:15,06:15,495,F|S,11,10,8,10,30,45,8,38.5,30,0.15,0,2.0.0,20261164
AZ-001,2026-11-07,history,-23,Samstag,6,45,1,0,,Auszubildende_r_3_Ausbildungsjahr,Auszubildende,AUSZUBILDEND,1.0,38.5,9240,9240,8316,10164,5,2,2,8,1,0,nicht anrechenbar,0,0.0,-9240,26,24,3,3,0,4065,1,,,,,,0,,0,,4,3,3,1,1626,1,3,3,2,1,1423,1,2,2,2,0,1016,0,ST-GER1,Normalstation Geriatrie,40,Geriatrie,10.0,20.0,06:00,14:00,450,,13:30,21:30,450,F,21:15,06:15,495,F|S,11,10,8,10,30,45,8,38.5,30,0.15,0,2.0.0,20261164
AZ-002,2026-11-07,history,-23,Samstag,6,45,1,0,,Auszubildende_r_2_Ausbildungsjahr,Auszubildende,AUSZUBILDEND,1.0,38.5,9240,9240,8316,10164,5,2,2,8,1,0,nicht anrechenbar,0,0.0,-9240,26,24,3,3,0,4065,1,,,,,,0,,0,,4,3,3,1,1626,1,3,3,2,1,1423,1,2,2,2,0,1016,0,ST-GER1,Normalstation Geriatrie,40,Geriatrie,10.0,20.0,06:00,14:00,450,,13:30,21:30,450,F,21:15,06:15,495,F|S,11,10,8,10,30,45,8,38.5,30,0.15,0,2.0.0,20261164
AZ-003,2026-11-07,history,-23,Samstag,6,45,1,0,,Auszubildende_r_1_Ausbildungsjahr,Auszubildende,AUSZUBILDEND,1.0,38.5,9240,9240,8316,10164,5,2,2,0,0,0,nicht anrechenbar,0,0.0,-9240,26,24,3,3,0,4065,1,,,,,,0,,0,,4,3,3,1,1626,1,3,3,2,1,1423,1,2,2,2,0,1016,0,ST-GER1,Normalstation Geriatrie,40,Geriatrie,10.0,20.0,06:00,14:00,450,,13:30,21:30,450,F,21:15,06:15,495,F|S,11,10,8,10,30,45,8,38.5,30,0.15,0,2.0.0,20261164
PH-001,2026-11-07,history,-23,Samstag,6,45,1,0,,Pflegehilfskraft,Pflegehilfskraft,PFLEGEHILFE,0.75,28.88,6931,6931,6238,7624,5,2,2,0,0,1,Pflegehilfskraft,0,0.0,-1530,26,24,3,3,0,4065,1,,,,,F,0,,0,,4,3,3,1,1626,1,3,3,2,1,1423,1,2,2,2,0,1016,0,ST-GER1,Normalstation Geriatrie,40,Geriatrie,10.0,20.0,06:00,14:00,450,,13:30,21:30,450,F,21:15,06:15,495,F|S,11,10,8,10,30,45,8,38.5,30,0.15,0,2.0.0,20261164
PH-002,2026-11-07,history,-23,Samstag,6,45,1,0,,Pflegehilfskraft,Pflegehilfskraft,PFLEGEHILFE,0.75,28.88,6931,6931,6238,7624,5,2,2,0,0,1,Pflegehilfskraft,0,0.0,-1530,26,24,3,3,0,4065,1,,,,,S,0,,0,,4,3,3,1,1626,1,3,3,2,1,1423,1,2,2,2,0,1016,0,ST-GER1,Normalstation Geriatrie,40,Geriatrie,10.0,20.0,06:00,14:00,450,,13:30,21:30,450,F,21:15,06:15,495,F|S,11,10,8,10,30,45,8,38.5,30,0.15,0,2.0.0,20261164
PH-003,2026-11-07,history,-23,Samstag,6,45,1,0,,Pflegehilfskraft,Pflegehilfskraft,PFLEGEHILFE,0.5,19.25,4620,4620,4158,5082,5,2,2,0,0,1,Pflegehilfskraft,0,0.0,-1020,26,24,3,3,0,4065,1,,,,,,0,,0,,4,3,3,1,1626,1,3,3,2,1,1423,1,2,2,2,0,1016,0,ST-GER1,Normalstation Geriatrie,40,Geriatrie,10.0,20.0,06:00,14:00,450,,13:30,21:30,450,F,21:15,06:15,495,F|S,11,10,8,10,30,45,8,38.5,30,0.15,0,2.0.0,20261164
PK-001,2026-11-07,history,-23,Samstag,6,45,1,0,,Stationsleitung,Pflegefachkraft,EXAM|LEITUNG|PRAXISANLEITUNG,1.0,38.5,9240,4620,4158,5082,5,2,2,0,0,1,Pflegefachkraft,1,0.5,4464,26,24,3,3,0,4065,1,,,,,,0,,0,,4,3,3,1,1626,1,3,3,2,1,1423,1,2,2,2,0,1016,0,ST-GER1,Normalstation Geriatrie,40,Geriatrie,10.0,20.0,06:00,14:00,450,,13:30,21:30,450,F,21:15,06:15,495,F|S,11,10,8,10,30,45,8,38.5,30,0.15,0,2.0.0,20261164
PK-002,2026-11-07,history,-23,Samstag,6,45,1,0,,Pflegefachkraft,Pflegefachkraft,EXAM|KARDIO_MONITORING,1.0,38.5,9240,9240,8316,10164,5,2,2,8,1,1,Pflegefachkraft,0,0.0,-2310,26,24,3,3,0,4065,1,,,,,,0,,0,,4,3,3,1,1626,1,3,3,2,1,1423,1,2,2,2,0,1016,0,ST-GER1,Normalstation Geriatrie,40,Geriatrie,10.0,20.0,06:00,14:00,450,,13:30,21:30,450,F,21:15,06:15,495,F|S,11,10,8,10,30,45,8,38.5,30,0.15,0,2.0.0,20261164
PK-003,2026-11-07,history,-23,Samstag,6,45,1,0,,Pflegefachkraft,Pflegefachkraft,EXAM|PRAXISANLEITUNG|KARDIO_MONITORING,1.0,38.5,9240,9240,8316,10164,5,2,2,8,1,1,Pflegefachkraft,0,0.0,-2265,26,24,3,3,0,4065,1,,,,,,0,,0,,4,3,3,1,1626,1,3,3,2,1,1423,1,2,2,2,0,1016,0,ST-GER1,Normalstation Geriatrie,40,Geriatrie,10.0,20.0,06:00,14:00,450,,13:30,21:30,450,F,21:15,06:15,495,F|S,11,10,8,10,30,45,8,38.5,30,0.15,0,2.0.0,20261164
PK-004,2026-11-07,history,-23,Samstag,6,45,1,0,,Pflegefachkraft,Pflegefachkraft,EXAM,0.7,26.95,6468,6468,5821,7115,5,2,2,8,1,1,Pflegefachkraft,0,0.0,-1518,26,24,3,3,0,4065,1,,,,,S,0,,0,,4,3,3,1,1626,1,3,3,2,1,1423,1,2,2,2,0,1016,0,ST-GER1,Normalstation Geriatrie,40,Geriatrie,10.0,20.0,06:00,14:00,450,,13:30,21:30,450,F,21:15,06:15,495,F|S,11,10,8,10,30,45,8,38.5,30,0.15,0,2.0.0,20261164
PK-005,2026-11-07,history,-23,Samstag,6,45,1,0,,Pflegefachkraft,Pflegefachkraft,EXAM|PRAXISANLEITUNG,1.0,38.5,9240,9240,8316,10164,5,2,2,8,1,1,Pflegefachkraft,0,0.0,-2400,26,24,3,3,0,4065,1,,,,,,0,,0,,4,3,3,1,1626,1,3,3,2,1,1423,1,2,2,2,0,1016,0,ST-GER1,Normalstation Geriatrie,40,Geriatrie,10.0,20.0,06:00,14:00,450,,13:30,21:30,450,F,21:15,06:15,495,F|S,11,10,8,10,30,45,8,38.5,30,0.15,0,2.0.0,20261164
PK-006,2026-11-07,history,-23,Samstag,6,45,1,0,,Pflegefachkraft,Pflegefachkraft,EXAM|KARDIO_MONITORING,0.6,23.1,5544,5544,4990,6098,5,2,2,8,1,1,Pflegefachkraft,0,0.0,536,26,24,3,3,0,4065,1,,,,,,0,,0,,4,3,3,1,1626,1,3,3,2,1,1423,1,2,2,2,0,1016,0,ST-GER1,Normalstation Geriatrie,40,Geriatrie,10.0,20.0,06:00,14:00,450,,13:30,21:30,450,F,21:15,06:15,495,F|S,11,10,8,10,30,45,8,38.5,30,0.15,0,2.0.0,20261164
PK-007,2026-11-07,history,-23,Samstag,6,45,1,0,,Pflegefachkraft,Pflegefachkraft,EXAM|PRAXISANLEITUNG|KARDIO_MONITORING,0.75,28.88,6931,6931,6238,7624,5,2,2,8,1,1,Pflegefachkraft,0,0.0,716,26,24,3,3,0,4065,0,URLAUB,,,,,0,,0,,4,3,3,1,1626,1,3,3,2,1,1423,1,2,2,2,0,1016,0,ST-GER1,Normalstation Geriatrie,40,Geriatrie,10.0,20.0,06:00,14:00,450,,13:30,21:30,450,F,21:15,06:15,495,F|S,11,10,8,10,30,45,8,38.5,30,0.15,0,2.0.0,20261164
PK-008,2026-11-07,history,-23,Samstag,6,45,1,0,,Pflegefachkraft,Pflegefachkraft,EXAM,1.0,38.5,9240,9240,8316,10164,5,2,2,8,1,1,Pflegefachkraft,0,0.0,-2580,26,24,3,3,0,4065,1,,,,,,0,,0,,4,3,3,1,1626,1,3,3,2,1,1423,1,2,2,2,0,1016,0,ST-GER1,Normalstation Geriatrie,40,Geriatrie,10.0,20.0,06:00,14:00,450,,13:30,21:30,450,F,21:15,06:15,495,F|S,11,10,8,10,30,45,8,38.5,30,0.15,0,2.0.0,20261164
PK-009,2026-11-07,history,-23,Samstag,6,45,1,0,,Pflegefachkraft,Pflegefachkraft,EXAM,1.0,38.5,9240,9240,8316,10164,5,2,2,8,1,1,Pflegefachkraft,0,0.0,-2130,26,24,3,3,0,4065,1,,,,,N,0,,0,,4,3,3,1,1626,1,3,3,2,1,1423,1,2,2,2,0,1016,0,ST-GER1,Normalstation Geriatrie,40,Geriatrie,10.0,20.0,06:00,14:00,450,,13:30,21:30,450,F,21:15,06:15,495,F|S,11,10,8,10,30,45,8,38.5,30,0.15,0,2.0.0,20261164
PK-010,2026-11-07,history,-23,Samstag,6,45,1,0,,Pflegefachkraft,Pflegefachkraft,EXAM,0.6,23.1,5544,5544,4990,6098,5,2,2,8,1,1,Pflegefachkraft,0,0.0,-1404,26,24,3,3,0,4065,1,,,,,,0,,0,,4,3,3,1,1626,1,3,3,2,1,1423,1,2,2,2,0,1016,0,ST-GER1,Normalstation Geriatrie,40,Geriatrie,10.0,20.0,06:00,14:00,450,,13:30,21:30,450,F,21:15,06:15,495,F|S,11,10,8,10,30,45,8,38.5,30,0.15,0,2.0.0,20261164
PK-011,2026-11-07,history,-23,Samstag,6,45,1,0,,Pflegefachkraft,Pflegefachkraft,EXAM,1.0,38.5,9240,9240,8316,10164,5,2,2,8,1,1,Pflegefachkraft,0,0.0,-2130,26,24,3,3,0,4065,1,,,,,N,0,,0,,4,3,3,1,1626,1,3,3,2,1,1423,1,2,2,2,0,1016,0,ST-GER1,Normalstation Geriatrie,40,Geriatrie,10.0,20.0,06:00,14:00,450,,13:30,21:30,450,F,21:15,06:15,495,F|S,11,10,8,10,30,45,8,38.5,30,0.15,0,2.0.0,20261164
PK-012,2026-11-07,history,-23,Samstag,6,45,1,0,,Pflegefachkraft,Pflegefachkraft,EXAM|KARDIO_MONITORING,1.0,38.5,9240,9240,8316,10164,5,2,2,8,1,1,Pflegefachkraft,0,0.0,-2265,26,24,3,3,0,4065,1,,,,,,0,,0,,4,3,3,1,1626,1,3,3,2,1,1423,1,2,2,2,0,1016,0,ST-GER1,Normalstation Geriatrie,40,Geriatrie,10.0,20.0,06:00,14:00,450,,13:30,21:30,450,F,21:15,06:15,495,F|S,11,10,8,10,30,45,8,38.5,30,0.15,0,2.0.0,20261164
PK-013,2026-11-07,history,-23,Samstag,6,45,1,0,,Pflegefachkraft,Pflegefachkraft,EXAM,1.0,38.5,9240,9240,8316,10164,5,2,2,8,1,1,Pflegefachkraft,0,0.0,-2310,26,24,3,3,0,4065,1,,,,,,0,,0,,4,3,3,1,1626,1,3,3,2,1,1423,1,2,2,2,0,1016,0,ST-GER1,Normalstation Geriatrie,40,Geriatrie,10.0,20.0,06:00,14:00,450,,13:30,21:30,450,F,21:15,06:15,495,F|S,11,10,8,10,30,45,8,38.5,30,0.15,0,2.0.0,20261164
PK-014,2026-11-07,history,-23,Samstag,6,45,1,0,,Pflegefachkraft,Pflegefachkraft,EXAM,0.8,30.8,7392,7392,6653,8131,5,2,2,8,1,1,Pflegefachkraft,0,0.0,-1542,26,24,3,3,0,4065,1,,,,,F,0,,0,,4,3,3,1,1626,1,3,3,2,1,1423,1,2,2,2,0,1016,0,ST-GER1,Normalstation Geriatrie,40,Geriatrie,10.0,20.0,06:00,14:00,450,,13:30,21:30,450,F,21:15,06:15,495,F|S,11,10,8,10,30,45,8,38.5,30,0.15,0,2.0.0,20261164
PK-015,2026-11-07,history,-23,Samstag,6,45,1,0,,Pflegefachkraft,Pflegefachkraft,EXAM,0.6,23.1,5544,5544,4990,6098,5,2,2,8,1,1,Pflegefachkraft,0,0.0,-1404,26,24,3,3,0,4065,1,,,,,,0,,0,,4,3,3,1,1626,1,3,3,2,1,1423,1,2,2,2,0,1016,0,ST-GER1,Normalstation Geriatrie,40,Geriatrie,10.0,20.0,06:00,14:00,450,,13:30,21:30,450,F,21:15,06:15,495,F|S,11,10,8,10,30,45,8,38.5,30,0.15,0,2.0.0,20261164
PK-016,2026-11-07,history,-23,Samstag,6,45,1,0,,Pflegefachkraft,Pflegefachkraft,EXAM,0.75,28.88,6931,6931,6238,7624,5,2,2,8,1,1,Pflegefachkraft,0,0.0,-1485,26,24,3,3,0,4065,1,,,,,F,0,,0,,4,3,3,1,1626,1,3,3,2,1,1423,1,2,2,2,0,1016,0,ST-GER1,Normalstation Geriatrie,40,Geriatrie,10.0,20.0,06:00,14:00,450,,13:30,21:30,450,F,21:15,06:15,495,F|S,11,10,8,10,30,45,8,38.5,30,0.15,0,2.0.0,20261164
PK-017,2026-11-07,history,-23,Samstag,6,45,1,0,,Pflegefachkraft,Pflegefachkraft,EXAM,0.7,26.95,6468,6468,5821,7115,5,2,2,8,1,1,Pflegefachkraft,0,0.0,-1473,26,24,3,3,0,4065,1,,,,,S,0,,0,,4,3,3,1,1626,1,3,3,2,1,1423,1,2,2,2,0,1016,0,ST-GER1,Normalstation Geriatrie,40,Geriatrie,10.0,20.0,06:00,14:00,450,,13:30,21:30,450,F,21:15,06:15,495,F|S,11,10,8,10,30,45,8,38.5,30,0.15,0,2.0.0,20261164
PK-018,2026-11-07,history,-23,Samstag,6,45,1,0,,Pflegefachkraft,Pflegefachkraft,EXAM|PRAXISANLEITUNG|KARDIO_MONITORING,0.9,34.65,8316,8316,7484,9148,5,2,2,8,1,1,Pflegefachkraft,0,0.0,-1971,26,24,3,3,0,4065,1,,,,,,0,,0,,4,3,3,1,1626,1,3,3,2,1,1423,1,2,2,2,0,1016,0,ST-GER1,Normalstation Geriatrie,40,Geriatrie,10.0,20.0,06:00,14:00,450,,13:30,21:30,450,F,21:15,06:15,495,F|S,11,10,8,10,30,45,8,38.5,30,0.15,0,2.0.0,20261164
PK-019,2026-11-07,history,-23,Samstag,6,45,1,0,,Pflegefachkraft,Pflegefachkraft,EXAM,0.8,30.8,7392,7392,6653,8131,5,2,2,8,1,1,Pflegefachkraft,0,0.0,-1902,26,24,3,3,0,4065,1,,,,,F,0,,0,,4,3,3,1,1626,1,3,3,2,1,1423,1,2,2,2,0,1016,0,ST-GER1,Normalstation Geriatrie,40,Geriatrie,10.0,20.0,06:00,14:00,450,,13:30,21:30,450,F,21:15,06:15,495,F|S,11,10,8,10,30,45,8,38.5,30,0.15,0,2.0.0,20261164
PK-020,2026-11-07,history,-23,Samstag,6,45,1,0,,Pflegefachkraft,Pflegefachkraft,EXAM|KARDIO_MONITORING,0.5,19.25,4620,4620,4158,5082,5,2,2,8,1,1,Pflegefachkraft,0,0.0,-930,26,24,3,3,0,4065,1,,,,,,0,,0,,4,3,3,1,1626,1,3,3,2,1,1423,1,2,2,2,0,1016,0,ST-GER1,Normalstation Geriatrie,40,Geriatrie,10.0,20.0,06:00,14:00,450,,13:30,21:30,450,F,21:15,06:15,495,F|S,11,10,8,10,30,45,8,38.5,30,0.15,0,2.0.0,20261164
PK-021,2026-11-07,history,-23,Samstag,6,45,1,0,,Pflegefachkraft,Pflegefachkraft,EXAM,0.8,30.8,7392,7392,6653,8131,5,2,2,8,1,1,Pflegefachkraft,0,0.0,-1722,26,24,3,3,0,4065,1,,,,,,0,,0,,4,3,3,1,1626,1,3,3,2,1,1423,1,2,2,2,0,1016,0,ST-GER1,Normalstation Geriatrie,40,Geriatrie,10.0,20.0,06:00,14:00,450,,13:30,21:30,450,F,21:15,06:15,495,F|S,11,10,8,10,30,45,8,38.5,30,0.15,0,2.0.0,20261164
PK-022,2026-11-07,history,-23,Samstag,6,45,1,0,,Pflegefachkraft,Pflegefachkraft,EXAM|PRAXISANLEITUNG|KARDIO_MONITORING,0.5,19.25,4620,4620,4158,5082,5,2,2,8,1,1,Pflegefachkraft,0,0.0,-930,26,24,3,3,0,4065,1,,,,,,0,,0,,4,3,3,1,1626,1,3,3,2,1,1423,1,2,2,2,0,1016,0,ST-GER1,Normalstation Geriatrie,40,Geriatrie,10.0,20.0,06:00,14:00,450,,13:30,21:30,450,F,21:15,06:15,495,F|S,11,10,8,10,30,45,8,38.5,30,0.15,0,2.0.0,20261164
AZ-001,2026-11-08,history,-22,Sonntag,7,45,1,0,,Auszubildende_r_3_Ausbildungsjahr,Auszubildende,AUSZUBILDEND,1.0,38.5,9240,9240,8316,10164,5,2,2,8,1,0,nicht anrechenbar,0,0.0,-9240,26,26,5,2,1,4326,1,,,,,,0,,0,,4,3,3,1,1730,1,3,3,2,1,1514,1,2,2,2,0,1082,0,ST-GER1,Normalstation Geriatrie,40,Geriatrie,10.0,20.0,06:00,14:00,450,,13:30,21:30,450,F,21:15,06:15,495,F|S,11,10,8,10,30,45,8,38.5,30,0.15,0,2.0.0,20261164
AZ-002,2026-11-08,history,-22,Sonntag,7,45,1,0,,Auszubildende_r_2_Ausbildungsjahr,Auszubildende,AUSZUBILDEND,1.0,38.5,9240,9240,8316,10164,5,2,2,8,1,0,nicht anrechenbar,0,0.0,-9240,26,26,5,2,1,4326,1,,,,,,0,,0,,4,3,3,1,1730,1,3,3,2,1,1514,1,2,2,2,0,1082,0,ST-GER1,Normalstation Geriatrie,40,Geriatrie,10.0,20.0,06:00,14:00,450,,13:30,21:30,450,F,21:15,06:15,495,F|S,11,10,8,10,30,45,8,38.5,30,0.15,0,2.0.0,20261164
AZ-003,2026-11-08,history,-22,Sonntag,7,45,1,0,,Auszubildende_r_1_Ausbildungsjahr,Auszubildende,AUSZUBILDEND,1.0,38.5,9240,9240,8316,10164,5,2,2,0,0,0,nicht anrechenbar,0,0.0,-9240,26,26,5,2,1,4326,1,,,,,,0,,0,,4,3,3,1,1730,1,3,3,2,1,1514,1,2,2,2,0,1082,0,ST-GER1,Normalstation Geriatrie,40,Geriatrie,10.0,20.0,06:00,14:00,450,,13:30,21:30,450,F,21:15,06:15,495,F|S,11,10,8,10,30,45,8,38.5,30,0.15,0,2.0.0,20261164
PH-001,2026-11-08,history,-22,Sonntag,7,45,1,0,,Pflegehilfskraft,Pflegehilfskraft,PFLEGEHILFE,0.75,28.88,6931,6931,6238,7624,5,2,2,0,0,1,Pflegehilfskraft,0,0.0,-1530,26,26,5,2,1,4326,1,,,,,,0,,0,,4,3,3,1,1730,1,3,3,2,1,1514,1,2,2,2,0,1082,0,ST-GER1,Normalstation Geriatrie,40,Geriatrie,10.0,20.0,06:00,14:00,450,,13:30,21:30,450,F,21:15,06:15,495,F|S,11,10,8,10,30,45,8,38.5,30,0.15,0,2.0.0,20261164
PH-002,2026-11-08,history,-22,Sonntag,7,45,1,0,,Pflegehilfskraft,Pflegehilfskraft,PFLEGEHILFE,0.75,28.88,6931,6931,6238,7624,5,2,2,0,0,1,Pflegehilfskraft,0,0.0,-1530,26,26,5,2,1,4326,1,,,,,,0,,0,,4,3,3,1,1730,1,3,3,2,1,1514,1,2,2,2,0,1082,0,ST-GER1,Normalstation Geriatrie,40,Geriatrie,10.0,20.0,06:00,14:00,450,,13:30,21:30,450,F,21:15,06:15,495,F|S,11,10,8,10,30,45,8,38.5,30,0.15,0,2.0.0,20261164
PH-003,2026-11-08,history,-22,Sonntag,7,45,1,0,,Pflegehilfskraft,Pflegehilfskraft,PFLEGEHILFE,0.5,19.25,4620,4620,4158,5082,5,2,2,0,0,1,Pflegehilfskraft,0,0.0,-1020,26,26,5,2,1,4326,1,,,,,,0,,0,,4,3,3,1,1730,1,3,3,2,1,1514,1,2,2,2,0,1082,0,ST-GER1,Normalstation Geriatrie,40,Geriatrie,10.0,20.0,06:00,14:00,450,,13:30,21:30,450,F,21:15,06:15,495,F|S,11,10,8,10,30,45,8,38.5,30,0.15,0,2.0.0,20261164
PK-001,2026-11-08,history,-22,Sonntag,7,45,1,0,,Stationsleitung,Pflegefachkraft,EXAM|LEITUNG|PRAXISANLEITUNG,1.0,38.5,9240,4620,4158,5082,5,2,2,0,0,1,Pflegefachkraft,1,0.5,4464,26,26,5,2,1,4326,1,,,,,F,0,,0,,4,3,3,1,1730,1,3,3,2,1,1514,1,2,2,2,0,1082,0,ST-GER1,Normalstation Geriatrie,40,Geriatrie,10.0,20.0,06:00,14:00,450,,13:30,21:30,450,F,21:15,06:15,495,F|S,11,10,8,10,30,45,8,38.5,30,0.15,0,2.0.0,20261164
PK-002,2026-11-08,history,-22,Sonntag,7,45,1,0,,Pflegefachkraft,Pflegefachkraft,EXAM|KARDIO_MONITORING,1.0,38.5,9240,9240,8316,10164,5,2,2,8,1,1,Pflegefachkraft,0,0.0,-2310,26,26,5,2,1,4326,1,,,,,F,0,,0,,4,3,3,1,1730,1,3,3,2,1,1514,1,2,2,2,0,1082,0,ST-GER1,Normalstation Geriatrie,40,Geriatrie,10.0,20.0,06:00,14:00,450,,13:30,21:30,450,F,21:15,06:15,495,F|S,11,10,8,10,30,45,8,38.5,30,0.15,0,2.0.0,20261164
PK-003,2026-11-08,history,-22,Sonntag,7,45,1,0,,Pflegefachkraft,Pflegefachkraft,EXAM|PRAXISANLEITUNG|KARDIO_MONITORING,1.0,38.5,9240,9240,8316,10164,5,2,2,8,1,1,Pflegefachkraft,0,0.0,-2265,26,26,5,2,1,4326,1,,,,,F,0,,0,,4,3,3,1,1730,1,3,3,2,1,1514,1,2,2,2,0,1082,0,ST-GER1,Normalstation Geriatrie,40,Geriatrie,10.0,20.0,06:00,14:00,450,,13:30,21:30,450,F,21:15,06:15,495,F|S,11,10,8,10,30,45,8,38.5,30,0.15,0,2.0.0,20261164
PK-004,2026-11-08,history,-22,Sonntag,7,45,1,0,,Pflegefachkraft,Pflegefachkraft,EXAM,0.7,26.95,6468,6468,5821,7115,5,2,2,8,1,1,Pflegefachkraft,0,0.0,-1518,26,26,5,2,1,4326,1,,,,,,0,,0,,4,3,3,1,1730,1,3,3,2,1,1514,1,2,2,2,0,1082,0,ST-GER1,Normalstation Geriatrie,40,Geriatrie,10.0,20.0,06:00,14:00,450,,13:30,21:30,450,F,21:15,06:15,495,F|S,11,10,8,10,30,45,8,38.5,30,0.15,0,2.0.0,20261164
PK-005,2026-11-08,history,-22,Sonntag,7,45,1,0,,Pflegefachkraft,Pflegefachkraft,EXAM|PRAXISANLEITUNG,1.0,38.5,9240,9240,8316,10164,5,2,2,8,1,1,Pflegefachkraft,0,0.0,-2400,26,26,5,2,1,4326,1,,,,,S,0,,0,,4,3,3,1,1730,1,3,3,2,1,1514,1,2,2,2,0,1082,0,ST-GER1,Normalstation Geriatrie,40,Geriatrie,10.0,20.0,06:00,14:00,450,,13:30,21:30,450,F,21:15,06:15,495,F|S,11,10,8,10,30,45,8,38.5,30,0.15,0,2.0.0,20261164
PK-006,2026-11-08,history,-22,Sonntag,7,45,1,0,,Pflegefachkraft,Pflegefachkraft,EXAM|KARDIO_MONITORING,0.6,23.1,5544,5544,4990,6098,5,2,2,8,1,1,Pflegefachkraft,0,0.0,536,26,26,5,2,1,4326,1,,,,,S,0,,0,,4,3,3,1,1730,1,3,3,2,1,1514,1,2,2,2,0,1082,0,ST-GER1,Normalstation Geriatrie,40,Geriatrie,10.0,20.0,06:00,14:00,450,,13:30,21:30,450,F,21:15,06:15,495,F|S,11,10,8,10,30,45,8,38.5,30,0.15,0,2.0.0,20261164
PK-007,2026-11-08,history,-22,Sonntag,7,45,1,0,,Pflegefachkraft,Pflegefachkraft,EXAM|PRAXISANLEITUNG|KARDIO_MONITORING,0.75,28.88,6931,6931,6238,7624,5,2,2,8,1,1,Pflegefachkraft,0,0.0,716,26,26,5,2,1,4326,0,URLAUB,,,,,0,,0,,4,3,3,1,1730,1,3,3,2,1,1514,1,2,2,2,0,1082,0,ST-GER1,Normalstation Geriatrie,40,Geriatrie,10.0,20.0,06:00,14:00,450,,13:30,21:30,450,F,21:15,06:15,495,F|S,11,10,8,10,30,45,8,38.5,30,0.15,0,2.0.0,20261164
PK-008,2026-11-08,history,-22,Sonntag,7,45,1,0,,Pflegefachkraft,Pflegefachkraft,EXAM,1.0,38.5,9240,9240,8316,10164,5,2,2,8,1,1,Pflegefachkraft,0,0.0,-2580,26,26,5,2,1,4326,1,,,,,S,0,,0,,4,3,3,1,1730,1,3,3,2,1,1514,1,2,2,2,0,1082,0,ST-GER1,Normalstation Geriatrie,40,Geriatrie,10.0,20.0,06:00,14:00,450,,13:30,21:30,450,F,21:15,06:15,495,F|S,11,10,8,10,30,45,8,38.5,30,0.15,0,2.0.0,20261164
PK-009,2026-11-08,history,-22,Sonntag,7,45,1,0,,Pflegefachkraft,Pflegefachkraft,EXAM,1.0,38.5,9240,9240,8316,10164,5,2,2,8,1,1,Pflegefachkraft,0,0.0,-2130,26,26,5,2,1,4326,1,,,,,,0,,0,,4,3,3,1,1730,1,3,3,2,1,1514,1,2,2,2,0,1082,0,ST-GER1,Normalstation Geriatrie,40,Geriatrie,10.0,20.0,06:00,14:00,450,,13:30,21:30,450,F,21:15,06:15,495,F|S,11,10,8,10,30,45,8,38.5,30,0.15,0,2.0.0,20261164
PK-010,2026-11-08,history,-22,Sonntag,7,45,1,0,,Pflegefachkraft,Pflegefachkraft,EXAM,0.6,23.1,5544,5544,4990,6098,5,2,2,8,1,1,Pflegefachkraft,0,0.0,-1404,26,26,5,2,1,4326,1,,,,,,0,,0,,4,3,3,1,1730,1,3,3,2,1,1514,1,2,2,2,0,1082,0,ST-GER1,Normalstation Geriatrie,40,Geriatrie,10.0,20.0,06:00,14:00,450,,13:30,21:30,450,F,21:15,06:15,495,F|S,11,10,8,10,30,45,8,38.5,30,0.15,0,2.0.0,20261164
PK-011,2026-11-08,history,-22,Sonntag,7,45,1,0,,Pflegefachkraft,Pflegefachkraft,EXAM,1.0,38.5,9240,9240,8316,10164,5,2,2,8,1,1,Pflegefachkraft,0,0.0,-2130,26,26,5,2,1,4326,1,,,,,,0,,0,,4,3,3,1,1730,1,3,3,2,1,1514,1,2,2,2,0,1082,0,ST-GER1,Normalstation Geriatrie,40,Geriatrie,10.0,20.0,06:00,14:00,450,,13:30,21:30,450,F,21:15,06:15,495,F|S,11,10,8,10,30,45,8,38.5,30,0.15,0,2.0.0,20261164
PK-012,2026-11-08,history,-22,Sonntag,7,45,1,0,,Pflegefachkraft,Pflegefachkraft,EXAM|KARDIO_MONITORING,1.0,38.5,9240,9240,8316,10164,5,2,2,8,1,1,Pflegefachkraft,0,0.0,-2265,26,26,5,2,1,4326,1,,,,,N,0,,0,,4,3,3,1,1730,1,3,3,2,1,1514,1,2,2,2,0,1082,0,ST-GER1,Normalstation Geriatrie,40,Geriatrie,10.0,20.0,06:00,14:00,450,,13:30,21:30,450,F,21:15,06:15,495,F|S,11,10,8,10,30,45,8,38.5,30,0.15,0,2.0.0,20261164
PK-013,2026-11-08,history,-22,Sonntag,7,45,1,0,,Pflegefachkraft,Pflegefachkraft,EXAM,1.0,38.5,9240,9240,8316,10164,5,2,2,8,1,1,Pflegefachkraft,0,0.0,-2310,26,26,5,2,1,4326,1,,,,,F,0,,0,,4,3,3,1,1730,1,3,3,2,1,1514,1,2,2,2,0,1082,0,ST-GER1,Normalstation Geriatrie,40,Geriatrie,10.0,20.0,06:00,14:00,450,,13:30,21:30,450,F,21:15,06:15,495,F|S,11,10,8,10,30,45,8,38.5,30,0.15,0,2.0.0,20261164
PK-014,2026-11-08,history,-22,Sonntag,7,45,1,0,,Pflegefachkraft,Pflegefachkraft,EXAM,0.8,30.8,7392,7392,6653,8131,5,2,2,8,1,1,Pflegefachkraft,0,0.0,-1542,26,26,5,2,1,4326,1,,,,,,0,,0,,4,3,3,1,1730,1,3,3,2,1,1514,1,2,2,2,0,1082,0,ST-GER1,Normalstation Geriatrie,40,Geriatrie,10.0,20.0,06:00,14:00,450,,13:30,21:30,450,F,21:15,06:15,495,F|S,11,10,8,10,30,45,8,38.5,30,0.15,0,2.0.0,20261164
PK-015,2026-11-08,history,-22,Sonntag,7,45,1,0,,Pflegefachkraft,Pflegefachkraft,EXAM,0.6,23.1,5544,5544,4990,6098,5,2,2,8,1,1,Pflegefachkraft,0,0.0,-1404,26,26,5,2,1,4326,1,,,,,,0,,0,,4,3,3,1,1730,1,3,3,2,1,1514,1,2,2,2,0,1082,0,ST-GER1,Normalstation Geriatrie,40,Geriatrie,10.0,20.0,06:00,14:00,450,,13:30,21:30,450,F,21:15,06:15,495,F|S,11,10,8,10,30,45,8,38.5,30,0.15,0,2.0.0,20261164
PK-016,2026-11-08,history,-22,Sonntag,7,45,1,0,,Pflegefachkraft,Pflegefachkraft,EXAM,0.75,28.88,6931,6931,6238,7624,5,2,2,8,1,1,Pflegefachkraft,0,0.0,-1485,26,26,5,2,1,4326,1,,,,,,0,,0,,4,3,3,1,1730,1,3,3,2,1,1514,1,2,2,2,0,1082,0,ST-GER1,Normalstation Geriatrie,40,Geriatrie,10.0,20.0,06:00,14:00,450,,13:30,21:30,450,F,21:15,06:15,495,F|S,11,10,8,10,30,45,8,38.5,30,0.15,0,2.0.0,20261164
PK-017,2026-11-08,history,-22,Sonntag,7,45,1,0,,Pflegefachkraft,Pflegefachkraft,EXAM,0.7,26.95,6468,6468,5821,7115,5,2,2,8,1,1,Pflegefachkraft,0,0.0,-1473,26,26,5,2,1,4326,1,,,,,,0,,0,,4,3,3,1,1730,1,3,3,2,1,1514,1,2,2,2,0,1082,0,ST-GER1,Normalstation Geriatrie,40,Geriatrie,10.0,20.0,06:00,14:00,450,,13:30,21:30,450,F,21:15,06:15,495,F|S,11,10,8,10,30,45,8,38.5,30,0.15,0,2.0.0,20261164
PK-018,2026-11-08,history,-22,Sonntag,7,45,1,0,,Pflegefachkraft,Pflegefachkraft,EXAM|PRAXISANLEITUNG|KARDIO_MONITORING,0.9,34.65,8316,8316,7484,9148,5,2,2,8,1,1,Pflegefachkraft,0,0.0,-1971,26,26,5,2,1,4326,1,,,,,,0,,0,,4,3,3,1,1730,1,3,3,2,1,1514,1,2,2,2,0,1082,0,ST-GER1,Normalstation Geriatrie,40,Geriatrie,10.0,20.0,06:00,14:00,450,,13:30,21:30,450,F,21:15,06:15,495,F|S,11,10,8,10,30,45,8,38.5,30,0.15,0,2.0.0,20261164
PK-019,2026-11-08,history,-22,Sonntag,7,45,1,0,,Pflegefachkraft,Pflegefachkraft,EXAM,0.8,30.8,7392,7392,6653,8131,5,2,2,8,1,1,Pflegefachkraft,0,0.0,-1902,26,26,5,2,1,4326,1,,,,,,0,,0,,4,3,3,1,1730,1,3,3,2,1,1514,1,2,2,2,0,1082,0,ST-GER1,Normalstation Geriatrie,40,Geriatrie,10.0,20.0,06:00,14:00,450,,13:30,21:30,450,F,21:15,06:15,495,F|S,11,10,8,10,30,45,8,38.5,30,0.15,0,2.0.0,20261164
PK-020,2026-11-08,history,-22,Sonntag,7,45,1,0,,Pflegefachkraft,Pflegefachkraft,EXAM|KARDIO_MONITORING,0.5,19.25,4620,4620,4158,5082,5,2,2,8,1,1,Pflegefachkraft,0,0.0,-930,26,26,5,2,1,4326,1,,,,,,0,,0,,4,3,3,1,1730,1,3,3,2,1,1514,1,2,2,2,0,1082,0,ST-GER1,Normalstation Geriatrie,40,Geriatrie,10.0,20.0,06:00,14:00,450,,13:30,21:30,450,F,21:15,06:15,495,F|S,11,10,8,10,30,45,8,38.5,30,0.15,0,2.0.0,20261164
PK-021,2026-11-08,history,-22,Sonntag,7,45,1,0,,Pflegefachkraft,Pflegefachkraft,EXAM,0.8,30.8,7392,7392,6653,8131,5,2,2,8,1,1,Pflegefachkraft,0,0.0,-1722,26,26,5,2,1,4326,1,,,,,N,0,,0,,4,3,3,1,1730,1,3,3,2,1,1514,1,2,2,2,0,1082,0,ST-GER1,Normalstation Geriatrie,40,Geriatrie,10.0,20.0,06:00,14:00,450,,13:30,21:30,450,F,21:15,06:15,495,F|S,11,10,8,10,30,45,8,38.5,30,0.15,0,2.0.0,20261164
PK-022,2026-11-08,history,-22,Sonntag,7,45,1,0,,Pflegefachkraft,Pflegefachkraft,EXAM|PRAXISANLEITUNG|KARDIO_MONITORING,0.5,19.25,4620,4620,4158,5082,5,2,2,8,1,1,Pflegefachkraft,0,0.0,-930,26,26,5,2,1,4326,1,,,,,,0,,0,,4,3,3,1,1730,1,3,3,2,1,1514,1,2,2,2,0,1082,0,ST-GER1,Normalstation Geriatrie,40,Geriatrie,10.0,20.0,06:00,14:00,450,,13:30,21:30,450,F,21:15,06:15,495,F|S,11,10,8,10,30,45,8,38.5,30,0.15,0,2.0.0,20261164
AZ-001,2026-11-09,history,-21,Montag,1,46,0,0,,Auszubildende_r_3_Ausbildungsjahr,Auszubildende,AUSZUBILDEND,1.0,38.5,9240,9240,8316,10164,5,2,2,8,1,0,nicht anrechenbar,0,0.0,-9240,29,28,3,7,3,5111,1,,,,,,0,,0,,5,3,4,1,2044,1,4,3,3,1,1789,1,3,2,3,0,1278,0,ST-GER1,Normalstation Geriatrie,40,Geriatrie,10.0,20.0,06:00,14:00,450,,13:30,21:30,450,F,21:15,06:15,495,F|S,11,10,8,10,30,45,8,38.5,30,0.15,0,2.0.0,20261164
AZ-002,2026-11-09,history,-21,Montag,1,46,0,0,,Auszubildende_r_2_Ausbildungsjahr,Auszubildende,AUSZUBILDEND,1.0,38.5,9240,9240,8316,10164,5,2,2,8,1,0,nicht anrechenbar,0,0.0,-9240,29,28,3,7,3,5111,1,,,,,,0,,0,,5,3,4,1,2044,1,4,3,3,1,1789,1,3,2,3,0,1278,0,ST-GER1,Normalstation Geriatrie,40,Geriatrie,10.0,20.0,06:00,14:00,450,,13:30,21:30,450,F,21:15,06:15,495,F|S,11,10,8,10,30,45,8,38.5,30,0.15,0,2.0.0,20261164
AZ-003,2026-11-09,history,-21,Montag,1,46,0,0,,Auszubildende_r_1_Ausbildungsjahr,Auszubildende,AUSZUBILDEND,1.0,38.5,9240,9240,8316,10164,5,2,2,0,0,0,nicht anrechenbar,0,0.0,-9240,29,28,3,7,3,5111,1,,,,,,0,,0,,5,3,4,1,2044,1,4,3,3,1,1789,1,3,2,3,0,1278,0,ST-GER1,Normalstation Geriatrie,40,Geriatrie,10.0,20.0,06:00,14:00,450,,13:30,21:30,450,F,21:15,06:15,495,F|S,11,10,8,10,30,45,8,38.5,30,0.15,0,2.0.0,20261164
PH-001,2026-11-09,history,-21,Montag,1,46,0,0,,Pflegehilfskraft,Pflegehilfskraft,PFLEGEHILFE,0.75,28.88,6931,6931,6238,7624,5,2,2,0,0,1,Pflegehilfskraft,0,0.0,-1530,29,28,3,7,3,5111,1,,,,,F,0,,0,,5,3,4,1,2044,1,4,3,3,1,1789,1,3,2,3,0,1278,0,ST-GER1,Normalstation Geriatrie,40,Geriatrie,10.0,20.0,06:00,14:00,450,,13:30,21:30,450,F,21:15,06:15,495,F|S,11,10,8,10,30,45,8,38.5,30,0.15,0,2.0.0,20261164
PH-002,2026-11-09,history,-21,Montag,1,46,0,0,,Pflegehilfskraft,Pflegehilfskraft,PFLEGEHILFE,0.75,28.88,6931,6931,6238,7624,5,2,2,0,0,1,Pflegehilfskraft,0,0.0,-1530,29,28,3,7,3,5111,1,,,,,S,0,,0,,5,3,4,1,2044,1,4,3,3,1,1789,1,3,2,3,0,1278,0,ST-GER1,Normalstation Geriatrie,40,Geriatrie,10.0,20.0,06:00,14:00,450,,13:30,21:30,450,F,21:15,06:15,495,F|S,11,10,8,10,30,45,8,38.5,30,0.15,0,2.0.0,20261164
PH-003,2026-11-09,history,-21,Montag,1,46,0,0,,Pflegehilfskraft,Pflegehilfskraft,PFLEGEHILFE,0.5,19.25,4620,4620,4158,5082,5,2,2,0,0,1,Pflegehilfskraft,0,0.0,-1020,29,28,3,7,3,5111,1,,,,,,0,,0,,5,3,4,1,2044,1,4,3,3,1,1789,1,3,2,3,0,1278,0,ST-GER1,Normalstation Geriatrie,40,Geriatrie,10.0,20.0,06:00,14:00,450,,13:30,21:30,450,F,21:15,06:15,495,F|S,11,10,8,10,30,45,8,38.5,30,0.15,0,2.0.0,20261164
PK-001,2026-11-09,history,-21,Montag,1,46,0,0,,Stationsleitung,Pflegefachkraft,EXAM|LEITUNG|PRAXISANLEITUNG,1.0,38.5,9240,4620,4158,5082,5,2,2,0,0,1,Pflegefachkraft,1,0.5,4464,29,28,3,7,3,5111,1,,,,,,0,,0,,5,3,4,1,2044,1,4,3,3,1,1789,1,3,2,3,0,1278,0,ST-GER1,Normalstation Geriatrie,40,Geriatrie,10.0,20.0,06:00,14:00,450,,13:30,21:30,450,F,21:15,06:15,495,F|S,11,10,8,10,30,45,8,38.5,30,0.15,0,2.0.0,20261164
PK-002,2026-11-09,history,-21,Montag,1,46,0,0,,Pflegefachkraft,Pflegefachkraft,EXAM|KARDIO_MONITORING,1.0,38.5,9240,9240,8316,10164,5,2,2,8,1,1,Pflegefachkraft,0,0.0,-2310,29,28,3,7,3,5111,1,,,,,S,0,,0,,5,3,4,1,2044,1,4,3,3,1,1789,1,3,2,3,0,1278,0,ST-GER1,Normalstation Geriatrie,40,Geriatrie,10.0,20.0,06:00,14:00,450,,13:30,21:30,450,F,21:15,06:15,495,F|S,11,10,8,10,30,45,8,38.5,30,0.15,0,2.0.0,20261164
PK-003,2026-11-09,history,-21,Montag,1,46,0,0,,Pflegefachkraft,Pflegefachkraft,EXAM|PRAXISANLEITUNG|KARDIO_MONITORING,1.0,38.5,9240,9240,8316,10164,5,2,2,8,1,1,Pflegefachkraft,0,0.0,-2265,29,28,3,7,3,5111,1,,,,,,0,,0,,5,3,4,1,2044,1,4,3,3,1,1789,1,3,2,3,0,1278,0,ST-GER1,Normalstation Geriatrie,40,Geriatrie,10.0,20.0,06:00,14:00,450,,13:30,21:30,450,F,21:15,06:15,495,F|S,11,10,8,10,30,45,8,38.5,30,0.15,0,2.0.0,20261164
PK-004,2026-11-09,history,-21,Montag,1,46,0,0,,Pflegefachkraft,Pflegefachkraft,EXAM,0.7,26.95,6468,6468,5821,7115,5,2,2,8,1,1,Pflegefachkraft,0,0.0,-1518,29,28,3,7,3,5111,1,,,,,,0,,0,,5,3,4,1,2044,1,4,3,3,1,1789,1,3,2,3,0,1278,0,ST-GER1,Normalstation Geriatrie,40,Geriatrie,10.0,20.0,06:00,14:00,450,,13:30,21:30,450,F,21:15,06:15,495,F|S,11,10,8,10,30,45,8,38.5,30,0.15,0,2.0.0,20261164
PK-005,2026-11-09,history,-21,Montag,1,46,0,0,,Pflegefachkraft,Pflegefachkraft,EXAM|PRAXISANLEITUNG,1.0,38.5,9240,9240,8316,10164,5,2,2,8,1,1,Pflegefachkraft,0,0.0,-2400,29,28,3,7,3,5111,1,,,,,,0,,0,,5,3,4,1,2044,1,4,3,3,1,1789,1,3,2,3,0,1278,0,ST-GER1,Normalstation Geriatrie,40,Geriatrie,10.0,20.0,06:00,14:00,450,,13:30,21:30,450,F,21:15,06:15,495,F|S,11,10,8,10,30,45,8,38.5,30,0.15,0,2.0.0,20261164
PK-006,2026-11-09,history,-21,Montag,1,46,0,0,,Pflegefachkraft,Pflegefachkraft,EXAM|KARDIO_MONITORING,0.6,23.1,5544,5544,4990,6098,5,2,2,8,1,1,Pflegefachkraft,0,0.0,536,29,28,3,7,3,5111,1,,,,,,0,,0,,5,3,4,1,2044,1,4,3,3,1,1789,1,3,2,3,0,1278,0,ST-GER1,Normalstation Geriatrie,40,Geriatrie,10.0,20.0,06:00,14:00,450,,13:30,21:30,450,F,21:15,06:15,495,F|S,11,10,8,10,30,45,8,38.5,30,0.15,0,2.0.0,20261164
PK-007,2026-11-09,history,-21,Montag,1,46,0,0,,Pflegefachkraft,Pflegefachkraft,EXAM|PRAXISANLEITUNG|KARDIO_MONITORING,0.75,28.88,6931,6931,6238,7624,5,2,2,8,1,1,Pflegefachkraft,0,0.0,716,29,28,3,7,3,5111,0,URLAUB,,,,,0,,0,,5,3,4,1,2044,1,4,3,3,1,1789,1,3,2,3,0,1278,0,ST-GER1,Normalstation Geriatrie,40,Geriatrie,10.0,20.0,06:00,14:00,450,,13:30,21:30,450,F,21:15,06:15,495,F|S,11,10,8,10,30,45,8,38.5,30,0.15,0,2.0.0,20261164
PK-008,2026-11-09,history,-21,Montag,1,46,0,0,,Pflegefachkraft,Pflegefachkraft,EXAM,1.0,38.5,9240,9240,8316,10164,5,2,2,8,1,1,Pflegefachkraft,0,0.0,-2580,29,28,3,7,3,5111,1,,,,,,0,,0,,5,3,4,1,2044,1,4,3,3,1,1789,1,3,2,3,0,1278,0,ST-GER1,Normalstation Geriatrie,40,Geriatrie,10.0,20.0,06:00,14:00,450,,13:30,21:30,450,F,21:15,06:15,495,F|S,11,10,8,10,30,45,8,38.5,30,0.15,0,2.0.0,20261164
PK-009,2026-11-09,history,-21,Montag,1,46,0,0,,Pflegefachkraft,Pflegefachkraft,EXAM,1.0,38.5,9240,9240,8316,10164,5,2,2,8,1,1,Pflegefachkraft,0,0.0,-2130,29,28,3,7,3,5111,1,,,,,N,0,,0,,5,3,4,1,2044,1,4,3,3,1,1789,1,3,2,3,0,1278,0,ST-GER1,Normalstation Geriatrie,40,Geriatrie,10.0,20.0,06:00,14:00,450,,13:30,21:30,450,F,21:15,06:15,495,F|S,11,10,8,10,30,45,8,38.5,30,0.15,0,2.0.0,20261164
PK-010,2026-11-09,history,-21,Montag,1,46,0,0,,Pflegefachkraft,Pflegefachkraft,EXAM,0.6,23.1,5544,5544,4990,6098,5,2,2,8,1,1,Pflegefachkraft,0,0.0,-1404,29,28,3,7,3,5111,1,,,,,F,0,,0,,5,3,4,1,2044,1,4,3,3,1,1789,1,3,2,3,0,1278,0,ST-GER1,Normalstation Geriatrie,40,Geriatrie,10.0,20.0,06:00,14:00,450,,13:30,21:30,450,F,21:15,06:15,495,F|S,11,10,8,10,30,45,8,38.5,30,0.15,0,2.0.0,20261164
PK-011,2026-11-09,history,-21,Montag,1,46,0,0,,Pflegefachkraft,Pflegefachkraft,EXAM,1.0,38.5,9240,9240,8316,10164,5,2,2,8,1,1,Pflegefachkraft,0,0.0,-2130,29,28,3,7,3,5111,1,,,,,N,0,,0,,5,3,4,1,2044,1,4,3,3,1,1789,1,3,2,3,0,1278,0,ST-GER1,Normalstation Geriatrie,40,Geriatrie,10.0,20.0,06:00,14:00,450,,13:30,21:30,450,F,21:15,06:15,495,F|S,11,10,8,10,30,45,8,38.5,30,0.15,0,2.0.0,20261164
PK-012,2026-11-09,history,-21,Montag,1,46,0,0,,Pflegefachkraft,Pflegefachkraft,EXAM|KARDIO_MONITORING,1.0,38.5,9240,9240,8316,10164,5,2,2,8,1,1,Pflegefachkraft,0,0.0,-2265,29,28,3,7,3,5111,1,,,,,,0,,0,,5,3,4,1,2044,1,4,3,3,1,1789,1,3,2,3,0,1278,0,ST-GER1,Normalstation Geriatrie,40,Geriatrie,10.0,20.0,06:00,14:00,450,,13:30,21:30,450,F,21:15,06:15,495,F|S,11,10,8,10,30,45,8,38.5,30,0.15,0,2.0.0,20261164
PK-013,2026-11-09,history,-21,Montag,1,46,0,0,,Pflegefachkraft,Pflegefachkraft,EXAM,1.0,38.5,9240,9240,8316,10164,5,2,2,8,1,1,Pflegefachkraft,0,0.0,-2310,29,28,3,7,3,5111,1,,,,,S,0,,0,,5,3,4,1,2044,1,4,3,3,1,1789,1,3,2,3,0,1278,0,ST-GER1,Normalstation Geriatrie,40,Geriatrie,10.0,20.0,06:00,14:00,450,,13:30,21:30,450,F,21:15,06:15,495,F|S,11,10,8,10,30,45,8,38.5,30,0.15,0,2.0.0,20261164
PK-014,2026-11-09,history,-21,Montag,1,46,0,0,,Pflegefachkraft,Pflegefachkraft,EXAM,0.8,30.8,7392,7392,6653,8131,5,2,2,8,1,1,Pflegefachkraft,0,0.0,-1542,29,28,3,7,3,5111,1,,,,,F,0,,0,,5,3,4,1,2044,1,4,3,3,1,1789,1,3,2,3,0,1278,0,ST-GER1,Normalstation Geriatrie,40,Geriatrie,10.0,20.0,06:00,14:00,450,,13:30,21:30,450,F,21:15,06:15,495,F|S,11,10,8,10,30,45,8,38.5,30,0.15,0,2.0.0,20261164
PK-015,2026-11-09,history,-21,Montag,1,46,0,0,,Pflegefachkraft,Pflegefachkraft,EXAM,0.6,23.1,5544,5544,4990,6098,5,2,2,8,1,1,Pflegefachkraft,0,0.0,-1404,29,28,3,7,3,5111,1,,,,,N,0,,0,,5,3,4,1,2044,1,4,3,3,1,1789,1,3,2,3,0,1278,0,ST-GER1,Normalstation Geriatrie,40,Geriatrie,10.0,20.0,06:00,14:00,450,,13:30,21:30,450,F,21:15,06:15,495,F|S,11,10,8,10,30,45,8,38.5,30,0.15,0,2.0.0,20261164
PK-016,2026-11-09,history,-21,Montag,1,46,0,0,,Pflegefachkraft,Pflegefachkraft,EXAM,0.75,28.88,6931,6931,6238,7624,5,2,2,8,1,1,Pflegefachkraft,0,0.0,-1485,29,28,3,7,3,5111,1,,,,,S,0,,0,,5,3,4,1,2044,1,4,3,3,1,1789,1,3,2,3,0,1278,0,ST-GER1,Normalstation Geriatrie,40,Geriatrie,10.0,20.0,06:00,14:00,450,,13:30,21:30,450,F,21:15,06:15,495,F|S,11,10,8,10,30,45,8,38.5,30,0.15,0,2.0.0,20261164
PK-017,2026-11-09,history,-21,Montag,1,46,0,0,,Pflegefachkraft,Pflegefachkraft,EXAM,0.7,26.95,6468,6468,5821,7115,5,2,2,8,1,1,Pflegefachkraft,0,0.0,-1473,29,28,3,7,3,5111,1,,,,,,0,,0,,5,3,4,1,2044,1,4,3,3,1,1789,1,3,2,3,0,1278,0,ST-GER1,Normalstation Geriatrie,40,Geriatrie,10.0,20.0,06:00,14:00,450,,13:30,21:30,450,F,21:15,06:15,495,F|S,11,10,8,10,30,45,8,38.5,30,0.15,0,2.0.0,20261164
PK-018,2026-11-09,history,-21,Montag,1,46,0,0,,Pflegefachkraft,Pflegefachkraft,EXAM|PRAXISANLEITUNG|KARDIO_MONITORING,0.9,34.65,8316,8316,7484,9148,5,2,2,8,1,1,Pflegefachkraft,0,0.0,-1971,29,28,3,7,3,5111,1,,,,,F,0,,0,,5,3,4,1,2044,1,4,3,3,1,1789,1,3,2,3,0,1278,0,ST-GER1,Normalstation Geriatrie,40,Geriatrie,10.0,20.0,06:00,14:00,450,,13:30,21:30,450,F,21:15,06:15,495,F|S,11,10,8,10,30,45,8,38.5,30,0.15,0,2.0.0,20261164
PK-019,2026-11-09,history,-21,Montag,1,46,0,0,,Pflegefachkraft,Pflegefachkraft,EXAM,0.8,30.8,7392,7392,6653,8131,5,2,2,8,1,1,Pflegefachkraft,0,0.0,-1902,29,28,3,7,3,5111,1,,,,,F,0,,0,,5,3,4,1,2044,1,4,3,3,1,1789,1,3,2,3,0,1278,0,ST-GER1,Normalstation Geriatrie,40,Geriatrie,10.0,20.0,06:00,14:00,450,,13:30,21:30,450,F,21:15,06:15,495,F|S,11,10,8,10,30,45,8,38.5,30,0.15,0,2.0.0,20261164
PK-020,2026-11-09,history,-21,Montag,1,46,0,0,,Pflegefachkraft,Pflegefachkraft,EXAM|KARDIO_MONITORING,0.5,19.25,4620,4620,4158,5082,5,2,2,8,1,1,Pflegefachkraft,0,0.0,-930,29,28,3,7,3,5111,1,,,,,,0,,0,,5,3,4,1,2044,1,4,3,3,1,1789,1,3,2,3,0,1278,0,ST-GER1,Normalstation Geriatrie,40,Geriatrie,10.0,20.0,06:00,14:00,450,,13:30,21:30,450,F,21:15,06:15,495,F|S,11,10,8,10,30,45,8,38.5,30,0.15,0,2.0.0,20261164
PK-021,2026-11-09,history,-21,Montag,1,46,0,0,,Pflegefachkraft,Pflegefachkraft,EXAM,0.8,30.8,7392,7392,6653,8131,5,2,2,8,1,1,Pflegefachkraft,0,0.0,-1722,29,28,3,7,3,5111,1,,,,,,0,,0,,5,3,4,1,2044,1,4,3,3,1,1789,1,3,2,3,0,1278,0,ST-GER1,Normalstation Geriatrie,40,Geriatrie,10.0,20.0,06:00,14:00,450,,13:30,21:30,450,F,21:15,06:15,495,F|S,11,10,8,10,30,45,8,38.5,30,0.15,0,2.0.0,20261164
PK-022,2026-11-09,history,-21,Montag,1,46,0,0,,Pflegefachkraft,Pflegefachkraft,EXAM|PRAXISANLEITUNG|KARDIO_MONITORING,0.5,19.25,4620,4620,4158,5082,5,2,2,8,1,1,Pflegefachkraft,0,0.0,-930,29,28,3,7,3,5111,1,,,,,,0,,0,,5,3,4,1,2044,1,4,3,3,1,1789,1,3,2,3,0,1278,0,ST-GER1,Normalstation Geriatrie,40,Geriatrie,10.0,20.0,06:00,14:00,450,,13:30,21:30,450,F,21:15,06:15,495,F|S,11,10,8,10,30,45,8,38.5,30,0.15,0,2.0.0,20261164
AZ-001,2026-11-10,history,-20,Dienstag,2,46,0,0,,Auszubildende_r_3_Ausbildungsjahr,Auszubildende,AUSZUBILDEND,1.0,38.5,9240,9240,8316,10164,5,2,2,8,1,0,nicht anrechenbar,0,0.0,-9240,29,27,4,4,0,4612,1,,,,,,0,,0,,4,3,3,1,1845,1,4,3,3,1,1614,1,2,2,2,0,1153,0,ST-GER1,Normalstation Geriatrie,40,Geriatrie,10.0,20.0,06:00,14:00,450,,13:30,21:30,450,F,21:15,06:15,495,F|S,11,10,8,10,30,45,8,38.5,30,0.15,0,2.0.0,20261164
AZ-002,2026-11-10,history,-20,Dienstag,2,46,0,0,,Auszubildende_r_2_Ausbildungsjahr,Auszubildende,AUSZUBILDEND,1.0,38.5,9240,9240,8316,10164,5,2,2,8,1,0,nicht anrechenbar,0,0.0,-9240,29,27,4,4,0,4612,1,,,,,,0,,0,,4,3,3,1,1845,1,4,3,3,1,1614,1,2,2,2,0,1153,0,ST-GER1,Normalstation Geriatrie,40,Geriatrie,10.0,20.0,06:00,14:00,450,,13:30,21:30,450,F,21:15,06:15,495,F|S,11,10,8,10,30,45,8,38.5,30,0.15,0,2.0.0,20261164
AZ-003,2026-11-10,history,-20,Dienstag,2,46,0,0,,Auszubildende_r_1_Ausbildungsjahr,Auszubildende,AUSZUBILDEND,1.0,38.5,9240,9240,8316,10164,5,2,2,0,0,0,nicht anrechenbar,0,0.0,-9240,29,27,4,4,0,4612,1,,,,,,0,,0,,4,3,3,1,1845,1,4,3,3,1,1614,1,2,2,2,0,1153,0,ST-GER1,Normalstation Geriatrie,40,Geriatrie,10.0,20.0,06:00,14:00,450,,13:30,21:30,450,F,21:15,06:15,495,F|S,11,10,8,10,30,45,8,38.5,30,0.15,0,2.0.0,20261164
PH-001,2026-11-10,history,-20,Dienstag,2,46,0,0,,Pflegehilfskraft,Pflegehilfskraft,PFLEGEHILFE,0.75,28.88,6931,6931,6238,7624,5,2,2,0,0,1,Pflegehilfskraft,0,0.0,-1530,29,27,4,4,0,4612,1,,,,,,0,,0,,4,3,3,1,1845,1,4,3,3,1,1614,1,2,2,2,0,1153,0,ST-GER1,Normalstation Geriatrie,40,Geriatrie,10.0,20.0,06:00,14:00,450,,13:30,21:30,450,F,21:15,06:15,495,F|S,11,10,8,10,30,45,8,38.5,30,0.15,0,2.0.0,20261164
PH-002,2026-11-10,history,-20,Dienstag,2,46,0,0,,Pflegehilfskraft,Pflegehilfskraft,PFLEGEHILFE,0.75,28.88,6931,6931,6238,7624,5,2,2,0,0,1,Pflegehilfskraft,0,0.0,-1530,29,27,4,4,0,4612,1,,,,,,0,,0,,4,3,3,1,1845,1,4,3,3,1,1614,1,2,2,2,0,1153,0,ST-GER1,Normalstation Geriatrie,40,Geriatrie,10.0,20.0,06:00,14:00,450,,13:30,21:30,450,F,21:15,06:15,495,F|S,11,10,8,10,30,45,8,38.5,30,0.15,0,2.0.0,20261164
PH-003,2026-11-10,history,-20,Dienstag,2,46,0,0,,Pflegehilfskraft,Pflegehilfskraft,PFLEGEHILFE,0.5,19.25,4620,4620,4158,5082,5,2,2,0,0,1,Pflegehilfskraft,0,0.0,-1020,29,27,4,4,0,4612,1,,,,,F,0,,0,,4,3,3,1,1845,1,4,3,3,1,1614,1,2,2,2,0,1153,0,ST-GER1,Normalstation Geriatrie,40,Geriatrie,10.0,20.0,06:00,14:00,450,,13:30,21:30,450,F,21:15,06:15,495,F|S,11,10,8,10,30,45,8,38.5,30,0.15,0,2.0.0,20261164
PK-001,2026-11-10,history,-20,Dienstag,2,46,0,0,,Stationsleitung,Pflegefachkraft,EXAM|LEITUNG|PRAXISANLEITUNG,1.0,38.5,9240,4620,4158,5082,5,2,2,0,0,1,Pflegefachkraft,1,0.5,4464,29,27,4,4,0,4612,1,,,,,F,0,,0,,4,3,3,1,1845,1,4,3,3,1,1614,1,2,2,2,0,1153,0,ST-GER1,Normalstation Geriatrie,40,Geriatrie,10.0,20.0,06:00,14:00,450,,13:30,21:30,450,F,21:15,06:15,495,F|S,11,10,8,10,30,45,8,38.5,30,0.15,0,2.0.0,20261164
PK-002,2026-11-10,history,-20,Dienstag,2,46,0,0,,Pflegefachkraft,Pflegefachkraft,EXAM|KARDIO_MONITORING,1.0,38.5,9240,9240,8316,10164,5,2,2,8,1,1,Pflegefachkraft,0,0.0,-2310,29,27,4,4,0,4612,1,,,,,,0,,0,,4,3,3,1,1845,1,4,3,3,1,1614,1,2,2,2,0,1153,0,ST-GER1,Normalstation Geriatrie,40,Geriatrie,10.0,20.0,06:00,14:00,450,,13:30,21:30,450,F,21:15,06:15,495,F|S,11,10,8,10,30,45,8,38.5,30,0.15,0,2.0.0,20261164
PK-003,2026-11-10,history,-20,Dienstag,2,46,0,0,,Pflegefachkraft,Pflegefachkraft,EXAM|PRAXISANLEITUNG|KARDIO_MONITORING,1.0,38.5,9240,9240,8316,10164,5,2,2,8,1,1,Pflegefachkraft,0,0.0,-2265,29,27,4,4,0,4612,1,,,,,N,0,,0,,4,3,3,1,1845,1,4,3,3,1,1614,1,2,2,2,0,1153,0,ST-GER1,Normalstation Geriatrie,40,Geriatrie,10.0,20.0,06:00,14:00,450,,13:30,21:30,450,F,21:15,06:15,495,F|S,11,10,8,10,30,45,8,38.5,30,0.15,0,2.0.0,20261164
PK-004,2026-11-10,history,-20,Dienstag,2,46,0,0,,Pflegefachkraft,Pflegefachkraft,EXAM,0.7,26.95,6468,6468,5821,7115,5,2,2,8,1,1,Pflegefachkraft,0,0.0,-1518,29,27,4,4,0,4612,1,,,,,S,0,,0,,4,3,3,1,1845,1,4,3,3,1,1614,1,2,2,2,0,1153,0,ST-GER1,Normalstation Geriatrie,40,Geriatrie,10.0,20.0,06:00,14:00,450,,13:30,21:30,450,F,21:15,06:15,495,F|S,11,10,8,10,30,45,8,38.5,30,0.15,0,2.0.0,20261164
PK-005,2026-11-10,history,-20,Dienstag,2,46,0,0,,Pflegefachkraft,Pflegefachkraft,EXAM|PRAXISANLEITUNG,1.0,38.5,9240,9240,8316,10164,5,2,2,8,1,1,Pflegefachkraft,0,0.0,-2400,29,27,4,4,0,4612,1,,,,,N,0,,0,,4,3,3,1,1845,1,4,3,3,1,1614,1,2,2,2,0,1153,0,ST-GER1,Normalstation Geriatrie,40,Geriatrie,10.0,20.0,06:00,14:00,450,,13:30,21:30,450,F,21:15,06:15,495,F|S,11,10,8,10,30,45,8,38.5,30,0.15,0,2.0.0,20261164
PK-006,2026-11-10,history,-20,Dienstag,2,46,0,0,,Pflegefachkraft,Pflegefachkraft,EXAM|KARDIO_MONITORING,0.6,23.1,5544,5544,4990,6098,5,2,2,8,1,1,Pflegefachkraft,0,0.0,536,29,27,4,4,0,4612,1,,,,,,0,,0,,4,3,3,1,1845,1,4,3,3,1,1614,1,2,2,2,0,1153,0,ST-GER1,Normalstation Geriatrie,40,Geriatrie,10.0,20.0,06:00,14:00,450,,13:30,21:30,450,F,21:15,06:15,495,F|S,11,10,8,10,30,45,8,38.5,30,0.15,0,2.0.0,20261164
PK-007,2026-11-10,history,-20,Dienstag,2,46,0,0,,Pflegefachkraft,Pflegefachkraft,EXAM|PRAXISANLEITUNG|KARDIO_MONITORING,0.75,28.88,6931,6931,6238,7624,5,2,2,8,1,1,Pflegefachkraft,0,0.0,716,29,27,4,4,0,4612,0,URLAUB,,,,,0,,0,,4,3,3,1,1845,1,4,3,3,1,1614,1,2,2,2,0,1153,0,ST-GER1,Normalstation Geriatrie,40,Geriatrie,10.0,20.0,06:00,14:00,450,,13:30,21:30,450,F,21:15,06:15,495,F|S,11,10,8,10,30,45,8,38.5,30,0.15,0,2.0.0,20261164
PK-008,2026-11-10,history,-20,Dienstag,2,46,0,0,,Pflegefachkraft,Pflegefachkraft,EXAM,1.0,38.5,9240,9240,8316,10164,5,2,2,8,1,1,Pflegefachkraft,0,0.0,-2580,29,27,4,4,0,4612,1,,,,,F,0,,0,,4,3,3,1,1845,1,4,3,3,1,1614,1,2,2,2,0,1153,0,ST-GER1,Normalstation Geriatrie,40,Geriatrie,10.0,20.0,06:00,14:00,450,,13:30,21:30,450,F,21:15,06:15,495,F|S,11,10,8,10,30,45,8,38.5,30,0.15,0,2.0.0,20261164
PK-009,2026-11-10,history,-20,Dienstag,2,46,0,0,,Pflegefachkraft,Pflegefachkraft,EXAM,1.0,38.5,9240,9240,8316,10164,5,2,2,8,1,1,Pflegefachkraft,0,0.0,-2130,29,27,4,4,0,4612,1,,,,,,0,,0,,4,3,3,1,1845,1,4,3,3,1,1614,1,2,2,2,0,1153,0,ST-GER1,Normalstation Geriatrie,40,Geriatrie,10.0,20.0,06:00,14:00,450,,13:30,21:30,450,F,21:15,06:15,495,F|S,11,10,8,10,30,45,8,38.5,30,0.15,0,2.0.0,20261164
PK-010,2026-11-10,history,-20,Dienstag,2,46,0,0,,Pflegefachkraft,Pflegefachkraft,EXAM,0.6,23.1,5544,5544,4990,6098,5,2,2,8,1,1,Pflegefachkraft,0,0.0,-1404,29,27,4,4,0,4612,1,,,,,,0,,0,,4,3,3,1,1845,1,4,3,3,1,1614,1,2,2,2,0,1153,0,ST-GER1,Normalstation Geriatrie,40,Geriatrie,10.0,20.0,06:00,14:00,450,,13:30,21:30,450,F,21:15,06:15,495,F|S,11,10,8,10,30,45,8,38.5,30,0.15,0,2.0.0,20261164
PK-011,2026-11-10,history,-20,Dienstag,2,46,0,0,,Pflegefachkraft,Pflegefachkraft,EXAM,1.0,38.5,9240,9240,8316,10164,5,2,2,8,1,1,Pflegefachkraft,0,0.0,-2130,29,27,4,4,0,4612,1,,,,,,0,,0,,4,3,3,1,1845,1,4,3,3,1,1614,1,2,2,2,0,1153,0,ST-GER1,Normalstation Geriatrie,40,Geriatrie,10.0,20.0,06:00,14:00,450,,13:30,21:30,450,F,21:15,06:15,495,F|S,11,10,8,10,30,45,8,38.5,30,0.15,0,2.0.0,20261164
PK-012,2026-11-10,history,-20,Dienstag,2,46,0,0,,Pflegefachkraft,Pflegefachkraft,EXAM|KARDIO_MONITORING,1.0,38.5,9240,9240,8316,10164,5,2,2,8,1,1,Pflegefachkraft,0,0.0,-2265,29,27,4,4,0,4612,1,,,,,F,0,,0,,4,3,3,1,1845,1,4,3,3,1,1614,1,2,2,2,0,1153,0,ST-GER1,Normalstation Geriatrie,40,Geriatrie,10.0,20.0,06:00,14:00,450,,13:30,21:30,450,F,21:15,06:15,495,F|S,11,10,8,10,30,45,8,38.5,30,0.15,0,2.0.0,20261164
PK-013,2026-11-10,history,-20,Dienstag,2,46,0,0,,Pflegefachkraft,Pflegefachkraft,EXAM,1.0,38.5,9240,9240,8316,10164,5,2,2,8,1,1,Pflegefachkraft,0,0.0,-2310,29,27,4,4,0,4612,1,,,,,,0,,0,,4,3,3,1,1845,1,4,3,3,1,1614,1,2,2,2,0,1153,0,ST-GER1,Normalstation Geriatrie,40,Geriatrie,10.0,20.0,06:00,14:00,450,,13:30,21:30,450,F,21:15,06:15,495,F|S,11,10,8,10,30,45,8,38.5,30,0.15,0,2.0.0,20261164
PK-014,2026-11-10,history,-20,Dienstag,2,46,0,0,,Pflegefachkraft,Pflegefachkraft,EXAM,0.8,30.8,7392,7392,6653,8131,5,2,2,8,1,1,Pflegefachkraft,0,0.0,-1542,29,27,4,4,0,4612,1,,,,,,0,,0,,4,3,3,1,1845,1,4,3,3,1,1614,1,2,2,2,0,1153,0,ST-GER1,Normalstation Geriatrie,40,Geriatrie,10.0,20.0,06:00,14:00,450,,13:30,21:30,450,F,21:15,06:15,495,F|S,11,10,8,10,30,45,8,38.5,30,0.15,0,2.0.0,20261164
PK-015,2026-11-10,history,-20,Dienstag,2,46,0,0,,Pflegefachkraft,Pflegefachkraft,EXAM,0.6,23.1,5544,5544,4990,6098,5,2,2,8,1,1,Pflegefachkraft,0,0.0,-1404,29,27,4,4,0,4612,1,,,,,,0,,0,,4,3,3,1,1845,1,4,3,3,1,1614,1,2,2,2,0,1153,0,ST-GER1,Normalstation Geriatrie,40,Geriatrie,10.0,20.0,06:00,14:00,450,,13:30,21:30,450,F,21:15,06:15,495,F|S,11,10,8,10,30,45,8,38.5,30,0.15,0,2.0.0,20261164
PK-016,2026-11-10,history,-20,Dienstag,2,46,0,0,,Pflegefachkraft,Pflegefachkraft,EXAM,0.75,28.88,6931,6931,6238,7624,5,2,2,8,1,1,Pflegefachkraft,0,0.0,-1485,29,27,4,4,0,4612,1,,,,,,0,,0,,4,3,3,1,1845,1,4,3,3,1,1614,1,2,2,2,0,1153,0,ST-GER1,Normalstation Geriatrie,40,Geriatrie,10.0,20.0,06:00,14:00,450,,13:30,21:30,450,F,21:15,06:15,495,F|S,11,10,8,10,30,45,8,38.5,30,0.15,0,2.0.0,20261164
PK-017,2026-11-10,history,-20,Dienstag,2,46,0,0,,Pflegefachkraft,Pflegefachkraft,EXAM,0.7,26.95,6468,6468,5821,7115,5,2,2,8,1,1,Pflegefachkraft,0,0.0,-1473,29,27,4,4,0,4612,1,,,,,,0,,0,,4,3,3,1,1845,1,4,3,3,1,1614,1,2,2,2,0,1153,0,ST-GER1,Normalstation Geriatrie,40,Geriatrie,10.0,20.0,06:00,14:00,450,,13:30,21:30,450,F,21:15,06:15,495,F|S,11,10,8,10,30,45,8,38.5,30,0.15,0,2.0.0,20261164
PK-018,2026-11-10,history,-20,Dienstag,2,46,0,0,,Pflegefachkraft,Pflegefachkraft,EXAM|PRAXISANLEITUNG|KARDIO_MONITORING,0.9,34.65,8316,8316,7484,9148,5,2,2,8,1,1,Pflegefachkraft,0,0.0,-1971,29,27,4,4,0,4612,1,,,,,,0,,0,,4,3,3,1,1845,1,4,3,3,1,1614,1,2,2,2,0,1153,0,ST-GER1,Normalstation Geriatrie,40,Geriatrie,10.0,20.0,06:00,14:00,450,,13:30,21:30,450,F,21:15,06:15,495,F|S,11,10,8,10,30,45,8,38.5,30,0.15,0,2.0.0,20261164
PK-019,2026-11-10,history,-20,Dienstag,2,46,0,0,,Pflegefachkraft,Pflegefachkraft,EXAM,0.8,30.8,7392,7392,6653,8131,5,2,2,8,1,1,Pflegefachkraft,0,0.0,-1902,29,27,4,4,0,4612,1,,,,,,0,,0,,4,3,3,1,1845,1,4,3,3,1,1614,1,2,2,2,0,1153,0,ST-GER1,Normalstation Geriatrie,40,Geriatrie,10.0,20.0,06:00,14:00,450,,13:30,21:30,450,F,21:15,06:15,495,F|S,11,10,8,10,30,45,8,38.5,30,0.15,0,2.0.0,20261164
PK-020,2026-11-10,history,-20,Dienstag,2,46,0,0,,Pflegefachkraft,Pflegefachkraft,EXAM|KARDIO_MONITORING,0.5,19.25,4620,4620,4158,5082,5,2,2,8,1,1,Pflegefachkraft,0,0.0,-930,29,27,4,4,0,4612,1,,,,,S,0,,0,,4,3,3,1,1845,1,4,3,3,1,1614,1,2,2,2,0,1153,0,ST-GER1,Normalstation Geriatrie,40,Geriatrie,10.0,20.0,06:00,14:00,450,,13:30,21:30,450,F,21:15,06:15,495,F|S,11,10,8,10,30,45,8,38.5,30,0.15,0,2.0.0,20261164
PK-021,2026-11-10,history,-20,Dienstag,2,46,0,0,,Pflegefachkraft,Pflegefachkraft,EXAM,0.8,30.8,7392,7392,6653,8131,5,2,2,8,1,1,Pflegefachkraft,0,0.0,-1722,29,27,4,4,0,4612,1,,,,,S,0,,0,,4,3,3,1,1845,1,4,3,3,1,1614,1,2,2,2,0,1153,0,ST-GER1,Normalstation Geriatrie,40,Geriatrie,10.0,20.0,06:00,14:00,450,,13:30,21:30,450,F,21:15,06:15,495,F|S,11,10,8,10,30,45,8,38.5,30,0.15,0,2.0.0,20261164
PK-022,2026-11-10,history,-20,Dienstag,2,46,0,0,,Pflegefachkraft,Pflegefachkraft,EXAM|PRAXISANLEITUNG|KARDIO_MONITORING,0.5,19.25,4620,4620,4158,5082,5,2,2,8,1,1,Pflegefachkraft,0,0.0,-930,29,27,4,4,0,4612,1,,,,,S,0,,0,,4,3,3,1,1845,1,4,3,3,1,1614,1,2,2,2,0,1153,0,ST-GER1,Normalstation Geriatrie,40,Geriatrie,10.0,20.0,06:00,14:00,450,,13:30,21:30,450,F,21:15,06:15,495,F|S,11,10,8,10,30,45,8,38.5,30,0.15,0,2.0.0,20261164
AZ-001,2026-11-11,history,-19,Mittwoch,3,46,0,0,,Auszubildende_r_3_Ausbildungsjahr,Auszubildende,AUSZUBILDEND,1.0,38.5,9240,9240,8316,10164,5,2,2,8,1,0,nicht anrechenbar,0,0.0,-9240,30,29,7,0,1,5719,1,,,,,,0,,0,,5,3,4,1,2288,1,4,3,3,1,2002,1,3,2,3,0,1430,0,ST-GER1,Normalstation Geriatrie,40,Geriatrie,10.0,20.0,06:00,14:00,450,,13:30,21:30,450,F,21:15,06:15,495,F|S,11,10,8,10,30,45,8,38.5,30,0.15,0,2.0.0,20261164
AZ-002,2026-11-11,history,-19,Mittwoch,3,46,0,0,,Auszubildende_r_2_Ausbildungsjahr,Auszubildende,AUSZUBILDEND,1.0,38.5,9240,9240,8316,10164,5,2,2,8,1,0,nicht anrechenbar,0,0.0,-9240,30,29,7,0,1,5719,1,,,,,,0,,0,,5,3,4,1,2288,1,4,3,3,1,2002,1,3,2,3,0,1430,0,ST-GER1,Normalstation Geriatrie,40,Geriatrie,10.0,20.0,06:00,14:00,450,,13:30,21:30,450,F,21:15,06:15,495,F|S,11,10,8,10,30,45,8,38.5,30,0.15,0,2.0.0,20261164
AZ-003,2026-11-11,history,-19,Mittwoch,3,46,0,0,,Auszubildende_r_1_Ausbildungsjahr,Auszubildende,AUSZUBILDEND,1.0,38.5,9240,9240,8316,10164,5,2,2,0,0,0,nicht anrechenbar,0,0.0,-9240,30,29,7,0,1,5719,1,,,,,,0,,0,,5,3,4,1,2288,1,4,3,3,1,2002,1,3,2,3,0,1430,0,ST-GER1,Normalstation Geriatrie,40,Geriatrie,10.0,20.0,06:00,14:00,450,,13:30,21:30,450,F,21:15,06:15,495,F|S,11,10,8,10,30,45,8,38.5,30,0.15,0,2.0.0,20261164
PH-001,2026-11-11,history,-19,Mittwoch,3,46,0,0,,Pflegehilfskraft,Pflegehilfskraft,PFLEGEHILFE,0.75,28.88,6931,6931,6238,7624,5,2,2,0,0,1,Pflegehilfskraft,0,0.0,-1530,30,29,7,0,1,5719,1,,,,,,0,,0,,5,3,4,1,2288,1,4,3,3,1,2002,1,3,2,3,0,1430,0,ST-GER1,Normalstation Geriatrie,40,Geriatrie,10.0,20.0,06:00,14:00,450,,13:30,21:30,450,F,21:15,06:15,495,F|S,11,10,8,10,30,45,8,38.5,30,0.15,0,2.0.0,20261164
PH-002,2026-11-11,history,-19,Mittwoch,3,46,0,0,,Pflegehilfskraft,Pflegehilfskraft,PFLEGEHILFE,0.75,28.88,6931,6931,6238,7624,5,2,2,0,0,1,Pflegehilfskraft,0,0.0,-1530,30,29,7,0,1,5719,1,,,,,,0,,0,,5,3,4,1,2288,1,4,3,3,1,2002,1,3,2,3,0,1430,0,ST-GER1,Normalstation Geriatrie,40,Geriatrie,10.0,20.0,06:00,14:00,450,,13:30,21:30,450,F,21:15,06:15,495,F|S,11,10,8,10,30,45,8,38.5,30,0.15,0,2.0.0,20261164
PH-003,2026-11-11,history,-19,Mittwoch,3,46,0,0,,Pflegehilfskraft,Pflegehilfskraft,PFLEGEHILFE,0.5,19.25,4620,4620,4158,5082,5,2,2,0,0,1,Pflegehilfskraft,0,0.0,-1020,30,29,7,0,1,5719,1,,,,,,0,,0,,5,3,4,1,2288,1,4,3,3,1,2002,1,3,2,3,0,1430,0,ST-GER1,Normalstation Geriatrie,40,Geriatrie,10.0,20.0,06:00,14:00,450,,13:30,21:30,450,F,21:15,06:15,495,F|S,11,10,8,10,30,45,8,38.5,30,0.15,0,2.0.0,20261164
PK-001,2026-11-11,history,-19,Mittwoch,3,46,0,0,,Stationsleitung,Pflegefachkraft,EXAM|LEITUNG|PRAXISANLEITUNG,1.0,38.5,9240,4620,4158,5082,5,2,2,0,0,1,Pflegefachkraft,1,0.5,4464,30,29,7,0,1,5719,1,,,,,F,0,,0,,5,3,4,1,2288,1,4,3,3,1,2002,1,3,2,3,0,1430,0,ST-GER1,Normalstation Geriatrie,40,Geriatrie,10.0,20.0,06:00,14:00,450,,13:30,21:30,450,F,21:15,06:15,495,F|S,11,10,8,10,30,45,8,38.5,30,0.15,0,2.0.0,20261164
PK-002,2026-11-11,history,-19,Mittwoch,3,46,0,0,,Pflegefachkraft,Pflegefachkraft,EXAM|KARDIO_MONITORING,1.0,38.5,9240,9240,8316,10164,5,2,2,8,1,1,Pflegefachkraft,0,0.0,-2310,30,29,7,0,1,5719,1,,,,,S,0,,0,,5,3,4,1,2288,1,4,3,3,1,2002,1,3,2,3,0,1430,0,ST-GER1,Normalstation Geriatrie,40,Geriatrie,10.0,20.0,06:00,14:00,450,,13:30,21:30,450,F,21:15,06:15,495,F|S,11,10,8,10,30,45,8,38.5,30,0.15,0,2.0.0,20261164
PK-003,2026-11-11,history,-19,Mittwoch,3,46,0,0,,Pflegefachkraft,Pflegefachkraft,EXAM|PRAXISANLEITUNG|KARDIO_MONITORING,1.0,38.5,9240,9240,8316,10164,5,2,2,8,1,1,Pflegefachkraft,0,0.0,-2265,30,29,7,0,1,5719,1,,,,,,0,,0,,5,3,4,1,2288,1,4,3,3,1,2002,1,3,2,3,0,1430,0,ST-GER1,Normalstation Geriatrie,40,Geriatrie,10.0,20.0,06:00,14:00,450,,13:30,21:30,450,F,21:15,06:15,495,F|S,11,10,8,10,30,45,8,38.5,30,0.15,0,2.0.0,20261164
PK-004,2026-11-11,history,-19,Mittwoch,3,46,0,0,,Pflegefachkraft,Pflegefachkraft,EXAM,0.7,26.95,6468,6468,5821,7115,5,2,2,8,1,1,Pflegefachkraft,0,0.0,-1518,30,29,7,0,1,5719,1,,,,,,0,,0,,5,3,4,1,2288,1,4,3,3,1,2002,1,3,2,3,0,1430,0,ST-GER1,Normalstation Geriatrie,40,Geriatrie,10.0,20.0,06:00,14:00,450,,13:30,21:30,450,F,21:15,06:15,495,F|S,11,10,8,10,30,45,8,38.5,30,0.15,0,2.0.0,20261164
PK-005,2026-11-11,history,-19,Mittwoch,3,46,0,0,,Pflegefachkraft,Pflegefachkraft,EXAM|PRAXISANLEITUNG,1.0,38.5,9240,9240,8316,10164,5,2,2,8,1,1,Pflegefachkraft,0,0.0,-2400,30,29,7,0,1,5719,1,,,,,,0,,0,,5,3,4,1,2288,1,4,3,3,1,2002,1,3,2,3,0,1430,0,ST-GER1,Normalstation Geriatrie,40,Geriatrie,10.0,20.0,06:00,14:00,450,,13:30,21:30,450,F,21:15,06:15,495,F|S,11,10,8,10,30,45,8,38.5,30,0.15,0,2.0.0,20261164
PK-006,2026-11-11,history,-19,Mittwoch,3,46,0,0,,Pflegefachkraft,Pflegefachkraft,EXAM|KARDIO_MONITORING,0.6,23.1,5544,5544,4990,6098,5,2,2,8,1,1,Pflegefachkraft,0,0.0,536,30,29,7,0,1,5719,1,,,,,F,0,,0,,5,3,4,1,2288,1,4,3,3,1,2002,1,3,2,3,0,1430,0,ST-GER1,Normalstation Geriatrie,40,Geriatrie,10.0,20.0,06:00,14:00,450,,13:30,21:30,450,F,21:15,06:15,495,F|S,11,10,8,10,30,45,8,38.5,30,0.15,0,2.0.0,20261164
PK-007,2026-11-11,history,-19,Mittwoch,3,46,0,0,,Pflegefachkraft,Pflegefachkraft,EXAM|PRAXISANLEITUNG|KARDIO_MONITORING,0.75,28.88,6931,6931,6238,7624,5,2,2,8,1,1,Pflegefachkraft,0,0.0,716,30,29,7,0,1,5719,0,URLAUB,,,,,0,,0,,5,3,4,1,2288,1,4,3,3,1,2002,1,3,2,3,0,1430,0,ST-GER1,Normalstation Geriatrie,40,Geriatrie,10.0,20.0,06:00,14:00,450,,13:30,21:30,450,F,21:15,06:15,495,F|S,11,10,8,10,30,45,8,38.5,30,0.15,0,2.0.0,20261164
PK-008,2026-11-11,history,-19,Mittwoch,3,46,0,0,,Pflegefachkraft,Pflegefachkraft,EXAM,1.0,38.5,9240,9240,8316,10164,5,2,2,8,1,1,Pflegefachkraft,0,0.0,-2580,30,29,7,0,1,5719,1,,,,,S,0,,0,,5,3,4,1,2288,1,4,3,3,1,2002,1,3,2,3,0,1430,0,ST-GER1,Normalstation Geriatrie,40,Geriatrie,10.0,20.0,06:00,14:00,450,,13:30,21:30,450,F,21:15,06:15,495,F|S,11,10,8,10,30,45,8,38.5,30,0.15,0,2.0.0,20261164
PK-009,2026-11-11,history,-19,Mittwoch,3,46,0,0,,Pflegefachkraft,Pflegefachkraft,EXAM,1.0,38.5,9240,9240,8316,10164,5,2,2,8,1,1,Pflegefachkraft,0,0.0,-2130,30,29,7,0,1,5719,1,,,,,N,0,,0,,5,3,4,1,2288,1,4,3,3,1,2002,1,3,2,3,0,1430,0,ST-GER1,Normalstation Geriatrie,40,Geriatrie,10.0,20.0,06:00,14:00,450,,13:30,21:30,450,F,21:15,06:15,495,F|S,11,10,8,10,30,45,8,38.5,30,0.15,0,2.0.0,20261164
PK-010,2026-11-11,history,-19,Mittwoch,3,46,0,0,,Pflegefachkraft,Pflegefachkraft,EXAM,0.6,23.1,5544,5544,4990,6098,5,2,2,8,1,1,Pflegefachkraft,0,0.0,-1404,30,29,7,0,1,5719,1,,,,,,0,,0,,5,3,4,1,2288,1,4,3,3,1,2002,1,3,2,3,0,1430,0,ST-GER1,Normalstation Geriatrie,40,Geriatrie,10.0,20.0,06:00,14:00,450,,13:30,21:30,450,F,21:15,06:15,495,F|S,11,10,8,10,30,45,8,38.5,30,0.15,0,2.0.0,20261164
PK-011,2026-11-11,history,-19,Mittwoch,3,46,0,0,,Pflegefachkraft,Pflegefachkraft,EXAM,1.0,38.5,9240,9240,8316,10164,5,2,2,8,1,1,Pflegefachkraft,0,0.0,-2130,30,29,7,0,1,5719,1,,,,,N,0,,0,,5,3,4,1,2288,1,4,3,3,1,2002,1,3,2,3,0,1430,0,ST-GER1,Normalstation Geriatrie,40,Geriatrie,10.0,20.0,06:00,14:00,450,,13:30,21:30,450,F,21:15,06:15,495,F|S,11,10,8,10,30,45,8,38.5,30,0.15,0,2.0.0,20261164
PK-012,2026-11-11,history,-19,Mittwoch,3,46,0,0,,Pflegefachkraft,Pflegefachkraft,EXAM|KARDIO_MONITORING,1.0,38.5,9240,9240,8316,10164,5,2,2,8,1,1,Pflegefachkraft,0,0.0,-2265,30,29,7,0,1,5719,1,,,,,S,0,,0,,5,3,4,1,2288,1,4,3,3,1,2002,1,3,2,3,0,1430,0,ST-GER1,Normalstation Geriatrie,40,Geriatrie,10.0,20.0,06:00,14:00,450,,13:30,21:30,450,F,21:15,06:15,495,F|S,11,10,8,10,30,45,8,38.5,30,0.15,0,2.0.0,20261164
PK-013,2026-11-11,history,-19,Mittwoch,3,46,0,0,,Pflegefachkraft,Pflegefachkraft,EXAM,1.0,38.5,9240,9240,8316,10164,5,2,2,8,1,1,Pflegefachkraft,0,0.0,-2310,30,29,7,0,1,5719,1,,,,,F,0,,0,,5,3,4,1,2288,1,4,3,3,1,2002,1,3,2,3,0,1430,0,ST-GER1,Normalstation Geriatrie,40,Geriatrie,10.0,20.0,06:00,14:00,450,,13:30,21:30,450,F,21:15,06:15,495,F|S,11,10,8,10,30,45,8,38.5,30,0.15,0,2.0.0,20261164
PK-014,2026-11-11,history,-19,Mittwoch,3,46,0,0,,Pflegefachkraft,Pflegefachkraft,EXAM,0.8,30.8,7392,7392,6653,8131,5,2,2,8,1,1,Pflegefachkraft,0,0.0,-1542,30,29,7,0,1,5719,1,,,,,F,0,,0,,5,3,4,1,2288,1,4,3,3,1,2002,1,3,2,3,0,1430,0,ST-GER1,Normalstation Geriatrie,40,Geriatrie,10.0,20.0,06:00,14:00,450,,13:30,21:30,450,F,21:15,06:15,495,F|S,11,10,8,10,30,45,8,38.5,30,0.15,0,2.0.0,20261164
PK-015,2026-11-11,history,-19,Mittwoch,3,46,0,0,,Pflegefachkraft,Pflegefachkraft,EXAM,0.6,23.1,5544,5544,4990,6098,5,2,2,8,1,1,Pflegefachkraft,0,0.0,-1404,30,29,7,0,1,5719,1,,,,,,0,,0,,5,3,4,1,2288,1,4,3,3,1,2002,1,3,2,3,0,1430,0,ST-GER1,Normalstation Geriatrie,40,Geriatrie,10.0,20.0,06:00,14:00,450,,13:30,21:30,450,F,21:15,06:15,495,F|S,11,10,8,10,30,45,8,38.5,30,0.15,0,2.0.0,20261164
PK-016,2026-11-11,history,-19,Mittwoch,3,46,0,0,,Pflegefachkraft,Pflegefachkraft,EXAM,0.75,28.88,6931,6931,6238,7624,5,2,2,8,1,1,Pflegefachkraft,0,0.0,-1485,30,29,7,0,1,5719,1,,,,,,0,,0,,5,3,4,1,2288,1,4,3,3,1,2002,1,3,2,3,0,1430,0,ST-GER1,Normalstation Geriatrie,40,Geriatrie,10.0,20.0,06:00,14:00,450,,13:30,21:30,450,F,21:15,06:15,495,F|S,11,10,8,10,30,45,8,38.5,30,0.15,0,2.0.0,20261164
PK-017,2026-11-11,history,-19,Mittwoch,3,46,0,0,,Pflegefachkraft,Pflegefachkraft,EXAM,0.7,26.95,6468,6468,5821,7115,5,2,2,8,1,1,Pflegefachkraft,0,0.0,-1473,30,29,7,0,1,5719,1,,,,,N,0,,0,,5,3,4,1,2288,1,4,3,3,1,2002,1,3,2,3,0,1430,0,ST-GER1,Normalstation Geriatrie,40,Geriatrie,10.0,20.0,06:00,14:00,450,,13:30,21:30,450,F,21:15,06:15,495,F|S,11,10,8,10,30,45,8,38.5,30,0.15,0,2.0.0,20261164
PK-018,2026-11-11,history,-19,Mittwoch,3,46,0,0,,Pflegefachkraft,Pflegefachkraft,EXAM|PRAXISANLEITUNG|KARDIO_MONITORING,0.9,34.65,8316,8316,7484,9148,5,2,2,8,1,1,Pflegefachkraft,0,0.0,-1971,30,29,7,0,1,5719,1,,,,,F,0,,0,,5,3,4,1,2288,1,4,3,3,1,2002,1,3,2,3,0,1430,0,ST-GER1,Normalstation Geriatrie,40,Geriatrie,10.0,20.0,06:00,14:00,450,,13:30,21:30,450,F,21:15,06:15,495,F|S,11,10,8,10,30,45,8,38.5,30,0.15,0,2.0.0,20261164
PK-019,2026-11-11,history,-19,Mittwoch,3,46,0,0,,Pflegefachkraft,Pflegefachkraft,EXAM,0.8,30.8,7392,7392,6653,8131,5,2,2,8,1,1,Pflegefachkraft,0,0.0,-1902,30,29,7,0,1,5719,1,,,,,S,0,,0,,5,3,4,1,2288,1,4,3,3,1,2002,1,3,2,3,0,1430,0,ST-GER1,Normalstation Geriatrie,40,Geriatrie,10.0,20.0,06:00,14:00,450,,13:30,21:30,450,F,21:15,06:15,495,F|S,11,10,8,10,30,45,8,38.5,30,0.15,0,2.0.0,20261164
PK-020,2026-11-11,history,-19,Mittwoch,3,46,0,0,,Pflegefachkraft,Pflegefachkraft,EXAM|KARDIO_MONITORING,0.5,19.25,4620,4620,4158,5082,5,2,2,8,1,1,Pflegefachkraft,0,0.0,-930,30,29,7,0,1,5719,1,,,,,,0,,0,,5,3,4,1,2288,1,4,3,3,1,2002,1,3,2,3,0,1430,0,ST-GER1,Normalstation Geriatrie,40,Geriatrie,10.0,20.0,06:00,14:00,450,,13:30,21:30,450,F,21:15,06:15,495,F|S,11,10,8,10,30,45,8,38.5,30,0.15,0,2.0.0,20261164
PK-021,2026-11-11,history,-19,Mittwoch,3,46,0,0,,Pflegefachkraft,Pflegefachkraft,EXAM,0.8,30.8,7392,7392,6653,8131,5,2,2,8,1,1,Pflegefachkraft,0,0.0,-1722,30,29,7,0,1,5719,1,,,,,,0,,0,,5,3,4,1,2288,1,4,3,3,1,2002,1,3,2,3,0,1430,0,ST-GER1,Normalstation Geriatrie,40,Geriatrie,10.0,20.0,06:00,14:00,450,,13:30,21:30,450,F,21:15,06:15,495,F|S,11,10,8,10,30,45,8,38.5,30,0.15,0,2.0.0,20261164
PK-022,2026-11-11,history,-19,Mittwoch,3,46,0,0,,Pflegefachkraft,Pflegefachkraft,EXAM|PRAXISANLEITUNG|KARDIO_MONITORING,0.5,19.25,4620,4620,4158,5082,5,2,2,8,1,1,Pflegefachkraft,0,0.0,-930,30,29,7,0,1,5719,1,,,,,,0,,0,,5,3,4,1,2288,1,4,3,3,1,2002,1,3,2,3,0,1430,0,ST-GER1,Normalstation Geriatrie,40,Geriatrie,10.0,20.0,06:00,14:00,450,,13:30,21:30,450,F,21:15,06:15,495,F|S,11,10,8,10,30,45,8,38.5,30,0.15,0,2.0.0,20261164
AZ-001,2026-11-12,history,-18,Donnerstag,4,46,0,0,,Auszubildende_r_3_Ausbildungsjahr,Auszubildende,AUSZUBILDEND,1.0,38.5,9240,9240,8316,10164,5,2,2,8,1,0,nicht anrechenbar,0,0.0,-9240,30,28,7,4,1,5309,1,,,,,,0,,0,,5,3,4,1,2124,1,4,3,3,1,1858,1,3,2,3,0,1327,0,ST-GER1,Normalstation Geriatrie,40,Geriatrie,10.0,20.0,06:00,14:00,450,,13:30,21:30,450,F,21:15,06:15,495,F|S,11,10,8,10,30,45,8,38.5,30,0.15,0,2.0.0,20261164
AZ-002,2026-11-12,history,-18,Donnerstag,4,46,0,0,,Auszubildende_r_2_Ausbildungsjahr,Auszubildende,AUSZUBILDEND,1.0,38.5,9240,9240,8316,10164,5,2,2,8,1,0,nicht anrechenbar,0,0.0,-9240,30,28,7,4,1,5309,1,,,,,,0,,0,,5,3,4,1,2124,1,4,3,3,1,1858,1,3,2,3,0,1327,0,ST-GER1,Normalstation Geriatrie,40,Geriatrie,10.0,20.0,06:00,14:00,450,,13:30,21:30,450,F,21:15,06:15,495,F|S,11,10,8,10,30,45,8,38.5,30,0.15,0,2.0.0,20261164
AZ-003,2026-11-12,history,-18,Donnerstag,4,46,0,0,,Auszubildende_r_1_Ausbildungsjahr,Auszubildende,AUSZUBILDEND,1.0,38.5,9240,9240,8316,10164,5,2,2,0,0,0,nicht anrechenbar,0,0.0,-9240,30,28,7,4,1,5309,1,,,,,,0,,0,,5,3,4,1,2124,1,4,3,3,1,1858,1,3,2,3,0,1327,0,ST-GER1,Normalstation Geriatrie,40,Geriatrie,10.0,20.0,06:00,14:00,450,,13:30,21:30,450,F,21:15,06:15,495,F|S,11,10,8,10,30,45,8,38.5,30,0.15,0,2.0.0,20261164
PH-001,2026-11-12,history,-18,Donnerstag,4,46,0,0,,Pflegehilfskraft,Pflegehilfskraft,PFLEGEHILFE,0.75,28.88,6931,6931,6238,7624,5,2,2,0,0,1,Pflegehilfskraft,0,0.0,-1530,30,28,7,4,1,5309,1,,,,,F,0,,0,,5,3,4,1,2124,1,4,3,3,1,1858,1,3,2,3,0,1327,0,ST-GER1,Normalstation Geriatrie,40,Geriatrie,10.0,20.0,06:00,14:00,450,,13:30,21:30,450,F,21:15,06:15,495,F|S,11,10,8,10,30,45,8,38.5,30,0.15,0,2.0.0,20261164
PH-002,2026-11-12,history,-18,Donnerstag,4,46,0,0,,Pflegehilfskraft,Pflegehilfskraft,PFLEGEHILFE,0.75,28.88,6931,6931,6238,7624,5,2,2,0,0,1,Pflegehilfskraft,0,0.0,-1530,30,28,7,4,1,5309,1,,,,,S,0,,0,,5,3,4,1,2124,1,4,3,3,1,1858,1,3,2,3,0,1327,0,ST-GER1,Normalstation Geriatrie,40,Geriatrie,10.0,20.0,06:00,14:00,450,,13:30,21:30,450,F,21:15,06:15,495,F|S,11,10,8,10,30,45,8,38.5,30,0.15,0,2.0.0,20261164
PH-003,2026-11-12,history,-18,Donnerstag,4,46,0,0,,Pflegehilfskraft,Pflegehilfskraft,PFLEGEHILFE,0.5,19.25,4620,4620,4158,5082,5,2,2,0,0,1,Pflegehilfskraft,0,0.0,-1020,30,28,7,4,1,5309,1,,,,,,0,,0,,5,3,4,1,2124,1,4,3,3,1,1858,1,3,2,3,0,1327,0,ST-GER1,Normalstation Geriatrie,40,Geriatrie,10.0,20.0,06:00,14:00,450,,13:30,21:30,450,F,21:15,06:15,495,F|S,11,10,8,10,30,45,8,38.5,30,0.15,0,2.0.0,20261164
PK-001,2026-11-12,history,-18,Donnerstag,4,46,0,0,,Stationsleitung,Pflegefachkraft,EXAM|LEITUNG|PRAXISANLEITUNG,1.0,38.5,9240,4620,4158,5082,5,2,2,0,0,1,Pflegefachkraft,1,0.5,4464,30,28,7,4,1,5309,1,,,,,,0,,0,,5,3,4,1,2124,1,4,3,3,1,1858,1,3,2,3,0,1327,0,ST-GER1,Normalstation Geriatrie,40,Geriatrie,10.0,20.0,06:00,14:00,450,,13:30,21:30,450,F,21:15,06:15,495,F|S,11,10,8,10,30,45,8,38.5,30,0.15,0,2.0.0,20261164
PK-002,2026-11-12,history,-18,Donnerstag,4,46,0,0,,Pflegefachkraft,Pflegefachkraft,EXAM|KARDIO_MONITORING,1.0,38.5,9240,9240,8316,10164,5,2,2,8,1,1,Pflegefachkraft,0,0.0,-2310,30,28,7,4,1,5309,1,,,,,S,0,,0,,5,3,4,1,2124,1,4,3,3,1,1858,1,3,2,3,0,1327,0,ST-GER1,Normalstation Geriatrie,40,Geriatrie,10.0,20.0,06:00,14:00,450,,13:30,21:30,450,F,21:15,06:15,495,F|S,11,10,8,10,30,45,8,38.5,30,0.15,0,2.0.0,20261164
PK-003,2026-11-12,history,-18,Donnerstag,4,46,0,0,,Pflegefachkraft,Pflegefachkraft,EXAM|PRAXISANLEITUNG|KARDIO_MONITORING,1.0,38.5,9240,9240,8316,10164,5,2,2,8,1,1,Pflegefachkraft,0,0.0,-2265,30,28,7,4,1,5309,1,,,,,N,0,,0,,5,3,4,1,2124,1,4,3,3,1,1858,1,3,2,3,0,1327,0,ST-GER1,Normalstation Geriatrie,40,Geriatrie,10.0,20.0,06:00,14:00,450,,13:30,21:30,450,F,21:15,06:15,495,F|S,11,10,8,10,30,45,8,38.5,30,0.15,0,2.0.0,20261164
PK-004,2026-11-12,history,-18,Donnerstag,4,46,0,0,,Pflegefachkraft,Pflegefachkraft,EXAM,0.7,26.95,6468,6468,5821,7115,5,2,2,8,1,1,Pflegefachkraft,0,0.0,-1518,30,28,7,4,1,5309,1,,,,,S,0,,0,,5,3,4,1,2124,1,4,3,3,1,1858,1,3,2,3,0,1327,0,ST-GER1,Normalstation Geriatrie,40,Geriatrie,10.0,20.0,06:00,14:00,450,,13:30,21:30,450,F,21:15,06:15,495,F|S,11,10,8,10,30,45,8,38.5,30,0.15,0,2.0.0,20261164
PK-005,2026-11-12,history,-18,Donnerstag,4,46,0,0,,Pflegefachkraft,Pflegefachkraft,EXAM|PRAXISANLEITUNG,1.0,38.5,9240,9240,8316,10164,5,2,2,8,1,1,Pflegefachkraft,0,0.0,-2400,30,28,7,4,1,5309,1,,,,,F,0,,0,,5,3,4,1,2124,1,4,3,3,1,1858,1,3,2,3,0,1327,0,ST-GER1,Normalstation Geriatrie,40,Geriatrie,10.0,20.0,06:00,14:00,450,,13:30,21:30,450,F,21:15,06:15,495,F|S,11,10,8,10,30,45,8,38.5,30,0.15,0,2.0.0,20261164
PK-006,2026-11-12,history,-18,Donnerstag,4,46,0,0,,Pflegefachkraft,Pflegefachkraft,EXAM|KARDIO_MONITORING,0.6,23.1,5544,5544,4990,6098,5,2,2,8,1,1,Pflegefachkraft,0,0.0,536,30,28,7,4,1,5309,1,,,,,,0,,0,,5,3,4,1,2124,1,4,3,3,1,1858,1,3,2,3,0,1327,0,ST-GER1,Normalstation Geriatrie,40,Geriatrie,10.0,20.0,06:00,14:00,450,,13:30,21:30,450,F,21:15,06:15,495,F|S,11,10,8,10,30,45,8,38.5,30,0.15,0,2.0.0,20261164
PK-007,2026-11-12,history,-18,Donnerstag,4,46,0,0,,Pflegefachkraft,Pflegefachkraft,EXAM|PRAXISANLEITUNG|KARDIO_MONITORING,0.75,28.88,6931,6931,6238,7624,5,2,2,8,1,1,Pflegefachkraft,0,0.0,716,30,28,7,4,1,5309,0,URLAUB,,,,,0,,0,,5,3,4,1,2124,1,4,3,3,1,1858,1,3,2,3,0,1327,0,ST-GER1,Normalstation Geriatrie,40,Geriatrie,10.0,20.0,06:00,14:00,450,,13:30,21:30,450,F,21:15,06:15,495,F|S,11,10,8,10,30,45,8,38.5,30,0.15,0,2.0.0,20261164
PK-008,2026-11-12,history,-18,Donnerstag,4,46,0,0,,Pflegefachkraft,Pflegefachkraft,EXAM,1.0,38.5,9240,9240,8316,10164,5,2,2,8,1,1,Pflegefachkraft,0,0.0,-2580,30,28,7,4,1,5309,1,,,,,,0,,0,,5,3,4,1,2124,1,4,3,3,1,1858,1,3,2,3,0,1327,0,ST-GER1,Normalstation Geriatrie,40,Geriatrie,10.0,20.0,06:00,14:00,450,,13:30,21:30,450,F,21:15,06:15,495,F|S,11,10,8,10,30,45,8,38.5,30,0.15,0,2.0.0,20261164
PK-009,2026-11-12,history,-18,Donnerstag,4,46,0,0,,Pflegefachkraft,Pflegefachkraft,EXAM,1.0,38.5,9240,9240,8316,10164,5,2,2,8,1,1,Pflegefachkraft,0,0.0,-2130,30,28,7,4,1,5309,1,,,,,,0,,0,,5,3,4,1,2124,1,4,3,3,1,1858,1,3,2,3,0,1327,0,ST-GER1,Normalstation Geriatrie,40,Geriatrie,10.0,20.0,06:00,14:00,450,,13:30,21:30,450,F,21:15,06:15,495,F|S,11,10,8,10,30,45,8,38.5,30,0.15,0,2.0.0,20261164
PK-010,2026-11-12,history,-18,Donnerstag,4,46,0,0,,Pflegefachkraft,Pflegefachkraft,EXAM,0.6,23.1,5544,5544,4990,6098,5,2,2,8,1,1,Pflegefachkraft,0,0.0,-1404,30,28,7,4,1,5309,1,,,,,N,0,,0,,5,3,4,1,2124,1,4,3,3,1,1858,1,3,2,3,0,1327,0,ST-GER1,Normalstation Geriatrie,40,Geriatrie,10.0,20.0,06:00,14:00,450,,13:30,21:30,450,F,21:15,06:15,495,F|S,11,10,8,10,30,45,8,38.5,30,0.15,0,2.0.0,20261164
PK-011,2026-11-12,history,-18,Donnerstag,4,46,0,0,,Pflegefachkraft,Pflegefachkraft,EXAM,1.0,38.5,9240,9240,8316,10164,5,2,2,8,1,1,Pflegefachkraft,0,0.0,-2130,30,28,7,4,1,5309,1,,,,,,0,,0,,5,3,4,1,2124,1,4,3,3,1,1858,1,3,2,3,0,1327,0,ST-GER1,Normalstation Geriatrie,40,Geriatrie,10.0,20.0,06:00,14:00,450,,13:30,21:30,450,F,21:15,06:15,495,F|S,11,10,8,10,30,45,8,38.5,30,0.15,0,2.0.0,20261164
PK-012,2026-11-12,history,-18,Donnerstag,4,46,0,0,,Pflegefachkraft,Pflegefachkraft,EXAM|KARDIO_MONITORING,1.0,38.5,9240,9240,8316,10164,5,2,2,8,1,1,Pflegefachkraft,0,0.0,-2265,30,28,7,4,1,5309,1,,,,,,0,,0,,5,3,4,1,2124,1,4,3,3,1,1858,1,3,2,3,0,1327,0,ST-GER1,Normalstation Geriatrie,40,Geriatrie,10.0,20.0,06:00,14:00,450,,13:30,21:30,450,F,21:15,06:15,495,F|S,11,10,8,10,30,45,8,38.5,30,0.15,0,2.0.0,20261164
PK-013,2026-11-12,history,-18,Donnerstag,4,46,0,0,,Pflegefachkraft,Pflegefachkraft,EXAM,1.0,38.5,9240,9240,8316,10164,5,2,2,8,1,1,Pflegefachkraft,0,0.0,-2310,30,28,7,4,1,5309,1,,,,,S,0,,0,,5,3,4,1,2124,1,4,3,3,1,1858,1,3,2,3,0,1327,0,ST-GER1,Normalstation Geriatrie,40,Geriatrie,10.0,20.0,06:00,14:00,450,,13:30,21:30,450,F,21:15,06:15,495,F|S,11,10,8,10,30,45,8,38.5,30,0.15,0,2.0.0,20261164
PK-014,2026-11-12,history,-18,Donnerstag,4,46,0,0,,Pflegefachkraft,Pflegefachkraft,EXAM,0.8,30.8,7392,7392,6653,8131,5,2,2,8,1,1,Pflegefachkraft,0,0.0,-1542,30,28,7,4,1,5309,1,,,,,,0,,0,,5,3,4,1,2124,1,4,3,3,1,1858,1,3,2,3,0,1327,0,ST-GER1,Normalstation Geriatrie,40,Geriatrie,10.0,20.0,06:00,14:00,450,,13:30,21:30,450,F,21:15,06:15,495,F|S,11,10,8,10,30,45,8,38.5,30,0.15,0,2.0.0,20261164
PK-015,2026-11-12,history,-18,Donnerstag,4,46,0,0,,Pflegefachkraft,Pflegefachkraft,EXAM,0.6,23.1,5544,5544,4990,6098,5,2,2,8,1,1,Pflegefachkraft,0,0.0,-1404,30,28,7,4,1,5309,1,,,,,N,0,,0,,5,3,4,1,2124,1,4,3,3,1,1858,1,3,2,3,0,1327,0,ST-GER1,Normalstation Geriatrie,40,Geriatrie,10.0,20.0,06:00,14:00,450,,13:30,21:30,450,F,21:15,06:15,495,F|S,11,10,8,10,30,45,8,38.5,30,0.15,0,2.0.0,20261164
PK-016,2026-11-12,history,-18,Donnerstag,4,46,0,0,,Pflegefachkraft,Pflegefachkraft,EXAM,0.75,28.88,6931,6931,6238,7624,5,2,2,8,1,1,Pflegefachkraft,0,0.0,-1485,30,28,7,4,1,5309,1,,,,,F,0,,0,,5,3,4,1,2124,1,4,3,3,1,1858,1,3,2,3,0,1327,0,ST-GER1,Normalstation Geriatrie,40,Geriatrie,10.0,20.0,06:00,14:00,450,,13:30,21:30,450,F,21:15,06:15,495,F|S,11,10,8,10,30,45,8,38.5,30,0.15,0,2.0.0,20261164
PK-017,2026-11-12,history,-18,Donnerstag,4,46,0,0,,Pflegefachkraft,Pflegefachkraft,EXAM,0.7,26.95,6468,6468,5821,7115,5,2,2,8,1,1,Pflegefachkraft,0,0.0,-1473,30,28,7,4,1,5309,1,,,,,,0,,0,,5,3,4,1,2124,1,4,3,3,1,1858,1,3,2,3,0,1327,0,ST-GER1,Normalstation Geriatrie,40,Geriatrie,10.0,20.0,06:00,14:00,450,,13:30,21:30,450,F,21:15,06:15,495,F|S,11,10,8,10,30,45,8,38.5,30,0.15,0,2.0.0,20261164
PK-018,2026-11-12,history,-18,Donnerstag,4,46,0,0,,Pflegefachkraft,Pflegefachkraft,EXAM|PRAXISANLEITUNG|KARDIO_MONITORING,0.9,34.65,8316,8316,7484,9148,5,2,2,8,1,1,Pflegefachkraft,0,0.0,-1971,30,28,7,4,1,5309,1,,,,,F,0,,0,,5,3,4,1,2124,1,4,3,3,1,1858,1,3,2,3,0,1327,0,ST-GER1,Normalstation Geriatrie,40,Geriatrie,10.0,20.0,06:00,14:00,450,,13:30,21:30,450,F,21:15,06:15,495,F|S,11,10,8,10,30,45,8,38.5,30,0.15,0,2.0.0,20261164
PK-019,2026-11-12,history,-18,Donnerstag,4,46,0,0,,Pflegefachkraft,Pflegefachkraft,EXAM,0.8,30.8,7392,7392,6653,8131,5,2,2,8,1,1,Pflegefachkraft,0,0.0,-1902,30,28,7,4,1,5309,1,,,,,,0,,0,,5,3,4,1,2124,1,4,3,3,1,1858,1,3,2,3,0,1327,0,ST-GER1,Normalstation Geriatrie,40,Geriatrie,10.0,20.0,06:00,14:00,450,,13:30,21:30,450,F,21:15,06:15,495,F|S,11,10,8,10,30,45,8,38.5,30,0.15,0,2.0.0,20261164
PK-020,2026-11-12,history,-18,Donnerstag,4,46,0,0,,Pflegefachkraft,Pflegefachkraft,EXAM|KARDIO_MONITORING,0.5,19.25,4620,4620,4158,5082,5,2,2,8,1,1,Pflegefachkraft,0,0.0,-930,30,28,7,4,1,5309,1,,,,,,0,,0,,5,3,4,1,2124,1,4,3,3,1,1858,1,3,2,3,0,1327,0,ST-GER1,Normalstation Geriatrie,40,Geriatrie,10.0,20.0,06:00,14:00,450,,13:30,21:30,450,F,21:15,06:15,495,F|S,11,10,8,10,30,45,8,38.5,30,0.15,0,2.0.0,20261164
PK-021,2026-11-12,history,-18,Donnerstag,4,46,0,0,,Pflegefachkraft,Pflegefachkraft,EXAM,0.8,30.8,7392,7392,6653,8131,5,2,2,8,1,1,Pflegefachkraft,0,0.0,-1722,30,28,7,4,1,5309,1,,,,,F,0,,0,,5,3,4,1,2124,1,4,3,3,1,1858,1,3,2,3,0,1327,0,ST-GER1,Normalstation Geriatrie,40,Geriatrie,10.0,20.0,06:00,14:00,450,,13:30,21:30,450,F,21:15,06:15,495,F|S,11,10,8,10,30,45,8,38.5,30,0.15,0,2.0.0,20261164
PK-022,2026-11-12,history,-18,Donnerstag,4,46,0,0,,Pflegefachkraft,Pflegefachkraft,EXAM|PRAXISANLEITUNG|KARDIO_MONITORING,0.5,19.25,4620,4620,4158,5082,5,2,2,8,1,1,Pflegefachkraft,0,0.0,-930,30,28,7,4,1,5309,1,,,,,,0,,0,,5,3,4,1,2124,1,4,3,3,1,1858,1,3,2,3,0,1327,0,ST-GER1,Normalstation Geriatrie,40,Geriatrie,10.0,20.0,06:00,14:00,450,,13:30,21:30,450,F,21:15,06:15,495,F|S,11,10,8,10,30,45,8,38.5,30,0.15,0,2.0.0,20261164
AZ-001,2026-11-13,history,-17,Freitag,5,46,0,0,,Auszubildende_r_3_Ausbildungsjahr,Auszubildende,AUSZUBILDEND,1.0,38.5,9240,9240,8316,10164,5,2,2,8,1,0,nicht anrechenbar,0,0.0,-9240,26,26,2,3,1,4126,1,,,,,,0,,0,,4,3,3,1,1650,1,3,3,2,1,1444,1,2,2,2,0,1032,0,ST-GER1,Normalstation Geriatrie,40,Geriatrie,10.0,20.0,06:00,14:00,450,,13:30,21:30,450,F,21:15,06:15,495,F|S,11,10,8,10,30,45,8,38.5,30,0.15,0,2.0.0,20261164
AZ-002,2026-11-13,history,-17,Freitag,5,46,0,0,,Auszubildende_r_2_Ausbildungsjahr,Auszubildende,AUSZUBILDEND,1.0,38.5,9240,9240,8316,10164,5,2,2,8,1,0,nicht anrechenbar,0,0.0,-9240,26,26,2,3,1,4126,1,,,,,,0,,0,,4,3,3,1,1650,1,3,3,2,1,1444,1,2,2,2,0,1032,0,ST-GER1,Normalstation Geriatrie,40,Geriatrie,10.0,20.0,06:00,14:00,450,,13:30,21:30,450,F,21:15,06:15,495,F|S,11,10,8,10,30,45,8,38.5,30,0.15,0,2.0.0,20261164
AZ-003,2026-11-13,history,-17,Freitag,5,46,0,0,,Auszubildende_r_1_Ausbildungsjahr,Auszubildende,AUSZUBILDEND,1.0,38.5,9240,9240,8316,10164,5,2,2,0,0,0,nicht anrechenbar,0,0.0,-9240,26,26,2,3,1,4126,1,,,,,,0,,0,,4,3,3,1,1650,1,3,3,2,1,1444,1,2,2,2,0,1032,0,ST-GER1,Normalstation Geriatrie,40,Geriatrie,10.0,20.0,06:00,14:00,450,,13:30,21:30,450,F,21:15,06:15,495,F|S,11,10,8,10,30,45,8,38.5,30,0.15,0,2.0.0,20261164
PH-001,2026-11-13,history,-17,Freitag,5,46,0,0,,Pflegehilfskraft,Pflegehilfskraft,PFLEGEHILFE,0.75,28.88,6931,6931,6238,7624,5,2,2,0,0,1,Pflegehilfskraft,0,0.0,-1530,26,26,2,3,1,4126,1,,,,,,0,,0,,4,3,3,1,1650,1,3,3,2,1,1444,1,2,2,2,0,1032,0,ST-GER1,Normalstation Geriatrie,40,Geriatrie,10.0,20.0,06:00,14:00,450,,13:30,21:30,450,F,21:15,06:15,495,F|S,11,10,8,10,30,45,8,38.5,30,0.15,0,2.0.0,20261164
PH-002,2026-11-13,history,-17,Freitag,5,46,0,0,,Pflegehilfskraft,Pflegehilfskraft,PFLEGEHILFE,0.75,28.88,6931,6931,6238,7624,5,2,2,0,0,1,Pflegehilfskraft,0,0.0,-1530,26,26,2,3,1,4126,1,,,,,,0,,0,,4,3,3,1,1650,1,3,3,2,1,1444,1,2,2,2,0,1032,0,ST-GER1,Normalstation Geriatrie,40,Geriatrie,10.0,20.0,06:00,14:00,450,,13:30,21:30,450,F,21:15,06:15,495,F|S,11,10,8,10,30,45,8,38.5,30,0.15,0,2.0.0,20261164
PH-003,2026-11-13,history,-17,Freitag,5,46,0,0,,Pflegehilfskraft,Pflegehilfskraft,PFLEGEHILFE,0.5,19.25,4620,4620,4158,5082,5,2,2,0,0,1,Pflegehilfskraft,0,0.0,-1020,26,26,2,3,1,4126,1,,,,,F,0,,0,,4,3,3,1,1650,1,3,3,2,1,1444,1,2,2,2,0,1032,0,ST-GER1,Normalstation Geriatrie,40,Geriatrie,10.0,20.0,06:00,14:00,450,,13:30,21:30,450,F,21:15,06:15,495,F|S,11,10,8,10,30,45,8,38.5,30,0.15,0,2.0.0,20261164
PK-001,2026-11-13,history,-17,Freitag,5,46,0,0,,Stationsleitung,Pflegefachkraft,EXAM|LEITUNG|PRAXISANLEITUNG,1.0,38.5,9240,4620,4158,5082,5,2,2,0,0,1,Pflegefachkraft,1,0.5,4464,26,26,2,3,1,4126,1,,,,,F,0,,0,,4,3,3,1,1650,1,3,3,2,1,1444,1,2,2,2,0,1032,0,ST-GER1,Normalstation Geriatrie,40,Geriatrie,10.0,20.0,06:00,14:00,450,,13:30,21:30,450,F,21:15,06:15,495,F|S,11,10,8,10,30,45,8,38.5,30,0.15,0,2.0.0,20261164
PK-002,2026-11-13,history,-17,Freitag,5,46,0,0,,Pflegefachkraft,Pflegefachkraft,EXAM|KARDIO_MONITORING,1.0,38.5,9240,9240,8316,10164,5,2,2,8,1,1,Pflegefachkraft,0,0.0,-2310,26,26,2,3,1,4126,1,,,,,,0,,0,,4,3,3,1,1650,1,3,3,2,1,1444,1,2,2,2,0,1032,0,ST-GER1,Normalstation Geriatrie,40,Geriatrie,10.0,20.0,06:00,14:00,450,,13:30,21:30,450,F,21:15,06:15,495,F|S,11,10,8,10,30,45,8,38.5,30,0.15,0,2.0.0,20261164
PK-003,2026-11-13,history,-17,Freitag,5,46,0,0,,Pflegefachkraft,Pflegefachkraft,EXAM|PRAXISANLEITUNG|KARDIO_MONITORING,1.0,38.5,9240,9240,8316,10164,5,2,2,8,1,1,Pflegefachkraft,0,0.0,-2265,26,26,2,3,1,4126,1,,,,,,0,,0,,4,3,3,1,1650,1,3,3,2,1,1444,1,2,2,2,0,1032,0,ST-GER1,Normalstation Geriatrie,40,Geriatrie,10.0,20.0,06:00,14:00,450,,13:30,21:30,450,F,21:15,06:15,495,F|S,11,10,8,10,30,45,8,38.5,30,0.15,0,2.0.0,20261164
PK-004,2026-11-13,history,-17,Freitag,5,46,0,0,,Pflegefachkraft,Pflegefachkraft,EXAM,0.7,26.95,6468,6468,5821,7115,5,2,2,8,1,1,Pflegefachkraft,0,0.0,-1518,26,26,2,3,1,4126,1,,,,,,0,,0,,4,3,3,1,1650,1,3,3,2,1,1444,1,2,2,2,0,1032,0,ST-GER1,Normalstation Geriatrie,40,Geriatrie,10.0,20.0,06:00,14:00,450,,13:30,21:30,450,F,21:15,06:15,495,F|S,11,10,8,10,30,45,8,38.5,30,0.15,0,2.0.0,20261164
PK-005,2026-11-13,history,-17,Freitag,5,46,0,0,,Pflegefachkraft,Pflegefachkraft,EXAM|PRAXISANLEITUNG,1.0,38.5,9240,9240,8316,10164,5,2,2,8,1,1,Pflegefachkraft,0,0.0,-2400,26,26,2,3,1,4126,1,,,,,S,0,,0,,4,3,3,1,1650,1,3,3,2,1,1444,1,2,2,2,0,1032,0,ST-GER1,Normalstation Geriatrie,40,Geriatrie,10.0,20.0,06:00,14:00,450,,13:30,21:30,450,F,21:15,06:15,495,F|S,11,10,8,10,30,45,8,38.5,30,0.15,0,2.0.0,20261164
PK-006,2026-11-13,history,-17,Freitag,5,46,0,0,,Pflegefachkraft,Pflegefachkraft,EXAM|KARDIO_MONITORING,0.6,23.1,5544,5544,4990,6098,5,2,2,8,1,1,Pflegefachkraft,0,0.0,536,26,26,2,3,1,4126,1,,,,,,0,,0,,4,3,3,1,1650,1,3,3,2,1,1444,1,2,2,2,0,1032,0,ST-GER1,Normalstation Geriatrie,40,Geriatrie,10.0,20.0,06:00,14:00,450,,13:30,21:30,450,F,21:15,06:15,495,F|S,11,10,8,10,30,45,8,38.5,30,0.15,0,2.0.0,20261164
PK-007,2026-11-13,history,-17,Freitag,5,46,0,0,,Pflegefachkraft,Pflegefachkraft,EXAM|PRAXISANLEITUNG|KARDIO_MONITORING,0.75,28.88,6931,6931,6238,7624,5,2,2,8,1,1,Pflegefachkraft,0,0.0,716,26,26,2,3,1,4126,0,URLAUB,,,,,0,,0,,4,3,3,1,1650,1,3,3,2,1,1444,1,2,2,2,0,1032,0,ST-GER1,Normalstation Geriatrie,40,Geriatrie,10.0,20.0,06:00,14:00,450,,13:30,21:30,450,F,21:15,06:15,495,F|S,11,10,8,10,30,45,8,38.5,30,0.15,0,2.0.0,20261164
PK-008,2026-11-13,history,-17,Freitag,5,46,0,0,,Pflegefachkraft,Pflegefachkraft,EXAM,1.0,38.5,9240,9240,8316,10164,5,2,2,8,1,1,Pflegefachkraft,0,0.0,-2580,26,26,2,3,1,4126,1,,,,,F,0,,0,,4,3,3,1,1650,1,3,3,2,1,1444,1,2,2,2,0,1032,0,ST-GER1,Normalstation Geriatrie,40,Geriatrie,10.0,20.0,06:00,14:00,450,,13:30,21:30,450,F,21:15,06:15,495,F|S,11,10,8,10,30,45,8,38.5,30,0.15,0,2.0.0,20261164
PK-009,2026-11-13,history,-17,Freitag,5,46,0,0,,Pflegefachkraft,Pflegefachkraft,EXAM,1.0,38.5,9240,9240,8316,10164,5,2,2,8,1,1,Pflegefachkraft,0,0.0,-2130,26,26,2,3,1,4126,1,,,,,N,0,,0,,4,3,3,1,1650,1,3,3,2,1,1444,1,2,2,2,0,1032,0,ST-GER1,Normalstation Geriatrie,40,Geriatrie,10.0,20.0,06:00,14:00,450,,13:30,21:30,450,F,21:15,06:15,495,F|S,11,10,8,10,30,45,8,38.5,30,0.15,0,2.0.0,20261164
PK-010,2026-11-13,history,-17,Freitag,5,46,0,0,,Pflegefachkraft,Pflegefachkraft,EXAM,0.6,23.1,5544,5544,4990,6098,5,2,2,8,1,1,Pflegefachkraft,0,0.0,-1404,26,26,2,3,1,4126,1,,,,,,0,,0,,4,3,3,1,1650,1,3,3,2,1,1444,1,2,2,2,0,1032,0,ST-GER1,Normalstation Geriatrie,40,Geriatrie,10.0,20.0,06:00,14:00,450,,13:30,21:30,450,F,21:15,06:15,495,F|S,11,10,8,10,30,45,8,38.5,30,0.15,0,2.0.0,20261164
PK-011,2026-11-13,history,-17,Freitag,5,46,0,0,,Pflegefachkraft,Pflegefachkraft,EXAM,1.0,38.5,9240,9240,8316,10164,5,2,2,8,1,1,Pflegefachkraft,0,0.0,-2130,26,26,2,3,1,4126,1,,,,,N,0,,0,,4,3,3,1,1650,1,3,3,2,1,1444,1,2,2,2,0,1032,0,ST-GER1,Normalstation Geriatrie,40,Geriatrie,10.0,20.0,06:00,14:00,450,,13:30,21:30,450,F,21:15,06:15,495,F|S,11,10,8,10,30,45,8,38.5,30,0.15,0,2.0.0,20261164
PK-012,2026-11-13,history,-17,Freitag,5,46,0,0,,Pflegefachkraft,Pflegefachkraft,EXAM|KARDIO_MONITORING,1.0,38.5,9240,9240,8316,10164,5,2,2,8,1,1,Pflegefachkraft,0,0.0,-2265,26,26,2,3,1,4126,1,,,,,S,0,,0,,4,3,3,1,1650,1,3,3,2,1,1444,1,2,2,2,0,1032,0,ST-GER1,Normalstation Geriatrie,40,Geriatrie,10.0,20.0,06:00,14:00,450,,13:30,21:30,450,F,21:15,06:15,495,F|S,11,10,8,10,30,45,8,38.5,30,0.15,0,2.0.0,20261164
PK-013,2026-11-13,history,-17,Freitag,5,46,0,0,,Pflegefachkraft,Pflegefachkraft,EXAM,1.0,38.5,9240,9240,8316,10164,5,2,2,8,1,1,Pflegefachkraft,0,0.0,-2310,26,26,2,3,1,4126,1,,,,,,0,,0,,4,3,3,1,1650,1,3,3,2,1,1444,1,2,2,2,0,1032,0,ST-GER1,Normalstation Geriatrie,40,Geriatrie,10.0,20.0,06:00,14:00,450,,13:30,21:30,450,F,21:15,06:15,495,F|S,11,10,8,10,30,45,8,38.5,30,0.15,0,2.0.0,20261164
PK-014,2026-11-13,history,-17,Freitag,5,46,0,0,,Pflegefachkraft,Pflegefachkraft,EXAM,0.8,30.8,7392,7392,6653,8131,5,2,2,8,1,1,Pflegefachkraft,0,0.0,-1542,26,26,2,3,1,4126,1,,,,,,0,,0,,4,3,3,1,1650,1,3,3,2,1,1444,1,2,2,2,0,1032,0,ST-GER1,Normalstation Geriatrie,40,Geriatrie,10.0,20.0,06:00,14:00,450,,13:30,21:30,450,F,21:15,06:15,495,F|S,11,10,8,10,30,45,8,38.5,30,0.15,0,2.0.0,20261164
PK-015,2026-11-13,history,-17,Freitag,5,46,0,0,,Pflegefachkraft,Pflegefachkraft,EXAM,0.6,23.1,5544,5544,4990,6098,5,2,2,8,1,1,Pflegefachkraft,0,0.0,-1404,26,26,2,3,1,4126,1,,,,,,0,,0,,4,3,3,1,1650,1,3,3,2,1,1444,1,2,2,2,0,1032,0,ST-GER1,Normalstation Geriatrie,40,Geriatrie,10.0,20.0,06:00,14:00,450,,13:30,21:30,450,F,21:15,06:15,495,F|S,11,10,8,10,30,45,8,38.5,30,0.15,0,2.0.0,20261164
PK-016,2026-11-13,history,-17,Freitag,5,46,0,0,,Pflegefachkraft,Pflegefachkraft,EXAM,0.75,28.88,6931,6931,6238,7624,5,2,2,8,1,1,Pflegefachkraft,0,0.0,-1485,26,26,2,3,1,4126,1,,,,,,0,,0,,4,3,3,1,1650,1,3,3,2,1,1444,1,2,2,2,0,1032,0,ST-GER1,Normalstation Geriatrie,40,Geriatrie,10.0,20.0,06:00,14:00,450,,13:30,21:30,450,F,21:15,06:15,495,F|S,11,10,8,10,30,45,8,38.5,30,0.15,0,2.0.0,20261164
PK-017,2026-11-13,history,-17,Freitag,5,46,0,0,,Pflegefachkraft,Pflegefachkraft,EXAM,0.7,26.95,6468,6468,5821,7115,5,2,2,8,1,1,Pflegefachkraft,0,0.0,-1473,26,26,2,3,1,4126,1,,,,,F,0,,0,,4,3,3,1,1650,1,3,3,2,1,1444,1,2,2,2,0,1032,0,ST-GER1,Normalstation Geriatrie,40,Geriatrie,10.0,20.0,06:00,14:00,450,,13:30,21:30,450,F,21:15,06:15,495,F|S,11,10,8,10,30,45,8,38.5,30,0.15,0,2.0.0,20261164
PK-018,2026-11-13,history,-17,Freitag,5,46,0,0,,Pflegefachkraft,Pflegefachkraft,EXAM|PRAXISANLEITUNG|KARDIO_MONITORING,0.9,34.65,8316,8316,7484,9148,5,2,2,8,1,1,Pflegefachkraft,0,0.0,-1971,26,26,2,3,1,4126,1,,,,,,0,,0,,4,3,3,1,1650,1,3,3,2,1,1444,1,2,2,2,0,1032,0,ST-GER1,Normalstation Geriatrie,40,Geriatrie,10.0,20.0,06:00,14:00,450,,13:30,21:30,450,F,21:15,06:15,495,F|S,11,10,8,10,30,45,8,38.5,30,0.15,0,2.0.0,20261164
PK-019,2026-11-13,history,-17,Freitag,5,46,0,0,,Pflegefachkraft,Pflegefachkraft,EXAM,0.8,30.8,7392,7392,6653,8131,5,2,2,8,1,1,Pflegefachkraft,0,0.0,-1902,26,26,2,3,1,4126,1,,,,,,0,,0,,4,3,3,1,1650,1,3,3,2,1,1444,1,2,2,2,0,1032,0,ST-GER1,Normalstation Geriatrie,40,Geriatrie,10.0,20.0,06:00,14:00,450,,13:30,21:30,450,F,21:15,06:15,495,F|S,11,10,8,10,30,45,8,38.5,30,0.15,0,2.0.0,20261164
PK-020,2026-11-13,history,-17,Freitag,5,46,0,0,,Pflegefachkraft,Pflegefachkraft,EXAM|KARDIO_MONITORING,0.5,19.25,4620,4620,4158,5082,5,2,2,8,1,1,Pflegefachkraft,0,0.0,-930,26,26,2,3,1,4126,1,,,,,S,0,,0,,4,3,3,1,1650,1,3,3,2,1,1444,1,2,2,2,0,1032,0,ST-GER1,Normalstation Geriatrie,40,Geriatrie,10.0,20.0,06:00,14:00,450,,13:30,21:30,450,F,21:15,06:15,495,F|S,11,10,8,10,30,45,8,38.5,30,0.15,0,2.0.0,20261164
PK-021,2026-11-13,history,-17,Freitag,5,46,0,0,,Pflegefachkraft,Pflegefachkraft,EXAM,0.8,30.8,7392,7392,6653,8131,5,2,2,8,1,1,Pflegefachkraft,0,0.0,-1722,26,26,2,3,1,4126,1,,,,,,0,,0,,4,3,3,1,1650,1,3,3,2,1,1444,1,2,2,2,0,1032,0,ST-GER1,Normalstation Geriatrie,40,Geriatrie,10.0,20.0,06:00,14:00,450,,13:30,21:30,450,F,21:15,06:15,495,F|S,11,10,8,10,30,45,8,38.5,30,0.15,0,2.0.0,20261164
PK-022,2026-11-13,history,-17,Freitag,5,46,0,0,,Pflegefachkraft,Pflegefachkraft,EXAM|PRAXISANLEITUNG|KARDIO_MONITORING,0.5,19.25,4620,4620,4158,5082,5,2,2,8,1,1,Pflegefachkraft,0,0.0,-930,26,26,2,3,1,4126,1,,,,,,0,,0,,4,3,3,1,1650,1,3,3,2,1,1444,1,2,2,2,0,1032,0,ST-GER1,Normalstation Geriatrie,40,Geriatrie,10.0,20.0,06:00,14:00,450,,13:30,21:30,450,F,21:15,06:15,495,F|S,11,10,8,10,30,45,8,38.5,30,0.15,0,2.0.0,20261164
AZ-001,2026-11-14,history,-16,Samstag,6,46,1,0,,Auszubildende_r_3_Ausbildungsjahr,Auszubildende,AUSZUBILDEND,1.0,38.5,9240,9240,8316,10164,5,2,2,8,1,0,nicht anrechenbar,0,0.0,-9240,26,25,3,5,3,4618,1,,,,,,0,,0,,4,3,3,1,1847,1,4,3,3,1,1616,1,2,2,2,0,1154,0,ST-GER1,Normalstation Geriatrie,40,Geriatrie,10.0,20.0,06:00,14:00,450,,13:30,21:30,450,F,21:15,06:15,495,F|S,11,10,8,10,30,45,8,38.5,30,0.15,0,2.0.0,20261164
AZ-002,2026-11-14,history,-16,Samstag,6,46,1,0,,Auszubildende_r_2_Ausbildungsjahr,Auszubildende,AUSZUBILDEND,1.0,38.5,9240,9240,8316,10164,5,2,2,8,1,0,nicht anrechenbar,0,0.0,-9240,26,25,3,5,3,4618,1,,,,,,0,,0,,4,3,3,1,1847,1,4,3,3,1,1616,1,2,2,2,0,1154,0,ST-GER1,Normalstation Geriatrie,40,Geriatrie,10.0,20.0,06:00,14:00,450,,13:30,21:30,450,F,21:15,06:15,495,F|S,11,10,8,10,30,45,8,38.5,30,0.15,0,2.0.0,20261164
AZ-003,2026-11-14,history,-16,Samstag,6,46,1,0,,Auszubildende_r_1_Ausbildungsjahr,Auszubildende,AUSZUBILDEND,1.0,38.5,9240,9240,8316,10164,5,2,2,0,0,0,nicht anrechenbar,0,0.0,-9240,26,25,3,5,3,4618,1,,,,,,0,,0,,4,3,3,1,1847,1,4,3,3,1,1616,1,2,2,2,0,1154,0,ST-GER1,Normalstation Geriatrie,40,Geriatrie,10.0,20.0,06:00,14:00,450,,13:30,21:30,450,F,21:15,06:15,495,F|S,11,10,8,10,30,45,8,38.5,30,0.15,0,2.0.0,20261164
PH-001,2026-11-14,history,-16,Samstag,6,46,1,0,,Pflegehilfskraft,Pflegehilfskraft,PFLEGEHILFE,0.75,28.88,6931,6931,6238,7624,5,2,2,0,0,1,Pflegehilfskraft,0,0.0,-1530,26,25,3,5,3,4618,1,,,,,S,0,,0,,4,3,3,1,1847,1,4,3,3,1,1616,1,2,2,2,0,1154,0,ST-GER1,Normalstation Geriatrie,40,Geriatrie,10.0,20.0,06:00,14:00,450,,13:30,21:30,450,F,21:15,06:15,495,F|S,11,10,8,10,30,45,8,38.5,30,0.15,0,2.0.0,20261164
PH-002,2026-11-14,history,-16,Samstag,6,46,1,0,,Pflegehilfskraft,Pflegehilfskraft,PFLEGEHILFE,0.75,28.88,6931,6931,6238,7624,5,2,2,0,0,1,Pflegehilfskraft,0,0.0,-1530,26,25,3,5,3,4618,1,,,,,,0,,0,,4,3,3,1,1847,1,4,3,3,1,1616,1,2,2,2,0,1154,0,ST-GER1,Normalstation Geriatrie,40,Geriatrie,10.0,20.0,06:00,14:00,450,,13:30,21:30,450,F,21:15,06:15,495,F|S,11,10,8,10,30,45,8,38.5,30,0.15,0,2.0.0,20261164
PH-003,2026-11-14,history,-16,Samstag,6,46,1,0,,Pflegehilfskraft,Pflegehilfskraft,PFLEGEHILFE,0.5,19.25,4620,4620,4158,5082,5,2,2,0,0,1,Pflegehilfskraft,0,0.0,-1020,26,25,3,5,3,4618,1,,,,,,0,,0,,4,3,3,1,1847,1,4,3,3,1,1616,1,2,2,2,0,1154,0,ST-GER1,Normalstation Geriatrie,40,Geriatrie,10.0,20.0,06:00,14:00,450,,13:30,21:30,450,F,21:15,06:15,495,F|S,11,10,8,10,30,45,8,38.5,30,0.15,0,2.0.0,20261164
PK-001,2026-11-14,history,-16,Samstag,6,46,1,0,,Stationsleitung,Pflegefachkraft,EXAM|LEITUNG|PRAXISANLEITUNG,1.0,38.5,9240,4620,4158,5082,5,2,2,0,0,1,Pflegefachkraft,1,0.5,4464,26,25,3,5,3,4618,1,,,,,,0,,0,,4,3,3,1,1847,1,4,3,3,1,1616,1,2,2,2,0,1154,0,ST-GER1,Normalstation Geriatrie,40,Geriatrie,10.0,20.0,06:00,14:00,450,,13:30,21:30,450,F,21:15,06:15,495,F|S,11,10,8,10,30,45,8,38.5,30,0.15,0,2.0.0,20261164
PK-002,2026-11-14,history,-16,Samstag,6,46,1,0,,Pflegefachkraft,Pflegefachkraft,EXAM|KARDIO_MONITORING,1.0,38.5,9240,9240,8316,10164,5,2,2,8,1,1,Pflegefachkraft,0,0.0,-2310,26,25,3,5,3,4618,1,,,,,,0,,0,,4,3,3,1,1847,1,4,3,3,1,1616,1,2,2,2,0,1154,0,ST-GER1,Normalstation Geriatrie,40,Geriatrie,10.0,20.0,06:00,14:00,450,,13:30,21:30,450,F,21:15,06:15,495,F|S,11,10,8,10,30,45,8,38.5,30,0.15,0,2.0.0,20261164
PK-003,2026-11-14,history,-16,Samstag,6,46,1,0,,Pflegefachkraft,Pflegefachkraft,EXAM|PRAXISANLEITUNG|KARDIO_MONITORING,1.0,38.5,9240,9240,8316,10164,5,2,2,8,1,1,Pflegefachkraft,0,0.0,-2265,26,25,3,5,3,4618,1,,,,,F,0,,0,,4,3,3,1,1847,1,4,3,3,1,1616,1,2,2,2,0,1154,0,ST-GER1,Normalstation Geriatrie,40,Geriatrie,10.0,20.0,06:00,14:00,450,,13:30,21:30,450,F,21:15,06:15,495,F|S,11,10,8,10,30,45,8,38.5,30,0.15,0,2.0.0,20261164
PK-004,2026-11-14,history,-16,Samstag,6,46,1,0,,Pflegefachkraft,Pflegefachkraft,EXAM,0.7,26.95,6468,6468,5821,7115,5,2,2,8,1,1,Pflegefachkraft,0,0.0,-1518,26,25,3,5,3,4618,1,,,,,,0,,0,,4,3,3,1,1847,1,4,3,3,1,1616,1,2,2,2,0,1154,0,ST-GER1,Normalstation Geriatrie,40,Geriatrie,10.0,20.0,06:00,14:00,450,,13:30,21:30,450,F,21:15,06:15,495,F|S,11,10,8,10,30,45,8,38.5,30,0.15,0,2.0.0,20261164
PK-005,2026-11-14,history,-16,Samstag,6,46,1,0,,Pflegefachkraft,Pflegefachkraft,EXAM|PRAXISANLEITUNG,1.0,38.5,9240,9240,8316,10164,5,2,2,8,1,1,Pflegefachkraft,0,0.0,-2400,26,25,3,5,3,4618,1,,,,,,0,,0,,4,3,3,1,1847,1,4,3,3,1,1616,1,2,2,2,0,1154,0,ST-GER1,Normalstation Geriatrie,40,Geriatrie,10.0,20.0,06:00,14:00,450,,13:30,21:30,450,F,21:15,06:15,495,F|S,11,10,8,10,30,45,8,38.5,30,0.15,0,2.0.0,20261164
PK-006,2026-11-14,history,-16,Samstag,6,46,1,0,,Pflegefachkraft,Pflegefachkraft,EXAM|KARDIO_MONITORING,0.6,23.1,5544,5544,4990,6098,5,2,2,8,1,1,Pflegefachkraft,0,0.0,536,26,25,3,5,3,4618,1,,,,,S,0,,0,,4,3,3,1,1847,1,4,3,3,1,1616,1,2,2,2,0,1154,0,ST-GER1,Normalstation Geriatrie,40,Geriatrie,10.0,20.0,06:00,14:00,450,,13:30,21:30,450,F,21:15,06:15,495,F|S,11,10,8,10,30,45,8,38.5,30,0.15,0,2.0.0,20261164
PK-007,2026-11-14,history,-16,Samstag,6,46,1,0,,Pflegefachkraft,Pflegefachkraft,EXAM|PRAXISANLEITUNG|KARDIO_MONITORING,0.75,28.88,6931,6931,6238,7624,5,2,2,8,1,1,Pflegefachkraft,0,0.0,716,26,25,3,5,3,4618,1,,,,,N,0,,0,,4,3,3,1,1847,1,4,3,3,1,1616,1,2,2,2,0,1154,0,ST-GER1,Normalstation Geriatrie,40,Geriatrie,10.0,20.0,06:00,14:00,450,,13:30,21:30,450,F,21:15,06:15,495,F|S,11,10,8,10,30,45,8,38.5,30,0.15,0,2.0.0,20261164
PK-008,2026-11-14,history,-16,Samstag,6,46,1,0,,Pflegefachkraft,Pflegefachkraft,EXAM,1.0,38.5,9240,9240,8316,10164,5,2,2,8,1,1,Pflegefachkraft,0,0.0,-2580,26,25,3,5,3,4618,1,,,,,,0,,0,,4,3,3,1,1847,1,4,3,3,1,1616,1,2,2,2,0,1154,0,ST-GER1,Normalstation Geriatrie,40,Geriatrie,10.0,20.0,06:00,14:00,450,,13:30,21:30,450,F,21:15,06:15,495,F|S,11,10,8,10,30,45,8,38.5,30,0.15,0,2.0.0,20261164
PK-009,2026-11-14,history,-16,Samstag,6,46,1,0,,Pflegefachkraft,Pflegefachkraft,EXAM,1.0,38.5,9240,9240,8316,10164,5,2,2,8,1,1,Pflegefachkraft,0,0.0,-2130,26,25,3,5,3,4618,1,,,,,,0,,0,,4,3,3,1,1847,1,4,3,3,1,1616,1,2,2,2,0,1154,0,ST-GER1,Normalstation Geriatrie,40,Geriatrie,10.0,20.0,06:00,14:00,450,,13:30,21:30,450,F,21:15,06:15,495,F|S,11,10,8,10,30,45,8,38.5,30,0.15,0,2.0.0,20261164
PK-010,2026-11-14,history,-16,Samstag,6,46,1,0,,Pflegefachkraft,Pflegefachkraft,EXAM,0.6,23.1,5544,5544,4990,6098,5,2,2,8,1,1,Pflegefachkraft,0,0.0,-1404,26,25,3,5,3,4618,1,,,,,,0,,0,,4,3,3,1,1847,1,4,3,3,1,1616,1,2,2,2,0,1154,0,ST-GER1,Normalstation Geriatrie,40,Geriatrie,10.0,20.0,06:00,14:00,450,,13:30,21:30,450,F,21:15,06:15,495,F|S,11,10,8,10,30,45,8,38.5,30,0.15,0,2.0.0,20261164
PK-011,2026-11-14,history,-16,Samstag,6,46,1,0,,Pflegefachkraft,Pflegefachkraft,EXAM,1.0,38.5,9240,9240,8316,10164,5,2,2,8,1,1,Pflegefachkraft,0,0.0,-2130,26,25,3,5,3,4618,1,,,,,,0,,0,,4,3,3,1,1847,1,4,3,3,1,1616,1,2,2,2,0,1154,0,ST-GER1,Normalstation Geriatrie,40,Geriatrie,10.0,20.0,06:00,14:00,450,,13:30,21:30,450,F,21:15,06:15,495,F|S,11,10,8,10,30,45,8,38.5,30,0.15,0,2.0.0,20261164
PK-012,2026-11-14,history,-16,Samstag,6,46,1,0,,Pflegefachkraft,Pflegefachkraft,EXAM|KARDIO_MONITORING,1.0,38.5,9240,9240,8316,10164,5,2,2,8,1,1,Pflegefachkraft,0,0.0,-2265,26,25,3,5,3,4618,1,,,,,,0,,0,,4,3,3,1,1847,1,4,3,3,1,1616,1,2,2,2,0,1154,0,ST-GER1,Normalstation Geriatrie,40,Geriatrie,10.0,20.0,06:00,14:00,450,,13:30,21:30,450,F,21:15,06:15,495,F|S,11,10,8,10,30,45,8,38.5,30,0.15,0,2.0.0,20261164
PK-013,2026-11-14,history,-16,Samstag,6,46,1,0,,Pflegefachkraft,Pflegefachkraft,EXAM,1.0,38.5,9240,9240,8316,10164,5,2,2,8,1,1,Pflegefachkraft,0,0.0,-2310,26,25,3,5,3,4618,1,,,,,,0,,0,,4,3,3,1,1847,1,4,3,3,1,1616,1,2,2,2,0,1154,0,ST-GER1,Normalstation Geriatrie,40,Geriatrie,10.0,20.0,06:00,14:00,450,,13:30,21:30,450,F,21:15,06:15,495,F|S,11,10,8,10,30,45,8,38.5,30,0.15,0,2.0.0,20261164
PK-014,2026-11-14,history,-16,Samstag,6,46,1,0,,Pflegefachkraft,Pflegefachkraft,EXAM,0.8,30.8,7392,7392,6653,8131,5,2,2,8,1,1,Pflegefachkraft,0,0.0,-1542,26,25,3,5,3,4618,1,,,,,F,0,,0,,4,3,3,1,1847,1,4,3,3,1,1616,1,2,2,2,0,1154,0,ST-GER1,Normalstation Geriatrie,40,Geriatrie,10.0,20.0,06:00,14:00,450,,13:30,21:30,450,F,21:15,06:15,495,F|S,11,10,8,10,30,45,8,38.5,30,0.15,0,2.0.0,20261164
PK-015,2026-11-14,history,-16,Samstag,6,46,1,0,,Pflegefachkraft,Pflegefachkraft,EXAM,0.6,23.1,5544,5544,4990,6098,5,2,2,8,1,1,Pflegefachkraft,0,0.0,-1404,26,25,3,5,3,4618,1,,,,,,0,,0,,4,3,3,1,1847,1,4,3,3,1,1616,1,2,2,2,0,1154,0,ST-GER1,Normalstation Geriatrie,40,Geriatrie,10.0,20.0,06:00,14:00,450,,13:30,21:30,450,F,21:15,06:15,495,F|S,11,10,8,10,30,45,8,38.5,30,0.15,0,2.0.0,20261164
PK-016,2026-11-14,history,-16,Samstag,6,46,1,0,,Pflegefachkraft,Pflegefachkraft,EXAM,0.75,28.88,6931,6931,6238,7624,5,2,2,8,1,1,Pflegefachkraft,0,0.0,-1485,26,25,3,5,3,4618,1,,,,,S,0,,0,,4,3,3,1,1847,1,4,3,3,1,1616,1,2,2,2,0,1154,0,ST-GER1,Normalstation Geriatrie,40,Geriatrie,10.0,20.0,06:00,14:00,450,,13:30,21:30,450,F,21:15,06:15,495,F|S,11,10,8,10,30,45,8,38.5,30,0.15,0,2.0.0,20261164
PK-017,2026-11-14,history,-16,Samstag,6,46,1,0,,Pflegefachkraft,Pflegefachkraft,EXAM,0.7,26.95,6468,6468,5821,7115,5,2,2,8,1,1,Pflegefachkraft,0,0.0,-1473,26,25,3,5,3,4618,1,,,,,,0,,0,,4,3,3,1,1847,1,4,3,3,1,1616,1,2,2,2,0,1154,0,ST-GER1,Normalstation Geriatrie,40,Geriatrie,10.0,20.0,06:00,14:00,450,,13:30,21:30,450,F,21:15,06:15,495,F|S,11,10,8,10,30,45,8,38.5,30,0.15,0,2.0.0,20261164
PK-018,2026-11-14,history,-16,Samstag,6,46,1,0,,Pflegefachkraft,Pflegefachkraft,EXAM|PRAXISANLEITUNG|KARDIO_MONITORING,0.9,34.65,8316,8316,7484,9148,5,2,2,8,1,1,Pflegefachkraft,0,0.0,-1971,26,25,3,5,3,4618,1,,,,,S,0,,0,,4,3,3,1,1847,1,4,3,3,1,1616,1,2,2,2,0,1154,0,ST-GER1,Normalstation Geriatrie,40,Geriatrie,10.0,20.0,06:00,14:00,450,,13:30,21:30,450,F,21:15,06:15,495,F|S,11,10,8,10,30,45,8,38.5,30,0.15,0,2.0.0,20261164
PK-019,2026-11-14,history,-16,Samstag,6,46,1,0,,Pflegefachkraft,Pflegefachkraft,EXAM,0.8,30.8,7392,7392,6653,8131,5,2,2,8,1,1,Pflegefachkraft,0,0.0,-1902,26,25,3,5,3,4618,1,,,,,F,0,,0,,4,3,3,1,1847,1,4,3,3,1,1616,1,2,2,2,0,1154,0,ST-GER1,Normalstation Geriatrie,40,Geriatrie,10.0,20.0,06:00,14:00,450,,13:30,21:30,450,F,21:15,06:15,495,F|S,11,10,8,10,30,45,8,38.5,30,0.15,0,2.0.0,20261164
PK-020,2026-11-14,history,-16,Samstag,6,46,1,0,,Pflegefachkraft,Pflegefachkraft,EXAM|KARDIO_MONITORING,0.5,19.25,4620,4620,4158,5082,5,2,2,8,1,1,Pflegefachkraft,0,0.0,-930,26,25,3,5,3,4618,1,,,,,,0,,0,,4,3,3,1,1847,1,4,3,3,1,1616,1,2,2,2,0,1154,0,ST-GER1,Normalstation Geriatrie,40,Geriatrie,10.0,20.0,06:00,14:00,450,,13:30,21:30,450,F,21:15,06:15,495,F|S,11,10,8,10,30,45,8,38.5,30,0.15,0,2.0.0,20261164
PK-021,2026-11-14,history,-16,Samstag,6,46,1,0,,Pflegefachkraft,Pflegefachkraft,EXAM,0.8,30.8,7392,7392,6653,8131,5,2,2,8,1,1,Pflegefachkraft,0,0.0,-1722,26,25,3,5,3,4618,1,,,,,F,0,,0,,4,3,3,1,1847,1,4,3,3,1,1616,1,2,2,2,0,1154,0,ST-GER1,Normalstation Geriatrie,40,Geriatrie,10.0,20.0,06:00,14:00,450,,13:30,21:30,450,F,21:15,06:15,495,F|S,11,10,8,10,30,45,8,38.5,30,0.15,0,2.0.0,20261164
PK-022,2026-11-14,history,-16,Samstag,6,46,1,0,,Pflegefachkraft,Pflegefachkraft,EXAM|PRAXISANLEITUNG|KARDIO_MONITORING,0.5,19.25,4620,4620,4158,5082,5,2,2,8,1,1,Pflegefachkraft,0,0.0,-930,26,25,3,5,3,4618,1,,,,,N,0,,0,,4,3,3,1,1847,1,4,3,3,1,1616,1,2,2,2,0,1154,0,ST-GER1,Normalstation Geriatrie,40,Geriatrie,10.0,20.0,06:00,14:00,450,,13:30,21:30,450,F,21:15,06:15,495,F|S,11,10,8,10,30,45,8,38.5,30,0.15,0,2.0.0,20261164
AZ-001,2026-11-15,history,-15,Sonntag,7,46,1,0,,Auszubildende_r_3_Ausbildungsjahr,Auszubildende,AUSZUBILDEND,1.0,38.5,9240,9240,8316,10164,5,2,2,8,1,0,nicht anrechenbar,0,0.0,-9240,26,25,1,2,1,4077,1,,,,,,0,,0,,4,3,3,1,1631,1,3,3,2,1,1427,1,2,2,2,0,1019,0,ST-GER1,Normalstation Geriatrie,40,Geriatrie,10.0,20.0,06:00,14:00,450,,13:30,21:30,450,F,21:15,06:15,495,F|S,11,10,8,10,30,45,8,38.5,30,0.15,0,2.0.0,20261164
AZ-002,2026-11-15,history,-15,Sonntag,7,46,1,0,,Auszubildende_r_2_Ausbildungsjahr,Auszubildende,AUSZUBILDEND,1.0,38.5,9240,9240,8316,10164,5,2,2,8,1,0,nicht anrechenbar,0,0.0,-9240,26,25,1,2,1,4077,1,,,,,,0,,0,,4,3,3,1,1631,1,3,3,2,1,1427,1,2,2,2,0,1019,0,ST-GER1,Normalstation Geriatrie,40,Geriatrie,10.0,20.0,06:00,14:00,450,,13:30,21:30,450,F,21:15,06:15,495,F|S,11,10,8,10,30,45,8,38.5,30,0.15,0,2.0.0,20261164
AZ-003,2026-11-15,history,-15,Sonntag,7,46,1,0,,Auszubildende_r_1_Ausbildungsjahr,Auszubildende,AUSZUBILDEND,1.0,38.5,9240,9240,8316,10164,5,2,2,0,0,0,nicht anrechenbar,0,0.0,-9240,26,25,1,2,1,4077,1,,,,,,0,,0,,4,3,3,1,1631,1,3,3,2,1,1427,1,2,2,2,0,1019,0,ST-GER1,Normalstation Geriatrie,40,Geriatrie,10.0,20.0,06:00,14:00,450,,13:30,21:30,450,F,21:15,06:15,495,F|S,11,10,8,10,30,45,8,38.5,30,0.15,0,2.0.0,20261164
PH-001,2026-11-15,history,-15,Sonntag,7,46,1,0,,Pflegehilfskraft,Pflegehilfskraft,PFLEGEHILFE,0.75,28.88,6931,6931,6238,7624,5,2,2,0,0,1,Pflegehilfskraft,0,0.0,-1530,26,25,1,2,1,4077,1,,,,,,0,,0,,4,3,3,1,1631,1,3,3,2,1,1427,1,2,2,2,0,1019,0,ST-GER1,Normalstation Geriatrie,40,Geriatrie,10.0,20.0,06:00,14:00,450,,13:30,21:30,450,F,21:15,06:15,495,F|S,11,10,8,10,30,45,8,38.5,30,0.15,0,2.0.0,20261164
PH-002,2026-11-15,history,-15,Sonntag,7,46,1,0,,Pflegehilfskraft,Pflegehilfskraft,PFLEGEHILFE,0.75,28.88,6931,6931,6238,7624,5,2,2,0,0,1,Pflegehilfskraft,0,0.0,-1530,26,25,1,2,1,4077,1,,,,,F,0,,0,,4,3,3,1,1631,1,3,3,2,1,1427,1,2,2,2,0,1019,0,ST-GER1,Normalstation Geriatrie,40,Geriatrie,10.0,20.0,06:00,14:00,450,,13:30,21:30,450,F,21:15,06:15,495,F|S,11,10,8,10,30,45,8,38.5,30,0.15,0,2.0.0,20261164
PH-003,2026-11-15,history,-15,Sonntag,7,46,1,0,,Pflegehilfskraft,Pflegehilfskraft,PFLEGEHILFE,0.5,19.25,4620,4620,4158,5082,5,2,2,0,0,1,Pflegehilfskraft,0,0.0,-1020,26,25,1,2,1,4077,1,,,,,,0,,0,,4,3,3,1,1631,1,3,3,2,1,1427,1,2,2,2,0,1019,0,ST-GER1,Normalstation Geriatrie,40,Geriatrie,10.0,20.0,06:00,14:00,450,,13:30,21:30,450,F,21:15,06:15,495,F|S,11,10,8,10,30,45,8,38.5,30,0.15,0,2.0.0,20261164
PK-001,2026-11-15,history,-15,Sonntag,7,46,1,0,,Stationsleitung,Pflegefachkraft,EXAM|LEITUNG|PRAXISANLEITUNG,1.0,38.5,9240,4620,4158,5082,5,2,2,0,0,1,Pflegefachkraft,1,0.5,4464,26,25,1,2,1,4077,1,,,,,F,0,,0,,4,3,3,1,1631,1,3,3,2,1,1427,1,2,2,2,0,1019,0,ST-GER1,Normalstation Geriatrie,40,Geriatrie,10.0,20.0,06:00,14:00,450,,13:30,21:30,450,F,21:15,06:15,495,F|S,11,10,8,10,30,45,8,38.5,30,0.15,0,2.0.0,20261164
PK-002,2026-11-15,history,-15,Sonntag,7,46,1,0,,Pflegefachkraft,Pflegefachkraft,EXAM|KARDIO_MONITORING,1.0,38.5,9240,9240,8316,10164,5,2,2,8,1,1,Pflegefachkraft,0,0.0,-2310,26,25,1,2,1,4077,1,,,,,S,0,,0,,4,3,3,1,1631,1,3,3,2,1,1427,1,2,2,2,0,1019,0,ST-GER1,Normalstation Geriatrie,40,Geriatrie,10.0,20.0,06:00,14:00,450,,13:30,21:30,450,F,21:15,06:15,495,F|S,11,10,8,10,30,45,8,38.5,30,0.15,0,2.0.0,20261164
PK-003,2026-11-15,history,-15,Sonntag,7,46,1,0,,Pflegefachkraft,Pflegefachkraft,EXAM|PRAXISANLEITUNG|KARDIO_MONITORING,1.0,38.5,9240,9240,8316,10164,5,2,2,8,1,1,Pflegefachkraft,0,0.0,-2265,26,25,1,2,1,4077,1,,,,,,0,,0,,4,3,3,1,1631,1,3,3,2,1,1427,1,2,2,2,0,1019,0,ST-GER1,Normalstation Geriatrie,40,Geriatrie,10.0,20.0,06:00,14:00,450,,13:30,21:30,450,F,21:15,06:15,495,F|S,11,10,8,10,30,45,8,38.5,30,0.15,0,2.0.0,20261164
PK-004,2026-11-15,history,-15,Sonntag,7,46,1,0,,Pflegefachkraft,Pflegefachkraft,EXAM,0.7,26.95,6468,6468,5821,7115,5,2,2,8,1,1,Pflegefachkraft,0,0.0,-1518,26,25,1,2,1,4077,1,,,,,,0,,0,,4,3,3,1,1631,1,3,3,2,1,1427,1,2,2,2,0,1019,0,ST-GER1,Normalstation Geriatrie,40,Geriatrie,10.0,20.0,06:00,14:00,450,,13:30,21:30,450,F,21:15,06:15,495,F|S,11,10,8,10,30,45,8,38.5,30,0.15,0,2.0.0,20261164
PK-005,2026-11-15,history,-15,Sonntag,7,46,1,0,,Pflegefachkraft,Pflegefachkraft,EXAM|PRAXISANLEITUNG,1.0,38.5,9240,9240,8316,10164,5,2,2,8,1,1,Pflegefachkraft,0,0.0,-2400,26,25,1,2,1,4077,1,,,,,,0,,0,,4,3,3,1,1631,1,3,3,2,1,1427,1,2,2,2,0,1019,0,ST-GER1,Normalstation Geriatrie,40,Geriatrie,10.0,20.0,06:00,14:00,450,,13:30,21:30,450,F,21:15,06:15,495,F|S,11,10,8,10,30,45,8,38.5,30,0.15,0,2.0.0,20261164
PK-006,2026-11-15,history,-15,Sonntag,7,46,1,0,,Pflegefachkraft,Pflegefachkraft,EXAM|KARDIO_MONITORING,0.6,23.1,5544,5544,4990,6098,5,2,2,8,1,1,Pflegefachkraft,0,0.0,536,26,25,1,2,1,4077,1,,,,,,0,,0,,4,3,3,1,1631,1,3,3,2,1,1427,1,2,2,2,0,1019,0,ST-GER1,Normalstation Geriatrie,40,Geriatrie,10.0,20.0,06:00,14:00,450,,13:30,21:30,450,F,21:15,06:15,495,F|S,11,10,8,10,30,45,8,38.5,30,0.15,0,2.0.0,20261164
PK-007,2026-11-15,history,-15,Sonntag,7,46,1,0,,Pflegefachkraft,Pflegefachkraft,EXAM|PRAXISANLEITUNG|KARDIO_MONITORING,0.75,28.88,6931,6931,6238,7624,5,2,2,8,1,1,Pflegefachkraft,0,0.0,716,26,25,1,2,1,4077,1,,,,,N,0,,0,,4,3,3,1,1631,1,3,3,2,1,1427,1,2,2,2,0,1019,0,ST-GER1,Normalstation Geriatrie,40,Geriatrie,10.0,20.0,06:00,14:00,450,,13:30,21:30,450,F,21:15,06:15,495,F|S,11,10,8,10,30,45,8,38.5,30,0.15,0,2.0.0,20261164
PK-008,2026-11-15,history,-15,Sonntag,7,46,1,0,,Pflegefachkraft,Pflegefachkraft,EXAM,1.0,38.5,9240,9240,8316,10164,5,2,2,8,1,1,Pflegefachkraft,0,0.0,-2580,26,25,1,2,1,4077,1,,,,,,0,,0,,4,3,3,1,1631,1,3,3,2,1,1427,1,2,2,2,0,1019,0,ST-GER1,Normalstation Geriatrie,40,Geriatrie,10.0,20.0,06:00,14:00,450,,13:30,21:30,450,F,21:15,06:15,495,F|S,11,10,8,10,30,45,8,38.5,30,0.15,0,2.0.0,20261164
PK-009,2026-11-15,history,-15,Sonntag,7,46,1,0,,Pflegefachkraft,Pflegefachkraft,EXAM,1.0,38.5,9240,9240,8316,10164,5,2,2,8,1,1,Pflegefachkraft,0,0.0,-2130,26,25,1,2,1,4077,1,,,,,N,0,,0,,4,3,3,1,1631,1,3,3,2,1,1427,1,2,2,2,0,1019,0,ST-GER1,Normalstation Geriatrie,40,Geriatrie,10.0,20.0,06:00,14:00,450,,13:30,21:30,450,F,21:15,06:15,495,F|S,11,10,8,10,30,45,8,38.5,30,0.15,0,2.0.0,20261164
PK-010,2026-11-15,history,-15,Sonntag,7,46,1,0,,Pflegefachkraft,Pflegefachkraft,EXAM,0.6,23.1,5544,5544,4990,6098,5,2,2,8,1,1,Pflegefachkraft,0,0.0,-1404,26,25,1,2,1,4077,1,,,,,F,0,,0,,4,3,3,1,1631,1,3,3,2,1,1427,1,2,2,2,0,1019,0,ST-GER1,Normalstation Geriatrie,40,Geriatrie,10.0,20.0,06:00,14:00,450,,13:30,21:30,450,F,21:15,06:15,495,F|S,11,10,8,10,30,45,8,38.5,30,0.15,0,2.0.0,20261164
PK-011,2026-11-15,history,-15,Sonntag,7,46,1,0,,Pflegefachkraft,Pflegefachkraft,EXAM,1.0,38.5,9240,9240,8316,10164,5,2,2,8,1,1,Pflegefachkraft,0,0.0,-2130,26,25,1,2,1,4077,1,,,,,F,0,,0,,4,3,3,1,1631,1,3,3,2,1,1427,1,2,2,2,0,1019,0,ST-GER1,Normalstation Geriatrie,40,Geriatrie,10.0,20.0,06:00,14:00,450,,13:30,21:30,450,F,21:15,06:15,495,F|S,11,10,8,10,30,45,8,38.5,30,0.15,0,2.0.0,20261164
PK-012,2026-11-15,history,-15,Sonntag,7,46,1,0,,Pflegefachkraft,Pflegefachkraft,EXAM|KARDIO_MONITORING,1.0,38.5,9240,9240,8316,10164,5,2,2,8,1,1,Pflegefachkraft,0,0.0,-2265,26,25,1,2,1,4077,1,,,,,,0,,0,,4,3,3,1,1631,1,3,3,2,1,1427,1,2,2,2,0,1019,0,ST-GER1,Normalstation Geriatrie,40,Geriatrie,10.0,20.0,06:00,14:00,450,,13:30,21:30,450,F,21:15,06:15,495,F|S,11,10,8,10,30,45,8,38.5,30,0.15,0,2.0.0,20261164
PK-013,2026-11-15,history,-15,Sonntag,7,46,1,0,,Pflegefachkraft,Pflegefachkraft,EXAM,1.0,38.5,9240,9240,8316,10164,5,2,2,8,1,1,Pflegefachkraft,0,0.0,-2310,26,25,1,2,1,4077,1,,,,,S,0,,0,,4,3,3,1,1631,1,3,3,2,1,1427,1,2,2,2,0,1019,0,ST-GER1,Normalstation Geriatrie,40,Geriatrie,10.0,20.0,06:00,14:00,450,,13:30,21:30,450,F,21:15,06:15,495,F|S,11,10,8,10,30,45,8,38.5,30,0.15,0,2.0.0,20261164
PK-014,2026-11-15,history,-15,Sonntag,7,46,1,0,,Pflegefachkraft,Pflegefachkraft,EXAM,0.8,30.8,7392,7392,6653,8131,5,2,2,8,1,1,Pflegefachkraft,0,0.0,-1542,26,25,1,2,1,4077,1,,,,,,0,,0,,4,3,3,1,1631,1,3,3,2,1,1427,1,2,2,2,0,1019,0,ST-GER1,Normalstation Geriatrie,40,Geriatrie,10.0,20.0,06:00,14:00,450,,13:30,21:30,450,F,21:15,06:15,495,F|S,11,10,8,10,30,45,8,38.5,30,0.15,0,2.0.0,20261164
PK-015,2026-11-15,history,-15,Sonntag,7,46,1,0,,Pflegefachkraft,Pflegefachkraft,EXAM,0.6,23.1,5544,5544,4990,6098,5,2,2,8,1,1,Pflegefachkraft,0,0.0,-1404,26,25,1,2,1,4077,1,,,,,S,0,,0,,4,3,3,1,1631,1,3,3,2,1,1427,1,2,2,2,0,1019,0,ST-GER1,Normalstation Geriatrie,40,Geriatrie,10.0,20.0,06:00,14:00,450,,13:30,21:30,450,F,21:15,06:15,495,F|S,11,10,8,10,30,45,8,38.5,30,0.15,0,2.0.0,20261164
PK-016,2026-11-15,history,-15,Sonntag,7,46,1,0,,Pflegefachkraft,Pflegefachkraft,EXAM,0.75,28.88,6931,6931,6238,7624,5,2,2,8,1,1,Pflegefachkraft,0,0.0,-1485,26,25,1,2,1,4077,1,,,,,,0,,0,,4,3,3,1,1631,1,3,3,2,1,1427,1,2,2,2,0,1019,0,ST-GER1,Normalstation Geriatrie,40,Geriatrie,10.0,20.0,06:00,14:00,450,,13:30,21:30,450,F,21:15,06:15,495,F|S,11,10,8,10,30,45,8,38.5,30,0.15,0,2.0.0,20261164
PK-017,2026-11-15,history,-15,Sonntag,7,46,1,0,,Pflegefachkraft,Pflegefachkraft,EXAM,0.7,26.95,6468,6468,5821,7115,5,2,2,8,1,1,Pflegefachkraft,0,0.0,-1473,26,25,1,2,1,4077,1,,,,,,0,,0,,4,3,3,1,1631,1,3,3,2,1,1427,1,2,2,2,0,1019,0,ST-GER1,Normalstation Geriatrie,40,Geriatrie,10.0,20.0,06:00,14:00,450,,13:30,21:30,450,F,21:15,06:15,495,F|S,11,10,8,10,30,45,8,38.5,30,0.15,0,2.0.0,20261164
PK-018,2026-11-15,history,-15,Sonntag,7,46,1,0,,Pflegefachkraft,Pflegefachkraft,EXAM|PRAXISANLEITUNG|KARDIO_MONITORING,0.9,34.65,8316,8316,7484,9148,5,2,2,8,1,1,Pflegefachkraft,0,0.0,-1971,26,25,1,2,1,4077,1,,,,,,0,,0,,4,3,3,1,1631,1,3,3,2,1,1427,1,2,2,2,0,1019,0,ST-GER1,Normalstation Geriatrie,40,Geriatrie,10.0,20.0,06:00,14:00,450,,13:30,21:30,450,F,21:15,06:15,495,F|S,11,10,8,10,30,45,8,38.5,30,0.15,0,2.0.0,20261164
PK-019,2026-11-15,history,-15,Sonntag,7,46,1,0,,Pflegefachkraft,Pflegefachkraft,EXAM,0.8,30.8,7392,7392,6653,8131,5,2,2,8,1,1,Pflegefachkraft,0,0.0,-1902,26,25,1,2,1,4077,1,,,,,,0,,0,,4,3,3,1,1631,1,3,3,2,1,1427,1,2,2,2,0,1019,0,ST-GER1,Normalstation Geriatrie,40,Geriatrie,10.0,20.0,06:00,14:00,450,,13:30,21:30,450,F,21:15,06:15,495,F|S,11,10,8,10,30,45,8,38.5,30,0.15,0,2.0.0,20261164
PK-020,2026-11-15,history,-15,Sonntag,7,46,1,0,,Pflegefachkraft,Pflegefachkraft,EXAM|KARDIO_MONITORING,0.5,19.25,4620,4620,4158,5082,5,2,2,8,1,1,Pflegefachkraft,0,0.0,-930,26,25,1,2,1,4077,1,,,,,,0,,0,,4,3,3,1,1631,1,3,3,2,1,1427,1,2,2,2,0,1019,0,ST-GER1,Normalstation Geriatrie,40,Geriatrie,10.0,20.0,06:00,14:00,450,,13:30,21:30,450,F,21:15,06:15,495,F|S,11,10,8,10,30,45,8,38.5,30,0.15,0,2.0.0,20261164
PK-021,2026-11-15,history,-15,Sonntag,7,46,1,0,,Pflegefachkraft,Pflegefachkraft,EXAM,0.8,30.8,7392,7392,6653,8131,5,2,2,8,1,1,Pflegefachkraft,0,0.0,-1722,26,25,1,2,1,4077,1,,,,,,0,,0,,4,3,3,1,1631,1,3,3,2,1,1427,1,2,2,2,0,1019,0,ST-GER1,Normalstation Geriatrie,40,Geriatrie,10.0,20.0,06:00,14:00,450,,13:30,21:30,450,F,21:15,06:15,495,F|S,11,10,8,10,30,45,8,38.5,30,0.15,0,2.0.0,20261164
PK-022,2026-11-15,history,-15,Sonntag,7,46,1,0,,Pflegefachkraft,Pflegefachkraft,EXAM|PRAXISANLEITUNG|KARDIO_MONITORING,0.5,19.25,4620,4620,4158,5082,5,2,2,8,1,1,Pflegefachkraft,0,0.0,-930,26,25,1,2,1,4077,1,,,,,,0,,0,,4,3,3,1,1631,1,3,3,2,1,1427,1,2,2,2,0,1019,0,ST-GER1,Normalstation Geriatrie,40,Geriatrie,10.0,20.0,06:00,14:00,450,,13:30,21:30,450,F,21:15,06:15,495,F|S,11,10,8,10,30,45,8,38.5,30,0.15,0,2.0.0,20261164
AZ-001,2026-11-16,history,-14,Montag,1,47,0,0,,Auszubildende_r_3_Ausbildungsjahr,Auszubildende,AUSZUBILDEND,1.0,38.5,9240,9240,8316,10164,5,2,2,8,1,0,nicht anrechenbar,0,0.0,-9240,29,27,3,3,1,4913,1,,,,,,0,,0,,4,3,3,1,1965,1,4,3,3,1,1720,1,2,2,2,0,1228,0,ST-GER1,Normalstation Geriatrie,40,Geriatrie,10.0,20.0,06:00,14:00,450,,13:30,21:30,450,F,21:15,06:15,495,F|S,11,10,8,10,30,45,8,38.5,30,0.15,0,2.0.0,20261164
AZ-002,2026-11-16,history,-14,Montag,1,47,0,0,,Auszubildende_r_2_Ausbildungsjahr,Auszubildende,AUSZUBILDEND,1.0,38.5,9240,9240,8316,10164,5,2,2,8,1,0,nicht anrechenbar,0,0.0,-9240,29,27,3,3,1,4913,1,,,,,,0,,0,,4,3,3,1,1965,1,4,3,3,1,1720,1,2,2,2,0,1228,0,ST-GER1,Normalstation Geriatrie,40,Geriatrie,10.0,20.0,06:00,14:00,450,,13:30,21:30,450,F,21:15,06:15,495,F|S,11,10,8,10,30,45,8,38.5,30,0.15,0,2.0.0,20261164
AZ-003,2026-11-16,history,-14,Montag,1,47,0,0,,Auszubildende_r_1_Ausbildungsjahr,Auszubildende,AUSZUBILDEND,1.0,38.5,9240,9240,8316,10164,5,2,2,0,0,0,nicht anrechenbar,0,0.0,-9240,29,27,3,3,1,4913,1,,,,,,0,,0,,4,3,3,1,1965,1,4,3,3,1,1720,1,2,2,2,0,1228,0,ST-GER1,Normalstation Geriatrie,40,Geriatrie,10.0,20.0,06:00,14:00,450,,13:30,21:30,450,F,21:15,06:15,495,F|S,11,10,8,10,30,45,8,38.5,30,0.15,0,2.0.0,20261164
PH-001,2026-11-16,history,-14,Montag,1,47,0,0,,Pflegehilfskraft,Pflegehilfskraft,PFLEGEHILFE,0.75,28.88,6931,6931,6238,7624,5,2,2,0,0,1,Pflegehilfskraft,0,0.0,-1530,29,27,3,3,1,4913,1,,,,,,0,,0,,4,3,3,1,1965,1,4,3,3,1,1720,1,2,2,2,0,1228,0,ST-GER1,Normalstation Geriatrie,40,Geriatrie,10.0,20.0,06:00,14:00,450,,13:30,21:30,450,F,21:15,06:15,495,F|S,11,10,8,10,30,45,8,38.5,30,0.15,0,2.0.0,20261164
PH-002,2026-11-16,history,-14,Montag,1,47,0,0,,Pflegehilfskraft,Pflegehilfskraft,PFLEGEHILFE,0.75,28.88,6931,6931,6238,7624,5,2,2,0,0,1,Pflegehilfskraft,0,0.0,-1530,29,27,3,3,1,4913,1,,,,,,0,,0,,4,3,3,1,1965,1,4,3,3,1,1720,1,2,2,2,0,1228,0,ST-GER1,Normalstation Geriatrie,40,Geriatrie,10.0,20.0,06:00,14:00,450,,13:30,21:30,450,F,21:15,06:15,495,F|S,11,10,8,10,30,45,8,38.5,30,0.15,0,2.0.0,20261164
PH-003,2026-11-16,history,-14,Montag,1,47,0,0,,Pflegehilfskraft,Pflegehilfskraft,PFLEGEHILFE,0.5,19.25,4620,4620,4158,5082,5,2,2,0,0,1,Pflegehilfskraft,0,0.0,-1020,29,27,3,3,1,4913,1,,,,,,0,,0,,4,3,3,1,1965,1,4,3,3,1,1720,1,2,2,2,0,1228,0,ST-GER1,Normalstation Geriatrie,40,Geriatrie,10.0,20.0,06:00,14:00,450,,13:30,21:30,450,F,21:15,06:15,495,F|S,11,10,8,10,30,45,8,38.5,30,0.15,0,2.0.0,20261164
PK-001,2026-11-16,history,-14,Montag,1,47,0,0,,Stationsleitung,Pflegefachkraft,EXAM|LEITUNG|PRAXISANLEITUNG,1.0,38.5,9240,4620,4158,5082,5,2,2,0,0,1,Pflegefachkraft,1,0.5,4464,29,27,3,3,1,4913,1,,,,,,0,,0,,4,3,3,1,1965,1,4,3,3,1,1720,1,2,2,2,0,1228,0,ST-GER1,Normalstation Geriatrie,40,Geriatrie,10.0,20.0,06:00,14:00,450,,13:30,21:30,450,F,21:15,06:15,495,F|S,11,10,8,10,30,45,8,38.5,30,0.15,0,2.0.0,20261164
PK-002,2026-11-16,history,-14,Montag,1,47,0,0,,Pflegefachkraft,Pflegefachkraft,EXAM|KARDIO_MONITORING,1.0,38.5,9240,9240,8316,10164,5,2,2,8,1,1,Pflegefachkraft,0,0.0,-2310,29,27,3,3,1,4913,1,,,,,,0,,0,,4,3,3,1,1965,1,4,3,3,1,1720,1,2,2,2,0,1228,0,ST-GER1,Normalstation Geriatrie,40,Geriatrie,10.0,20.0,06:00,14:00,450,,13:30,21:30,450,F,21:15,06:15,495,F|S,11,10,8,10,30,45,8,38.5,30,0.15,0,2.0.0,20261164
PK-003,2026-11-16,history,-14,Montag,1,47,0,0,,Pflegefachkraft,Pflegefachkraft,EXAM|PRAXISANLEITUNG|KARDIO_MONITORING,1.0,38.5,9240,9240,8316,10164,5,2,2,8,1,1,Pflegefachkraft,0,0.0,-2265,29,27,3,3,1,4913,1,,,,,S,0,,0,,4,3,3,1,1965,1,4,3,3,1,1720,1,2,2,2,0,1228,0,ST-GER1,Normalstation Geriatrie,40,Geriatrie,10.0,20.0,06:00,14:00,450,,13:30,21:30,450,F,21:15,06:15,495,F|S,11,10,8,10,30,45,8,38.5,30,0.15,0,2.0.0,20261164
PK-004,2026-11-16,history,-14,Montag,1,47,0,0,,Pflegefachkraft,Pflegefachkraft,EXAM,0.7,26.95,6468,6468,5821,7115,5,2,2,8,1,1,Pflegefachkraft,0,0.0,-1518,29,27,3,3,1,4913,1,,,,,F,0,,0,,4,3,3,1,1965,1,4,3,3,1,1720,1,2,2,2,0,1228,0,ST-GER1,Normalstation Geriatrie,40,Geriatrie,10.0,20.0,06:00,14:00,450,,13:30,21:30,450,F,21:15,06:15,495,F|S,11,10,8,10,30,45,8,38.5,30,0.15,0,2.0.0,20261164
PK-005,2026-11-16,history,-14,Montag,1,47,0,0,,Pflegefachkraft,Pflegefachkraft,EXAM|PRAXISANLEITUNG,1.0,38.5,9240,9240,8316,10164,5,2,2,8,1,1,Pflegefachkraft,0,0.0,-2400,29,27,3,3,1,4913,1,,,,,F,0,,0,,4,3,3,1,1965,1,4,3,3,1,1720,1,2,2,2,0,1228,0,ST-GER1,Normalstation Geriatrie,40,Geriatrie,10.0,20.0,06:00,14:00,450,,13:30,21:30,450,F,21:15,06:15,495,F|S,11,10,8,10,30,45,8,38.5,30,0.15,0,2.0.0,20261164
PK-006,2026-11-16,history,-14,Montag,1,47,0,0,,Pflegefachkraft,Pflegefachkraft,EXAM|KARDIO_MONITORING,0.6,23.1,5544,5544,4990,6098,5,2,2,8,1,1,Pflegefachkraft,0,0.0,536,29,27,3,3,1,4913,1,,,,,,0,,0,,4,3,3,1,1965,1,4,3,3,1,1720,1,2,2,2,0,1228,0,ST-GER1,Normalstation Geriatrie,40,Geriatrie,10.0,20.0,06:00,14:00,450,,13:30,21:30,450,F,21:15,06:15,495,F|S,11,10,8,10,30,45,8,38.5,30,0.15,0,2.0.0,20261164
PK-007,2026-11-16,history,-14,Montag,1,47,0,0,,Pflegefachkraft,Pflegefachkraft,EXAM|PRAXISANLEITUNG|KARDIO_MONITORING,0.75,28.88,6931,6931,6238,7624,5,2,2,8,1,1,Pflegefachkraft,0,0.0,716,29,27,3,3,1,4913,1,,,,,N,0,,0,,4,3,3,1,1965,1,4,3,3,1,1720,1,2,2,2,0,1228,0,ST-GER1,Normalstation Geriatrie,40,Geriatrie,10.0,20.0,06:00,14:00,450,,13:30,21:30,450,F,21:15,06:15,495,F|S,11,10,8,10,30,45,8,38.5,30,0.15,0,2.0.0,20261164
PK-008,2026-11-16,history,-14,Montag,1,47,0,0,,Pflegefachkraft,Pflegefachkraft,EXAM,1.0,38.5,9240,9240,8316,10164,5,2,2,8,1,1,Pflegefachkraft,0,0.0,-2580,29,27,3,3,1,4913,1,,,,,N,0,,0,,4,3,3,1,1965,1,4,3,3,1,1720,1,2,2,2,0,1228,0,ST-GER1,Normalstation Geriatrie,40,Geriatrie,10.0,20.0,06:00,14:00,450,,13:30,21:30,450,F,21:15,06:15,495,F|S,11,10,8,10,30,45,8,38.5,30,0.15,0,2.0.0,20261164
PK-009,2026-11-16,history,-14,Montag,1,47,0,0,,Pflegefachkraft,Pflegefachkraft,EXAM,1.0,38.5,9240,9240,8316,10164,5,2,2,8,1,1,Pflegefachkraft,0,0.0,-2130,29,27,3,3,1,4913,1,,,,,,0,,0,,4,3,3,1,1965,1,4,3,3,1,1720,1,2,2,2,0,1228,0,ST-GER1,Normalstation Geriatrie,40,Geriatrie,10.0,20.0,06:00,14:00,450,,13:30,21:30,450,F,21:15,06:15,495,F|S,11,10,8,10,30,45,8,38.5,30,0.15,0,2.0.0,20261164
PK-010,2026-11-16,history,-14,Montag,1,47,0,0,,Pflegefachkraft,Pflegefachkraft,EXAM,0.6,23.1,5544,5544,4990,6098,5,2,2,8,1,1,Pflegefachkraft,0,0.0,-1404,29,27,3,3,1,4913,1,,,,,,0,,0,,4,3,3,1,1965,1,4,3,3,1,1720,1,2,2,2,0,1228,0,ST-GER1,Normalstation Geriatrie,40,Geriatrie,10.0,20.0,06:00,14:00,450,,13:30,21:30,450,F,21:15,06:15,495,F|S,11,10,8,10,30,45,8,38.5,30,0.15,0,2.0.0,20261164
PK-011,2026-11-16,history,-14,Montag,1,47,0,0,,Pflegefachkraft,Pflegefachkraft,EXAM,1.0,38.5,9240,9240,8316,10164,5,2,2,8,1,1,Pflegefachkraft,0,0.0,-2130,29,27,3,3,1,4913,1,,,,,S,0,,0,,4,3,3,1,1965,1,4,3,3,1,1720,1,2,2,2,0,1228,0,ST-GER1,Normalstation Geriatrie,40,Geriatrie,10.0,20.0,06:00,14:00,450,,13:30,21:30,450,F,21:15,06:15,495,F|S,11,10,8,10,30,45,8,38.5,30,0.15,0,2.0.0,20261164
PK-012,2026-11-16,history,-14,Montag,1,47,0,0,,Pflegefachkraft,Pflegefachkraft,EXAM|KARDIO_MONITORING,1.0,38.5,9240,9240,8316,10164,5,2,2,8,1,1,Pflegefachkraft,0,0.0,-2265,29,27,3,3,1,4913,1,,,,,F,0,,0,,4,3,3,1,1965,1,4,3,3,1,1720,1,2,2,2,0,1228,0,ST-GER1,Normalstation Geriatrie,40,Geriatrie,10.0,20.0,06:00,14:00,450,,13:30,21:30,450,F,21:15,06:15,495,F|S,11,10,8,10,30,45,8,38.5,30,0.15,0,2.0.0,20261164
PK-013,2026-11-16,history,-14,Montag,1,47,0,0,,Pflegefachkraft,Pflegefachkraft,EXAM,1.0,38.5,9240,9240,8316,10164,5,2,2,8,1,1,Pflegefachkraft,0,0.0,-2310,29,27,3,3,1,4913,1,,,,,,0,,0,,4,3,3,1,1965,1,4,3,3,1,1720,1,2,2,2,0,1228,0,ST-GER1,Normalstation Geriatrie,40,Geriatrie,10.0,20.0,06:00,14:00,450,,13:30,21:30,450,F,21:15,06:15,495,F|S,11,10,8,10,30,45,8,38.5,30,0.15,0,2.0.0,20261164
PK-014,2026-11-16,history,-14,Montag,1,47,0,0,,Pflegefachkraft,Pflegefachkraft,EXAM,0.8,30.8,7392,7392,6653,8131,5,2,2,8,1,1,Pflegefachkraft,0,0.0,-1542,29,27,3,3,1,4913,1,,,,,S,0,,0,,4,3,3,1,1965,1,4,3,3,1,1720,1,2,2,2,0,1228,0,ST-GER1,Normalstation Geriatrie,40,Geriatrie,10.0,20.0,06:00,14:00,450,,13:30,21:30,450,F,21:15,06:15,495,F|S,11,10,8,10,30,45,8,38.5,30,0.15,0,2.0.0,20261164
PK-015,2026-11-16,history,-14,Montag,1,47,0,0,,Pflegefachkraft,Pflegefachkraft,EXAM,0.6,23.1,5544,5544,4990,6098,5,2,2,8,1,1,Pflegefachkraft,0,0.0,-1404,29,27,3,3,1,4913,1,,,,,,0,,0,,4,3,3,1,1965,1,4,3,3,1,1720,1,2,2,2,0,1228,0,ST-GER1,Normalstation Geriatrie,40,Geriatrie,10.0,20.0,06:00,14:00,450,,13:30,21:30,450,F,21:15,06:15,495,F|S,11,10,8,10,30,45,8,38.5,30,0.15,0,2.0.0,20261164
PK-016,2026-11-16,history,-14,Montag,1,47,0,0,,Pflegefachkraft,Pflegefachkraft,EXAM,0.75,28.88,6931,6931,6238,7624,5,2,2,8,1,1,Pflegefachkraft,0,0.0,-1485,29,27,3,3,1,4913,1,,,,,,0,,0,,4,3,3,1,1965,1,4,3,3,1,1720,1,2,2,2,0,1228,0,ST-GER1,Normalstation Geriatrie,40,Geriatrie,10.0,20.0,06:00,14:00,450,,13:30,21:30,450,F,21:15,06:15,495,F|S,11,10,8,10,30,45,8,38.5,30,0.15,0,2.0.0,20261164
PK-017,2026-11-16,history,-14,Montag,1,47,0,0,,Pflegefachkraft,Pflegefachkraft,EXAM,0.7,26.95,6468,6468,5821,7115,5,2,2,8,1,1,Pflegefachkraft,0,0.0,-1473,29,27,3,3,1,4913,1,,,,,F,0,,0,,4,3,3,1,1965,1,4,3,3,1,1720,1,2,2,2,0,1228,0,ST-GER1,Normalstation Geriatrie,40,Geriatrie,10.0,20.0,06:00,14:00,450,,13:30,21:30,450,F,21:15,06:15,495,F|S,11,10,8,10,30,45,8,38.5,30,0.15,0,2.0.0,20261164
PK-018,2026-11-16,history,-14,Montag,1,47,0,0,,Pflegefachkraft,Pflegefachkraft,EXAM|PRAXISANLEITUNG|KARDIO_MONITORING,0.9,34.65,8316,8316,7484,9148,5,2,2,8,1,1,Pflegefachkraft,0,0.0,-1971,29,27,3,3,1,4913,1,,,,,,0,,0,,4,3,3,1,1965,1,4,3,3,1,1720,1,2,2,2,0,1228,0,ST-GER1,Normalstation Geriatrie,40,Geriatrie,10.0,20.0,06:00,14:00,450,,13:30,21:30,450,F,21:15,06:15,495,F|S,11,10,8,10,30,45,8,38.5,30,0.15,0,2.0.0,20261164
PK-019,2026-11-16,history,-14,Montag,1,47,0,0,,Pflegefachkraft,Pflegefachkraft,EXAM,0.8,30.8,7392,7392,6653,8131,5,2,2,8,1,1,Pflegefachkraft,0,0.0,-1902,29,27,3,3,1,4913,1,,,,,S,0,,0,,4,3,3,1,1965,1,4,3,3,1,1720,1,2,2,2,0,1228,0,ST-GER1,Normalstation Geriatrie,40,Geriatrie,10.0,20.0,06:00,14:00,450,,13:30,21:30,450,F,21:15,06:15,495,F|S,11,10,8,10,30,45,8,38.5,30,0.15,0,2.0.0,20261164
PK-020,2026-11-16,history,-14,Montag,1,47,0,0,,Pflegefachkraft,Pflegefachkraft,EXAM|KARDIO_MONITORING,0.5,19.25,4620,4620,4158,5082,5,2,2,8,1,1,Pflegefachkraft,0,0.0,-930,29,27,3,3,1,4913,1,,,,,,0,,0,,4,3,3,1,1965,1,4,3,3,1,1720,1,2,2,2,0,1228,0,ST-GER1,Normalstation Geriatrie,40,Geriatrie,10.0,20.0,06:00,14:00,450,,13:30,21:30,450,F,21:15,06:15,495,F|S,11,10,8,10,30,45,8,38.5,30,0.15,0,2.0.0,20261164
PK-021,2026-11-16,history,-14,Montag,1,47,0,0,,Pflegefachkraft,Pflegefachkraft,EXAM,0.8,30.8,7392,7392,6653,8131,5,2,2,8,1,1,Pflegefachkraft,0,0.0,-1722,29,27,3,3,1,4913,1,,,,,,0,,0,,4,3,3,1,1965,1,4,3,3,1,1720,1,2,2,2,0,1228,0,ST-GER1,Normalstation Geriatrie,40,Geriatrie,10.0,20.0,06:00,14:00,450,,13:30,21:30,450,F,21:15,06:15,495,F|S,11,10,8,10,30,45,8,38.5,30,0.15,0,2.0.0,20261164
PK-022,2026-11-16,history,-14,Montag,1,47,0,0,,Pflegefachkraft,Pflegefachkraft,EXAM|PRAXISANLEITUNG|KARDIO_MONITORING,0.5,19.25,4620,4620,4158,5082,5,2,2,8,1,1,Pflegefachkraft,0,0.0,-930,29,27,3,3,1,4913,1,,,,,,0,,0,,4,3,3,1,1965,1,4,3,3,1,1720,1,2,2,2,0,1228,0,ST-GER1,Normalstation Geriatrie,40,Geriatrie,10.0,20.0,06:00,14:00,450,,13:30,21:30,450,F,21:15,06:15,495,F|S,11,10,8,10,30,45,8,38.5,30,0.15,0,2.0.0,20261164
AZ-001,2026-11-17,history,-13,Dienstag,2,47,0,0,,Auszubildende_r_3_Ausbildungsjahr,Auszubildende,AUSZUBILDEND,1.0,38.5,9240,9240,8316,10164,5,2,2,8,1,0,nicht anrechenbar,0,0.0,-9240,32,30,4,2,0,5432,1,,,,,,0,,0,,5,4,4,1,2173,1,4,4,3,1,1901,1,3,2,3,0,1358,0,ST-GER1,Normalstation Geriatrie,40,Geriatrie,10.0,20.0,06:00,14:00,450,,13:30,21:30,450,F,21:15,06:15,495,F|S,11,10,8,10,30,45,8,38.5,30,0.15,0,2.0.0,20261164
AZ-002,2026-11-17,history,-13,Dienstag,2,47,0,0,,Auszubildende_r_2_Ausbildungsjahr,Auszubildende,AUSZUBILDEND,1.0,38.5,9240,9240,8316,10164,5,2,2,8,1,0,nicht anrechenbar,0,0.0,-9240,32,30,4,2,0,5432,1,,,,,,0,,0,,5,4,4,1,2173,1,4,4,3,1,1901,1,3,2,3,0,1358,0,ST-GER1,Normalstation Geriatrie,40,Geriatrie,10.0,20.0,06:00,14:00,450,,13:30,21:30,450,F,21:15,06:15,495,F|S,11,10,8,10,30,45,8,38.5,30,0.15,0,2.0.0,20261164
AZ-003,2026-11-17,history,-13,Dienstag,2,47,0,0,,Auszubildende_r_1_Ausbildungsjahr,Auszubildende,AUSZUBILDEND,1.0,38.5,9240,9240,8316,10164,5,2,2,0,0,0,nicht anrechenbar,0,0.0,-9240,32,30,4,2,0,5432,1,,,,,,0,,0,,5,4,4,1,2173,1,4,4,3,1,1901,1,3,2,3,0,1358,0,ST-GER1,Normalstation Geriatrie,40,Geriatrie,10.0,20.0,06:00,14:00,450,,13:30,21:30,450,F,21:15,06:15,495,F|S,11,10,8,10,30,45,8,38.5,30,0.15,0,2.0.0,20261164
PH-001,2026-11-17,history,-13,Dienstag,2,47,0,0,,Pflegehilfskraft,Pflegehilfskraft,PFLEGEHILFE,0.75,28.88,6931,6931,6238,7624,5,2,2,0,0,1,Pflegehilfskraft,0,0.0,-1530,32,30,4,2,0,5432,1,,,,,F,0,,0,,5,4,4,1,2173,1,4,4,3,1,1901,1,3,2,3,0,1358,0,ST-GER1,Normalstation Geriatrie,40,Geriatrie,10.0,20.0,06:00,14:00,450,,13:30,21:30,450,F,21:15,06:15,495,F|S,11,10,8,10,30,45,8,38.5,30,0.15,0,2.0.0,20261164
PH-002,2026-11-17,history,-13,Dienstag,2,47,0,0,,Pflegehilfskraft,Pflegehilfskraft,PFLEGEHILFE,0.75,28.88,6931,6931,6238,7624,5,2,2,0,0,1,Pflegehilfskraft,0,0.0,-1530,32,30,4,2,0,5432,1,,,,,S,0,,0,,5,4,4,1,2173,1,4,4,3,1,1901,1,3,2,3,0,1358,0,ST-GER1,Normalstation Geriatrie,40,Geriatrie,10.0,20.0,06:00,14:00,450,,13:30,21:30,450,F,21:15,06:15,495,F|S,11,10,8,10,30,45,8,38.5,30,0.15,0,2.0.0,20261164
PH-003,2026-11-17,history,-13,Dienstag,2,47,0,0,,Pflegehilfskraft,Pflegehilfskraft,PFLEGEHILFE,0.5,19.25,4620,4620,4158,5082,5,2,2,0,0,1,Pflegehilfskraft,0,0.0,-1020,32,30,4,2,0,5432,1,,,,,,0,,0,,5,4,4,1,2173,1,4,4,3,1,1901,1,3,2,3,0,1358,0,ST-GER1,Normalstation Geriatrie,40,Geriatrie,10.0,20.0,06:00,14:00,450,,13:30,21:30,450,F,21:15,06:15,495,F|S,11,10,8,10,30,45,8,38.5,30,0.15,0,2.0.0,20261164
PK-001,2026-11-17,history,-13,Dienstag,2,47,0,0,,Stationsleitung,Pflegefachkraft,EXAM|LEITUNG|PRAXISANLEITUNG,1.0,38.5,9240,4620,4158,5082,5,2,2,0,0,1,Pflegefachkraft,1,0.5,4464,32,30,4,2,0,5432,1,,,,,F,0,,0,,5,4,4,1,2173,1,4,4,3,1,1901,1,3,2,3,0,1358,0,ST-GER1,Normalstation Geriatrie,40,Geriatrie,10.0,20.0,06:00,14:00,450,,13:30,21:30,450,F,21:15,06:15,495,F|S,11,10,8,10,30,45,8,38.5,30,0.15,0,2.0.0,20261164
PK-002,2026-11-17,history,-13,Dienstag,2,47,0,0,,Pflegefachkraft,Pflegefachkraft,EXAM|KARDIO_MONITORING,1.0,38.5,9240,9240,8316,10164,5,2,2,8,1,1,Pflegefachkraft,0,0.0,-2310,32,30,4,2,0,5432,1,,,,,S,0,,0,,5,4,4,1,2173,1,4,4,3,1,1901,1,3,2,3,0,1358,0,ST-GER1,Normalstation Geriatrie,40,Geriatrie,10.0,20.0,06:00,14:00,450,,13:30,21:30,450,F,21:15,06:15,495,F|S,11,10,8,10,30,45,8,38.5,30,0.15,0,2.0.0,20261164
PK-003,2026-11-17,history,-13,Dienstag,2,47,0,0,,Pflegefachkraft,Pflegefachkraft,EXAM|PRAXISANLEITUNG|KARDIO_MONITORING,1.0,38.5,9240,9240,8316,10164,5,2,2,8,1,1,Pflegefachkraft,0,0.0,-2265,32,30,4,2,0,5432,1,,,,,,0,,0,,5,4,4,1,2173,1,4,4,3,1,1901,1,3,2,3,0,1358,0,ST-GER1,Normalstation Geriatrie,40,Geriatrie,10.0,20.0,06:00,14:00,450,,13:30,21:30,450,F,21:15,06:15,495,F|S,11,10,8,10,30,45,8,38.5,30,0.15,0,2.0.0,20261164
PK-004,2026-11-17,history,-13,Dienstag,2,47,0,0,,Pflegefachkraft,Pflegefachkraft,EXAM,0.7,26.95,6468,6468,5821,7115,5,2,2,8,1,1,Pflegefachkraft,0,0.0,-1518,32,30,4,2,0,5432,1,,,,,,0,,0,,5,4,4,1,2173,1,4,4,3,1,1901,1,3,2,3,0,1358,0,ST-GER1,Normalstation Geriatrie,40,Geriatrie,10.0,20.0,06:00,14:00,450,,13:30,21:30,450,F,21:15,06:15,495,F|S,11,10,8,10,30,45,8,38.5,30,0.15,0,2.0.0,20261164
PK-005,2026-11-17,history,-13,Dienstag,2,47,0,0,,Pflegefachkraft,Pflegefachkraft,EXAM|PRAXISANLEITUNG,1.0,38.5,9240,9240,8316,10164,5,2,2,8,1,1,Pflegefachkraft,0,0.0,-2400,32,30,4,2,0,5432,1,,,,,S,0,,0,,5,4,4,1,2173,1,4,4,3,1,1901,1,3,2,3,0,1358,0,ST-GER1,Normalstation Geriatrie,40,Geriatrie,10.0,20.0,06:00,14:00,450,,13:30,21:30,450,F,21:15,06:15,495,F|S,11,10,8,10,30,45,8,38.5,30,0.15,0,2.0.0,20261164
PK-006,2026-11-17,history,-13,Dienstag,2,47,0,0,,Pflegefachkraft,Pflegefachkraft,EXAM|KARDIO_MONITORING,0.6,23.1,5544,5544,4990,6098,5,2,2,8,1,1,Pflegefachkraft,0,0.0,536,32,30,4,2,0,5432,1,,,,,,0,,0,,5,4,4,1,2173,1,4,4,3,1,1901,1,3,2,3,0,1358,0,ST-GER1,Normalstation Geriatrie,40,Geriatrie,10.0,20.0,06:00,14:00,450,,13:30,21:30,450,F,21:15,06:15,495,F|S,11,10,8,10,30,45,8,38.5,30,0.15,0,2.0.0,20261164
PK-007,2026-11-17,history,-13,Dienstag,2,47,0,0,,Pflegefachkraft,Pflegefachkraft,EXAM|PRAXISANLEITUNG|KARDIO_MONITORING,0.75,28.88,6931,6931,6238,7624,5,2,2,8,1,1,Pflegefachkraft,0,0.0,716,32,30,4,2,0,5432,1,,,,,N,0,,0,,5,4,4,1,2173,1,4,4,3,1,1901,1,3,2,3,0,1358,0,ST-GER1,Normalstation Geriatrie,40,Geriatrie,10.0,20.0,06:00,14:00,450,,13:30,21:30,450,F,21:15,06:15,495,F|S,11,10,8,10,30,45,8,38.5,30,0.15,0,2.0.0,20261164
PK-008,2026-11-17,history,-13,Dienstag,2,47,0,0,,Pflegefachkraft,Pflegefachkraft,EXAM,1.0,38.5,9240,9240,8316,10164,5,2,2,8,1,1,Pflegefachkraft,0,0.0,-2580,32,30,4,2,0,5432,1,,,,,,0,,0,,5,4,4,1,2173,1,4,4,3,1,1901,1,3,2,3,0,1358,0,ST-GER1,Normalstation Geriatrie,40,Geriatrie,10.0,20.0,06:00,14:00,450,,13:30,21:30,450,F,21:15,06:15,495,F|S,11,10,8,10,30,45,8,38.5,30,0.15,0,2.0.0,20261164
PK-009,2026-11-17,history,-13,Dienstag,2,47,0,0,,Pflegefachkraft,Pflegefachkraft,EXAM,1.0,38.5,9240,9240,8316,10164,5,2,2,8,1,1,Pflegefachkraft,0,0.0,-2130,32,30,4,2,0,5432,1,,,,,N,0,,0,,5,4,4,1,2173,1,4,4,3,1,1901,1,3,2,3,0,1358,0,ST-GER1,Normalstation Geriatrie,40,Geriatrie,10.0,20.0,06:00,14:00,450,,13:30,21:30,450,F,21:15,06:15,495,F|S,11,10,8,10,30,45,8,38.5,30,0.15,0,2.0.0,20261164
PK-010,2026-11-17,history,-13,Dienstag,2,47,0,0,,Pflegefachkraft,Pflegefachkraft,EXAM,0.6,23.1,5544,5544,4990,6098,5,2,2,8,1,1,Pflegefachkraft,0,0.0,-1404,32,30,4,2,0,5432,1,,,,,,0,,0,,5,4,4,1,2173,1,4,4,3,1,1901,1,3,2,3,0,1358,0,ST-GER1,Normalstation Geriatrie,40,Geriatrie,10.0,20.0,06:00,14:00,450,,13:30,21:30,450,F,21:15,06:15,495,F|S,11,10,8,10,30,45,8,38.5,30,0.15,0,2.0.0,20261164
PK-011,2026-11-17,history,-13,Dienstag,2,47,0,0,,Pflegefachkraft,Pflegefachkraft,EXAM,1.0,38.5,9240,9240,8316,10164,5,2,2,8,1,1,Pflegefachkraft,0,0.0,-2130,32,30,4,2,0,5432,1,,,,,,0,,0,,5,4,4,1,2173,1,4,4,3,1,1901,1,3,2,3,0,1358,0,ST-GER1,Normalstation Geriatrie,40,Geriatrie,10.0,20.0,06:00,14:00,450,,13:30,21:30,450,F,21:15,06:15,495,F|S,11,10,8,10,30,45,8,38.5,30,0.15,0,2.0.0,20261164
PK-012,2026-11-17,history,-13,Dienstag,2,47,0,0,,Pflegefachkraft,Pflegefachkraft,EXAM|KARDIO_MONITORING,1.0,38.5,9240,9240,8316,10164,5,2,2,8,1,1,Pflegefachkraft,0,0.0,-2265,32,30,4,2,0,5432,1,,,,,S,0,,0,,5,4,4,1,2173,1,4,4,3,1,1901,1,3,2,3,0,1358,0,ST-GER1,Normalstation Geriatrie,40,Geriatrie,10.0,20.0,06:00,14:00,450,,13:30,21:30,450,F,21:15,06:15,495,F|S,11,10,8,10,30,45,8,38.5,30,0.15,0,2.0.0,20261164
PK-013,2026-11-17,history,-13,Dienstag,2,47,0,0,,Pflegefachkraft,Pflegefachkraft,EXAM,1.0,38.5,9240,9240,8316,10164,5,2,2,8,1,1,Pflegefachkraft,0,0.0,-2310,32,30,4,2,0,5432,1,,,,,F,0,,0,,5,4,4,1,2173,1,4,4,3,1,1901,1,3,2,3,0,1358,0,ST-GER1,Normalstation Geriatrie,40,Geriatrie,10.0,20.0,06:00,14:00,450,,13:30,21:30,450,F,21:15,06:15,495,F|S,11,10,8,10,30,45,8,38.5,30,0.15,0,2.0.0,20261164
PK-014,2026-11-17,history,-13,Dienstag,2,47,0,0,,Pflegefachkraft,Pflegefachkraft,EXAM,0.8,30.8,7392,7392,6653,8131,5,2,2,8,1,1,Pflegefachkraft,0,0.0,-1542,32,30,4,2,0,5432,1,,,,,,0,,0,,5,4,4,1,2173,1,4,4,3,1,1901,1,3,2,3,0,1358,0,ST-GER1,Normalstation Geriatrie,40,Geriatrie,10.0,20.0,06:00,14:00,450,,13:30,21:30,450,F,21:15,06:15,495,F|S,11,10,8,10,30,45,8,38.5,30,0.15,0,2.0.0,20261164
PK-015,2026-11-17,history,-13,Dienstag,2,47,0,0,,Pflegefachkraft,Pflegefachkraft,EXAM,0.6,23.1,5544,5544,4990,6098,5,2,2,8,1,1,Pflegefachkraft,0,0.0,-1404,32,30,4,2,0,5432,1,,,,,,0,,0,,5,4,4,1,2173,1,4,4,3,1,1901,1,3,2,3,0,1358,0,ST-GER1,Normalstation Geriatrie,40,Geriatrie,10.0,20.0,06:00,14:00,450,,13:30,21:30,450,F,21:15,06:15,495,F|S,11,10,8,10,30,45,8,38.5,30,0.15,0,2.0.0,20261164
PK-016,2026-11-17,history,-13,Dienstag,2,47,0,0,,Pflegefachkraft,Pflegefachkraft,EXAM,0.75,28.88,6931,6931,6238,7624,5,2,2,8,1,1,Pflegefachkraft,0,0.0,-1485,32,30,4,2,0,5432,1,,,,,F,0,,0,,5,4,4,1,2173,1,4,4,3,1,1901,1,3,2,3,0,1358,0,ST-GER1,Normalstation Geriatrie,40,Geriatrie,10.0,20.0,06:00,14:00,450,,13:30,21:30,450,F,21:15,06:15,495,F|S,11,10,8,10,30,45,8,38.5,30,0.15,0,2.0.0,20261164
PK-017,2026-11-17,history,-13,Dienstag,2,47,0,0,,Pflegefachkraft,Pflegefachkraft,EXAM,0.7,26.95,6468,6468,5821,7115,5,2,2,8,1,1,Pflegefachkraft,0,0.0,-1473,32,30,4,2,0,5432,1,,,,,,0,,0,,5,4,4,1,2173,1,4,4,3,1,1901,1,3,2,3,0,1358,0,ST-GER1,Normalstation Geriatrie,40,Geriatrie,10.0,20.0,06:00,14:00,450,,13:30,21:30,450,F,21:15,06:15,495,F|S,11,10,8,10,30,45,8,38.5,30,0.15,0,2.0.0,20261164
PK-018,2026-11-17,history,-13,Dienstag,2,47,0,0,,Pflegefachkraft,Pflegefachkraft,EXAM|PRAXISANLEITUNG|KARDIO_MONITORING,0.9,34.65,8316,8316,7484,9148,5,2,2,8,1,1,Pflegefachkraft,0,0.0,-1971,32,30,4,2,0,5432,1,,,,,N,0,,0,,5,4,4,1,2173,1,4,4,3,1,1901,1,3,2,3,0,1358,0,ST-GER1,Normalstation Geriatrie,40,Geriatrie,10.0,20.0,06:00,14:00,450,,13:30,21:30,450,F,21:15,06:15,495,F|S,11,10,8,10,30,45,8,38.5,30,0.15,0,2.0.0,20261164
PK-019,2026-11-17,history,-13,Dienstag,2,47,0,0,,Pflegefachkraft,Pflegefachkraft,EXAM,0.8,30.8,7392,7392,6653,8131,5,2,2,8,1,1,Pflegefachkraft,0,0.0,-1902,32,30,4,2,0,5432,1,,,,,,0,,0,,5,4,4,1,2173,1,4,4,3,1,1901,1,3,2,3,0,1358,0,ST-GER1,Normalstation Geriatrie,40,Geriatrie,10.0,20.0,06:00,14:00,450,,13:30,21:30,450,F,21:15,06:15,495,F|S,11,10,8,10,30,45,8,38.5,30,0.15,0,2.0.0,20261164
PK-020,2026-11-17,history,-13,Dienstag,2,47,0,0,,Pflegefachkraft,Pflegefachkraft,EXAM|KARDIO_MONITORING,0.5,19.25,4620,4620,4158,5082,5,2,2,8,1,1,Pflegefachkraft,0,0.0,-930,32,30,4,2,0,5432,1,,,,,,0,,0,,5,4,4,1,2173,1,4,4,3,1,1901,1,3,2,3,0,1358,0,ST-GER1,Normalstation Geriatrie,40,Geriatrie,10.0,20.0,06:00,14:00,450,,13:30,21:30,450,F,21:15,06:15,495,F|S,11,10,8,10,30,45,8,38.5,30,0.15,0,2.0.0,20261164
PK-021,2026-11-17,history,-13,Dienstag,2,47,0,0,,Pflegefachkraft,Pflegefachkraft,EXAM,0.8,30.8,7392,7392,6653,8131,5,2,2,8,1,1,Pflegefachkraft,0,0.0,-1722,32,30,4,2,0,5432,1,,,,,F,0,,0,,5,4,4,1,2173,1,4,4,3,1,1901,1,3,2,3,0,1358,0,ST-GER1,Normalstation Geriatrie,40,Geriatrie,10.0,20.0,06:00,14:00,450,,13:30,21:30,450,F,21:15,06:15,495,F|S,11,10,8,10,30,45,8,38.5,30,0.15,0,2.0.0,20261164
PK-022,2026-11-17,history,-13,Dienstag,2,47,0,0,,Pflegefachkraft,Pflegefachkraft,EXAM|PRAXISANLEITUNG|KARDIO_MONITORING,0.5,19.25,4620,4620,4158,5082,5,2,2,8,1,1,Pflegefachkraft,0,0.0,-930,32,30,4,2,0,5432,1,,,,,,0,,0,,5,4,4,1,2173,1,4,4,3,1,1901,1,3,2,3,0,1358,0,ST-GER1,Normalstation Geriatrie,40,Geriatrie,10.0,20.0,06:00,14:00,450,,13:30,21:30,450,F,21:15,06:15,495,F|S,11,10,8,10,30,45,8,38.5,30,0.15,0,2.0.0,20261164
AZ-001,2026-11-18,history,-12,Mittwoch,3,47,0,0,,Auszubildende_r_3_Ausbildungsjahr,Auszubildende,AUSZUBILDEND,1.0,38.5,9240,9240,8316,10164,5,2,2,8,1,0,nicht anrechenbar,0,0.0,-9240,29,29,7,4,2,5486,1,,,,,,0,,0,,5,3,4,1,2194,1,4,3,3,1,1920,1,3,2,3,0,1372,0,ST-GER1,Normalstation Geriatrie,40,Geriatrie,10.0,20.0,06:00,14:00,450,,13:30,21:30,450,F,21:15,06:15,495,F|S,11,10,8,10,30,45,8,38.5,30,0.15,0,2.0.0,20261164
AZ-002,2026-11-18,history,-12,Mittwoch,3,47,0,0,,Auszubildende_r_2_Ausbildungsjahr,Auszubildende,AUSZUBILDEND,1.0,38.5,9240,9240,8316,10164,5,2,2,8,1,0,nicht anrechenbar,0,0.0,-9240,29,29,7,4,2,5486,1,,,,,,0,,0,,5,3,4,1,2194,1,4,3,3,1,1920,1,3,2,3,0,1372,0,ST-GER1,Normalstation Geriatrie,40,Geriatrie,10.0,20.0,06:00,14:00,450,,13:30,21:30,450,F,21:15,06:15,495,F|S,11,10,8,10,30,45,8,38.5,30,0.15,0,2.0.0,20261164
AZ-003,2026-11-18,history,-12,Mittwoch,3,47,0,0,,Auszubildende_r_1_Ausbildungsjahr,Auszubildende,AUSZUBILDEND,1.0,38.5,9240,9240,8316,10164,5,2,2,0,0,0,nicht anrechenbar,0,0.0,-9240,29,29,7,4,2,5486,1,,,,,,0,,0,,5,3,4,1,2194,1,4,3,3,1,1920,1,3,2,3,0,1372,0,ST-GER1,Normalstation Geriatrie,40,Geriatrie,10.0,20.0,06:00,14:00,450,,13:30,21:30,450,F,21:15,06:15,495,F|S,11,10,8,10,30,45,8,38.5,30,0.15,0,2.0.0,20261164
PH-001,2026-11-18,history,-12,Mittwoch,3,47,0,0,,Pflegehilfskraft,Pflegehilfskraft,PFLEGEHILFE,0.75,28.88,6931,6931,6238,7624,5,2,2,0,0,1,Pflegehilfskraft,0,0.0,-1530,29,29,7,4,2,5486,1,,,,,,0,,0,,5,3,4,1,2194,1,4,3,3,1,1920,1,3,2,3,0,1372,0,ST-GER1,Normalstation Geriatrie,40,Geriatrie,10.0,20.0,06:00,14:00,450,,13:30,21:30,450,F,21:15,06:15,495,F|S,11,10,8,10,30,45,8,38.5,30,0.15,0,2.0.0,20261164
PH-002,2026-11-18,history,-12,Mittwoch,3,47,0,0,,Pflegehilfskraft,Pflegehilfskraft,PFLEGEHILFE,0.75,28.88,6931,6931,6238,7624,5,2,2,0,0,1,Pflegehilfskraft,0,0.0,-1530,29,29,7,4,2,5486,1,,,,,,0,,0,,5,3,4,1,2194,1,4,3,3,1,1920,1,3,2,3,0,1372,0,ST-GER1,Normalstation Geriatrie,40,Geriatrie,10.0,20.0,06:00,14:00,450,,13:30,21:30,450,F,21:15,06:15,495,F|S,11,10,8,10,30,45,8,38.5,30,0.15,0,2.0.0,20261164
PH-003,2026-11-18,history,-12,Mittwoch,3,47,0,0,,Pflegehilfskraft,Pflegehilfskraft,PFLEGEHILFE,0.5,19.25,4620,4620,4158,5082,5,2,2,0,0,1,Pflegehilfskraft,0,0.0,-1020,29,29,7,4,2,5486,1,,,,,F,0,,0,,5,3,4,1,2194,1,4,3,3,1,1920,1,3,2,3,0,1372,0,ST-GER1,Normalstation Geriatrie,40,Geriatrie,10.0,20.0,06:00,14:00,450,,13:30,21:30,450,F,21:15,06:15,495,F|S,11,10,8,10,30,45,8,38.5,30,0.15,0,2.0.0,20261164
PK-001,2026-11-18,history,-12,Mittwoch,3,47,0,0,,Stationsleitung,Pflegefachkraft,EXAM|LEITUNG|PRAXISANLEITUNG,1.0,38.5,9240,4620,4158,5082,5,2,2,0,0,1,Pflegefachkraft,1,0.5,4464,29,29,7,4,2,5486,1,,,,,,0,,0,,5,3,4,1,2194,1,4,3,3,1,1920,1,3,2,3,0,1372,0,ST-GER1,Normalstation Geriatrie,40,Geriatrie,10.0,20.0,06:00,14:00,450,,13:30,21:30,450,F,21:15,06:15,495,F|S,11,10,8,10,30,45,8,38.5,30,0.15,0,2.0.0,20261164
PK-002,2026-11-18,history,-12,Mittwoch,3,47,0,0,,Pflegefachkraft,Pflegefachkraft,EXAM|KARDIO_MONITORING,1.0,38.5,9240,9240,8316,10164,5,2,2,8,1,1,Pflegefachkraft,0,0.0,-2310,29,29,7,4,2,5486,1,,,,,,0,,0,,5,3,4,1,2194,1,4,3,3,1,1920,1,3,2,3,0,1372,0,ST-GER1,Normalstation Geriatrie,40,Geriatrie,10.0,20.0,06:00,14:00,450,,13:30,21:30,450,F,21:15,06:15,495,F|S,11,10,8,10,30,45,8,38.5,30,0.15,0,2.0.0,20261164
PK-003,2026-11-18,history,-12,Mittwoch,3,47,0,0,,Pflegefachkraft,Pflegefachkraft,EXAM|PRAXISANLEITUNG|KARDIO_MONITORING,1.0,38.5,9240,9240,8316,10164,5,2,2,8,1,1,Pflegefachkraft,0,0.0,-2265,29,29,7,4,2,5486,1,,,,,N,0,,0,,5,3,4,1,2194,1,4,3,3,1,1920,1,3,2,3,0,1372,0,ST-GER1,Normalstation Geriatrie,40,Geriatrie,10.0,20.0,06:00,14:00,450,,13:30,21:30,450,F,21:15,06:15,495,F|S,11,10,8,10,30,45,8,38.5,30,0.15,0,2.0.0,20261164
PK-004,2026-11-18,history,-12,Mittwoch,3,47,0,0,,Pflegefachkraft,Pflegefachkraft,EXAM,0.7,26.95,6468,6468,5821,7115,5,2,2,8,1,1,Pflegefachkraft,0,0.0,-1518,29,29,7,4,2,5486,1,,,,,F,0,,0,,5,3,4,1,2194,1,4,3,3,1,1920,1,3,2,3,0,1372,0,ST-GER1,Normalstation Geriatrie,40,Geriatrie,10.0,20.0,06:00,14:00,450,,13:30,21:30,450,F,21:15,06:15,495,F|S,11,10,8,10,30,45,8,38.5,30,0.15,0,2.0.0,20261164
PK-005,2026-11-18,history,-12,Mittwoch,3,47,0,0,,Pflegefachkraft,Pflegefachkraft,EXAM|PRAXISANLEITUNG,1.0,38.5,9240,9240,8316,10164,5,2,2,8,1,1,Pflegefachkraft,0,0.0,-2400,29,29,7,4,2,5486,1,,,,,,0,,0,,5,3,4,1,2194,1,4,3,3,1,1920,1,3,2,3,0,1372,0,ST-GER1,Normalstation Geriatrie,40,Geriatrie,10.0,20.0,06:00,14:00,450,,13:30,21:30,450,F,21:15,06:15,495,F|S,11,10,8,10,30,45,8,38.5,30,0.15,0,2.0.0,20261164
PK-006,2026-11-18,history,-12,Mittwoch,3,47,0,0,,Pflegefachkraft,Pflegefachkraft,EXAM|KARDIO_MONITORING,0.6,23.1,5544,5544,4990,6098,5,2,2,8,1,1,Pflegefachkraft,0,0.0,536,29,29,7,4,2,5486,1,,,,,F,0,,0,,5,3,4,1,2194,1,4,3,3,1,1920,1,3,2,3,0,1372,0,ST-GER1,Normalstation Geriatrie,40,Geriatrie,10.0,20.0,06:00,14:00,450,,13:30,21:30,450,F,21:15,06:15,495,F|S,11,10,8,10,30,45,8,38.5,30,0.15,0,2.0.0,20261164
PK-007,2026-11-18,history,-12,Mittwoch,3,47,0,0,,Pflegefachkraft,Pflegefachkraft,EXAM|PRAXISANLEITUNG|KARDIO_MONITORING,0.75,28.88,6931,6931,6238,7624,5,2,2,8,1,1,Pflegefachkraft,0,0.0,716,29,29,7,4,2,5486,1,,,,,,0,,0,,5,3,4,1,2194,1,4,3,3,1,1920,1,3,2,3,0,1372,0,ST-GER1,Normalstation Geriatrie,40,Geriatrie,10.0,20.0,06:00,14:00,450,,13:30,21:30,450,F,21:15,06:15,495,F|S,11,10,8,10,30,45,8,38.5,30,0.15,0,2.0.0,20261164
PK-008,2026-11-18,history,-12,Mittwoch,3,47,0,0,,Pflegefachkraft,Pflegefachkraft,EXAM,1.0,38.5,9240,9240,8316,10164,5,2,2,8,1,1,Pflegefachkraft,0,0.0,-2580,29,29,7,4,2,5486,1,,,,,N,0,,0,,5,3,4,1,2194,1,4,3,3,1,1920,1,3,2,3,0,1372,0,ST-GER1,Normalstation Geriatrie,40,Geriatrie,10.0,20.0,06:00,14:00,450,,13:30,21:30,450,F,21:15,06:15,495,F|S,11,10,8,10,30,45,8,38.5,30,0.15,0,2.0.0,20261164
PK-009,2026-11-18,history,-12,Mittwoch,3,47,0,0,,Pflegefachkraft,Pflegefachkraft,EXAM,1.0,38.5,9240,9240,8316,10164,5,2,2,8,1,1,Pflegefachkraft,0,0.0,-2130,29,29,7,4,2,5486,1,,,,,,0,,0,,5,3,4,1,2194,1,4,3,3,1,1920,1,3,2,3,0,1372,0,ST-GER1,Normalstation Geriatrie,40,Geriatrie,10.0,20.0,06:00,14:00,450,,13:30,21:30,450,F,21:15,06:15,495,F|S,11,10,8,10,30,45,8,38.5,30,0.15,0,2.0.0,20261164
PK-010,2026-11-18,history,-12,Mittwoch,3,47,0,0,,Pflegefachkraft,Pflegefachkraft,EXAM,0.6,23.1,5544,5544,4990,6098,5,2,2,8,1,1,Pflegefachkraft,0,0.0,-1404,29,29,7,4,2,5486,1,,,,,S,0,,0,,5,3,4,1,2194,1,4,3,3,1,1920,1,3,2,3,0,1372,0,ST-GER1,Normalstation Geriatrie,40,Geriatrie,10.0,20.0,06:00,14:00,450,,13:30,21:30,450,F,21:15,06:15,495,F|S,11,10,8,10,30,45,8,38.5,30,0.15,0,2.0.0,20261164
PK-011,2026-11-18,history,-12,Mittwoch,3,47,0,0,,Pflegefachkraft,Pflegefachkraft,EXAM,1.0,38.5,9240,9240,8316,10164,5,2,2,8,1,1,Pflegefachkraft,0,0.0,-2130,29,29,7,4,2,5486,1,,,,,F,0,,0,,5,3,4,1,2194,1,4,3,3,1,1920,1,3,2,3,0,1372,0,ST-GER1,Normalstation Geriatrie,40,Geriatrie,10.0,20.0,06:00,14:00,450,,13:30,21:30,450,F,21:15,06:15,495,F|S,11,10,8,10,30,45,8,38.5,30,0.15,0,2.0.0,20261164
PK-012,2026-11-18,history,-12,Mittwoch,3,47,0,0,,Pflegefachkraft,Pflegefachkraft,EXAM|KARDIO_MONITORING,1.0,38.5,9240,9240,8316,10164,5,2,2,8,1,1,Pflegefachkraft,0,0.0,-2265,29,29,7,4,2,5486,1,,,,,,0,,0,,5,3,4,1,2194,1,4,3,3,1,1920,1,3,2,3,0,1372,0,ST-GER1,Normalstation Geriatrie,40,Geriatrie,10.0,20.0,06:00,14:00,450,,13:30,21:30,450,F,21:15,06:15,495,F|S,11,10,8,10,30,45,8,38.5,30,0.15,0,2.0.0,20261164
PK-013,2026-11-18,history,-12,Mittwoch,3,47,0,0,,Pflegefachkraft,Pflegefachkraft,EXAM,1.0,38.5,9240,9240,8316,10164,5,2,2,8,1,1,Pflegefachkraft,0,0.0,-2310,29,29,7,4,2,5486,1,,,,,,0,,0,,5,3,4,1,2194,1,4,3,3,1,1920,1,3,2,3,0,1372,0,ST-GER1,Normalstation Geriatrie,40,Geriatrie,10.0,20.0,06:00,14:00,450,,13:30,21:30,450,F,21:15,06:15,495,F|S,11,10,8,10,30,45,8,38.5,30,0.15,0,2.0.0,20261164
PK-014,2026-11-18,history,-12,Mittwoch,3,47,0,0,,Pflegefachkraft,Pflegefachkraft,EXAM,0.8,30.8,7392,7392,6653,8131,5,2,2,8,1,1,Pflegefachkraft,0,0.0,-1542,29,29,7,4,2,5486,1,,,,,S,0,,0,,5,3,4,1,2194,1,4,3,3,1,1920,1,3,2,3,0,1372,0,ST-GER1,Normalstation Geriatrie,40,Geriatrie,10.0,20.0,06:00,14:00,450,,13:30,21:30,450,F,21:15,06:15,495,F|S,11,10,8,10,30,45,8,38.5,30,0.15,0,2.0.0,20261164
PK-015,2026-11-18,history,-12,Mittwoch,3,47,0,0,,Pflegefachkraft,Pflegefachkraft,EXAM,0.6,23.1,5544,5544,4990,6098,5,2,2,8,1,1,Pflegefachkraft,0,0.0,-1404,29,29,7,4,2,5486,1,,,,,S,0,,0,,5,3,4,1,2194,1,4,3,3,1,1920,1,3,2,3,0,1372,0,ST-GER1,Normalstation Geriatrie,40,Geriatrie,10.0,20.0,06:00,14:00,450,,13:30,21:30,450,F,21:15,06:15,495,F|S,11,10,8,10,30,45,8,38.5,30,0.15,0,2.0.0,20261164
PK-016,2026-11-18,history,-12,Mittwoch,3,47,0,0,,Pflegefachkraft,Pflegefachkraft,EXAM,0.75,28.88,6931,6931,6238,7624,5,2,2,8,1,1,Pflegefachkraft,0,0.0,-1485,29,29,7,4,2,5486,1,,,,,,0,,0,,5,3,4,1,2194,1,4,3,3,1,1920,1,3,2,3,0,1372,0,ST-GER1,Normalstation Geriatrie,40,Geriatrie,10.0,20.0,06:00,14:00,450,,13:30,21:30,450,F,21:15,06:15,495,F|S,11,10,8,10,30,45,8,38.5,30,0.15,0,2.0.0,20261164
PK-017,2026-11-18,history,-12,Mittwoch,3,47,0,0,,Pflegefachkraft,Pflegefachkraft,EXAM,0.7,26.95,6468,6468,5821,7115,5,2,2,8,1,1,Pflegefachkraft,0,0.0,-1473,29,29,7,4,2,5486,1,,,,,S,0,,0,,5,3,4,1,2194,1,4,3,3,1,1920,1,3,2,3,0,1372,0,ST-GER1,Normalstation Geriatrie,40,Geriatrie,10.0,20.0,06:00,14:00,450,,13:30,21:30,450,F,21:15,06:15,495,F|S,11,10,8,10,30,45,8,38.5,30,0.15,0,2.0.0,20261164
PK-018,2026-11-18,history,-12,Mittwoch,3,47,0,0,,Pflegefachkraft,Pflegefachkraft,EXAM|PRAXISANLEITUNG|KARDIO_MONITORING,0.9,34.65,8316,8316,7484,9148,5,2,2,8,1,1,Pflegefachkraft,0,0.0,-1971,29,29,7,4,2,5486,1,,,,,,0,,0,,5,3,4,1,2194,1,4,3,3,1,1920,1,3,2,3,0,1372,0,ST-GER1,Normalstation Geriatrie,40,Geriatrie,10.0,20.0,06:00,14:00,450,,13:30,21:30,450,F,21:15,06:15,495,F|S,11,10,8,10,30,45,8,38.5,30,0.15,0,2.0.0,20261164
PK-019,2026-11-18,history,-12,Mittwoch,3,47,0,0,,Pflegefachkraft,Pflegefachkraft,EXAM,0.8,30.8,7392,7392,6653,8131,5,2,2,8,1,1,Pflegefachkraft,0,0.0,-1902,29,29,7,4,2,5486,1,,,,,,0,,0,,5,3,4,1,2194,1,4,3,3,1,1920,1,3,2,3,0,1372,0,ST-GER1,Normalstation Geriatrie,40,Geriatrie,10.0,20.0,06:00,14:00,450,,13:30,21:30,450,F,21:15,06:15,495,F|S,11,10,8,10,30,45,8,38.5,30,0.15,0,2.0.0,20261164
PK-020,2026-11-18,history,-12,Mittwoch,3,47,0,0,,Pflegefachkraft,Pflegefachkraft,EXAM|KARDIO_MONITORING,0.5,19.25,4620,4620,4158,5082,5,2,2,8,1,1,Pflegefachkraft,0,0.0,-930,29,29,7,4,2,5486,1,,,,,N,0,,0,,5,3,4,1,2194,1,4,3,3,1,1920,1,3,2,3,0,1372,0,ST-GER1,Normalstation Geriatrie,40,Geriatrie,10.0,20.0,06:00,14:00,450,,13:30,21:30,450,F,21:15,06:15,495,F|S,11,10,8,10,30,45,8,38.5,30,0.15,0,2.0.0,20261164
PK-021,2026-11-18,history,-12,Mittwoch,3,47,0,0,,Pflegefachkraft,Pflegefachkraft,EXAM,0.8,30.8,7392,7392,6653,8131,5,2,2,8,1,1,Pflegefachkraft,0,0.0,-1722,29,29,7,4,2,5486,1,,,,,,0,,0,,5,3,4,1,2194,1,4,3,3,1,1920,1,3,2,3,0,1372,0,ST-GER1,Normalstation Geriatrie,40,Geriatrie,10.0,20.0,06:00,14:00,450,,13:30,21:30,450,F,21:15,06:15,495,F|S,11,10,8,10,30,45,8,38.5,30,0.15,0,2.0.0,20261164
PK-022,2026-11-18,history,-12,Mittwoch,3,47,0,0,,Pflegefachkraft,Pflegefachkraft,EXAM|PRAXISANLEITUNG|KARDIO_MONITORING,0.5,19.25,4620,4620,4158,5082,5,2,2,8,1,1,Pflegefachkraft,0,0.0,-930,29,29,7,4,2,5486,1,,,,,F,0,,0,,5,3,4,1,2194,1,4,3,3,1,1920,1,3,2,3,0,1372,0,ST-GER1,Normalstation Geriatrie,40,Geriatrie,10.0,20.0,06:00,14:00,450,,13:30,21:30,450,F,21:15,06:15,495,F|S,11,10,8,10,30,45,8,38.5,30,0.15,0,2.0.0,20261164
AZ-001,2026-11-19,history,-11,Donnerstag,4,47,0,0,,Auszubildende_r_3_Ausbildungsjahr,Auszubildende,AUSZUBILDEND,1.0,38.5,9240,9240,8316,10164,5,2,2,8,1,0,nicht anrechenbar,0,0.0,-9240,28,26,4,4,3,5014,1,,,,,,0,,0,,4,3,3,1,2006,1,4,3,3,1,1755,1,3,2,3,0,1254,0,ST-GER1,Normalstation Geriatrie,40,Geriatrie,10.0,20.0,06:00,14:00,450,,13:30,21:30,450,F,21:15,06:15,495,F|S,11,10,8,10,30,45,8,38.5,30,0.15,0,2.0.0,20261164
AZ-002,2026-11-19,history,-11,Donnerstag,4,47,0,0,,Auszubildende_r_2_Ausbildungsjahr,Auszubildende,AUSZUBILDEND,1.0,38.5,9240,9240,8316,10164,5,2,2,8,1,0,nicht anrechenbar,0,0.0,-9240,28,26,4,4,3,5014,1,,,,,,0,,0,,4,3,3,1,2006,1,4,3,3,1,1755,1,3,2,3,0,1254,0,ST-GER1,Normalstation Geriatrie,40,Geriatrie,10.0,20.0,06:00,14:00,450,,13:30,21:30,450,F,21:15,06:15,495,F|S,11,10,8,10,30,45,8,38.5,30,0.15,0,2.0.0,20261164
AZ-003,2026-11-19,history,-11,Donnerstag,4,47,0,0,,Auszubildende_r_1_Ausbildungsjahr,Auszubildende,AUSZUBILDEND,1.0,38.5,9240,9240,8316,10164,5,2,2,0,0,0,nicht anrechenbar,0,0.0,-9240,28,26,4,4,3,5014,1,,,,,,0,,0,,4,3,3,1,2006,1,4,3,3,1,1755,1,3,2,3,0,1254,0,ST-GER1,Normalstation Geriatrie,40,Geriatrie,10.0,20.0,06:00,14:00,450,,13:30,21:30,450,F,21:15,06:15,495,F|S,11,10,8,10,30,45,8,38.5,30,0.15,0,2.0.0,20261164
PH-001,2026-11-19,history,-11,Donnerstag,4,47,0,0,,Pflegehilfskraft,Pflegehilfskraft,PFLEGEHILFE,0.75,28.88,6931,6931,6238,7624,5,2,2,0,0,1,Pflegehilfskraft,0,0.0,-1530,28,26,4,4,3,5014,1,,,,,S,0,,0,,4,3,3,1,2006,1,4,3,3,1,1755,1,3,2,3,0,1254,0,ST-GER1,Normalstation Geriatrie,40,Geriatrie,10.0,20.0,06:00,14:00,450,,13:30,21:30,450,F,21:15,06:15,495,F|S,11,10,8,10,30,45,8,38.5,30,0.15,0,2.0.0,20261164
PH-002,2026-11-19,history,-11,Donnerstag,4,47,0,0,,Pflegehilfskraft,Pflegehilfskraft,PFLEGEHILFE,0.75,28.88,6931,6931,6238,7624,5,2,2,0,0,1,Pflegehilfskraft,0,0.0,-1530,28,26,4,4,3,5014,1,,,,,,0,,0,,4,3,3,1,2006,1,4,3,3,1,1755,1,3,2,3,0,1254,0,ST-GER1,Normalstation Geriatrie,40,Geriatrie,10.0,20.0,06:00,14:00,450,,13:30,21:30,450,F,21:15,06:15,495,F|S,11,10,8,10,30,45,8,38.5,30,0.15,0,2.0.0,20261164
PH-003,2026-11-19,history,-11,Donnerstag,4,47,0,0,,Pflegehilfskraft,Pflegehilfskraft,PFLEGEHILFE,0.5,19.25,4620,4620,4158,5082,5,2,2,0,0,1,Pflegehilfskraft,0,0.0,-1020,28,26,4,4,3,5014,1,,,,,,0,,0,,4,3,3,1,2006,1,4,3,3,1,1755,1,3,2,3,0,1254,0,ST-GER1,Normalstation Geriatrie,40,Geriatrie,10.0,20.0,06:00,14:00,450,,13:30,21:30,450,F,21:15,06:15,495,F|S,11,10,8,10,30,45,8,38.5,30,0.15,0,2.0.0,20261164
PK-001,2026-11-19,history,-11,Donnerstag,4,47,0,0,,Stationsleitung,Pflegefachkraft,EXAM|LEITUNG|PRAXISANLEITUNG,1.0,38.5,9240,4620,4158,5082,5,2,2,0,0,1,Pflegefachkraft,1,0.5,4464,28,26,4,4,3,5014,1,,,,,F,0,,0,,4,3,3,1,2006,1,4,3,3,1,1755,1,3,2,3,0,1254,0,ST-GER1,Normalstation Geriatrie,40,Geriatrie,10.0,20.0,06:00,14:00,450,,13:30,21:30,450,F,21:15,06:15,495,F|S,11,10,8,10,30,45,8,38.5,30,0.15,0,2.0.0,20261164
PK-002,2026-11-19,history,-11,Donnerstag,4,47,0,0,,Pflegefachkraft,Pflegefachkraft,EXAM|KARDIO_MONITORING,1.0,38.5,9240,9240,8316,10164,5,2,2,8,1,1,Pflegefachkraft,0,0.0,-2310,28,26,4,4,3,5014,1,,,,,F,0,,0,,4,3,3,1,2006,1,4,3,3,1,1755,1,3,2,3,0,1254,0,ST-GER1,Normalstation Geriatrie,40,Geriatrie,10.0,20.0,06:00,14:00,450,,13:30,21:30,450,F,21:15,06:15,495,F|S,11,10,8,10,30,45,8,38.5,30,0.15,0,2.0.0,20261164
PK-003,2026-11-19,history,-11,Donnerstag,4,47,0,0,,Pflegefachkraft,Pflegefachkraft,EXAM|PRAXISANLEITUNG|KARDIO_MONITORING,1.0,38.5,9240,9240,8316,10164,5,2,2,8,1,1,Pflegefachkraft,0,0.0,-2265,28,26,4,4,3,5014,1,,,,,,0,,0,,4,3,3,1,2006,1,4,3,3,1,1755,1,3,2,3,0,1254,0,ST-GER1,Normalstation Geriatrie,40,Geriatrie,10.0,20.0,06:00,14:00,450,,13:30,21:30,450,F,21:15,06:15,495,F|S,11,10,8,10,30,45,8,38.5,30,0.15,0,2.0.0,20261164
PK-004,2026-11-19,history,-11,Donnerstag,4,47,0,0,,Pflegefachkraft,Pflegefachkraft,EXAM,0.7,26.95,6468,6468,5821,7115,5,2,2,8,1,1,Pflegefachkraft,0,0.0,-1518,28,26,4,4,3,5014,1,,,,,,0,,0,,4,3,3,1,2006,1,4,3,3,1,1755,1,3,2,3,0,1254,0,ST-GER1,Normalstation Geriatrie,40,Geriatrie,10.0,20.0,06:00,14:00,450,,13:30,21:30,450,F,21:15,06:15,495,F|S,11,10,8,10,30,45,8,38.5,30,0.15,0,2.0.0,20261164
PK-005,2026-11-19,history,-11,Donnerstag,4,47,0,0,,Pflegefachkraft,Pflegefachkraft,EXAM|PRAXISANLEITUNG,1.0,38.5,9240,9240,8316,10164,5,2,2,8,1,1,Pflegefachkraft,0,0.0,-2400,28,26,4,4,3,5014,1,,,,,S,0,,0,,4,3,3,1,2006,1,4,3,3,1,1755,1,3,2,3,0,1254,0,ST-GER1,Normalstation Geriatrie,40,Geriatrie,10.0,20.0,06:00,14:00,450,,13:30,21:30,450,F,21:15,06:15,495,F|S,11,10,8,10,30,45,8,38.5,30,0.15,0,2.0.0,20261164
PK-006,2026-11-19,history,-11,Donnerstag,4,47,0,0,,Pflegefachkraft,Pflegefachkraft,EXAM|KARDIO_MONITORING,0.6,23.1,5544,5544,4990,6098,5,2,2,8,1,1,Pflegefachkraft,0,0.0,536,28,26,4,4,3,5014,1,,,,,,0,,0,,4,3,3,1,2006,1,4,3,3,1,1755,1,3,2,3,0,1254,0,ST-GER1,Normalstation Geriatrie,40,Geriatrie,10.0,20.0,06:00,14:00,450,,13:30,21:30,450,F,21:15,06:15,495,F|S,11,10,8,10,30,45,8,38.5,30,0.15,0,2.0.0,20261164
PK-007,2026-11-19,history,-11,Donnerstag,4,47,0,0,,Pflegefachkraft,Pflegefachkraft,EXAM|PRAXISANLEITUNG|KARDIO_MONITORING,0.75,28.88,6931,6931,6238,7624,5,2,2,8,1,1,Pflegefachkraft,0,0.0,716,28,26,4,4,3,5014,1,,,,,N,0,,0,,4,3,3,1,2006,1,4,3,3,1,1755,1,3,2,3,0,1254,0,ST-GER1,Normalstation Geriatrie,40,Geriatrie,10.0,20.0,06:00,14:00,450,,13:30,21:30,450,F,21:15,06:15,495,F|S,11,10,8,10,30,45,8,38.5,30,0.15,0,2.0.0,20261164
PK-008,2026-11-19,history,-11,Donnerstag,4,47,0,0,,Pflegefachkraft,Pflegefachkraft,EXAM,1.0,38.5,9240,9240,8316,10164,5,2,2,8,1,1,Pflegefachkraft,0,0.0,-2580,28,26,4,4,3,5014,1,,,,,,0,,0,,4,3,3,1,2006,1,4,3,3,1,1755,1,3,2,3,0,1254,0,ST-GER1,Normalstation Geriatrie,40,Geriatrie,10.0,20.0,06:00,14:00,450,,13:30,21:30,450,F,21:15,06:15,495,F|S,11,10,8,10,30,45,8,38.5,30,0.15,0,2.0.0,20261164
PK-009,2026-11-19,history,-11,Donnerstag,4,47,0,0,,Pflegefachkraft,Pflegefachkraft,EXAM,1.0,38.5,9240,9240,8316,10164,5,2,2,8,1,1,Pflegefachkraft,0,0.0,-2130,28,26,4,4,3,5014,1,,,,,F,0,,0,,4,3,3,1,2006,1,4,3,3,1,1755,1,3,2,3,0,1254,0,ST-GER1,Normalstation Geriatrie,40,Geriatrie,10.0,20.0,06:00,14:00,450,,13:30,21:30,450,F,21:15,06:15,495,F|S,11,10,8,10,30,45,8,38.5,30,0.15,0,2.0.0,20261164
PK-010,2026-11-19,history,-11,Donnerstag,4,47,0,0,,Pflegefachkraft,Pflegefachkraft,EXAM,0.6,23.1,5544,5544,4990,6098,5,2,2,8,1,1,Pflegefachkraft,0,0.0,-1404,28,26,4,4,3,5014,1,,,,,,0,,0,,4,3,3,1,2006,1,4,3,3,1,1755,1,3,2,3,0,1254,0,ST-GER1,Normalstation Geriatrie,40,Geriatrie,10.0,20.0,06:00,14:00,450,,13:30,21:30,450,F,21:15,06:15,495,F|S,11,10,8,10,30,45,8,38.5,30,0.15,0,2.0.0,20261164
PK-011,2026-11-19,history,-11,Donnerstag,4,47,0,0,,Pflegefachkraft,Pflegefachkraft,EXAM,1.0,38.5,9240,9240,8316,10164,5,2,2,8,1,1,Pflegefachkraft,0,0.0,-2130,28,26,4,4,3,5014,1,,,,,,0,,0,,4,3,3,1,2006,1,4,3,3,1,1755,1,3,2,3,0,1254,0,ST-GER1,Normalstation Geriatrie,40,Geriatrie,10.0,20.0,06:00,14:00,450,,13:30,21:30,450,F,21:15,06:15,495,F|S,11,10,8,10,30,45,8,38.5,30,0.15,0,2.0.0,20261164
PK-012,2026-11-19,history,-11,Donnerstag,4,47,0,0,,Pflegefachkraft,Pflegefachkraft,EXAM|KARDIO_MONITORING,1.0,38.5,9240,9240,8316,10164,5,2,2,8,1,1,Pflegefachkraft,0,0.0,-2265,28,26,4,4,3,5014,1,,,,,S,0,,0,,4,3,3,1,2006,1,4,3,3,1,1755,1,3,2,3,0,1254,0,ST-GER1,Normalstation Geriatrie,40,Geriatrie,10.0,20.0,06:00,14:00,450,,13:30,21:30,450,F,21:15,06:15,495,F|S,11,10,8,10,30,45,8,38.5,30,0.15,0,2.0.0,20261164
PK-013,2026-11-19,history,-11,Donnerstag,4,47,0,0,,Pflegefachkraft,Pflegefachkraft,EXAM,1.0,38.5,9240,9240,8316,10164,5,2,2,8,1,1,Pflegefachkraft,0,0.0,-2310,28,26,4,4,3,5014,1,,,,,N,0,,0,,4,3,3,1,2006,1,4,3,3,1,1755,1,3,2,3,0,1254,0,ST-GER1,Normalstation Geriatrie,40,Geriatrie,10.0,20.0,06:00,14:00,450,,13:30,21:30,450,F,21:15,06:15,495,F|S,11,10,8,10,30,45,8,38.5,30,0.15,0,2.0.0,20261164
PK-014,2026-11-19,history,-11,Donnerstag,4,47,0,0,,Pflegefachkraft,Pflegefachkraft,EXAM,0.8,30.8,7392,7392,6653,8131,5,2,2,8,1,1,Pflegefachkraft,0,0.0,-1542,28,26,4,4,3,5014,1,,,,,,0,,0,,4,3,3,1,2006,1,4,3,3,1,1755,1,3,2,3,0,1254,0,ST-GER1,Normalstation Geriatrie,40,Geriatrie,10.0,20.0,06:00,14:00,450,,13:30,21:30,450,F,21:15,06:15,495,F|S,11,10,8,10,30,45,8,38.5,30,0.15,0,2.0.0,20261164
PK-015,2026-11-19,history,-11,Donnerstag,4,47,0,0,,Pflegefachkraft,Pflegefachkraft,EXAM,0.6,23.1,5544,5544,4990,6098,5,2,2,8,1,1,Pflegefachkraft,0,0.0,-1404,28,26,4,4,3,5014,1,,,,,,0,,0,,4,3,3,1,2006,1,4,3,3,1,1755,1,3,2,3,0,1254,0,ST-GER1,Normalstation Geriatrie,40,Geriatrie,10.0,20.0,06:00,14:00,450,,13:30,21:30,450,F,21:15,06:15,495,F|S,11,10,8,10,30,45,8,38.5,30,0.15,0,2.0.0,20261164
PK-016,2026-11-19,history,-11,Donnerstag,4,47,0,0,,Pflegefachkraft,Pflegefachkraft,EXAM,0.75,28.88,6931,6931,6238,7624,5,2,2,8,1,1,Pflegefachkraft,0,0.0,-1485,28,26,4,4,3,5014,1,,,,,,0,,0,,4,3,3,1,2006,1,4,3,3,1,1755,1,3,2,3,0,1254,0,ST-GER1,Normalstation Geriatrie,40,Geriatrie,10.0,20.0,06:00,14:00,450,,13:30,21:30,450,F,21:15,06:15,495,F|S,11,10,8,10,30,45,8,38.5,30,0.15,0,2.0.0,20261164
PK-017,2026-11-19,history,-11,Donnerstag,4,47,0,0,,Pflegefachkraft,Pflegefachkraft,EXAM,0.7,26.95,6468,6468,5821,7115,5,2,2,8,1,1,Pflegefachkraft,0,0.0,-1473,28,26,4,4,3,5014,1,,,,,,0,,0,,4,3,3,1,2006,1,4,3,3,1,1755,1,3,2,3,0,1254,0,ST-GER1,Normalstation Geriatrie,40,Geriatrie,10.0,20.0,06:00,14:00,450,,13:30,21:30,450,F,21:15,06:15,495,F|S,11,10,8,10,30,45,8,38.5,30,0.15,0,2.0.0,20261164
PK-018,2026-11-19,history,-11,Donnerstag,4,47,0,0,,Pflegefachkraft,Pflegefachkraft,EXAM|PRAXISANLEITUNG|KARDIO_MONITORING,0.9,34.65,8316,8316,7484,9148,5,2,2,8,1,1,Pflegefachkraft,0,0.0,-1971,28,26,4,4,3,5014,1,,,,,F,0,,0,,4,3,3,1,2006,1,4,3,3,1,1755,1,3,2,3,0,1254,0,ST-GER1,Normalstation Geriatrie,40,Geriatrie,10.0,20.0,06:00,14:00,450,,13:30,21:30,450,F,21:15,06:15,495,F|S,11,10,8,10,30,45,8,38.5,30,0.15,0,2.0.0,20261164
PK-019,2026-11-19,history,-11,Donnerstag,4,47,0,0,,Pflegefachkraft,Pflegefachkraft,EXAM,0.8,30.8,7392,7392,6653,8131,5,2,2,8,1,1,Pflegefachkraft,0,0.0,-1902,28,26,4,4,3,5014,1,,,,,N,0,,0,,4,3,3,1,2006,1,4,3,3,1,1755,1,3,2,3,0,1254,0,ST-GER1,Normalstation Geriatrie,40,Geriatrie,10.0,20.0,06:00,14:00,450,,13:30,21:30,450,F,21:15,06:15,495,F|S,11,10,8,10,30,45,8,38.5,30,0.15,0,2.0.0,20261164
PK-020,2026-11-19,history,-11,Donnerstag,4,47,0,0,,Pflegefachkraft,Pflegefachkraft,EXAM|KARDIO_MONITORING,0.5,19.25,4620,4620,4158,5082,5,2,2,8,1,1,Pflegefachkraft,0,0.0,-930,28,26,4,4,3,5014,1,,,,,,0,,0,,4,3,3,1,2006,1,4,3,3,1,1755,1,3,2,3,0,1254,0,ST-GER1,Normalstation Geriatrie,40,Geriatrie,10.0,20.0,06:00,14:00,450,,13:30,21:30,450,F,21:15,06:15,495,F|S,11,10,8,10,30,45,8,38.5,30,0.15,0,2.0.0,20261164
PK-021,2026-11-19,history,-11,Donnerstag,4,47,0,0,,Pflegefachkraft,Pflegefachkraft,EXAM,0.8,30.8,7392,7392,6653,8131,5,2,2,8,1,1,Pflegefachkraft,0,0.0,-1722,28,26,4,4,3,5014,1,,,,,S,0,,0,,4,3,3,1,2006,1,4,3,3,1,1755,1,3,2,3,0,1254,0,ST-GER1,Normalstation Geriatrie,40,Geriatrie,10.0,20.0,06:00,14:00,450,,13:30,21:30,450,F,21:15,06:15,495,F|S,11,10,8,10,30,45,8,38.5,30,0.15,0,2.0.0,20261164
PK-022,2026-11-19,history,-11,Donnerstag,4,47,0,0,,Pflegefachkraft,Pflegefachkraft,EXAM|PRAXISANLEITUNG|KARDIO_MONITORING,0.5,19.25,4620,4620,4158,5082,5,2,2,8,1,1,Pflegefachkraft,0,0.0,-930,28,26,4,4,3,5014,1,,,,,,0,,0,,4,3,3,1,2006,1,4,3,3,1,1755,1,3,2,3,0,1254,0,ST-GER1,Normalstation Geriatrie,40,Geriatrie,10.0,20.0,06:00,14:00,450,,13:30,21:30,450,F,21:15,06:15,495,F|S,11,10,8,10,30,45,8,38.5,30,0.15,0,2.0.0,20261164
AZ-001,2026-11-20,history,-10,Freitag,5,47,0,0,,Auszubildende_r_3_Ausbildungsjahr,Auszubildende,AUSZUBILDEND,1.0,38.5,9240,9240,8316,10164,5,2,2,8,1,0,nicht anrechenbar,0,0.0,-9240,30,28,2,4,2,4965,1,,,,,,0,,0,,4,3,3,1,1986,1,4,3,3,1,1738,1,3,2,3,0,1241,0,ST-GER1,Normalstation Geriatrie,40,Geriatrie,10.0,20.0,06:00,14:00,450,,13:30,21:30,450,F,21:15,06:15,495,F|S,11,10,8,10,30,45,8,38.5,30,0.15,0,2.0.0,20261164
AZ-002,2026-11-20,history,-10,Freitag,5,47,0,0,,Auszubildende_r_2_Ausbildungsjahr,Auszubildende,AUSZUBILDEND,1.0,38.5,9240,9240,8316,10164,5,2,2,8,1,0,nicht anrechenbar,0,0.0,-9240,30,28,2,4,2,4965,1,,,,,,0,,0,,4,3,3,1,1986,1,4,3,3,1,1738,1,3,2,3,0,1241,0,ST-GER1,Normalstation Geriatrie,40,Geriatrie,10.0,20.0,06:00,14:00,450,,13:30,21:30,450,F,21:15,06:15,495,F|S,11,10,8,10,30,45,8,38.5,30,0.15,0,2.0.0,20261164
AZ-003,2026-11-20,history,-10,Freitag,5,47,0,0,,Auszubildende_r_1_Ausbildungsjahr,Auszubildende,AUSZUBILDEND,1.0,38.5,9240,9240,8316,10164,5,2,2,0,0,0,nicht anrechenbar,0,0.0,-9240,30,28,2,4,2,4965,1,,,,,,0,,0,,4,3,3,1,1986,1,4,3,3,1,1738,1,3,2,3,0,1241,0,ST-GER1,Normalstation Geriatrie,40,Geriatrie,10.0,20.0,06:00,14:00,450,,13:30,21:30,450,F,21:15,06:15,495,F|S,11,10,8,10,30,45,8,38.5,30,0.15,0,2.0.0,20261164
PH-001,2026-11-20,history,-10,Freitag,5,47,0,0,,Pflegehilfskraft,Pflegehilfskraft,PFLEGEHILFE,0.75,28.88,6931,6931,6238,7624,5,2,2,0,0,1,Pflegehilfskraft,0,0.0,-1530,30,28,2,4,2,4965,1,,,,,,0,,0,,4,3,3,1,1986,1,4,3,3,1,1738,1,3,2,3,0,1241,0,ST-GER1,Normalstation Geriatrie,40,Geriatrie,10.0,20.0,06:00,14:00,450,,13:30,21:30,450,F,21:15,06:15,495,F|S,11,10,8,10,30,45,8,38.5,30,0.15,0,2.0.0,20261164
PH-002,2026-11-20,history,-10,Freitag,5,47,0,0,,Pflegehilfskraft,Pflegehilfskraft,PFLEGEHILFE,0.75,28.88,6931,6931,6238,7624,5,2,2,0,0,1,Pflegehilfskraft,0,0.0,-1530,30,28,2,4,2,4965,1,,,,,F,0,,0,,4,3,3,1,1986,1,4,3,3,1,1738,1,3,2,3,0,1241,0,ST-GER1,Normalstation Geriatrie,40,Geriatrie,10.0,20.0,06:00,14:00,450,,13:30,21:30,450,F,21:15,06:15,495,F|S,11,10,8,10,30,45,8,38.5,30,0.15,0,2.0.0,20261164
PH-003,2026-11-20,history,-10,Freitag,5,47,0,0,,Pflegehilfskraft,Pflegehilfskraft,PFLEGEHILFE,0.5,19.25,4620,4620,4158,5082,5,2,2,0,0,1,Pflegehilfskraft,0,0.0,-1020,30,28,2,4,2,4965,1,,,,,S,0,,0,,4,3,3,1,1986,1,4,3,3,1,1738,1,3,2,3,0,1241,0,ST-GER1,Normalstation Geriatrie,40,Geriatrie,10.0,20.0,06:00,14:00,450,,13:30,21:30,450,F,21:15,06:15,495,F|S,11,10,8,10,30,45,8,38.5,30,0.15,0,2.0.0,20261164
PK-001,2026-11-20,history,-10,Freitag,5,47,0,0,,Stationsleitung,Pflegefachkraft,EXAM|LEITUNG|PRAXISANLEITUNG,1.0,38.5,9240,4620,4158,5082,5,2,2,0,0,1,Pflegefachkraft,1,0.5,4464,30,28,2,4,2,4965,1,,,,,F,0,,0,,4,3,3,1,1986,1,4,3,3,1,1738,1,3,2,3,0,1241,0,ST-GER1,Normalstation Geriatrie,40,Geriatrie,10.0,20.0,06:00,14:00,450,,13:30,21:30,450,F,21:15,06:15,495,F|S,11,10,8,10,30,45,8,38.5,30,0.15,0,2.0.0,20261164
PK-002,2026-11-20,history,-10,Freitag,5,47,0,0,,Pflegefachkraft,Pflegefachkraft,EXAM|KARDIO_MONITORING,1.0,38.5,9240,9240,8316,10164,5,2,2,8,1,1,Pflegefachkraft,0,0.0,-2310,30,28,2,4,2,4965,1,,,,,,0,,0,,4,3,3,1,1986,1,4,3,3,1,1738,1,3,2,3,0,1241,0,ST-GER1,Normalstation Geriatrie,40,Geriatrie,10.0,20.0,06:00,14:00,450,,13:30,21:30,450,F,21:15,06:15,495,F|S,11,10,8,10,30,45,8,38.5,30,0.15,0,2.0.0,20261164
PK-003,2026-11-20,history,-10,Freitag,5,47,0,0,,Pflegefachkraft,Pflegefachkraft,EXAM|PRAXISANLEITUNG|KARDIO_MONITORING,1.0,38.5,9240,9240,8316,10164,5,2,2,8,1,1,Pflegefachkraft,0,0.0,-2265,30,28,2,4,2,4965,1,,,,,N,0,,0,,4,3,3,1,1986,1,4,3,3,1,1738,1,3,2,3,0,1241,0,ST-GER1,Normalstation Geriatrie,40,Geriatrie,10.0,20.0,06:00,14:00,450,,13:30,21:30,450,F,21:15,06:15,495,F|S,11,10,8,10,30,45,8,38.5,30,0.15,0,2.0.0,20261164
PK-004,2026-11-20,history,-10,Freitag,5,47,0,0,,Pflegefachkraft,Pflegefachkraft,EXAM,0.7,26.95,6468,6468,5821,7115,5,2,2,8,1,1,Pflegefachkraft,0,0.0,-1518,30,28,2,4,2,4965,1,,,,,S,0,,0,,4,3,3,1,1986,1,4,3,3,1,1738,1,3,2,3,0,1241,0,ST-GER1,Normalstation Geriatrie,40,Geriatrie,10.0,20.0,06:00,14:00,450,,13:30,21:30,450,F,21:15,06:15,495,F|S,11,10,8,10,30,45,8,38.5,30,0.15,0,2.0.0,20261164
PK-005,2026-11-20,history,-10,Freitag,5,47,0,0,,Pflegefachkraft,Pflegefachkraft,EXAM|PRAXISANLEITUNG,1.0,38.5,9240,9240,8316,10164,5,2,2,8,1,1,Pflegefachkraft,0,0.0,-2400,30,28,2,4,2,4965,1,,,,,,0,,0,,4,3,3,1,1986,1,4,3,3,1,1738,1,3,2,3,0,1241,0,ST-GER1,Normalstation Geriatrie,40,Geriatrie,10.0,20.0,06:00,14:00,450,,13:30,21:30,450,F,21:15,06:15,495,F|S,11,10,8,10,30,45,8,38.5,30,0.15,0,2.0.0,20261164
PK-006,2026-11-20,history,-10,Freitag,5,47,0,0,,Pflegefachkraft,Pflegefachkraft,EXAM|KARDIO_MONITORING,0.6,23.1,5544,5544,4990,6098,5,2,2,8,1,1,Pflegefachkraft,0,0.0,536,30,28,2,4,2,4965,1,,,,,S,0,,0,,4,3,3,1,1986,1,4,3,3,1,1738,1,3,2,3,0,1241,0,ST-GER1,Normalstation Geriatrie,40,Geriatrie,10.0,20.0,06:00,14:00,450,,13:30,21:30,450,F,21:15,06:15,495,F|S,11,10,8,10,30,45,8,38.5,30,0.15,0,2.0.0,20261164
PK-007,2026-11-20,history,-10,Freitag,5,47,0,0,,Pflegefachkraft,Pflegefachkraft,EXAM|PRAXISANLEITUNG|KARDIO_MONITORING,0.75,28.88,6931,6931,6238,7624,5,2,2,8,1,1,Pflegefachkraft,0,0.0,716,30,28,2,4,2,4965,1,,,,,,0,,0,,4,3,3,1,1986,1,4,3,3,1,1738,1,3,2,3,0,1241,0,ST-GER1,Normalstation Geriatrie,40,Geriatrie,10.0,20.0,06:00,14:00,450,,13:30,21:30,450,F,21:15,06:15,495,F|S,11,10,8,10,30,45,8,38.5,30,0.15,0,2.0.0,20261164
PK-008,2026-11-20,history,-10,Freitag,5,47,0,0,,Pflegefachkraft,Pflegefachkraft,EXAM,1.0,38.5,9240,9240,8316,10164,5,2,2,8,1,1,Pflegefachkraft,0,0.0,-2580,30,28,2,4,2,4965,1,,,,,N,0,,0,,4,3,3,1,1986,1,4,3,3,1,1738,1,3,2,3,0,1241,0,ST-GER1,Normalstation Geriatrie,40,Geriatrie,10.0,20.0,06:00,14:00,450,,13:30,21:30,450,F,21:15,06:15,495,F|S,11,10,8,10,30,45,8,38.5,30,0.15,0,2.0.0,20261164
PK-009,2026-11-20,history,-10,Freitag,5,47,0,0,,Pflegefachkraft,Pflegefachkraft,EXAM,1.0,38.5,9240,9240,8316,10164,5,2,2,8,1,1,Pflegefachkraft,0,0.0,-2130,30,28,2,4,2,4965,1,,,,,F,0,,0,,4,3,3,1,1986,1,4,3,3,1,1738,1,3,2,3,0,1241,0,ST-GER1,Normalstation Geriatrie,40,Geriatrie,10.0,20.0,06:00,14:00,450,,13:30,21:30,450,F,21:15,06:15,495,F|S,11,10,8,10,30,45,8,38.5,30,0.15,0,2.0.0,20261164
PK-010,2026-11-20,history,-10,Freitag,5,47,0,0,,Pflegefachkraft,Pflegefachkraft,EXAM,0.6,23.1,5544,5544,4990,6098,5,2,2,8,1,1,Pflegefachkraft,0,0.0,-1404,30,28,2,4,2,4965,1,,,,,,0,,0,,4,3,3,1,1986,1,4,3,3,1,1738,1,3,2,3,0,1241,0,ST-GER1,Normalstation Geriatrie,40,Geriatrie,10.0,20.0,06:00,14:00,450,,13:30,21:30,450,F,21:15,06:15,495,F|S,11,10,8,10,30,45,8,38.5,30,0.15,0,2.0.0,20261164
PK-011,2026-11-20,history,-10,Freitag,5,47,0,0,,Pflegefachkraft,Pflegefachkraft,EXAM,1.0,38.5,9240,9240,8316,10164,5,2,2,8,1,1,Pflegefachkraft,0,0.0,-2130,30,28,2,4,2,4965,1,,,,,F,0,,0,,4,3,3,1,1986,1,4,3,3,1,1738,1,3,2,3,0,1241,0,ST-GER1,Normalstation Geriatrie,40,Geriatrie,10.0,20.0,06:00,14:00,450,,13:30,21:30,450,F,21:15,06:15,495,F|S,11,10,8,10,30,45,8,38.5,30,0.15,0,2.0.0,20261164
PK-012,2026-11-20,history,-10,Freitag,5,47,0,0,,Pflegefachkraft,Pflegefachkraft,EXAM|KARDIO_MONITORING,1.0,38.5,9240,9240,8316,10164,5,2,2,8,1,1,Pflegefachkraft,0,0.0,-2265,30,28,2,4,2,4965,1,,,,,,0,,0,,4,3,3,1,1986,1,4,3,3,1,1738,1,3,2,3,0,1241,0,ST-GER1,Normalstation Geriatrie,40,Geriatrie,10.0,20.0,06:00,14:00,450,,13:30,21:30,450,F,21:15,06:15,495,F|S,11,10,8,10,30,45,8,38.5,30,0.15,0,2.0.0,20261164
PK-013,2026-11-20,history,-10,Freitag,5,47,0,0,,Pflegefachkraft,Pflegefachkraft,EXAM,1.0,38.5,9240,9240,8316,10164,5,2,2,8,1,1,Pflegefachkraft,0,0.0,-2310,30,28,2,4,2,4965,1,,,,,,0,,0,,4,3,3,1,1986,1,4,3,3,1,1738,1,3,2,3,0,1241,0,ST-GER1,Normalstation Geriatrie,40,Geriatrie,10.0,20.0,06:00,14:00,450,,13:30,21:30,450,F,21:15,06:15,495,F|S,11,10,8,10,30,45,8,38.5,30,0.15,0,2.0.0,20261164
PK-014,2026-11-20,history,-10,Freitag,5,47,0,0,,Pflegefachkraft,Pflegefachkraft,EXAM,0.8,30.8,7392,7392,6653,8131,5,2,2,8,1,1,Pflegefachkraft,0,0.0,-1542,30,28,2,4,2,4965,1,,,,,S,0,,0,,4,3,3,1,1986,1,4,3,3,1,1738,1,3,2,3,0,1241,0,ST-GER1,Normalstation Geriatrie,40,Geriatrie,10.0,20.0,06:00,14:00,450,,13:30,21:30,450,F,21:15,06:15,495,F|S,11,10,8,10,30,45,8,38.5,30,0.15,0,2.0.0,20261164
PK-015,2026-11-20,history,-10,Freitag,5,47,0,0,,Pflegefachkraft,Pflegefachkraft,EXAM,0.6,23.1,5544,5544,4990,6098,5,2,2,8,1,1,Pflegefachkraft,0,0.0,-1404,30,28,2,4,2,4965,1,,,,,,0,,0,,4,3,3,1,1986,1,4,3,3,1,1738,1,3,2,3,0,1241,0,ST-GER1,Normalstation Geriatrie,40,Geriatrie,10.0,20.0,06:00,14:00,450,,13:30,21:30,450,F,21:15,06:15,495,F|S,11,10,8,10,30,45,8,38.5,30,0.15,0,2.0.0,20261164
PK-016,2026-11-20,history,-10,Freitag,5,47,0,0,,Pflegefachkraft,Pflegefachkraft,EXAM,0.75,28.88,6931,6931,6238,7624,5,2,2,8,1,1,Pflegefachkraft,0,0.0,-1485,30,28,2,4,2,4965,1,,,,,N,0,,0,,4,3,3,1,1986,1,4,3,3,1,1738,1,3,2,3,0,1241,0,ST-GER1,Normalstation Geriatrie,40,Geriatrie,10.0,20.0,06:00,14:00,450,,13:30,21:30,450,F,21:15,06:15,495,F|S,11,10,8,10,30,45,8,38.5,30,0.15,0,2.0.0,20261164
PK-017,2026-11-20,history,-10,Freitag,5,47,0,0,,Pflegefachkraft,Pflegefachkraft,EXAM,0.7,26.95,6468,6468,5821,7115,5,2,2,8,1,1,Pflegefachkraft,0,0.0,-1473,30,28,2,4,2,4965,1,,,,,,0,,0,,4,3,3,1,1986,1,4,3,3,1,1738,1,3,2,3,0,1241,0,ST-GER1,Normalstation Geriatrie,40,Geriatrie,10.0,20.0,06:00,14:00,450,,13:30,21:30,450,F,21:15,06:15,495,F|S,11,10,8,10,30,45,8,38.5,30,0.15,0,2.0.0,20261164
PK-018,2026-11-20,history,-10,Freitag,5,47,0,0,,Pflegefachkraft,Pflegefachkraft,EXAM|PRAXISANLEITUNG|KARDIO_MONITORING,0.9,34.65,8316,8316,7484,9148,5,2,2,8,1,1,Pflegefachkraft,0,0.0,-1971,30,28,2,4,2,4965,1,,,,,,0,,0,,4,3,3,1,1986,1,4,3,3,1,1738,1,3,2,3,0,1241,0,ST-GER1,Normalstation Geriatrie,40,Geriatrie,10.0,20.0,06:00,14:00,450,,13:30,21:30,450,F,21:15,06:15,495,F|S,11,10,8,10,30,45,8,38.5,30,0.15,0,2.0.0,20261164
PK-019,2026-11-20,history,-10,Freitag,5,47,0,0,,Pflegefachkraft,Pflegefachkraft,EXAM,0.8,30.8,7392,7392,6653,8131,5,2,2,8,1,1,Pflegefachkraft,0,0.0,-1902,30,28,2,4,2,4965,1,,,,,,0,,0,,4,3,3,1,1986,1,4,3,3,1,1738,1,3,2,3,0,1241,0,ST-GER1,Normalstation Geriatrie,40,Geriatrie,10.0,20.0,06:00,14:00,450,,13:30,21:30,450,F,21:15,06:15,495,F|S,11,10,8,10,30,45,8,38.5,30,0.15,0,2.0.0,20261164
PK-020,2026-11-20,history,-10,Freitag,5,47,0,0,,Pflegefachkraft,Pflegefachkraft,EXAM|KARDIO_MONITORING,0.5,19.25,4620,4620,4158,5082,5,2,2,8,1,1,Pflegefachkraft,0,0.0,-930,30,28,2,4,2,4965,1,,,,,,0,,0,,4,3,3,1,1986,1,4,3,3,1,1738,1,3,2,3,0,1241,0,ST-GER1,Normalstation Geriatrie,40,Geriatrie,10.0,20.0,06:00,14:00,450,,13:30,21:30,450,F,21:15,06:15,495,F|S,11,10,8,10,30,45,8,38.5,30,0.15,0,2.0.0,20261164
PK-021,2026-11-20,history,-10,Freitag,5,47,0,0,,Pflegefachkraft,Pflegefachkraft,EXAM,0.8,30.8,7392,7392,6653,8131,5,2,2,8,1,1,Pflegefachkraft,0,0.0,-1722,30,28,2,4,2,4965,1,,,,,,0,,0,,4,3,3,1,1986,1,4,3,3,1,1738,1,3,2,3,0,1241,0,ST-GER1,Normalstation Geriatrie,40,Geriatrie,10.0,20.0,06:00,14:00,450,,13:30,21:30,450,F,21:15,06:15,495,F|S,11,10,8,10,30,45,8,38.5,30,0.15,0,2.0.0,20261164
PK-022,2026-11-20,history,-10,Freitag,5,47,0,0,,Pflegefachkraft,Pflegefachkraft,EXAM|PRAXISANLEITUNG|KARDIO_MONITORING,0.5,19.25,4620,4620,4158,5082,5,2,2,8,1,1,Pflegefachkraft,0,0.0,-930,30,28,2,4,2,4965,1,,,,,,0,,0,,4,3,3,1,1986,1,4,3,3,1,1738,1,3,2,3,0,1241,0,ST-GER1,Normalstation Geriatrie,40,Geriatrie,10.0,20.0,06:00,14:00,450,,13:30,21:30,450,F,21:15,06:15,495,F|S,11,10,8,10,30,45,8,38.5,30,0.15,0,2.0.0,20261164
AZ-001,2026-11-21,history,-9,Samstag,6,47,1,0,,Auszubildende_r_3_Ausbildungsjahr,Auszubildende,AUSZUBILDEND,1.0,38.5,9240,9240,8316,10164,5,2,2,8,1,0,nicht anrechenbar,0,0.0,-9240,27,26,4,2,2,4809,1,,,,,,0,,0,,4,3,3,1,1924,1,4,3,3,1,1683,1,2,2,2,0,1202,0,ST-GER1,Normalstation Geriatrie,40,Geriatrie,10.0,20.0,06:00,14:00,450,,13:30,21:30,450,F,21:15,06:15,495,F|S,11,10,8,10,30,45,8,38.5,30,0.15,0,2.0.0,20261164
AZ-002,2026-11-21,history,-9,Samstag,6,47,1,0,,Auszubildende_r_2_Ausbildungsjahr,Auszubildende,AUSZUBILDEND,1.0,38.5,9240,9240,8316,10164,5,2,2,8,1,0,nicht anrechenbar,0,0.0,-9240,27,26,4,2,2,4809,1,,,,,,0,,0,,4,3,3,1,1924,1,4,3,3,1,1683,1,2,2,2,0,1202,0,ST-GER1,Normalstation Geriatrie,40,Geriatrie,10.0,20.0,06:00,14:00,450,,13:30,21:30,450,F,21:15,06:15,495,F|S,11,10,8,10,30,45,8,38.5,30,0.15,0,2.0.0,20261164
AZ-003,2026-11-21,history,-9,Samstag,6,47,1,0,,Auszubildende_r_1_Ausbildungsjahr,Auszubildende,AUSZUBILDEND,1.0,38.5,9240,9240,8316,10164,5,2,2,0,0,0,nicht anrechenbar,0,0.0,-9240,27,26,4,2,2,4809,1,,,,,,0,,0,,4,3,3,1,1924,1,4,3,3,1,1683,1,2,2,2,0,1202,0,ST-GER1,Normalstation Geriatrie,40,Geriatrie,10.0,20.0,06:00,14:00,450,,13:30,21:30,450,F,21:15,06:15,495,F|S,11,10,8,10,30,45,8,38.5,30,0.15,0,2.0.0,20261164
PH-001,2026-11-21,history,-9,Samstag,6,47,1,0,,Pflegehilfskraft,Pflegehilfskraft,PFLEGEHILFE,0.75,28.88,6931,6931,6238,7624,5,2,2,0,0,1,Pflegehilfskraft,0,0.0,-1530,27,26,4,2,2,4809,1,,,,,,0,,0,,4,3,3,1,1924,1,4,3,3,1,1683,1,2,2,2,0,1202,0,ST-GER1,Normalstation Geriatrie,40,Geriatrie,10.0,20.0,06:00,14:00,450,,13:30,21:30,450,F,21:15,06:15,495,F|S,11,10,8,10,30,45,8,38.5,30,0.15,0,2.0.0,20261164
PH-002,2026-11-21,history,-9,Samstag,6,47,1,0,,Pflegehilfskraft,Pflegehilfskraft,PFLEGEHILFE,0.75,28.88,6931,6931,6238,7624,5,2,2,0,0,1,Pflegehilfskraft,0,0.0,-1530,27,26,4,2,2,4809,1,,,,,,0,,0,,4,3,3,1,1924,1,4,3,3,1,1683,1,2,2,2,0,1202,0,ST-GER1,Normalstation Geriatrie,40,Geriatrie,10.0,20.0,06:00,14:00,450,,13:30,21:30,450,F,21:15,06:15,495,F|S,11,10,8,10,30,45,8,38.5,30,0.15,0,2.0.0,20261164
PH-003,2026-11-21,history,-9,Samstag,6,47,1,0,,Pflegehilfskraft,Pflegehilfskraft,PFLEGEHILFE,0.5,19.25,4620,4620,4158,5082,5,2,2,0,0,1,Pflegehilfskraft,0,0.0,-1020,27,26,4,2,2,4809,1,,,,,,0,,0,,4,3,3,1,1924,1,4,3,3,1,1683,1,2,2,2,0,1202,0,ST-GER1,Normalstation Geriatrie,40,Geriatrie,10.0,20.0,06:00,14:00,450,,13:30,21:30,450,F,21:15,06:15,495,F|S,11,10,8,10,30,45,8,38.5,30,0.15,0,2.0.0,20261164
PK-001,2026-11-21,history,-9,Samstag,6,47,1,0,,Stationsleitung,Pflegefachkraft,EXAM|LEITUNG|PRAXISANLEITUNG,1.0,38.5,9240,4620,4158,5082,5,2,2,0,0,1,Pflegefachkraft,1,0.5,4464,27,26,4,2,2,4809,0,URLAUB,,,,,0,,0,,4,3,3,1,1924,1,4,3,3,1,1683,1,2,2,2,0,1202,0,ST-GER1,Normalstation Geriatrie,40,Geriatrie,10.0,20.0,06:00,14:00,450,,13:30,21:30,450,F,21:15,06:15,495,F|S,11,10,8,10,30,45,8,38.5,30,0.15,0,2.0.0,20261164
PK-002,2026-11-21,history,-9,Samstag,6,47,1,0,,Pflegefachkraft,Pflegefachkraft,EXAM|KARDIO_MONITORING,1.0,38.5,9240,9240,8316,10164,5,2,2,8,1,1,Pflegefachkraft,0,0.0,-2310,27,26,4,2,2,4809,1,,,,,N,0,,0,,4,3,3,1,1924,1,4,3,3,1,1683,1,2,2,2,0,1202,0,ST-GER1,Normalstation Geriatrie,40,Geriatrie,10.0,20.0,06:00,14:00,450,,13:30,21:30,450,F,21:15,06:15,495,F|S,11,10,8,10,30,45,8,38.5,30,0.15,0,2.0.0,20261164
PK-003,2026-11-21,history,-9,Samstag,6,47,1,0,,Pflegefachkraft,Pflegefachkraft,EXAM|PRAXISANLEITUNG|KARDIO_MONITORING,1.0,38.5,9240,9240,8316,10164,5,2,2,8,1,1,Pflegefachkraft,0,0.0,-2265,27,26,4,2,2,4809,1,,,,,,0,,0,,4,3,3,1,1924,1,4,3,3,1,1683,1,2,2,2,0,1202,0,ST-GER1,Normalstation Geriatrie,40,Geriatrie,10.0,20.0,06:00,14:00,450,,13:30,21:30,450,F,21:15,06:15,495,F|S,11,10,8,10,30,45,8,38.5,30,0.15,0,2.0.0,20261164
PK-004,2026-11-21,history,-9,Samstag,6,47,1,0,,Pflegefachkraft,Pflegefachkraft,EXAM,0.7,26.95,6468,6468,5821,7115,5,2,2,8,1,1,Pflegefachkraft,0,0.0,-1518,27,26,4,2,2,4809,1,,,,,,0,,0,,4,3,3,1,1924,1,4,3,3,1,1683,1,2,2,2,0,1202,0,ST-GER1,Normalstation Geriatrie,40,Geriatrie,10.0,20.0,06:00,14:00,450,,13:30,21:30,450,F,21:15,06:15,495,F|S,11,10,8,10,30,45,8,38.5,30,0.15,0,2.0.0,20261164
PK-005,2026-11-21,history,-9,Samstag,6,47,1,0,,Pflegefachkraft,Pflegefachkraft,EXAM|PRAXISANLEITUNG,1.0,38.5,9240,9240,8316,10164,5,2,2,8,1,1,Pflegefachkraft,0,0.0,-2400,27,26,4,2,2,4809,1,,,,,S,0,,0,,4,3,3,1,1924,1,4,3,3,1,1683,1,2,2,2,0,1202,0,ST-GER1,Normalstation Geriatrie,40,Geriatrie,10.0,20.0,06:00,14:00,450,,13:30,21:30,450,F,21:15,06:15,495,F|S,11,10,8,10,30,45,8,38.5,30,0.15,0,2.0.0,20261164
PK-006,2026-11-21,history,-9,Samstag,6,47,1,0,,Pflegefachkraft,Pflegefachkraft,EXAM|KARDIO_MONITORING,0.6,23.1,5544,5544,4990,6098,5,2,2,8,1,1,Pflegefachkraft,0,0.0,536,27,26,4,2,2,4809,0,URLAUB,,,,,0,,0,,4,3,3,1,1924,1,4,3,3,1,1683,1,2,2,2,0,1202,0,ST-GER1,Normalstation Geriatrie,40,Geriatrie,10.0,20.0,06:00,14:00,450,,13:30,21:30,450,F,21:15,06:15,495,F|S,11,10,8,10,30,45,8,38.5,30,0.15,0,2.0.0,20261164
PK-007,2026-11-21,history,-9,Samstag,6,47,1,0,,Pflegefachkraft,Pflegefachkraft,EXAM|PRAXISANLEITUNG|KARDIO_MONITORING,0.75,28.88,6931,6931,6238,7624,5,2,2,8,1,1,Pflegefachkraft,0,0.0,716,27,26,4,2,2,4809,1,,,,,N,0,,0,,4,3,3,1,1924,1,4,3,3,1,1683,1,2,2,2,0,1202,0,ST-GER1,Normalstation Geriatrie,40,Geriatrie,10.0,20.0,06:00,14:00,450,,13:30,21:30,450,F,21:15,06:15,495,F|S,11,10,8,10,30,45,8,38.5,30,0.15,0,2.0.0,20261164
PK-008,2026-11-21,history,-9,Samstag,6,47,1,0,,Pflegefachkraft,Pflegefachkraft,EXAM,1.0,38.5,9240,9240,8316,10164,5,2,2,8,1,1,Pflegefachkraft,0,0.0,-2580,27,26,4,2,2,4809,1,,,,,,0,,0,,4,3,3,1,1924,1,4,3,3,1,1683,1,2,2,2,0,1202,0,ST-GER1,Normalstation Geriatrie,40,Geriatrie,10.0,20.0,06:00,14:00,450,,13:30,21:30,450,F,21:15,06:15,495,F|S,11,10,8,10,30,45,8,38.5,30,0.15,0,2.0.0,20261164
PK-009,2026-11-21,history,-9,Samstag,6,47,1,0,,Pflegefachkraft,Pflegefachkraft,EXAM,1.0,38.5,9240,9240,8316,10164,5,2,2,8,1,1,Pflegefachkraft,0,0.0,-2130,27,26,4,2,2,4809,1,,,,,,0,,0,,4,3,3,1,1924,1,4,3,3,1,1683,1,2,2,2,0,1202,0,ST-GER1,Normalstation Geriatrie,40,Geriatrie,10.0,20.0,06:00,14:00,450,,13:30,21:30,450,F,21:15,06:15,495,F|S,11,10,8,10,30,45,8,38.5,30,0.15,0,2.0.0,20261164
PK-010,2026-11-21,history,-9,Samstag,6,47,1,0,,Pflegefachkraft,Pflegefachkraft,EXAM,0.6,23.1,5544,5544,4990,6098,5,2,2,8,1,1,Pflegefachkraft,0,0.0,-1404,27,26,4,2,2,4809,1,,,,,S,0,,0,,4,3,3,1,1924,1,4,3,3,1,1683,1,2,2,2,0,1202,0,ST-GER1,Normalstation Geriatrie,40,Geriatrie,10.0,20.0,06:00,14:00,450,,13:30,21:30,450,F,21:15,06:15,495,F|S,11,10,8,10,30,45,8,38.5,30,0.15,0,2.0.0,20261164
PK-011,2026-11-21,history,-9,Samstag,6,47,1,0,,Pflegefachkraft,Pflegefachkraft,EXAM,1.0,38.5,9240,9240,8316,10164,5,2,2,8,1,1,Pflegefachkraft,0,0.0,-2130,27,26,4,2,2,4809,1,,,,,,0,,0,,4,3,3,1,1924,1,4,3,3,1,1683,1,2,2,2,0,1202,0,ST-GER1,Normalstation Geriatrie,40,Geriatrie,10.0,20.0,06:00,14:00,450,,13:30,21:30,450,F,21:15,06:15,495,F|S,11,10,8,10,30,45,8,38.5,30,0.15,0,2.0.0,20261164
PK-012,2026-11-21,history,-9,Samstag,6,47,1,0,,Pflegefachkraft,Pflegefachkraft,EXAM|KARDIO_MONITORING,1.0,38.5,9240,9240,8316,10164,5,2,2,8,1,1,Pflegefachkraft,0,0.0,-2265,27,26,4,2,2,4809,1,,,,,F,0,,0,,4,3,3,1,1924,1,4,3,3,1,1683,1,2,2,2,0,1202,0,ST-GER1,Normalstation Geriatrie,40,Geriatrie,10.0,20.0,06:00,14:00,450,,13:30,21:30,450,F,21:15,06:15,495,F|S,11,10,8,10,30,45,8,38.5,30,0.15,0,2.0.0,20261164
PK-013,2026-11-21,history,-9,Samstag,6,47,1,0,,Pflegefachkraft,Pflegefachkraft,EXAM,1.0,38.5,9240,9240,8316,10164,5,2,2,8,1,1,Pflegefachkraft,0,0.0,-2310,27,26,4,2,2,4809,1,,,,,F,0,,0,,4,3,3,1,1924,1,4,3,3,1,1683,1,2,2,2,0,1202,0,ST-GER1,Normalstation Geriatrie,40,Geriatrie,10.0,20.0,06:00,14:00,450,,13:30,21:30,450,F,21:15,06:15,495,F|S,11,10,8,10,30,45,8,38.5,30,0.15,0,2.0.0,20261164
PK-014,2026-11-21,history,-9,Samstag,6,47,1,0,,Pflegefachkraft,Pflegefachkraft,EXAM,0.8,30.8,7392,7392,6653,8131,5,2,2,8,1,1,Pflegefachkraft,0,0.0,-1542,27,26,4,2,2,4809,1,,,,,,0,,0,,4,3,3,1,1924,1,4,3,3,1,1683,1,2,2,2,0,1202,0,ST-GER1,Normalstation Geriatrie,40,Geriatrie,10.0,20.0,06:00,14:00,450,,13:30,21:30,450,F,21:15,06:15,495,F|S,11,10,8,10,30,45,8,38.5,30,0.15,0,2.0.0,20261164
PK-015,2026-11-21,history,-9,Samstag,6,47,1,0,,Pflegefachkraft,Pflegefachkraft,EXAM,0.6,23.1,5544,5544,4990,6098,5,2,2,8,1,1,Pflegefachkraft,0,0.0,-1404,27,26,4,2,2,4809,1,,,,,S,0,,0,,4,3,3,1,1924,1,4,3,3,1,1683,1,2,2,2,0,1202,0,ST-GER1,Normalstation Geriatrie,40,Geriatrie,10.0,20.0,06:00,14:00,450,,13:30,21:30,450,F,21:15,06:15,495,F|S,11,10,8,10,30,45,8,38.5,30,0.15,0,2.0.0,20261164
PK-016,2026-11-21,history,-9,Samstag,6,47,1,0,,Pflegefachkraft,Pflegefachkraft,EXAM,0.75,28.88,6931,6931,6238,7624,5,2,2,8,1,1,Pflegefachkraft,0,0.0,-1485,27,26,4,2,2,4809,1,,,,,,0,,0,,4,3,3,1,1924,1,4,3,3,1,1683,1,2,2,2,0,1202,0,ST-GER1,Normalstation Geriatrie,40,Geriatrie,10.0,20.0,06:00,14:00,450,,13:30,21:30,450,F,21:15,06:15,495,F|S,11,10,8,10,30,45,8,38.5,30,0.15,0,2.0.0,20261164
PK-017,2026-11-21,history,-9,Samstag,6,47,1,0,,Pflegefachkraft,Pflegefachkraft,EXAM,0.7,26.95,6468,6468,5821,7115,5,2,2,8,1,1,Pflegefachkraft,0,0.0,-1473,27,26,4,2,2,4809,1,,,,,F,0,,0,,4,3,3,1,1924,1,4,3,3,1,1683,1,2,2,2,0,1202,0,ST-GER1,Normalstation Geriatrie,40,Geriatrie,10.0,20.0,06:00,14:00,450,,13:30,21:30,450,F,21:15,06:15,495,F|S,11,10,8,10,30,45,8,38.5,30,0.15,0,2.0.0,20261164
PK-018,2026-11-21,history,-9,Samstag,6,47,1,0,,Pflegefachkraft,Pflegefachkraft,EXAM|PRAXISANLEITUNG|KARDIO_MONITORING,0.9,34.65,8316,8316,7484,9148,5,2,2,8,1,1,Pflegefachkraft,0,0.0,-1971,27,26,4,2,2,4809,1,,,,,F,0,,0,,4,3,3,1,1924,1,4,3,3,1,1683,1,2,2,2,0,1202,0,ST-GER1,Normalstation Geriatrie,40,Geriatrie,10.0,20.0,06:00,14:00,450,,13:30,21:30,450,F,21:15,06:15,495,F|S,11,10,8,10,30,45,8,38.5,30,0.15,0,2.0.0,20261164
PK-019,2026-11-21,history,-9,Samstag,6,47,1,0,,Pflegefachkraft,Pflegefachkraft,EXAM,0.8,30.8,7392,7392,6653,8131,5,2,2,8,1,1,Pflegefachkraft,0,0.0,-1902,27,26,4,2,2,4809,1,,,,,S,0,,0,,4,3,3,1,1924,1,4,3,3,1,1683,1,2,2,2,0,1202,0,ST-GER1,Normalstation Geriatrie,40,Geriatrie,10.0,20.0,06:00,14:00,450,,13:30,21:30,450,F,21:15,06:15,495,F|S,11,10,8,10,30,45,8,38.5,30,0.15,0,2.0.0,20261164
PK-020,2026-11-21,history,-9,Samstag,6,47,1,0,,Pflegefachkraft,Pflegefachkraft,EXAM|KARDIO_MONITORING,0.5,19.25,4620,4620,4158,5082,5,2,2,8,1,1,Pflegefachkraft,0,0.0,-930,27,26,4,2,2,4809,1,,,,,,0,,0,,4,3,3,1,1924,1,4,3,3,1,1683,1,2,2,2,0,1202,0,ST-GER1,Normalstation Geriatrie,40,Geriatrie,10.0,20.0,06:00,14:00,450,,13:30,21:30,450,F,21:15,06:15,495,F|S,11,10,8,10,30,45,8,38.5,30,0.15,0,2.0.0,20261164
PK-021,2026-11-21,history,-9,Samstag,6,47,1,0,,Pflegefachkraft,Pflegefachkraft,EXAM,0.8,30.8,7392,7392,6653,8131,5,2,2,8,1,1,Pflegefachkraft,0,0.0,-1722,27,26,4,2,2,4809,1,,,,,,0,,0,,4,3,3,1,1924,1,4,3,3,1,1683,1,2,2,2,0,1202,0,ST-GER1,Normalstation Geriatrie,40,Geriatrie,10.0,20.0,06:00,14:00,450,,13:30,21:30,450,F,21:15,06:15,495,F|S,11,10,8,10,30,45,8,38.5,30,0.15,0,2.0.0,20261164
PK-022,2026-11-21,history,-9,Samstag,6,47,1,0,,Pflegefachkraft,Pflegefachkraft,EXAM|PRAXISANLEITUNG|KARDIO_MONITORING,0.5,19.25,4620,4620,4158,5082,5,2,2,8,1,1,Pflegefachkraft,0,0.0,-930,27,26,4,2,2,4809,1,,,,,,0,,0,,4,3,3,1,1924,1,4,3,3,1,1683,1,2,2,2,0,1202,0,ST-GER1,Normalstation Geriatrie,40,Geriatrie,10.0,20.0,06:00,14:00,450,,13:30,21:30,450,F,21:15,06:15,495,F|S,11,10,8,10,30,45,8,38.5,30,0.15,0,2.0.0,20261164
AZ-001,2026-11-22,history,-8,Sonntag,7,47,1,0,,Auszubildende_r_3_Ausbildungsjahr,Auszubildende,AUSZUBILDEND,1.0,38.5,9240,9240,8316,10164,5,2,2,8,1,0,nicht anrechenbar,0,0.0,-9240,25,25,2,1,0,4014,1,,,,,,0,,0,,4,3,3,1,1606,1,3,3,2,1,1405,1,2,2,2,0,1004,0,ST-GER1,Normalstation Geriatrie,40,Geriatrie,10.0,20.0,06:00,14:00,450,,13:30,21:30,450,F,21:15,06:15,495,F|S,11,10,8,10,30,45,8,38.5,30,0.15,0,2.0.0,20261164
AZ-002,2026-11-22,history,-8,Sonntag,7,47,1,0,,Auszubildende_r_2_Ausbildungsjahr,Auszubildende,AUSZUBILDEND,1.0,38.5,9240,9240,8316,10164,5,2,2,8,1,0,nicht anrechenbar,0,0.0,-9240,25,25,2,1,0,4014,1,,,,,,0,,0,,4,3,3,1,1606,1,3,3,2,1,1405,1,2,2,2,0,1004,0,ST-GER1,Normalstation Geriatrie,40,Geriatrie,10.0,20.0,06:00,14:00,450,,13:30,21:30,450,F,21:15,06:15,495,F|S,11,10,8,10,30,45,8,38.5,30,0.15,0,2.0.0,20261164
AZ-003,2026-11-22,history,-8,Sonntag,7,47,1,0,,Auszubildende_r_1_Ausbildungsjahr,Auszubildende,AUSZUBILDEND,1.0,38.5,9240,9240,8316,10164,5,2,2,0,0,0,nicht anrechenbar,0,0.0,-9240,25,25,2,1,0,4014,1,,,,,,0,,0,,4,3,3,1,1606,1,3,3,2,1,1405,1,2,2,2,0,1004,0,ST-GER1,Normalstation Geriatrie,40,Geriatrie,10.0,20.0,06:00,14:00,450,,13:30,21:30,450,F,21:15,06:15,495,F|S,11,10,8,10,30,45,8,38.5,30,0.15,0,2.0.0,20261164
PH-001,2026-11-22,history,-8,Sonntag,7,47,1,0,,Pflegehilfskraft,Pflegehilfskraft,PFLEGEHILFE,0.75,28.88,6931,6931,6238,7624,5,2,2,0,0,1,Pflegehilfskraft,0,0.0,-1530,25,25,2,1,0,4014,1,,,,,S,0,,0,,4,3,3,1,1606,1,3,3,2,1,1405,1,2,2,2,0,1004,0,ST-GER1,Normalstation Geriatrie,40,Geriatrie,10.0,20.0,06:00,14:00,450,,13:30,21:30,450,F,21:15,06:15,495,F|S,11,10,8,10,30,45,8,38.5,30,0.15,0,2.0.0,20261164
PH-002,2026-11-22,history,-8,Sonntag,7,47,1,0,,Pflegehilfskraft,Pflegehilfskraft,PFLEGEHILFE,0.75,28.88,6931,6931,6238,7624,5,2,2,0,0,1,Pflegehilfskraft,0,0.0,-1530,25,25,2,1,0,4014,1,,,,,,0,,0,,4,3,3,1,1606,1,3,3,2,1,1405,1,2,2,2,0,1004,0,ST-GER1,Normalstation Geriatrie,40,Geriatrie,10.0,20.0,06:00,14:00,450,,13:30,21:30,450,F,21:15,06:15,495,F|S,11,10,8,10,30,45,8,38.5,30,0.15,0,2.0.0,20261164
PH-003,2026-11-22,history,-8,Sonntag,7,47,1,0,,Pflegehilfskraft,Pflegehilfskraft,PFLEGEHILFE,0.5,19.25,4620,4620,4158,5082,5,2,2,0,0,1,Pflegehilfskraft,0,0.0,-1020,25,25,2,1,0,4014,1,,,,,,0,,0,,4,3,3,1,1606,1,3,3,2,1,1405,1,2,2,2,0,1004,0,ST-GER1,Normalstation Geriatrie,40,Geriatrie,10.0,20.0,06:00,14:00,450,,13:30,21:30,450,F,21:15,06:15,495,F|S,11,10,8,10,30,45,8,38.5,30,0.15,0,2.0.0,20261164
PK-001,2026-11-22,history,-8,Sonntag,7,47,1,0,,Stationsleitung,Pflegefachkraft,EXAM|LEITUNG|PRAXISANLEITUNG,1.0,38.5,9240,4620,4158,5082,5,2,2,0,0,1,Pflegefachkraft,1,0.5,4464,25,25,2,1,0,4014,0,URLAUB,,,,,0,,0,,4,3,3,1,1606,1,3,3,2,1,1405,1,2,2,2,0,1004,0,ST-GER1,Normalstation Geriatrie,40,Geriatrie,10.0,20.0,06:00,14:00,450,,13:30,21:30,450,F,21:15,06:15,495,F|S,11,10,8,10,30,45,8,38.5,30,0.15,0,2.0.0,20261164
PK-002,2026-11-22,history,-8,Sonntag,7,47,1,0,,Pflegefachkraft,Pflegefachkraft,EXAM|KARDIO_MONITORING,1.0,38.5,9240,9240,8316,10164,5,2,2,8,1,1,Pflegefachkraft,0,0.0,-2310,25,25,2,1,0,4014,1,,,,,,0,,0,,4,3,3,1,1606,1,3,3,2,1,1405,1,2,2,2,0,1004,0,ST-GER1,Normalstation Geriatrie,40,Geriatrie,10.0,20.0,06:00,14:00,450,,13:30,21:30,450,F,21:15,06:15,495,F|S,11,10,8,10,30,45,8,38.5,30,0.15,0,2.0.0,20261164
PK-003,2026-11-22,history,-8,Sonntag,7,47,1,0,,Pflegefachkraft,Pflegefachkraft,EXAM|PRAXISANLEITUNG|KARDIO_MONITORING,1.0,38.5,9240,9240,8316,10164,5,2,2,8,1,1,Pflegefachkraft,0,0.0,-2265,25,25,2,1,0,4014,1,,,,,F,0,,0,,4,3,3,1,1606,1,3,3,2,1,1405,1,2,2,2,0,1004,0,ST-GER1,Normalstation Geriatrie,40,Geriatrie,10.0,20.0,06:00,14:00,450,,13:30,21:30,450,F,21:15,06:15,495,F|S,11,10,8,10,30,45,8,38.5,30,0.15,0,2.0.0,20261164
PK-004,2026-11-22,history,-8,Sonntag,7,47,1,0,,Pflegefachkraft,Pflegefachkraft,EXAM,0.7,26.95,6468,6468,5821,7115,5,2,2,8,1,1,Pflegefachkraft,0,0.0,-1518,25,25,2,1,0,4014,1,,,,,,0,,0,,4,3,3,1,1606,1,3,3,2,1,1405,1,2,2,2,0,1004,0,ST-GER1,Normalstation Geriatrie,40,Geriatrie,10.0,20.0,06:00,14:00,450,,13:30,21:30,450,F,21:15,06:15,495,F|S,11,10,8,10,30,45,8,38.5,30,0.15,0,2.0.0,20261164
PK-005,2026-11-22,history,-8,Sonntag,7,47,1,0,,Pflegefachkraft,Pflegefachkraft,EXAM|PRAXISANLEITUNG,1.0,38.5,9240,9240,8316,10164,5,2,2,8,1,1,Pflegefachkraft,0,0.0,-2400,25,25,2,1,0,4014,1,,,,,,0,,0,,4,3,3,1,1606,1,3,3,2,1,1405,1,2,2,2,0,1004,0,ST-GER1,Normalstation Geriatrie,40,Geriatrie,10.0,20.0,06:00,14:00,450,,13:30,21:30,450,F,21:15,06:15,495,F|S,11,10,8,10,30,45,8,38.5,30,0.15,0,2.0.0,20261164
PK-006,2026-11-22,history,-8,Sonntag,7,47,1,0,,Pflegefachkraft,Pflegefachkraft,EXAM|KARDIO_MONITORING,0.6,23.1,5544,5544,4990,6098,5,2,2,8,1,1,Pflegefachkraft,0,0.0,536,25,25,2,1,0,4014,0,URLAUB,,,,,0,,0,,4,3,3,1,1606,1,3,3,2,1,1405,1,2,2,2,0,1004,0,ST-GER1,Normalstation Geriatrie,40,Geriatrie,10.0,20.0,06:00,14:00,450,,13:30,21:30,450,F,21:15,06:15,495,F|S,11,10,8,10,30,45,8,38.5,30,0.15,0,2.0.0,20261164
PK-007,2026-11-22,history,-8,Sonntag,7,47,1,0,,Pflegefachkraft,Pflegefachkraft,EXAM|PRAXISANLEITUNG|KARDIO_MONITORING,0.75,28.88,6931,6931,6238,7624,5,2,2,8,1,1,Pflegefachkraft,0,0.0,716,25,25,2,1,0,4014,1,,,,,,0,,0,,4,3,3,1,1606,1,3,3,2,1,1405,1,2,2,2,0,1004,0,ST-GER1,Normalstation Geriatrie,40,Geriatrie,10.0,20.0,06:00,14:00,450,,13:30,21:30,450,F,21:15,06:15,495,F|S,11,10,8,10,30,45,8,38.5,30,0.15,0,2.0.0,20261164
PK-008,2026-11-22,history,-8,Sonntag,7,47,1,0,,Pflegefachkraft,Pflegefachkraft,EXAM,1.0,38.5,9240,9240,8316,10164,5,2,2,8,1,1,Pflegefachkraft,0,0.0,-2580,25,25,2,1,0,4014,1,,,,,N,0,,0,,4,3,3,1,1606,1,3,3,2,1,1405,1,2,2,2,0,1004,0,ST-GER1,Normalstation Geriatrie,40,Geriatrie,10.0,20.0,06:00,14:00,450,,13:30,21:30,450,F,21:15,06:15,495,F|S,11,10,8,10,30,45,8,38.5,30,0.15,0,2.0.0,20261164
PK-009,2026-11-22,history,-8,Sonntag,7,47,1,0,,Pflegefachkraft,Pflegefachkraft,EXAM,1.0,38.5,9240,9240,8316,10164,5,2,2,8,1,1,Pflegefachkraft,0,0.0,-2130,25,25,2,1,0,4014,1,,,,,S,0,,0,,4,3,3,1,1606,1,3,3,2,1,1405,1,2,2,2,0,1004,0,ST-GER1,Normalstation Geriatrie,40,Geriatrie,10.0,20.0,06:00,14:00,450,,13:30,21:30,450,F,21:15,06:15,495,F|S,11,10,8,10,30,45,8,38.5,30,0.15,0,2.0.0,20261164
PK-010,2026-11-22,history,-8,Sonntag,7,47,1,0,,Pflegefachkraft,Pflegefachkraft,EXAM,0.6,23.1,5544,5544,4990,6098,5,2,2,8,1,1,Pflegefachkraft,0,0.0,-1404,25,25,2,1,0,4014,1,,,,,,0,,0,,4,3,3,1,1606,1,3,3,2,1,1405,1,2,2,2,0,1004,0,ST-GER1,Normalstation Geriatrie,40,Geriatrie,10.0,20.0,06:00,14:00,450,,13:30,21:30,450,F,21:15,06:15,495,F|S,11,10,8,10,30,45,8,38.5,30,0.15,0,2.0.0,20261164
PK-011,2026-11-22,history,-8,Sonntag,7,47,1,0,,Pflegefachkraft,Pflegefachkraft,EXAM,1.0,38.5,9240,9240,8316,10164,5,2,2,8,1,1,Pflegefachkraft,0,0.0,-2130,25,25,2,1,0,4014,1,,,,,F,0,,0,,4,3,3,1,1606,1,3,3,2,1,1405,1,2,2,2,0,1004,0,ST-GER1,Normalstation Geriatrie,40,Geriatrie,10.0,20.0,06:00,14:00,450,,13:30,21:30,450,F,21:15,06:15,495,F|S,11,10,8,10,30,45,8,38.5,30,0.15,0,2.0.0,20261164
PK-012,2026-11-22,history,-8,Sonntag,7,47,1,0,,Pflegefachkraft,Pflegefachkraft,EXAM|KARDIO_MONITORING,1.0,38.5,9240,9240,8316,10164,5,2,2,8,1,1,Pflegefachkraft,0,0.0,-2265,25,25,2,1,0,4014,1,,,,,,0,,0,,4,3,3,1,1606,1,3,3,2,1,1405,1,2,2,2,0,1004,0,ST-GER1,Normalstation Geriatrie,40,Geriatrie,10.0,20.0,06:00,14:00,450,,13:30,21:30,450,F,21:15,06:15,495,F|S,11,10,8,10,30,45,8,38.5,30,0.15,0,2.0.0,20261164
PK-013,2026-11-22,history,-8,Sonntag,7,47,1,0,,Pflegefachkraft,Pflegefachkraft,EXAM,1.0,38.5,9240,9240,8316,10164,5,2,2,8,1,1,Pflegefachkraft,0,0.0,-2310,25,25,2,1,0,4014,1,,,,,,0,,0,,4,3,3,1,1606,1,3,3,2,1,1405,1,2,2,2,0,1004,0,ST-GER1,Normalstation Geriatrie,40,Geriatrie,10.0,20.0,06:00,14:00,450,,13:30,21:30,450,F,21:15,06:15,495,F|S,11,10,8,10,30,45,8,38.5,30,0.15,0,2.0.0,20261164
PK-014,2026-11-22,history,-8,Sonntag,7,47,1,0,,Pflegefachkraft,Pflegefachkraft,EXAM,0.8,30.8,7392,7392,6653,8131,5,2,2,8,1,1,Pflegefachkraft,0,0.0,-1542,25,25,2,1,0,4014,1,,,,,,0,,0,,4,3,3,1,1606,1,3,3,2,1,1405,1,2,2,2,0,1004,0,ST-GER1,Normalstation Geriatrie,40,Geriatrie,10.0,20.0,06:00,14:00,450,,13:30,21:30,450,F,21:15,06:15,495,F|S,11,10,8,10,30,45,8,38.5,30,0.15,0,2.0.0,20261164
PK-015,2026-11-22,history,-8,Sonntag,7,47,1,0,,Pflegefachkraft,Pflegefachkraft,EXAM,0.6,23.1,5544,5544,4990,6098,5,2,2,8,1,1,Pflegefachkraft,0,0.0,-1404,25,25,2,1,0,4014,1,,,,,,0,,0,,4,3,3,1,1606,1,3,3,2,1,1405,1,2,2,2,0,1004,0,ST-GER1,Normalstation Geriatrie,40,Geriatrie,10.0,20.0,06:00,14:00,450,,13:30,21:30,450,F,21:15,06:15,495,F|S,11,10,8,10,30,45,8,38.5,30,0.15,0,2.0.0,20261164
PK-016,2026-11-22,history,-8,Sonntag,7,47,1,0,,Pflegefachkraft,Pflegefachkraft,EXAM,0.75,28.88,6931,6931,6238,7624,5,2,2,8,1,1,Pflegefachkraft,0,0.0,-1485,25,25,2,1,0,4014,1,,,,,S,0,,0,,4,3,3,1,1606,1,3,3,2,1,1405,1,2,2,2,0,1004,0,ST-GER1,Normalstation Geriatrie,40,Geriatrie,10.0,20.0,06:00,14:00,450,,13:30,21:30,450,F,21:15,06:15,495,F|S,11,10,8,10,30,45,8,38.5,30,0.15,0,2.0.0,20261164
PK-017,2026-11-22,history,-8,Sonntag,7,47,1,0,,Pflegefachkraft,Pflegefachkraft,EXAM,0.7,26.95,6468,6468,5821,7115,5,2,2,8,1,1,Pflegefachkraft,0,0.0,-1473,25,25,2,1,0,4014,1,,,,,,0,,0,,4,3,3,1,1606,1,3,3,2,1,1405,1,2,2,2,0,1004,0,ST-GER1,Normalstation Geriatrie,40,Geriatrie,10.0,20.0,06:00,14:00,450,,13:30,21:30,450,F,21:15,06:15,495,F|S,11,10,8,10,30,45,8,38.5,30,0.15,0,2.0.0,20261164
PK-018,2026-11-22,history,-8,Sonntag,7,47,1,0,,Pflegefachkraft,Pflegefachkraft,EXAM|PRAXISANLEITUNG|KARDIO_MONITORING,0.9,34.65,8316,8316,7484,9148,5,2,2,8,1,1,Pflegefachkraft,0,0.0,-1971,25,25,2,1,0,4014,1,,,,,,0,,0,,4,3,3,1,1606,1,3,3,2,1,1405,1,2,2,2,0,1004,0,ST-GER1,Normalstation Geriatrie,40,Geriatrie,10.0,20.0,06:00,14:00,450,,13:30,21:30,450,F,21:15,06:15,495,F|S,11,10,8,10,30,45,8,38.5,30,0.15,0,2.0.0,20261164
PK-019,2026-11-22,history,-8,Sonntag,7,47,1,0,,Pflegefachkraft,Pflegefachkraft,EXAM,0.8,30.8,7392,7392,6653,8131,5,2,2,8,1,1,Pflegefachkraft,0,0.0,-1902,25,25,2,1,0,4014,1,,,,,,0,,0,,4,3,3,1,1606,1,3,3,2,1,1405,1,2,2,2,0,1004,0,ST-GER1,Normalstation Geriatrie,40,Geriatrie,10.0,20.0,06:00,14:00,450,,13:30,21:30,450,F,21:15,06:15,495,F|S,11,10,8,10,30,45,8,38.5,30,0.15,0,2.0.0,20261164
PK-020,2026-11-22,history,-8,Sonntag,7,47,1,0,,Pflegefachkraft,Pflegefachkraft,EXAM|KARDIO_MONITORING,0.5,19.25,4620,4620,4158,5082,5,2,2,8,1,1,Pflegefachkraft,0,0.0,-930,25,25,2,1,0,4014,1,,,,,F,0,,0,,4,3,3,1,1606,1,3,3,2,1,1405,1,2,2,2,0,1004,0,ST-GER1,Normalstation Geriatrie,40,Geriatrie,10.0,20.0,06:00,14:00,450,,13:30,21:30,450,F,21:15,06:15,495,F|S,11,10,8,10,30,45,8,38.5,30,0.15,0,2.0.0,20261164
PK-021,2026-11-22,history,-8,Sonntag,7,47,1,0,,Pflegefachkraft,Pflegefachkraft,EXAM,0.8,30.8,7392,7392,6653,8131,5,2,2,8,1,1,Pflegefachkraft,0,0.0,-1722,25,25,2,1,0,4014,1,,,,,N,0,,0,,4,3,3,1,1606,1,3,3,2,1,1405,1,2,2,2,0,1004,0,ST-GER1,Normalstation Geriatrie,40,Geriatrie,10.0,20.0,06:00,14:00,450,,13:30,21:30,450,F,21:15,06:15,495,F|S,11,10,8,10,30,45,8,38.5,30,0.15,0,2.0.0,20261164
PK-022,2026-11-22,history,-8,Sonntag,7,47,1,0,,Pflegefachkraft,Pflegefachkraft,EXAM|PRAXISANLEITUNG|KARDIO_MONITORING,0.5,19.25,4620,4620,4158,5082,5,2,2,8,1,1,Pflegefachkraft,0,0.0,-930,25,25,2,1,0,4014,1,,,,,F,0,,0,,4,3,3,1,1606,1,3,3,2,1,1405,1,2,2,2,0,1004,0,ST-GER1,Normalstation Geriatrie,40,Geriatrie,10.0,20.0,06:00,14:00,450,,13:30,21:30,450,F,21:15,06:15,495,F|S,11,10,8,10,30,45,8,38.5,30,0.15,0,2.0.0,20261164
AZ-001,2026-11-23,history,-7,Montag,1,48,0,0,,Auszubildende_r_3_Ausbildungsjahr,Auszubildende,AUSZUBILDEND,1.0,38.5,9240,9240,8316,10164,5,2,2,8,1,0,nicht anrechenbar,0,0.0,-9240,32,32,2,4,3,5381,1,,,,,,0,,0,,5,4,4,1,2152,1,4,4,3,1,1883,1,3,2,3,0,1345,0,ST-GER1,Normalstation Geriatrie,40,Geriatrie,10.0,20.0,06:00,14:00,450,,13:30,21:30,450,F,21:15,06:15,495,F|S,11,10,8,10,30,45,8,38.5,30,0.15,0,2.0.0,20261164
AZ-002,2026-11-23,history,-7,Montag,1,48,0,0,,Auszubildende_r_2_Ausbildungsjahr,Auszubildende,AUSZUBILDEND,1.0,38.5,9240,9240,8316,10164,5,2,2,8,1,0,nicht anrechenbar,0,0.0,-9240,32,32,2,4,3,5381,1,,,,,,0,,0,,5,4,4,1,2152,1,4,4,3,1,1883,1,3,2,3,0,1345,0,ST-GER1,Normalstation Geriatrie,40,Geriatrie,10.0,20.0,06:00,14:00,450,,13:30,21:30,450,F,21:15,06:15,495,F|S,11,10,8,10,30,45,8,38.5,30,0.15,0,2.0.0,20261164
AZ-003,2026-11-23,history,-7,Montag,1,48,0,0,,Auszubildende_r_1_Ausbildungsjahr,Auszubildende,AUSZUBILDEND,1.0,38.5,9240,9240,8316,10164,5,2,2,0,0,0,nicht anrechenbar,0,0.0,-9240,32,32,2,4,3,5381,1,,,,,,0,,0,,5,4,4,1,2152,1,4,4,3,1,1883,1,3,2,3,0,1345,0,ST-GER1,Normalstation Geriatrie,40,Geriatrie,10.0,20.0,06:00,14:00,450,,13:30,21:30,450,F,21:15,06:15,495,F|S,11,10,8,10,30,45,8,38.5,30,0.15,0,2.0.0,20261164
PH-001,2026-11-23,history,-7,Montag,1,48,0,0,,Pflegehilfskraft,Pflegehilfskraft,PFLEGEHILFE,0.75,28.88,6931,6931,6238,7624,5,2,2,0,0,1,Pflegehilfskraft,0,0.0,-1530,32,32,2,4,3,5381,1,,,,,,0,,0,,5,4,4,1,2152,1,4,4,3,1,1883,1,3,2,3,0,1345,0,ST-GER1,Normalstation Geriatrie,40,Geriatrie,10.0,20.0,06:00,14:00,450,,13:30,21:30,450,F,21:15,06:15,495,F|S,11,10,8,10,30,45,8,38.5,30,0.15,0,2.0.0,20261164
PH-002,2026-11-23,history,-7,Montag,1,48,0,0,,Pflegehilfskraft,Pflegehilfskraft,PFLEGEHILFE,0.75,28.88,6931,6931,6238,7624,5,2,2,0,0,1,Pflegehilfskraft,0,0.0,-1530,32,32,2,4,3,5381,1,,,,,F,0,,0,,5,4,4,1,2152,1,4,4,3,1,1883,1,3,2,3,0,1345,0,ST-GER1,Normalstation Geriatrie,40,Geriatrie,10.0,20.0,06:00,14:00,450,,13:30,21:30,450,F,21:15,06:15,495,F|S,11,10,8,10,30,45,8,38.5,30,0.15,0,2.0.0,20261164
PH-003,2026-11-23,history,-7,Montag,1,48,0,0,,Pflegehilfskraft,Pflegehilfskraft,PFLEGEHILFE,0.5,19.25,4620,4620,4158,5082,5,2,2,0,0,1,Pflegehilfskraft,0,0.0,-1020,32,32,2,4,3,5381,1,,,,,,0,,0,,5,4,4,1,2152,1,4,4,3,1,1883,1,3,2,3,0,1345,0,ST-GER1,Normalstation Geriatrie,40,Geriatrie,10.0,20.0,06:00,14:00,450,,13:30,21:30,450,F,21:15,06:15,495,F|S,11,10,8,10,30,45,8,38.5,30,0.15,0,2.0.0,20261164
PK-001,2026-11-23,history,-7,Montag,1,48,0,0,,Stationsleitung,Pflegefachkraft,EXAM|LEITUNG|PRAXISANLEITUNG,1.0,38.5,9240,4620,4158,5082,5,2,2,0,0,1,Pflegefachkraft,1,0.5,4464,32,32,2,4,3,5381,0,URLAUB,,,,,0,,0,,5,4,4,1,2152,1,4,4,3,1,1883,1,3,2,3,0,1345,0,ST-GER1,Normalstation Geriatrie,40,Geriatrie,10.0,20.0,06:00,14:00,450,,13:30,21:30,450,F,21:15,06:15,495,F|S,11,10,8,10,30,45,8,38.5,30,0.15,0,2.0.0,20261164
PK-002,2026-11-23,history,-7,Montag,1,48,0,0,,Pflegefachkraft,Pflegefachkraft,EXAM|KARDIO_MONITORING,1.0,38.5,9240,9240,8316,10164,5,2,2,8,1,1,Pflegefachkraft,0,0.0,-2310,32,32,2,4,3,5381,1,,,,,N,0,,0,,5,4,4,1,2152,1,4,4,3,1,1883,1,3,2,3,0,1345,0,ST-GER1,Normalstation Geriatrie,40,Geriatrie,10.0,20.0,06:00,14:00,450,,13:30,21:30,450,F,21:15,06:15,495,F|S,11,10,8,10,30,45,8,38.5,30,0.15,0,2.0.0,20261164
PK-003,2026-11-23,history,-7,Montag,1,48,0,0,,Pflegefachkraft,Pflegefachkraft,EXAM|PRAXISANLEITUNG|KARDIO_MONITORING,1.0,38.5,9240,9240,8316,10164,5,2,2,8,1,1,Pflegefachkraft,0,0.0,-2265,32,32,2,4,3,5381,1,,,,,S,0,,0,,5,4,4,1,2152,1,4,4,3,1,1883,1,3,2,3,0,1345,0,ST-GER1,Normalstation Geriatrie,40,Geriatrie,10.0,20.0,06:00,14:00,450,,13:30,21:30,450,F,21:15,06:15,495,F|S,11,10,8,10,30,45,8,38.5,30,0.15,0,2.0.0,20261164
PK-004,2026-11-23,history,-7,Montag,1,48,0,0,,Pflegefachkraft,Pflegefachkraft,EXAM,0.7,26.95,6468,6468,5821,7115,5,2,2,8,1,1,Pflegefachkraft,0,0.0,-1518,32,32,2,4,3,5381,1,,,,,F,0,,0,,5,4,4,1,2152,1,4,4,3,1,1883,1,3,2,3,0,1345,0,ST-GER1,Normalstation Geriatrie,40,Geriatrie,10.0,20.0,06:00,14:00,450,,13:30,21:30,450,F,21:15,06:15,495,F|S,11,10,8,10,30,45,8,38.5,30,0.15,0,2.0.0,20261164
PK-005,2026-11-23,history,-7,Montag,1,48,0,0,,Pflegefachkraft,Pflegefachkraft,EXAM|PRAXISANLEITUNG,1.0,38.5,9240,9240,8316,10164,5,2,2,8,1,1,Pflegefachkraft,0,0.0,-2400,32,32,2,4,3,5381,1,,,,,F,0,,0,,5,4,4,1,2152,1,4,4,3,1,1883,1,3,2,3,0,1345,0,ST-GER1,Normalstation Geriatrie,40,Geriatrie,10.0,20.0,06:00,14:00,450,,13:30,21:30,450,F,21:15,06:15,495,F|S,11,10,8,10,30,45,8,38.5,30,0.15,0,2.0.0,20261164
PK-006,2026-11-23,history,-7,Montag,1,48,0,0,,Pflegefachkraft,Pflegefachkraft,EXAM|KARDIO_MONITORING,0.6,23.1,5544,5544,4990,6098,5,2,2,8,1,1,Pflegefachkraft,0,0.0,536,32,32,2,4,3,5381,0,URLAUB,,,,,0,,0,,5,4,4,1,2152,1,4,4,3,1,1883,1,3,2,3,0,1345,0,ST-GER1,Normalstation Geriatrie,40,Geriatrie,10.0,20.0,06:00,14:00,450,,13:30,21:30,450,F,21:15,06:15,495,F|S,11,10,8,10,30,45,8,38.5,30,0.15,0,2.0.0,20261164
PK-007,2026-11-23,history,-7,Montag,1,48,0,0,,Pflegefachkraft,Pflegefachkraft,EXAM|PRAXISANLEITUNG|KARDIO_MONITORING,0.75,28.88,6931,6931,6238,7624,5,2,2,8,1,1,Pflegefachkraft,0,0.0,716,32,32,2,4,3,5381,1,,,,,S,0,,0,,5,4,4,1,2152,1,4,4,3,1,1883,1,3,2,3,0,1345,0,ST-GER1,Normalstation Geriatrie,40,Geriatrie,10.0,20.0,06:00,14:00,450,,13:30,21:30,450,F,21:15,06:15,495,F|S,11,10,8,10,30,45,8,38.5,30,0.15,0,2.0.0,20261164
PK-008,2026-11-23,history,-7,Montag,1,48,0,0,,Pflegefachkraft,Pflegefachkraft,EXAM,1.0,38.5,9240,9240,8316,10164,5,2,2,8,1,1,Pflegefachkraft,0,0.0,-2580,32,32,2,4,3,5381,1,,,,,,0,,0,,5,4,4,1,2152,1,4,4,3,1,1883,1,3,2,3,0,1345,0,ST-GER1,Normalstation Geriatrie,40,Geriatrie,10.0,20.0,06:00,14:00,450,,13:30,21:30,450,F,21:15,06:15,495,F|S,11,10,8,10,30,45,8,38.5,30,0.15,0,2.0.0,20261164
PK-009,2026-11-23,history,-7,Montag,1,48,0,0,,Pflegefachkraft,Pflegefachkraft,EXAM,1.0,38.5,9240,9240,8316,10164,5,2,2,8,1,1,Pflegefachkraft,0,0.0,-2130,32,32,2,4,3,5381,1,,,,,,0,,0,,5,4,4,1,2152,1,4,4,3,1,1883,1,3,2,3,0,1345,0,ST-GER1,Normalstation Geriatrie,40,Geriatrie,10.0,20.0,06:00,14:00,450,,13:30,21:30,450,F,21:15,06:15,495,F|S,11,10,8,10,30,45,8,38.5,30,0.15,0,2.0.0,20261164
PK-010,2026-11-23,history,-7,Montag,1,48,0,0,,Pflegefachkraft,Pflegefachkraft,EXAM,0.6,23.1,5544,5544,4990,6098,5,2,2,8,1,1,Pflegefachkraft,0,0.0,-1404,32,32,2,4,3,5381,1,,,,,,0,,0,,5,4,4,1,2152,1,4,4,3,1,1883,1,3,2,3,0,1345,0,ST-GER1,Normalstation Geriatrie,40,Geriatrie,10.0,20.0,06:00,14:00,450,,13:30,21:30,450,F,21:15,06:15,495,F|S,11,10,8,10,30,45,8,38.5,30,0.15,0,2.0.0,20261164
PK-011,2026-11-23,history,-7,Montag,1,48,0,0,,Pflegefachkraft,Pflegefachkraft,EXAM,1.0,38.5,9240,9240,8316,10164,5,2,2,8,1,1,Pflegefachkraft,0,0.0,-2130,32,32,2,4,3,5381,1,,,,,,0,,0,,5,4,4,1,2152,1,4,4,3,1,1883,1,3,2,3,0,1345,0,ST-GER1,Normalstation Geriatrie,40,Geriatrie,10.0,20.0,06:00,14:00,450,,13:30,21:30,450,F,21:15,06:15,495,F|S,11,10,8,10,30,45,8,38.5,30,0.15,0,2.0.0,20261164
PK-012,2026-11-23,history,-7,Montag,1,48,0,0,,Pflegefachkraft,Pflegefachkraft,EXAM|KARDIO_MONITORING,1.0,38.5,9240,9240,8316,10164,5,2,2,8,1,1,Pflegefachkraft,0,0.0,-2265,32,32,2,4,3,5381,1,,,,,N,0,,0,,5,4,4,1,2152,1,4,4,3,1,1883,1,3,2,3,0,1345,0,ST-GER1,Normalstation Geriatrie,40,Geriatrie,10.0,20.0,06:00,14:00,450,,13:30,21:30,450,F,21:15,06:15,495,F|S,11,10,8,10,30,45,8,38.5,30,0.15,0,2.0.0,20261164
PK-013,2026-11-23,history,-7,Montag,1,48,0,0,,Pflegefachkraft,Pflegefachkraft,EXAM,1.0,38.5,9240,9240,8316,10164,5,2,2,8,1,1,Pflegefachkraft,0,0.0,-2310,32,32,2,4,3,5381,1,,,,,N,0,,0,,5,4,4,1,2152,1,4,4,3,1,1883,1,3,2,3,0,1345,0,ST-GER1,Normalstation Geriatrie,40,Geriatrie,10.0,20.0,06:00,14:00,450,,13:30,21:30,450,F,21:15,06:15,495,F|S,11,10,8,10,30,45,8,38.5,30,0.15,0,2.0.0,20261164
PK-014,2026-11-23,history,-7,Montag,1,48,0,0,,Pflegefachkraft,Pflegefachkraft,EXAM,0.8,30.8,7392,7392,6653,8131,5,2,2,8,1,1,Pflegefachkraft,0,0.0,-1542,32,32,2,4,3,5381,1,,,,,F,0,,0,,5,4,4,1,2152,1,4,4,3,1,1883,1,3,2,3,0,1345,0,ST-GER1,Normalstation Geriatrie,40,Geriatrie,10.0,20.0,06:00,14:00,450,,13:30,21:30,450,F,21:15,06:15,495,F|S,11,10,8,10,30,45,8,38.5,30,0.15,0,2.0.0,20261164
PK-015,2026-11-23,history,-7,Montag,1,48,0,0,,Pflegefachkraft,Pflegefachkraft,EXAM,0.6,23.1,5544,5544,4990,6098,5,2,2,8,1,1,Pflegefachkraft,0,0.0,-1404,32,32,2,4,3,5381,1,,,,,,0,,0,,5,4,4,1,2152,1,4,4,3,1,1883,1,3,2,3,0,1345,0,ST-GER1,Normalstation Geriatrie,40,Geriatrie,10.0,20.0,06:00,14:00,450,,13:30,21:30,450,F,21:15,06:15,495,F|S,11,10,8,10,30,45,8,38.5,30,0.15,0,2.0.0,20261164
PK-016,2026-11-23,history,-7,Montag,1,48,0,0,,Pflegefachkraft,Pflegefachkraft,EXAM,0.75,28.88,6931,6931,6238,7624,5,2,2,8,1,1,Pflegefachkraft,0,0.0,-1485,32,32,2,4,3,5381,1,,,,,,0,,0,,5,4,4,1,2152,1,4,4,3,1,1883,1,3,2,3,0,1345,0,ST-GER1,Normalstation Geriatrie,40,Geriatrie,10.0,20.0,06:00,14:00,450,,13:30,21:30,450,F,21:15,06:15,495,F|S,11,10,8,10,30,45,8,38.5,30,0.15,0,2.0.0,20261164
PK-017,2026-11-23,history,-7,Montag,1,48,0,0,,Pflegefachkraft,Pflegefachkraft,EXAM,0.7,26.95,6468,6468,5821,7115,5,2,2,8,1,1,Pflegefachkraft,0,0.0,-1473,32,32,2,4,3,5381,1,,,,,S,0,,0,,5,4,4,1,2152,1,4,4,3,1,1883,1,3,2,3,0,1345,0,ST-GER1,Normalstation Geriatrie,40,Geriatrie,10.0,20.0,06:00,14:00,450,,13:30,21:30,450,F,21:15,06:15,495,F|S,11,10,8,10,30,45,8,38.5,30,0.15,0,2.0.0,20261164
PK-018,2026-11-23,history,-7,Montag,1,48,0,0,,Pflegefachkraft,Pflegefachkraft,EXAM|PRAXISANLEITUNG|KARDIO_MONITORING,0.9,34.65,8316,8316,7484,9148,5,2,2,8,1,1,Pflegefachkraft,0,0.0,-1971,32,32,2,4,3,5381,1,,,,,F,0,,0,,5,4,4,1,2152,1,4,4,3,1,1883,1,3,2,3,0,1345,0,ST-GER1,Normalstation Geriatrie,40,Geriatrie,10.0,20.0,06:00,14:00,450,,13:30,21:30,450,F,21:15,06:15,495,F|S,11,10,8,10,30,45,8,38.5,30,0.15,0,2.0.0,20261164
PK-019,2026-11-23,history,-7,Montag,1,48,0,0,,Pflegefachkraft,Pflegefachkraft,EXAM,0.8,30.8,7392,7392,6653,8131,5,2,2,8,1,1,Pflegefachkraft,0,0.0,-1902,32,32,2,4,3,5381,1,,,,,S,0,,0,,5,4,4,1,2152,1,4,4,3,1,1883,1,3,2,3,0,1345,0,ST-GER1,Normalstation Geriatrie,40,Geriatrie,10.0,20.0,06:00,14:00,450,,13:30,21:30,450,F,21:15,06:15,495,F|S,11,10,8,10,30,45,8,38.5,30,0.15,0,2.0.0,20261164
PK-020,2026-11-23,history,-7,Montag,1,48,0,0,,Pflegefachkraft,Pflegefachkraft,EXAM|KARDIO_MONITORING,0.5,19.25,4620,4620,4158,5082,5,2,2,8,1,1,Pflegefachkraft,0,0.0,-930,32,32,2,4,3,5381,1,,,,,,0,,0,,5,4,4,1,2152,1,4,4,3,1,1883,1,3,2,3,0,1345,0,ST-GER1,Normalstation Geriatrie,40,Geriatrie,10.0,20.0,06:00,14:00,450,,13:30,21:30,450,F,21:15,06:15,495,F|S,11,10,8,10,30,45,8,38.5,30,0.15,0,2.0.0,20261164
PK-021,2026-11-23,history,-7,Montag,1,48,0,0,,Pflegefachkraft,Pflegefachkraft,EXAM,0.8,30.8,7392,7392,6653,8131,5,2,2,8,1,1,Pflegefachkraft,0,0.0,-1722,32,32,2,4,3,5381,1,,,,,,0,,0,,5,4,4,1,2152,1,4,4,3,1,1883,1,3,2,3,0,1345,0,ST-GER1,Normalstation Geriatrie,40,Geriatrie,10.0,20.0,06:00,14:00,450,,13:30,21:30,450,F,21:15,06:15,495,F|S,11,10,8,10,30,45,8,38.5,30,0.15,0,2.0.0,20261164
PK-022,2026-11-23,history,-7,Montag,1,48,0,0,,Pflegefachkraft,Pflegefachkraft,EXAM|PRAXISANLEITUNG|KARDIO_MONITORING,0.5,19.25,4620,4620,4158,5082,5,2,2,8,1,1,Pflegefachkraft,0,0.0,-930,32,32,2,4,3,5381,1,,,,,,0,,0,,5,4,4,1,2152,1,4,4,3,1,1883,1,3,2,3,0,1345,0,ST-GER1,Normalstation Geriatrie,40,Geriatrie,10.0,20.0,06:00,14:00,450,,13:30,21:30,450,F,21:15,06:15,495,F|S,11,10,8,10,30,45,8,38.5,30,0.15,0,2.0.0,20261164
AZ-001,2026-11-24,history,-6,Dienstag,2,48,0,0,,Auszubildende_r_3_Ausbildungsjahr,Auszubildende,AUSZUBILDEND,1.0,38.5,9240,9240,8316,10164,5,2,2,8,1,0,nicht anrechenbar,0,0.0,-9240,28,26,2,5,2,5257,1,,,,,,0,,0,,5,3,4,1,2103,1,4,3,3,1,1840,1,3,2,3,0,1314,0,ST-GER1,Normalstation Geriatrie,40,Geriatrie,10.0,20.0,06:00,14:00,450,,13:30,21:30,450,F,21:15,06:15,495,F|S,11,10,8,10,30,45,8,38.5,30,0.15,0,2.0.0,20261164
AZ-002,2026-11-24,history,-6,Dienstag,2,48,0,0,,Auszubildende_r_2_Ausbildungsjahr,Auszubildende,AUSZUBILDEND,1.0,38.5,9240,9240,8316,10164,5,2,2,8,1,0,nicht anrechenbar,0,0.0,-9240,28,26,2,5,2,5257,1,,,,,,0,,0,,5,3,4,1,2103,1,4,3,3,1,1840,1,3,2,3,0,1314,0,ST-GER1,Normalstation Geriatrie,40,Geriatrie,10.0,20.0,06:00,14:00,450,,13:30,21:30,450,F,21:15,06:15,495,F|S,11,10,8,10,30,45,8,38.5,30,0.15,0,2.0.0,20261164
AZ-003,2026-11-24,history,-6,Dienstag,2,48,0,0,,Auszubildende_r_1_Ausbildungsjahr,Auszubildende,AUSZUBILDEND,1.0,38.5,9240,9240,8316,10164,5,2,2,0,0,0,nicht anrechenbar,0,0.0,-9240,28,26,2,5,2,5257,1,,,,,,0,,0,,5,3,4,1,2103,1,4,3,3,1,1840,1,3,2,3,0,1314,0,ST-GER1,Normalstation Geriatrie,40,Geriatrie,10.0,20.0,06:00,14:00,450,,13:30,21:30,450,F,21:15,06:15,495,F|S,11,10,8,10,30,45,8,38.5,30,0.15,0,2.0.0,20261164
PH-001,2026-11-24,history,-6,Dienstag,2,48,0,0,,Pflegehilfskraft,Pflegehilfskraft,PFLEGEHILFE,0.75,28.88,6931,6931,6238,7624,5,2,2,0,0,1,Pflegehilfskraft,0,0.0,-1530,28,26,2,5,2,5257,1,,,,,F,0,,0,,5,3,4,1,2103,1,4,3,3,1,1840,1,3,2,3,0,1314,0,ST-GER1,Normalstation Geriatrie,40,Geriatrie,10.0,20.0,06:00,14:00,450,,13:30,21:30,450,F,21:15,06:15,495,F|S,11,10,8,10,30,45,8,38.5,30,0.15,0,2.0.0,20261164
PH-002,2026-11-24,history,-6,Dienstag,2,48,0,0,,Pflegehilfskraft,Pflegehilfskraft,PFLEGEHILFE,0.75,28.88,6931,6931,6238,7624,5,2,2,0,0,1,Pflegehilfskraft,0,0.0,-1530,28,26,2,5,2,5257,1,,,,,S,0,,0,,5,3,4,1,2103,1,4,3,3,1,1840,1,3,2,3,0,1314,0,ST-GER1,Normalstation Geriatrie,40,Geriatrie,10.0,20.0,06:00,14:00,450,,13:30,21:30,450,F,21:15,06:15,495,F|S,11,10,8,10,30,45,8,38.5,30,0.15,0,2.0.0,20261164
PH-003,2026-11-24,history,-6,Dienstag,2,48,0,0,,Pflegehilfskraft,Pflegehilfskraft,PFLEGEHILFE,0.5,19.25,4620,4620,4158,5082,5,2,2,0,0,1,Pflegehilfskraft,0,0.0,-1020,28,26,2,5,2,5257,1,,,,,,0,,0,,5,3,4,1,2103,1,4,3,3,1,1840,1,3,2,3,0,1314,0,ST-GER1,Normalstation Geriatrie,40,Geriatrie,10.0,20.0,06:00,14:00,450,,13:30,21:30,450,F,21:15,06:15,495,F|S,11,10,8,10,30,45,8,38.5,30,0.15,0,2.0.0,20261164
PK-001,2026-11-24,history,-6,Dienstag,2,48,0,0,,Stationsleitung,Pflegefachkraft,EXAM|LEITUNG|PRAXISANLEITUNG,1.0,38.5,9240,4620,4158,5082,5,2,2,0,0,1,Pflegefachkraft,1,0.5,4464,28,26,2,5,2,5257,0,URLAUB,,,,,0,,0,,5,3,4,1,2103,1,4,3,3,1,1840,1,3,2,3,0,1314,0,ST-GER1,Normalstation Geriatrie,40,Geriatrie,10.0,20.0,06:00,14:00,450,,13:30,21:30,450,F,21:15,06:15,495,F|S,11,10,8,10,30,45,8,38.5,30,0.15,0,2.0.0,20261164
PK-002,2026-11-24,history,-6,Dienstag,2,48,0,0,,Pflegefachkraft,Pflegefachkraft,EXAM|KARDIO_MONITORING,1.0,38.5,9240,9240,8316,10164,5,2,2,8,1,1,Pflegefachkraft,0,0.0,-2310,28,26,2,5,2,5257,1,,,,,,0,,0,,5,3,4,1,2103,1,4,3,3,1,1840,1,3,2,3,0,1314,0,ST-GER1,Normalstation Geriatrie,40,Geriatrie,10.0,20.0,06:00,14:00,450,,13:30,21:30,450,F,21:15,06:15,495,F|S,11,10,8,10,30,45,8,38.5,30,0.15,0,2.0.0,20261164
PK-003,2026-11-24,history,-6,Dienstag,2,48,0,0,,Pflegefachkraft,Pflegefachkraft,EXAM|PRAXISANLEITUNG|KARDIO_MONITORING,1.0,38.5,9240,9240,8316,10164,5,2,2,8,1,1,Pflegefachkraft,0,0.0,-2265,28,26,2,5,2,5257,1,,,,,,0,,0,,5,3,4,1,2103,1,4,3,3,1,1840,1,3,2,3,0,1314,0,ST-GER1,Normalstation Geriatrie,40,Geriatrie,10.0,20.0,06:00,14:00,450,,13:30,21:30,450,F,21:15,06:15,495,F|S,11,10,8,10,30,45,8,38.5,30,0.15,0,2.0.0,20261164
PK-004,2026-11-24,history,-6,Dienstag,2,48,0,0,,Pflegefachkraft,Pflegefachkraft,EXAM,0.7,26.95,6468,6468,5821,7115,5,2,2,8,1,1,Pflegefachkraft,0,0.0,-1518,28,26,2,5,2,5257,1,,,,,,0,,0,,5,3,4,1,2103,1,4,3,3,1,1840,1,3,2,3,0,1314,0,ST-GER1,Normalstation Geriatrie,40,Geriatrie,10.0,20.0,06:00,14:00,450,,13:30,21:30,450,F,21:15,06:15,495,F|S,11,10,8,10,30,45,8,38.5,30,0.15,0,2.0.0,20261164
PK-005,2026-11-24,history,-6,Dienstag,2,48,0,0,,Pflegefachkraft,Pflegefachkraft,EXAM|PRAXISANLEITUNG,1.0,38.5,9240,9240,8316,10164,5,2,2,8,1,1,Pflegefachkraft,0,0.0,-2400,28,26,2,5,2,5257,1,,,,,S,0,,0,,5,3,4,1,2103,1,4,3,3,1,1840,1,3,2,3,0,1314,0,ST-GER1,Normalstation Geriatrie,40,Geriatrie,10.0,20.0,06:00,14:00,450,,13:30,21:30,450,F,21:15,06:15,495,F|S,11,10,8,10,30,45,8,38.5,30,0.15,0,2.0.0,20261164
PK-006,2026-11-24,history,-6,Dienstag,2,48,0,0,,Pflegefachkraft,Pflegefachkraft,EXAM|KARDIO_MONITORING,0.6,23.1,5544,5544,4990,6098,5,2,2,8,1,1,Pflegefachkraft,0,0.0,536,28,26,2,5,2,5257,0,URLAUB,,,,,0,,0,,5,3,4,1,2103,1,4,3,3,1,1840,1,3,2,3,0,1314,0,ST-GER1,Normalstation Geriatrie,40,Geriatrie,10.0,20.0,06:00,14:00,450,,13:30,21:30,450,F,21:15,06:15,495,F|S,11,10,8,10,30,45,8,38.5,30,0.15,0,2.0.0,20261164
PK-007,2026-11-24,history,-6,Dienstag,2,48,0,0,,Pflegefachkraft,Pflegefachkraft,EXAM|PRAXISANLEITUNG|KARDIO_MONITORING,0.75,28.88,6931,6931,6238,7624,5,2,2,8,1,1,Pflegefachkraft,0,0.0,716,28,26,2,5,2,5257,1,,,,,,0,,0,,5,3,4,1,2103,1,4,3,3,1,1840,1,3,2,3,0,1314,0,ST-GER1,Normalstation Geriatrie,40,Geriatrie,10.0,20.0,06:00,14:00,450,,13:30,21:30,450,F,21:15,06:15,495,F|S,11,10,8,10,30,45,8,38.5,30,0.15,0,2.0.0,20261164
PK-008,2026-11-24,history,-6,Dienstag,2,48,0,0,,Pflegefachkraft,Pflegefachkraft,EXAM,1.0,38.5,9240,9240,8316,10164,5,2,2,8,1,1,Pflegefachkraft,0,0.0,-2580,28,26,2,5,2,5257,1,,,,,N,0,,0,,5,3,4,1,2103,1,4,3,3,1,1840,1,3,2,3,0,1314,0,ST-GER1,Normalstation Geriatrie,40,Geriatrie,10.0,20.0,06:00,14:00,450,,13:30,21:30,450,F,21:15,06:15,495,F|S,11,10,8,10,30,45,8,38.5,30,0.15,0,2.0.0,20261164
PK-009,2026-11-24,history,-6,Dienstag,2,48,0,0,,Pflegefachkraft,Pflegefachkraft,EXAM,1.0,38.5,9240,9240,8316,10164,5,2,2,8,1,1,Pflegefachkraft,0,0.0,-2130,28,26,2,5,2,5257,1,,,,,F,0,,0,,5,3,4,1,2103,1,4,3,3,1,1840,1,3,2,3,0,1314,0,ST-GER1,Normalstation Geriatrie,40,Geriatrie,10.0,20.0,06:00,14:00,450,,13:30,21:30,450,F,21:15,06:15,495,F|S,11,10,8,10,30,45,8,38.5,30,0.15,0,2.0.0,20261164
PK-010,2026-11-24,history,-6,Dienstag,2,48,0,0,,Pflegefachkraft,Pflegefachkraft,EXAM,0.6,23.1,5544,5544,4990,6098,5,2,2,8,1,1,Pflegefachkraft,0,0.0,-1404,28,26,2,5,2,5257,1,,,,,F,0,,0,,5,3,4,1,2103,1,4,3,3,1,1840,1,3,2,3,0,1314,0,ST-GER1,Normalstation Geriatrie,40,Geriatrie,10.0,20.0,06:00,14:00,450,,13:30,21:30,450,F,21:15,06:15,495,F|S,11,10,8,10,30,45,8,38.5,30,0.15,0,2.0.0,20261164
PK-011,2026-11-24,history,-6,Dienstag,2,48,0,0,,Pflegefachkraft,Pflegefachkraft,EXAM,1.0,38.5,9240,9240,8316,10164,5,2,2,8,1,1,Pflegefachkraft,0,0.0,-2130,28,26,2,5,2,5257,1,,,,,N,0,,0,,5,3,4,1,2103,1,4,3,3,1,1840,1,3,2,3,0,1314,0,ST-GER1,Normalstation Geriatrie,40,Geriatrie,10.0,20.0,06:00,14:00,450,,13:30,21:30,450,F,21:15,06:15,495,F|S,11,10,8,10,30,45,8,38.5,30,0.15,0,2.0.0,20261164
PK-012,2026-11-24,history,-6,Dienstag,2,48,0,0,,Pflegefachkraft,Pflegefachkraft,EXAM|KARDIO_MONITORING,1.0,38.5,9240,9240,8316,10164,5,2,2,8,1,1,Pflegefachkraft,0,0.0,-2265,28,26,2,5,2,5257,1,,,,,,0,,0,,5,3,4,1,2103,1,4,3,3,1,1840,1,3,2,3,0,1314,0,ST-GER1,Normalstation Geriatrie,40,Geriatrie,10.0,20.0,06:00,14:00,450,,13:30,21:30,450,F,21:15,06:15,495,F|S,11,10,8,10,30,45,8,38.5,30,0.15,0,2.0.0,20261164
PK-013,2026-11-24,history,-6,Dienstag,2,48,0,0,,Pflegefachkraft,Pflegefachkraft,EXAM,1.0,38.5,9240,9240,8316,10164,5,2,2,8,1,1,Pflegefachkraft,0,0.0,-2310,28,26,2,5,2,5257,1,,,,,,0,,0,,5,3,4,1,2103,1,4,3,3,1,1840,1,3,2,3,0,1314,0,ST-GER1,Normalstation Geriatrie,40,Geriatrie,10.0,20.0,06:00,14:00,450,,13:30,21:30,450,F,21:15,06:15,495,F|S,11,10,8,10,30,45,8,38.5,30,0.15,0,2.0.0,20261164
PK-014,2026-11-24,history,-6,Dienstag,2,48,0,0,,Pflegefachkraft,Pflegefachkraft,EXAM,0.8,30.8,7392,7392,6653,8131,5,2,2,8,1,1,Pflegefachkraft,0,0.0,-1542,28,26,2,5,2,5257,1,,,,,,0,,0,,5,3,4,1,2103,1,4,3,3,1,1840,1,3,2,3,0,1314,0,ST-GER1,Normalstation Geriatrie,40,Geriatrie,10.0,20.0,06:00,14:00,450,,13:30,21:30,450,F,21:15,06:15,495,F|S,11,10,8,10,30,45,8,38.5,30,0.15,0,2.0.0,20261164
PK-015,2026-11-24,history,-6,Dienstag,2,48,0,0,,Pflegefachkraft,Pflegefachkraft,EXAM,0.6,23.1,5544,5544,4990,6098,5,2,2,8,1,1,Pflegefachkraft,0,0.0,-1404,28,26,2,5,2,5257,1,,,,,F,0,,0,,5,3,4,1,2103,1,4,3,3,1,1840,1,3,2,3,0,1314,0,ST-GER1,Normalstation Geriatrie,40,Geriatrie,10.0,20.0,06:00,14:00,450,,13:30,21:30,450,F,21:15,06:15,495,F|S,11,10,8,10,30,45,8,38.5,30,0.15,0,2.0.0,20261164
PK-016,2026-11-24,history,-6,Dienstag,2,48,0,0,,Pflegefachkraft,Pflegefachkraft,EXAM,0.75,28.88,6931,6931,6238,7624,5,2,2,8,1,1,Pflegefachkraft,0,0.0,-1485,28,26,2,5,2,5257,1,,,,,F,0,,0,,5,3,4,1,2103,1,4,3,3,1,1840,1,3,2,3,0,1314,0,ST-GER1,Normalstation Geriatrie,40,Geriatrie,10.0,20.0,06:00,14:00,450,,13:30,21:30,450,F,21:15,06:15,495,F|S,11,10,8,10,30,45,8,38.5,30,0.15,0,2.0.0,20261164
PK-017,2026-11-24,history,-6,Dienstag,2,48,0,0,,Pflegefachkraft,Pflegefachkraft,EXAM,0.7,26.95,6468,6468,5821,7115,5,2,2,8,1,1,Pflegefachkraft,0,0.0,-1473,28,26,2,5,2,5257,1,,,,,,0,,0,,5,3,4,1,2103,1,4,3,3,1,1840,1,3,2,3,0,1314,0,ST-GER1,Normalstation Geriatrie,40,Geriatrie,10.0,20.0,06:00,14:00,450,,13:30,21:30,450,F,21:15,06:15,495,F|S,11,10,8,10,30,45,8,38.5,30,0.15,0,2.0.0,20261164
PK-018,2026-11-24,history,-6,Dienstag,2,48,0,0,,Pflegefachkraft,Pflegefachkraft,EXAM|PRAXISANLEITUNG|KARDIO_MONITORING,0.9,34.65,8316,8316,7484,9148,5,2,2,8,1,1,Pflegefachkraft,0,0.0,-1971,28,26,2,5,2,5257,1,,,,,S,0,,0,,5,3,4,1,2103,1,4,3,3,1,1840,1,3,2,3,0,1314,0,ST-GER1,Normalstation Geriatrie,40,Geriatrie,10.0,20.0,06:00,14:00,450,,13:30,21:30,450,F,21:15,06:15,495,F|S,11,10,8,10,30,45,8,38.5,30,0.15,0,2.0.0,20261164
PK-019,2026-11-24,history,-6,Dienstag,2,48,0,0,,Pflegefachkraft,Pflegefachkraft,EXAM,0.8,30.8,7392,7392,6653,8131,5,2,2,8,1,1,Pflegefachkraft,0,0.0,-1902,28,26,2,5,2,5257,1,,,,,,0,,0,,5,3,4,1,2103,1,4,3,3,1,1840,1,3,2,3,0,1314,0,ST-GER1,Normalstation Geriatrie,40,Geriatrie,10.0,20.0,06:00,14:00,450,,13:30,21:30,450,F,21:15,06:15,495,F|S,11,10,8,10,30,45,8,38.5,30,0.15,0,2.0.0,20261164
PK-020,2026-11-24,history,-6,Dienstag,2,48,0,0,,Pflegefachkraft,Pflegefachkraft,EXAM|KARDIO_MONITORING,0.5,19.25,4620,4620,4158,5082,5,2,2,8,1,1,Pflegefachkraft,0,0.0,-930,28,26,2,5,2,5257,1,,,,,S,0,,0,,5,3,4,1,2103,1,4,3,3,1,1840,1,3,2,3,0,1314,0,ST-GER1,Normalstation Geriatrie,40,Geriatrie,10.0,20.0,06:00,14:00,450,,13:30,21:30,450,F,21:15,06:15,495,F|S,11,10,8,10,30,45,8,38.5,30,0.15,0,2.0.0,20261164
PK-021,2026-11-24,history,-6,Dienstag,2,48,0,0,,Pflegefachkraft,Pflegefachkraft,EXAM,0.8,30.8,7392,7392,6653,8131,5,2,2,8,1,1,Pflegefachkraft,0,0.0,-1722,28,26,2,5,2,5257,1,,,,,N,0,,0,,5,3,4,1,2103,1,4,3,3,1,1840,1,3,2,3,0,1314,0,ST-GER1,Normalstation Geriatrie,40,Geriatrie,10.0,20.0,06:00,14:00,450,,13:30,21:30,450,F,21:15,06:15,495,F|S,11,10,8,10,30,45,8,38.5,30,0.15,0,2.0.0,20261164
PK-022,2026-11-24,history,-6,Dienstag,2,48,0,0,,Pflegefachkraft,Pflegefachkraft,EXAM|PRAXISANLEITUNG|KARDIO_MONITORING,0.5,19.25,4620,4620,4158,5082,5,2,2,8,1,1,Pflegefachkraft,0,0.0,-930,28,26,2,5,2,5257,1,,,,,,0,,0,,5,3,4,1,2103,1,4,3,3,1,1840,1,3,2,3,0,1314,0,ST-GER1,Normalstation Geriatrie,40,Geriatrie,10.0,20.0,06:00,14:00,450,,13:30,21:30,450,F,21:15,06:15,495,F|S,11,10,8,10,30,45,8,38.5,30,0.15,0,2.0.0,20261164
AZ-001,2026-11-25,history,-5,Mittwoch,3,48,0,0,,Auszubildende_r_3_Ausbildungsjahr,Auszubildende,AUSZUBILDEND,1.0,38.5,9240,9240,8316,10164,5,2,2,8,1,0,nicht anrechenbar,0,0.0,-9240,31,31,4,5,4,5940,1,,,,,,0,,0,,5,4,4,1,2376,1,5,4,4,1,2079,1,3,2,3,0,1485,0,ST-GER1,Normalstation Geriatrie,40,Geriatrie,10.0,20.0,06:00,14:00,450,,13:30,21:30,450,F,21:15,06:15,495,F|S,11,10,8,10,30,45,8,38.5,30,0.15,0,2.0.0,20261164
AZ-002,2026-11-25,history,-5,Mittwoch,3,48,0,0,,Auszubildende_r_2_Ausbildungsjahr,Auszubildende,AUSZUBILDEND,1.0,38.5,9240,9240,8316,10164,5,2,2,8,1,0,nicht anrechenbar,0,0.0,-9240,31,31,4,5,4,5940,1,,,,,,0,,0,,5,4,4,1,2376,1,5,4,4,1,2079,1,3,2,3,0,1485,0,ST-GER1,Normalstation Geriatrie,40,Geriatrie,10.0,20.0,06:00,14:00,450,,13:30,21:30,450,F,21:15,06:15,495,F|S,11,10,8,10,30,45,8,38.5,30,0.15,0,2.0.0,20261164
AZ-003,2026-11-25,history,-5,Mittwoch,3,48,0,0,,Auszubildende_r_1_Ausbildungsjahr,Auszubildende,AUSZUBILDEND,1.0,38.5,9240,9240,8316,10164,5,2,2,0,0,0,nicht anrechenbar,0,0.0,-9240,31,31,4,5,4,5940,1,,,,,,0,,0,,5,4,4,1,2376,1,5,4,4,1,2079,1,3,2,3,0,1485,0,ST-GER1,Normalstation Geriatrie,40,Geriatrie,10.0,20.0,06:00,14:00,450,,13:30,21:30,450,F,21:15,06:15,495,F|S,11,10,8,10,30,45,8,38.5,30,0.15,0,2.0.0,20261164
PH-001,2026-11-25,history,-5,Mittwoch,3,48,0,0,,Pflegehilfskraft,Pflegehilfskraft,PFLEGEHILFE,0.75,28.88,6931,6931,6238,7624,5,2,2,0,0,1,Pflegehilfskraft,0,0.0,-1530,31,31,4,5,4,5940,1,,,,,,0,,0,,5,4,4,1,2376,1,5,4,4,1,2079,1,3,2,3,0,1485,0,ST-GER1,Normalstation Geriatrie,40,Geriatrie,10.0,20.0,06:00,14:00,450,,13:30,21:30,450,F,21:15,06:15,495,F|S,11,10,8,10,30,45,8,38.5,30,0.15,0,2.0.0,20261164
PH-002,2026-11-25,history,-5,Mittwoch,3,48,0,0,,Pflegehilfskraft,Pflegehilfskraft,PFLEGEHILFE,0.75,28.88,6931,6931,6238,7624,5,2,2,0,0,1,Pflegehilfskraft,0,0.0,-1530,31,31,4,5,4,5940,1,,,,,,0,,0,,5,4,4,1,2376,1,5,4,4,1,2079,1,3,2,3,0,1485,0,ST-GER1,Normalstation Geriatrie,40,Geriatrie,10.0,20.0,06:00,14:00,450,,13:30,21:30,450,F,21:15,06:15,495,F|S,11,10,8,10,30,45,8,38.5,30,0.15,0,2.0.0,20261164
PH-003,2026-11-25,history,-5,Mittwoch,3,48,0,0,,Pflegehilfskraft,Pflegehilfskraft,PFLEGEHILFE,0.5,19.25,4620,4620,4158,5082,5,2,2,0,0,1,Pflegehilfskraft,0,0.0,-1020,31,31,4,5,4,5940,1,,,,,F,0,,0,,5,4,4,1,2376,1,5,4,4,1,2079,1,3,2,3,0,1485,0,ST-GER1,Normalstation Geriatrie,40,Geriatrie,10.0,20.0,06:00,14:00,450,,13:30,21:30,450,F,21:15,06:15,495,F|S,11,10,8,10,30,45,8,38.5,30,0.15,0,2.0.0,20261164
PK-001,2026-11-25,history,-5,Mittwoch,3,48,0,0,,Stationsleitung,Pflegefachkraft,EXAM|LEITUNG|PRAXISANLEITUNG,1.0,38.5,9240,4620,4158,5082,5,2,2,0,0,1,Pflegefachkraft,1,0.5,4464,31,31,4,5,4,5940,0,URLAUB,,,,,0,,0,,5,4,4,1,2376,1,5,4,4,1,2079,1,3,2,3,0,1485,0,ST-GER1,Normalstation Geriatrie,40,Geriatrie,10.0,20.0,06:00,14:00,450,,13:30,21:30,450,F,21:15,06:15,495,F|S,11,10,8,10,30,45,8,38.5,30,0.15,0,2.0.0,20261164
PK-002,2026-11-25,history,-5,Mittwoch,3,48,0,0,,Pflegefachkraft,Pflegefachkraft,EXAM|KARDIO_MONITORING,1.0,38.5,9240,9240,8316,10164,5,2,2,8,1,1,Pflegefachkraft,0,0.0,-2310,31,31,4,5,4,5940,1,,,,,N,0,,0,,5,4,4,1,2376,1,5,4,4,1,2079,1,3,2,3,0,1485,0,ST-GER1,Normalstation Geriatrie,40,Geriatrie,10.0,20.0,06:00,14:00,450,,13:30,21:30,450,F,21:15,06:15,495,F|S,11,10,8,10,30,45,8,38.5,30,0.15,0,2.0.0,20261164
PK-003,2026-11-25,history,-5,Mittwoch,3,48,0,0,,Pflegefachkraft,Pflegefachkraft,EXAM|PRAXISANLEITUNG|KARDIO_MONITORING,1.0,38.5,9240,9240,8316,10164,5,2,2,8,1,1,Pflegefachkraft,0,0.0,-2265,31,31,4,5,4,5940,1,,,,,F,0,,0,,5,4,4,1,2376,1,5,4,4,1,2079,1,3,2,3,0,1485,0,ST-GER1,Normalstation Geriatrie,40,Geriatrie,10.0,20.0,06:00,14:00,450,,13:30,21:30,450,F,21:15,06:15,495,F|S,11,10,8,10,30,45,8,38.5,30,0.15,0,2.0.0,20261164
PK-004,2026-11-25,history,-5,Mittwoch,3,48,0,0,,Pflegefachkraft,Pflegefachkraft,EXAM,0.7,26.95,6468,6468,5821,7115,5,2,2,8,1,1,Pflegefachkraft,0,0.0,-1518,31,31,4,5,4,5940,1,,,,,S,0,,0,,5,4,4,1,2376,1,5,4,4,1,2079,1,3,2,3,0,1485,0,ST-GER1,Normalstation Geriatrie,40,Geriatrie,10.0,20.0,06:00,14:00,450,,13:30,21:30,450,F,21:15,06:15,495,F|S,11,10,8,10,30,45,8,38.5,30,0.15,0,2.0.0,20261164
PK-005,2026-11-25,history,-5,Mittwoch,3,48,0,0,,Pflegefachkraft,Pflegefachkraft,EXAM|PRAXISANLEITUNG,1.0,38.5,9240,9240,8316,10164,5,2,2,8,1,1,Pflegefachkraft,0,0.0,-2400,31,31,4,5,4,5940,1,,,,,S,0,,0,,5,4,4,1,2376,1,5,4,4,1,2079,1,3,2,3,0,1485,0,ST-GER1,Normalstation Geriatrie,40,Geriatrie,10.0,20.0,06:00,14:00,450,,13:30,21:30,450,F,21:15,06:15,495,F|S,11,10,8,10,30,45,8,38.5,30,0.15,0,2.0.0,20261164
PK-006,2026-11-25,history,-5,Mittwoch,3,48,0,0,,Pflegefachkraft,Pflegefachkraft,EXAM|KARDIO_MONITORING,0.6,23.1,5544,5544,4990,6098,5,2,2,8,1,1,Pflegefachkraft,0,0.0,536,31,31,4,5,4,5940,0,URLAUB,,,,,0,,0,,5,4,4,1,2376,1,5,4,4,1,2079,1,3,2,3,0,1485,0,ST-GER1,Normalstation Geriatrie,40,Geriatrie,10.0,20.0,06:00,14:00,450,,13:30,21:30,450,F,21:15,06:15,495,F|S,11,10,8,10,30,45,8,38.5,30,0.15,0,2.0.0,20261164
PK-007,2026-11-25,history,-5,Mittwoch,3,48,0,0,,Pflegefachkraft,Pflegefachkraft,EXAM|PRAXISANLEITUNG|KARDIO_MONITORING,0.75,28.88,6931,6931,6238,7624,5,2,2,8,1,1,Pflegefachkraft,0,0.0,716,31,31,4,5,4,5940,1,,,,,S,0,,0,,5,4,4,1,2376,1,5,4,4,1,2079,1,3,2,3,0,1485,0,ST-GER1,Normalstation Geriatrie,40,Geriatrie,10.0,20.0,06:00,14:00,450,,13:30,21:30,450,F,21:15,06:15,495,F|S,11,10,8,10,30,45,8,38.5,30,0.15,0,2.0.0,20261164
PK-008,2026-11-25,history,-5,Mittwoch,3,48,0,0,,Pflegefachkraft,Pflegefachkraft,EXAM,1.0,38.5,9240,9240,8316,10164,5,2,2,8,1,1,Pflegefachkraft,0,0.0,-2580,31,31,4,5,4,5940,1,,,,,,0,,0,,5,4,4,1,2376,1,5,4,4,1,2079,1,3,2,3,0,1485,0,ST-GER1,Normalstation Geriatrie,40,Geriatrie,10.0,20.0,06:00,14:00,450,,13:30,21:30,450,F,21:15,06:15,495,F|S,11,10,8,10,30,45,8,38.5,30,0.15,0,2.0.0,20261164
PK-009,2026-11-25,history,-5,Mittwoch,3,48,0,0,,Pflegefachkraft,Pflegefachkraft,EXAM,1.0,38.5,9240,9240,8316,10164,5,2,2,8,1,1,Pflegefachkraft,0,0.0,-2130,31,31,4,5,4,5940,1,,,,,S,0,,0,,5,4,4,1,2376,1,5,4,4,1,2079,1,3,2,3,0,1485,0,ST-GER1,Normalstation Geriatrie,40,Geriatrie,10.0,20.0,06:00,14:00,450,,13:30,21:30,450,F,21:15,06:15,495,F|S,11,10,8,10,30,45,8,38.5,30,0.15,0,2.0.0,20261164
PK-010,2026-11-25,history,-5,Mittwoch,3,48,0,0,,Pflegefachkraft,Pflegefachkraft,EXAM,0.6,23.1,5544,5544,4990,6098,5,2,2,8,1,1,Pflegefachkraft,0,0.0,-1404,31,31,4,5,4,5940,1,,,,,,0,,0,,5,4,4,1,2376,1,5,4,4,1,2079,1,3,2,3,0,1485,0,ST-GER1,Normalstation Geriatrie,40,Geriatrie,10.0,20.0,06:00,14:00,450,,13:30,21:30,450,F,21:15,06:15,495,F|S,11,10,8,10,30,45,8,38.5,30,0.15,0,2.0.0,20261164
PK-011,2026-11-25,history,-5,Mittwoch,3,48,0,0,,Pflegefachkraft,Pflegefachkraft,EXAM,1.0,38.5,9240,9240,8316,10164,5,2,2,8,1,1,Pflegefachkraft,0,0.0,-2130,31,31,4,5,4,5940,1,,,,,,0,,0,,5,4,4,1,2376,1,5,4,4,1,2079,1,3,2,3,0,1485,0,ST-GER1,Normalstation Geriatrie,40,Geriatrie,10.0,20.0,06:00,14:00,450,,13:30,21:30,450,F,21:15,06:15,495,F|S,11,10,8,10,30,45,8,38.5,30,0.15,0,2.0.0,20261164
PK-012,2026-11-25,history,-5,Mittwoch,3,48,0,0,,Pflegefachkraft,Pflegefachkraft,EXAM|KARDIO_MONITORING,1.0,38.5,9240,9240,8316,10164,5,2,2,8,1,1,Pflegefachkraft,0,0.0,-2265,31,31,4,5,4,5940,1,,,,,N,0,,0,,5,4,4,1,2376,1,5,4,4,1,2079,1,3,2,3,0,1485,0,ST-GER1,Normalstation Geriatrie,40,Geriatrie,10.0,20.0,06:00,14:00,450,,13:30,21:30,450,F,21:15,06:15,495,F|S,11,10,8,10,30,45,8,38.5,30,0.15,0,2.0.0,20261164
PK-013,2026-11-25,history,-5,Mittwoch,3,48,0,0,,Pflegefachkraft,Pflegefachkraft,EXAM,1.0,38.5,9240,9240,8316,10164,5,2,2,8,1,1,Pflegefachkraft,0,0.0,-2310,31,31,4,5,4,5940,1,,,,,N,0,,0,,5,4,4,1,2376,1,5,4,4,1,2079,1,3,2,3,0,1485,0,ST-GER1,Normalstation Geriatrie,40,Geriatrie,10.0,20.0,06:00,14:00,450,,13:30,21:30,450,F,21:15,06:15,495,F|S,11,10,8,10,30,45,8,38.5,30,0.15,0,2.0.0,20261164
PK-014,2026-11-25,history,-5,Mittwoch,3,48,0,0,,Pflegefachkraft,Pflegefachkraft,EXAM,0.8,30.8,7392,7392,6653,8131,5,2,2,8,1,1,Pflegefachkraft,0,0.0,-1542,31,31,4,5,4,5940,1,,,,,F,0,,0,,5,4,4,1,2376,1,5,4,4,1,2079,1,3,2,3,0,1485,0,ST-GER1,Normalstation Geriatrie,40,Geriatrie,10.0,20.0,06:00,14:00,450,,13:30,21:30,450,F,21:15,06:15,495,F|S,11,10,8,10,30,45,8,38.5,30,0.15,0,2.0.0,20261164
PK-015,2026-11-25,history,-5,Mittwoch,3,48,0,0,,Pflegefachkraft,Pflegefachkraft,EXAM,0.6,23.1,5544,5544,4990,6098,5,2,2,8,1,1,Pflegefachkraft,0,0.0,-1404,31,31,4,5,4,5940,1,,,,,,0,,0,,5,4,4,1,2376,1,5,4,4,1,2079,1,3,2,3,0,1485,0,ST-GER1,Normalstation Geriatrie,40,Geriatrie,10.0,20.0,06:00,14:00,450,,13:30,21:30,450,F,21:15,06:15,495,F|S,11,10,8,10,30,45,8,38.5,30,0.15,0,2.0.0,20261164
PK-016,2026-11-25,history,-5,Mittwoch,3,48,0,0,,Pflegefachkraft,Pflegefachkraft,EXAM,0.75,28.88,6931,6931,6238,7624,5,2,2,8,1,1,Pflegefachkraft,0,0.0,-1485,31,31,4,5,4,5940,1,,,,,,0,,0,,5,4,4,1,2376,1,5,4,4,1,2079,1,3,2,3,0,1485,0,ST-GER1,Normalstation Geriatrie,40,Geriatrie,10.0,20.0,06:00,14:00,450,,13:30,21:30,450,F,21:15,06:15,495,F|S,11,10,8,10,30,45,8,38.5,30,0.15,0,2.0.0,20261164
PK-017,2026-11-25,history,-5,Mittwoch,3,48,0,0,,Pflegefachkraft,Pflegefachkraft,EXAM,0.7,26.95,6468,6468,5821,7115,5,2,2,8,1,1,Pflegefachkraft,0,0.0,-1473,31,31,4,5,4,5940,1,,,,,S,0,,0,,5,4,4,1,2376,1,5,4,4,1,2079,1,3,2,3,0,1485,0,ST-GER1,Normalstation Geriatrie,40,Geriatrie,10.0,20.0,06:00,14:00,450,,13:30,21:30,450,F,21:15,06:15,495,F|S,11,10,8,10,30,45,8,38.5,30,0.15,0,2.0.0,20261164
PK-018,2026-11-25,history,-5,Mittwoch,3,48,0,0,,Pflegefachkraft,Pflegefachkraft,EXAM|PRAXISANLEITUNG|KARDIO_MONITORING,0.9,34.65,8316,8316,7484,9148,5,2,2,8,1,1,Pflegefachkraft,0,0.0,-1971,31,31,4,5,4,5940,1,,,,,,0,,0,,5,4,4,1,2376,1,5,4,4,1,2079,1,3,2,3,0,1485,0,ST-GER1,Normalstation Geriatrie,40,Geriatrie,10.0,20.0,06:00,14:00,450,,13:30,21:30,450,F,21:15,06:15,495,F|S,11,10,8,10,30,45,8,38.5,30,0.15,0,2.0.0,20261164
PK-019,2026-11-25,history,-5,Mittwoch,3,48,0,0,,Pflegefachkraft,Pflegefachkraft,EXAM,0.8,30.8,7392,7392,6653,8131,5,2,2,8,1,1,Pflegefachkraft,0,0.0,-1902,31,31,4,5,4,5940,1,,,,,F,0,,0,,5,4,4,1,2376,1,5,4,4,1,2079,1,3,2,3,0,1485,0,ST-GER1,Normalstation Geriatrie,40,Geriatrie,10.0,20.0,06:00,14:00,450,,13:30,21:30,450,F,21:15,06:15,495,F|S,11,10,8,10,30,45,8,38.5,30,0.15,0,2.0.0,20261164
PK-020,2026-11-25,history,-5,Mittwoch,3,48,0,0,,Pflegefachkraft,Pflegefachkraft,EXAM|KARDIO_MONITORING,0.5,19.25,4620,4620,4158,5082,5,2,2,8,1,1,Pflegefachkraft,0,0.0,-930,31,31,4,5,4,5940,1,,,,,,0,,0,,5,4,4,1,2376,1,5,4,4,1,2079,1,3,2,3,0,1485,0,ST-GER1,Normalstation Geriatrie,40,Geriatrie,10.0,20.0,06:00,14:00,450,,13:30,21:30,450,F,21:15,06:15,495,F|S,11,10,8,10,30,45,8,38.5,30,0.15,0,2.0.0,20261164
PK-021,2026-11-25,history,-5,Mittwoch,3,48,0,0,,Pflegefachkraft,Pflegefachkraft,EXAM,0.8,30.8,7392,7392,6653,8131,5,2,2,8,1,1,Pflegefachkraft,0,0.0,-1722,31,31,4,5,4,5940,1,,,,,,0,,0,,5,4,4,1,2376,1,5,4,4,1,2079,1,3,2,3,0,1485,0,ST-GER1,Normalstation Geriatrie,40,Geriatrie,10.0,20.0,06:00,14:00,450,,13:30,21:30,450,F,21:15,06:15,495,F|S,11,10,8,10,30,45,8,38.5,30,0.15,0,2.0.0,20261164
PK-022,2026-11-25,history,-5,Mittwoch,3,48,0,0,,Pflegefachkraft,Pflegefachkraft,EXAM|PRAXISANLEITUNG|KARDIO_MONITORING,0.5,19.25,4620,4620,4158,5082,5,2,2,8,1,1,Pflegefachkraft,0,0.0,-930,31,31,4,5,4,5940,1,,,,,F,0,,0,,5,4,4,1,2376,1,5,4,4,1,2079,1,3,2,3,0,1485,0,ST-GER1,Normalstation Geriatrie,40,Geriatrie,10.0,20.0,06:00,14:00,450,,13:30,21:30,450,F,21:15,06:15,495,F|S,11,10,8,10,30,45,8,38.5,30,0.15,0,2.0.0,20261164
AZ-001,2026-11-26,history,-4,Donnerstag,4,48,0,0,,Auszubildende_r_3_Ausbildungsjahr,Auszubildende,AUSZUBILDEND,1.0,38.5,9240,9240,8316,10164,5,2,2,8,1,0,nicht anrechenbar,0,0.0,-9240,32,30,8,8,1,5321,1,,,,,,0,,0,,5,4,4,1,2128,1,4,4,3,1,1862,1,3,2,3,0,1330,0,ST-GER1,Normalstation Geriatrie,40,Geriatrie,10.0,20.0,06:00,14:00,450,,13:30,21:30,450,F,21:15,06:15,495,F|S,11,10,8,10,30,45,8,38.5,30,0.15,0,2.0.0,20261164
AZ-002,2026-11-26,history,-4,Donnerstag,4,48,0,0,,Auszubildende_r_2_Ausbildungsjahr,Auszubildende,AUSZUBILDEND,1.0,38.5,9240,9240,8316,10164,5,2,2,8,1,0,nicht anrechenbar,0,0.0,-9240,32,30,8,8,1,5321,1,,,,,,0,,0,,5,4,4,1,2128,1,4,4,3,1,1862,1,3,2,3,0,1330,0,ST-GER1,Normalstation Geriatrie,40,Geriatrie,10.0,20.0,06:00,14:00,450,,13:30,21:30,450,F,21:15,06:15,495,F|S,11,10,8,10,30,45,8,38.5,30,0.15,0,2.0.0,20261164
AZ-003,2026-11-26,history,-4,Donnerstag,4,48,0,0,,Auszubildende_r_1_Ausbildungsjahr,Auszubildende,AUSZUBILDEND,1.0,38.5,9240,9240,8316,10164,5,2,2,0,0,0,nicht anrechenbar,0,0.0,-9240,32,30,8,8,1,5321,1,,,,,,0,,0,,5,4,4,1,2128,1,4,4,3,1,1862,1,3,2,3,0,1330,0,ST-GER1,Normalstation Geriatrie,40,Geriatrie,10.0,20.0,06:00,14:00,450,,13:30,21:30,450,F,21:15,06:15,495,F|S,11,10,8,10,30,45,8,38.5,30,0.15,0,2.0.0,20261164
PH-001,2026-11-26,history,-4,Donnerstag,4,48,0,0,,Pflegehilfskraft,Pflegehilfskraft,PFLEGEHILFE,0.75,28.88,6931,6931,6238,7624,5,2,2,0,0,1,Pflegehilfskraft,0,0.0,-1530,32,30,8,8,1,5321,1,,,,,F,0,,0,,5,4,4,1,2128,1,4,4,3,1,1862,1,3,2,3,0,1330,0,ST-GER1,Normalstation Geriatrie,40,Geriatrie,10.0,20.0,06:00,14:00,450,,13:30,21:30,450,F,21:15,06:15,495,F|S,11,10,8,10,30,45,8,38.5,30,0.15,0,2.0.0,20261164
PH-002,2026-11-26,history,-4,Donnerstag,4,48,0,0,,Pflegehilfskraft,Pflegehilfskraft,PFLEGEHILFE,0.75,28.88,6931,6931,6238,7624,5,2,2,0,0,1,Pflegehilfskraft,0,0.0,-1530,32,30,8,8,1,5321,1,,,,,S,0,,0,,5,4,4,1,2128,1,4,4,3,1,1862,1,3,2,3,0,1330,0,ST-GER1,Normalstation Geriatrie,40,Geriatrie,10.0,20.0,06:00,14:00,450,,13:30,21:30,450,F,21:15,06:15,495,F|S,11,10,8,10,30,45,8,38.5,30,0.15,0,2.0.0,20261164
PH-003,2026-11-26,history,-4,Donnerstag,4,48,0,0,,Pflegehilfskraft,Pflegehilfskraft,PFLEGEHILFE,0.5,19.25,4620,4620,4158,5082,5,2,2,0,0,1,Pflegehilfskraft,0,0.0,-1020,32,30,8,8,1,5321,1,,,,,,0,,0,,5,4,4,1,2128,1,4,4,3,1,1862,1,3,2,3,0,1330,0,ST-GER1,Normalstation Geriatrie,40,Geriatrie,10.0,20.0,06:00,14:00,450,,13:30,21:30,450,F,21:15,06:15,495,F|S,11,10,8,10,30,45,8,38.5,30,0.15,0,2.0.0,20261164
PK-001,2026-11-26,history,-4,Donnerstag,4,48,0,0,,Stationsleitung,Pflegefachkraft,EXAM|LEITUNG|PRAXISANLEITUNG,1.0,38.5,9240,4620,4158,5082,5,2,2,0,0,1,Pflegefachkraft,1,0.5,4464,32,30,8,8,1,5321,0,URLAUB,,,,,0,,0,,5,4,4,1,2128,1,4,4,3,1,1862,1,3,2,3,0,1330,0,ST-GER1,Normalstation Geriatrie,40,Geriatrie,10.0,20.0,06:00,14:00,450,,13:30,21:30,450,F,21:15,06:15,495,F|S,11,10,8,10,30,45,8,38.5,30,0.15,0,2.0.0,20261164
PK-002,2026-11-26,history,-4,Donnerstag,4,48,0,0,,Pflegefachkraft,Pflegefachkraft,EXAM|KARDIO_MONITORING,1.0,38.5,9240,9240,8316,10164,5,2,2,8,1,1,Pflegefachkraft,0,0.0,-2310,32,30,8,8,1,5321,1,,,,,,0,,0,,5,4,4,1,2128,1,4,4,3,1,1862,1,3,2,3,0,1330,0,ST-GER1,Normalstation Geriatrie,40,Geriatrie,10.0,20.0,06:00,14:00,450,,13:30,21:30,450,F,21:15,06:15,495,F|S,11,10,8,10,30,45,8,38.5,30,0.15,0,2.0.0,20261164
PK-003,2026-11-26,history,-4,Donnerstag,4,48,0,0,,Pflegefachkraft,Pflegefachkraft,EXAM|PRAXISANLEITUNG|KARDIO_MONITORING,1.0,38.5,9240,9240,8316,10164,5,2,2,8,1,1,Pflegefachkraft,0,0.0,-2265,32,30,8,8,1,5321,1,,,,,F,0,,0,,5,4,4,1,2128,1,4,4,3,1,1862,1,3,2,3,0,1330,0,ST-GER1,Normalstation Geriatrie,40,Geriatrie,10.0,20.0,06:00,14:00,450,,13:30,21:30,450,F,21:15,06:15,495,F|S,11,10,8,10,30,45,8,38.5,30,0.15,0,2.0.0,20261164
PK-004,2026-11-26,history,-4,Donnerstag,4,48,0,0,,Pflegefachkraft,Pflegefachkraft,EXAM,0.7,26.95,6468,6468,5821,7115,5,2,2,8,1,1,Pflegefachkraft,0,0.0,-1518,32,30,8,8,1,5321,1,,,,,,0,,0,,5,4,4,1,2128,1,4,4,3,1,1862,1,3,2,3,0,1330,0,ST-GER1,Normalstation Geriatrie,40,Geriatrie,10.0,20.0,06:00,14:00,450,,13:30,21:30,450,F,21:15,06:15,495,F|S,11,10,8,10,30,45,8,38.5,30,0.15,0,2.0.0,20261164
PK-005,2026-11-26,history,-4,Donnerstag,4,48,0,0,,Pflegefachkraft,Pflegefachkraft,EXAM|PRAXISANLEITUNG,1.0,38.5,9240,9240,8316,10164,5,2,2,8,1,1,Pflegefachkraft,0,0.0,-2400,32,30,8,8,1,5321,1,,,,,,0,,0,,5,4,4,1,2128,1,4,4,3,1,1862,1,3,2,3,0,1330,0,ST-GER1,Normalstation Geriatrie,40,Geriatrie,10.0,20.0,06:00,14:00,450,,13:30,21:30,450,F,21:15,06:15,495,F|S,11,10,8,10,30,45,8,38.5,30,0.15,0,2.0.0,20261164
PK-006,2026-11-26,history,-4,Donnerstag,4,48,0,0,,Pflegefachkraft,Pflegefachkraft,EXAM|KARDIO_MONITORING,0.6,23.1,5544,5544,4990,6098,5,2,2,8,1,1,Pflegefachkraft,0,0.0,536,32,30,8,8,1,5321,0,URLAUB,,,,,0,,0,,5,4,4,1,2128,1,4,4,3,1,1862,1,3,2,3,0,1330,0,ST-GER1,Normalstation Geriatrie,40,Geriatrie,10.0,20.0,06:00,14:00,450,,13:30,21:30,450,F,21:15,06:15,495,F|S,11,10,8,10,30,45,8,38.5,30,0.15,0,2.0.0,20261164
PK-007,2026-11-26,history,-4,Donnerstag,4,48,0,0,,Pflegefachkraft,Pflegefachkraft,EXAM|PRAXISANLEITUNG|KARDIO_MONITORING,0.75,28.88,6931,6931,6238,7624,5,2,2,8,1,1,Pflegefachkraft,0,0.0,716,32,30,8,8,1,5321,1,,,,,,0,,0,,5,4,4,1,2128,1,4,4,3,1,1862,1,3,2,3,0,1330,0,ST-GER1,Normalstation Geriatrie,40,Geriatrie,10.0,20.0,06:00,14:00,450,,13:30,21:30,450,F,21:15,06:15,495,F|S,11,10,8,10,30,45,8,38.5,30,0.15,0,2.0.0,20261164
PK-008,2026-11-26,history,-4,Donnerstag,4,48,0,0,,Pflegefachkraft,Pflegefachkraft,EXAM,1.0,38.5,9240,9240,8316,10164,5,2,2,8,1,1,Pflegefachkraft,0,0.0,-2580,32,30,8,8,1,5321,1,,,,,N,0,,0,,5,4,4,1,2128,1,4,4,3,1,1862,1,3,2,3,0,1330,0,ST-GER1,Normalstation Geriatrie,40,Geriatrie,10.0,20.0,06:00,14:00,450,,13:30,21:30,450,F,21:15,06:15,495,F|S,11,10,8,10,30,45,8,38.5,30,0.15,0,2.0.0,20261164
PK-009,2026-11-26,history,-4,Donnerstag,4,48,0,0,,Pflegefachkraft,Pflegefachkraft,EXAM,1.0,38.5,9240,9240,8316,10164,5,2,2,8,1,1,Pflegefachkraft,0,0.0,-2130,32,30,8,8,1,5321,1,,,,,S,0,,0,,5,4,4,1,2128,1,4,4,3,1,1862,1,3,2,3,0,1330,0,ST-GER1,Normalstation Geriatrie,40,Geriatrie,10.0,20.0,06:00,14:00,450,,13:30,21:30,450,F,21:15,06:15,495,F|S,11,10,8,10,30,45,8,38.5,30,0.15,0,2.0.0,20261164
PK-010,2026-11-26,history,-4,Donnerstag,4,48,0,0,,Pflegefachkraft,Pflegefachkraft,EXAM,0.6,23.1,5544,5544,4990,6098,5,2,2,8,1,1,Pflegefachkraft,0,0.0,-1404,32,30,8,8,1,5321,1,,,,,F,0,,0,,5,4,4,1,2128,1,4,4,3,1,1862,1,3,2,3,0,1330,0,ST-GER1,Normalstation Geriatrie,40,Geriatrie,10.0,20.0,06:00,14:00,450,,13:30,21:30,450,F,21:15,06:15,495,F|S,11,10,8,10,30,45,8,38.5,30,0.15,0,2.0.0,20261164
PK-011,2026-11-26,history,-4,Donnerstag,4,48,0,0,,Pflegefachkraft,Pflegefachkraft,EXAM,1.0,38.5,9240,9240,8316,10164,5,2,2,8,1,1,Pflegefachkraft,0,0.0,-2130,32,30,8,8,1,5321,1,,,,,N,0,,0,,5,4,4,1,2128,1,4,4,3,1,1862,1,3,2,3,0,1330,0,ST-GER1,Normalstation Geriatrie,40,Geriatrie,10.0,20.0,06:00,14:00,450,,13:30,21:30,450,F,21:15,06:15,495,F|S,11,10,8,10,30,45,8,38.5,30,0.15,0,2.0.0,20261164
PK-012,2026-11-26,history,-4,Donnerstag,4,48,0,0,,Pflegefachkraft,Pflegefachkraft,EXAM|KARDIO_MONITORING,1.0,38.5,9240,9240,8316,10164,5,2,2,8,1,1,Pflegefachkraft,0,0.0,-2265,32,30,8,8,1,5321,1,,,,,,0,,0,,5,4,4,1,2128,1,4,4,3,1,1862,1,3,2,3,0,1330,0,ST-GER1,Normalstation Geriatrie,40,Geriatrie,10.0,20.0,06:00,14:00,450,,13:30,21:30,450,F,21:15,06:15,495,F|S,11,10,8,10,30,45,8,38.5,30,0.15,0,2.0.0,20261164
PK-013,2026-11-26,history,-4,Donnerstag,4,48,0,0,,Pflegefachkraft,Pflegefachkraft,EXAM,1.0,38.5,9240,9240,8316,10164,5,2,2,8,1,1,Pflegefachkraft,0,0.0,-2310,32,30,8,8,1,5321,1,,,,,,0,,0,,5,4,4,1,2128,1,4,4,3,1,1862,1,3,2,3,0,1330,0,ST-GER1,Normalstation Geriatrie,40,Geriatrie,10.0,20.0,06:00,14:00,450,,13:30,21:30,450,F,21:15,06:15,495,F|S,11,10,8,10,30,45,8,38.5,30,0.15,0,2.0.0,20261164
PK-014,2026-11-26,history,-4,Donnerstag,4,48,0,0,,Pflegefachkraft,Pflegefachkraft,EXAM,0.8,30.8,7392,7392,6653,8131,5,2,2,8,1,1,Pflegefachkraft,0,0.0,-1542,32,30,8,8,1,5321,1,,,,,S,0,,0,,5,4,4,1,2128,1,4,4,3,1,1862,1,3,2,3,0,1330,0,ST-GER1,Normalstation Geriatrie,40,Geriatrie,10.0,20.0,06:00,14:00,450,,13:30,21:30,450,F,21:15,06:15,495,F|S,11,10,8,10,30,45,8,38.5,30,0.15,0,2.0.0,20261164
PK-015,2026-11-26,history,-4,Donnerstag,4,48,0,0,,Pflegefachkraft,Pflegefachkraft,EXAM,0.6,23.1,5544,5544,4990,6098,5,2,2,8,1,1,Pflegefachkraft,0,0.0,-1404,32,30,8,8,1,5321,1,,,,,S,0,,0,,5,4,4,1,2128,1,4,4,3,1,1862,1,3,2,3,0,1330,0,ST-GER1,Normalstation Geriatrie,40,Geriatrie,10.0,20.0,06:00,14:00,450,,13:30,21:30,450,F,21:15,06:15,495,F|S,11,10,8,10,30,45,8,38.5,30,0.15,0,2.0.0,20261164
PK-016,2026-11-26,history,-4,Donnerstag,4,48,0,0,,Pflegefachkraft,Pflegefachkraft,EXAM,0.75,28.88,6931,6931,6238,7624,5,2,2,8,1,1,Pflegefachkraft,0,0.0,-1485,32,30,8,8,1,5321,1,,,,,F,0,,0,,5,4,4,1,2128,1,4,4,3,1,1862,1,3,2,3,0,1330,0,ST-GER1,Normalstation Geriatrie,40,Geriatrie,10.0,20.0,06:00,14:00,450,,13:30,21:30,450,F,21:15,06:15,495,F|S,11,10,8,10,30,45,8,38.5,30,0.15,0,2.0.0,20261164
PK-017,2026-11-26,history,-4,Donnerstag,4,48,0,0,,Pflegefachkraft,Pflegefachkraft,EXAM,0.7,26.95,6468,6468,5821,7115,5,2,2,8,1,1,Pflegefachkraft,0,0.0,-1473,32,30,8,8,1,5321,1,,,,,,0,,0,,5,4,4,1,2128,1,4,4,3,1,1862,1,3,2,3,0,1330,0,ST-GER1,Normalstation Geriatrie,40,Geriatrie,10.0,20.0,06:00,14:00,450,,13:30,21:30,450,F,21:15,06:15,495,F|S,11,10,8,10,30,45,8,38.5,30,0.15,0,2.0.0,20261164
PK-018,2026-11-26,history,-4,Donnerstag,4,48,0,0,,Pflegefachkraft,Pflegefachkraft,EXAM|PRAXISANLEITUNG|KARDIO_MONITORING,0.9,34.65,8316,8316,7484,9148,5,2,2,8,1,1,Pflegefachkraft,0,0.0,-1971,32,30,8,8,1,5321,1,,,,,F,0,,0,,5,4,4,1,2128,1,4,4,3,1,1862,1,3,2,3,0,1330,0,ST-GER1,Normalstation Geriatrie,40,Geriatrie,10.0,20.0,06:00,14:00,450,,13:30,21:30,450,F,21:15,06:15,495,F|S,11,10,8,10,30,45,8,38.5,30,0.15,0,2.0.0,20261164
PK-019,2026-11-26,history,-4,Donnerstag,4,48,0,0,,Pflegefachkraft,Pflegefachkraft,EXAM,0.8,30.8,7392,7392,6653,8131,5,2,2,8,1,1,Pflegefachkraft,0,0.0,-1902,32,30,8,8,1,5321,1,,,,,,0,,0,,5,4,4,1,2128,1,4,4,3,1,1862,1,3,2,3,0,1330,0,ST-GER1,Normalstation Geriatrie,40,Geriatrie,10.0,20.0,06:00,14:00,450,,13:30,21:30,450,F,21:15,06:15,495,F|S,11,10,8,10,30,45,8,38.5,30,0.15,0,2.0.0,20261164
PK-020,2026-11-26,history,-4,Donnerstag,4,48,0,0,,Pflegefachkraft,Pflegefachkraft,EXAM|KARDIO_MONITORING,0.5,19.25,4620,4620,4158,5082,5,2,2,8,1,1,Pflegefachkraft,0,0.0,-930,32,30,8,8,1,5321,1,,,,,,0,,0,,5,4,4,1,2128,1,4,4,3,1,1862,1,3,2,3,0,1330,0,ST-GER1,Normalstation Geriatrie,40,Geriatrie,10.0,20.0,06:00,14:00,450,,13:30,21:30,450,F,21:15,06:15,495,F|S,11,10,8,10,30,45,8,38.5,30,0.15,0,2.0.0,20261164
PK-021,2026-11-26,history,-4,Donnerstag,4,48,0,0,,Pflegefachkraft,Pflegefachkraft,EXAM,0.8,30.8,7392,7392,6653,8131,5,2,2,8,1,1,Pflegefachkraft,0,0.0,-1722,32,30,8,8,1,5321,1,,,,,N,0,,0,,5,4,4,1,2128,1,4,4,3,1,1862,1,3,2,3,0,1330,0,ST-GER1,Normalstation Geriatrie,40,Geriatrie,10.0,20.0,06:00,14:00,450,,13:30,21:30,450,F,21:15,06:15,495,F|S,11,10,8,10,30,45,8,38.5,30,0.15,0,2.0.0,20261164
PK-022,2026-11-26,history,-4,Donnerstag,4,48,0,0,,Pflegefachkraft,Pflegefachkraft,EXAM|PRAXISANLEITUNG|KARDIO_MONITORING,0.5,19.25,4620,4620,4158,5082,5,2,2,8,1,1,Pflegefachkraft,0,0.0,-930,32,30,8,8,1,5321,1,,,,,,0,,0,,5,4,4,1,2128,1,4,4,3,1,1862,1,3,2,3,0,1330,0,ST-GER1,Normalstation Geriatrie,40,Geriatrie,10.0,20.0,06:00,14:00,450,,13:30,21:30,450,F,21:15,06:15,495,F|S,11,10,8,10,30,45,8,38.5,30,0.15,0,2.0.0,20261164
AZ-001,2026-11-27,history,-3,Freitag,5,48,0,0,,Auszubildende_r_3_Ausbildungsjahr,Auszubildende,AUSZUBILDEND,1.0,38.5,9240,9240,8316,10164,5,2,2,8,1,0,nicht anrechenbar,0,0.0,-9240,28,28,4,1,0,4717,1,,,,,,0,,0,,4,3,3,1,1887,1,4,3,3,1,1651,1,2,2,2,0,1179,0,ST-GER1,Normalstation Geriatrie,40,Geriatrie,10.0,20.0,06:00,14:00,450,,13:30,21:30,450,F,21:15,06:15,495,F|S,11,10,8,10,30,45,8,38.5,30,0.15,0,2.0.0,20261164
AZ-002,2026-11-27,history,-3,Freitag,5,48,0,0,,Auszubildende_r_2_Ausbildungsjahr,Auszubildende,AUSZUBILDEND,1.0,38.5,9240,9240,8316,10164,5,2,2,8,1,0,nicht anrechenbar,0,0.0,-9240,28,28,4,1,0,4717,1,,,,,,0,,0,,4,3,3,1,1887,1,4,3,3,1,1651,1,2,2,2,0,1179,0,ST-GER1,Normalstation Geriatrie,40,Geriatrie,10.0,20.0,06:00,14:00,450,,13:30,21:30,450,F,21:15,06:15,495,F|S,11,10,8,10,30,45,8,38.5,30,0.15,0,2.0.0,20261164
AZ-003,2026-11-27,history,-3,Freitag,5,48,0,0,,Auszubildende_r_1_Ausbildungsjahr,Auszubildende,AUSZUBILDEND,1.0,38.5,9240,9240,8316,10164,5,2,2,0,0,0,nicht anrechenbar,0,0.0,-9240,28,28,4,1,0,4717,1,,,,,,0,,0,,4,3,3,1,1887,1,4,3,3,1,1651,1,2,2,2,0,1179,0,ST-GER1,Normalstation Geriatrie,40,Geriatrie,10.0,20.0,06:00,14:00,450,,13:30,21:30,450,F,21:15,06:15,495,F|S,11,10,8,10,30,45,8,38.5,30,0.15,0,2.0.0,20261164
PH-001,2026-11-27,history,-3,Freitag,5,48,0,0,,Pflegehilfskraft,Pflegehilfskraft,PFLEGEHILFE,0.75,28.88,6931,6931,6238,7624,5,2,2,0,0,1,Pflegehilfskraft,0,0.0,-1530,28,28,4,1,0,4717,1,,,,,,0,,0,,4,3,3,1,1887,1,4,3,3,1,1651,1,2,2,2,0,1179,0,ST-GER1,Normalstation Geriatrie,40,Geriatrie,10.0,20.0,06:00,14:00,450,,13:30,21:30,450,F,21:15,06:15,495,F|S,11,10,8,10,30,45,8,38.5,30,0.15,0,2.0.0,20261164
PH-002,2026-11-27,history,-3,Freitag,5,48,0,0,,Pflegehilfskraft,Pflegehilfskraft,PFLEGEHILFE,0.75,28.88,6931,6931,6238,7624,5,2,2,0,0,1,Pflegehilfskraft,0,0.0,-1530,28,28,4,1,0,4717,1,,,,,,0,,0,,4,3,3,1,1887,1,4,3,3,1,1651,1,2,2,2,0,1179,0,ST-GER1,Normalstation Geriatrie,40,Geriatrie,10.0,20.0,06:00,14:00,450,,13:30,21:30,450,F,21:15,06:15,495,F|S,11,10,8,10,30,45,8,38.5,30,0.15,0,2.0.0,20261164
PH-003,2026-11-27,history,-3,Freitag,5,48,0,0,,Pflegehilfskraft,Pflegehilfskraft,PFLEGEHILFE,0.5,19.25,4620,4620,4158,5082,5,2,2,0,0,1,Pflegehilfskraft,0,0.0,-1020,28,28,4,1,0,4717,1,,,,,F,0,,0,,4,3,3,1,1887,1,4,3,3,1,1651,1,2,2,2,0,1179,0,ST-GER1,Normalstation Geriatrie,40,Geriatrie,10.0,20.0,06:00,14:00,450,,13:30,21:30,450,F,21:15,06:15,495,F|S,11,10,8,10,30,45,8,38.5,30,0.15,0,2.0.0,20261164
PK-001,2026-11-27,history,-3,Freitag,5,48,0,0,,Stationsleitung,Pflegefachkraft,EXAM|LEITUNG|PRAXISANLEITUNG,1.0,38.5,9240,4620,4158,5082,5,2,2,0,0,1,Pflegefachkraft,1,0.5,4464,28,28,4,1,0,4717,0,URLAUB,,,,,0,,0,,4,3,3,1,1887,1,4,3,3,1,1651,1,2,2,2,0,1179,0,ST-GER1,Normalstation Geriatrie,40,Geriatrie,10.0,20.0,06:00,14:00,450,,13:30,21:30,450,F,21:15,06:15,495,F|S,11,10,8,10,30,45,8,38.5,30,0.15,0,2.0.0,20261164
PK-002,2026-11-27,history,-3,Freitag,5,48,0,0,,Pflegefachkraft,Pflegefachkraft,EXAM|KARDIO_MONITORING,1.0,38.5,9240,9240,8316,10164,5,2,2,8,1,1,Pflegefachkraft,0,0.0,-2310,28,28,4,1,0,4717,1,,,,,F,0,,0,,4,3,3,1,1887,1,4,3,3,1,1651,1,2,2,2,0,1179,0,ST-GER1,Normalstation Geriatrie,40,Geriatrie,10.0,20.0,06:00,14:00,450,,13:30,21:30,450,F,21:15,06:15,495,F|S,11,10,8,10,30,45,8,38.5,30,0.15,0,2.0.0,20261164
PK-003,2026-11-27,history,-3,Freitag,5,48,0,0,,Pflegefachkraft,Pflegefachkraft,EXAM|PRAXISANLEITUNG|KARDIO_MONITORING,1.0,38.5,9240,9240,8316,10164,5,2,2,8,1,1,Pflegefachkraft,0,0.0,-2265,28,28,4,1,0,4717,1,,,,,,0,,0,,4,3,3,1,1887,1,4,3,3,1,1651,1,2,2,2,0,1179,0,ST-GER1,Normalstation Geriatrie,40,Geriatrie,10.0,20.0,06:00,14:00,450,,13:30,21:30,450,F,21:15,06:15,495,F|S,11,10,8,10,30,45,8,38.5,30,0.15,0,2.0.0,20261164
PK-004,2026-11-27,history,-3,Freitag,5,48,0,0,,Pflegefachkraft,Pflegefachkraft,EXAM,0.7,26.95,6468,6468,5821,7115,5,2,2,8,1,1,Pflegefachkraft,0,0.0,-1518,28,28,4,1,0,4717,1,,,,,S,0,,0,,4,3,3,1,1887,1,4,3,3,1,1651,1,2,2,2,0,1179,0,ST-GER1,Normalstation Geriatrie,40,Geriatrie,10.0,20.0,06:00,14:00,450,,13:30,21:30,450,F,21:15,06:15,495,F|S,11,10,8,10,30,45,8,38.5,30,0.15,0,2.0.0,20261164
PK-005,2026-11-27,history,-3,Freitag,5,48,0,0,,Pflegefachkraft,Pflegefachkraft,EXAM|PRAXISANLEITUNG,1.0,38.5,9240,9240,8316,10164,5,2,2,8,1,1,Pflegefachkraft,0,0.0,-2400,28,28,4,1,0,4717,1,,,,,S,0,,0,,4,3,3,1,1887,1,4,3,3,1,1651,1,2,2,2,0,1179,0,ST-GER1,Normalstation Geriatrie,40,Geriatrie,10.0,20.0,06:00,14:00,450,,13:30,21:30,450,F,21:15,06:15,495,F|S,11,10,8,10,30,45,8,38.5,30,0.15,0,2.0.0,20261164
PK-006,2026-11-27,history,-3,Freitag,5,48,0,0,,Pflegefachkraft,Pflegefachkraft,EXAM|KARDIO_MONITORING,0.6,23.1,5544,5544,4990,6098,5,2,2,8,1,1,Pflegefachkraft,0,0.0,536,28,28,4,1,0,4717,0,URLAUB,,,,,0,,0,,4,3,3,1,1887,1,4,3,3,1,1651,1,2,2,2,0,1179,0,ST-GER1,Normalstation Geriatrie,40,Geriatrie,10.0,20.0,06:00,14:00,450,,13:30,21:30,450,F,21:15,06:15,495,F|S,11,10,8,10,30,45,8,38.5,30,0.15,0,2.0.0,20261164
PK-007,2026-11-27,history,-3,Freitag,5,48,0,0,,Pflegefachkraft,Pflegefachkraft,EXAM|PRAXISANLEITUNG|KARDIO_MONITORING,0.75,28.88,6931,6931,6238,7624,5,2,2,8,1,1,Pflegefachkraft,0,0.0,716,28,28,4,1,0,4717,1,,,,,F,0,,0,,4,3,3,1,1887,1,4,3,3,1,1651,1,2,2,2,0,1179,0,ST-GER1,Normalstation Geriatrie,40,Geriatrie,10.0,20.0,06:00,14:00,450,,13:30,21:30,450,F,21:15,06:15,495,F|S,11,10,8,10,30,45,8,38.5,30,0.15,0,2.0.0,20261164
PK-008,2026-11-27,history,-3,Freitag,5,48,0,0,,Pflegefachkraft,Pflegefachkraft,EXAM,1.0,38.5,9240,9240,8316,10164,5,2,2,8,1,1,Pflegefachkraft,0,0.0,-2580,28,28,4,1,0,4717,1,,,,,,0,,0,,4,3,3,1,1887,1,4,3,3,1,1651,1,2,2,2,0,1179,0,ST-GER1,Normalstation Geriatrie,40,Geriatrie,10.0,20.0,06:00,14:00,450,,13:30,21:30,450,F,21:15,06:15,495,F|S,11,10,8,10,30,45,8,38.5,30,0.15,0,2.0.0,20261164
PK-009,2026-11-27,history,-3,Freitag,5,48,0,0,,Pflegefachkraft,Pflegefachkraft,EXAM,1.0,38.5,9240,9240,8316,10164,5,2,2,8,1,1,Pflegefachkraft,0,0.0,-2130,28,28,4,1,0,4717,1,,,,,,0,,0,,4,3,3,1,1887,1,4,3,3,1,1651,1,2,2,2,0,1179,0,ST-GER1,Normalstation Geriatrie,40,Geriatrie,10.0,20.0,06:00,14:00,450,,13:30,21:30,450,F,21:15,06:15,495,F|S,11,10,8,10,30,45,8,38.5,30,0.15,0,2.0.0,20261164
PK-010,2026-11-27,history,-3,Freitag,5,48,0,0,,Pflegefachkraft,Pflegefachkraft,EXAM,0.6,23.1,5544,5544,4990,6098,5,2,2,8,1,1,Pflegefachkraft,0,0.0,-1404,28,28,4,1,0,4717,1,,,,,,0,,0,,4,3,3,1,1887,1,4,3,3,1,1651,1,2,2,2,0,1179,0,ST-GER1,Normalstation Geriatrie,40,Geriatrie,10.0,20.0,06:00,14:00,450,,13:30,21:30,450,F,21:15,06:15,495,F|S,11,10,8,10,30,45,8,38.5,30,0.15,0,2.0.0,20261164
PK-011,2026-11-27,history,-3,Freitag,5,48,0,0,,Pflegefachkraft,Pflegefachkraft,EXAM,1.0,38.5,9240,9240,8316,10164,5,2,2,8,1,1,Pflegefachkraft,0,0.0,-2130,28,28,4,1,0,4717,1,,,,,,0,,0,,4,3,3,1,1887,1,4,3,3,1,1651,1,2,2,2,0,1179,0,ST-GER1,Normalstation Geriatrie,40,Geriatrie,10.0,20.0,06:00,14:00,450,,13:30,21:30,450,F,21:15,06:15,495,F|S,11,10,8,10,30,45,8,38.5,30,0.15,0,2.0.0,20261164
PK-012,2026-11-27,history,-3,Freitag,5,48,0,0,,Pflegefachkraft,Pflegefachkraft,EXAM|KARDIO_MONITORING,1.0,38.5,9240,9240,8316,10164,5,2,2,8,1,1,Pflegefachkraft,0,0.0,-2265,28,28,4,1,0,4717,1,,,,,N,0,,0,,4,3,3,1,1887,1,4,3,3,1,1651,1,2,2,2,0,1179,0,ST-GER1,Normalstation Geriatrie,40,Geriatrie,10.0,20.0,06:00,14:00,450,,13:30,21:30,450,F,21:15,06:15,495,F|S,11,10,8,10,30,45,8,38.5,30,0.15,0,2.0.0,20261164
PK-013,2026-11-27,history,-3,Freitag,5,48,0,0,,Pflegefachkraft,Pflegefachkraft,EXAM,1.0,38.5,9240,9240,8316,10164,5,2,2,8,1,1,Pflegefachkraft,0,0.0,-2310,28,28,4,1,0,4717,1,,,,,N,0,,0,,4,3,3,1,1887,1,4,3,3,1,1651,1,2,2,2,0,1179,0,ST-GER1,Normalstation Geriatrie,40,Geriatrie,10.0,20.0,06:00,14:00,450,,13:30,21:30,450,F,21:15,06:15,495,F|S,11,10,8,10,30,45,8,38.5,30,0.15,0,2.0.0,20261164
PK-014,2026-11-27,history,-3,Freitag,5,48,0,0,,Pflegefachkraft,Pflegefachkraft,EXAM,0.8,30.8,7392,7392,6653,8131,5,2,2,8,1,1,Pflegefachkraft,0,0.0,-1542,28,28,4,1,0,4717,1,,,,,,0,,0,,4,3,3,1,1887,1,4,3,3,1,1651,1,2,2,2,0,1179,0,ST-GER1,Normalstation Geriatrie,40,Geriatrie,10.0,20.0,06:00,14:00,450,,13:30,21:30,450,F,21:15,06:15,495,F|S,11,10,8,10,30,45,8,38.5,30,0.15,0,2.0.0,20261164
PK-015,2026-11-27,history,-3,Freitag,5,48,0,0,,Pflegefachkraft,Pflegefachkraft,EXAM,0.6,23.1,5544,5544,4990,6098,5,2,2,8,1,1,Pflegefachkraft,0,0.0,-1404,28,28,4,1,0,4717,1,,,,,,0,,0,,4,3,3,1,1887,1,4,3,3,1,1651,1,2,2,2,0,1179,0,ST-GER1,Normalstation Geriatrie,40,Geriatrie,10.0,20.0,06:00,14:00,450,,13:30,21:30,450,F,21:15,06:15,495,F|S,11,10,8,10,30,45,8,38.5,30,0.15,0,2.0.0,20261164
PK-016,2026-11-27,history,-3,Freitag,5,48,0,0,,Pflegefachkraft,Pflegefachkraft,EXAM,0.75,28.88,6931,6931,6238,7624,5,2,2,8,1,1,Pflegefachkraft,0,0.0,-1485,28,28,4,1,0,4717,1,,,,,,0,,0,,4,3,3,1,1887,1,4,3,3,1,1651,1,2,2,2,0,1179,0,ST-GER1,Normalstation Geriatrie,40,Geriatrie,10.0,20.0,06:00,14:00,450,,13:30,21:30,450,F,21:15,06:15,495,F|S,11,10,8,10,30,45,8,38.5,30,0.15,0,2.0.0,20261164
PK-017,2026-11-27,history,-3,Freitag,5,48,0,0,,Pflegefachkraft,Pflegefachkraft,EXAM,0.7,26.95,6468,6468,5821,7115,5,2,2,8,1,1,Pflegefachkraft,0,0.0,-1473,28,28,4,1,0,4717,1,,,,,,0,,0,,4,3,3,1,1887,1,4,3,3,1,1651,1,2,2,2,0,1179,0,ST-GER1,Normalstation Geriatrie,40,Geriatrie,10.0,20.0,06:00,14:00,450,,13:30,21:30,450,F,21:15,06:15,495,F|S,11,10,8,10,30,45,8,38.5,30,0.15,0,2.0.0,20261164
PK-018,2026-11-27,history,-3,Freitag,5,48,0,0,,Pflegefachkraft,Pflegefachkraft,EXAM|PRAXISANLEITUNG|KARDIO_MONITORING,0.9,34.65,8316,8316,7484,9148,5,2,2,8,1,1,Pflegefachkraft,0,0.0,-1971,28,28,4,1,0,4717,1,,,,,,0,,0,,4,3,3,1,1887,1,4,3,3,1,1651,1,2,2,2,0,1179,0,ST-GER1,Normalstation Geriatrie,40,Geriatrie,10.0,20.0,06:00,14:00,450,,13:30,21:30,450,F,21:15,06:15,495,F|S,11,10,8,10,30,45,8,38.5,30,0.15,0,2.0.0,20261164
PK-019,2026-11-27,history,-3,Freitag,5,48,0,0,,Pflegefachkraft,Pflegefachkraft,EXAM,0.8,30.8,7392,7392,6653,8131,5,2,2,8,1,1,Pflegefachkraft,0,0.0,-1902,28,28,4,1,0,4717,1,,,,,F,0,,0,,4,3,3,1,1887,1,4,3,3,1,1651,1,2,2,2,0,1179,0,ST-GER1,Normalstation Geriatrie,40,Geriatrie,10.0,20.0,06:00,14:00,450,,13:30,21:30,450,F,21:15,06:15,495,F|S,11,10,8,10,30,45,8,38.5,30,0.15,0,2.0.0,20261164
PK-020,2026-11-27,history,-3,Freitag,5,48,0,0,,Pflegefachkraft,Pflegefachkraft,EXAM|KARDIO_MONITORING,0.5,19.25,4620,4620,4158,5082,5,2,2,8,1,1,Pflegefachkraft,0,0.0,-930,28,28,4,1,0,4717,1,,,,,S,0,,0,,4,3,3,1,1887,1,4,3,3,1,1651,1,2,2,2,0,1179,0,ST-GER1,Normalstation Geriatrie,40,Geriatrie,10.0,20.0,06:00,14:00,450,,13:30,21:30,450,F,21:15,06:15,495,F|S,11,10,8,10,30,45,8,38.5,30,0.15,0,2.0.0,20261164
PK-021,2026-11-27,history,-3,Freitag,5,48,0,0,,Pflegefachkraft,Pflegefachkraft,EXAM,0.8,30.8,7392,7392,6653,8131,5,2,2,8,1,1,Pflegefachkraft,0,0.0,-1722,28,28,4,1,0,4717,1,,,,,,0,,0,,4,3,3,1,1887,1,4,3,3,1,1651,1,2,2,2,0,1179,0,ST-GER1,Normalstation Geriatrie,40,Geriatrie,10.0,20.0,06:00,14:00,450,,13:30,21:30,450,F,21:15,06:15,495,F|S,11,10,8,10,30,45,8,38.5,30,0.15,0,2.0.0,20261164
PK-022,2026-11-27,history,-3,Freitag,5,48,0,0,,Pflegefachkraft,Pflegefachkraft,EXAM|PRAXISANLEITUNG|KARDIO_MONITORING,0.5,19.25,4620,4620,4158,5082,5,2,2,8,1,1,Pflegefachkraft,0,0.0,-930,28,28,4,1,0,4717,1,,,,,S,0,,0,,4,3,3,1,1887,1,4,3,3,1,1651,1,2,2,2,0,1179,0,ST-GER1,Normalstation Geriatrie,40,Geriatrie,10.0,20.0,06:00,14:00,450,,13:30,21:30,450,F,21:15,06:15,495,F|S,11,10,8,10,30,45,8,38.5,30,0.15,0,2.0.0,20261164
AZ-001,2026-11-28,history,-2,Samstag,6,48,1,0,,Auszubildende_r_3_Ausbildungsjahr,Auszubildende,AUSZUBILDEND,1.0,38.5,9240,9240,8316,10164,5,2,2,8,1,0,nicht anrechenbar,0,0.0,-9240,26,26,6,1,0,4579,1,,,,,,0,,0,,4,3,3,1,1832,1,4,3,3,1,1603,1,2,2,2,0,1145,0,ST-GER1,Normalstation Geriatrie,40,Geriatrie,10.0,20.0,06:00,14:00,450,,13:30,21:30,450,F,21:15,06:15,495,F|S,11,10,8,10,30,45,8,38.5,30,0.15,0,2.0.0,20261164
AZ-002,2026-11-28,history,-2,Samstag,6,48,1,0,,Auszubildende_r_2_Ausbildungsjahr,Auszubildende,AUSZUBILDEND,1.0,38.5,9240,9240,8316,10164,5,2,2,8,1,0,nicht anrechenbar,0,0.0,-9240,26,26,6,1,0,4579,1,,,,,,0,,0,,4,3,3,1,1832,1,4,3,3,1,1603,1,2,2,2,0,1145,0,ST-GER1,Normalstation Geriatrie,40,Geriatrie,10.0,20.0,06:00,14:00,450,,13:30,21:30,450,F,21:15,06:15,495,F|S,11,10,8,10,30,45,8,38.5,30,0.15,0,2.0.0,20261164
AZ-003,2026-11-28,history,-2,Samstag,6,48,1,0,,Auszubildende_r_1_Ausbildungsjahr,Auszubildende,AUSZUBILDEND,1.0,38.5,9240,9240,8316,10164,5,2,2,0,0,0,nicht anrechenbar,0,0.0,-9240,26,26,6,1,0,4579,1,,,,,,0,,0,,4,3,3,1,1832,1,4,3,3,1,1603,1,2,2,2,0,1145,0,ST-GER1,Normalstation Geriatrie,40,Geriatrie,10.0,20.0,06:00,14:00,450,,13:30,21:30,450,F,21:15,06:15,495,F|S,11,10,8,10,30,45,8,38.5,30,0.15,0,2.0.0,20261164
PH-001,2026-11-28,history,-2,Samstag,6,48,1,0,,Pflegehilfskraft,Pflegehilfskraft,PFLEGEHILFE,0.75,28.88,6931,6931,6238,7624,5,2,2,0,0,1,Pflegehilfskraft,0,0.0,-1530,26,26,6,1,0,4579,1,,,,,S,0,,0,,4,3,3,1,1832,1,4,3,3,1,1603,1,2,2,2,0,1145,0,ST-GER1,Normalstation Geriatrie,40,Geriatrie,10.0,20.0,06:00,14:00,450,,13:30,21:30,450,F,21:15,06:15,495,F|S,11,10,8,10,30,45,8,38.5,30,0.15,0,2.0.0,20261164
PH-002,2026-11-28,history,-2,Samstag,6,48,1,0,,Pflegehilfskraft,Pflegehilfskraft,PFLEGEHILFE,0.75,28.88,6931,6931,6238,7624,5,2,2,0,0,1,Pflegehilfskraft,0,0.0,-1530,26,26,6,1,0,4579,1,,,,,,0,,0,,4,3,3,1,1832,1,4,3,3,1,1603,1,2,2,2,0,1145,0,ST-GER1,Normalstation Geriatrie,40,Geriatrie,10.0,20.0,06:00,14:00,450,,13:30,21:30,450,F,21:15,06:15,495,F|S,11,10,8,10,30,45,8,38.5,30,0.15,0,2.0.0,20261164
PH-003,2026-11-28,history,-2,Samstag,6,48,1,0,,Pflegehilfskraft,Pflegehilfskraft,PFLEGEHILFE,0.5,19.25,4620,4620,4158,5082,5,2,2,0,0,1,Pflegehilfskraft,0,0.0,-1020,26,26,6,1,0,4579,1,,,,,,0,,0,,4,3,3,1,1832,1,4,3,3,1,1603,1,2,2,2,0,1145,0,ST-GER1,Normalstation Geriatrie,40,Geriatrie,10.0,20.0,06:00,14:00,450,,13:30,21:30,450,F,21:15,06:15,495,F|S,11,10,8,10,30,45,8,38.5,30,0.15,0,2.0.0,20261164
PK-001,2026-11-28,history,-2,Samstag,6,48,1,0,,Stationsleitung,Pflegefachkraft,EXAM|LEITUNG|PRAXISANLEITUNG,1.0,38.5,9240,4620,4158,5082,5,2,2,0,0,1,Pflegefachkraft,1,0.5,4464,26,26,6,1,0,4579,1,,,,,F,0,,0,,4,3,3,1,1832,1,4,3,3,1,1603,1,2,2,2,0,1145,0,ST-GER1,Normalstation Geriatrie,40,Geriatrie,10.0,20.0,06:00,14:00,450,,13:30,21:30,450,F,21:15,06:15,495,F|S,11,10,8,10,30,45,8,38.5,30,0.15,0,2.0.0,20261164
PK-002,2026-11-28,history,-2,Samstag,6,48,1,0,,Pflegefachkraft,Pflegefachkraft,EXAM|KARDIO_MONITORING,1.0,38.5,9240,9240,8316,10164,5,2,2,8,1,1,Pflegefachkraft,0,0.0,-2310,26,26,6,1,0,4579,1,,,,,F,0,,0,,4,3,3,1,1832,1,4,3,3,1,1603,1,2,2,2,0,1145,0,ST-GER1,Normalstation Geriatrie,40,Geriatrie,10.0,20.0,06:00,14:00,450,,13:30,21:30,450,F,21:15,06:15,495,F|S,11,10,8,10,30,45,8,38.5,30,0.15,0,2.0.0,20261164
PK-003,2026-11-28,history,-2,Samstag,6,48,1,0,,Pflegefachkraft,Pflegefachkraft,EXAM|PRAXISANLEITUNG|KARDIO_MONITORING,1.0,38.5,9240,9240,8316,10164,5,2,2,8,1,1,Pflegefachkraft,0,0.0,-2265,26,26,6,1,0,4579,1,,,,,S,0,,0,,4,3,3,1,1832,1,4,3,3,1,1603,1,2,2,2,0,1145,0,ST-GER1,Normalstation Geriatrie,40,Geriatrie,10.0,20.0,06:00,14:00,450,,13:30,21:30,450,F,21:15,06:15,495,F|S,11,10,8,10,30,45,8,38.5,30,0.15,0,2.0.0,20261164
PK-004,2026-11-28,history,-2,Samstag,6,48,1,0,,Pflegefachkraft,Pflegefachkraft,EXAM,0.7,26.95,6468,6468,5821,7115,5,2,2,8,1,1,Pflegefachkraft,0,0.0,-1518,26,26,6,1,0,4579,1,,,,,,0,,0,,4,3,3,1,1832,1,4,3,3,1,1603,1,2,2,2,0,1145,0,ST-GER1,Normalstation Geriatrie,40,Geriatrie,10.0,20.0,06:00,14:00,450,,13:30,21:30,450,F,21:15,06:15,495,F|S,11,10,8,10,30,45,8,38.5,30,0.15,0,2.0.0,20261164
PK-005,2026-11-28,history,-2,Samstag,6,48,1,0,,Pflegefachkraft,Pflegefachkraft,EXAM|PRAXISANLEITUNG,1.0,38.5,9240,9240,8316,10164,5,2,2,8,1,1,Pflegefachkraft,0,0.0,-2400,26,26,6,1,0,4579,1,,,,,,0,,0,,4,3,3,1,1832,1,4,3,3,1,1603,1,2,2,2,0,1145,0,ST-GER1,Normalstation Geriatrie,40,Geriatrie,10.0,20.0,06:00,14:00,450,,13:30,21:30,450,F,21:15,06:15,495,F|S,11,10,8,10,30,45,8,38.5,30,0.15,0,2.0.0,20261164
PK-006,2026-11-28,history,-2,Samstag,6,48,1,0,,Pflegefachkraft,Pflegefachkraft,EXAM|KARDIO_MONITORING,0.6,23.1,5544,5544,4990,6098,5,2,2,8,1,1,Pflegefachkraft,0,0.0,536,26,26,6,1,0,4579,1,,,,,N,0,,0,,4,3,3,1,1832,1,4,3,3,1,1603,1,2,2,2,0,1145,0,ST-GER1,Normalstation Geriatrie,40,Geriatrie,10.0,20.0,06:00,14:00,450,,13:30,21:30,450,F,21:15,06:15,495,F|S,11,10,8,10,30,45,8,38.5,30,0.15,0,2.0.0,20261164
PK-007,2026-11-28,history,-2,Samstag,6,48,1,0,,Pflegefachkraft,Pflegefachkraft,EXAM|PRAXISANLEITUNG|KARDIO_MONITORING,0.75,28.88,6931,6931,6238,7624,5,2,2,8,1,1,Pflegefachkraft,0,0.0,716,26,26,6,1,0,4579,1,,,,,,0,,0,,4,3,3,1,1832,1,4,3,3,1,1603,1,2,2,2,0,1145,0,ST-GER1,Normalstation Geriatrie,40,Geriatrie,10.0,20.0,06:00,14:00,450,,13:30,21:30,450,F,21:15,06:15,495,F|S,11,10,8,10,30,45,8,38.5,30,0.15,0,2.0.0,20261164
PK-008,2026-11-28,history,-2,Samstag,6,48,1,0,,Pflegefachkraft,Pflegefachkraft,EXAM,1.0,38.5,9240,9240,8316,10164,5,2,2,8,1,1,Pflegefachkraft,0,0.0,-2580,26,26,6,1,0,4579,1,,,,,N,0,,0,,4,3,3,1,1832,1,4,3,3,1,1603,1,2,2,2,0,1145,0,ST-GER1,Normalstation Geriatrie,40,Geriatrie,10.0,20.0,06:00,14:00,450,,13:30,21:30,450,F,21:15,06:15,495,F|S,11,10,8,10,30,45,8,38.5,30,0.15,0,2.0.0,20261164
PK-009,2026-11-28,history,-2,Samstag,6,48,1,0,,Pflegefachkraft,Pflegefachkraft,EXAM,1.0,38.5,9240,9240,8316,10164,5,2,2,8,1,1,Pflegefachkraft,0,0.0,-2130,26,26,6,1,0,4579,1,,,,,,0,,0,,4,3,3,1,1832,1,4,3,3,1,1603,1,2,2,2,0,1145,0,ST-GER1,Normalstation Geriatrie,40,Geriatrie,10.0,20.0,06:00,14:00,450,,13:30,21:30,450,F,21:15,06:15,495,F|S,11,10,8,10,30,45,8,38.5,30,0.15,0,2.0.0,20261164
PK-010,2026-11-28,history,-2,Samstag,6,48,1,0,,Pflegefachkraft,Pflegefachkraft,EXAM,0.6,23.1,5544,5544,4990,6098,5,2,2,8,1,1,Pflegefachkraft,0,0.0,-1404,26,26,6,1,0,4579,1,,,,,,0,,0,,4,3,3,1,1832,1,4,3,3,1,1603,1,2,2,2,0,1145,0,ST-GER1,Normalstation Geriatrie,40,Geriatrie,10.0,20.0,06:00,14:00,450,,13:30,21:30,450,F,21:15,06:15,495,F|S,11,10,8,10,30,45,8,38.5,30,0.15,0,2.0.0,20261164
PK-011,2026-11-28,history,-2,Samstag,6,48,1,0,,Pflegefachkraft,Pflegefachkraft,EXAM,1.0,38.5,9240,9240,8316,10164,5,2,2,8,1,1,Pflegefachkraft,0,0.0,-2130,26,26,6,1,0,4579,1,,,,,F,0,,0,,4,3,3,1,1832,1,4,3,3,1,1603,1,2,2,2,0,1145,0,ST-GER1,Normalstation Geriatrie,40,Geriatrie,10.0,20.0,06:00,14:00,450,,13:30,21:30,450,F,21:15,06:15,495,F|S,11,10,8,10,30,45,8,38.5,30,0.15,0,2.0.0,20261164
PK-012,2026-11-28,history,-2,Samstag,6,48,1,0,,Pflegefachkraft,Pflegefachkraft,EXAM|KARDIO_MONITORING,1.0,38.5,9240,9240,8316,10164,5,2,2,8,1,1,Pflegefachkraft,0,0.0,-2265,26,26,6,1,0,4579,1,,,,,,0,,0,,4,3,3,1,1832,1,4,3,3,1,1603,1,2,2,2,0,1145,0,ST-GER1,Normalstation Geriatrie,40,Geriatrie,10.0,20.0,06:00,14:00,450,,13:30,21:30,450,F,21:15,06:15,495,F|S,11,10,8,10,30,45,8,38.5,30,0.15,0,2.0.0,20261164
PK-013,2026-11-28,history,-2,Samstag,6,48,1,0,,Pflegefachkraft,Pflegefachkraft,EXAM,1.0,38.5,9240,9240,8316,10164,5,2,2,8,1,1,Pflegefachkraft,0,0.0,-2310,26,26,6,1,0,4579,1,,,,,,0,,0,,4,3,3,1,1832,1,4,3,3,1,1603,1,2,2,2,0,1145,0,ST-GER1,Normalstation Geriatrie,40,Geriatrie,10.0,20.0,06:00,14:00,450,,13:30,21:30,450,F,21:15,06:15,495,F|S,11,10,8,10,30,45,8,38.5,30,0.15,0,2.0.0,20261164
PK-014,2026-11-28,history,-2,Samstag,6,48,1,0,,Pflegefachkraft,Pflegefachkraft,EXAM,0.8,30.8,7392,7392,6653,8131,5,2,2,8,1,1,Pflegefachkraft,0,0.0,-1542,26,26,6,1,0,4579,1,,,,,,0,,0,,4,3,3,1,1832,1,4,3,3,1,1603,1,2,2,2,0,1145,0,ST-GER1,Normalstation Geriatrie,40,Geriatrie,10.0,20.0,06:00,14:00,450,,13:30,21:30,450,F,21:15,06:15,495,F|S,11,10,8,10,30,45,8,38.5,30,0.15,0,2.0.0,20261164
PK-015,2026-11-28,history,-2,Samstag,6,48,1,0,,Pflegefachkraft,Pflegefachkraft,EXAM,0.6,23.1,5544,5544,4990,6098,5,2,2,8,1,1,Pflegefachkraft,0,0.0,-1404,26,26,6,1,0,4579,1,,,,,,0,,0,,4,3,3,1,1832,1,4,3,3,1,1603,1,2,2,2,0,1145,0,ST-GER1,Normalstation Geriatrie,40,Geriatrie,10.0,20.0,06:00,14:00,450,,13:30,21:30,450,F,21:15,06:15,495,F|S,11,10,8,10,30,45,8,38.5,30,0.15,0,2.0.0,20261164
PK-016,2026-11-28,history,-2,Samstag,6,48,1,0,,Pflegefachkraft,Pflegefachkraft,EXAM,0.75,28.88,6931,6931,6238,7624,5,2,2,8,1,1,Pflegefachkraft,0,0.0,-1485,26,26,6,1,0,4579,1,,,,,,0,,0,,4,3,3,1,1832,1,4,3,3,1,1603,1,2,2,2,0,1145,0,ST-GER1,Normalstation Geriatrie,40,Geriatrie,10.0,20.0,06:00,14:00,450,,13:30,21:30,450,F,21:15,06:15,495,F|S,11,10,8,10,30,45,8,38.5,30,0.15,0,2.0.0,20261164
PK-017,2026-11-28,history,-2,Samstag,6,48,1,0,,Pflegefachkraft,Pflegefachkraft,EXAM,0.7,26.95,6468,6468,5821,7115,5,2,2,8,1,1,Pflegefachkraft,0,0.0,-1473,26,26,6,1,0,4579,1,,,,,F,0,,0,,4,3,3,1,1832,1,4,3,3,1,1603,1,2,2,2,0,1145,0,ST-GER1,Normalstation Geriatrie,40,Geriatrie,10.0,20.0,06:00,14:00,450,,13:30,21:30,450,F,21:15,06:15,495,F|S,11,10,8,10,30,45,8,38.5,30,0.15,0,2.0.0,20261164
PK-018,2026-11-28,history,-2,Samstag,6,48,1,0,,Pflegefachkraft,Pflegefachkraft,EXAM|PRAXISANLEITUNG|KARDIO_MONITORING,0.9,34.65,8316,8316,7484,9148,5,2,2,8,1,1,Pflegefachkraft,0,0.0,-1971,26,26,6,1,0,4579,1,,,,,S,0,,0,,4,3,3,1,1832,1,4,3,3,1,1603,1,2,2,2,0,1145,0,ST-GER1,Normalstation Geriatrie,40,Geriatrie,10.0,20.0,06:00,14:00,450,,13:30,21:30,450,F,21:15,06:15,495,F|S,11,10,8,10,30,45,8,38.5,30,0.15,0,2.0.0,20261164
PK-019,2026-11-28,history,-2,Samstag,6,48,1,0,,Pflegefachkraft,Pflegefachkraft,EXAM,0.8,30.8,7392,7392,6653,8131,5,2,2,8,1,1,Pflegefachkraft,0,0.0,-1902,26,26,6,1,0,4579,1,,,,,,0,,0,,4,3,3,1,1832,1,4,3,3,1,1603,1,2,2,2,0,1145,0,ST-GER1,Normalstation Geriatrie,40,Geriatrie,10.0,20.0,06:00,14:00,450,,13:30,21:30,450,F,21:15,06:15,495,F|S,11,10,8,10,30,45,8,38.5,30,0.15,0,2.0.0,20261164
PK-020,2026-11-28,history,-2,Samstag,6,48,1,0,,Pflegefachkraft,Pflegefachkraft,EXAM|KARDIO_MONITORING,0.5,19.25,4620,4620,4158,5082,5,2,2,8,1,1,Pflegefachkraft,0,0.0,-930,26,26,6,1,0,4579,1,,,,,,0,,0,,4,3,3,1,1832,1,4,3,3,1,1603,1,2,2,2,0,1145,0,ST-GER1,Normalstation Geriatrie,40,Geriatrie,10.0,20.0,06:00,14:00,450,,13:30,21:30,450,F,21:15,06:15,495,F|S,11,10,8,10,30,45,8,38.5,30,0.15,0,2.0.0,20261164
PK-021,2026-11-28,history,-2,Samstag,6,48,1,0,,Pflegefachkraft,Pflegefachkraft,EXAM,0.8,30.8,7392,7392,6653,8131,5,2,2,8,1,1,Pflegefachkraft,0,0.0,-1722,26,26,6,1,0,4579,1,,,,,S,0,,0,,4,3,3,1,1832,1,4,3,3,1,1603,1,2,2,2,0,1145,0,ST-GER1,Normalstation Geriatrie,40,Geriatrie,10.0,20.0,06:00,14:00,450,,13:30,21:30,450,F,21:15,06:15,495,F|S,11,10,8,10,30,45,8,38.5,30,0.15,0,2.0.0,20261164
PK-022,2026-11-28,history,-2,Samstag,6,48,1,0,,Pflegefachkraft,Pflegefachkraft,EXAM|PRAXISANLEITUNG|KARDIO_MONITORING,0.5,19.25,4620,4620,4158,5082,5,2,2,8,1,1,Pflegefachkraft,0,0.0,-930,26,26,6,1,0,4579,1,,,,,,0,,0,,4,3,3,1,1832,1,4,3,3,1,1603,1,2,2,2,0,1145,0,ST-GER1,Normalstation Geriatrie,40,Geriatrie,10.0,20.0,06:00,14:00,450,,13:30,21:30,450,F,21:15,06:15,495,F|S,11,10,8,10,30,45,8,38.5,30,0.15,0,2.0.0,20261164
AZ-001,2026-11-29,history,-1,Sonntag,7,48,1,0,,Auszubildende_r_3_Ausbildungsjahr,Auszubildende,AUSZUBILDEND,1.0,38.5,9240,9240,8316,10164,5,2,2,8,1,0,nicht anrechenbar,0,0.0,-9240,25,23,3,3,0,4106,1,,,,,,0,,0,,4,3,3,1,1642,1,3,3,2,1,1437,1,2,2,2,0,1026,0,ST-GER1,Normalstation Geriatrie,40,Geriatrie,10.0,20.0,06:00,14:00,450,,13:30,21:30,450,F,21:15,06:15,495,F|S,11,10,8,10,30,45,8,38.5,30,0.15,0,2.0.0,20261164
AZ-002,2026-11-29,history,-1,Sonntag,7,48,1,0,,Auszubildende_r_2_Ausbildungsjahr,Auszubildende,AUSZUBILDEND,1.0,38.5,9240,9240,8316,10164,5,2,2,8,1,0,nicht anrechenbar,0,0.0,-9240,25,23,3,3,0,4106,1,,,,,,0,,0,,4,3,3,1,1642,1,3,3,2,1,1437,1,2,2,2,0,1026,0,ST-GER1,Normalstation Geriatrie,40,Geriatrie,10.0,20.0,06:00,14:00,450,,13:30,21:30,450,F,21:15,06:15,495,F|S,11,10,8,10,30,45,8,38.5,30,0.15,0,2.0.0,20261164
AZ-003,2026-11-29,history,-1,Sonntag,7,48,1,0,,Auszubildende_r_1_Ausbildungsjahr,Auszubildende,AUSZUBILDEND,1.0,38.5,9240,9240,8316,10164,5,2,2,0,0,0,nicht anrechenbar,0,0.0,-9240,25,23,3,3,0,4106,1,,,,,,0,,0,,4,3,3,1,1642,1,3,3,2,1,1437,1,2,2,2,0,1026,0,ST-GER1,Normalstation Geriatrie,40,Geriatrie,10.0,20.0,06:00,14:00,450,,13:30,21:30,450,F,21:15,06:15,495,F|S,11,10,8,10,30,45,8,38.5,30,0.15,0,2.0.0,20261164
PH-001,2026-11-29,history,-1,Sonntag,7,48,1,0,,Pflegehilfskraft,Pflegehilfskraft,PFLEGEHILFE,0.75,28.88,6931,6931,6238,7624,5,2,2,0,0,1,Pflegehilfskraft,0,0.0,-1530,25,23,3,3,0,4106,1,,,,,,0,,0,,4,3,3,1,1642,1,3,3,2,1,1437,1,2,2,2,0,1026,0,ST-GER1,Normalstation Geriatrie,40,Geriatrie,10.0,20.0,06:00,14:00,450,,13:30,21:30,450,F,21:15,06:15,495,F|S,11,10,8,10,30,45,8,38.5,30,0.15,0,2.0.0,20261164
PH-002,2026-11-29,history,-1,Sonntag,7,48,1,0,,Pflegehilfskraft,Pflegehilfskraft,PFLEGEHILFE,0.75,28.88,6931,6931,6238,7624,5,2,2,0,0,1,Pflegehilfskraft,0,0.0,-1530,25,23,3,3,0,4106,1,,,,,F,0,,0,,4,3,3,1,1642,1,3,3,2,1,1437,1,2,2,2,0,1026,0,ST-GER1,Normalstation Geriatrie,40,Geriatrie,10.0,20.0,06:00,14:00,450,,13:30,21:30,450,F,21:15,06:15,495,F|S,11,10,8,10,30,45,8,38.5,30,0.15,0,2.0.0,20261164
PH-003,2026-11-29,history,-1,Sonntag,7,48,1,0,,Pflegehilfskraft,Pflegehilfskraft,PFLEGEHILFE,0.5,19.25,4620,4620,4158,5082,5,2,2,0,0,1,Pflegehilfskraft,0,0.0,-1020,25,23,3,3,0,4106,1,,,,,,0,,0,,4,3,3,1,1642,1,3,3,2,1,1437,1,2,2,2,0,1026,0,ST-GER1,Normalstation Geriatrie,40,Geriatrie,10.0,20.0,06:00,14:00,450,,13:30,21:30,450,F,21:15,06:15,495,F|S,11,10,8,10,30,45,8,38.5,30,0.15,0,2.0.0,20261164
PK-001,2026-11-29,history,-1,Sonntag,7,48,1,0,,Stationsleitung,Pflegefachkraft,EXAM|LEITUNG|PRAXISANLEITUNG,1.0,38.5,9240,4620,4158,5082,5,2,2,0,0,1,Pflegefachkraft,1,0.5,4464,25,23,3,3,0,4106,1,,,,,F,0,,0,,4,3,3,1,1642,1,3,3,2,1,1437,1,2,2,2,0,1026,0,ST-GER1,Normalstation Geriatrie,40,Geriatrie,10.0,20.0,06:00,14:00,450,,13:30,21:30,450,F,21:15,06:15,495,F|S,11,10,8,10,30,45,8,38.5,30,0.15,0,2.0.0,20261164
PK-002,2026-11-29,history,-1,Sonntag,7,48,1,0,,Pflegefachkraft,Pflegefachkraft,EXAM|KARDIO_MONITORING,1.0,38.5,9240,9240,8316,10164,5,2,2,8,1,1,Pflegefachkraft,0,0.0,-2310,25,23,3,3,0,4106,1,,,,,,0,,0,,4,3,3,1,1642,1,3,3,2,1,1437,1,2,2,2,0,1026,0,ST-GER1,Normalstation Geriatrie,40,Geriatrie,10.0,20.0,06:00,14:00,450,,13:30,21:30,450,F,21:15,06:15,495,F|S,11,10,8,10,30,45,8,38.5,30,0.15,0,2.0.0,20261164
PK-003,2026-11-29,history,-1,Sonntag,7,48,1,0,,Pflegefachkraft,Pflegefachkraft,EXAM|PRAXISANLEITUNG|KARDIO_MONITORING,1.0,38.5,9240,9240,8316,10164,5,2,2,8,1,1,Pflegefachkraft,0,0.0,-2265,25,23,3,3,0,4106,1,,,,,,0,,0,,4,3,3,1,1642,1,3,3,2,1,1437,1,2,2,2,0,1026,0,ST-GER1,Normalstation Geriatrie,40,Geriatrie,10.0,20.0,06:00,14:00,450,,13:30,21:30,450,F,21:15,06:15,495,F|S,11,10,8,10,30,45,8,38.5,30,0.15,0,2.0.0,20261164
PK-004,2026-11-29,history,-1,Sonntag,7,48,1,0,,Pflegefachkraft,Pflegefachkraft,EXAM,0.7,26.95,6468,6468,5821,7115,5,2,2,8,1,1,Pflegefachkraft,0,0.0,-1518,25,23,3,3,0,4106,1,,,,,,0,,0,,4,3,3,1,1642,1,3,3,2,1,1437,1,2,2,2,0,1026,0,ST-GER1,Normalstation Geriatrie,40,Geriatrie,10.0,20.0,06:00,14:00,450,,13:30,21:30,450,F,21:15,06:15,495,F|S,11,10,8,10,30,45,8,38.5,30,0.15,0,2.0.0,20261164
PK-005,2026-11-29,history,-1,Sonntag,7,48,1,0,,Pflegefachkraft,Pflegefachkraft,EXAM|PRAXISANLEITUNG,1.0,38.5,9240,9240,8316,10164,5,2,2,8,1,1,Pflegefachkraft,0,0.0,-2400,25,23,3,3,0,4106,1,,,,,,0,,0,,4,3,3,1,1642,1,3,3,2,1,1437,1,2,2,2,0,1026,0,ST-GER1,Normalstation Geriatrie,40,Geriatrie,10.0,20.0,06:00,14:00,450,,13:30,21:30,450,F,21:15,06:15,495,F|S,11,10,8,10,30,45,8,38.5,30,0.15,0,2.0.0,20261164
PK-006,2026-11-29,history,-1,Sonntag,7,48,1,0,,Pflegefachkraft,Pflegefachkraft,EXAM|KARDIO_MONITORING,0.6,23.1,5544,5544,4990,6098,5,2,2,8,1,1,Pflegefachkraft,0,0.0,536,25,23,3,3,0,4106,1,,,,,N,0,,0,,4,3,3,1,1642,1,3,3,2,1,1437,1,2,2,2,0,1026,0,ST-GER1,Normalstation Geriatrie,40,Geriatrie,10.0,20.0,06:00,14:00,450,,13:30,21:30,450,F,21:15,06:15,495,F|S,11,10,8,10,30,45,8,38.5,30,0.15,0,2.0.0,20261164
PK-007,2026-11-29,history,-1,Sonntag,7,48,1,0,,Pflegefachkraft,Pflegefachkraft,EXAM|PRAXISANLEITUNG|KARDIO_MONITORING,0.75,28.88,6931,6931,6238,7624,5,2,2,8,1,1,Pflegefachkraft,0,0.0,716,25,23,3,3,0,4106,1,,,,,,0,,0,,4,3,3,1,1642,1,3,3,2,1,1437,1,2,2,2,0,1026,0,ST-GER1,Normalstation Geriatrie,40,Geriatrie,10.0,20.0,06:00,14:00,450,,13:30,21:30,450,F,21:15,06:15,495,F|S,11,10,8,10,30,45,8,38.5,30,0.15,0,2.0.0,20261164
PK-008,2026-11-29,history,-1,Sonntag,7,48,1,0,,Pflegefachkraft,Pflegefachkraft,EXAM,1.0,38.5,9240,9240,8316,10164,5,2,2,8,1,1,Pflegefachkraft,0,0.0,-2580,25,23,3,3,0,4106,1,,,,,,0,,0,,4,3,3,1,1642,1,3,3,2,1,1437,1,2,2,2,0,1026,0,ST-GER1,Normalstation Geriatrie,40,Geriatrie,10.0,20.0,06:00,14:00,450,,13:30,21:30,450,F,21:15,06:15,495,F|S,11,10,8,10,30,45,8,38.5,30,0.15,0,2.0.0,20261164
PK-009,2026-11-29,history,-1,Sonntag,7,48,1,0,,Pflegefachkraft,Pflegefachkraft,EXAM,1.0,38.5,9240,9240,8316,10164,5,2,2,8,1,1,Pflegefachkraft,0,0.0,-2130,25,23,3,3,0,4106,1,,,,,F,0,,0,,4,3,3,1,1642,1,3,3,2,1,1437,1,2,2,2,0,1026,0,ST-GER1,Normalstation Geriatrie,40,Geriatrie,10.0,20.0,06:00,14:00,450,,13:30,21:30,450,F,21:15,06:15,495,F|S,11,10,8,10,30,45,8,38.5,30,0.15,0,2.0.0,20261164
PK-010,2026-11-29,history,-1,Sonntag,7,48,1,0,,Pflegefachkraft,Pflegefachkraft,EXAM,0.6,23.1,5544,5544,4990,6098,5,2,2,8,1,1,Pflegefachkraft,0,0.0,-1404,25,23,3,3,0,4106,1,,,,,,0,,0,,4,3,3,1,1642,1,3,3,2,1,1437,1,2,2,2,0,1026,0,ST-GER1,Normalstation Geriatrie,40,Geriatrie,10.0,20.0,06:00,14:00,450,,13:30,21:30,450,F,21:15,06:15,495,F|S,11,10,8,10,30,45,8,38.5,30,0.15,0,2.0.0,20261164
PK-011,2026-11-29,history,-1,Sonntag,7,48,1,0,,Pflegefachkraft,Pflegefachkraft,EXAM,1.0,38.5,9240,9240,8316,10164,5,2,2,8,1,1,Pflegefachkraft,0,0.0,-2130,25,23,3,3,0,4106,1,,,,,S,0,,0,,4,3,3,1,1642,1,3,3,2,1,1437,1,2,2,2,0,1026,0,ST-GER1,Normalstation Geriatrie,40,Geriatrie,10.0,20.0,06:00,14:00,450,,13:30,21:30,450,F,21:15,06:15,495,F|S,11,10,8,10,30,45,8,38.5,30,0.15,0,2.0.0,20261164
PK-012,2026-11-29,history,-1,Sonntag,7,48,1,0,,Pflegefachkraft,Pflegefachkraft,EXAM|KARDIO_MONITORING,1.0,38.5,9240,9240,8316,10164,5,2,2,8,1,1,Pflegefachkraft,0,0.0,-2265,25,23,3,3,0,4106,1,,,,,N,0,,0,,4,3,3,1,1642,1,3,3,2,1,1437,1,2,2,2,0,1026,0,ST-GER1,Normalstation Geriatrie,40,Geriatrie,10.0,20.0,06:00,14:00,450,,13:30,21:30,450,F,21:15,06:15,495,F|S,11,10,8,10,30,45,8,38.5,30,0.15,0,2.0.0,20261164
PK-013,2026-11-29,history,-1,Sonntag,7,48,1,0,,Pflegefachkraft,Pflegefachkraft,EXAM,1.0,38.5,9240,9240,8316,10164,5,2,2,8,1,1,Pflegefachkraft,0,0.0,-2310,25,23,3,3,0,4106,1,,,,,F,0,,0,,4,3,3,1,1642,1,3,3,2,1,1437,1,2,2,2,0,1026,0,ST-GER1,Normalstation Geriatrie,40,Geriatrie,10.0,20.0,06:00,14:00,450,,13:30,21:30,450,F,21:15,06:15,495,F|S,11,10,8,10,30,45,8,38.5,30,0.15,0,2.0.0,20261164
PK-014,2026-11-29,history,-1,Sonntag,7,48,1,0,,Pflegefachkraft,Pflegefachkraft,EXAM,0.8,30.8,7392,7392,6653,8131,5,2,2,8,1,1,Pflegefachkraft,0,0.0,-1542,25,23,3,3,0,4106,1,,,,,S,0,,0,,4,3,3,1,1642,1,3,3,2,1,1437,1,2,2,2,0,1026,0,ST-GER1,Normalstation Geriatrie,40,Geriatrie,10.0,20.0,06:00,14:00,450,,13:30,21:30,450,F,21:15,06:15,495,F|S,11,10,8,10,30,45,8,38.5,30,0.15,0,2.0.0,20261164
PK-015,2026-11-29,history,-1,Sonntag,7,48,1,0,,Pflegefachkraft,Pflegefachkraft,EXAM,0.6,23.1,5544,5544,4990,6098,5,2,2,8,1,1,Pflegefachkraft,0,0.0,-1404,25,23,3,3,0,4106,1,,,,,,0,,0,,4,3,3,1,1642,1,3,3,2,1,1437,1,2,2,2,0,1026,0,ST-GER1,Normalstation Geriatrie,40,Geriatrie,10.0,20.0,06:00,14:00,450,,13:30,21:30,450,F,21:15,06:15,495,F|S,11,10,8,10,30,45,8,38.5,30,0.15,0,2.0.0,20261164
PK-016,2026-11-29,history,-1,Sonntag,7,48,1,0,,Pflegefachkraft,Pflegefachkraft,EXAM,0.75,28.88,6931,6931,6238,7624,5,2,2,8,1,1,Pflegefachkraft,0,0.0,-1485,25,23,3,3,0,4106,1,,,,,S,0,,0,,4,3,3,1,1642,1,3,3,2,1,1437,1,2,2,2,0,1026,0,ST-GER1,Normalstation Geriatrie,40,Geriatrie,10.0,20.0,06:00,14:00,450,,13:30,21:30,450,F,21:15,06:15,495,F|S,11,10,8,10,30,45,8,38.5,30,0.15,0,2.0.0,20261164
PK-017,2026-11-29,history,-1,Sonntag,7,48,1,0,,Pflegefachkraft,Pflegefachkraft,EXAM,0.7,26.95,6468,6468,5821,7115,5,2,2,8,1,1,Pflegefachkraft,0,0.0,-1473,25,23,3,3,0,4106,1,,,,,,0,,0,,4,3,3,1,1642,1,3,3,2,1,1437,1,2,2,2,0,1026,0,ST-GER1,Normalstation Geriatrie,40,Geriatrie,10.0,20.0,06:00,14:00,450,,13:30,21:30,450,F,21:15,06:15,495,F|S,11,10,8,10,30,45,8,38.5,30,0.15,0,2.0.0,20261164
PK-018,2026-11-29,history,-1,Sonntag,7,48,1,0,,Pflegefachkraft,Pflegefachkraft,EXAM|PRAXISANLEITUNG|KARDIO_MONITORING,0.9,34.65,8316,8316,7484,9148,5,2,2,8,1,1,Pflegefachkraft,0,0.0,-1971,25,23,3,3,0,4106,1,,,,,,0,,0,,4,3,3,1,1642,1,3,3,2,1,1437,1,2,2,2,0,1026,0,ST-GER1,Normalstation Geriatrie,40,Geriatrie,10.0,20.0,06:00,14:00,450,,13:30,21:30,450,F,21:15,06:15,495,F|S,11,10,8,10,30,45,8,38.5,30,0.15,0,2.0.0,20261164
PK-019,2026-11-29,history,-1,Sonntag,7,48,1,0,,Pflegefachkraft,Pflegefachkraft,EXAM,0.8,30.8,7392,7392,6653,8131,5,2,2,8,1,1,Pflegefachkraft,0,0.0,-1902,25,23,3,3,0,4106,1,,,,,,0,,0,,4,3,3,1,1642,1,3,3,2,1,1437,1,2,2,2,0,1026,0,ST-GER1,Normalstation Geriatrie,40,Geriatrie,10.0,20.0,06:00,14:00,450,,13:30,21:30,450,F,21:15,06:15,495,F|S,11,10,8,10,30,45,8,38.5,30,0.15,0,2.0.0,20261164
PK-020,2026-11-29,history,-1,Sonntag,7,48,1,0,,Pflegefachkraft,Pflegefachkraft,EXAM|KARDIO_MONITORING,0.5,19.25,4620,4620,4158,5082,5,2,2,8,1,1,Pflegefachkraft,0,0.0,-930,25,23,3,3,0,4106,1,,,,,,0,,0,,4,3,3,1,1642,1,3,3,2,1,1437,1,2,2,2,0,1026,0,ST-GER1,Normalstation Geriatrie,40,Geriatrie,10.0,20.0,06:00,14:00,450,,13:30,21:30,450,F,21:15,06:15,495,F|S,11,10,8,10,30,45,8,38.5,30,0.15,0,2.0.0,20261164
PK-021,2026-11-29,history,-1,Sonntag,7,48,1,0,,Pflegefachkraft,Pflegefachkraft,EXAM,0.8,30.8,7392,7392,6653,8131,5,2,2,8,1,1,Pflegefachkraft,0,0.0,-1722,25,23,3,3,0,4106,1,,,,,,0,,0,,4,3,3,1,1642,1,3,3,2,1,1437,1,2,2,2,0,1026,0,ST-GER1,Normalstation Geriatrie,40,Geriatrie,10.0,20.0,06:00,14:00,450,,13:30,21:30,450,F,21:15,06:15,495,F|S,11,10,8,10,30,45,8,38.5,30,0.15,0,2.0.0,20261164
PK-022,2026-11-29,history,-1,Sonntag,7,48,1,0,,Pflegefachkraft,Pflegefachkraft,EXAM|PRAXISANLEITUNG|KARDIO_MONITORING,0.5,19.25,4620,4620,4158,5082,5,2,2,8,1,1,Pflegefachkraft,0,0.0,-930,25,23,3,3,0,4106,1,,,,,,0,,0,,4,3,3,1,1642,1,3,3,2,1,1437,1,2,2,2,0,1026,0,ST-GER1,Normalstation Geriatrie,40,Geriatrie,10.0,20.0,06:00,14:00,450,,13:30,21:30,450,F,21:15,06:15,495,F|S,11,10,8,10,30,45,8,38.5,30,0.15,0,2.0.0,20261164
AZ-001,2026-11-30,plan,0,Montag,1,49,0,0,,Auszubildende_r_3_Ausbildungsjahr,Auszubildende,AUSZUBILDEND,1.0,38.5,9240,9240,8316,10164,5,2,2,8,1,0,nicht anrechenbar,0,0.0,-9240,30,29,4,5,1,4891,1,,,,,,0,,0,,4,3,3,1,1956,1,4,3,3,1,1712,1,2,2,2,0,1223,0,ST-GER1,Normalstation Geriatrie,40,Geriatrie,10.0,20.0,06:00,14:00,450,,13:30,21:30,450,F,21:15,06:15,495,F|S,11,10,8,10,30,45,8,38.5,30,0.15,0,2.0.0,20261164
AZ-002,2026-11-30,plan,0,Montag,1,49,0,0,,Auszubildende_r_2_Ausbildungsjahr,Auszubildende,AUSZUBILDEND,1.0,38.5,9240,9240,8316,10164,5,2,2,8,1,0,nicht anrechenbar,0,0.0,-9240,30,29,4,5,1,4891,1,,,,,,0,,0,,4,3,3,1,1956,1,4,3,3,1,1712,1,2,2,2,0,1223,0,ST-GER1,Normalstation Geriatrie,40,Geriatrie,10.0,20.0,06:00,14:00,450,,13:30,21:30,450,F,21:15,06:15,495,F|S,11,10,8,10,30,45,8,38.5,30,0.15,0,2.0.0,20261164
AZ-003,2026-11-30,plan,0,Montag,1,49,0,0,,Auszubildende_r_1_Ausbildungsjahr,Auszubildende,AUSZUBILDEND,1.0,38.5,9240,9240,8316,10164,5,2,2,0,0,0,nicht anrechenbar,0,0.0,-9240,30,29,4,5,1,4891,1,,,,,,0,,0,,4,3,3,1,1956,1,4,3,3,1,1712,1,2,2,2,0,1223,0,ST-GER1,Normalstation Geriatrie,40,Geriatrie,10.0,20.0,06:00,14:00,450,,13:30,21:30,450,F,21:15,06:15,495,F|S,11,10,8,10,30,45,8,38.5,30,0.15,0,2.0.0,20261164
PH-001,2026-11-30,plan,0,Montag,1,49,0,0,,Pflegehilfskraft,Pflegehilfskraft,PFLEGEHILFE,0.75,28.88,6931,6931,6238,7624,5,2,2,0,0,1,Pflegehilfskraft,0,0.0,-1530,30,29,4,5,1,4891,1,,,,,,0,,0,,4,3,3,1,1956,1,4,3,3,1,1712,1,2,2,2,0,1223,0,ST-GER1,Normalstation Geriatrie,40,Geriatrie,10.0,20.0,06:00,14:00,450,,13:30,21:30,450,F,21:15,06:15,495,F|S,11,10,8,10,30,45,8,38.5,30,0.15,0,2.0.0,20261164
PH-002,2026-11-30,plan,0,Montag,1,49,0,0,,Pflegehilfskraft,Pflegehilfskraft,PFLEGEHILFE,0.75,28.88,6931,6931,6238,7624,5,2,2,0,0,1,Pflegehilfskraft,0,0.0,-1530,30,29,4,5,1,4891,1,,,,,,0,,0,,4,3,3,1,1956,1,4,3,3,1,1712,1,2,2,2,0,1223,0,ST-GER1,Normalstation Geriatrie,40,Geriatrie,10.0,20.0,06:00,14:00,450,,13:30,21:30,450,F,21:15,06:15,495,F|S,11,10,8,10,30,45,8,38.5,30,0.15,0,2.0.0,20261164
PH-003,2026-11-30,plan,0,Montag,1,49,0,0,,Pflegehilfskraft,Pflegehilfskraft,PFLEGEHILFE,0.5,19.25,4620,4620,4158,5082,5,2,2,0,0,1,Pflegehilfskraft,0,0.0,-1020,30,29,4,5,1,4891,1,,,,,,0,,0,,4,3,3,1,1956,1,4,3,3,1,1712,1,2,2,2,0,1223,0,ST-GER1,Normalstation Geriatrie,40,Geriatrie,10.0,20.0,06:00,14:00,450,,13:30,21:30,450,F,21:15,06:15,495,F|S,11,10,8,10,30,45,8,38.5,30,0.15,0,2.0.0,20261164
PK-001,2026-11-30,plan,0,Montag,1,49,0,0,,Stationsleitung,Pflegefachkraft,EXAM|LEITUNG|PRAXISANLEITUNG,1.0,38.5,9240,4620,4158,5082,5,2,2,0,0,1,Pflegefachkraft,1,0.5,4464,30,29,4,5,1,4891,1,,,,,,0,,0,,4,3,3,1,1956,1,4,3,3,1,1712,1,2,2,2,0,1223,0,ST-GER1,Normalstation Geriatrie,40,Geriatrie,10.0,20.0,06:00,14:00,450,,13:30,21:30,450,F,21:15,06:15,495,F|S,11,10,8,10,30,45,8,38.5,30,0.15,0,2.0.0,20261164
PK-002,2026-11-30,plan,0,Montag,1,49,0,0,,Pflegefachkraft,Pflegefachkraft,EXAM|KARDIO_MONITORING,1.0,38.5,9240,9240,8316,10164,5,2,2,8,1,1,Pflegefachkraft,0,0.0,-2310,30,29,4,5,1,4891,1,,,,,,0,,0,,4,3,3,1,1956,1,4,3,3,1,1712,1,2,2,2,0,1223,0,ST-GER1,Normalstation Geriatrie,40,Geriatrie,10.0,20.0,06:00,14:00,450,,13:30,21:30,450,F,21:15,06:15,495,F|S,11,10,8,10,30,45,8,38.5,30,0.15,0,2.0.0,20261164
PK-003,2026-11-30,plan,0,Montag,1,49,0,0,,Pflegefachkraft,Pflegefachkraft,EXAM|PRAXISANLEITUNG|KARDIO_MONITORING,1.0,38.5,9240,9240,8316,10164,5,2,2,8,1,1,Pflegefachkraft,0,0.0,-2265,30,29,4,5,1,4891,1,,,,,,0,,0,,4,3,3,1,1956,1,4,3,3,1,1712,1,2,2,2,0,1223,0,ST-GER1,Normalstation Geriatrie,40,Geriatrie,10.0,20.0,06:00,14:00,450,,13:30,21:30,450,F,21:15,06:15,495,F|S,11,10,8,10,30,45,8,38.5,30,0.15,0,2.0.0,20261164
PK-004,2026-11-30,plan,0,Montag,1,49,0,0,,Pflegefachkraft,Pflegefachkraft,EXAM,0.7,26.95,6468,6468,5821,7115,5,2,2,8,1,1,Pflegefachkraft,0,0.0,-1518,30,29,4,5,1,4891,1,,,,,,0,,0,,4,3,3,1,1956,1,4,3,3,1,1712,1,2,2,2,0,1223,0,ST-GER1,Normalstation Geriatrie,40,Geriatrie,10.0,20.0,06:00,14:00,450,,13:30,21:30,450,F,21:15,06:15,495,F|S,11,10,8,10,30,45,8,38.5,30,0.15,0,2.0.0,20261164
PK-005,2026-11-30,plan,0,Montag,1,49,0,0,,Pflegefachkraft,Pflegefachkraft,EXAM|PRAXISANLEITUNG,1.0,38.5,9240,9240,8316,10164,5,2,2,8,1,1,Pflegefachkraft,0,0.0,-2400,30,29,4,5,1,4891,1,,,,,,0,,0,,4,3,3,1,1956,1,4,3,3,1,1712,1,2,2,2,0,1223,0,ST-GER1,Normalstation Geriatrie,40,Geriatrie,10.0,20.0,06:00,14:00,450,,13:30,21:30,450,F,21:15,06:15,495,F|S,11,10,8,10,30,45,8,38.5,30,0.15,0,2.0.0,20261164
PK-006,2026-11-30,plan,0,Montag,1,49,0,0,,Pflegefachkraft,Pflegefachkraft,EXAM|KARDIO_MONITORING,0.6,23.1,5544,5544,4990,6098,5,2,2,8,1,1,Pflegefachkraft,0,0.0,536,30,29,4,5,1,4891,1,,,,,,0,,0,,4,3,3,1,1956,1,4,3,3,1,1712,1,2,2,2,0,1223,0,ST-GER1,Normalstation Geriatrie,40,Geriatrie,10.0,20.0,06:00,14:00,450,,13:30,21:30,450,F,21:15,06:15,495,F|S,11,10,8,10,30,45,8,38.5,30,0.15,0,2.0.0,20261164
PK-007,2026-11-30,plan,0,Montag,1,49,0,0,,Pflegefachkraft,Pflegefachkraft,EXAM|PRAXISANLEITUNG|KARDIO_MONITORING,0.75,28.88,6931,6931,6238,7624,5,2,2,8,1,1,Pflegefachkraft,0,0.0,716,30,29,4,5,1,4891,1,,,,,,0,,0,,4,3,3,1,1956,1,4,3,3,1,1712,1,2,2,2,0,1223,0,ST-GER1,Normalstation Geriatrie,40,Geriatrie,10.0,20.0,06:00,14:00,450,,13:30,21:30,450,F,21:15,06:15,495,F|S,11,10,8,10,30,45,8,38.5,30,0.15,0,2.0.0,20261164
PK-008,2026-11-30,plan,0,Montag,1,49,0,0,,Pflegefachkraft,Pflegefachkraft,EXAM,1.0,38.5,9240,9240,8316,10164,5,2,2,8,1,1,Pflegefachkraft,0,0.0,-2580,30,29,4,5,1,4891,1,,,,,,0,,0,,4,3,3,1,1956,1,4,3,3,1,1712,1,2,2,2,0,1223,0,ST-GER1,Normalstation Geriatrie,40,Geriatrie,10.0,20.0,06:00,14:00,450,,13:30,21:30,450,F,21:15,06:15,495,F|S,11,10,8,10,30,45,8,38.5,30,0.15,0,2.0.0,20261164
PK-009,2026-11-30,plan,0,Montag,1,49,0,0,,Pflegefachkraft,Pflegefachkraft,EXAM,1.0,38.5,9240,9240,8316,10164,5,2,2,8,1,1,Pflegefachkraft,0,0.0,-2130,30,29,4,5,1,4891,1,,,,,,0,,0,,4,3,3,1,1956,1,4,3,3,1,1712,1,2,2,2,0,1223,0,ST-GER1,Normalstation Geriatrie,40,Geriatrie,10.0,20.0,06:00,14:00,450,,13:30,21:30,450,F,21:15,06:15,495,F|S,11,10,8,10,30,45,8,38.5,30,0.15,0,2.0.0,20261164
PK-010,2026-11-30,plan,0,Montag,1,49,0,0,,Pflegefachkraft,Pflegefachkraft,EXAM,0.6,23.1,5544,5544,4990,6098,5,2,2,8,1,1,Pflegefachkraft,0,0.0,-1404,30,29,4,5,1,4891,1,,,,,,0,,0,,4,3,3,1,1956,1,4,3,3,1,1712,1,2,2,2,0,1223,0,ST-GER1,Normalstation Geriatrie,40,Geriatrie,10.0,20.0,06:00,14:00,450,,13:30,21:30,450,F,21:15,06:15,495,F|S,11,10,8,10,30,45,8,38.5,30,0.15,0,2.0.0,20261164
PK-011,2026-11-30,plan,0,Montag,1,49,0,0,,Pflegefachkraft,Pflegefachkraft,EXAM,1.0,38.5,9240,9240,8316,10164,5,2,2,8,1,1,Pflegefachkraft,0,0.0,-2130,30,29,4,5,1,4891,1,,,,,,1,4,0,,4,3,3,1,1956,1,4,3,3,1,1712,1,2,2,2,0,1223,0,ST-GER1,Normalstation Geriatrie,40,Geriatrie,10.0,20.0,06:00,14:00,450,,13:30,21:30,450,F,21:15,06:15,495,F|S,11,10,8,10,30,45,8,38.5,30,0.15,0,2.0.0,20261164
PK-012,2026-11-30,plan,0,Montag,1,49,0,0,,Pflegefachkraft,Pflegefachkraft,EXAM|KARDIO_MONITORING,1.0,38.5,9240,9240,8316,10164,5,2,2,8,1,1,Pflegefachkraft,0,0.0,-2265,30,29,4,5,1,4891,1,,,,,,0,,0,,4,3,3,1,1956,1,4,3,3,1,1712,1,2,2,2,0,1223,0,ST-GER1,Normalstation Geriatrie,40,Geriatrie,10.0,20.0,06:00,14:00,450,,13:30,21:30,450,F,21:15,06:15,495,F|S,11,10,8,10,30,45,8,38.5,30,0.15,0,2.0.0,20261164
PK-013,2026-11-30,plan,0,Montag,1,49,0,0,,Pflegefachkraft,Pflegefachkraft,EXAM,1.0,38.5,9240,9240,8316,10164,5,2,2,8,1,1,Pflegefachkraft,0,0.0,-2310,30,29,4,5,1,4891,1,,,,,,0,,0,,4,3,3,1,1956,1,4,3,3,1,1712,1,2,2,2,0,1223,0,ST-GER1,Normalstation Geriatrie,40,Geriatrie,10.0,20.0,06:00,14:00,450,,13:30,21:30,450,F,21:15,06:15,495,F|S,11,10,8,10,30,45,8,38.5,30,0.15,0,2.0.0,20261164
PK-014,2026-11-30,plan,0,Montag,1,49,0,0,,Pflegefachkraft,Pflegefachkraft,EXAM,0.8,30.8,7392,7392,6653,8131,5,2,2,8,1,1,Pflegefachkraft,0,0.0,-1542,30,29,4,5,1,4891,1,,,,,,0,,0,,4,3,3,1,1956,1,4,3,3,1,1712,1,2,2,2,0,1223,0,ST-GER1,Normalstation Geriatrie,40,Geriatrie,10.0,20.0,06:00,14:00,450,,13:30,21:30,450,F,21:15,06:15,495,F|S,11,10,8,10,30,45,8,38.5,30,0.15,0,2.0.0,20261164
PK-015,2026-11-30,plan,0,Montag,1,49,0,0,,Pflegefachkraft,Pflegefachkraft,EXAM,0.6,23.1,5544,5544,4990,6098,5,2,2,8,1,1,Pflegefachkraft,0,0.0,-1404,30,29,4,5,1,4891,1,,,,,,0,,0,,4,3,3,1,1956,1,4,3,3,1,1712,1,2,2,2,0,1223,0,ST-GER1,Normalstation Geriatrie,40,Geriatrie,10.0,20.0,06:00,14:00,450,,13:30,21:30,450,F,21:15,06:15,495,F|S,11,10,8,10,30,45,8,38.5,30,0.15,0,2.0.0,20261164
PK-016,2026-11-30,plan,0,Montag,1,49,0,0,,Pflegefachkraft,Pflegefachkraft,EXAM,0.75,28.88,6931,6931,6238,7624,5,2,2,8,1,1,Pflegefachkraft,0,0.0,-1485,30,29,4,5,1,4891,1,,,,,,0,,0,,4,3,3,1,1956,1,4,3,3,1,1712,1,2,2,2,0,1223,0,ST-GER1,Normalstation Geriatrie,40,Geriatrie,10.0,20.0,06:00,14:00,450,,13:30,21:30,450,F,21:15,06:15,495,F|S,11,10,8,10,30,45,8,38.5,30,0.15,0,2.0.0,20261164
PK-017,2026-11-30,plan,0,Montag,1,49,0,0,,Pflegefachkraft,Pflegefachkraft,EXAM,0.7,26.95,6468,6468,5821,7115,5,2,2,8,1,1,Pflegefachkraft,0,0.0,-1473,30,29,4,5,1,4891,1,,,,,,0,,0,,4,3,3,1,1956,1,4,3,3,1,1712,1,2,2,2,0,1223,0,ST-GER1,Normalstation Geriatrie,40,Geriatrie,10.0,20.0,06:00,14:00,450,,13:30,21:30,450,F,21:15,06:15,495,F|S,11,10,8,10,30,45,8,38.5,30,0.15,0,2.0.0,20261164
PK-018,2026-11-30,plan,0,Montag,1,49,0,0,,Pflegefachkraft,Pflegefachkraft,EXAM|PRAXISANLEITUNG|KARDIO_MONITORING,0.9,34.65,8316,8316,7484,9148,5,2,2,8,1,1,Pflegefachkraft,0,0.0,-1971,30,29,4,5,1,4891,1,,,,,,0,,0,,4,3,3,1,1956,1,4,3,3,1,1712,1,2,2,2,0,1223,0,ST-GER1,Normalstation Geriatrie,40,Geriatrie,10.0,20.0,06:00,14:00,450,,13:30,21:30,450,F,21:15,06:15,495,F|S,11,10,8,10,30,45,8,38.5,30,0.15,0,2.0.0,20261164
PK-019,2026-11-30,plan,0,Montag,1,49,0,0,,Pflegefachkraft,Pflegefachkraft,EXAM,0.8,30.8,7392,7392,6653,8131,5,2,2,8,1,1,Pflegefachkraft,0,0.0,-1902,30,29,4,5,1,4891,1,,,,,,0,,0,,4,3,3,1,1956,1,4,3,3,1,1712,1,2,2,2,0,1223,0,ST-GER1,Normalstation Geriatrie,40,Geriatrie,10.0,20.0,06:00,14:00,450,,13:30,21:30,450,F,21:15,06:15,495,F|S,11,10,8,10,30,45,8,38.5,30,0.15,0,2.0.0,20261164
PK-020,2026-11-30,plan,0,Montag,1,49,0,0,,Pflegefachkraft,Pflegefachkraft,EXAM|KARDIO_MONITORING,0.5,19.25,4620,4620,4158,5082,5,2,2,8,1,1,Pflegefachkraft,0,0.0,-930,30,29,4,5,1,4891,1,,,,,,1,12,0,,4,3,3,1,1956,1,4,3,3,1,1712,1,2,2,2,0,1223,0,ST-GER1,Normalstation Geriatrie,40,Geriatrie,10.0,20.0,06:00,14:00,450,,13:30,21:30,450,F,21:15,06:15,495,F|S,11,10,8,10,30,45,8,38.5,30,0.15,0,2.0.0,20261164
PK-021,2026-11-30,plan,0,Montag,1,49,0,0,,Pflegefachkraft,Pflegefachkraft,EXAM,0.8,30.8,7392,7392,6653,8131,5,2,2,8,1,1,Pflegefachkraft,0,0.0,-1722,30,29,4,5,1,4891,1,,,,,,0,,0,,4,3,3,1,1956,1,4,3,3,1,1712,1,2,2,2,0,1223,0,ST-GER1,Normalstation Geriatrie,40,Geriatrie,10.0,20.0,06:00,14:00,450,,13:30,21:30,450,F,21:15,06:15,495,F|S,11,10,8,10,30,45,8,38.5,30,0.15,0,2.0.0,20261164
PK-022,2026-11-30,plan,0,Montag,1,49,0,0,,Pflegefachkraft,Pflegefachkraft,EXAM|PRAXISANLEITUNG|KARDIO_MONITORING,0.5,19.25,4620,4620,4158,5082,5,2,2,8,1,1,Pflegefachkraft,0,0.0,-930,30,29,4,5,1,4891,0,LANGZEITABWESENHEIT,,,,,0,,0,,4,3,3,1,1956,1,4,3,3,1,1712,1,2,2,2,0,1223,0,ST-GER1,Normalstation Geriatrie,40,Geriatrie,10.0,20.0,06:00,14:00,450,,13:30,21:30,450,F,21:15,06:15,495,F|S,11,10,8,10,30,45,8,38.5,30,0.15,0,2.0.0,20261164
AZ-001,2026-12-01,plan,1,Dienstag,2,49,0,0,,Auszubildende_r_3_Ausbildungsjahr,Auszubildende,AUSZUBILDEND,1.0,38.5,9240,9240,8316,10164,5,2,2,8,1,0,nicht anrechenbar,0,0.0,-9240,33,32,3,6,1,5634,1,,,,,,0,,0,,5,4,4,1,2254,1,4,4,3,1,1972,1,3,2,3,0,1408,0,ST-GER1,Normalstation Geriatrie,40,Geriatrie,10.0,20.0,06:00,14:00,450,,13:30,21:30,450,F,21:15,06:15,495,F|S,11,10,8,10,30,45,8,38.5,30,0.15,0,2.0.0,20261164
AZ-002,2026-12-01,plan,1,Dienstag,2,49,0,0,,Auszubildende_r_2_Ausbildungsjahr,Auszubildende,AUSZUBILDEND,1.0,38.5,9240,9240,8316,10164,5,2,2,8,1,0,nicht anrechenbar,0,0.0,-9240,33,32,3,6,1,5634,1,,,,,,0,,0,,5,4,4,1,2254,1,4,4,3,1,1972,1,3,2,3,0,1408,0,ST-GER1,Normalstation Geriatrie,40,Geriatrie,10.0,20.0,06:00,14:00,450,,13:30,21:30,450,F,21:15,06:15,495,F|S,11,10,8,10,30,45,8,38.5,30,0.15,0,2.0.0,20261164
AZ-003,2026-12-01,plan,1,Dienstag,2,49,0,0,,Auszubildende_r_1_Ausbildungsjahr,Auszubildende,AUSZUBILDEND,1.0,38.5,9240,9240,8316,10164,5,2,2,0,0,0,nicht anrechenbar,0,0.0,-9240,33,32,3,6,1,5634,1,,,,,,0,,0,,5,4,4,1,2254,1,4,4,3,1,1972,1,3,2,3,0,1408,0,ST-GER1,Normalstation Geriatrie,40,Geriatrie,10.0,20.0,06:00,14:00,450,,13:30,21:30,450,F,21:15,06:15,495,F|S,11,10,8,10,30,45,8,38.5,30,0.15,0,2.0.0,20261164
PH-001,2026-12-01,plan,1,Dienstag,2,49,0,0,,Pflegehilfskraft,Pflegehilfskraft,PFLEGEHILFE,0.75,28.88,6931,6931,6238,7624,5,2,2,0,0,1,Pflegehilfskraft,0,0.0,-1530,33,32,3,6,1,5634,1,,,,,,0,,0,,5,4,4,1,2254,1,4,4,3,1,1972,1,3,2,3,0,1408,0,ST-GER1,Normalstation Geriatrie,40,Geriatrie,10.0,20.0,06:00,14:00,450,,13:30,21:30,450,F,21:15,06:15,495,F|S,11,10,8,10,30,45,8,38.5,30,0.15,0,2.0.0,20261164
PH-002,2026-12-01,plan,1,Dienstag,2,49,0,0,,Pflegehilfskraft,Pflegehilfskraft,PFLEGEHILFE,0.75,28.88,6931,6931,6238,7624,5,2,2,0,0,1,Pflegehilfskraft,0,0.0,-1530,33,32,3,6,1,5634,1,,,,,,0,,0,,5,4,4,1,2254,1,4,4,3,1,1972,1,3,2,3,0,1408,0,ST-GER1,Normalstation Geriatrie,40,Geriatrie,10.0,20.0,06:00,14:00,450,,13:30,21:30,450,F,21:15,06:15,495,F|S,11,10,8,10,30,45,8,38.5,30,0.15,0,2.0.0,20261164
PH-003,2026-12-01,plan,1,Dienstag,2,49,0,0,,Pflegehilfskraft,Pflegehilfskraft,PFLEGEHILFE,0.5,19.25,4620,4620,4158,5082,5,2,2,0,0,1,Pflegehilfskraft,0,0.0,-1020,33,32,3,6,1,5634,1,,,,,,0,,0,,5,4,4,1,2254,1,4,4,3,1,1972,1,3,2,3,0,1408,0,ST-GER1,Normalstation Geriatrie,40,Geriatrie,10.0,20.0,06:00,14:00,450,,13:30,21:30,450,F,21:15,06:15,495,F|S,11,10,8,10,30,45,8,38.5,30,0.15,0,2.0.0,20261164
PK-001,2026-12-01,plan,1,Dienstag,2,49,0,0,,Stationsleitung,Pflegefachkraft,EXAM|LEITUNG|PRAXISANLEITUNG,1.0,38.5,9240,4620,4158,5082,5,2,2,0,0,1,Pflegefachkraft,1,0.5,4464,33,32,3,6,1,5634,1,,,,,,0,,0,,5,4,4,1,2254,1,4,4,3,1,1972,1,3,2,3,0,1408,0,ST-GER1,Normalstation Geriatrie,40,Geriatrie,10.0,20.0,06:00,14:00,450,,13:30,21:30,450,F,21:15,06:15,495,F|S,11,10,8,10,30,45,8,38.5,30,0.15,0,2.0.0,20261164
PK-002,2026-12-01,plan,1,Dienstag,2,49,0,0,,Pflegefachkraft,Pflegefachkraft,EXAM|KARDIO_MONITORING,1.0,38.5,9240,9240,8316,10164,5,2,2,8,1,1,Pflegefachkraft,0,0.0,-2310,33,32,3,6,1,5634,1,,,,,,0,,0,,5,4,4,1,2254,1,4,4,3,1,1972,1,3,2,3,0,1408,0,ST-GER1,Normalstation Geriatrie,40,Geriatrie,10.0,20.0,06:00,14:00,450,,13:30,21:30,450,F,21:15,06:15,495,F|S,11,10,8,10,30,45,8,38.5,30,0.15,0,2.0.0,20261164
PK-003,2026-12-01,plan,1,Dienstag,2,49,0,0,,Pflegefachkraft,Pflegefachkraft,EXAM|PRAXISANLEITUNG|KARDIO_MONITORING,1.0,38.5,9240,9240,8316,10164,5,2,2,8,1,1,Pflegefachkraft,0,0.0,-2265,33,32,3,6,1,5634,1,,,,,,0,,0,,5,4,4,1,2254,1,4,4,3,1,1972,1,3,2,3,0,1408,0,ST-GER1,Normalstation Geriatrie,40,Geriatrie,10.0,20.0,06:00,14:00,450,,13:30,21:30,450,F,21:15,06:15,495,F|S,11,10,8,10,30,45,8,38.5,30,0.15,0,2.0.0,20261164
PK-004,2026-12-01,plan,1,Dienstag,2,49,0,0,,Pflegefachkraft,Pflegefachkraft,EXAM,0.7,26.95,6468,6468,5821,7115,5,2,2,8,1,1,Pflegefachkraft,0,0.0,-1518,33,32,3,6,1,5634,1,,,,,,0,,0,,5,4,4,1,2254,1,4,4,3,1,1972,1,3,2,3,0,1408,0,ST-GER1,Normalstation Geriatrie,40,Geriatrie,10.0,20.0,06:00,14:00,450,,13:30,21:30,450,F,21:15,06:15,495,F|S,11,10,8,10,30,45,8,38.5,30,0.15,0,2.0.0,20261164
PK-005,2026-12-01,plan,1,Dienstag,2,49,0,0,,Pflegefachkraft,Pflegefachkraft,EXAM|PRAXISANLEITUNG,1.0,38.5,9240,9240,8316,10164,5,2,2,8,1,1,Pflegefachkraft,0,0.0,-2400,33,32,3,6,1,5634,1,,,,,,0,,0,,5,4,4,1,2254,1,4,4,3,1,1972,1,3,2,3,0,1408,0,ST-GER1,Normalstation Geriatrie,40,Geriatrie,10.0,20.0,06:00,14:00,450,,13:30,21:30,450,F,21:15,06:15,495,F|S,11,10,8,10,30,45,8,38.5,30,0.15,0,2.0.0,20261164
PK-006,2026-12-01,plan,1,Dienstag,2,49,0,0,,Pflegefachkraft,Pflegefachkraft,EXAM|KARDIO_MONITORING,0.6,23.1,5544,5544,4990,6098,5,2,2,8,1,1,Pflegefachkraft,0,0.0,536,33,32,3,6,1,5634,1,,,,,,0,,0,,5,4,4,1,2254,1,4,4,3,1,1972,1,3,2,3,0,1408,0,ST-GER1,Normalstation Geriatrie,40,Geriatrie,10.0,20.0,06:00,14:00,450,,13:30,21:30,450,F,21:15,06:15,495,F|S,11,10,8,10,30,45,8,38.5,30,0.15,0,2.0.0,20261164
PK-007,2026-12-01,plan,1,Dienstag,2,49,0,0,,Pflegefachkraft,Pflegefachkraft,EXAM|PRAXISANLEITUNG|KARDIO_MONITORING,0.75,28.88,6931,6931,6238,7624,5,2,2,8,1,1,Pflegefachkraft,0,0.0,716,33,32,3,6,1,5634,1,,,,,,0,,0,,5,4,4,1,2254,1,4,4,3,1,1972,1,3,2,3,0,1408,0,ST-GER1,Normalstation Geriatrie,40,Geriatrie,10.0,20.0,06:00,14:00,450,,13:30,21:30,450,F,21:15,06:15,495,F|S,11,10,8,10,30,45,8,38.5,30,0.15,0,2.0.0,20261164
PK-008,2026-12-01,plan,1,Dienstag,2,49,0,0,,Pflegefachkraft,Pflegefachkraft,EXAM,1.0,38.5,9240,9240,8316,10164,5,2,2,8,1,1,Pflegefachkraft,0,0.0,-2580,33,32,3,6,1,5634,1,,,,,,0,,0,,5,4,4,1,2254,1,4,4,3,1,1972,1,3,2,3,0,1408,0,ST-GER1,Normalstation Geriatrie,40,Geriatrie,10.0,20.0,06:00,14:00,450,,13:30,21:30,450,F,21:15,06:15,495,F|S,11,10,8,10,30,45,8,38.5,30,0.15,0,2.0.0,20261164
PK-009,2026-12-01,plan,1,Dienstag,2,49,0,0,,Pflegefachkraft,Pflegefachkraft,EXAM,1.0,38.5,9240,9240,8316,10164,5,2,2,8,1,1,Pflegefachkraft,0,0.0,-2130,33,32,3,6,1,5634,1,,,,,,0,,0,,5,4,4,1,2254,1,4,4,3,1,1972,1,3,2,3,0,1408,0,ST-GER1,Normalstation Geriatrie,40,Geriatrie,10.0,20.0,06:00,14:00,450,,13:30,21:30,450,F,21:15,06:15,495,F|S,11,10,8,10,30,45,8,38.5,30,0.15,0,2.0.0,20261164
PK-010,2026-12-01,plan,1,Dienstag,2,49,0,0,,Pflegefachkraft,Pflegefachkraft,EXAM,0.6,23.1,5544,5544,4990,6098,5,2,2,8,1,1,Pflegefachkraft,0,0.0,-1404,33,32,3,6,1,5634,1,,,,,,0,,0,,5,4,4,1,2254,1,4,4,3,1,1972,1,3,2,3,0,1408,0,ST-GER1,Normalstation Geriatrie,40,Geriatrie,10.0,20.0,06:00,14:00,450,,13:30,21:30,450,F,21:15,06:15,495,F|S,11,10,8,10,30,45,8,38.5,30,0.15,0,2.0.0,20261164
PK-011,2026-12-01,plan,1,Dienstag,2,49,0,0,,Pflegefachkraft,Pflegefachkraft,EXAM,1.0,38.5,9240,9240,8316,10164,5,2,2,8,1,1,Pflegefachkraft,0,0.0,-2130,33,32,3,6,1,5634,1,,,,,,0,,0,,5,4,4,1,2254,1,4,4,3,1,1972,1,3,2,3,0,1408,0,ST-GER1,Normalstation Geriatrie,40,Geriatrie,10.0,20.0,06:00,14:00,450,,13:30,21:30,450,F,21:15,06:15,495,F|S,11,10,8,10,30,45,8,38.5,30,0.15,0,2.0.0,20261164
PK-012,2026-12-01,plan,1,Dienstag,2,49,0,0,,Pflegefachkraft,Pflegefachkraft,EXAM|KARDIO_MONITORING,1.0,38.5,9240,9240,8316,10164,5,2,2,8,1,1,Pflegefachkraft,0,0.0,-2265,33,32,3,6,1,5634,1,,,,,,0,,0,,5,4,4,1,2254,1,4,4,3,1,1972,1,3,2,3,0,1408,0,ST-GER1,Normalstation Geriatrie,40,Geriatrie,10.0,20.0,06:00,14:00,450,,13:30,21:30,450,F,21:15,06:15,495,F|S,11,10,8,10,30,45,8,38.5,30,0.15,0,2.0.0,20261164
PK-013,2026-12-01,plan,1,Dienstag,2,49,0,0,,Pflegefachkraft,Pflegefachkraft,EXAM,1.0,38.5,9240,9240,8316,10164,5,2,2,8,1,1,Pflegefachkraft,0,0.0,-2310,33,32,3,6,1,5634,1,,,,,,0,,0,,5,4,4,1,2254,1,4,4,3,1,1972,1,3,2,3,0,1408,0,ST-GER1,Normalstation Geriatrie,40,Geriatrie,10.0,20.0,06:00,14:00,450,,13:30,21:30,450,F,21:15,06:15,495,F|S,11,10,8,10,30,45,8,38.5,30,0.15,0,2.0.0,20261164
PK-014,2026-12-01,plan,1,Dienstag,2,49,0,0,,Pflegefachkraft,Pflegefachkraft,EXAM,0.8,30.8,7392,7392,6653,8131,5,2,2,8,1,1,Pflegefachkraft,0,0.0,-1542,33,32,3,6,1,5634,1,,,N,2,,0,,0,,5,4,4,1,2254,1,4,4,3,1,1972,1,3,2,3,0,1408,0,ST-GER1,Normalstation Geriatrie,40,Geriatrie,10.0,20.0,06:00,14:00,450,,13:30,21:30,450,F,21:15,06:15,495,F|S,11,10,8,10,30,45,8,38.5,30,0.15,0,2.0.0,20261164
PK-015,2026-12-01,plan,1,Dienstag,2,49,0,0,,Pflegefachkraft,Pflegefachkraft,EXAM,0.6,23.1,5544,5544,4990,6098,5,2,2,8,1,1,Pflegefachkraft,0,0.0,-1404,33,32,3,6,1,5634,1,,,,,,0,,0,,5,4,4,1,2254,1,4,4,3,1,1972,1,3,2,3,0,1408,0,ST-GER1,Normalstation Geriatrie,40,Geriatrie,10.0,20.0,06:00,14:00,450,,13:30,21:30,450,F,21:15,06:15,495,F|S,11,10,8,10,30,45,8,38.5,30,0.15,0,2.0.0,20261164
PK-016,2026-12-01,plan,1,Dienstag,2,49,0,0,,Pflegefachkraft,Pflegefachkraft,EXAM,0.75,28.88,6931,6931,6238,7624,5,2,2,8,1,1,Pflegefachkraft,0,0.0,-1485,33,32,3,6,1,5634,1,,,,,,0,,0,,5,4,4,1,2254,1,4,4,3,1,1972,1,3,2,3,0,1408,0,ST-GER1,Normalstation Geriatrie,40,Geriatrie,10.0,20.0,06:00,14:00,450,,13:30,21:30,450,F,21:15,06:15,495,F|S,11,10,8,10,30,45,8,38.5,30,0.15,0,2.0.0,20261164
PK-017,2026-12-01,plan,1,Dienstag,2,49,0,0,,Pflegefachkraft,Pflegefachkraft,EXAM,0.7,26.95,6468,6468,5821,7115,5,2,2,8,1,1,Pflegefachkraft,0,0.0,-1473,33,32,3,6,1,5634,1,,,,,,0,,0,,5,4,4,1,2254,1,4,4,3,1,1972,1,3,2,3,0,1408,0,ST-GER1,Normalstation Geriatrie,40,Geriatrie,10.0,20.0,06:00,14:00,450,,13:30,21:30,450,F,21:15,06:15,495,F|S,11,10,8,10,30,45,8,38.5,30,0.15,0,2.0.0,20261164
PK-018,2026-12-01,plan,1,Dienstag,2,49,0,0,,Pflegefachkraft,Pflegefachkraft,EXAM|PRAXISANLEITUNG|KARDIO_MONITORING,0.9,34.65,8316,8316,7484,9148,5,2,2,8,1,1,Pflegefachkraft,0,0.0,-1971,33,32,3,6,1,5634,1,,,,,,0,,0,,5,4,4,1,2254,1,4,4,3,1,1972,1,3,2,3,0,1408,0,ST-GER1,Normalstation Geriatrie,40,Geriatrie,10.0,20.0,06:00,14:00,450,,13:30,21:30,450,F,21:15,06:15,495,F|S,11,10,8,10,30,45,8,38.5,30,0.15,0,2.0.0,20261164
PK-019,2026-12-01,plan,1,Dienstag,2,49,0,0,,Pflegefachkraft,Pflegefachkraft,EXAM,0.8,30.8,7392,7392,6653,8131,5,2,2,8,1,1,Pflegefachkraft,0,0.0,-1902,33,32,3,6,1,5634,1,,,,,,0,,0,,5,4,4,1,2254,1,4,4,3,1,1972,1,3,2,3,0,1408,0,ST-GER1,Normalstation Geriatrie,40,Geriatrie,10.0,20.0,06:00,14:00,450,,13:30,21:30,450,F,21:15,06:15,495,F|S,11,10,8,10,30,45,8,38.5,30,0.15,0,2.0.0,20261164
PK-020,2026-12-01,plan,1,Dienstag,2,49,0,0,,Pflegefachkraft,Pflegefachkraft,EXAM|KARDIO_MONITORING,0.5,19.25,4620,4620,4158,5082,5,2,2,8,1,1,Pflegefachkraft,0,0.0,-930,33,32,3,6,1,5634,1,,,,,,0,,0,,5,4,4,1,2254,1,4,4,3,1,1972,1,3,2,3,0,1408,0,ST-GER1,Normalstation Geriatrie,40,Geriatrie,10.0,20.0,06:00,14:00,450,,13:30,21:30,450,F,21:15,06:15,495,F|S,11,10,8,10,30,45,8,38.5,30,0.15,0,2.0.0,20261164
PK-021,2026-12-01,plan,1,Dienstag,2,49,0,0,,Pflegefachkraft,Pflegefachkraft,EXAM,0.8,30.8,7392,7392,6653,8131,5,2,2,8,1,1,Pflegefachkraft,0,0.0,-1722,33,32,3,6,1,5634,1,,,,,,0,,0,,5,4,4,1,2254,1,4,4,3,1,1972,1,3,2,3,0,1408,0,ST-GER1,Normalstation Geriatrie,40,Geriatrie,10.0,20.0,06:00,14:00,450,,13:30,21:30,450,F,21:15,06:15,495,F|S,11,10,8,10,30,45,8,38.5,30,0.15,0,2.0.0,20261164
PK-022,2026-12-01,plan,1,Dienstag,2,49,0,0,,Pflegefachkraft,Pflegefachkraft,EXAM|PRAXISANLEITUNG|KARDIO_MONITORING,0.5,19.25,4620,4620,4158,5082,5,2,2,8,1,1,Pflegefachkraft,0,0.0,-930,33,32,3,6,1,5634,0,LANGZEITABWESENHEIT,,,,,0,,0,,5,4,4,1,2254,1,4,4,3,1,1972,1,3,2,3,0,1408,0,ST-GER1,Normalstation Geriatrie,40,Geriatrie,10.0,20.0,06:00,14:00,450,,13:30,21:30,450,F,21:15,06:15,495,F|S,11,10,8,10,30,45,8,38.5,30,0.15,0,2.0.0,20261164
AZ-001,2026-12-02,plan,2,Mittwoch,3,49,0,0,,Auszubildende_r_3_Ausbildungsjahr,Auszubildende,AUSZUBILDEND,1.0,38.5,9240,9240,8316,10164,5,2,2,8,1,0,nicht anrechenbar,0,0.0,-9240,30,29,6,5,3,6007,1,,,,,,0,,0,,5,3,4,1,2403,1,5,3,4,1,2102,1,3,2,3,0,1502,0,ST-GER1,Normalstation Geriatrie,40,Geriatrie,10.0,20.0,06:00,14:00,450,,13:30,21:30,450,F,21:15,06:15,495,F|S,11,10,8,10,30,45,8,38.5,30,0.15,0,2.0.0,20261164
AZ-002,2026-12-02,plan,2,Mittwoch,3,49,0,0,,Auszubildende_r_2_Ausbildungsjahr,Auszubildende,AUSZUBILDEND,1.0,38.5,9240,9240,8316,10164,5,2,2,8,1,0,nicht anrechenbar,0,0.0,-9240,30,29,6,5,3,6007,1,,,,,,0,,0,,5,3,4,1,2403,1,5,3,4,1,2102,1,3,2,3,0,1502,0,ST-GER1,Normalstation Geriatrie,40,Geriatrie,10.0,20.0,06:00,14:00,450,,13:30,21:30,450,F,21:15,06:15,495,F|S,11,10,8,10,30,45,8,38.5,30,0.15,0,2.0.0,20261164
AZ-003,2026-12-02,plan,2,Mittwoch,3,49,0,0,,Auszubildende_r_1_Ausbildungsjahr,Auszubildende,AUSZUBILDEND,1.0,38.5,9240,9240,8316,10164,5,2,2,0,0,0,nicht anrechenbar,0,0.0,-9240,30,29,6,5,3,6007,1,,,,,,0,,0,,5,3,4,1,2403,1,5,3,4,1,2102,1,3,2,3,0,1502,0,ST-GER1,Normalstation Geriatrie,40,Geriatrie,10.0,20.0,06:00,14:00,450,,13:30,21:30,450,F,21:15,06:15,495,F|S,11,10,8,10,30,45,8,38.5,30,0.15,0,2.0.0,20261164
PH-001,2026-12-02,plan,2,Mittwoch,3,49,0,0,,Pflegehilfskraft,Pflegehilfskraft,PFLEGEHILFE,0.75,28.88,6931,6931,6238,7624,5,2,2,0,0,1,Pflegehilfskraft,0,0.0,-1530,30,29,6,5,3,6007,1,,,,,,0,,0,,5,3,4,1,2403,1,5,3,4,1,2102,1,3,2,3,0,1502,0,ST-GER1,Normalstation Geriatrie,40,Geriatrie,10.0,20.0,06:00,14:00,450,,13:30,21:30,450,F,21:15,06:15,495,F|S,11,10,8,10,30,45,8,38.5,30,0.15,0,2.0.0,20261164
PH-002,2026-12-02,plan,2,Mittwoch,3,49,0,0,,Pflegehilfskraft,Pflegehilfskraft,PFLEGEHILFE,0.75,28.88,6931,6931,6238,7624,5,2,2,0,0,1,Pflegehilfskraft,0,0.0,-1530,30,29,6,5,3,6007,1,,,,,,0,,0,,5,3,4,1,2403,1,5,3,4,1,2102,1,3,2,3,0,1502,0,ST-GER1,Normalstation Geriatrie,40,Geriatrie,10.0,20.0,06:00,14:00,450,,13:30,21:30,450,F,21:15,06:15,495,F|S,11,10,8,10,30,45,8,38.5,30,0.15,0,2.0.0,20261164
PH-003,2026-12-02,plan,2,Mittwoch,3,49,0,0,,Pflegehilfskraft,Pflegehilfskraft,PFLEGEHILFE,0.5,19.25,4620,4620,4158,5082,5,2,2,0,0,1,Pflegehilfskraft,0,0.0,-1020,30,29,6,5,3,6007,1,,,,,,0,,0,,5,3,4,1,2403,1,5,3,4,1,2102,1,3,2,3,0,1502,0,ST-GER1,Normalstation Geriatrie,40,Geriatrie,10.0,20.0,06:00,14:00,450,,13:30,21:30,450,F,21:15,06:15,495,F|S,11,10,8,10,30,45,8,38.5,30,0.15,0,2.0.0,20261164
PK-001,2026-12-02,plan,2,Mittwoch,3,49,0,0,,Stationsleitung,Pflegefachkraft,EXAM|LEITUNG|PRAXISANLEITUNG,1.0,38.5,9240,4620,4158,5082,5,2,2,0,0,1,Pflegefachkraft,1,0.5,4464,30,29,6,5,3,6007,1,,,,,,0,,0,,5,3,4,1,2403,1,5,3,4,1,2102,1,3,2,3,0,1502,0,ST-GER1,Normalstation Geriatrie,40,Geriatrie,10.0,20.0,06:00,14:00,450,,13:30,21:30,450,F,21:15,06:15,495,F|S,11,10,8,10,30,45,8,38.5,30,0.15,0,2.0.0,20261164
PK-002,2026-12-02,plan,2,Mittwoch,3,49,0,0,,Pflegefachkraft,Pflegefachkraft,EXAM|KARDIO_MONITORING,1.0,38.5,9240,9240,8316,10164,5,2,2,8,1,1,Pflegefachkraft,0,0.0,-2310,30,29,6,5,3,6007,1,,,,,,0,,0,,5,3,4,1,2403,1,5,3,4,1,2102,1,3,2,3,0,1502,0,ST-GER1,Normalstation Geriatrie,40,Geriatrie,10.0,20.0,06:00,14:00,450,,13:30,21:30,450,F,21:15,06:15,495,F|S,11,10,8,10,30,45,8,38.5,30,0.15,0,2.0.0,20261164
PK-003,2026-12-02,plan,2,Mittwoch,3,49,0,0,,Pflegefachkraft,Pflegefachkraft,EXAM|PRAXISANLEITUNG|KARDIO_MONITORING,1.0,38.5,9240,9240,8316,10164,5,2,2,8,1,1,Pflegefachkraft,0,0.0,-2265,30,29,6,5,3,6007,1,,,,,,0,,0,,5,3,4,1,2403,1,5,3,4,1,2102,1,3,2,3,0,1502,0,ST-GER1,Normalstation Geriatrie,40,Geriatrie,10.0,20.0,06:00,14:00,450,,13:30,21:30,450,F,21:15,06:15,495,F|S,11,10,8,10,30,45,8,38.5,30,0.15,0,2.0.0,20261164
PK-004,2026-12-02,plan,2,Mittwoch,3,49,0,0,,Pflegefachkraft,Pflegefachkraft,EXAM,0.7,26.95,6468,6468,5821,7115,5,2,2,8,1,1,Pflegefachkraft,0,0.0,-1518,30,29,6,5,3,6007,1,,,,,,0,,0,,5,3,4,1,2403,1,5,3,4,1,2102,1,3,2,3,0,1502,0,ST-GER1,Normalstation Geriatrie,40,Geriatrie,10.0,20.0,06:00,14:00,450,,13:30,21:30,450,F,21:15,06:15,495,F|S,11,10,8,10,30,45,8,38.5,30,0.15,0,2.0.0,20261164
PK-005,2026-12-02,plan,2,Mittwoch,3,49,0,0,,Pflegefachkraft,Pflegefachkraft,EXAM|PRAXISANLEITUNG,1.0,38.5,9240,9240,8316,10164,5,2,2,8,1,1,Pflegefachkraft,0,0.0,-2400,30,29,6,5,3,6007,1,,,,,,0,,0,,5,3,4,1,2403,1,5,3,4,1,2102,1,3,2,3,0,1502,0,ST-GER1,Normalstation Geriatrie,40,Geriatrie,10.0,20.0,06:00,14:00,450,,13:30,21:30,450,F,21:15,06:15,495,F|S,11,10,8,10,30,45,8,38.5,30,0.15,0,2.0.0,20261164
PK-006,2026-12-02,plan,2,Mittwoch,3,49,0,0,,Pflegefachkraft,Pflegefachkraft,EXAM|KARDIO_MONITORING,0.6,23.1,5544,5544,4990,6098,5,2,2,8,1,1,Pflegefachkraft,0,0.0,536,30,29,6,5,3,6007,1,,,,,,0,,0,,5,3,4,1,2403,1,5,3,4,1,2102,1,3,2,3,0,1502,0,ST-GER1,Normalstation Geriatrie,40,Geriatrie,10.0,20.0,06:00,14:00,450,,13:30,21:30,450,F,21:15,06:15,495,F|S,11,10,8,10,30,45,8,38.5,30,0.15,0,2.0.0,20261164
PK-007,2026-12-02,plan,2,Mittwoch,3,49,0,0,,Pflegefachkraft,Pflegefachkraft,EXAM|PRAXISANLEITUNG|KARDIO_MONITORING,0.75,28.88,6931,6931,6238,7624,5,2,2,8,1,1,Pflegefachkraft,0,0.0,716,30,29,6,5,3,6007,1,,,,,,0,,0,,5,3,4,1,2403,1,5,3,4,1,2102,1,3,2,3,0,1502,0,ST-GER1,Normalstation Geriatrie,40,Geriatrie,10.0,20.0,06:00,14:00,450,,13:30,21:30,450,F,21:15,06:15,495,F|S,11,10,8,10,30,45,8,38.5,30,0.15,0,2.0.0,20261164
PK-008,2026-12-02,plan,2,Mittwoch,3,49,0,0,,Pflegefachkraft,Pflegefachkraft,EXAM,1.0,38.5,9240,9240,8316,10164,5,2,2,8,1,1,Pflegefachkraft,0,0.0,-2580,30,29,6,5,3,6007,1,,,,,,0,,0,,5,3,4,1,2403,1,5,3,4,1,2102,1,3,2,3,0,1502,0,ST-GER1,Normalstation Geriatrie,40,Geriatrie,10.0,20.0,06:00,14:00,450,,13:30,21:30,450,F,21:15,06:15,495,F|S,11,10,8,10,30,45,8,38.5,30,0.15,0,2.0.0,20261164
PK-009,2026-12-02,plan,2,Mittwoch,3,49,0,0,,Pflegefachkraft,Pflegefachkraft,EXAM,1.0,38.5,9240,9240,8316,10164,5,2,2,8,1,1,Pflegefachkraft,0,0.0,-2130,30,29,6,5,3,6007,1,,,,,,0,,0,,5,3,4,1,2403,1,5,3,4,1,2102,1,3,2,3,0,1502,0,ST-GER1,Normalstation Geriatrie,40,Geriatrie,10.0,20.0,06:00,14:00,450,,13:30,21:30,450,F,21:15,06:15,495,F|S,11,10,8,10,30,45,8,38.5,30,0.15,0,2.0.0,20261164
PK-010,2026-12-02,plan,2,Mittwoch,3,49,0,0,,Pflegefachkraft,Pflegefachkraft,EXAM,0.6,23.1,5544,5544,4990,6098,5,2,2,8,1,1,Pflegefachkraft,0,0.0,-1404,30,29,6,5,3,6007,1,,3,,,,0,,0,,5,3,4,1,2403,1,5,3,4,1,2102,1,3,2,3,0,1502,0,ST-GER1,Normalstation Geriatrie,40,Geriatrie,10.0,20.0,06:00,14:00,450,,13:30,21:30,450,F,21:15,06:15,495,F|S,11,10,8,10,30,45,8,38.5,30,0.15,0,2.0.0,20261164
PK-011,2026-12-02,plan,2,Mittwoch,3,49,0,0,,Pflegefachkraft,Pflegefachkraft,EXAM,1.0,38.5,9240,9240,8316,10164,5,2,2,8,1,1,Pflegefachkraft,0,0.0,-2130,30,29,6,5,3,6007,1,,,,,,0,,0,,5,3,4,1,2403,1,5,3,4,1,2102,1,3,2,3,0,1502,0,ST-GER1,Normalstation Geriatrie,40,Geriatrie,10.0,20.0,06:00,14:00,450,,13:30,21:30,450,F,21:15,06:15,495,F|S,11,10,8,10,30,45,8,38.5,30,0.15,0,2.0.0,20261164
PK-012,2026-12-02,plan,2,Mittwoch,3,49,0,0,,Pflegefachkraft,Pflegefachkraft,EXAM|KARDIO_MONITORING,1.0,38.5,9240,9240,8316,10164,5,2,2,8,1,1,Pflegefachkraft,0,0.0,-2265,30,29,6,5,3,6007,1,,,,,,0,,0,,5,3,4,1,2403,1,5,3,4,1,2102,1,3,2,3,0,1502,0,ST-GER1,Normalstation Geriatrie,40,Geriatrie,10.0,20.0,06:00,14:00,450,,13:30,21:30,450,F,21:15,06:15,495,F|S,11,10,8,10,30,45,8,38.5,30,0.15,0,2.0.0,20261164
PK-013,2026-12-02,plan,2,Mittwoch,3,49,0,0,,Pflegefachkraft,Pflegefachkraft,EXAM,1.0,38.5,9240,9240,8316,10164,5,2,2,8,1,1,Pflegefachkraft,0,0.0,-2310,30,29,6,5,3,6007,1,,,,,,0,,0,,5,3,4,1,2403,1,5,3,4,1,2102,1,3,2,3,0,1502,0,ST-GER1,Normalstation Geriatrie,40,Geriatrie,10.0,20.0,06:00,14:00,450,,13:30,21:30,450,F,21:15,06:15,495,F|S,11,10,8,10,30,45,8,38.5,30,0.15,0,2.0.0,20261164
PK-014,2026-12-02,plan,2,Mittwoch,3,49,0,0,,Pflegefachkraft,Pflegefachkraft,EXAM,0.8,30.8,7392,7392,6653,8131,5,2,2,8,1,1,Pflegefachkraft,0,0.0,-1542,30,29,6,5,3,6007,1,,,,,,1,12,0,,5,3,4,1,2403,1,5,3,4,1,2102,1,3,2,3,0,1502,0,ST-GER1,Normalstation Geriatrie,40,Geriatrie,10.0,20.0,06:00,14:00,450,,13:30,21:30,450,F,21:15,06:15,495,F|S,11,10,8,10,30,45,8,38.5,30,0.15,0,2.0.0,20261164
PK-015,2026-12-02,plan,2,Mittwoch,3,49,0,0,,Pflegefachkraft,Pflegefachkraft,EXAM,0.6,23.1,5544,5544,4990,6098,5,2,2,8,1,1,Pflegefachkraft,0,0.0,-1404,30,29,6,5,3,6007,1,,,,,,0,,0,,5,3,4,1,2403,1,5,3,4,1,2102,1,3,2,3,0,1502,0,ST-GER1,Normalstation Geriatrie,40,Geriatrie,10.0,20.0,06:00,14:00,450,,13:30,21:30,450,F,21:15,06:15,495,F|S,11,10,8,10,30,45,8,38.5,30,0.15,0,2.0.0,20261164
PK-016,2026-12-02,plan,2,Mittwoch,3,49,0,0,,Pflegefachkraft,Pflegefachkraft,EXAM,0.75,28.88,6931,6931,6238,7624,5,2,2,8,1,1,Pflegefachkraft,0,0.0,-1485,30,29,6,5,3,6007,1,,,,,,0,,0,,5,3,4,1,2403,1,5,3,4,1,2102,1,3,2,3,0,1502,0,ST-GER1,Normalstation Geriatrie,40,Geriatrie,10.0,20.0,06:00,14:00,450,,13:30,21:30,450,F,21:15,06:15,495,F|S,11,10,8,10,30,45,8,38.5,30,0.15,0,2.0.0,20261164
PK-017,2026-12-02,plan,2,Mittwoch,3,49,0,0,,Pflegefachkraft,Pflegefachkraft,EXAM,0.7,26.95,6468,6468,5821,7115,5,2,2,8,1,1,Pflegefachkraft,0,0.0,-1473,30,29,6,5,3,6007,1,,,,,,0,,0,,5,3,4,1,2403,1,5,3,4,1,2102,1,3,2,3,0,1502,0,ST-GER1,Normalstation Geriatrie,40,Geriatrie,10.0,20.0,06:00,14:00,450,,13:30,21:30,450,F,21:15,06:15,495,F|S,11,10,8,10,30,45,8,38.5,30,0.15,0,2.0.0,20261164
PK-018,2026-12-02,plan,2,Mittwoch,3,49,0,0,,Pflegefachkraft,Pflegefachkraft,EXAM|PRAXISANLEITUNG|KARDIO_MONITORING,0.9,34.65,8316,8316,7484,9148,5,2,2,8,1,1,Pflegefachkraft,0,0.0,-1971,30,29,6,5,3,6007,1,,,,,,0,,0,,5,3,4,1,2403,1,5,3,4,1,2102,1,3,2,3,0,1502,0,ST-GER1,Normalstation Geriatrie,40,Geriatrie,10.0,20.0,06:00,14:00,450,,13:30,21:30,450,F,21:15,06:15,495,F|S,11,10,8,10,30,45,8,38.5,30,0.15,0,2.0.0,20261164
PK-019,2026-12-02,plan,2,Mittwoch,3,49,0,0,,Pflegefachkraft,Pflegefachkraft,EXAM,0.8,30.8,7392,7392,6653,8131,5,2,2,8,1,1,Pflegefachkraft,0,0.0,-1902,30,29,6,5,3,6007,1,,1,,,,0,,0,,5,3,4,1,2403,1,5,3,4,1,2102,1,3,2,3,0,1502,0,ST-GER1,Normalstation Geriatrie,40,Geriatrie,10.0,20.0,06:00,14:00,450,,13:30,21:30,450,F,21:15,06:15,495,F|S,11,10,8,10,30,45,8,38.5,30,0.15,0,2.0.0,20261164
PK-020,2026-12-02,plan,2,Mittwoch,3,49,0,0,,Pflegefachkraft,Pflegefachkraft,EXAM|KARDIO_MONITORING,0.5,19.25,4620,4620,4158,5082,5,2,2,8,1,1,Pflegefachkraft,0,0.0,-930,30,29,6,5,3,6007,1,,,,,,1,2,0,,5,3,4,1,2403,1,5,3,4,1,2102,1,3,2,3,0,1502,0,ST-GER1,Normalstation Geriatrie,40,Geriatrie,10.0,20.0,06:00,14:00,450,,13:30,21:30,450,F,21:15,06:15,495,F|S,11,10,8,10,30,45,8,38.5,30,0.15,0,2.0.0,20261164
PK-021,2026-12-02,plan,2,Mittwoch,3,49,0,0,,Pflegefachkraft,Pflegefachkraft,EXAM,0.8,30.8,7392,7392,6653,8131,5,2,2,8,1,1,Pflegefachkraft,0,0.0,-1722,30,29,6,5,3,6007,1,,,,,,0,,0,,5,3,4,1,2403,1,5,3,4,1,2102,1,3,2,3,0,1502,0,ST-GER1,Normalstation Geriatrie,40,Geriatrie,10.0,20.0,06:00,14:00,450,,13:30,21:30,450,F,21:15,06:15,495,F|S,11,10,8,10,30,45,8,38.5,30,0.15,0,2.0.0,20261164
PK-022,2026-12-02,plan,2,Mittwoch,3,49,0,0,,Pflegefachkraft,Pflegefachkraft,EXAM|PRAXISANLEITUNG|KARDIO_MONITORING,0.5,19.25,4620,4620,4158,5082,5,2,2,8,1,1,Pflegefachkraft,0,0.0,-930,30,29,6,5,3,6007,0,LANGZEITABWESENHEIT,,,,,0,,0,,5,3,4,1,2403,1,5,3,4,1,2102,1,3,2,3,0,1502,0,ST-GER1,Normalstation Geriatrie,40,Geriatrie,10.0,20.0,06:00,14:00,450,,13:30,21:30,450,F,21:15,06:15,495,F|S,11,10,8,10,30,45,8,38.5,30,0.15,0,2.0.0,20261164
AZ-001,2026-12-03,plan,3,Donnerstag,4,49,0,0,,Auszubildende_r_3_Ausbildungsjahr,Auszubildende,AUSZUBILDEND,1.0,38.5,9240,9240,8316,10164,5,2,2,8,1,0,nicht anrechenbar,0,0.0,-9240,31,31,3,5,1,5863,1,,,,,,0,,0,,5,4,4,1,2345,1,5,4,4,1,2052,1,3,2,3,0,1466,0,ST-GER1,Normalstation Geriatrie,40,Geriatrie,10.0,20.0,06:00,14:00,450,,13:30,21:30,450,F,21:15,06:15,495,F|S,11,10,8,10,30,45,8,38.5,30,0.15,0,2.0.0,20261164
AZ-002,2026-12-03,plan,3,Donnerstag,4,49,0,0,,Auszubildende_r_2_Ausbildungsjahr,Auszubildende,AUSZUBILDEND,1.0,38.5,9240,9240,8316,10164,5,2,2,8,1,0,nicht anrechenbar,0,0.0,-9240,31,31,3,5,1,5863,1,,,,,,0,,0,,5,4,4,1,2345,1,5,4,4,1,2052,1,3,2,3,0,1466,0,ST-GER1,Normalstation Geriatrie,40,Geriatrie,10.0,20.0,06:00,14:00,450,,13:30,21:30,450,F,21:15,06:15,495,F|S,11,10,8,10,30,45,8,38.5,30,0.15,0,2.0.0,20261164
AZ-003,2026-12-03,plan,3,Donnerstag,4,49,0,0,,Auszubildende_r_1_Ausbildungsjahr,Auszubildende,AUSZUBILDEND,1.0,38.5,9240,9240,8316,10164,5,2,2,0,0,0,nicht anrechenbar,0,0.0,-9240,31,31,3,5,1,5863,1,,,,,,0,,0,,5,4,4,1,2345,1,5,4,4,1,2052,1,3,2,3,0,1466,0,ST-GER1,Normalstation Geriatrie,40,Geriatrie,10.0,20.0,06:00,14:00,450,,13:30,21:30,450,F,21:15,06:15,495,F|S,11,10,8,10,30,45,8,38.5,30,0.15,0,2.0.0,20261164
PH-001,2026-12-03,plan,3,Donnerstag,4,49,0,0,,Pflegehilfskraft,Pflegehilfskraft,PFLEGEHILFE,0.75,28.88,6931,6931,6238,7624,5,2,2,0,0,1,Pflegehilfskraft,0,0.0,-1530,31,31,3,5,1,5863,1,,,,,,0,,0,,5,4,4,1,2345,1,5,4,4,1,2052,1,3,2,3,0,1466,0,ST-GER1,Normalstation Geriatrie,40,Geriatrie,10.0,20.0,06:00,14:00,450,,13:30,21:30,450,F,21:15,06:15,495,F|S,11,10,8,10,30,45,8,38.5,30,0.15,0,2.0.0,20261164
PH-002,2026-12-03,plan,3,Donnerstag,4,49,0,0,,Pflegehilfskraft,Pflegehilfskraft,PFLEGEHILFE,0.75,28.88,6931,6931,6238,7624,5,2,2,0,0,1,Pflegehilfskraft,0,0.0,-1530,31,31,3,5,1,5863,1,,,,,,0,,0,,5,4,4,1,2345,1,5,4,4,1,2052,1,3,2,3,0,1466,0,ST-GER1,Normalstation Geriatrie,40,Geriatrie,10.0,20.0,06:00,14:00,450,,13:30,21:30,450,F,21:15,06:15,495,F|S,11,10,8,10,30,45,8,38.5,30,0.15,0,2.0.0,20261164
PH-003,2026-12-03,plan,3,Donnerstag,4,49,0,0,,Pflegehilfskraft,Pflegehilfskraft,PFLEGEHILFE,0.5,19.25,4620,4620,4158,5082,5,2,2,0,0,1,Pflegehilfskraft,0,0.0,-1020,31,31,3,5,1,5863,1,,,,,,0,,0,,5,4,4,1,2345,1,5,4,4,1,2052,1,3,2,3,0,1466,0,ST-GER1,Normalstation Geriatrie,40,Geriatrie,10.0,20.0,06:00,14:00,450,,13:30,21:30,450,F,21:15,06:15,495,F|S,11,10,8,10,30,45,8,38.5,30,0.15,0,2.0.0,20261164
PK-001,2026-12-03,plan,3,Donnerstag,4,49,0,0,,Stationsleitung,Pflegefachkraft,EXAM|LEITUNG|PRAXISANLEITUNG,1.0,38.5,9240,4620,4158,5082,5,2,2,0,0,1,Pflegefachkraft,1,0.5,4464,31,31,3,5,1,5863,1,,,,,,1,8,0,,5,4,4,1,2345,1,5,4,4,1,2052,1,3,2,3,0,1466,0,ST-GER1,Normalstation Geriatrie,40,Geriatrie,10.0,20.0,06:00,14:00,450,,13:30,21:30,450,F,21:15,06:15,495,F|S,11,10,8,10,30,45,8,38.5,30,0.15,0,2.0.0,20261164
PK-002,2026-12-03,plan,3,Donnerstag,4,49,0,0,,Pflegefachkraft,Pflegefachkraft,EXAM|KARDIO_MONITORING,1.0,38.5,9240,9240,8316,10164,5,2,2,8,1,1,Pflegefachkraft,0,0.0,-2310,31,31,3,5,1,5863,1,,,,,,0,,0,,5,4,4,1,2345,1,5,4,4,1,2052,1,3,2,3,0,1466,0,ST-GER1,Normalstation Geriatrie,40,Geriatrie,10.0,20.0,06:00,14:00,450,,13:30,21:30,450,F,21:15,06:15,495,F|S,11,10,8,10,30,45,8,38.5,30,0.15,0,2.0.0,20261164
PK-003,2026-12-03,plan,3,Donnerstag,4,49,0,0,,Pflegefachkraft,Pflegefachkraft,EXAM|PRAXISANLEITUNG|KARDIO_MONITORING,1.0,38.5,9240,9240,8316,10164,5,2,2,8,1,1,Pflegefachkraft,0,0.0,-2265,31,31,3,5,1,5863,1,,,,,,0,,0,,5,4,4,1,2345,1,5,4,4,1,2052,1,3,2,3,0,1466,0,ST-GER1,Normalstation Geriatrie,40,Geriatrie,10.0,20.0,06:00,14:00,450,,13:30,21:30,450,F,21:15,06:15,495,F|S,11,10,8,10,30,45,8,38.5,30,0.15,0,2.0.0,20261164
PK-004,2026-12-03,plan,3,Donnerstag,4,49,0,0,,Pflegefachkraft,Pflegefachkraft,EXAM,0.7,26.95,6468,6468,5821,7115,5,2,2,8,1,1,Pflegefachkraft,0,0.0,-1518,31,31,3,5,1,5863,1,,,,,,0,,0,,5,4,4,1,2345,1,5,4,4,1,2052,1,3,2,3,0,1466,0,ST-GER1,Normalstation Geriatrie,40,Geriatrie,10.0,20.0,06:00,14:00,450,,13:30,21:30,450,F,21:15,06:15,495,F|S,11,10,8,10,30,45,8,38.5,30,0.15,0,2.0.0,20261164
PK-005,2026-12-03,plan,3,Donnerstag,4,49,0,0,,Pflegefachkraft,Pflegefachkraft,EXAM|PRAXISANLEITUNG,1.0,38.5,9240,9240,8316,10164,5,2,2,8,1,1,Pflegefachkraft,0,0.0,-2400,31,31,3,5,1,5863,1,,,,,,0,,0,,5,4,4,1,2345,1,5,4,4,1,2052,1,3,2,3,0,1466,0,ST-GER1,Normalstation Geriatrie,40,Geriatrie,10.0,20.0,06:00,14:00,450,,13:30,21:30,450,F,21:15,06:15,495,F|S,11,10,8,10,30,45,8,38.5,30,0.15,0,2.0.0,20261164
PK-006,2026-12-03,plan,3,Donnerstag,4,49,0,0,,Pflegefachkraft,Pflegefachkraft,EXAM|KARDIO_MONITORING,0.6,23.1,5544,5544,4990,6098,5,2,2,8,1,1,Pflegefachkraft,0,0.0,536,31,31,3,5,1,5863,1,,,,,,0,,0,,5,4,4,1,2345,1,5,4,4,1,2052,1,3,2,3,0,1466,0,ST-GER1,Normalstation Geriatrie,40,Geriatrie,10.0,20.0,06:00,14:00,450,,13:30,21:30,450,F,21:15,06:15,495,F|S,11,10,8,10,30,45,8,38.5,30,0.15,0,2.0.0,20261164
PK-007,2026-12-03,plan,3,Donnerstag,4,49,0,0,,Pflegefachkraft,Pflegefachkraft,EXAM|PRAXISANLEITUNG|KARDIO_MONITORING,0.75,28.88,6931,6931,6238,7624,5,2,2,8,1,1,Pflegefachkraft,0,0.0,716,31,31,3,5,1,5863,1,,,N,2,,0,,0,,5,4,4,1,2345,1,5,4,4,1,2052,1,3,2,3,0,1466,0,ST-GER1,Normalstation Geriatrie,40,Geriatrie,10.0,20.0,06:00,14:00,450,,13:30,21:30,450,F,21:15,06:15,495,F|S,11,10,8,10,30,45,8,38.5,30,0.15,0,2.0.0,20261164
PK-008,2026-12-03,plan,3,Donnerstag,4,49,0,0,,Pflegefachkraft,Pflegefachkraft,EXAM,1.0,38.5,9240,9240,8316,10164,5,2,2,8,1,1,Pflegefachkraft,0,0.0,-2580,31,31,3,5,1,5863,1,,2,,,,0,,0,,5,4,4,1,2345,1,5,4,4,1,2052,1,3,2,3,0,1466,0,ST-GER1,Normalstation Geriatrie,40,Geriatrie,10.0,20.0,06:00,14:00,450,,13:30,21:30,450,F,21:15,06:15,495,F|S,11,10,8,10,30,45,8,38.5,30,0.15,0,2.0.0,20261164
PK-009,2026-12-03,plan,3,Donnerstag,4,49,0,0,,Pflegefachkraft,Pflegefachkraft,EXAM,1.0,38.5,9240,9240,8316,10164,5,2,2,8,1,1,Pflegefachkraft,0,0.0,-2130,31,31,3,5,1,5863,1,,,,,,0,,0,,5,4,4,1,2345,1,5,4,4,1,2052,1,3,2,3,0,1466,0,ST-GER1,Normalstation Geriatrie,40,Geriatrie,10.0,20.0,06:00,14:00,450,,13:30,21:30,450,F,21:15,06:15,495,F|S,11,10,8,10,30,45,8,38.5,30,0.15,0,2.0.0,20261164
PK-010,2026-12-03,plan,3,Donnerstag,4,49,0,0,,Pflegefachkraft,Pflegefachkraft,EXAM,0.6,23.1,5544,5544,4990,6098,5,2,2,8,1,1,Pflegefachkraft,0,0.0,-1404,31,31,3,5,1,5863,1,,,,,,0,,0,,5,4,4,1,2345,1,5,4,4,1,2052,1,3,2,3,0,1466,0,ST-GER1,Normalstation Geriatrie,40,Geriatrie,10.0,20.0,06:00,14:00,450,,13:30,21:30,450,F,21:15,06:15,495,F|S,11,10,8,10,30,45,8,38.5,30,0.15,0,2.0.0,20261164
PK-011,2026-12-03,plan,3,Donnerstag,4,49,0,0,,Pflegefachkraft,Pflegefachkraft,EXAM,1.0,38.5,9240,9240,8316,10164,5,2,2,8,1,1,Pflegefachkraft,0,0.0,-2130,31,31,3,5,1,5863,1,,,,,,0,,0,,5,4,4,1,2345,1,5,4,4,1,2052,1,3,2,3,0,1466,0,ST-GER1,Normalstation Geriatrie,40,Geriatrie,10.0,20.0,06:00,14:00,450,,13:30,21:30,450,F,21:15,06:15,495,F|S,11,10,8,10,30,45,8,38.5,30,0.15,0,2.0.0,20261164
PK-012,2026-12-03,plan,3,Donnerstag,4,49,0,0,,Pflegefachkraft,Pflegefachkraft,EXAM|KARDIO_MONITORING,1.0,38.5,9240,9240,8316,10164,5,2,2,8,1,1,Pflegefachkraft,0,0.0,-2265,31,31,3,5,1,5863,1,,,,,,0,,0,,5,4,4,1,2345,1,5,4,4,1,2052,1,3,2,3,0,1466,0,ST-GER1,Normalstation Geriatrie,40,Geriatrie,10.0,20.0,06:00,14:00,450,,13:30,21:30,450,F,21:15,06:15,495,F|S,11,10,8,10,30,45,8,38.5,30,0.15,0,2.0.0,20261164
PK-013,2026-12-03,plan,3,Donnerstag,4,49,0,0,,Pflegefachkraft,Pflegefachkraft,EXAM,1.0,38.5,9240,9240,8316,10164,5,2,2,8,1,1,Pflegefachkraft,0,0.0,-2310,31,31,3,5,1,5863,1,,,,,,0,,0,,5,4,4,1,2345,1,5,4,4,1,2052,1,3,2,3,0,1466,0,ST-GER1,Normalstation Geriatrie,40,Geriatrie,10.0,20.0,06:00,14:00,450,,13:30,21:30,450,F,21:15,06:15,495,F|S,11,10,8,10,30,45,8,38.5,30,0.15,0,2.0.0,20261164
PK-014,2026-12-03,plan,3,Donnerstag,4,49,0,0,,Pflegefachkraft,Pflegefachkraft,EXAM,0.8,30.8,7392,7392,6653,8131,5,2,2,8,1,1,Pflegefachkraft,0,0.0,-1542,31,31,3,5,1,5863,1,,,,,,0,,0,,5,4,4,1,2345,1,5,4,4,1,2052,1,3,2,3,0,1466,0,ST-GER1,Normalstation Geriatrie,40,Geriatrie,10.0,20.0,06:00,14:00,450,,13:30,21:30,450,F,21:15,06:15,495,F|S,11,10,8,10,30,45,8,38.5,30,0.15,0,2.0.0,20261164
PK-015,2026-12-03,plan,3,Donnerstag,4,49,0,0,,Pflegefachkraft,Pflegefachkraft,EXAM,0.6,23.1,5544,5544,4990,6098,5,2,2,8,1,1,Pflegefachkraft,0,0.0,-1404,31,31,3,5,1,5863,1,,,N,1,,1,12,0,,5,4,4,1,2345,1,5,4,4,1,2052,1,3,2,3,0,1466,0,ST-GER1,Normalstation Geriatrie,40,Geriatrie,10.0,20.0,06:00,14:00,450,,13:30,21:30,450,F,21:15,06:15,495,F|S,11,10,8,10,30,45,8,38.5,30,0.15,0,2.0.0,20261164
PK-016,2026-12-03,plan,3,Donnerstag,4,49,0,0,,Pflegefachkraft,Pflegefachkraft,EXAM,0.75,28.88,6931,6931,6238,7624,5,2,2,8,1,1,Pflegefachkraft,0,0.0,-1485,31,31,3,5,1,5863,1,,,,,,0,,0,,5,4,4,1,2345,1,5,4,4,1,2052,1,3,2,3,0,1466,0,ST-GER1,Normalstation Geriatrie,40,Geriatrie,10.0,20.0,06:00,14:00,450,,13:30,21:30,450,F,21:15,06:15,495,F|S,11,10,8,10,30,45,8,38.5,30,0.15,0,2.0.0,20261164
PK-017,2026-12-03,plan,3,Donnerstag,4,49,0,0,,Pflegefachkraft,Pflegefachkraft,EXAM,0.7,26.95,6468,6468,5821,7115,5,2,2,8,1,1,Pflegefachkraft,0,0.0,-1473,31,31,3,5,1,5863,1,,,,,,0,,0,,5,4,4,1,2345,1,5,4,4,1,2052,1,3,2,3,0,1466,0,ST-GER1,Normalstation Geriatrie,40,Geriatrie,10.0,20.0,06:00,14:00,450,,13:30,21:30,450,F,21:15,06:15,495,F|S,11,10,8,10,30,45,8,38.5,30,0.15,0,2.0.0,20261164
PK-018,2026-12-03,plan,3,Donnerstag,4,49,0,0,,Pflegefachkraft,Pflegefachkraft,EXAM|PRAXISANLEITUNG|KARDIO_MONITORING,0.9,34.65,8316,8316,7484,9148,5,2,2,8,1,1,Pflegefachkraft,0,0.0,-1971,31,31,3,5,1,5863,1,,,,,,0,,0,,5,4,4,1,2345,1,5,4,4,1,2052,1,3,2,3,0,1466,0,ST-GER1,Normalstation Geriatrie,40,Geriatrie,10.0,20.0,06:00,14:00,450,,13:30,21:30,450,F,21:15,06:15,495,F|S,11,10,8,10,30,45,8,38.5,30,0.15,0,2.0.0,20261164
PK-019,2026-12-03,plan,3,Donnerstag,4,49,0,0,,Pflegefachkraft,Pflegefachkraft,EXAM,0.8,30.8,7392,7392,6653,8131,5,2,2,8,1,1,Pflegefachkraft,0,0.0,-1902,31,31,3,5,1,5863,1,,,,,,0,,0,,5,4,4,1,2345,1,5,4,4,1,2052,1,3,2,3,0,1466,0,ST-GER1,Normalstation Geriatrie,40,Geriatrie,10.0,20.0,06:00,14:00,450,,13:30,21:30,450,F,21:15,06:15,495,F|S,11,10,8,10,30,45,8,38.5,30,0.15,0,2.0.0,20261164
PK-020,2026-12-03,plan,3,Donnerstag,4,49,0,0,,Pflegefachkraft,Pflegefachkraft,EXAM|KARDIO_MONITORING,0.5,19.25,4620,4620,4158,5082,5,2,2,8,1,1,Pflegefachkraft,0,0.0,-930,31,31,3,5,1,5863,1,,,,,,0,,0,,5,4,4,1,2345,1,5,4,4,1,2052,1,3,2,3,0,1466,0,ST-GER1,Normalstation Geriatrie,40,Geriatrie,10.0,20.0,06:00,14:00,450,,13:30,21:30,450,F,21:15,06:15,495,F|S,11,10,8,10,30,45,8,38.5,30,0.15,0,2.0.0,20261164
PK-021,2026-12-03,plan,3,Donnerstag,4,49,0,0,,Pflegefachkraft,Pflegefachkraft,EXAM,0.8,30.8,7392,7392,6653,8131,5,2,2,8,1,1,Pflegefachkraft,0,0.0,-1722,31,31,3,5,1,5863,1,,,,,,0,,0,,5,4,4,1,2345,1,5,4,4,1,2052,1,3,2,3,0,1466,0,ST-GER1,Normalstation Geriatrie,40,Geriatrie,10.0,20.0,06:00,14:00,450,,13:30,21:30,450,F,21:15,06:15,495,F|S,11,10,8,10,30,45,8,38.5,30,0.15,0,2.0.0,20261164
PK-022,2026-12-03,plan,3,Donnerstag,4,49,0,0,,Pflegefachkraft,Pflegefachkraft,EXAM|PRAXISANLEITUNG|KARDIO_MONITORING,0.5,19.25,4620,4620,4158,5082,5,2,2,8,1,1,Pflegefachkraft,0,0.0,-930,31,31,3,5,1,5863,0,LANGZEITABWESENHEIT,,,,,0,,0,,5,4,4,1,2345,1,5,4,4,1,2052,1,3,2,3,0,1466,0,ST-GER1,Normalstation Geriatrie,40,Geriatrie,10.0,20.0,06:00,14:00,450,,13:30,21:30,450,F,21:15,06:15,495,F|S,11,10,8,10,30,45,8,38.5,30,0.15,0,2.0.0,20261164
AZ-001,2026-12-04,plan,4,Freitag,5,49,0,0,,Auszubildende_r_3_Ausbildungsjahr,Auszubildende,AUSZUBILDEND,1.0,38.5,9240,9240,8316,10164,5,2,2,8,1,0,nicht anrechenbar,0,0.0,-9240,27,27,4,2,0,4206,1,,,,,,1,12,0,,4,3,3,1,1682,1,3,3,2,1,1472,1,2,2,2,0,1052,0,ST-GER1,Normalstation Geriatrie,40,Geriatrie,10.0,20.0,06:00,14:00,450,,13:30,21:30,450,F,21:15,06:15,495,F|S,11,10,8,10,30,45,8,38.5,30,0.15,0,2.0.0,20261164
AZ-002,2026-12-04,plan,4,Freitag,5,49,0,0,,Auszubildende_r_2_Ausbildungsjahr,Auszubildende,AUSZUBILDEND,1.0,38.5,9240,9240,8316,10164,5,2,2,8,1,0,nicht anrechenbar,0,0.0,-9240,27,27,4,2,0,4206,1,,,,,,0,,0,,4,3,3,1,1682,1,3,3,2,1,1472,1,2,2,2,0,1052,0,ST-GER1,Normalstation Geriatrie,40,Geriatrie,10.0,20.0,06:00,14:00,450,,13:30,21:30,450,F,21:15,06:15,495,F|S,11,10,8,10,30,45,8,38.5,30,0.15,0,2.0.0,20261164
AZ-003,2026-12-04,plan,4,Freitag,5,49,0,0,,Auszubildende_r_1_Ausbildungsjahr,Auszubildende,AUSZUBILDEND,1.0,38.5,9240,9240,8316,10164,5,2,2,0,0,0,nicht anrechenbar,0,0.0,-9240,27,27,4,2,0,4206,1,,,,,,1,2,0,,4,3,3,1,1682,1,3,3,2,1,1472,1,2,2,2,0,1052,0,ST-GER1,Normalstation Geriatrie,40,Geriatrie,10.0,20.0,06:00,14:00,450,,13:30,21:30,450,F,21:15,06:15,495,F|S,11,10,8,10,30,45,8,38.5,30,0.15,0,2.0.0,20261164
PH-001,2026-12-04,plan,4,Freitag,5,49,0,0,,Pflegehilfskraft,Pflegehilfskraft,PFLEGEHILFE,0.75,28.88,6931,6931,6238,7624,5,2,2,0,0,1,Pflegehilfskraft,0,0.0,-1530,27,27,4,2,0,4206,1,,,,,,0,,0,,4,3,3,1,1682,1,3,3,2,1,1472,1,2,2,2,0,1052,0,ST-GER1,Normalstation Geriatrie,40,Geriatrie,10.0,20.0,06:00,14:00,450,,13:30,21:30,450,F,21:15,06:15,495,F|S,11,10,8,10,30,45,8,38.5,30,0.15,0,2.0.0,20261164
PH-002,2026-12-04,plan,4,Freitag,5,49,0,0,,Pflegehilfskraft,Pflegehilfskraft,PFLEGEHILFE,0.75,28.88,6931,6931,6238,7624,5,2,2,0,0,1,Pflegehilfskraft,0,0.0,-1530,27,27,4,2,0,4206,1,,,,,,0,,0,,4,3,3,1,1682,1,3,3,2,1,1472,1,2,2,2,0,1052,0,ST-GER1,Normalstation Geriatrie,40,Geriatrie,10.0,20.0,06:00,14:00,450,,13:30,21:30,450,F,21:15,06:15,495,F|S,11,10,8,10,30,45,8,38.5,30,0.15,0,2.0.0,20261164
PH-003,2026-12-04,plan,4,Freitag,5,49,0,0,,Pflegehilfskraft,Pflegehilfskraft,PFLEGEHILFE,0.5,19.25,4620,4620,4158,5082,5,2,2,0,0,1,Pflegehilfskraft,0,0.0,-1020,27,27,4,2,0,4206,1,,,,,,0,,0,,4,3,3,1,1682,1,3,3,2,1,1472,1,2,2,2,0,1052,0,ST-GER1,Normalstation Geriatrie,40,Geriatrie,10.0,20.0,06:00,14:00,450,,13:30,21:30,450,F,21:15,06:15,495,F|S,11,10,8,10,30,45,8,38.5,30,0.15,0,2.0.0,20261164
PK-001,2026-12-04,plan,4,Freitag,5,49,0,0,,Stationsleitung,Pflegefachkraft,EXAM|LEITUNG|PRAXISANLEITUNG,1.0,38.5,9240,4620,4158,5082,5,2,2,0,0,1,Pflegefachkraft,1,0.5,4464,27,27,4,2,0,4206,1,,,,,,0,,0,,4,3,3,1,1682,1,3,3,2,1,1472,1,2,2,2,0,1052,0,ST-GER1,Normalstation Geriatrie,40,Geriatrie,10.0,20.0,06:00,14:00,450,,13:30,21:30,450,F,21:15,06:15,495,F|S,11,10,8,10,30,45,8,38.5,30,0.15,0,2.0.0,20261164
PK-002,2026-12-04,plan,4,Freitag,5,49,0,0,,Pflegefachkraft,Pflegefachkraft,EXAM|KARDIO_MONITORING,1.0,38.5,9240,9240,8316,10164,5,2,2,8,1,1,Pflegefachkraft,0,0.0,-2310,27,27,4,2,0,4206,1,,,,,,0,,0,,4,3,3,1,1682,1,3,3,2,1,1472,1,2,2,2,0,1052,0,ST-GER1,Normalstation Geriatrie,40,Geriatrie,10.0,20.0,06:00,14:00,450,,13:30,21:30,450,F,21:15,06:15,495,F|S,11,10,8,10,30,45,8,38.5,30,0.15,0,2.0.0,20261164
PK-003,2026-12-04,plan,4,Freitag,5,49,0,0,,Pflegefachkraft,Pflegefachkraft,EXAM|PRAXISANLEITUNG|KARDIO_MONITORING,1.0,38.5,9240,9240,8316,10164,5,2,2,8,1,1,Pflegefachkraft,0,0.0,-2265,27,27,4,2,0,4206,1,,,,,,1,8,0,,4,3,3,1,1682,1,3,3,2,1,1472,1,2,2,2,0,1052,0,ST-GER1,Normalstation Geriatrie,40,Geriatrie,10.0,20.0,06:00,14:00,450,,13:30,21:30,450,F,21:15,06:15,495,F|S,11,10,8,10,30,45,8,38.5,30,0.15,0,2.0.0,20261164
PK-004,2026-12-04,plan,4,Freitag,5,49,0,0,,Pflegefachkraft,Pflegefachkraft,EXAM,0.7,26.95,6468,6468,5821,7115,5,2,2,8,1,1,Pflegefachkraft,0,0.0,-1518,27,27,4,2,0,4206,1,,,,,,0,,0,,4,3,3,1,1682,1,3,3,2,1,1472,1,2,2,2,0,1052,0,ST-GER1,Normalstation Geriatrie,40,Geriatrie,10.0,20.0,06:00,14:00,450,,13:30,21:30,450,F,21:15,06:15,495,F|S,11,10,8,10,30,45,8,38.5,30,0.15,0,2.0.0,20261164
PK-005,2026-12-04,plan,4,Freitag,5,49,0,0,,Pflegefachkraft,Pflegefachkraft,EXAM|PRAXISANLEITUNG,1.0,38.5,9240,9240,8316,10164,5,2,2,8,1,1,Pflegefachkraft,0,0.0,-2400,27,27,4,2,0,4206,1,,,,,,1,12,0,,4,3,3,1,1682,1,3,3,2,1,1472,1,2,2,2,0,1052,0,ST-GER1,Normalstation Geriatrie,40,Geriatrie,10.0,20.0,06:00,14:00,450,,13:30,21:30,450,F,21:15,06:15,495,F|S,11,10,8,10,30,45,8,38.5,30,0.15,0,2.0.0,20261164
PK-006,2026-12-04,plan,4,Freitag,5,49,0,0,,Pflegefachkraft,Pflegefachkraft,EXAM|KARDIO_MONITORING,0.6,23.1,5544,5544,4990,6098,5,2,2,8,1,1,Pflegefachkraft,0,0.0,536,27,27,4,2,0,4206,1,,,,,,0,,0,,4,3,3,1,1682,1,3,3,2,1,1472,1,2,2,2,0,1052,0,ST-GER1,Normalstation Geriatrie,40,Geriatrie,10.0,20.0,06:00,14:00,450,,13:30,21:30,450,F,21:15,06:15,495,F|S,11,10,8,10,30,45,8,38.5,30,0.15,0,2.0.0,20261164
PK-007,2026-12-04,plan,4,Freitag,5,49,0,0,,Pflegefachkraft,Pflegefachkraft,EXAM|PRAXISANLEITUNG|KARDIO_MONITORING,0.75,28.88,6931,6931,6238,7624,5,2,2,8,1,1,Pflegefachkraft,0,0.0,716,27,27,4,2,0,4206,1,,,,,,0,,0,,4,3,3,1,1682,1,3,3,2,1,1472,1,2,2,2,0,1052,0,ST-GER1,Normalstation Geriatrie,40,Geriatrie,10.0,20.0,06:00,14:00,450,,13:30,21:30,450,F,21:15,06:15,495,F|S,11,10,8,10,30,45,8,38.5,30,0.15,0,2.0.0,20261164
PK-008,2026-12-04,plan,4,Freitag,5,49,0,0,,Pflegefachkraft,Pflegefachkraft,EXAM,1.0,38.5,9240,9240,8316,10164,5,2,2,8,1,1,Pflegefachkraft,0,0.0,-2580,27,27,4,2,0,4206,1,,,,,,0,,0,,4,3,3,1,1682,1,3,3,2,1,1472,1,2,2,2,0,1052,0,ST-GER1,Normalstation Geriatrie,40,Geriatrie,10.0,20.0,06:00,14:00,450,,13:30,21:30,450,F,21:15,06:15,495,F|S,11,10,8,10,30,45,8,38.5,30,0.15,0,2.0.0,20261164
PK-009,2026-12-04,plan,4,Freitag,5,49,0,0,,Pflegefachkraft,Pflegefachkraft,EXAM,1.0,38.5,9240,9240,8316,10164,5,2,2,8,1,1,Pflegefachkraft,0,0.0,-2130,27,27,4,2,0,4206,1,,,,,,0,,0,,4,3,3,1,1682,1,3,3,2,1,1472,1,2,2,2,0,1052,0,ST-GER1,Normalstation Geriatrie,40,Geriatrie,10.0,20.0,06:00,14:00,450,,13:30,21:30,450,F,21:15,06:15,495,F|S,11,10,8,10,30,45,8,38.5,30,0.15,0,2.0.0,20261164
PK-010,2026-12-04,plan,4,Freitag,5,49,0,0,,Pflegefachkraft,Pflegefachkraft,EXAM,0.6,23.1,5544,5544,4990,6098,5,2,2,8,1,1,Pflegefachkraft,0,0.0,-1404,27,27,4,2,0,4206,1,,,,,,0,,1,8,4,3,3,1,1682,1,3,3,2,1,1472,1,2,2,2,0,1052,0,ST-GER1,Normalstation Geriatrie,40,Geriatrie,10.0,20.0,06:00,14:00,450,,13:30,21:30,450,F,21:15,06:15,495,F|S,11,10,8,10,30,45,8,38.5,30,0.15,0,2.0.0,20261164
PK-011,2026-12-04,plan,4,Freitag,5,49,0,0,,Pflegefachkraft,Pflegefachkraft,EXAM,1.0,38.5,9240,9240,8316,10164,5,2,2,8,1,1,Pflegefachkraft,0,0.0,-2130,27,27,4,2,0,4206,1,,,,,,0,,0,,4,3,3,1,1682,1,3,3,2,1,1472,1,2,2,2,0,1052,0,ST-GER1,Normalstation Geriatrie,40,Geriatrie,10.0,20.0,06:00,14:00,450,,13:30,21:30,450,F,21:15,06:15,495,F|S,11,10,8,10,30,45,8,38.5,30,0.15,0,2.0.0,20261164
PK-012,2026-12-04,plan,4,Freitag,5,49,0,0,,Pflegefachkraft,Pflegefachkraft,EXAM|KARDIO_MONITORING,1.0,38.5,9240,9240,8316,10164,5,2,2,8,1,1,Pflegefachkraft,0,0.0,-2265,27,27,4,2,0,4206,1,,,,,,0,,0,,4,3,3,1,1682,1,3,3,2,1,1472,1,2,2,2,0,1052,0,ST-GER1,Normalstation Geriatrie,40,Geriatrie,10.0,20.0,06:00,14:00,450,,13:30,21:30,450,F,21:15,06:15,495,F|S,11,10,8,10,30,45,8,38.5,30,0.15,0,2.0.0,20261164
PK-013,2026-12-04,plan,4,Freitag,5,49,0,0,,Pflegefachkraft,Pflegefachkraft,EXAM,1.0,38.5,9240,9240,8316,10164,5,2,2,8,1,1,Pflegefachkraft,0,0.0,-2310,27,27,4,2,0,4206,1,,,,,,0,,0,,4,3,3,1,1682,1,3,3,2,1,1472,1,2,2,2,0,1052,0,ST-GER1,Normalstation Geriatrie,40,Geriatrie,10.0,20.0,06:00,14:00,450,,13:30,21:30,450,F,21:15,06:15,495,F|S,11,10,8,10,30,45,8,38.5,30,0.15,0,2.0.0,20261164
PK-014,2026-12-04,plan,4,Freitag,5,49,0,0,,Pflegefachkraft,Pflegefachkraft,EXAM,0.8,30.8,7392,7392,6653,8131,5,2,2,8,1,1,Pflegefachkraft,0,0.0,-1542,27,27,4,2,0,4206,1,,,,,,0,,0,,4,3,3,1,1682,1,3,3,2,1,1472,1,2,2,2,0,1052,0,ST-GER1,Normalstation Geriatrie,40,Geriatrie,10.0,20.0,06:00,14:00,450,,13:30,21:30,450,F,21:15,06:15,495,F|S,11,10,8,10,30,45,8,38.5,30,0.15,0,2.0.0,20261164
PK-015,2026-12-04,plan,4,Freitag,5,49,0,0,,Pflegefachkraft,Pflegefachkraft,EXAM,0.6,23.1,5544,5544,4990,6098,5,2,2,8,1,1,Pflegefachkraft,0,0.0,-1404,27,27,4,2,0,4206,1,,,,,,0,,0,,4,3,3,1,1682,1,3,3,2,1,1472,1,2,2,2,0,1052,0,ST-GER1,Normalstation Geriatrie,40,Geriatrie,10.0,20.0,06:00,14:00,450,,13:30,21:30,450,F,21:15,06:15,495,F|S,11,10,8,10,30,45,8,38.5,30,0.15,0,2.0.0,20261164
PK-016,2026-12-04,plan,4,Freitag,5,49,0,0,,Pflegefachkraft,Pflegefachkraft,EXAM,0.75,28.88,6931,6931,6238,7624,5,2,2,8,1,1,Pflegefachkraft,0,0.0,-1485,27,27,4,2,0,4206,1,,,,,,0,,0,,4,3,3,1,1682,1,3,3,2,1,1472,1,2,2,2,0,1052,0,ST-GER1,Normalstation Geriatrie,40,Geriatrie,10.0,20.0,06:00,14:00,450,,13:30,21:30,450,F,21:15,06:15,495,F|S,11,10,8,10,30,45,8,38.5,30,0.15,0,2.0.0,20261164
PK-017,2026-12-04,plan,4,Freitag,5,49,0,0,,Pflegefachkraft,Pflegefachkraft,EXAM,0.7,26.95,6468,6468,5821,7115,5,2,2,8,1,1,Pflegefachkraft,0,0.0,-1473,27,27,4,2,0,4206,1,,,,,,0,,0,,4,3,3,1,1682,1,3,3,2,1,1472,1,2,2,2,0,1052,0,ST-GER1,Normalstation Geriatrie,40,Geriatrie,10.0,20.0,06:00,14:00,450,,13:30,21:30,450,F,21:15,06:15,495,F|S,11,10,8,10,30,45,8,38.5,30,0.15,0,2.0.0,20261164
PK-018,2026-12-04,plan,4,Freitag,5,49,0,0,,Pflegefachkraft,Pflegefachkraft,EXAM|PRAXISANLEITUNG|KARDIO_MONITORING,0.9,34.65,8316,8316,7484,9148,5,2,2,8,1,1,Pflegefachkraft,0,0.0,-1971,27,27,4,2,0,4206,1,,,,,,0,,0,,4,3,3,1,1682,1,3,3,2,1,1472,1,2,2,2,0,1052,0,ST-GER1,Normalstation Geriatrie,40,Geriatrie,10.0,20.0,06:00,14:00,450,,13:30,21:30,450,F,21:15,06:15,495,F|S,11,10,8,10,30,45,8,38.5,30,0.15,0,2.0.0,20261164
PK-019,2026-12-04,plan,4,Freitag,5,49,0,0,,Pflegefachkraft,Pflegefachkraft,EXAM,0.8,30.8,7392,7392,6653,8131,5,2,2,8,1,1,Pflegefachkraft,0,0.0,-1902,27,27,4,2,0,4206,1,,,,,,0,,0,,4,3,3,1,1682,1,3,3,2,1,1472,1,2,2,2,0,1052,0,ST-GER1,Normalstation Geriatrie,40,Geriatrie,10.0,20.0,06:00,14:00,450,,13:30,21:30,450,F,21:15,06:15,495,F|S,11,10,8,10,30,45,8,38.5,30,0.15,0,2.0.0,20261164
PK-020,2026-12-04,plan,4,Freitag,5,49,0,0,,Pflegefachkraft,Pflegefachkraft,EXAM|KARDIO_MONITORING,0.5,19.25,4620,4620,4158,5082,5,2,2,8,1,1,Pflegefachkraft,0,0.0,-930,27,27,4,2,0,4206,1,,,,,,0,,0,,4,3,3,1,1682,1,3,3,2,1,1472,1,2,2,2,0,1052,0,ST-GER1,Normalstation Geriatrie,40,Geriatrie,10.0,20.0,06:00,14:00,450,,13:30,21:30,450,F,21:15,06:15,495,F|S,11,10,8,10,30,45,8,38.5,30,0.15,0,2.0.0,20261164
PK-021,2026-12-04,plan,4,Freitag,5,49,0,0,,Pflegefachkraft,Pflegefachkraft,EXAM,0.8,30.8,7392,7392,6653,8131,5,2,2,8,1,1,Pflegefachkraft,0,0.0,-1722,27,27,4,2,0,4206,1,,,,,,0,,0,,4,3,3,1,1682,1,3,3,2,1,1472,1,2,2,2,0,1052,0,ST-GER1,Normalstation Geriatrie,40,Geriatrie,10.0,20.0,06:00,14:00,450,,13:30,21:30,450,F,21:15,06:15,495,F|S,11,10,8,10,30,45,8,38.5,30,0.15,0,2.0.0,20261164
PK-022,2026-12-04,plan,4,Freitag,5,49,0,0,,Pflegefachkraft,Pflegefachkraft,EXAM|PRAXISANLEITUNG|KARDIO_MONITORING,0.5,19.25,4620,4620,4158,5082,5,2,2,8,1,1,Pflegefachkraft,0,0.0,-930,27,27,4,2,0,4206,0,LANGZEITABWESENHEIT,,,,,0,,0,,4,3,3,1,1682,1,3,3,2,1,1472,1,2,2,2,0,1052,0,ST-GER1,Normalstation Geriatrie,40,Geriatrie,10.0,20.0,06:00,14:00,450,,13:30,21:30,450,F,21:15,06:15,495,F|S,11,10,8,10,30,45,8,38.5,30,0.15,0,2.0.0,20261164
AZ-001,2026-12-05,plan,5,Samstag,6,49,1,0,,Auszubildende_r_3_Ausbildungsjahr,Auszubildende,AUSZUBILDEND,1.0,38.5,9240,9240,8316,10164,5,2,2,8,1,0,nicht anrechenbar,0,0.0,-9240,23,23,2,3,1,3580,1,,,,,,0,,0,,3,3,2,1,1432,1,3,3,2,1,1253,1,2,2,2,0,895,0,ST-GER1,Normalstation Geriatrie,40,Geriatrie,10.0,20.0,06:00,14:00,450,,13:30,21:30,450,F,21:15,06:15,495,F|S,11,10,8,10,30,45,8,38.5,30,0.15,0,2.0.0,20261164
AZ-002,2026-12-05,plan,5,Samstag,6,49,1,0,,Auszubildende_r_2_Ausbildungsjahr,Auszubildende,AUSZUBILDEND,1.0,38.5,9240,9240,8316,10164,5,2,2,8,1,0,nicht anrechenbar,0,0.0,-9240,23,23,2,3,1,3580,1,,,,,,0,,0,,3,3,2,1,1432,1,3,3,2,1,1253,1,2,2,2,0,895,0,ST-GER1,Normalstation Geriatrie,40,Geriatrie,10.0,20.0,06:00,14:00,450,,13:30,21:30,450,F,21:15,06:15,495,F|S,11,10,8,10,30,45,8,38.5,30,0.15,0,2.0.0,20261164
AZ-003,2026-12-05,plan,5,Samstag,6,49,1,0,,Auszubildende_r_1_Ausbildungsjahr,Auszubildende,AUSZUBILDEND,1.0,38.5,9240,9240,8316,10164,5,2,2,0,0,0,nicht anrechenbar,0,0.0,-9240,23,23,2,3,1,3580,1,,,,,,0,,0,,3,3,2,1,1432,1,3,3,2,1,1253,1,2,2,2,0,895,0,ST-GER1,Normalstation Geriatrie,40,Geriatrie,10.0,20.0,06:00,14:00,450,,13:30,21:30,450,F,21:15,06:15,495,F|S,11,10,8,10,30,45,8,38.5,30,0.15,0,2.0.0,20261164
PH-001,2026-12-05,plan,5,Samstag,6,49,1,0,,Pflegehilfskraft,Pflegehilfskraft,PFLEGEHILFE,0.75,28.88,6931,6931,6238,7624,5,2,2,0,0,1,Pflegehilfskraft,0,0.0,-1530,23,23,2,3,1,3580,1,,,S,1,,0,,0,,3,3,2,1,1432,1,3,3,2,1,1253,1,2,2,2,0,895,0,ST-GER1,Normalstation Geriatrie,40,Geriatrie,10.0,20.0,06:00,14:00,450,,13:30,21:30,450,F,21:15,06:15,495,F|S,11,10,8,10,30,45,8,38.5,30,0.15,0,2.0.0,20261164
PH-002,2026-12-05,plan,5,Samstag,6,49,1,0,,Pflegehilfskraft,Pflegehilfskraft,PFLEGEHILFE,0.75,28.88,6931,6931,6238,7624,5,2,2,0,0,1,Pflegehilfskraft,0,0.0,-1530,23,23,2,3,1,3580,1,,,,,,0,,0,,3,3,2,1,1432,1,3,3,2,1,1253,1,2,2,2,0,895,0,ST-GER1,Normalstation Geriatrie,40,Geriatrie,10.0,20.0,06:00,14:00,450,,13:30,21:30,450,F,21:15,06:15,495,F|S,11,10,8,10,30,45,8,38.5,30,0.15,0,2.0.0,20261164
PH-003,2026-12-05,plan,5,Samstag,6,49,1,0,,Pflegehilfskraft,Pflegehilfskraft,PFLEGEHILFE,0.5,19.25,4620,4620,4158,5082,5,2,2,0,0,1,Pflegehilfskraft,0,0.0,-1020,23,23,2,3,1,3580,1,,,,,,0,,0,,3,3,2,1,1432,1,3,3,2,1,1253,1,2,2,2,0,895,0,ST-GER1,Normalstation Geriatrie,40,Geriatrie,10.0,20.0,06:00,14:00,450,,13:30,21:30,450,F,21:15,06:15,495,F|S,11,10,8,10,30,45,8,38.5,30,0.15,0,2.0.0,20261164
PK-001,2026-12-05,plan,5,Samstag,6,49,1,0,,Stationsleitung,Pflegefachkraft,EXAM|LEITUNG|PRAXISANLEITUNG,1.0,38.5,9240,4620,4158,5082,5,2,2,0,0,1,Pflegefachkraft,1,0.5,4464,23,23,2,3,1,3580,1,,,,,,0,,0,,3,3,2,1,1432,1,3,3,2,1,1253,1,2,2,2,0,895,0,ST-GER1,Normalstation Geriatrie,40,Geriatrie,10.0,20.0,06:00,14:00,450,,13:30,21:30,450,F,21:15,06:15,495,F|S,11,10,8,10,30,45,8,38.5,30,0.15,0,2.0.0,20261164
PK-002,2026-12-05,plan,5,Samstag,6,49,1,0,,Pflegefachkraft,Pflegefachkraft,EXAM|KARDIO_MONITORING,1.0,38.5,9240,9240,8316,10164,5,2,2,8,1,1,Pflegefachkraft,0,0.0,-2310,23,23,2,3,1,3580,1,,,,,,0,,0,,3,3,2,1,1432,1,3,3,2,1,1253,1,2,2,2,0,895,0,ST-GER1,Normalstation Geriatrie,40,Geriatrie,10.0,20.0,06:00,14:00,450,,13:30,21:30,450,F,21:15,06:15,495,F|S,11,10,8,10,30,45,8,38.5,30,0.15,0,2.0.0,20261164
PK-003,2026-12-05,plan,5,Samstag,6,49,1,0,,Pflegefachkraft,Pflegefachkraft,EXAM|PRAXISANLEITUNG|KARDIO_MONITORING,1.0,38.5,9240,9240,8316,10164,5,2,2,8,1,1,Pflegefachkraft,0,0.0,-2265,23,23,2,3,1,3580,1,,3,,,,0,,0,,3,3,2,1,1432,1,3,3,2,1,1253,1,2,2,2,0,895,0,ST-GER1,Normalstation Geriatrie,40,Geriatrie,10.0,20.0,06:00,14:00,450,,13:30,21:30,450,F,21:15,06:15,495,F|S,11,10,8,10,30,45,8,38.5,30,0.15,0,2.0.0,20261164
PK-004,2026-12-05,plan,5,Samstag,6,49,1,0,,Pflegefachkraft,Pflegefachkraft,EXAM,0.7,26.95,6468,6468,5821,7115,5,2,2,8,1,1,Pflegefachkraft,0,0.0,-1518,23,23,2,3,1,3580,1,,,,,,0,,0,,3,3,2,1,1432,1,3,3,2,1,1253,1,2,2,2,0,895,0,ST-GER1,Normalstation Geriatrie,40,Geriatrie,10.0,20.0,06:00,14:00,450,,13:30,21:30,450,F,21:15,06:15,495,F|S,11,10,8,10,30,45,8,38.5,30,0.15,0,2.0.0,20261164
PK-005,2026-12-05,plan,5,Samstag,6,49,1,0,,Pflegefachkraft,Pflegefachkraft,EXAM|PRAXISANLEITUNG,1.0,38.5,9240,9240,8316,10164,5,2,2,8,1,1,Pflegefachkraft,0,0.0,-2400,23,23,2,3,1,3580,1,,,,,,0,,0,,3,3,2,1,1432,1,3,3,2,1,1253,1,2,2,2,0,895,0,ST-GER1,Normalstation Geriatrie,40,Geriatrie,10.0,20.0,06:00,14:00,450,,13:30,21:30,450,F,21:15,06:15,495,F|S,11,10,8,10,30,45,8,38.5,30,0.15,0,2.0.0,20261164
PK-006,2026-12-05,plan,5,Samstag,6,49,1,0,,Pflegefachkraft,Pflegefachkraft,EXAM|KARDIO_MONITORING,0.6,23.1,5544,5544,4990,6098,5,2,2,8,1,1,Pflegefachkraft,0,0.0,536,23,23,2,3,1,3580,1,,,,,,0,,0,,3,3,2,1,1432,1,3,3,2,1,1253,1,2,2,2,0,895,0,ST-GER1,Normalstation Geriatrie,40,Geriatrie,10.0,20.0,06:00,14:00,450,,13:30,21:30,450,F,21:15,06:15,495,F|S,11,10,8,10,30,45,8,38.5,30,0.15,0,2.0.0,20261164
PK-007,2026-12-05,plan,5,Samstag,6,49,1,0,,Pflegefachkraft,Pflegefachkraft,EXAM|PRAXISANLEITUNG|KARDIO_MONITORING,0.75,28.88,6931,6931,6238,7624,5,2,2,8,1,1,Pflegefachkraft,0,0.0,716,23,23,2,3,1,3580,1,,,,,,0,,0,,3,3,2,1,1432,1,3,3,2,1,1253,1,2,2,2,0,895,0,ST-GER1,Normalstation Geriatrie,40,Geriatrie,10.0,20.0,06:00,14:00,450,,13:30,21:30,450,F,21:15,06:15,495,F|S,11,10,8,10,30,45,8,38.5,30,0.15,0,2.0.0,20261164
PK-008,2026-12-05,plan,5,Samstag,6,49,1,0,,Pflegefachkraft,Pflegefachkraft,EXAM,1.0,38.5,9240,9240,8316,10164,5,2,2,8,1,1,Pflegefachkraft,0,0.0,-2580,23,23,2,3,1,3580,1,,,,,,0,,0,,3,3,2,1,1432,1,3,3,2,1,1253,1,2,2,2,0,895,0,ST-GER1,Normalstation Geriatrie,40,Geriatrie,10.0,20.0,06:00,14:00,450,,13:30,21:30,450,F,21:15,06:15,495,F|S,11,10,8,10,30,45,8,38.5,30,0.15,0,2.0.0,20261164
PK-009,2026-12-05,plan,5,Samstag,6,49,1,0,,Pflegefachkraft,Pflegefachkraft,EXAM,1.0,38.5,9240,9240,8316,10164,5,2,2,8,1,1,Pflegefachkraft,0,0.0,-2130,23,23,2,3,1,3580,1,,,,,,0,,0,,3,3,2,1,1432,1,3,3,2,1,1253,1,2,2,2,0,895,0,ST-GER1,Normalstation Geriatrie,40,Geriatrie,10.0,20.0,06:00,14:00,450,,13:30,21:30,450,F,21:15,06:15,495,F|S,11,10,8,10,30,45,8,38.5,30,0.15,0,2.0.0,20261164
PK-010,2026-12-05,plan,5,Samstag,6,49,1,0,,Pflegefachkraft,Pflegefachkraft,EXAM,0.6,23.1,5544,5544,4990,6098,5,2,2,8,1,1,Pflegefachkraft,0,0.0,-1404,23,23,2,3,1,3580,1,,,,,,0,,1,24,3,3,2,1,1432,1,3,3,2,1,1253,1,2,2,2,0,895,0,ST-GER1,Normalstation Geriatrie,40,Geriatrie,10.0,20.0,06:00,14:00,450,,13:30,21:30,450,F,21:15,06:15,495,F|S,11,10,8,10,30,45,8,38.5,30,0.15,0,2.0.0,20261164
PK-011,2026-12-05,plan,5,Samstag,6,49,1,0,,Pflegefachkraft,Pflegefachkraft,EXAM,1.0,38.5,9240,9240,8316,10164,5,2,2,8,1,1,Pflegefachkraft,0,0.0,-2130,23,23,2,3,1,3580,1,,,,,,0,,0,,3,3,2,1,1432,1,3,3,2,1,1253,1,2,2,2,0,895,0,ST-GER1,Normalstation Geriatrie,40,Geriatrie,10.0,20.0,06:00,14:00,450,,13:30,21:30,450,F,21:15,06:15,495,F|S,11,10,8,10,30,45,8,38.5,30,0.15,0,2.0.0,20261164
PK-012,2026-12-05,plan,5,Samstag,6,49,1,0,,Pflegefachkraft,Pflegefachkraft,EXAM|KARDIO_MONITORING,1.0,38.5,9240,9240,8316,10164,5,2,2,8,1,1,Pflegefachkraft,0,0.0,-2265,23,23,2,3,1,3580,1,,,,,,0,,0,,3,3,2,1,1432,1,3,3,2,1,1253,1,2,2,2,0,895,0,ST-GER1,Normalstation Geriatrie,40,Geriatrie,10.0,20.0,06:00,14:00,450,,13:30,21:30,450,F,21:15,06:15,495,F|S,11,10,8,10,30,45,8,38.5,30,0.15,0,2.0.0,20261164
PK-013,2026-12-05,plan,5,Samstag,6,49,1,0,,Pflegefachkraft,Pflegefachkraft,EXAM,1.0,38.5,9240,9240,8316,10164,5,2,2,8,1,1,Pflegefachkraft,0,0.0,-2310,23,23,2,3,1,3580,1,,,,,,0,,0,,3,3,2,1,1432,1,3,3,2,1,1253,1,2,2,2,0,895,0,ST-GER1,Normalstation Geriatrie,40,Geriatrie,10.0,20.0,06:00,14:00,450,,13:30,21:30,450,F,21:15,06:15,495,F|S,11,10,8,10,30,45,8,38.5,30,0.15,0,2.0.0,20261164
PK-014,2026-12-05,plan,5,Samstag,6,49,1,0,,Pflegefachkraft,Pflegefachkraft,EXAM,0.8,30.8,7392,7392,6653,8131,5,2,2,8,1,1,Pflegefachkraft,0,0.0,-1542,23,23,2,3,1,3580,1,,,,,,0,,0,,3,3,2,1,1432,1,3,3,2,1,1253,1,2,2,2,0,895,0,ST-GER1,Normalstation Geriatrie,40,Geriatrie,10.0,20.0,06:00,14:00,450,,13:30,21:30,450,F,21:15,06:15,495,F|S,11,10,8,10,30,45,8,38.5,30,0.15,0,2.0.0,20261164
PK-015,2026-12-05,plan,5,Samstag,6,49,1,0,,Pflegefachkraft,Pflegefachkraft,EXAM,0.6,23.1,5544,5544,4990,6098,5,2,2,8,1,1,Pflegefachkraft,0,0.0,-1404,23,23,2,3,1,3580,1,,,,,,0,,0,,3,3,2,1,1432,1,3,3,2,1,1253,1,2,2,2,0,895,0,ST-GER1,Normalstation Geriatrie,40,Geriatrie,10.0,20.0,06:00,14:00,450,,13:30,21:30,450,F,21:15,06:15,495,F|S,11,10,8,10,30,45,8,38.5,30,0.15,0,2.0.0,20261164
PK-016,2026-12-05,plan,5,Samstag,6,49,1,0,,Pflegefachkraft,Pflegefachkraft,EXAM,0.75,28.88,6931,6931,6238,7624,5,2,2,8,1,1,Pflegefachkraft,0,0.0,-1485,23,23,2,3,1,3580,1,,,,,,0,,0,,3,3,2,1,1432,1,3,3,2,1,1253,1,2,2,2,0,895,0,ST-GER1,Normalstation Geriatrie,40,Geriatrie,10.0,20.0,06:00,14:00,450,,13:30,21:30,450,F,21:15,06:15,495,F|S,11,10,8,10,30,45,8,38.5,30,0.15,0,2.0.0,20261164
PK-017,2026-12-05,plan,5,Samstag,6,49,1,0,,Pflegefachkraft,Pflegefachkraft,EXAM,0.7,26.95,6468,6468,5821,7115,5,2,2,8,1,1,Pflegefachkraft,0,0.0,-1473,23,23,2,3,1,3580,1,,,,,,0,,0,,3,3,2,1,1432,1,3,3,2,1,1253,1,2,2,2,0,895,0,ST-GER1,Normalstation Geriatrie,40,Geriatrie,10.0,20.0,06:00,14:00,450,,13:30,21:30,450,F,21:15,06:15,495,F|S,11,10,8,10,30,45,8,38.5,30,0.15,0,2.0.0,20261164
PK-018,2026-12-05,plan,5,Samstag,6,49,1,0,,Pflegefachkraft,Pflegefachkraft,EXAM|PRAXISANLEITUNG|KARDIO_MONITORING,0.9,34.65,8316,8316,7484,9148,5,2,2,8,1,1,Pflegefachkraft,0,0.0,-1971,23,23,2,3,1,3580,1,,,,,,0,,0,,3,3,2,1,1432,1,3,3,2,1,1253,1,2,2,2,0,895,0,ST-GER1,Normalstation Geriatrie,40,Geriatrie,10.0,20.0,06:00,14:00,450,,13:30,21:30,450,F,21:15,06:15,495,F|S,11,10,8,10,30,45,8,38.5,30,0.15,0,2.0.0,20261164
PK-019,2026-12-05,plan,5,Samstag,6,49,1,0,,Pflegefachkraft,Pflegefachkraft,EXAM,0.8,30.8,7392,7392,6653,8131,5,2,2,8,1,1,Pflegefachkraft,0,0.0,-1902,23,23,2,3,1,3580,1,,,,,,0,,0,,3,3,2,1,1432,1,3,3,2,1,1253,1,2,2,2,0,895,0,ST-GER1,Normalstation Geriatrie,40,Geriatrie,10.0,20.0,06:00,14:00,450,,13:30,21:30,450,F,21:15,06:15,495,F|S,11,10,8,10,30,45,8,38.5,30,0.15,0,2.0.0,20261164
PK-020,2026-12-05,plan,5,Samstag,6,49,1,0,,Pflegefachkraft,Pflegefachkraft,EXAM|KARDIO_MONITORING,0.5,19.25,4620,4620,4158,5082,5,2,2,8,1,1,Pflegefachkraft,0,0.0,-930,23,23,2,3,1,3580,1,,,,,,0,,0,,3,3,2,1,1432,1,3,3,2,1,1253,1,2,2,2,0,895,0,ST-GER1,Normalstation Geriatrie,40,Geriatrie,10.0,20.0,06:00,14:00,450,,13:30,21:30,450,F,21:15,06:15,495,F|S,11,10,8,10,30,45,8,38.5,30,0.15,0,2.0.0,20261164
PK-021,2026-12-05,plan,5,Samstag,6,49,1,0,,Pflegefachkraft,Pflegefachkraft,EXAM,0.8,30.8,7392,7392,6653,8131,5,2,2,8,1,1,Pflegefachkraft,0,0.0,-1722,23,23,2,3,1,3580,1,,,,,,1,12,0,,3,3,2,1,1432,1,3,3,2,1,1253,1,2,2,2,0,895,0,ST-GER1,Normalstation Geriatrie,40,Geriatrie,10.0,20.0,06:00,14:00,450,,13:30,21:30,450,F,21:15,06:15,495,F|S,11,10,8,10,30,45,8,38.5,30,0.15,0,2.0.0,20261164
PK-022,2026-12-05,plan,5,Samstag,6,49,1,0,,Pflegefachkraft,Pflegefachkraft,EXAM|PRAXISANLEITUNG|KARDIO_MONITORING,0.5,19.25,4620,4620,4158,5082,5,2,2,8,1,1,Pflegefachkraft,0,0.0,-930,23,23,2,3,1,3580,0,LANGZEITABWESENHEIT,,,,,0,,0,,3,3,2,1,1432,1,3,3,2,1,1253,1,2,2,2,0,895,0,ST-GER1,Normalstation Geriatrie,40,Geriatrie,10.0,20.0,06:00,14:00,450,,13:30,21:30,450,F,21:15,06:15,495,F|S,11,10,8,10,30,45,8,38.5,30,0.15,0,2.0.0,20261164
AZ-001,2026-12-06,plan,6,Sonntag,7,49,1,0,,Auszubildende_r_3_Ausbildungsjahr,Auszubildende,AUSZUBILDEND,1.0,38.5,9240,9240,8316,10164,5,2,2,8,1,0,nicht anrechenbar,0,0.0,-9240,28,26,2,4,3,5358,1,,,,,,0,,0,,5,3,4,1,2143,1,4,3,3,1,1875,1,3,2,3,0,1340,0,ST-GER1,Normalstation Geriatrie,40,Geriatrie,10.0,20.0,06:00,14:00,450,,13:30,21:30,450,F,21:15,06:15,495,F|S,11,10,8,10,30,45,8,38.5,30,0.15,0,2.0.0,20261164
AZ-002,2026-12-06,plan,6,Sonntag,7,49,1,0,,Auszubildende_r_2_Ausbildungsjahr,Auszubildende,AUSZUBILDEND,1.0,38.5,9240,9240,8316,10164,5,2,2,8,1,0,nicht anrechenbar,0,0.0,-9240,28,26,2,4,3,5358,1,,,,,,0,,0,,5,3,4,1,2143,1,4,3,3,1,1875,1,3,2,3,0,1340,0,ST-GER1,Normalstation Geriatrie,40,Geriatrie,10.0,20.0,06:00,14:00,450,,13:30,21:30,450,F,21:15,06:15,495,F|S,11,10,8,10,30,45,8,38.5,30,0.15,0,2.0.0,20261164
AZ-003,2026-12-06,plan,6,Sonntag,7,49,1,0,,Auszubildende_r_1_Ausbildungsjahr,Auszubildende,AUSZUBILDEND,1.0,38.5,9240,9240,8316,10164,5,2,2,0,0,0,nicht anrechenbar,0,0.0,-9240,28,26,2,4,3,5358,1,,,,,,0,,0,,5,3,4,1,2143,1,4,3,3,1,1875,1,3,2,3,0,1340,0,ST-GER1,Normalstation Geriatrie,40,Geriatrie,10.0,20.0,06:00,14:00,450,,13:30,21:30,450,F,21:15,06:15,495,F|S,11,10,8,10,30,45,8,38.5,30,0.15,0,2.0.0,20261164
PH-001,2026-12-06,plan,6,Sonntag,7,49,1,0,,Pflegehilfskraft,Pflegehilfskraft,PFLEGEHILFE,0.75,28.88,6931,6931,6238,7624,5,2,2,0,0,1,Pflegehilfskraft,0,0.0,-1530,28,26,2,4,3,5358,1,,,,,,1,24,0,,5,3,4,1,2143,1,4,3,3,1,1875,1,3,2,3,0,1340,0,ST-GER1,Normalstation Geriatrie,40,Geriatrie,10.0,20.0,06:00,14:00,450,,13:30,21:30,450,F,21:15,06:15,495,F|S,11,10,8,10,30,45,8,38.5,30,0.15,0,2.0.0,20261164
PH-002,2026-12-06,plan,6,Sonntag,7,49,1,0,,Pflegehilfskraft,Pflegehilfskraft,PFLEGEHILFE,0.75,28.88,6931,6931,6238,7624,5,2,2,0,0,1,Pflegehilfskraft,0,0.0,-1530,28,26,2,4,3,5358,1,,,,,,0,,0,,5,3,4,1,2143,1,4,3,3,1,1875,1,3,2,3,0,1340,0,ST-GER1,Normalstation Geriatrie,40,Geriatrie,10.0,20.0,06:00,14:00,450,,13:30,21:30,450,F,21:15,06:15,495,F|S,11,10,8,10,30,45,8,38.5,30,0.15,0,2.0.0,20261164
PH-003,2026-12-06,plan,6,Sonntag,7,49,1,0,,Pflegehilfskraft,Pflegehilfskraft,PFLEGEHILFE,0.5,19.25,4620,4620,4158,5082,5,2,2,0,0,1,Pflegehilfskraft,0,0.0,-1020,28,26,2,4,3,5358,1,,,,,,0,,0,,5,3,4,1,2143,1,4,3,3,1,1875,1,3,2,3,0,1340,0,ST-GER1,Normalstation Geriatrie,40,Geriatrie,10.0,20.0,06:00,14:00,450,,13:30,21:30,450,F,21:15,06:15,495,F|S,11,10,8,10,30,45,8,38.5,30,0.15,0,2.0.0,20261164
PK-001,2026-12-06,plan,6,Sonntag,7,49,1,0,,Stationsleitung,Pflegefachkraft,EXAM|LEITUNG|PRAXISANLEITUNG,1.0,38.5,9240,4620,4158,5082,5,2,2,0,0,1,Pflegefachkraft,1,0.5,4464,28,26,2,4,3,5358,1,,,,,,0,,0,,5,3,4,1,2143,1,4,3,3,1,1875,1,3,2,3,0,1340,0,ST-GER1,Normalstation Geriatrie,40,Geriatrie,10.0,20.0,06:00,14:00,450,,13:30,21:30,450,F,21:15,06:15,495,F|S,11,10,8,10,30,45,8,38.5,30,0.15,0,2.0.0,20261164
PK-002,2026-12-06,plan,6,Sonntag,7,49,1,0,,Pflegefachkraft,Pflegefachkraft,EXAM|KARDIO_MONITORING,1.0,38.5,9240,9240,8316,10164,5,2,2,8,1,1,Pflegefachkraft,0,0.0,-2310,28,26,2,4,3,5358,1,,,,,,0,,0,,5,3,4,1,2143,1,4,3,3,1,1875,1,3,2,3,0,1340,0,ST-GER1,Normalstation Geriatrie,40,Geriatrie,10.0,20.0,06:00,14:00,450,,13:30,21:30,450,F,21:15,06:15,495,F|S,11,10,8,10,30,45,8,38.5,30,0.15,0,2.0.0,20261164
PK-003,2026-12-06,plan,6,Sonntag,7,49,1,0,,Pflegefachkraft,Pflegefachkraft,EXAM|PRAXISANLEITUNG|KARDIO_MONITORING,1.0,38.5,9240,9240,8316,10164,5,2,2,8,1,1,Pflegefachkraft,0,0.0,-2265,28,26,2,4,3,5358,1,,,,,,0,,0,,5,3,4,1,2143,1,4,3,3,1,1875,1,3,2,3,0,1340,0,ST-GER1,Normalstation Geriatrie,40,Geriatrie,10.0,20.0,06:00,14:00,450,,13:30,21:30,450,F,21:15,06:15,495,F|S,11,10,8,10,30,45,8,38.5,30,0.15,0,2.0.0,20261164
PK-004,2026-12-06,plan,6,Sonntag,7,49,1,0,,Pflegefachkraft,Pflegefachkraft,EXAM,0.7,26.95,6468,6468,5821,7115,5,2,2,8,1,1,Pflegefachkraft,0,0.0,-1518,28,26,2,4,3,5358,1,,3,,,,0,,0,,5,3,4,1,2143,1,4,3,3,1,1875,1,3,2,3,0,1340,0,ST-GER1,Normalstation Geriatrie,40,Geriatrie,10.0,20.0,06:00,14:00,450,,13:30,21:30,450,F,21:15,06:15,495,F|S,11,10,8,10,30,45,8,38.5,30,0.15,0,2.0.0,20261164
PK-005,2026-12-06,plan,6,Sonntag,7,49,1,0,,Pflegefachkraft,Pflegefachkraft,EXAM|PRAXISANLEITUNG,1.0,38.5,9240,9240,8316,10164,5,2,2,8,1,1,Pflegefachkraft,0,0.0,-2400,28,26,2,4,3,5358,1,,,,,,0,,0,,5,3,4,1,2143,1,4,3,3,1,1875,1,3,2,3,0,1340,0,ST-GER1,Normalstation Geriatrie,40,Geriatrie,10.0,20.0,06:00,14:00,450,,13:30,21:30,450,F,21:15,06:15,495,F|S,11,10,8,10,30,45,8,38.5,30,0.15,0,2.0.0,20261164
PK-006,2026-12-06,plan,6,Sonntag,7,49,1,0,,Pflegefachkraft,Pflegefachkraft,EXAM|KARDIO_MONITORING,0.6,23.1,5544,5544,4990,6098,5,2,2,8,1,1,Pflegefachkraft,0,0.0,536,28,26,2,4,3,5358,1,,,,,,0,,0,,5,3,4,1,2143,1,4,3,3,1,1875,1,3,2,3,0,1340,0,ST-GER1,Normalstation Geriatrie,40,Geriatrie,10.0,20.0,06:00,14:00,450,,13:30,21:30,450,F,21:15,06:15,495,F|S,11,10,8,10,30,45,8,38.5,30,0.15,0,2.0.0,20261164
PK-007,2026-12-06,plan,6,Sonntag,7,49,1,0,,Pflegefachkraft,Pflegefachkraft,EXAM|PRAXISANLEITUNG|KARDIO_MONITORING,0.75,28.88,6931,6931,6238,7624,5,2,2,8,1,1,Pflegefachkraft,0,0.0,716,28,26,2,4,3,5358,1,,,,,,0,,0,,5,3,4,1,2143,1,4,3,3,1,1875,1,3,2,3,0,1340,0,ST-GER1,Normalstation Geriatrie,40,Geriatrie,10.0,20.0,06:00,14:00,450,,13:30,21:30,450,F,21:15,06:15,495,F|S,11,10,8,10,30,45,8,38.5,30,0.15,0,2.0.0,20261164
PK-008,2026-12-06,plan,6,Sonntag,7,49,1,0,,Pflegefachkraft,Pflegefachkraft,EXAM,1.0,38.5,9240,9240,8316,10164,5,2,2,8,1,1,Pflegefachkraft,0,0.0,-2580,28,26,2,4,3,5358,1,,,,,,0,,0,,5,3,4,1,2143,1,4,3,3,1,1875,1,3,2,3,0,1340,0,ST-GER1,Normalstation Geriatrie,40,Geriatrie,10.0,20.0,06:00,14:00,450,,13:30,21:30,450,F,21:15,06:15,495,F|S,11,10,8,10,30,45,8,38.5,30,0.15,0,2.0.0,20261164
PK-009,2026-12-06,plan,6,Sonntag,7,49,1,0,,Pflegefachkraft,Pflegefachkraft,EXAM,1.0,38.5,9240,9240,8316,10164,5,2,2,8,1,1,Pflegefachkraft,0,0.0,-2130,28,26,2,4,3,5358,1,,,,,,0,,0,,5,3,4,1,2143,1,4,3,3,1,1875,1,3,2,3,0,1340,0,ST-GER1,Normalstation Geriatrie,40,Geriatrie,10.0,20.0,06:00,14:00,450,,13:30,21:30,450,F,21:15,06:15,495,F|S,11,10,8,10,30,45,8,38.5,30,0.15,0,2.0.0,20261164
PK-010,2026-12-06,plan,6,Sonntag,7,49,1,0,,Pflegefachkraft,Pflegefachkraft,EXAM,0.6,23.1,5544,5544,4990,6098,5,2,2,8,1,1,Pflegefachkraft,0,0.0,-1404,28,26,2,4,3,5358,1,,,,,,0,,1,24,5,3,4,1,2143,1,4,3,3,1,1875,1,3,2,3,0,1340,0,ST-GER1,Normalstation Geriatrie,40,Geriatrie,10.0,20.0,06:00,14:00,450,,13:30,21:30,450,F,21:15,06:15,495,F|S,11,10,8,10,30,45,8,38.5,30,0.15,0,2.0.0,20261164
PK-011,2026-12-06,plan,6,Sonntag,7,49,1,0,,Pflegefachkraft,Pflegefachkraft,EXAM,1.0,38.5,9240,9240,8316,10164,5,2,2,8,1,1,Pflegefachkraft,0,0.0,-2130,28,26,2,4,3,5358,1,,1,,,,0,,0,,5,3,4,1,2143,1,4,3,3,1,1875,1,3,2,3,0,1340,0,ST-GER1,Normalstation Geriatrie,40,Geriatrie,10.0,20.0,06:00,14:00,450,,13:30,21:30,450,F,21:15,06:15,495,F|S,11,10,8,10,30,45,8,38.5,30,0.15,0,2.0.0,20261164
PK-012,2026-12-06,plan,6,Sonntag,7,49,1,0,,Pflegefachkraft,Pflegefachkraft,EXAM|KARDIO_MONITORING,1.0,38.5,9240,9240,8316,10164,5,2,2,8,1,1,Pflegefachkraft,0,0.0,-2265,28,26,2,4,3,5358,1,,,,,,0,,0,,5,3,4,1,2143,1,4,3,3,1,1875,1,3,2,3,0,1340,0,ST-GER1,Normalstation Geriatrie,40,Geriatrie,10.0,20.0,06:00,14:00,450,,13:30,21:30,450,F,21:15,06:15,495,F|S,11,10,8,10,30,45,8,38.5,30,0.15,0,2.0.0,20261164
PK-013,2026-12-06,plan,6,Sonntag,7,49,1,0,,Pflegefachkraft,Pflegefachkraft,EXAM,1.0,38.5,9240,9240,8316,10164,5,2,2,8,1,1,Pflegefachkraft,0,0.0,-2310,28,26,2,4,3,5358,1,,,,,,0,,0,,5,3,4,1,2143,1,4,3,3,1,1875,1,3,2,3,0,1340,0,ST-GER1,Normalstation Geriatrie,40,Geriatrie,10.0,20.0,06:00,14:00,450,,13:30,21:30,450,F,21:15,06:15,495,F|S,11,10,8,10,30,45,8,38.5,30,0.15,0,2.0.0,20261164
PK-014,2026-12-06,plan,6,Sonntag,7,49,1,0,,Pflegefachkraft,Pflegefachkraft,EXAM,0.8,30.8,7392,7392,6653,8131,5,2,2,8,1,1,Pflegefachkraft,0,0.0,-1542,28,26,2,4,3,5358,1,,,,,,0,,0,,5,3,4,1,2143,1,4,3,3,1,1875,1,3,2,3,0,1340,0,ST-GER1,Normalstation Geriatrie,40,Geriatrie,10.0,20.0,06:00,14:00,450,,13:30,21:30,450,F,21:15,06:15,495,F|S,11,10,8,10,30,45,8,38.5,30,0.15,0,2.0.0,20261164
PK-015,2026-12-06,plan,6,Sonntag,7,49,1,0,,Pflegefachkraft,Pflegefachkraft,EXAM,0.6,23.1,5544,5544,4990,6098,5,2,2,8,1,1,Pflegefachkraft,0,0.0,-1404,28,26,2,4,3,5358,1,,,,,,1,24,0,,5,3,4,1,2143,1,4,3,3,1,1875,1,3,2,3,0,1340,0,ST-GER1,Normalstation Geriatrie,40,Geriatrie,10.0,20.0,06:00,14:00,450,,13:30,21:30,450,F,21:15,06:15,495,F|S,11,10,8,10,30,45,8,38.5,30,0.15,0,2.0.0,20261164
PK-016,2026-12-06,plan,6,Sonntag,7,49,1,0,,Pflegefachkraft,Pflegefachkraft,EXAM,0.75,28.88,6931,6931,6238,7624,5,2,2,8,1,1,Pflegefachkraft,0,0.0,-1485,28,26,2,4,3,5358,1,,,,,,0,,0,,5,3,4,1,2143,1,4,3,3,1,1875,1,3,2,3,0,1340,0,ST-GER1,Normalstation Geriatrie,40,Geriatrie,10.0,20.0,06:00,14:00,450,,13:30,21:30,450,F,21:15,06:15,495,F|S,11,10,8,10,30,45,8,38.5,30,0.15,0,2.0.0,20261164
PK-017,2026-12-06,plan,6,Sonntag,7,49,1,0,,Pflegefachkraft,Pflegefachkraft,EXAM,0.7,26.95,6468,6468,5821,7115,5,2,2,8,1,1,Pflegefachkraft,0,0.0,-1473,28,26,2,4,3,5358,1,,,,,,0,,0,,5,3,4,1,2143,1,4,3,3,1,1875,1,3,2,3,0,1340,0,ST-GER1,Normalstation Geriatrie,40,Geriatrie,10.0,20.0,06:00,14:00,450,,13:30,21:30,450,F,21:15,06:15,495,F|S,11,10,8,10,30,45,8,38.5,30,0.15,0,2.0.0,20261164
PK-018,2026-12-06,plan,6,Sonntag,7,49,1,0,,Pflegefachkraft,Pflegefachkraft,EXAM|PRAXISANLEITUNG|KARDIO_MONITORING,0.9,34.65,8316,8316,7484,9148,5,2,2,8,1,1,Pflegefachkraft,0,0.0,-1971,28,26,2,4,3,5358,1,,,,,,0,,0,,5,3,4,1,2143,1,4,3,3,1,1875,1,3,2,3,0,1340,0,ST-GER1,Normalstation Geriatrie,40,Geriatrie,10.0,20.0,06:00,14:00,450,,13:30,21:30,450,F,21:15,06:15,495,F|S,11,10,8,10,30,45,8,38.5,30,0.15,0,2.0.0,20261164
PK-019,2026-12-06,plan,6,Sonntag,7,49,1,0,,Pflegefachkraft,Pflegefachkraft,EXAM,0.8,30.8,7392,7392,6653,8131,5,2,2,8,1,1,Pflegefachkraft,0,0.0,-1902,28,26,2,4,3,5358,1,,,,,,0,,0,,5,3,4,1,2143,1,4,3,3,1,1875,1,3,2,3,0,1340,0,ST-GER1,Normalstation Geriatrie,40,Geriatrie,10.0,20.0,06:00,14:00,450,,13:30,21:30,450,F,21:15,06:15,495,F|S,11,10,8,10,30,45,8,38.5,30,0.15,0,2.0.0,20261164
PK-020,2026-12-06,plan,6,Sonntag,7,49,1,0,,Pflegefachkraft,Pflegefachkraft,EXAM|KARDIO_MONITORING,0.5,19.25,4620,4620,4158,5082,5,2,2,8,1,1,Pflegefachkraft,0,0.0,-930,28,26,2,4,3,5358,1,,,,,,0,,0,,5,3,4,1,2143,1,4,3,3,1,1875,1,3,2,3,0,1340,0,ST-GER1,Normalstation Geriatrie,40,Geriatrie,10.0,20.0,06:00,14:00,450,,13:30,21:30,450,F,21:15,06:15,495,F|S,11,10,8,10,30,45,8,38.5,30,0.15,0,2.0.0,20261164
PK-021,2026-12-06,plan,6,Sonntag,7,49,1,0,,Pflegefachkraft,Pflegefachkraft,EXAM,0.8,30.8,7392,7392,6653,8131,5,2,2,8,1,1,Pflegefachkraft,0,0.0,-1722,28,26,2,4,3,5358,1,,,,,,0,,0,,5,3,4,1,2143,1,4,3,3,1,1875,1,3,2,3,0,1340,0,ST-GER1,Normalstation Geriatrie,40,Geriatrie,10.0,20.0,06:00,14:00,450,,13:30,21:30,450,F,21:15,06:15,495,F|S,11,10,8,10,30,45,8,38.5,30,0.15,0,2.0.0,20261164
PK-022,2026-12-06,plan,6,Sonntag,7,49,1,0,,Pflegefachkraft,Pflegefachkraft,EXAM|PRAXISANLEITUNG|KARDIO_MONITORING,0.5,19.25,4620,4620,4158,5082,5,2,2,8,1,1,Pflegefachkraft,0,0.0,-930,28,26,2,4,3,5358,0,LANGZEITABWESENHEIT,,,,,0,,0,,5,3,4,1,2143,1,4,3,3,1,1875,1,3,2,3,0,1340,0,ST-GER1,Normalstation Geriatrie,40,Geriatrie,10.0,20.0,06:00,14:00,450,,13:30,21:30,450,F,21:15,06:15,495,F|S,11,10,8,10,30,45,8,38.5,30,0.15,0,2.0.0,20261164
AZ-001,2026-12-07,plan,7,Montag,1,50,0,0,,Auszubildende_r_3_Ausbildungsjahr,Auszubildende,AUSZUBILDEND,1.0,38.5,9240,9240,8316,10164,5,2,2,8,1,0,nicht anrechenbar,0,0.0,-9240,30,28,3,2,2,5264,1,,,,,,0,,0,,5,3,4,1,2106,1,4,3,3,1,1842,1,3,2,3,0,1316,0,ST-GER1,Normalstation Geriatrie,40,Geriatrie,10.0,20.0,06:00,14:00,450,,13:30,21:30,450,F,21:15,06:15,495,F|S,11,10,8,10,30,45,8,38.5,30,0.15,0,2.0.0,20261164
AZ-002,2026-12-07,plan,7,Montag,1,50,0,0,,Auszubildende_r_2_Ausbildungsjahr,Auszubildende,AUSZUBILDEND,1.0,38.5,9240,9240,8316,10164,5,2,2,8,1,0,nicht anrechenbar,0,0.0,-9240,30,28,3,2,2,5264,1,,,,,,0,,0,,5,3,4,1,2106,1,4,3,3,1,1842,1,3,2,3,0,1316,0,ST-GER1,Normalstation Geriatrie,40,Geriatrie,10.0,20.0,06:00,14:00,450,,13:30,21:30,450,F,21:15,06:15,495,F|S,11,10,8,10,30,45,8,38.5,30,0.15,0,2.0.0,20261164
AZ-003,2026-12-07,plan,7,Montag,1,50,0,0,,Auszubildende_r_1_Ausbildungsjahr,Auszubildende,AUSZUBILDEND,1.0,38.5,9240,9240,8316,10164,5,2,2,0,0,0,nicht anrechenbar,0,0.0,-9240,30,28,3,2,2,5264,1,,,,,,0,,0,,5,3,4,1,2106,1,4,3,3,1,1842,1,3,2,3,0,1316,0,ST-GER1,Normalstation Geriatrie,40,Geriatrie,10.0,20.0,06:00,14:00,450,,13:30,21:30,450,F,21:15,06:15,495,F|S,11,10,8,10,30,45,8,38.5,30,0.15,0,2.0.0,20261164
PH-001,2026-12-07,plan,7,Montag,1,50,0,0,,Pflegehilfskraft,Pflegehilfskraft,PFLEGEHILFE,0.75,28.88,6931,6931,6238,7624,5,2,2,0,0,1,Pflegehilfskraft,0,0.0,-1530,30,28,3,2,2,5264,1,,,,,,0,,0,,5,3,4,1,2106,1,4,3,3,1,1842,1,3,2,3,0,1316,0,ST-GER1,Normalstation Geriatrie,40,Geriatrie,10.0,20.0,06:00,14:00,450,,13:30,21:30,450,F,21:15,06:15,495,F|S,11,10,8,10,30,45,8,38.5,30,0.15,0,2.0.0,20261164
PH-002,2026-12-07,plan,7,Montag,1,50,0,0,,Pflegehilfskraft,Pflegehilfskraft,PFLEGEHILFE,0.75,28.88,6931,6931,6238,7624,5,2,2,0,0,1,Pflegehilfskraft,0,0.0,-1530,30,28,3,2,2,5264,1,,3,,,,0,,0,,5,3,4,1,2106,1,4,3,3,1,1842,1,3,2,3,0,1316,0,ST-GER1,Normalstation Geriatrie,40,Geriatrie,10.0,20.0,06:00,14:00,450,,13:30,21:30,450,F,21:15,06:15,495,F|S,11,10,8,10,30,45,8,38.5,30,0.15,0,2.0.0,20261164
PH-003,2026-12-07,plan,7,Montag,1,50,0,0,,Pflegehilfskraft,Pflegehilfskraft,PFLEGEHILFE,0.5,19.25,4620,4620,4158,5082,5,2,2,0,0,1,Pflegehilfskraft,0,0.0,-1020,30,28,3,2,2,5264,1,,,,,,0,,0,,5,3,4,1,2106,1,4,3,3,1,1842,1,3,2,3,0,1316,0,ST-GER1,Normalstation Geriatrie,40,Geriatrie,10.0,20.0,06:00,14:00,450,,13:30,21:30,450,F,21:15,06:15,495,F|S,11,10,8,10,30,45,8,38.5,30,0.15,0,2.0.0,20261164
PK-001,2026-12-07,plan,7,Montag,1,50,0,0,,Stationsleitung,Pflegefachkraft,EXAM|LEITUNG|PRAXISANLEITUNG,1.0,38.5,9240,4620,4158,5082,5,2,2,0,0,1,Pflegefachkraft,1,0.5,4464,30,28,3,2,2,5264,1,,,,,,0,,0,,5,3,4,1,2106,1,4,3,3,1,1842,1,3,2,3,0,1316,0,ST-GER1,Normalstation Geriatrie,40,Geriatrie,10.0,20.0,06:00,14:00,450,,13:30,21:30,450,F,21:15,06:15,495,F|S,11,10,8,10,30,45,8,38.5,30,0.15,0,2.0.0,20261164
PK-002,2026-12-07,plan,7,Montag,1,50,0,0,,Pflegefachkraft,Pflegefachkraft,EXAM|KARDIO_MONITORING,1.0,38.5,9240,9240,8316,10164,5,2,2,8,1,1,Pflegefachkraft,0,0.0,-2310,30,28,3,2,2,5264,1,,,,,,0,,0,,5,3,4,1,2106,1,4,3,3,1,1842,1,3,2,3,0,1316,0,ST-GER1,Normalstation Geriatrie,40,Geriatrie,10.0,20.0,06:00,14:00,450,,13:30,21:30,450,F,21:15,06:15,495,F|S,11,10,8,10,30,45,8,38.5,30,0.15,0,2.0.0,20261164
PK-003,2026-12-07,plan,7,Montag,1,50,0,0,,Pflegefachkraft,Pflegefachkraft,EXAM|PRAXISANLEITUNG|KARDIO_MONITORING,1.0,38.5,9240,9240,8316,10164,5,2,2,8,1,1,Pflegefachkraft,0,0.0,-2265,30,28,3,2,2,5264,1,,,S,1,,0,,0,,5,3,4,1,2106,1,4,3,3,1,1842,1,3,2,3,0,1316,0,ST-GER1,Normalstation Geriatrie,40,Geriatrie,10.0,20.0,06:00,14:00,450,,13:30,21:30,450,F,21:15,06:15,495,F|S,11,10,8,10,30,45,8,38.5,30,0.15,0,2.0.0,20261164
PK-004,2026-12-07,plan,7,Montag,1,50,0,0,,Pflegefachkraft,Pflegefachkraft,EXAM,0.7,26.95,6468,6468,5821,7115,5,2,2,8,1,1,Pflegefachkraft,0,0.0,-1518,30,28,3,2,2,5264,1,,,,,,0,,0,,5,3,4,1,2106,1,4,3,3,1,1842,1,3,2,3,0,1316,0,ST-GER1,Normalstation Geriatrie,40,Geriatrie,10.0,20.0,06:00,14:00,450,,13:30,21:30,450,F,21:15,06:15,495,F|S,11,10,8,10,30,45,8,38.5,30,0.15,0,2.0.0,20261164
PK-005,2026-12-07,plan,7,Montag,1,50,0,0,,Pflegefachkraft,Pflegefachkraft,EXAM|PRAXISANLEITUNG,1.0,38.5,9240,9240,8316,10164,5,2,2,8,1,1,Pflegefachkraft,0,0.0,-2400,30,28,3,2,2,5264,1,,,,,,0,,0,,5,3,4,1,2106,1,4,3,3,1,1842,1,3,2,3,0,1316,0,ST-GER1,Normalstation Geriatrie,40,Geriatrie,10.0,20.0,06:00,14:00,450,,13:30,21:30,450,F,21:15,06:15,495,F|S,11,10,8,10,30,45,8,38.5,30,0.15,0,2.0.0,20261164
PK-006,2026-12-07,plan,7,Montag,1,50,0,0,,Pflegefachkraft,Pflegefachkraft,EXAM|KARDIO_MONITORING,0.6,23.1,5544,5544,4990,6098,5,2,2,8,1,1,Pflegefachkraft,0,0.0,536,30,28,3,2,2,5264,1,,,,,,0,,0,,5,3,4,1,2106,1,4,3,3,1,1842,1,3,2,3,0,1316,0,ST-GER1,Normalstation Geriatrie,40,Geriatrie,10.0,20.0,06:00,14:00,450,,13:30,21:30,450,F,21:15,06:15,495,F|S,11,10,8,10,30,45,8,38.5,30,0.15,0,2.0.0,20261164
PK-007,2026-12-07,plan,7,Montag,1,50,0,0,,Pflegefachkraft,Pflegefachkraft,EXAM|PRAXISANLEITUNG|KARDIO_MONITORING,0.75,28.88,6931,6931,6238,7624,5,2,2,8,1,1,Pflegefachkraft,0,0.0,716,30,28,3,2,2,5264,1,,,,,,0,,0,,5,3,4,1,2106,1,4,3,3,1,1842,1,3,2,3,0,1316,0,ST-GER1,Normalstation Geriatrie,40,Geriatrie,10.0,20.0,06:00,14:00,450,,13:30,21:30,450,F,21:15,06:15,495,F|S,11,10,8,10,30,45,8,38.5,30,0.15,0,2.0.0,20261164
PK-008,2026-12-07,plan,7,Montag,1,50,0,0,,Pflegefachkraft,Pflegefachkraft,EXAM,1.0,38.5,9240,9240,8316,10164,5,2,2,8,1,1,Pflegefachkraft,0,0.0,-2580,30,28,3,2,2,5264,1,,,,,,0,,0,,5,3,4,1,2106,1,4,3,3,1,1842,1,3,2,3,0,1316,0,ST-GER1,Normalstation Geriatrie,40,Geriatrie,10.0,20.0,06:00,14:00,450,,13:30,21:30,450,F,21:15,06:15,495,F|S,11,10,8,10,30,45,8,38.5,30,0.15,0,2.0.0,20261164
PK-009,2026-12-07,plan,7,Montag,1,50,0,0,,Pflegefachkraft,Pflegefachkraft,EXAM,1.0,38.5,9240,9240,8316,10164,5,2,2,8,1,1,Pflegefachkraft,0,0.0,-2130,30,28,3,2,2,5264,1,,,,,,0,,0,,5,3,4,1,2106,1,4,3,3,1,1842,1,3,2,3,0,1316,0,ST-GER1,Normalstation Geriatrie,40,Geriatrie,10.0,20.0,06:00,14:00,450,,13:30,21:30,450,F,21:15,06:15,495,F|S,11,10,8,10,30,45,8,38.5,30,0.15,0,2.0.0,20261164
PK-010,2026-12-07,plan,7,Montag,1,50,0,0,,Pflegefachkraft,Pflegefachkraft,EXAM,0.6,23.1,5544,5544,4990,6098,5,2,2,8,1,1,Pflegefachkraft,0,0.0,-1404,30,28,3,2,2,5264,1,,,,,,0,,1,24,5,3,4,1,2106,1,4,3,3,1,1842,1,3,2,3,0,1316,0,ST-GER1,Normalstation Geriatrie,40,Geriatrie,10.0,20.0,06:00,14:00,450,,13:30,21:30,450,F,21:15,06:15,495,F|S,11,10,8,10,30,45,8,38.5,30,0.15,0,2.0.0,20261164
PK-011,2026-12-07,plan,7,Montag,1,50,0,0,,Pflegefachkraft,Pflegefachkraft,EXAM,1.0,38.5,9240,9240,8316,10164,5,2,2,8,1,1,Pflegefachkraft,0,0.0,-2130,30,28,3,2,2,5264,1,,,,,,1,4,0,,5,3,4,1,2106,1,4,3,3,1,1842,1,3,2,3,0,1316,0,ST-GER1,Normalstation Geriatrie,40,Geriatrie,10.0,20.0,06:00,14:00,450,,13:30,21:30,450,F,21:15,06:15,495,F|S,11,10,8,10,30,45,8,38.5,30,0.15,0,2.0.0,20261164
PK-012,2026-12-07,plan,7,Montag,1,50,0,0,,Pflegefachkraft,Pflegefachkraft,EXAM|KARDIO_MONITORING,1.0,38.5,9240,9240,8316,10164,5,2,2,8,1,1,Pflegefachkraft,0,0.0,-2265,30,28,3,2,2,5264,0,URLAUB,,,,,0,,0,,5,3,4,1,2106,1,4,3,3,1,1842,1,3,2,3,0,1316,0,ST-GER1,Normalstation Geriatrie,40,Geriatrie,10.0,20.0,06:00,14:00,450,,13:30,21:30,450,F,21:15,06:15,495,F|S,11,10,8,10,30,45,8,38.5,30,0.15,0,2.0.0,20261164
PK-013,2026-12-07,plan,7,Montag,1,50,0,0,,Pflegefachkraft,Pflegefachkraft,EXAM,1.0,38.5,9240,9240,8316,10164,5,2,2,8,1,1,Pflegefachkraft,0,0.0,-2310,30,28,3,2,2,5264,1,,,,,,0,,0,,5,3,4,1,2106,1,4,3,3,1,1842,1,3,2,3,0,1316,0,ST-GER1,Normalstation Geriatrie,40,Geriatrie,10.0,20.0,06:00,14:00,450,,13:30,21:30,450,F,21:15,06:15,495,F|S,11,10,8,10,30,45,8,38.5,30,0.15,0,2.0.0,20261164
PK-014,2026-12-07,plan,7,Montag,1,50,0,0,,Pflegefachkraft,Pflegefachkraft,EXAM,0.8,30.8,7392,7392,6653,8131,5,2,2,8,1,1,Pflegefachkraft,0,0.0,-1542,30,28,3,2,2,5264,1,,,,,,0,,0,,5,3,4,1,2106,1,4,3,3,1,1842,1,3,2,3,0,1316,0,ST-GER1,Normalstation Geriatrie,40,Geriatrie,10.0,20.0,06:00,14:00,450,,13:30,21:30,450,F,21:15,06:15,495,F|S,11,10,8,10,30,45,8,38.5,30,0.15,0,2.0.0,20261164
PK-015,2026-12-07,plan,7,Montag,1,50,0,0,,Pflegefachkraft,Pflegefachkraft,EXAM,0.6,23.1,5544,5544,4990,6098,5,2,2,8,1,1,Pflegefachkraft,0,0.0,-1404,30,28,3,2,2,5264,1,,,,,,0,,0,,5,3,4,1,2106,1,4,3,3,1,1842,1,3,2,3,0,1316,0,ST-GER1,Normalstation Geriatrie,40,Geriatrie,10.0,20.0,06:00,14:00,450,,13:30,21:30,450,F,21:15,06:15,495,F|S,11,10,8,10,30,45,8,38.5,30,0.15,0,2.0.0,20261164
PK-016,2026-12-07,plan,7,Montag,1,50,0,0,,Pflegefachkraft,Pflegefachkraft,EXAM,0.75,28.88,6931,6931,6238,7624,5,2,2,8,1,1,Pflegefachkraft,0,0.0,-1485,30,28,3,2,2,5264,1,,,,,,0,,0,,5,3,4,1,2106,1,4,3,3,1,1842,1,3,2,3,0,1316,0,ST-GER1,Normalstation Geriatrie,40,Geriatrie,10.0,20.0,06:00,14:00,450,,13:30,21:30,450,F,21:15,06:15,495,F|S,11,10,8,10,30,45,8,38.5,30,0.15,0,2.0.0,20261164
PK-017,2026-12-07,plan,7,Montag,1,50,0,0,,Pflegefachkraft,Pflegefachkraft,EXAM,0.7,26.95,6468,6468,5821,7115,5,2,2,8,1,1,Pflegefachkraft,0,0.0,-1473,30,28,3,2,2,5264,1,,,,,,0,,0,,5,3,4,1,2106,1,4,3,3,1,1842,1,3,2,3,0,1316,0,ST-GER1,Normalstation Geriatrie,40,Geriatrie,10.0,20.0,06:00,14:00,450,,13:30,21:30,450,F,21:15,06:15,495,F|S,11,10,8,10,30,45,8,38.5,30,0.15,0,2.0.0,20261164
PK-018,2026-12-07,plan,7,Montag,1,50,0,0,,Pflegefachkraft,Pflegefachkraft,EXAM|PRAXISANLEITUNG|KARDIO_MONITORING,0.9,34.65,8316,8316,7484,9148,5,2,2,8,1,1,Pflegefachkraft,0,0.0,-1971,30,28,3,2,2,5264,1,,,S,1,,0,,0,,5,3,4,1,2106,1,4,3,3,1,1842,1,3,2,3,0,1316,0,ST-GER1,Normalstation Geriatrie,40,Geriatrie,10.0,20.0,06:00,14:00,450,,13:30,21:30,450,F,21:15,06:15,495,F|S,11,10,8,10,30,45,8,38.5,30,0.15,0,2.0.0,20261164
PK-019,2026-12-07,plan,7,Montag,1,50,0,0,,Pflegefachkraft,Pflegefachkraft,EXAM,0.8,30.8,7392,7392,6653,8131,5,2,2,8,1,1,Pflegefachkraft,0,0.0,-1902,30,28,3,2,2,5264,1,,,,,,0,,0,,5,3,4,1,2106,1,4,3,3,1,1842,1,3,2,3,0,1316,0,ST-GER1,Normalstation Geriatrie,40,Geriatrie,10.0,20.0,06:00,14:00,450,,13:30,21:30,450,F,21:15,06:15,495,F|S,11,10,8,10,30,45,8,38.5,30,0.15,0,2.0.0,20261164
PK-020,2026-12-07,plan,7,Montag,1,50,0,0,,Pflegefachkraft,Pflegefachkraft,EXAM|KARDIO_MONITORING,0.5,19.25,4620,4620,4158,5082,5,2,2,8,1,1,Pflegefachkraft,0,0.0,-930,30,28,3,2,2,5264,1,,,,,,0,,0,,5,3,4,1,2106,1,4,3,3,1,1842,1,3,2,3,0,1316,0,ST-GER1,Normalstation Geriatrie,40,Geriatrie,10.0,20.0,06:00,14:00,450,,13:30,21:30,450,F,21:15,06:15,495,F|S,11,10,8,10,30,45,8,38.5,30,0.15,0,2.0.0,20261164
PK-021,2026-12-07,plan,7,Montag,1,50,0,0,,Pflegefachkraft,Pflegefachkraft,EXAM,0.8,30.8,7392,7392,6653,8131,5,2,2,8,1,1,Pflegefachkraft,0,0.0,-1722,30,28,3,2,2,5264,1,,,,,,0,,0,,5,3,4,1,2106,1,4,3,3,1,1842,1,3,2,3,0,1316,0,ST-GER1,Normalstation Geriatrie,40,Geriatrie,10.0,20.0,06:00,14:00,450,,13:30,21:30,450,F,21:15,06:15,495,F|S,11,10,8,10,30,45,8,38.5,30,0.15,0,2.0.0,20261164
PK-022,2026-12-07,plan,7,Montag,1,50,0,0,,Pflegefachkraft,Pflegefachkraft,EXAM|PRAXISANLEITUNG|KARDIO_MONITORING,0.5,19.25,4620,4620,4158,5082,5,2,2,8,1,1,Pflegefachkraft,0,0.0,-930,30,28,3,2,2,5264,0,LANGZEITABWESENHEIT,,,,,0,,0,,5,3,4,1,2106,1,4,3,3,1,1842,1,3,2,3,0,1316,0,ST-GER1,Normalstation Geriatrie,40,Geriatrie,10.0,20.0,06:00,14:00,450,,13:30,21:30,450,F,21:15,06:15,495,F|S,11,10,8,10,30,45,8,38.5,30,0.15,0,2.0.0,20261164
AZ-001,2026-12-08,plan,8,Dienstag,2,50,0,0,,Auszubildende_r_3_Ausbildungsjahr,Auszubildende,AUSZUBILDEND,1.0,38.5,9240,9240,8316,10164,5,2,2,8,1,0,nicht anrechenbar,0,0.0,-9240,31,29,4,5,0,5351,1,,,,,,0,,0,,5,4,4,1,2140,1,4,4,3,1,1873,1,3,2,3,0,1338,0,ST-GER1,Normalstation Geriatrie,40,Geriatrie,10.0,20.0,06:00,14:00,450,,13:30,21:30,450,F,21:15,06:15,495,F|S,11,10,8,10,30,45,8,38.5,30,0.15,0,2.0.0,20261164
AZ-002,2026-12-08,plan,8,Dienstag,2,50,0,0,,Auszubildende_r_2_Ausbildungsjahr,Auszubildende,AUSZUBILDEND,1.0,38.5,9240,9240,8316,10164,5,2,2,8,1,0,nicht anrechenbar,0,0.0,-9240,31,29,4,5,0,5351,1,,,,,,0,,0,,5,4,4,1,2140,1,4,4,3,1,1873,1,3,2,3,0,1338,0,ST-GER1,Normalstation Geriatrie,40,Geriatrie,10.0,20.0,06:00,14:00,450,,13:30,21:30,450,F,21:15,06:15,495,F|S,11,10,8,10,30,45,8,38.5,30,0.15,0,2.0.0,20261164
AZ-003,2026-12-08,plan,8,Dienstag,2,50,0,0,,Auszubildende_r_1_Ausbildungsjahr,Auszubildende,AUSZUBILDEND,1.0,38.5,9240,9240,8316,10164,5,2,2,0,0,0,nicht anrechenbar,0,0.0,-9240,31,29,4,5,0,5351,1,,,,,,0,,0,,5,4,4,1,2140,1,4,4,3,1,1873,1,3,2,3,0,1338,0,ST-GER1,Normalstation Geriatrie,40,Geriatrie,10.0,20.0,06:00,14:00,450,,13:30,21:30,450,F,21:15,06:15,495,F|S,11,10,8,10,30,45,8,38.5,30,0.15,0,2.0.0,20261164
PH-001,2026-12-08,plan,8,Dienstag,2,50,0,0,,Pflegehilfskraft,Pflegehilfskraft,PFLEGEHILFE,0.75,28.88,6931,6931,6238,7624,5,2,2,0,0,1,Pflegehilfskraft,0,0.0,-1530,31,29,4,5,0,5351,1,,,,,,0,,0,,5,4,4,1,2140,1,4,4,3,1,1873,1,3,2,3,0,1338,0,ST-GER1,Normalstation Geriatrie,40,Geriatrie,10.0,20.0,06:00,14:00,450,,13:30,21:30,450,F,21:15,06:15,495,F|S,11,10,8,10,30,45,8,38.5,30,0.15,0,2.0.0,20261164
PH-002,2026-12-08,plan,8,Dienstag,2,50,0,0,,Pflegehilfskraft,Pflegehilfskraft,PFLEGEHILFE,0.75,28.88,6931,6931,6238,7624,5,2,2,0,0,1,Pflegehilfskraft,0,0.0,-1530,31,29,4,5,0,5351,1,,,,,,0,,0,,5,4,4,1,2140,1,4,4,3,1,1873,1,3,2,3,0,1338,0,ST-GER1,Normalstation Geriatrie,40,Geriatrie,10.0,20.0,06:00,14:00,450,,13:30,21:30,450,F,21:15,06:15,495,F|S,11,10,8,10,30,45,8,38.5,30,0.15,0,2.0.0,20261164
PH-003,2026-12-08,plan,8,Dienstag,2,50,0,0,,Pflegehilfskraft,Pflegehilfskraft,PFLEGEHILFE,0.5,19.25,4620,4620,4158,5082,5,2,2,0,0,1,Pflegehilfskraft,0,0.0,-1020,31,29,4,5,0,5351,1,,,,,,0,,0,,5,4,4,1,2140,1,4,4,3,1,1873,1,3,2,3,0,1338,0,ST-GER1,Normalstation Geriatrie,40,Geriatrie,10.0,20.0,06:00,14:00,450,,13:30,21:30,450,F,21:15,06:15,495,F|S,11,10,8,10,30,45,8,38.5,30,0.15,0,2.0.0,20261164
PK-001,2026-12-08,plan,8,Dienstag,2,50,0,0,,Stationsleitung,Pflegefachkraft,EXAM|LEITUNG|PRAXISANLEITUNG,1.0,38.5,9240,4620,4158,5082,5,2,2,0,0,1,Pflegefachkraft,1,0.5,4464,31,29,4,5,0,5351,1,,,,,,1,4,0,,5,4,4,1,2140,1,4,4,3,1,1873,1,3,2,3,0,1338,0,ST-GER1,Normalstation Geriatrie,40,Geriatrie,10.0,20.0,06:00,14:00,450,,13:30,21:30,450,F,21:15,06:15,495,F|S,11,10,8,10,30,45,8,38.5,30,0.15,0,2.0.0,20261164
PK-002,2026-12-08,plan,8,Dienstag,2,50,0,0,,Pflegefachkraft,Pflegefachkraft,EXAM|KARDIO_MONITORING,1.0,38.5,9240,9240,8316,10164,5,2,2,8,1,1,Pflegefachkraft,0,0.0,-2310,31,29,4,5,0,5351,1,,,,,,0,,0,,5,4,4,1,2140,1,4,4,3,1,1873,1,3,2,3,0,1338,0,ST-GER1,Normalstation Geriatrie,40,Geriatrie,10.0,20.0,06:00,14:00,450,,13:30,21:30,450,F,21:15,06:15,495,F|S,11,10,8,10,30,45,8,38.5,30,0.15,0,2.0.0,20261164
PK-003,2026-12-08,plan,8,Dienstag,2,50,0,0,,Pflegefachkraft,Pflegefachkraft,EXAM|PRAXISANLEITUNG|KARDIO_MONITORING,1.0,38.5,9240,9240,8316,10164,5,2,2,8,1,1,Pflegefachkraft,0,0.0,-2265,31,29,4,5,0,5351,1,,,,,,0,,0,,5,4,4,1,2140,1,4,4,3,1,1873,1,3,2,3,0,1338,0,ST-GER1,Normalstation Geriatrie,40,Geriatrie,10.0,20.0,06:00,14:00,450,,13:30,21:30,450,F,21:15,06:15,495,F|S,11,10,8,10,30,45,8,38.5,30,0.15,0,2.0.0,20261164
PK-004,2026-12-08,plan,8,Dienstag,2,50,0,0,,Pflegefachkraft,Pflegefachkraft,EXAM,0.7,26.95,6468,6468,5821,7115,5,2,2,8,1,1,Pflegefachkraft,0,0.0,-1518,31,29,4,5,0,5351,1,,,,,,0,,0,,5,4,4,1,2140,1,4,4,3,1,1873,1,3,2,3,0,1338,0,ST-GER1,Normalstation Geriatrie,40,Geriatrie,10.0,20.0,06:00,14:00,450,,13:30,21:30,450,F,21:15,06:15,495,F|S,11,10,8,10,30,45,8,38.5,30,0.15,0,2.0.0,20261164
PK-005,2026-12-08,plan,8,Dienstag,2,50,0,0,,Pflegefachkraft,Pflegefachkraft,EXAM|PRAXISANLEITUNG,1.0,38.5,9240,9240,8316,10164,5,2,2,8,1,1,Pflegefachkraft,0,0.0,-2400,31,29,4,5,0,5351,1,,,,,,0,,0,,5,4,4,1,2140,1,4,4,3,1,1873,1,3,2,3,0,1338,0,ST-GER1,Normalstation Geriatrie,40,Geriatrie,10.0,20.0,06:00,14:00,450,,13:30,21:30,450,F,21:15,06:15,495,F|S,11,10,8,10,30,45,8,38.5,30,0.15,0,2.0.0,20261164
PK-006,2026-12-08,plan,8,Dienstag,2,50,0,0,,Pflegefachkraft,Pflegefachkraft,EXAM|KARDIO_MONITORING,0.6,23.1,5544,5544,4990,6098,5,2,2,8,1,1,Pflegefachkraft,0,0.0,536,31,29,4,5,0,5351,1,,,,,,0,,0,,5,4,4,1,2140,1,4,4,3,1,1873,1,3,2,3,0,1338,0,ST-GER1,Normalstation Geriatrie,40,Geriatrie,10.0,20.0,06:00,14:00,450,,13:30,21:30,450,F,21:15,06:15,495,F|S,11,10,8,10,30,45,8,38.5,30,0.15,0,2.0.0,20261164
PK-007,2026-12-08,plan,8,Dienstag,2,50,0,0,,Pflegefachkraft,Pflegefachkraft,EXAM|PRAXISANLEITUNG|KARDIO_MONITORING,0.75,28.88,6931,6931,6238,7624,5,2,2,8,1,1,Pflegefachkraft,0,0.0,716,31,29,4,5,0,5351,1,,,,,,0,,0,,5,4,4,1,2140,1,4,4,3,1,1873,1,3,2,3,0,1338,0,ST-GER1,Normalstation Geriatrie,40,Geriatrie,10.0,20.0,06:00,14:00,450,,13:30,21:30,450,F,21:15,06:15,495,F|S,11,10,8,10,30,45,8,38.5,30,0.15,0,2.0.0,20261164
PK-008,2026-12-08,plan,8,Dienstag,2,50,0,0,,Pflegefachkraft,Pflegefachkraft,EXAM,1.0,38.5,9240,9240,8316,10164,5,2,2,8,1,1,Pflegefachkraft,0,0.0,-2580,31,29,4,5,0,5351,1,,,,,,0,,0,,5,4,4,1,2140,1,4,4,3,1,1873,1,3,2,3,0,1338,0,ST-GER1,Normalstation Geriatrie,40,Geriatrie,10.0,20.0,06:00,14:00,450,,13:30,21:30,450,F,21:15,06:15,495,F|S,11,10,8,10,30,45,8,38.5,30,0.15,0,2.0.0,20261164
PK-009,2026-12-08,plan,8,Dienstag,2,50,0,0,,Pflegefachkraft,Pflegefachkraft,EXAM,1.0,38.5,9240,9240,8316,10164,5,2,2,8,1,1,Pflegefachkraft,0,0.0,-2130,31,29,4,5,0,5351,1,,,,,,0,,0,,5,4,4,1,2140,1,4,4,3,1,1873,1,3,2,3,0,1338,0,ST-GER1,Normalstation Geriatrie,40,Geriatrie,10.0,20.0,06:00,14:00,450,,13:30,21:30,450,F,21:15,06:15,495,F|S,11,10,8,10,30,45,8,38.5,30,0.15,0,2.0.0,20261164
PK-010,2026-12-08,plan,8,Dienstag,2,50,0,0,,Pflegefachkraft,Pflegefachkraft,EXAM,0.6,23.1,5544,5544,4990,6098,5,2,2,8,1,1,Pflegefachkraft,0,0.0,-1404,31,29,4,5,0,5351,1,,,,,,0,,0,,5,4,4,1,2140,1,4,4,3,1,1873,1,3,2,3,0,1338,0,ST-GER1,Normalstation Geriatrie,40,Geriatrie,10.0,20.0,06:00,14:00,450,,13:30,21:30,450,F,21:15,06:15,495,F|S,11,10,8,10,30,45,8,38.5,30,0.15,0,2.0.0,20261164
PK-011,2026-12-08,plan,8,Dienstag,2,50,0,0,,Pflegefachkraft,Pflegefachkraft,EXAM,1.0,38.5,9240,9240,8316,10164,5,2,2,8,1,1,Pflegefachkraft,0,0.0,-2130,31,29,4,5,0,5351,1,,,,,,0,,0,,5,4,4,1,2140,1,4,4,3,1,1873,1,3,2,3,0,1338,0,ST-GER1,Normalstation Geriatrie,40,Geriatrie,10.0,20.0,06:00,14:00,450,,13:30,21:30,450,F,21:15,06:15,495,F|S,11,10,8,10,30,45,8,38.5,30,0.15,0,2.0.0,20261164
PK-012,2026-12-08,plan,8,Dienstag,2,50,0,0,,Pflegefachkraft,Pflegefachkraft,EXAM|KARDIO_MONITORING,1.0,38.5,9240,9240,8316,10164,5,2,2,8,1,1,Pflegefachkraft,0,0.0,-2265,31,29,4,5,0,5351,0,URLAUB,,,,,0,,0,,5,4,4,1,2140,1,4,4,3,1,1873,1,3,2,3,0,1338,0,ST-GER1,Normalstation Geriatrie,40,Geriatrie,10.0,20.0,06:00,14:00,450,,13:30,21:30,450,F,21:15,06:15,495,F|S,11,10,8,10,30,45,8,38.5,30,0.15,0,2.0.0,20261164
PK-013,2026-12-08,plan,8,Dienstag,2,50,0,0,,Pflegefachkraft,Pflegefachkraft,EXAM,1.0,38.5,9240,9240,8316,10164,5,2,2,8,1,1,Pflegefachkraft,0,0.0,-2310,31,29,4,5,0,5351,1,,,,,,0,,0,,5,4,4,1,2140,1,4,4,3,1,1873,1,3,2,3,0,1338,0,ST-GER1,Normalstation Geriatrie,40,Geriatrie,10.0,20.0,06:00,14:00,450,,13:30,21:30,450,F,21:15,06:15,495,F|S,11,10,8,10,30,45,8,38.5,30,0.15,0,2.0.0,20261164
PK-014,2026-12-08,plan,8,Dienstag,2,50,0,0,,Pflegefachkraft,Pflegefachkraft,EXAM,0.8,30.8,7392,7392,6653,8131,5,2,2,8,1,1,Pflegefachkraft,0,0.0,-1542,31,29,4,5,0,5351,1,,,,,,0,,0,,5,4,4,1,2140,1,4,4,3,1,1873,1,3,2,3,0,1338,0,ST-GER1,Normalstation Geriatrie,40,Geriatrie,10.0,20.0,06:00,14:00,450,,13:30,21:30,450,F,21:15,06:15,495,F|S,11,10,8,10,30,45,8,38.5,30,0.15,0,2.0.0,20261164
PK-015,2026-12-08,plan,8,Dienstag,2,50,0,0,,Pflegefachkraft,Pflegefachkraft,EXAM,0.6,23.1,5544,5544,4990,6098,5,2,2,8,1,1,Pflegefachkraft,0,0.0,-1404,31,29,4,5,0,5351,1,,,,,,0,,0,,5,4,4,1,2140,1,4,4,3,1,1873,1,3,2,3,0,1338,0,ST-GER1,Normalstation Geriatrie,40,Geriatrie,10.0,20.0,06:00,14:00,450,,13:30,21:30,450,F,21:15,06:15,495,F|S,11,10,8,10,30,45,8,38.5,30,0.15,0,2.0.0,20261164
PK-016,2026-12-08,plan,8,Dienstag,2,50,0,0,,Pflegefachkraft,Pflegefachkraft,EXAM,0.75,28.88,6931,6931,6238,7624,5,2,2,8,1,1,Pflegefachkraft,0,0.0,-1485,31,29,4,5,0,5351,1,,,,,,0,,0,,5,4,4,1,2140,1,4,4,3,1,1873,1,3,2,3,0,1338,0,ST-GER1,Normalstation Geriatrie,40,Geriatrie,10.0,20.0,06:00,14:00,450,,13:30,21:30,450,F,21:15,06:15,495,F|S,11,10,8,10,30,45,8,38.5,30,0.15,0,2.0.0,20261164
PK-017,2026-12-08,plan,8,Dienstag,2,50,0,0,,Pflegefachkraft,Pflegefachkraft,EXAM,0.7,26.95,6468,6468,5821,7115,5,2,2,8,1,1,Pflegefachkraft,0,0.0,-1473,31,29,4,5,0,5351,1,,,,,,0,,0,,5,4,4,1,2140,1,4,4,3,1,1873,1,3,2,3,0,1338,0,ST-GER1,Normalstation Geriatrie,40,Geriatrie,10.0,20.0,06:00,14:00,450,,13:30,21:30,450,F,21:15,06:15,495,F|S,11,10,8,10,30,45,8,38.5,30,0.15,0,2.0.0,20261164
PK-018,2026-12-08,plan,8,Dienstag,2,50,0,0,,Pflegefachkraft,Pflegefachkraft,EXAM|PRAXISANLEITUNG|KARDIO_MONITORING,0.9,34.65,8316,8316,7484,9148,5,2,2,8,1,1,Pflegefachkraft,0,0.0,-1971,31,29,4,5,0,5351,0,FORTBILDUNG,,,,,0,,0,,5,4,4,1,2140,1,4,4,3,1,1873,1,3,2,3,0,1338,0,ST-GER1,Normalstation Geriatrie,40,Geriatrie,10.0,20.0,06:00,14:00,450,,13:30,21:30,450,F,21:15,06:15,495,F|S,11,10,8,10,30,45,8,38.5,30,0.15,0,2.0.0,20261164
PK-019,2026-12-08,plan,8,Dienstag,2,50,0,0,,Pflegefachkraft,Pflegefachkraft,EXAM,0.8,30.8,7392,7392,6653,8131,5,2,2,8,1,1,Pflegefachkraft,0,0.0,-1902,31,29,4,5,0,5351,1,,,,,,0,,0,,5,4,4,1,2140,1,4,4,3,1,1873,1,3,2,3,0,1338,0,ST-GER1,Normalstation Geriatrie,40,Geriatrie,10.0,20.0,06:00,14:00,450,,13:30,21:30,450,F,21:15,06:15,495,F|S,11,10,8,10,30,45,8,38.5,30,0.15,0,2.0.0,20261164
PK-020,2026-12-08,plan,8,Dienstag,2,50,0,0,,Pflegefachkraft,Pflegefachkraft,EXAM|KARDIO_MONITORING,0.5,19.25,4620,4620,4158,5082,5,2,2,8,1,1,Pflegefachkraft,0,0.0,-930,31,29,4,5,0,5351,1,,,,,,0,,0,,5,4,4,1,2140,1,4,4,3,1,1873,1,3,2,3,0,1338,0,ST-GER1,Normalstation Geriatrie,40,Geriatrie,10.0,20.0,06:00,14:00,450,,13:30,21:30,450,F,21:15,06:15,495,F|S,11,10,8,10,30,45,8,38.5,30,0.15,0,2.0.0,20261164
PK-021,2026-12-08,plan,8,Dienstag,2,50,0,0,,Pflegefachkraft,Pflegefachkraft,EXAM,0.8,30.8,7392,7392,6653,8131,5,2,2,8,1,1,Pflegefachkraft,0,0.0,-1722,31,29,4,5,0,5351,1,,,,,,0,,0,,5,4,4,1,2140,1,4,4,3,1,1873,1,3,2,3,0,1338,0,ST-GER1,Normalstation Geriatrie,40,Geriatrie,10.0,20.0,06:00,14:00,450,,13:30,21:30,450,F,21:15,06:15,495,F|S,11,10,8,10,30,45,8,38.5,30,0.15,0,2.0.0,20261164
PK-022,2026-12-08,plan,8,Dienstag,2,50,0,0,,Pflegefachkraft,Pflegefachkraft,EXAM|PRAXISANLEITUNG|KARDIO_MONITORING,0.5,19.25,4620,4620,4158,5082,5,2,2,8,1,1,Pflegefachkraft,0,0.0,-930,31,29,4,5,0,5351,0,LANGZEITABWESENHEIT,,,,,0,,0,,5,4,4,1,2140,1,4,4,3,1,1873,1,3,2,3,0,1338,0,ST-GER1,Normalstation Geriatrie,40,Geriatrie,10.0,20.0,06:00,14:00,450,,13:30,21:30,450,F,21:15,06:15,495,F|S,11,10,8,10,30,45,8,38.5,30,0.15,0,2.0.0,20261164
AZ-001,2026-12-09,plan,9,Mittwoch,3,50,0,0,,Auszubildende_r_3_Ausbildungsjahr,Auszubildende,AUSZUBILDEND,1.0,38.5,9240,9240,8316,10164,5,2,2,8,1,0,nicht anrechenbar,0,0.0,-9240,34,32,5,6,1,6009,1,,,,,,0,,0,,5,4,4,1,2404,1,5,4,4,1,2103,1,3,2,3,0,1502,0,ST-GER1,Normalstation Geriatrie,40,Geriatrie,10.0,20.0,06:00,14:00,450,,13:30,21:30,450,F,21:15,06:15,495,F|S,11,10,8,10,30,45,8,38.5,30,0.15,0,2.0.0,20261164
AZ-002,2026-12-09,plan,9,Mittwoch,3,50,0,0,,Auszubildende_r_2_Ausbildungsjahr,Auszubildende,AUSZUBILDEND,1.0,38.5,9240,9240,8316,10164,5,2,2,8,1,0,nicht anrechenbar,0,0.0,-9240,34,32,5,6,1,6009,1,,,,,,0,,0,,5,4,4,1,2404,1,5,4,4,1,2103,1,3,2,3,0,1502,0,ST-GER1,Normalstation Geriatrie,40,Geriatrie,10.0,20.0,06:00,14:00,450,,13:30,21:30,450,F,21:15,06:15,495,F|S,11,10,8,10,30,45,8,38.5,30,0.15,0,2.0.0,20261164
AZ-003,2026-12-09,plan,9,Mittwoch,3,50,0,0,,Auszubildende_r_1_Ausbildungsjahr,Auszubildende,AUSZUBILDEND,1.0,38.5,9240,9240,8316,10164,5,2,2,0,0,0,nicht anrechenbar,0,0.0,-9240,34,32,5,6,1,6009,1,,,,,,0,,0,,5,4,4,1,2404,1,5,4,4,1,2103,1,3,2,3,0,1502,0,ST-GER1,Normalstation Geriatrie,40,Geriatrie,10.0,20.0,06:00,14:00,450,,13:30,21:30,450,F,21:15,06:15,495,F|S,11,10,8,10,30,45,8,38.5,30,0.15,0,2.0.0,20261164
PH-001,2026-12-09,plan,9,Mittwoch,3,50,0,0,,Pflegehilfskraft,Pflegehilfskraft,PFLEGEHILFE,0.75,28.88,6931,6931,6238,7624,5,2,2,0,0,1,Pflegehilfskraft,0,0.0,-1530,34,32,5,6,1,6009,1,,,,,,0,,0,,5,4,4,1,2404,1,5,4,4,1,2103,1,3,2,3,0,1502,0,ST-GER1,Normalstation Geriatrie,40,Geriatrie,10.0,20.0,06:00,14:00,450,,13:30,21:30,450,F,21:15,06:15,495,F|S,11,10,8,10,30,45,8,38.5,30,0.15,0,2.0.0,20261164
PH-002,2026-12-09,plan,9,Mittwoch,3,50,0,0,,Pflegehilfskraft,Pflegehilfskraft,PFLEGEHILFE,0.75,28.88,6931,6931,6238,7624,5,2,2,0,0,1,Pflegehilfskraft,0,0.0,-1530,34,32,5,6,1,6009,1,,,,,,0,,0,,5,4,4,1,2404,1,5,4,4,1,2103,1,3,2,3,0,1502,0,ST-GER1,Normalstation Geriatrie,40,Geriatrie,10.0,20.0,06:00,14:00,450,,13:30,21:30,450,F,21:15,06:15,495,F|S,11,10,8,10,30,45,8,38.5,30,0.15,0,2.0.0,20261164
PH-003,2026-12-09,plan,9,Mittwoch,3,50,0,0,,Pflegehilfskraft,Pflegehilfskraft,PFLEGEHILFE,0.5,19.25,4620,4620,4158,5082,5,2,2,0,0,1,Pflegehilfskraft,0,0.0,-1020,34,32,5,6,1,6009,1,,,,,,0,,0,,5,4,4,1,2404,1,5,4,4,1,2103,1,3,2,3,0,1502,0,ST-GER1,Normalstation Geriatrie,40,Geriatrie,10.0,20.0,06:00,14:00,450,,13:30,21:30,450,F,21:15,06:15,495,F|S,11,10,8,10,30,45,8,38.5,30,0.15,0,2.0.0,20261164
PK-001,2026-12-09,plan,9,Mittwoch,3,50,0,0,,Stationsleitung,Pflegefachkraft,EXAM|LEITUNG|PRAXISANLEITUNG,1.0,38.5,9240,4620,4158,5082,5,2,2,0,0,1,Pflegefachkraft,1,0.5,4464,34,32,5,6,1,6009,1,,,,,,0,,0,,5,4,4,1,2404,1,5,4,4,1,2103,1,3,2,3,0,1502,0,ST-GER1,Normalstation Geriatrie,40,Geriatrie,10.0,20.0,06:00,14:00,450,,13:30,21:30,450,F,21:15,06:15,495,F|S,11,10,8,10,30,45,8,38.5,30,0.15,0,2.0.0,20261164
PK-002,2026-12-09,plan,9,Mittwoch,3,50,0,0,,Pflegefachkraft,Pflegefachkraft,EXAM|KARDIO_MONITORING,1.0,38.5,9240,9240,8316,10164,5,2,2,8,1,1,Pflegefachkraft,0,0.0,-2310,34,32,5,6,1,6009,1,,,,,,0,,0,,5,4,4,1,2404,1,5,4,4,1,2103,1,3,2,3,0,1502,0,ST-GER1,Normalstation Geriatrie,40,Geriatrie,10.0,20.0,06:00,14:00,450,,13:30,21:30,450,F,21:15,06:15,495,F|S,11,10,8,10,30,45,8,38.5,30,0.15,0,2.0.0,20261164
PK-003,2026-12-09,plan,9,Mittwoch,3,50,0,0,,Pflegefachkraft,Pflegefachkraft,EXAM|PRAXISANLEITUNG|KARDIO_MONITORING,1.0,38.5,9240,9240,8316,10164,5,2,2,8,1,1,Pflegefachkraft,0,0.0,-2265,34,32,5,6,1,6009,1,,1,,,,0,,0,,5,4,4,1,2404,1,5,4,4,1,2103,1,3,2,3,0,1502,0,ST-GER1,Normalstation Geriatrie,40,Geriatrie,10.0,20.0,06:00,14:00,450,,13:30,21:30,450,F,21:15,06:15,495,F|S,11,10,8,10,30,45,8,38.5,30,0.15,0,2.0.0,20261164
PK-004,2026-12-09,plan,9,Mittwoch,3,50,0,0,,Pflegefachkraft,Pflegefachkraft,EXAM,0.7,26.95,6468,6468,5821,7115,5,2,2,8,1,1,Pflegefachkraft,0,0.0,-1518,34,32,5,6,1,6009,1,,,,,,0,,0,,5,4,4,1,2404,1,5,4,4,1,2103,1,3,2,3,0,1502,0,ST-GER1,Normalstation Geriatrie,40,Geriatrie,10.0,20.0,06:00,14:00,450,,13:30,21:30,450,F,21:15,06:15,495,F|S,11,10,8,10,30,45,8,38.5,30,0.15,0,2.0.0,20261164
PK-005,2026-12-09,plan,9,Mittwoch,3,50,0,0,,Pflegefachkraft,Pflegefachkraft,EXAM|PRAXISANLEITUNG,1.0,38.5,9240,9240,8316,10164,5,2,2,8,1,1,Pflegefachkraft,0,0.0,-2400,34,32,5,6,1,6009,1,,,,,,0,,0,,5,4,4,1,2404,1,5,4,4,1,2103,1,3,2,3,0,1502,0,ST-GER1,Normalstation Geriatrie,40,Geriatrie,10.0,20.0,06:00,14:00,450,,13:30,21:30,450,F,21:15,06:15,495,F|S,11,10,8,10,30,45,8,38.5,30,0.15,0,2.0.0,20261164
PK-006,2026-12-09,plan,9,Mittwoch,3,50,0,0,,Pflegefachkraft,Pflegefachkraft,EXAM|KARDIO_MONITORING,0.6,23.1,5544,5544,4990,6098,5,2,2,8,1,1,Pflegefachkraft,0,0.0,536,34,32,5,6,1,6009,1,,,,,,0,,0,,5,4,4,1,2404,1,5,4,4,1,2103,1,3,2,3,0,1502,0,ST-GER1,Normalstation Geriatrie,40,Geriatrie,10.0,20.0,06:00,14:00,450,,13:30,21:30,450,F,21:15,06:15,495,F|S,11,10,8,10,30,45,8,38.5,30,0.15,0,2.0.0,20261164
PK-007,2026-12-09,plan,9,Mittwoch,3,50,0,0,,Pflegefachkraft,Pflegefachkraft,EXAM|PRAXISANLEITUNG|KARDIO_MONITORING,0.75,28.88,6931,6931,6238,7624,5,2,2,8,1,1,Pflegefachkraft,0,0.0,716,34,32,5,6,1,6009,1,,,,,,0,,0,,5,4,4,1,2404,1,5,4,4,1,2103,1,3,2,3,0,1502,0,ST-GER1,Normalstation Geriatrie,40,Geriatrie,10.0,20.0,06:00,14:00,450,,13:30,21:30,450,F,21:15,06:15,495,F|S,11,10,8,10,30,45,8,38.5,30,0.15,0,2.0.0,20261164
PK-008,2026-12-09,plan,9,Mittwoch,3,50,0,0,,Pflegefachkraft,Pflegefachkraft,EXAM,1.0,38.5,9240,9240,8316,10164,5,2,2,8,1,1,Pflegefachkraft,0,0.0,-2580,34,32,5,6,1,6009,1,,,,,,0,,0,,5,4,4,1,2404,1,5,4,4,1,2103,1,3,2,3,0,1502,0,ST-GER1,Normalstation Geriatrie,40,Geriatrie,10.0,20.0,06:00,14:00,450,,13:30,21:30,450,F,21:15,06:15,495,F|S,11,10,8,10,30,45,8,38.5,30,0.15,0,2.0.0,20261164
PK-009,2026-12-09,plan,9,Mittwoch,3,50,0,0,,Pflegefachkraft,Pflegefachkraft,EXAM,1.0,38.5,9240,9240,8316,10164,5,2,2,8,1,1,Pflegefachkraft,0,0.0,-2130,34,32,5,6,1,6009,1,,,,,,0,,0,,5,4,4,1,2404,1,5,4,4,1,2103,1,3,2,3,0,1502,0,ST-GER1,Normalstation Geriatrie,40,Geriatrie,10.0,20.0,06:00,14:00,450,,13:30,21:30,450,F,21:15,06:15,495,F|S,11,10,8,10,30,45,8,38.5,30,0.15,0,2.0.0,20261164
PK-010,2026-12-09,plan,9,Mittwoch,3,50,0,0,,Pflegefachkraft,Pflegefachkraft,EXAM,0.6,23.1,5544,5544,4990,6098,5,2,2,8,1,1,Pflegefachkraft,0,0.0,-1404,34,32,5,6,1,6009,1,,,,,,0,,0,,5,4,4,1,2404,1,5,4,4,1,2103,1,3,2,3,0,1502,0,ST-GER1,Normalstation Geriatrie,40,Geriatrie,10.0,20.0,06:00,14:00,450,,13:30,21:30,450,F,21:15,06:15,495,F|S,11,10,8,10,30,45,8,38.5,30,0.15,0,2.0.0,20261164
PK-011,2026-12-09,plan,9,Mittwoch,3,50,0,0,,Pflegefachkraft,Pflegefachkraft,EXAM,1.0,38.5,9240,9240,8316,10164,5,2,2,8,1,1,Pflegefachkraft,0,0.0,-2130,34,32,5,6,1,6009,1,,,,,,0,,0,,5,4,4,1,2404,1,5,4,4,1,2103,1,3,2,3,0,1502,0,ST-GER1,Normalstation Geriatrie,40,Geriatrie,10.0,20.0,06:00,14:00,450,,13:30,21:30,450,F,21:15,06:15,495,F|S,11,10,8,10,30,45,8,38.5,30,0.15,0,2.0.0,20261164
PK-012,2026-12-09,plan,9,Mittwoch,3,50,0,0,,Pflegefachkraft,Pflegefachkraft,EXAM|KARDIO_MONITORING,1.0,38.5,9240,9240,8316,10164,5,2,2,8,1,1,Pflegefachkraft,0,0.0,-2265,34,32,5,6,1,6009,0,URLAUB,,,,,0,,0,,5,4,4,1,2404,1,5,4,4,1,2103,1,3,2,3,0,1502,0,ST-GER1,Normalstation Geriatrie,40,Geriatrie,10.0,20.0,06:00,14:00,450,,13:30,21:30,450,F,21:15,06:15,495,F|S,11,10,8,10,30,45,8,38.5,30,0.15,0,2.0.0,20261164
PK-013,2026-12-09,plan,9,Mittwoch,3,50,0,0,,Pflegefachkraft,Pflegefachkraft,EXAM,1.0,38.5,9240,9240,8316,10164,5,2,2,8,1,1,Pflegefachkraft,0,0.0,-2310,34,32,5,6,1,6009,1,,,F,1,,0,,0,,5,4,4,1,2404,1,5,4,4,1,2103,1,3,2,3,0,1502,0,ST-GER1,Normalstation Geriatrie,40,Geriatrie,10.0,20.0,06:00,14:00,450,,13:30,21:30,450,F,21:15,06:15,495,F|S,11,10,8,10,30,45,8,38.5,30,0.15,0,2.0.0,20261164
PK-014,2026-12-09,plan,9,Mittwoch,3,50,0,0,,Pflegefachkraft,Pflegefachkraft,EXAM,0.8,30.8,7392,7392,6653,8131,5,2,2,8,1,1,Pflegefachkraft,0,0.0,-1542,34,32,5,6,1,6009,1,,,,,,0,,0,,5,4,4,1,2404,1,5,4,4,1,2103,1,3,2,3,0,1502,0,ST-GER1,Normalstation Geriatrie,40,Geriatrie,10.0,20.0,06:00,14:00,450,,13:30,21:30,450,F,21:15,06:15,495,F|S,11,10,8,10,30,45,8,38.5,30,0.15,0,2.0.0,20261164
PK-015,2026-12-09,plan,9,Mittwoch,3,50,0,0,,Pflegefachkraft,Pflegefachkraft,EXAM,0.6,23.1,5544,5544,4990,6098,5,2,2,8,1,1,Pflegefachkraft,0,0.0,-1404,34,32,5,6,1,6009,1,,,,,,0,,0,,5,4,4,1,2404,1,5,4,4,1,2103,1,3,2,3,0,1502,0,ST-GER1,Normalstation Geriatrie,40,Geriatrie,10.0,20.0,06:00,14:00,450,,13:30,21:30,450,F,21:15,06:15,495,F|S,11,10,8,10,30,45,8,38.5,30,0.15,0,2.0.0,20261164
PK-016,2026-12-09,plan,9,Mittwoch,3,50,0,0,,Pflegefachkraft,Pflegefachkraft,EXAM,0.75,28.88,6931,6931,6238,7624,5,2,2,8,1,1,Pflegefachkraft,0,0.0,-1485,34,32,5,6,1,6009,1,,,,,,0,,0,,5,4,4,1,2404,1,5,4,4,1,2103,1,3,2,3,0,1502,0,ST-GER1,Normalstation Geriatrie,40,Geriatrie,10.0,20.0,06:00,14:00,450,,13:30,21:30,450,F,21:15,06:15,495,F|S,11,10,8,10,30,45,8,38.5,30,0.15,0,2.0.0,20261164
PK-017,2026-12-09,plan,9,Mittwoch,3,50,0,0,,Pflegefachkraft,Pflegefachkraft,EXAM,0.7,26.95,6468,6468,5821,7115,5,2,2,8,1,1,Pflegefachkraft,0,0.0,-1473,34,32,5,6,1,6009,1,,,,,,0,,0,,5,4,4,1,2404,1,5,4,4,1,2103,1,3,2,3,0,1502,0,ST-GER1,Normalstation Geriatrie,40,Geriatrie,10.0,20.0,06:00,14:00,450,,13:30,21:30,450,F,21:15,06:15,495,F|S,11,10,8,10,30,45,8,38.5,30,0.15,0,2.0.0,20261164
PK-018,2026-12-09,plan,9,Mittwoch,3,50,0,0,,Pflegefachkraft,Pflegefachkraft,EXAM|PRAXISANLEITUNG|KARDIO_MONITORING,0.9,34.65,8316,8316,7484,9148,5,2,2,8,1,1,Pflegefachkraft,0,0.0,-1971,34,32,5,6,1,6009,1,,,,,,0,,0,,5,4,4,1,2404,1,5,4,4,1,2103,1,3,2,3,0,1502,0,ST-GER1,Normalstation Geriatrie,40,Geriatrie,10.0,20.0,06:00,14:00,450,,13:30,21:30,450,F,21:15,06:15,495,F|S,11,10,8,10,30,45,8,38.5,30,0.15,0,2.0.0,20261164
PK-019,2026-12-09,plan,9,Mittwoch,3,50,0,0,,Pflegefachkraft,Pflegefachkraft,EXAM,0.8,30.8,7392,7392,6653,8131,5,2,2,8,1,1,Pflegefachkraft,0,0.0,-1902,34,32,5,6,1,6009,1,,,,,,0,,0,,5,4,4,1,2404,1,5,4,4,1,2103,1,3,2,3,0,1502,0,ST-GER1,Normalstation Geriatrie,40,Geriatrie,10.0,20.0,06:00,14:00,450,,13:30,21:30,450,F,21:15,06:15,495,F|S,11,10,8,10,30,45,8,38.5,30,0.15,0,2.0.0,20261164
PK-020,2026-12-09,plan,9,Mittwoch,3,50,0,0,,Pflegefachkraft,Pflegefachkraft,EXAM|KARDIO_MONITORING,0.5,19.25,4620,4620,4158,5082,5,2,2,8,1,1,Pflegefachkraft,0,0.0,-930,34,32,5,6,1,6009,1,,,,,,0,,0,,5,4,4,1,2404,1,5,4,4,1,2103,1,3,2,3,0,1502,0,ST-GER1,Normalstation Geriatrie,40,Geriatrie,10.0,20.0,06:00,14:00,450,,13:30,21:30,450,F,21:15,06:15,495,F|S,11,10,8,10,30,45,8,38.5,30,0.15,0,2.0.0,20261164
PK-021,2026-12-09,plan,9,Mittwoch,3,50,0,0,,Pflegefachkraft,Pflegefachkraft,EXAM,0.8,30.8,7392,7392,6653,8131,5,2,2,8,1,1,Pflegefachkraft,0,0.0,-1722,34,32,5,6,1,6009,1,,,,,,0,,0,,5,4,4,1,2404,1,5,4,4,1,2103,1,3,2,3,0,1502,0,ST-GER1,Normalstation Geriatrie,40,Geriatrie,10.0,20.0,06:00,14:00,450,,13:30,21:30,450,F,21:15,06:15,495,F|S,11,10,8,10,30,45,8,38.5,30,0.15,0,2.0.0,20261164
PK-022,2026-12-09,plan,9,Mittwoch,3,50,0,0,,Pflegefachkraft,Pflegefachkraft,EXAM|PRAXISANLEITUNG|KARDIO_MONITORING,0.5,19.25,4620,4620,4158,5082,5,2,2,8,1,1,Pflegefachkraft,0,0.0,-930,34,32,5,6,1,6009,0,LANGZEITABWESENHEIT,,,,,0,,0,,5,4,4,1,2404,1,5,4,4,1,2103,1,3,2,3,0,1502,0,ST-GER1,Normalstation Geriatrie,40,Geriatrie,10.0,20.0,06:00,14:00,450,,13:30,21:30,450,F,21:15,06:15,495,F|S,11,10,8,10,30,45,8,38.5,30,0.15,0,2.0.0,20261164
AZ-001,2026-12-10,plan,10,Donnerstag,4,50,0,0,,Auszubildende_r_3_Ausbildungsjahr,Auszubildende,AUSZUBILDEND,1.0,38.5,9240,9240,8316,10164,5,2,2,8,1,0,nicht anrechenbar,0,0.0,-9240,31,30,6,6,3,6135,1,,,,,,0,,0,,5,4,4,1,2454,1,5,4,4,1,2147,1,3,2,3,0,1534,0,ST-GER1,Normalstation Geriatrie,40,Geriatrie,10.0,20.0,06:00,14:00,450,,13:30,21:30,450,F,21:15,06:15,495,F|S,11,10,8,10,30,45,8,38.5,30,0.15,0,2.0.0,20261164
AZ-002,2026-12-10,plan,10,Donnerstag,4,50,0,0,,Auszubildende_r_2_Ausbildungsjahr,Auszubildende,AUSZUBILDEND,1.0,38.5,9240,9240,8316,10164,5,2,2,8,1,0,nicht anrechenbar,0,0.0,-9240,31,30,6,6,3,6135,1,,,,,,0,,0,,5,4,4,1,2454,1,5,4,4,1,2147,1,3,2,3,0,1534,0,ST-GER1,Normalstation Geriatrie,40,Geriatrie,10.0,20.0,06:00,14:00,450,,13:30,21:30,450,F,21:15,06:15,495,F|S,11,10,8,10,30,45,8,38.5,30,0.15,0,2.0.0,20261164
AZ-003,2026-12-10,plan,10,Donnerstag,4,50,0,0,,Auszubildende_r_1_Ausbildungsjahr,Auszubildende,AUSZUBILDEND,1.0,38.5,9240,9240,8316,10164,5,2,2,0,0,0,nicht anrechenbar,0,0.0,-9240,31,30,6,6,3,6135,1,,,N,2,,0,,0,,5,4,4,1,2454,1,5,4,4,1,2147,1,3,2,3,0,1534,0,ST-GER1,Normalstation Geriatrie,40,Geriatrie,10.0,20.0,06:00,14:00,450,,13:30,21:30,450,F,21:15,06:15,495,F|S,11,10,8,10,30,45,8,38.5,30,0.15,0,2.0.0,20261164
PH-001,2026-12-10,plan,10,Donnerstag,4,50,0,0,,Pflegehilfskraft,Pflegehilfskraft,PFLEGEHILFE,0.75,28.88,6931,6931,6238,7624,5,2,2,0,0,1,Pflegehilfskraft,0,0.0,-1530,31,30,6,6,3,6135,1,,1,,,,0,,0,,5,4,4,1,2454,1,5,4,4,1,2147,1,3,2,3,0,1534,0,ST-GER1,Normalstation Geriatrie,40,Geriatrie,10.0,20.0,06:00,14:00,450,,13:30,21:30,450,F,21:15,06:15,495,F|S,11,10,8,10,30,45,8,38.5,30,0.15,0,2.0.0,20261164
PH-002,2026-12-10,plan,10,Donnerstag,4,50,0,0,,Pflegehilfskraft,Pflegehilfskraft,PFLEGEHILFE,0.75,28.88,6931,6931,6238,7624,5,2,2,0,0,1,Pflegehilfskraft,0,0.0,-1530,31,30,6,6,3,6135,1,,,,,,0,,0,,5,4,4,1,2454,1,5,4,4,1,2147,1,3,2,3,0,1534,0,ST-GER1,Normalstation Geriatrie,40,Geriatrie,10.0,20.0,06:00,14:00,450,,13:30,21:30,450,F,21:15,06:15,495,F|S,11,10,8,10,30,45,8,38.5,30,0.15,0,2.0.0,20261164
PH-003,2026-12-10,plan,10,Donnerstag,4,50,0,0,,Pflegehilfskraft,Pflegehilfskraft,PFLEGEHILFE,0.5,19.25,4620,4620,4158,5082,5,2,2,0,0,1,Pflegehilfskraft,0,0.0,-1020,31,30,6,6,3,6135,1,,,,,,0,,0,,5,4,4,1,2454,1,5,4,4,1,2147,1,3,2,3,0,1534,0,ST-GER1,Normalstation Geriatrie,40,Geriatrie,10.0,20.0,06:00,14:00,450,,13:30,21:30,450,F,21:15,06:15,495,F|S,11,10,8,10,30,45,8,38.5,30,0.15,0,2.0.0,20261164
PK-001,2026-12-10,plan,10,Donnerstag,4,50,0,0,,Stationsleitung,Pflegefachkraft,EXAM|LEITUNG|PRAXISANLEITUNG,1.0,38.5,9240,4620,4158,5082,5,2,2,0,0,1,Pflegefachkraft,1,0.5,4464,31,30,6,6,3,6135,1,,,,,,0,,0,,5,4,4,1,2454,1,5,4,4,1,2147,1,3,2,3,0,1534,0,ST-GER1,Normalstation Geriatrie,40,Geriatrie,10.0,20.0,06:00,14:00,450,,13:30,21:30,450,F,21:15,06:15,495,F|S,11,10,8,10,30,45,8,38.5,30,0.15,0,2.0.0,20261164
PK-002,2026-12-10,plan,10,Donnerstag,4,50,0,0,,Pflegefachkraft,Pflegefachkraft,EXAM|KARDIO_MONITORING,1.0,38.5,9240,9240,8316,10164,5,2,2,8,1,1,Pflegefachkraft,0,0.0,-2310,31,30,6,6,3,6135,1,,,,,,0,,0,,5,4,4,1,2454,1,5,4,4,1,2147,1,3,2,3,0,1534,0,ST-GER1,Normalstation Geriatrie,40,Geriatrie,10.0,20.0,06:00,14:00,450,,13:30,21:30,450,F,21:15,06:15,495,F|S,11,10,8,10,30,45,8,38.5,30,0.15,0,2.0.0,20261164
PK-003,2026-12-10,plan,10,Donnerstag,4,50,0,0,,Pflegefachkraft,Pflegefachkraft,EXAM|PRAXISANLEITUNG|KARDIO_MONITORING,1.0,38.5,9240,9240,8316,10164,5,2,2,8,1,1,Pflegefachkraft,0,0.0,-2265,31,30,6,6,3,6135,1,,,,,,0,,0,,5,4,4,1,2454,1,5,4,4,1,2147,1,3,2,3,0,1534,0,ST-GER1,Normalstation Geriatrie,40,Geriatrie,10.0,20.0,06:00,14:00,450,,13:30,21:30,450,F,21:15,06:15,495,F|S,11,10,8,10,30,45,8,38.5,30,0.15,0,2.0.0,20261164
PK-004,2026-12-10,plan,10,Donnerstag,4,50,0,0,,Pflegefachkraft,Pflegefachkraft,EXAM,0.7,26.95,6468,6468,5821,7115,5,2,2,8,1,1,Pflegefachkraft,0,0.0,-1518,31,30,6,6,3,6135,1,,,,,,0,,0,,5,4,4,1,2454,1,5,4,4,1,2147,1,3,2,3,0,1534,0,ST-GER1,Normalstation Geriatrie,40,Geriatrie,10.0,20.0,06:00,14:00,450,,13:30,21:30,450,F,21:15,06:15,495,F|S,11,10,8,10,30,45,8,38.5,30,0.15,0,2.0.0,20261164
PK-005,2026-12-10,plan,10,Donnerstag,4,50,0,0,,Pflegefachkraft,Pflegefachkraft,EXAM|PRAXISANLEITUNG,1.0,38.5,9240,9240,8316,10164,5,2,2,8,1,1,Pflegefachkraft,0,0.0,-2400,31,30,6,6,3,6135,1,,,,,,0,,0,,5,4,4,1,2454,1,5,4,4,1,2147,1,3,2,3,0,1534,0,ST-GER1,Normalstation Geriatrie,40,Geriatrie,10.0,20.0,06:00,14:00,450,,13:30,21:30,450,F,21:15,06:15,495,F|S,11,10,8,10,30,45,8,38.5,30,0.15,0,2.0.0,20261164
PK-006,2026-12-10,plan,10,Donnerstag,4,50,0,0,,Pflegefachkraft,Pflegefachkraft,EXAM|KARDIO_MONITORING,0.6,23.1,5544,5544,4990,6098,5,2,2,8,1,1,Pflegefachkraft,0,0.0,536,31,30,6,6,3,6135,1,,,,,,0,,0,,5,4,4,1,2454,1,5,4,4,1,2147,1,3,2,3,0,1534,0,ST-GER1,Normalstation Geriatrie,40,Geriatrie,10.0,20.0,06:00,14:00,450,,13:30,21:30,450,F,21:15,06:15,495,F|S,11,10,8,10,30,45,8,38.5,30,0.15,0,2.0.0,20261164
PK-007,2026-12-10,plan,10,Donnerstag,4,50,0,0,,Pflegefachkraft,Pflegefachkraft,EXAM|PRAXISANLEITUNG|KARDIO_MONITORING,0.75,28.88,6931,6931,6238,7624,5,2,2,8,1,1,Pflegefachkraft,0,0.0,716,31,30,6,6,3,6135,1,,,,,,0,,0,,5,4,4,1,2454,1,5,4,4,1,2147,1,3,2,3,0,1534,0,ST-GER1,Normalstation Geriatrie,40,Geriatrie,10.0,20.0,06:00,14:00,450,,13:30,21:30,450,F,21:15,06:15,495,F|S,11,10,8,10,30,45,8,38.5,30,0.15,0,2.0.0,20261164
PK-008,2026-12-10,plan,10,Donnerstag,4,50,0,0,,Pflegefachkraft,Pflegefachkraft,EXAM,1.0,38.5,9240,9240,8316,10164,5,2,2,8,1,1,Pflegefachkraft,0,0.0,-2580,31,30,6,6,3,6135,1,,,,,,0,,0,,5,4,4,1,2454,1,5,4,4,1,2147,1,3,2,3,0,1534,0,ST-GER1,Normalstation Geriatrie,40,Geriatrie,10.0,20.0,06:00,14:00,450,,13:30,21:30,450,F,21:15,06:15,495,F|S,11,10,8,10,30,45,8,38.5,30,0.15,0,2.0.0,20261164
PK-009,2026-12-10,plan,10,Donnerstag,4,50,0,0,,Pflegefachkraft,Pflegefachkraft,EXAM,1.0,38.5,9240,9240,8316,10164,5,2,2,8,1,1,Pflegefachkraft,0,0.0,-2130,31,30,6,6,3,6135,1,,,,,,0,,0,,5,4,4,1,2454,1,5,4,4,1,2147,1,3,2,3,0,1534,0,ST-GER1,Normalstation Geriatrie,40,Geriatrie,10.0,20.0,06:00,14:00,450,,13:30,21:30,450,F,21:15,06:15,495,F|S,11,10,8,10,30,45,8,38.5,30,0.15,0,2.0.0,20261164
PK-010,2026-12-10,plan,10,Donnerstag,4,50,0,0,,Pflegefachkraft,Pflegefachkraft,EXAM,0.6,23.1,5544,5544,4990,6098,5,2,2,8,1,1,Pflegefachkraft,0,0.0,-1404,31,30,6,6,3,6135,1,,,,,,0,,0,,5,4,4,1,2454,1,5,4,4,1,2147,1,3,2,3,0,1534,0,ST-GER1,Normalstation Geriatrie,40,Geriatrie,10.0,20.0,06:00,14:00,450,,13:30,21:30,450,F,21:15,06:15,495,F|S,11,10,8,10,30,45,8,38.5,30,0.15,0,2.0.0,20261164
PK-011,2026-12-10,plan,10,Donnerstag,4,50,0,0,,Pflegefachkraft,Pflegefachkraft,EXAM,1.0,38.5,9240,9240,8316,10164,5,2,2,8,1,1,Pflegefachkraft,0,0.0,-2130,31,30,6,6,3,6135,1,,,,,,0,,0,,5,4,4,1,2454,1,5,4,4,1,2147,1,3,2,3,0,1534,0,ST-GER1,Normalstation Geriatrie,40,Geriatrie,10.0,20.0,06:00,14:00,450,,13:30,21:30,450,F,21:15,06:15,495,F|S,11,10,8,10,30,45,8,38.5,30,0.15,0,2.0.0,20261164
PK-012,2026-12-10,plan,10,Donnerstag,4,50,0,0,,Pflegefachkraft,Pflegefachkraft,EXAM|KARDIO_MONITORING,1.0,38.5,9240,9240,8316,10164,5,2,2,8,1,1,Pflegefachkraft,0,0.0,-2265,31,30,6,6,3,6135,0,URLAUB,,,,,0,,0,,5,4,4,1,2454,1,5,4,4,1,2147,1,3,2,3,0,1534,0,ST-GER1,Normalstation Geriatrie,40,Geriatrie,10.0,20.0,06:00,14:00,450,,13:30,21:30,450,F,21:15,06:15,495,F|S,11,10,8,10,30,45,8,38.5,30,0.15,0,2.0.0,20261164
PK-013,2026-12-10,plan,10,Donnerstag,4,50,0,0,,Pflegefachkraft,Pflegefachkraft,EXAM,1.0,38.5,9240,9240,8316,10164,5,2,2,8,1,1,Pflegefachkraft,0,0.0,-2310,31,30,6,6,3,6135,1,,,,,,0,,0,,5,4,4,1,2454,1,5,4,4,1,2147,1,3,2,3,0,1534,0,ST-GER1,Normalstation Geriatrie,40,Geriatrie,10.0,20.0,06:00,14:00,450,,13:30,21:30,450,F,21:15,06:15,495,F|S,11,10,8,10,30,45,8,38.5,30,0.15,0,2.0.0,20261164
PK-014,2026-12-10,plan,10,Donnerstag,4,50,0,0,,Pflegefachkraft,Pflegefachkraft,EXAM,0.8,30.8,7392,7392,6653,8131,5,2,2,8,1,1,Pflegefachkraft,0,0.0,-1542,31,30,6,6,3,6135,1,,,,,,0,,0,,5,4,4,1,2454,1,5,4,4,1,2147,1,3,2,3,0,1534,0,ST-GER1,Normalstation Geriatrie,40,Geriatrie,10.0,20.0,06:00,14:00,450,,13:30,21:30,450,F,21:15,06:15,495,F|S,11,10,8,10,30,45,8,38.5,30,0.15,0,2.0.0,20261164
PK-015,2026-12-10,plan,10,Donnerstag,4,50,0,0,,Pflegefachkraft,Pflegefachkraft,EXAM,0.6,23.1,5544,5544,4990,6098,5,2,2,8,1,1,Pflegefachkraft,0,0.0,-1404,31,30,6,6,3,6135,1,,,,,,0,,0,,5,4,4,1,2454,1,5,4,4,1,2147,1,3,2,3,0,1534,0,ST-GER1,Normalstation Geriatrie,40,Geriatrie,10.0,20.0,06:00,14:00,450,,13:30,21:30,450,F,21:15,06:15,495,F|S,11,10,8,10,30,45,8,38.5,30,0.15,0,2.0.0,20261164
PK-016,2026-12-10,plan,10,Donnerstag,4,50,0,0,,Pflegefachkraft,Pflegefachkraft,EXAM,0.75,28.88,6931,6931,6238,7624,5,2,2,8,1,1,Pflegefachkraft,0,0.0,-1485,31,30,6,6,3,6135,1,,,,,,0,,0,,5,4,4,1,2454,1,5,4,4,1,2147,1,3,2,3,0,1534,0,ST-GER1,Normalstation Geriatrie,40,Geriatrie,10.0,20.0,06:00,14:00,450,,13:30,21:30,450,F,21:15,06:15,495,F|S,11,10,8,10,30,45,8,38.5,30,0.15,0,2.0.0,20261164
PK-017,2026-12-10,plan,10,Donnerstag,4,50,0,0,,Pflegefachkraft,Pflegefachkraft,EXAM,0.7,26.95,6468,6468,5821,7115,5,2,2,8,1,1,Pflegefachkraft,0,0.0,-1473,31,30,6,6,3,6135,1,,,,,,0,,0,,5,4,4,1,2454,1,5,4,4,1,2147,1,3,2,3,0,1534,0,ST-GER1,Normalstation Geriatrie,40,Geriatrie,10.0,20.0,06:00,14:00,450,,13:30,21:30,450,F,21:15,06:15,495,F|S,11,10,8,10,30,45,8,38.5,30,0.15,0,2.0.0,20261164
PK-018,2026-12-10,plan,10,Donnerstag,4,50,0,0,,Pflegefachkraft,Pflegefachkraft,EXAM|PRAXISANLEITUNG|KARDIO_MONITORING,0.9,34.65,8316,8316,7484,9148,5,2,2,8,1,1,Pflegefachkraft,0,0.0,-1971,31,30,6,6,3,6135,1,,,,,,0,,0,,5,4,4,1,2454,1,5,4,4,1,2147,1,3,2,3,0,1534,0,ST-GER1,Normalstation Geriatrie,40,Geriatrie,10.0,20.0,06:00,14:00,450,,13:30,21:30,450,F,21:15,06:15,495,F|S,11,10,8,10,30,45,8,38.5,30,0.15,0,2.0.0,20261164
PK-019,2026-12-10,plan,10,Donnerstag,4,50,0,0,,Pflegefachkraft,Pflegefachkraft,EXAM,0.8,30.8,7392,7392,6653,8131,5,2,2,8,1,1,Pflegefachkraft,0,0.0,-1902,31,30,6,6,3,6135,1,,,,,,0,,0,,5,4,4,1,2454,1,5,4,4,1,2147,1,3,2,3,0,1534,0,ST-GER1,Normalstation Geriatrie,40,Geriatrie,10.0,20.0,06:00,14:00,450,,13:30,21:30,450,F,21:15,06:15,495,F|S,11,10,8,10,30,45,8,38.5,30,0.15,0,2.0.0,20261164
PK-020,2026-12-10,plan,10,Donnerstag,4,50,0,0,,Pflegefachkraft,Pflegefachkraft,EXAM|KARDIO_MONITORING,0.5,19.25,4620,4620,4158,5082,5,2,2,8,1,1,Pflegefachkraft,0,0.0,-930,31,30,6,6,3,6135,1,,,,,,0,,0,,5,4,4,1,2454,1,5,4,4,1,2147,1,3,2,3,0,1534,0,ST-GER1,Normalstation Geriatrie,40,Geriatrie,10.0,20.0,06:00,14:00,450,,13:30,21:30,450,F,21:15,06:15,495,F|S,11,10,8,10,30,45,8,38.5,30,0.15,0,2.0.0,20261164
PK-021,2026-12-10,plan,10,Donnerstag,4,50,0,0,,Pflegefachkraft,Pflegefachkraft,EXAM,0.8,30.8,7392,7392,6653,8131,5,2,2,8,1,1,Pflegefachkraft,0,0.0,-1722,31,30,6,6,3,6135,1,,,,,,0,,0,,5,4,4,1,2454,1,5,4,4,1,2147,1,3,2,3,0,1534,0,ST-GER1,Normalstation Geriatrie,40,Geriatrie,10.0,20.0,06:00,14:00,450,,13:30,21:30,450,F,21:15,06:15,495,F|S,11,10,8,10,30,45,8,38.5,30,0.15,0,2.0.0,20261164
PK-022,2026-12-10,plan,10,Donnerstag,4,50,0,0,,Pflegefachkraft,Pflegefachkraft,EXAM|PRAXISANLEITUNG|KARDIO_MONITORING,0.5,19.25,4620,4620,4158,5082,5,2,2,8,1,1,Pflegefachkraft,0,0.0,-930,31,30,6,6,3,6135,0,LANGZEITABWESENHEIT,,,,,0,,0,,5,4,4,1,2454,1,5,4,4,1,2147,1,3,2,3,0,1534,0,ST-GER1,Normalstation Geriatrie,40,Geriatrie,10.0,20.0,06:00,14:00,450,,13:30,21:30,450,F,21:15,06:15,495,F|S,11,10,8,10,30,45,8,38.5,30,0.15,0,2.0.0,20261164
AZ-001,2026-12-11,plan,11,Freitag,5,50,0,0,,Auszubildende_r_3_Ausbildungsjahr,Auszubildende,AUSZUBILDEND,1.0,38.5,9240,9240,8316,10164,5,2,2,8,1,0,nicht anrechenbar,0,0.0,-9240,29,27,5,2,0,4788,1,,,,,,0,,0,,4,3,3,1,1915,1,4,3,3,1,1676,1,2,2,2,0,1197,0,ST-GER1,Normalstation Geriatrie,40,Geriatrie,10.0,20.0,06:00,14:00,450,,13:30,21:30,450,F,21:15,06:15,495,F|S,11,10,8,10,30,45,8,38.5,30,0.15,0,2.0.0,20261164
AZ-002,2026-12-11,plan,11,Freitag,5,50,0,0,,Auszubildende_r_2_Ausbildungsjahr,Auszubildende,AUSZUBILDEND,1.0,38.5,9240,9240,8316,10164,5,2,2,8,1,0,nicht anrechenbar,0,0.0,-9240,29,27,5,2,0,4788,1,,2,,,,0,,0,,4,3,3,1,1915,1,4,3,3,1,1676,1,2,2,2,0,1197,0,ST-GER1,Normalstation Geriatrie,40,Geriatrie,10.0,20.0,06:00,14:00,450,,13:30,21:30,450,F,21:15,06:15,495,F|S,11,10,8,10,30,45,8,38.5,30,0.15,0,2.0.0,20261164
AZ-003,2026-12-11,plan,11,Freitag,5,50,0,0,,Auszubildende_r_1_Ausbildungsjahr,Auszubildende,AUSZUBILDEND,1.0,38.5,9240,9240,8316,10164,5,2,2,0,0,0,nicht anrechenbar,0,0.0,-9240,29,27,5,2,0,4788,1,,,,,,0,,0,,4,3,3,1,1915,1,4,3,3,1,1676,1,2,2,2,0,1197,0,ST-GER1,Normalstation Geriatrie,40,Geriatrie,10.0,20.0,06:00,14:00,450,,13:30,21:30,450,F,21:15,06:15,495,F|S,11,10,8,10,30,45,8,38.5,30,0.15,0,2.0.0,20261164
PH-001,2026-12-11,plan,11,Freitag,5,50,0,0,,Pflegehilfskraft,Pflegehilfskraft,PFLEGEHILFE,0.75,28.88,6931,6931,6238,7624,5,2,2,0,0,1,Pflegehilfskraft,0,0.0,-1530,29,27,5,2,0,4788,1,,,,,,0,,0,,4,3,3,1,1915,1,4,3,3,1,1676,1,2,2,2,0,1197,0,ST-GER1,Normalstation Geriatrie,40,Geriatrie,10.0,20.0,06:00,14:00,450,,13:30,21:30,450,F,21:15,06:15,495,F|S,11,10,8,10,30,45,8,38.5,30,0.15,0,2.0.0,20261164
PH-002,2026-12-11,plan,11,Freitag,5,50,0,0,,Pflegehilfskraft,Pflegehilfskraft,PFLEGEHILFE,0.75,28.88,6931,6931,6238,7624,5,2,2,0,0,1,Pflegehilfskraft,0,0.0,-1530,29,27,5,2,0,4788,1,,,,,,0,,0,,4,3,3,1,1915,1,4,3,3,1,1676,1,2,2,2,0,1197,0,ST-GER1,Normalstation Geriatrie,40,Geriatrie,10.0,20.0,06:00,14:00,450,,13:30,21:30,450,F,21:15,06:15,495,F|S,11,10,8,10,30,45,8,38.5,30,0.15,0,2.0.0,20261164
PH-003,2026-12-11,plan,11,Freitag,5,50,0,0,,Pflegehilfskraft,Pflegehilfskraft,PFLEGEHILFE,0.5,19.25,4620,4620,4158,5082,5,2,2,0,0,1,Pflegehilfskraft,0,0.0,-1020,29,27,5,2,0,4788,1,,,,,,0,,0,,4,3,3,1,1915,1,4,3,3,1,1676,1,2,2,2,0,1197,0,ST-GER1,Normalstation Geriatrie,40,Geriatrie,10.0,20.0,06:00,14:00,450,,13:30,21:30,450,F,21:15,06:15,495,F|S,11,10,8,10,30,45,8,38.5,30,0.15,0,2.0.0,20261164
PK-001,2026-12-11,plan,11,Freitag,5,50,0,0,,Stationsleitung,Pflegefachkraft,EXAM|LEITUNG|PRAXISANLEITUNG,1.0,38.5,9240,4620,4158,5082,5,2,2,0,0,1,Pflegefachkraft,1,0.5,4464,29,27,5,2,0,4788,1,,,,,,0,,0,,4,3,3,1,1915,1,4,3,3,1,1676,1,2,2,2,0,1197,0,ST-GER1,Normalstation Geriatrie,40,Geriatrie,10.0,20.0,06:00,14:00,450,,13:30,21:30,450,F,21:15,06:15,495,F|S,11,10,8,10,30,45,8,38.5,30,0.15,0,2.0.0,20261164
PK-002,2026-12-11,plan,11,Freitag,5,50,0,0,,Pflegefachkraft,Pflegefachkraft,EXAM|KARDIO_MONITORING,1.0,38.5,9240,9240,8316,10164,5,2,2,8,1,1,Pflegefachkraft,0,0.0,-2310,29,27,5,2,0,4788,1,,,,,,0,,0,,4,3,3,1,1915,1,4,3,3,1,1676,1,2,2,2,0,1197,0,ST-GER1,Normalstation Geriatrie,40,Geriatrie,10.0,20.0,06:00,14:00,450,,13:30,21:30,450,F,21:15,06:15,495,F|S,11,10,8,10,30,45,8,38.5,30,0.15,0,2.0.0,20261164
PK-003,2026-12-11,plan,11,Freitag,5,50,0,0,,Pflegefachkraft,Pflegefachkraft,EXAM|PRAXISANLEITUNG|KARDIO_MONITORING,1.0,38.5,9240,9240,8316,10164,5,2,2,8,1,1,Pflegefachkraft,0,0.0,-2265,29,27,5,2,0,4788,1,,,,,,0,,0,,4,3,3,1,1915,1,4,3,3,1,1676,1,2,2,2,0,1197,0,ST-GER1,Normalstation Geriatrie,40,Geriatrie,10.0,20.0,06:00,14:00,450,,13:30,21:30,450,F,21:15,06:15,495,F|S,11,10,8,10,30,45,8,38.5,30,0.15,0,2.0.0,20261164
PK-004,2026-12-11,plan,11,Freitag,5,50,0,0,,Pflegefachkraft,Pflegefachkraft,EXAM,0.7,26.95,6468,6468,5821,7115,5,2,2,8,1,1,Pflegefachkraft,0,0.0,-1518,29,27,5,2,0,4788,1,,,,,,0,,0,,4,3,3,1,1915,1,4,3,3,1,1676,1,2,2,2,0,1197,0,ST-GER1,Normalstation Geriatrie,40,Geriatrie,10.0,20.0,06:00,14:00,450,,13:30,21:30,450,F,21:15,06:15,495,F|S,11,10,8,10,30,45,8,38.5,30,0.15,0,2.0.0,20261164
PK-005,2026-12-11,plan,11,Freitag,5,50,0,0,,Pflegefachkraft,Pflegefachkraft,EXAM|PRAXISANLEITUNG,1.0,38.5,9240,9240,8316,10164,5,2,2,8,1,1,Pflegefachkraft,0,0.0,-2400,29,27,5,2,0,4788,1,,,,,,0,,0,,4,3,3,1,1915,1,4,3,3,1,1676,1,2,2,2,0,1197,0,ST-GER1,Normalstation Geriatrie,40,Geriatrie,10.0,20.0,06:00,14:00,450,,13:30,21:30,450,F,21:15,06:15,495,F|S,11,10,8,10,30,45,8,38.5,30,0.15,0,2.0.0,20261164
PK-006,2026-12-11,plan,11,Freitag,5,50,0,0,,Pflegefachkraft,Pflegefachkraft,EXAM|KARDIO_MONITORING,0.6,23.1,5544,5544,4990,6098,5,2,2,8,1,1,Pflegefachkraft,0,0.0,536,29,27,5,2,0,4788,1,,,,,,0,,0,,4,3,3,1,1915,1,4,3,3,1,1676,1,2,2,2,0,1197,0,ST-GER1,Normalstation Geriatrie,40,Geriatrie,10.0,20.0,06:00,14:00,450,,13:30,21:30,450,F,21:15,06:15,495,F|S,11,10,8,10,30,45,8,38.5,30,0.15,0,2.0.0,20261164
PK-007,2026-12-11,plan,11,Freitag,5,50,0,0,,Pflegefachkraft,Pflegefachkraft,EXAM|PRAXISANLEITUNG|KARDIO_MONITORING,0.75,28.88,6931,6931,6238,7624,5,2,2,8,1,1,Pflegefachkraft,0,0.0,716,29,27,5,2,0,4788,1,,,,,,0,,0,,4,3,3,1,1915,1,4,3,3,1,1676,1,2,2,2,0,1197,0,ST-GER1,Normalstation Geriatrie,40,Geriatrie,10.0,20.0,06:00,14:00,450,,13:30,21:30,450,F,21:15,06:15,495,F|S,11,10,8,10,30,45,8,38.5,30,0.15,0,2.0.0,20261164
PK-008,2026-12-11,plan,11,Freitag,5,50,0,0,,Pflegefachkraft,Pflegefachkraft,EXAM,1.0,38.5,9240,9240,8316,10164,5,2,2,8,1,1,Pflegefachkraft,0,0.0,-2580,29,27,5,2,0,4788,1,,,,,,0,,0,,4,3,3,1,1915,1,4,3,3,1,1676,1,2,2,2,0,1197,0,ST-GER1,Normalstation Geriatrie,40,Geriatrie,10.0,20.0,06:00,14:00,450,,13:30,21:30,450,F,21:15,06:15,495,F|S,11,10,8,10,30,45,8,38.5,30,0.15,0,2.0.0,20261164
PK-009,2026-12-11,plan,11,Freitag,5,50,0,0,,Pflegefachkraft,Pflegefachkraft,EXAM,1.0,38.5,9240,9240,8316,10164,5,2,2,8,1,1,Pflegefachkraft,0,0.0,-2130,29,27,5,2,0,4788,1,,,,,,0,,0,,4,3,3,1,1915,1,4,3,3,1,1676,1,2,2,2,0,1197,0,ST-GER1,Normalstation Geriatrie,40,Geriatrie,10.0,20.0,06:00,14:00,450,,13:30,21:30,450,F,21:15,06:15,495,F|S,11,10,8,10,30,45,8,38.5,30,0.15,0,2.0.0,20261164
PK-010,2026-12-11,plan,11,Freitag,5,50,0,0,,Pflegefachkraft,Pflegefachkraft,EXAM,0.6,23.1,5544,5544,4990,6098,5,2,2,8,1,1,Pflegefachkraft,0,0.0,-1404,29,27,5,2,0,4788,1,,,,,,0,,0,,4,3,3,1,1915,1,4,3,3,1,1676,1,2,2,2,0,1197,0,ST-GER1,Normalstation Geriatrie,40,Geriatrie,10.0,20.0,06:00,14:00,450,,13:30,21:30,450,F,21:15,06:15,495,F|S,11,10,8,10,30,45,8,38.5,30,0.15,0,2.0.0,20261164
PK-011,2026-12-11,plan,11,Freitag,5,50,0,0,,Pflegefachkraft,Pflegefachkraft,EXAM,1.0,38.5,9240,9240,8316,10164,5,2,2,8,1,1,Pflegefachkraft,0,0.0,-2130,29,27,5,2,0,4788,1,,,,,,0,,0,,4,3,3,1,1915,1,4,3,3,1,1676,1,2,2,2,0,1197,0,ST-GER1,Normalstation Geriatrie,40,Geriatrie,10.0,20.0,06:00,14:00,450,,13:30,21:30,450,F,21:15,06:15,495,F|S,11,10,8,10,30,45,8,38.5,30,0.15,0,2.0.0,20261164
PK-012,2026-12-11,plan,11,Freitag,5,50,0,0,,Pflegefachkraft,Pflegefachkraft,EXAM|KARDIO_MONITORING,1.0,38.5,9240,9240,8316,10164,5,2,2,8,1,1,Pflegefachkraft,0,0.0,-2265,29,27,5,2,0,4788,0,URLAUB,,,,,0,,0,,4,3,3,1,1915,1,4,3,3,1,1676,1,2,2,2,0,1197,0,ST-GER1,Normalstation Geriatrie,40,Geriatrie,10.0,20.0,06:00,14:00,450,,13:30,21:30,450,F,21:15,06:15,495,F|S,11,10,8,10,30,45,8,38.5,30,0.15,0,2.0.0,20261164
PK-013,2026-12-11,plan,11,Freitag,5,50,0,0,,Pflegefachkraft,Pflegefachkraft,EXAM,1.0,38.5,9240,9240,8316,10164,5,2,2,8,1,1,Pflegefachkraft,0,0.0,-2310,29,27,5,2,0,4788,1,,,,,,0,,0,,4,3,3,1,1915,1,4,3,3,1,1676,1,2,2,2,0,1197,0,ST-GER1,Normalstation Geriatrie,40,Geriatrie,10.0,20.0,06:00,14:00,450,,13:30,21:30,450,F,21:15,06:15,495,F|S,11,10,8,10,30,45,8,38.5,30,0.15,0,2.0.0,20261164
PK-014,2026-12-11,plan,11,Freitag,5,50,0,0,,Pflegefachkraft,Pflegefachkraft,EXAM,0.8,30.8,7392,7392,6653,8131,5,2,2,8,1,1,Pflegefachkraft,0,0.0,-1542,29,27,5,2,0,4788,1,,,,,,0,,0,,4,3,3,1,1915,1,4,3,3,1,1676,1,2,2,2,0,1197,0,ST-GER1,Normalstation Geriatrie,40,Geriatrie,10.0,20.0,06:00,14:00,450,,13:30,21:30,450,F,21:15,06:15,495,F|S,11,10,8,10,30,45,8,38.5,30,0.15,0,2.0.0,20261164
PK-015,2026-12-11,plan,11,Freitag,5,50,0,0,,Pflegefachkraft,Pflegefachkraft,EXAM,0.6,23.1,5544,5544,4990,6098,5,2,2,8,1,1,Pflegefachkraft,0,0.0,-1404,29,27,5,2,0,4788,1,,,,,,0,,0,,4,3,3,1,1915,1,4,3,3,1,1676,1,2,2,2,0,1197,0,ST-GER1,Normalstation Geriatrie,40,Geriatrie,10.0,20.0,06:00,14:00,450,,13:30,21:30,450,F,21:15,06:15,495,F|S,11,10,8,10,30,45,8,38.5,30,0.15,0,2.0.0,20261164
PK-016,2026-12-11,plan,11,Freitag,5,50,0,0,,Pflegefachkraft,Pflegefachkraft,EXAM,0.75,28.88,6931,6931,6238,7624,5,2,2,8,1,1,Pflegefachkraft,0,0.0,-1485,29,27,5,2,0,4788,1,,,,,,0,,0,,4,3,3,1,1915,1,4,3,3,1,1676,1,2,2,2,0,1197,0,ST-GER1,Normalstation Geriatrie,40,Geriatrie,10.0,20.0,06:00,14:00,450,,13:30,21:30,450,F,21:15,06:15,495,F|S,11,10,8,10,30,45,8,38.5,30,0.15,0,2.0.0,20261164
PK-017,2026-12-11,plan,11,Freitag,5,50,0,0,,Pflegefachkraft,Pflegefachkraft,EXAM,0.7,26.95,6468,6468,5821,7115,5,2,2,8,1,1,Pflegefachkraft,0,0.0,-1473,29,27,5,2,0,4788,1,,,,,,0,,0,,4,3,3,1,1915,1,4,3,3,1,1676,1,2,2,2,0,1197,0,ST-GER1,Normalstation Geriatrie,40,Geriatrie,10.0,20.0,06:00,14:00,450,,13:30,21:30,450,F,21:15,06:15,495,F|S,11,10,8,10,30,45,8,38.5,30,0.15,0,2.0.0,20261164
PK-018,2026-12-11,plan,11,Freitag,5,50,0,0,,Pflegefachkraft,Pflegefachkraft,EXAM|PRAXISANLEITUNG|KARDIO_MONITORING,0.9,34.65,8316,8316,7484,9148,5,2,2,8,1,1,Pflegefachkraft,0,0.0,-1971,29,27,5,2,0,4788,1,,,,,,0,,0,,4,3,3,1,1915,1,4,3,3,1,1676,1,2,2,2,0,1197,0,ST-GER1,Normalstation Geriatrie,40,Geriatrie,10.0,20.0,06:00,14:00,450,,13:30,21:30,450,F,21:15,06:15,495,F|S,11,10,8,10,30,45,8,38.5,30,0.15,0,2.0.0,20261164
PK-019,2026-12-11,plan,11,Freitag,5,50,0,0,,Pflegefachkraft,Pflegefachkraft,EXAM,0.8,30.8,7392,7392,6653,8131,5,2,2,8,1,1,Pflegefachkraft,0,0.0,-1902,29,27,5,2,0,4788,1,,,,,,0,,0,,4,3,3,1,1915,1,4,3,3,1,1676,1,2,2,2,0,1197,0,ST-GER1,Normalstation Geriatrie,40,Geriatrie,10.0,20.0,06:00,14:00,450,,13:30,21:30,450,F,21:15,06:15,495,F|S,11,10,8,10,30,45,8,38.5,30,0.15,0,2.0.0,20261164
PK-020,2026-12-11,plan,11,Freitag,5,50,0,0,,Pflegefachkraft,Pflegefachkraft,EXAM|KARDIO_MONITORING,0.5,19.25,4620,4620,4158,5082,5,2,2,8,1,1,Pflegefachkraft,0,0.0,-930,29,27,5,2,0,4788,1,,,,,,0,,0,,4,3,3,1,1915,1,4,3,3,1,1676,1,2,2,2,0,1197,0,ST-GER1,Normalstation Geriatrie,40,Geriatrie,10.0,20.0,06:00,14:00,450,,13:30,21:30,450,F,21:15,06:15,495,F|S,11,10,8,10,30,45,8,38.5,30,0.15,0,2.0.0,20261164
PK-021,2026-12-11,plan,11,Freitag,5,50,0,0,,Pflegefachkraft,Pflegefachkraft,EXAM,0.8,30.8,7392,7392,6653,8131,5,2,2,8,1,1,Pflegefachkraft,0,0.0,-1722,29,27,5,2,0,4788,1,,,,,,0,,0,,4,3,3,1,1915,1,4,3,3,1,1676,1,2,2,2,0,1197,0,ST-GER1,Normalstation Geriatrie,40,Geriatrie,10.0,20.0,06:00,14:00,450,,13:30,21:30,450,F,21:15,06:15,495,F|S,11,10,8,10,30,45,8,38.5,30,0.15,0,2.0.0,20261164
PK-022,2026-12-11,plan,11,Freitag,5,50,0,0,,Pflegefachkraft,Pflegefachkraft,EXAM|PRAXISANLEITUNG|KARDIO_MONITORING,0.5,19.25,4620,4620,4158,5082,5,2,2,8,1,1,Pflegefachkraft,0,0.0,-930,29,27,5,2,0,4788,0,LANGZEITABWESENHEIT,,,,,0,,0,,4,3,3,1,1915,1,4,3,3,1,1676,1,2,2,2,0,1197,0,ST-GER1,Normalstation Geriatrie,40,Geriatrie,10.0,20.0,06:00,14:00,450,,13:30,21:30,450,F,21:15,06:15,495,F|S,11,10,8,10,30,45,8,38.5,30,0.15,0,2.0.0,20261164
AZ-001,2026-12-12,plan,12,Samstag,6,50,1,0,,Auszubildende_r_3_Ausbildungsjahr,Auszubildende,AUSZUBILDEND,1.0,38.5,9240,9240,8316,10164,5,2,2,8,1,0,nicht anrechenbar,0,0.0,-9240,27,25,1,2,2,4757,1,,3,,,,0,,0,,4,3,3,1,1903,1,4,3,3,1,1665,1,2,2,2,0,1189,0,ST-GER1,Normalstation Geriatrie,40,Geriatrie,10.0,20.0,06:00,14:00,450,,13:30,21:30,450,F,21:15,06:15,495,F|S,11,10,8,10,30,45,8,38.5,30,0.15,0,2.0.0,20261164
AZ-002,2026-12-12,plan,12,Samstag,6,50,1,0,,Auszubildende_r_2_Ausbildungsjahr,Auszubildende,AUSZUBILDEND,1.0,38.5,9240,9240,8316,10164,5,2,2,8,1,0,nicht anrechenbar,0,0.0,-9240,27,25,1,2,2,4757,1,,,,,,0,,0,,4,3,3,1,1903,1,4,3,3,1,1665,1,2,2,2,0,1189,0,ST-GER1,Normalstation Geriatrie,40,Geriatrie,10.0,20.0,06:00,14:00,450,,13:30,21:30,450,F,21:15,06:15,495,F|S,11,10,8,10,30,45,8,38.5,30,0.15,0,2.0.0,20261164
AZ-003,2026-12-12,plan,12,Samstag,6,50,1,0,,Auszubildende_r_1_Ausbildungsjahr,Auszubildende,AUSZUBILDEND,1.0,38.5,9240,9240,8316,10164,5,2,2,0,0,0,nicht anrechenbar,0,0.0,-9240,27,25,1,2,2,4757,1,,,,,,0,,0,,4,3,3,1,1903,1,4,3,3,1,1665,1,2,2,2,0,1189,0,ST-GER1,Normalstation Geriatrie,40,Geriatrie,10.0,20.0,06:00,14:00,450,,13:30,21:30,450,F,21:15,06:15,495,F|S,11,10,8,10,30,45,8,38.5,30,0.15,0,2.0.0,20261164
PH-001,2026-12-12,plan,12,Samstag,6,50,1,0,,Pflegehilfskraft,Pflegehilfskraft,PFLEGEHILFE,0.75,28.88,6931,6931,6238,7624,5,2,2,0,0,1,Pflegehilfskraft,0,0.0,-1530,27,25,1,2,2,4757,1,,,,,,0,,0,,4,3,3,1,1903,1,4,3,3,1,1665,1,2,2,2,0,1189,0,ST-GER1,Normalstation Geriatrie,40,Geriatrie,10.0,20.0,06:00,14:00,450,,13:30,21:30,450,F,21:15,06:15,495,F|S,11,10,8,10,30,45,8,38.5,30,0.15,0,2.0.0,20261164
PH-002,2026-12-12,plan,12,Samstag,6,50,1,0,,Pflegehilfskraft,Pflegehilfskraft,PFLEGEHILFE,0.75,28.88,6931,6931,6238,7624,5,2,2,0,0,1,Pflegehilfskraft,0,0.0,-1530,27,25,1,2,2,4757,0,URLAUB,,,,,0,,0,,4,3,3,1,1903,1,4,3,3,1,1665,1,2,2,2,0,1189,0,ST-GER1,Normalstation Geriatrie,40,Geriatrie,10.0,20.0,06:00,14:00,450,,13:30,21:30,450,F,21:15,06:15,495,F|S,11,10,8,10,30,45,8,38.5,30,0.15,0,2.0.0,20261164
PH-003,2026-12-12,plan,12,Samstag,6,50,1,0,,Pflegehilfskraft,Pflegehilfskraft,PFLEGEHILFE,0.5,19.25,4620,4620,4158,5082,5,2,2,0,0,1,Pflegehilfskraft,0,0.0,-1020,27,25,1,2,2,4757,1,,,,,,0,,0,,4,3,3,1,1903,1,4,3,3,1,1665,1,2,2,2,0,1189,0,ST-GER1,Normalstation Geriatrie,40,Geriatrie,10.0,20.0,06:00,14:00,450,,13:30,21:30,450,F,21:15,06:15,495,F|S,11,10,8,10,30,45,8,38.5,30,0.15,0,2.0.0,20261164
PK-001,2026-12-12,plan,12,Samstag,6,50,1,0,,Stationsleitung,Pflegefachkraft,EXAM|LEITUNG|PRAXISANLEITUNG,1.0,38.5,9240,4620,4158,5082,5,2,2,0,0,1,Pflegefachkraft,1,0.5,4464,27,25,1,2,2,4757,1,,,,,,0,,0,,4,3,3,1,1903,1,4,3,3,1,1665,1,2,2,2,0,1189,0,ST-GER1,Normalstation Geriatrie,40,Geriatrie,10.0,20.0,06:00,14:00,450,,13:30,21:30,450,F,21:15,06:15,495,F|S,11,10,8,10,30,45,8,38.5,30,0.15,0,2.0.0,20261164
PK-002,2026-12-12,plan,12,Samstag,6,50,1,0,,Pflegefachkraft,Pflegefachkraft,EXAM|KARDIO_MONITORING,1.0,38.5,9240,9240,8316,10164,5,2,2,8,1,1,Pflegefachkraft,0,0.0,-2310,27,25,1,2,2,4757,1,,,,,,1,4,0,,4,3,3,1,1903,1,4,3,3,1,1665,1,2,2,2,0,1189,0,ST-GER1,Normalstation Geriatrie,40,Geriatrie,10.0,20.0,06:00,14:00,450,,13:30,21:30,450,F,21:15,06:15,495,F|S,11,10,8,10,30,45,8,38.5,30,0.15,0,2.0.0,20261164
PK-003,2026-12-12,plan,12,Samstag,6,50,1,0,,Pflegefachkraft,Pflegefachkraft,EXAM|PRAXISANLEITUNG|KARDIO_MONITORING,1.0,38.5,9240,9240,8316,10164,5,2,2,8,1,1,Pflegefachkraft,0,0.0,-2265,27,25,1,2,2,4757,1,,,,,,0,,0,,4,3,3,1,1903,1,4,3,3,1,1665,1,2,2,2,0,1189,0,ST-GER1,Normalstation Geriatrie,40,Geriatrie,10.0,20.0,06:00,14:00,450,,13:30,21:30,450,F,21:15,06:15,495,F|S,11,10,8,10,30,45,8,38.5,30,0.15,0,2.0.0,20261164
PK-004,2026-12-12,plan,12,Samstag,6,50,1,0,,Pflegefachkraft,Pflegefachkraft,EXAM,0.7,26.95,6468,6468,5821,7115,5,2,2,8,1,1,Pflegefachkraft,0,0.0,-1518,27,25,1,2,2,4757,1,,,,,,0,,0,,4,3,3,1,1903,1,4,3,3,1,1665,1,2,2,2,0,1189,0,ST-GER1,Normalstation Geriatrie,40,Geriatrie,10.0,20.0,06:00,14:00,450,,13:30,21:30,450,F,21:15,06:15,495,F|S,11,10,8,10,30,45,8,38.5,30,0.15,0,2.0.0,20261164
PK-005,2026-12-12,plan,12,Samstag,6,50,1,0,,Pflegefachkraft,Pflegefachkraft,EXAM|PRAXISANLEITUNG,1.0,38.5,9240,9240,8316,10164,5,2,2,8,1,1,Pflegefachkraft,0,0.0,-2400,27,25,1,2,2,4757,1,,,,,,0,,0,,4,3,3,1,1903,1,4,3,3,1,1665,1,2,2,2,0,1189,0,ST-GER1,Normalstation Geriatrie,40,Geriatrie,10.0,20.0,06:00,14:00,450,,13:30,21:30,450,F,21:15,06:15,495,F|S,11,10,8,10,30,45,8,38.5,30,0.15,0,2.0.0,20261164
PK-006,2026-12-12,plan,12,Samstag,6,50,1,0,,Pflegefachkraft,Pflegefachkraft,EXAM|KARDIO_MONITORING,0.6,23.1,5544,5544,4990,6098,5,2,2,8,1,1,Pflegefachkraft,0,0.0,536,27,25,1,2,2,4757,1,,,S,2,,0,,0,,4,3,3,1,1903,1,4,3,3,1,1665,1,2,2,2,0,1189,0,ST-GER1,Normalstation Geriatrie,40,Geriatrie,10.0,20.0,06:00,14:00,450,,13:30,21:30,450,F,21:15,06:15,495,F|S,11,10,8,10,30,45,8,38.5,30,0.15,0,2.0.0,20261164
PK-007,2026-12-12,plan,12,Samstag,6,50,1,0,,Pflegefachkraft,Pflegefachkraft,EXAM|PRAXISANLEITUNG|KARDIO_MONITORING,0.75,28.88,6931,6931,6238,7624,5,2,2,8,1,1,Pflegefachkraft,0,0.0,716,27,25,1,2,2,4757,1,,,,,,0,,0,,4,3,3,1,1903,1,4,3,3,1,1665,1,2,2,2,0,1189,0,ST-GER1,Normalstation Geriatrie,40,Geriatrie,10.0,20.0,06:00,14:00,450,,13:30,21:30,450,F,21:15,06:15,495,F|S,11,10,8,10,30,45,8,38.5,30,0.15,0,2.0.0,20261164
PK-008,2026-12-12,plan,12,Samstag,6,50,1,0,,Pflegefachkraft,Pflegefachkraft,EXAM,1.0,38.5,9240,9240,8316,10164,5,2,2,8,1,1,Pflegefachkraft,0,0.0,-2580,27,25,1,2,2,4757,1,,,,,,0,,0,,4,3,3,1,1903,1,4,3,3,1,1665,1,2,2,2,0,1189,0,ST-GER1,Normalstation Geriatrie,40,Geriatrie,10.0,20.0,06:00,14:00,450,,13:30,21:30,450,F,21:15,06:15,495,F|S,11,10,8,10,30,45,8,38.5,30,0.15,0,2.0.0,20261164
PK-009,2026-12-12,plan,12,Samstag,6,50,1,0,,Pflegefachkraft,Pflegefachkraft,EXAM,1.0,38.5,9240,9240,8316,10164,5,2,2,8,1,1,Pflegefachkraft,0,0.0,-2130,27,25,1,2,2,4757,1,,,,,,0,,0,,4,3,3,1,1903,1,4,3,3,1,1665,1,2,2,2,0,1189,0,ST-GER1,Normalstation Geriatrie,40,Geriatrie,10.0,20.0,06:00,14:00,450,,13:30,21:30,450,F,21:15,06:15,495,F|S,11,10,8,10,30,45,8,38.5,30,0.15,0,2.0.0,20261164
PK-010,2026-12-12,plan,12,Samstag,6,50,1,0,,Pflegefachkraft,Pflegefachkraft,EXAM,0.6,23.1,5544,5544,4990,6098,5,2,2,8,1,1,Pflegefachkraft,0,0.0,-1404,27,25,1,2,2,4757,1,,,,,,0,,0,,4,3,3,1,1903,1,4,3,3,1,1665,1,2,2,2,0,1189,0,ST-GER1,Normalstation Geriatrie,40,Geriatrie,10.0,20.0,06:00,14:00,450,,13:30,21:30,450,F,21:15,06:15,495,F|S,11,10,8,10,30,45,8,38.5,30,0.15,0,2.0.0,20261164
PK-011,2026-12-12,plan,12,Samstag,6,50,1,0,,Pflegefachkraft,Pflegefachkraft,EXAM,1.0,38.5,9240,9240,8316,10164,5,2,2,8,1,1,Pflegefachkraft,0,0.0,-2130,27,25,1,2,2,4757,1,,,,,,0,,0,,4,3,3,1,1903,1,4,3,3,1,1665,1,2,2,2,0,1189,0,ST-GER1,Normalstation Geriatrie,40,Geriatrie,10.0,20.0,06:00,14:00,450,,13:30,21:30,450,F,21:15,06:15,495,F|S,11,10,8,10,30,45,8,38.5,30,0.15,0,2.0.0,20261164
PK-012,2026-12-12,plan,12,Samstag,6,50,1,0,,Pflegefachkraft,Pflegefachkraft,EXAM|KARDIO_MONITORING,1.0,38.5,9240,9240,8316,10164,5,2,2,8,1,1,Pflegefachkraft,0,0.0,-2265,27,25,1,2,2,4757,0,URLAUB,,,,,0,,0,,4,3,3,1,1903,1,4,3,3,1,1665,1,2,2,2,0,1189,0,ST-GER1,Normalstation Geriatrie,40,Geriatrie,10.0,20.0,06:00,14:00,450,,13:30,21:30,450,F,21:15,06:15,495,F|S,11,10,8,10,30,45,8,38.5,30,0.15,0,2.0.0,20261164
PK-013,2026-12-12,plan,12,Samstag,6,50,1,0,,Pflegefachkraft,Pflegefachkraft,EXAM,1.0,38.5,9240,9240,8316,10164,5,2,2,8,1,1,Pflegefachkraft,0,0.0,-2310,27,25,1,2,2,4757,1,,,,,,0,,0,,4,3,3,1,1903,1,4,3,3,1,1665,1,2,2,2,0,1189,0,ST-GER1,Normalstation Geriatrie,40,Geriatrie,10.0,20.0,06:00,14:00,450,,13:30,21:30,450,F,21:15,06:15,495,F|S,11,10,8,10,30,45,8,38.5,30,0.15,0,2.0.0,20261164
PK-014,2026-12-12,plan,12,Samstag,6,50,1,0,,Pflegefachkraft,Pflegefachkraft,EXAM,0.8,30.8,7392,7392,6653,8131,5,2,2,8,1,1,Pflegefachkraft,0,0.0,-1542,27,25,1,2,2,4757,1,,,,,,0,,0,,4,3,3,1,1903,1,4,3,3,1,1665,1,2,2,2,0,1189,0,ST-GER1,Normalstation Geriatrie,40,Geriatrie,10.0,20.0,06:00,14:00,450,,13:30,21:30,450,F,21:15,06:15,495,F|S,11,10,8,10,30,45,8,38.5,30,0.15,0,2.0.0,20261164
PK-015,2026-12-12,plan,12,Samstag,6,50,1,0,,Pflegefachkraft,Pflegefachkraft,EXAM,0.6,23.1,5544,5544,4990,6098,5,2,2,8,1,1,Pflegefachkraft,0,0.0,-1404,27,25,1,2,2,4757,1,,,,,,0,,0,,4,3,3,1,1903,1,4,3,3,1,1665,1,2,2,2,0,1189,0,ST-GER1,Normalstation Geriatrie,40,Geriatrie,10.0,20.0,06:00,14:00,450,,13:30,21:30,450,F,21:15,06:15,495,F|S,11,10,8,10,30,45,8,38.5,30,0.15,0,2.0.0,20261164
PK-016,2026-12-12,plan,12,Samstag,6,50,1,0,,Pflegefachkraft,Pflegefachkraft,EXAM,0.75,28.88,6931,6931,6238,7624,5,2,2,8,1,1,Pflegefachkraft,0,0.0,-1485,27,25,1,2,2,4757,1,,,,,,0,,0,,4,3,3,1,1903,1,4,3,3,1,1665,1,2,2,2,0,1189,0,ST-GER1,Normalstation Geriatrie,40,Geriatrie,10.0,20.0,06:00,14:00,450,,13:30,21:30,450,F,21:15,06:15,495,F|S,11,10,8,10,30,45,8,38.5,30,0.15,0,2.0.0,20261164
PK-017,2026-12-12,plan,12,Samstag,6,50,1,0,,Pflegefachkraft,Pflegefachkraft,EXAM,0.7,26.95,6468,6468,5821,7115,5,2,2,8,1,1,Pflegefachkraft,0,0.0,-1473,27,25,1,2,2,4757,1,,,,,,1,2,0,,4,3,3,1,1903,1,4,3,3,1,1665,1,2,2,2,0,1189,0,ST-GER1,Normalstation Geriatrie,40,Geriatrie,10.0,20.0,06:00,14:00,450,,13:30,21:30,450,F,21:15,06:15,495,F|S,11,10,8,10,30,45,8,38.5,30,0.15,0,2.0.0,20261164
PK-018,2026-12-12,plan,12,Samstag,6,50,1,0,,Pflegefachkraft,Pflegefachkraft,EXAM|PRAXISANLEITUNG|KARDIO_MONITORING,0.9,34.65,8316,8316,7484,9148,5,2,2,8,1,1,Pflegefachkraft,0,0.0,-1971,27,25,1,2,2,4757,1,,,,,,0,,0,,4,3,3,1,1903,1,4,3,3,1,1665,1,2,2,2,0,1189,0,ST-GER1,Normalstation Geriatrie,40,Geriatrie,10.0,20.0,06:00,14:00,450,,13:30,21:30,450,F,21:15,06:15,495,F|S,11,10,8,10,30,45,8,38.5,30,0.15,0,2.0.0,20261164
PK-019,2026-12-12,plan,12,Samstag,6,50,1,0,,Pflegefachkraft,Pflegefachkraft,EXAM,0.8,30.8,7392,7392,6653,8131,5,2,2,8,1,1,Pflegefachkraft,0,0.0,-1902,27,25,1,2,2,4757,1,,,,,,0,,0,,4,3,3,1,1903,1,4,3,3,1,1665,1,2,2,2,0,1189,0,ST-GER1,Normalstation Geriatrie,40,Geriatrie,10.0,20.0,06:00,14:00,450,,13:30,21:30,450,F,21:15,06:15,495,F|S,11,10,8,10,30,45,8,38.5,30,0.15,0,2.0.0,20261164
PK-020,2026-12-12,plan,12,Samstag,6,50,1,0,,Pflegefachkraft,Pflegefachkraft,EXAM|KARDIO_MONITORING,0.5,19.25,4620,4620,4158,5082,5,2,2,8,1,1,Pflegefachkraft,0,0.0,-930,27,25,1,2,2,4757,1,,,,,,0,,0,,4,3,3,1,1903,1,4,3,3,1,1665,1,2,2,2,0,1189,0,ST-GER1,Normalstation Geriatrie,40,Geriatrie,10.0,20.0,06:00,14:00,450,,13:30,21:30,450,F,21:15,06:15,495,F|S,11,10,8,10,30,45,8,38.5,30,0.15,0,2.0.0,20261164
PK-021,2026-12-12,plan,12,Samstag,6,50,1,0,,Pflegefachkraft,Pflegefachkraft,EXAM,0.8,30.8,7392,7392,6653,8131,5,2,2,8,1,1,Pflegefachkraft,0,0.0,-1722,27,25,1,2,2,4757,1,,,,,,0,,0,,4,3,3,1,1903,1,4,3,3,1,1665,1,2,2,2,0,1189,0,ST-GER1,Normalstation Geriatrie,40,Geriatrie,10.0,20.0,06:00,14:00,450,,13:30,21:30,450,F,21:15,06:15,495,F|S,11,10,8,10,30,45,8,38.5,30,0.15,0,2.0.0,20261164
PK-022,2026-12-12,plan,12,Samstag,6,50,1,0,,Pflegefachkraft,Pflegefachkraft,EXAM|PRAXISANLEITUNG|KARDIO_MONITORING,0.5,19.25,4620,4620,4158,5082,5,2,2,8,1,1,Pflegefachkraft,0,0.0,-930,27,25,1,2,2,4757,0,LANGZEITABWESENHEIT,,,,,0,,0,,4,3,3,1,1903,1,4,3,3,1,1665,1,2,2,2,0,1189,0,ST-GER1,Normalstation Geriatrie,40,Geriatrie,10.0,20.0,06:00,14:00,450,,13:30,21:30,450,F,21:15,06:15,495,F|S,11,10,8,10,30,45,8,38.5,30,0.15,0,2.0.0,20261164
AZ-001,2026-12-13,plan,13,Sonntag,7,50,1,0,,Auszubildende_r_3_Ausbildungsjahr,Auszubildende,AUSZUBILDEND,1.0,38.5,9240,9240,8316,10164,5,2,2,8,1,0,nicht anrechenbar,0,0.0,-9240,25,23,1,2,2,4554,1,,,,,,0,,0,,4,3,3,1,1822,1,4,3,3,1,1594,1,2,2,2,0,1138,0,ST-GER1,Normalstation Geriatrie,40,Geriatrie,10.0,20.0,06:00,14:00,450,,13:30,21:30,450,F,21:15,06:15,495,F|S,11,10,8,10,30,45,8,38.5,30,0.15,0,2.0.0,20261164
AZ-002,2026-12-13,plan,13,Sonntag,7,50,1,0,,Auszubildende_r_2_Ausbildungsjahr,Auszubildende,AUSZUBILDEND,1.0,38.5,9240,9240,8316,10164,5,2,2,8,1,0,nicht anrechenbar,0,0.0,-9240,25,23,1,2,2,4554,1,,,,,,0,,0,,4,3,3,1,1822,1,4,3,3,1,1594,1,2,2,2,0,1138,0,ST-GER1,Normalstation Geriatrie,40,Geriatrie,10.0,20.0,06:00,14:00,450,,13:30,21:30,450,F,21:15,06:15,495,F|S,11,10,8,10,30,45,8,38.5,30,0.15,0,2.0.0,20261164
AZ-003,2026-12-13,plan,13,Sonntag,7,50,1,0,,Auszubildende_r_1_Ausbildungsjahr,Auszubildende,AUSZUBILDEND,1.0,38.5,9240,9240,8316,10164,5,2,2,0,0,0,nicht anrechenbar,0,0.0,-9240,25,23,1,2,2,4554,1,,,,,,0,,0,,4,3,3,1,1822,1,4,3,3,1,1594,1,2,2,2,0,1138,0,ST-GER1,Normalstation Geriatrie,40,Geriatrie,10.0,20.0,06:00,14:00,450,,13:30,21:30,450,F,21:15,06:15,495,F|S,11,10,8,10,30,45,8,38.5,30,0.15,0,2.0.0,20261164
PH-001,2026-12-13,plan,13,Sonntag,7,50,1,0,,Pflegehilfskraft,Pflegehilfskraft,PFLEGEHILFE,0.75,28.88,6931,6931,6238,7624,5,2,2,0,0,1,Pflegehilfskraft,0,0.0,-1530,25,23,1,2,2,4554,1,,,,,,0,,0,,4,3,3,1,1822,1,4,3,3,1,1594,1,2,2,2,0,1138,0,ST-GER1,Normalstation Geriatrie,40,Geriatrie,10.0,20.0,06:00,14:00,450,,13:30,21:30,450,F,21:15,06:15,495,F|S,11,10,8,10,30,45,8,38.5,30,0.15,0,2.0.0,20261164
PH-002,2026-12-13,plan,13,Sonntag,7,50,1,0,,Pflegehilfskraft,Pflegehilfskraft,PFLEGEHILFE,0.75,28.88,6931,6931,6238,7624,5,2,2,0,0,1,Pflegehilfskraft,0,0.0,-1530,25,23,1,2,2,4554,0,URLAUB,,,,,0,,0,,4,3,3,1,1822,1,4,3,3,1,1594,1,2,2,2,0,1138,0,ST-GER1,Normalstation Geriatrie,40,Geriatrie,10.0,20.0,06:00,14:00,450,,13:30,21:30,450,F,21:15,06:15,495,F|S,11,10,8,10,30,45,8,38.5,30,0.15,0,2.0.0,20261164
PH-003,2026-12-13,plan,13,Sonntag,7,50,1,0,,Pflegehilfskraft,Pflegehilfskraft,PFLEGEHILFE,0.5,19.25,4620,4620,4158,5082,5,2,2,0,0,1,Pflegehilfskraft,0,0.0,-1020,25,23,1,2,2,4554,1,,,,,,0,,0,,4,3,3,1,1822,1,4,3,3,1,1594,1,2,2,2,0,1138,0,ST-GER1,Normalstation Geriatrie,40,Geriatrie,10.0,20.0,06:00,14:00,450,,13:30,21:30,450,F,21:15,06:15,495,F|S,11,10,8,10,30,45,8,38.5,30,0.15,0,2.0.0,20261164
PK-001,2026-12-13,plan,13,Sonntag,7,50,1,0,,Stationsleitung,Pflegefachkraft,EXAM|LEITUNG|PRAXISANLEITUNG,1.0,38.5,9240,4620,4158,5082,5,2,2,0,0,1,Pflegefachkraft,1,0.5,4464,25,23,1,2,2,4554,1,,,,,,0,,0,,4,3,3,1,1822,1,4,3,3,1,1594,1,2,2,2,0,1138,0,ST-GER1,Normalstation Geriatrie,40,Geriatrie,10.0,20.0,06:00,14:00,450,,13:30,21:30,450,F,21:15,06:15,495,F|S,11,10,8,10,30,45,8,38.5,30,0.15,0,2.0.0,20261164
PK-002,2026-12-13,plan,13,Sonntag,7,50,1,0,,Pflegefachkraft,Pflegefachkraft,EXAM|KARDIO_MONITORING,1.0,38.5,9240,9240,8316,10164,5,2,2,8,1,1,Pflegefachkraft,0,0.0,-2310,25,23,1,2,2,4554,1,,3,,,,0,,0,,4,3,3,1,1822,1,4,3,3,1,1594,1,2,2,2,0,1138,0,ST-GER1,Normalstation Geriatrie,40,Geriatrie,10.0,20.0,06:00,14:00,450,,13:30,21:30,450,F,21:15,06:15,495,F|S,11,10,8,10,30,45,8,38.5,30,0.15,0,2.0.0,20261164
PK-003,2026-12-13,plan,13,Sonntag,7,50,1,0,,Pflegefachkraft,Pflegefachkraft,EXAM|PRAXISANLEITUNG|KARDIO_MONITORING,1.0,38.5,9240,9240,8316,10164,5,2,2,8,1,1,Pflegefachkraft,0,0.0,-2265,25,23,1,2,2,4554,1,,,,,,0,,0,,4,3,3,1,1822,1,4,3,3,1,1594,1,2,2,2,0,1138,0,ST-GER1,Normalstation Geriatrie,40,Geriatrie,10.0,20.0,06:00,14:00,450,,13:30,21:30,450,F,21:15,06:15,495,F|S,11,10,8,10,30,45,8,38.5,30,0.15,0,2.0.0,20261164
PK-004,2026-12-13,plan,13,Sonntag,7,50,1,0,,Pflegefachkraft,Pflegefachkraft,EXAM,0.7,26.95,6468,6468,5821,7115,5,2,2,8,1,1,Pflegefachkraft,0,0.0,-1518,25,23,1,2,2,4554,1,,,,,,0,,0,,4,3,3,1,1822,1,4,3,3,1,1594,1,2,2,2,0,1138,0,ST-GER1,Normalstation Geriatrie,40,Geriatrie,10.0,20.0,06:00,14:00,450,,13:30,21:30,450,F,21:15,06:15,495,F|S,11,10,8,10,30,45,8,38.5,30,0.15,0,2.0.0,20261164
PK-005,2026-12-13,plan,13,Sonntag,7,50,1,0,,Pflegefachkraft,Pflegefachkraft,EXAM|PRAXISANLEITUNG,1.0,38.5,9240,9240,8316,10164,5,2,2,8,1,1,Pflegefachkraft,0,0.0,-2400,25,23,1,2,2,4554,1,,,,,,0,,0,,4,3,3,1,1822,1,4,3,3,1,1594,1,2,2,2,0,1138,0,ST-GER1,Normalstation Geriatrie,40,Geriatrie,10.0,20.0,06:00,14:00,450,,13:30,21:30,450,F,21:15,06:15,495,F|S,11,10,8,10,30,45,8,38.5,30,0.15,0,2.0.0,20261164
PK-006,2026-12-13,plan,13,Sonntag,7,50,1,0,,Pflegefachkraft,Pflegefachkraft,EXAM|KARDIO_MONITORING,0.6,23.1,5544,5544,4990,6098,5,2,2,8,1,1,Pflegefachkraft,0,0.0,536,25,23,1,2,2,4554,1,,,,,,0,,0,,4,3,3,1,1822,1,4,3,3,1,1594,1,2,2,2,0,1138,0,ST-GER1,Normalstation Geriatrie,40,Geriatrie,10.0,20.0,06:00,14:00,450,,13:30,21:30,450,F,21:15,06:15,495,F|S,11,10,8,10,30,45,8,38.5,30,0.15,0,2.0.0,20261164
PK-007,2026-12-13,plan,13,Sonntag,7,50,1,0,,Pflegefachkraft,Pflegefachkraft,EXAM|PRAXISANLEITUNG|KARDIO_MONITORING,0.75,28.88,6931,6931,6238,7624,5,2,2,8,1,1,Pflegefachkraft,0,0.0,716,25,23,1,2,2,4554,1,,,,,,0,,0,,4,3,3,1,1822,1,4,3,3,1,1594,1,2,2,2,0,1138,0,ST-GER1,Normalstation Geriatrie,40,Geriatrie,10.0,20.0,06:00,14:00,450,,13:30,21:30,450,F,21:15,06:15,495,F|S,11,10,8,10,30,45,8,38.5,30,0.15,0,2.0.0,20261164
PK-008,2026-12-13,plan,13,Sonntag,7,50,1,0,,Pflegefachkraft,Pflegefachkraft,EXAM,1.0,38.5,9240,9240,8316,10164,5,2,2,8,1,1,Pflegefachkraft,0,0.0,-2580,25,23,1,2,2,4554,1,,,,,,0,,0,,4,3,3,1,1822,1,4,3,3,1,1594,1,2,2,2,0,1138,0,ST-GER1,Normalstation Geriatrie,40,Geriatrie,10.0,20.0,06:00,14:00,450,,13:30,21:30,450,F,21:15,06:15,495,F|S,11,10,8,10,30,45,8,38.5,30,0.15,0,2.0.0,20261164
PK-009,2026-12-13,plan,13,Sonntag,7,50,1,0,,Pflegefachkraft,Pflegefachkraft,EXAM,1.0,38.5,9240,9240,8316,10164,5,2,2,8,1,1,Pflegefachkraft,0,0.0,-2130,25,23,1,2,2,4554,1,,2,,,,0,,0,,4,3,3,1,1822,1,4,3,3,1,1594,1,2,2,2,0,1138,0,ST-GER1,Normalstation Geriatrie,40,Geriatrie,10.0,20.0,06:00,14:00,450,,13:30,21:30,450,F,21:15,06:15,495,F|S,11,10,8,10,30,45,8,38.5,30,0.15,0,2.0.0,20261164
PK-010,2026-12-13,plan,13,Sonntag,7,50,1,0,,Pflegefachkraft,Pflegefachkraft,EXAM,0.6,23.1,5544,5544,4990,6098,5,2,2,8,1,1,Pflegefachkraft,0,0.0,-1404,25,23,1,2,2,4554,1,,,,,,0,,0,,4,3,3,1,1822,1,4,3,3,1,1594,1,2,2,2,0,1138,0,ST-GER1,Normalstation Geriatrie,40,Geriatrie,10.0,20.0,06:00,14:00,450,,13:30,21:30,450,F,21:15,06:15,495,F|S,11,10,8,10,30,45,8,38.5,30,0.15,0,2.0.0,20261164
PK-011,2026-12-13,plan,13,Sonntag,7,50,1,0,,Pflegefachkraft,Pflegefachkraft,EXAM,1.0,38.5,9240,9240,8316,10164,5,2,2,8,1,1,Pflegefachkraft,0,0.0,-2130,25,23,1,2,2,4554,1,,,,,,0,,0,,4,3,3,1,1822,1,4,3,3,1,1594,1,2,2,2,0,1138,0,ST-GER1,Normalstation Geriatrie,40,Geriatrie,10.0,20.0,06:00,14:00,450,,13:30,21:30,450,F,21:15,06:15,495,F|S,11,10,8,10,30,45,8,38.5,30,0.15,0,2.0.0,20261164
PK-012,2026-12-13,plan,13,Sonntag,7,50,1,0,,Pflegefachkraft,Pflegefachkraft,EXAM|KARDIO_MONITORING,1.0,38.5,9240,9240,8316,10164,5,2,2,8,1,1,Pflegefachkraft,0,0.0,-2265,25,23,1,2,2,4554,0,URLAUB,,,,,0,,0,,4,3,3,1,1822,1,4,3,3,1,1594,1,2,2,2,0,1138,0,ST-GER1,Normalstation Geriatrie,40,Geriatrie,10.0,20.0,06:00,14:00,450,,13:30,21:30,450,F,21:15,06:15,495,F|S,11,10,8,10,30,45,8,38.5,30,0.15,0,2.0.0,20261164
PK-013,2026-12-13,plan,13,Sonntag,7,50,1,0,,Pflegefachkraft,Pflegefachkraft,EXAM,1.0,38.5,9240,9240,8316,10164,5,2,2,8,1,1,Pflegefachkraft,0,0.0,-2310,25,23,1,2,2,4554,1,,,,,,0,,0,,4,3,3,1,1822,1,4,3,3,1,1594,1,2,2,2,0,1138,0,ST-GER1,Normalstation Geriatrie,40,Geriatrie,10.0,20.0,06:00,14:00,450,,13:30,21:30,450,F,21:15,06:15,495,F|S,11,10,8,10,30,45,8,38.5,30,0.15,0,2.0.0,20261164
PK-014,2026-12-13,plan,13,Sonntag,7,50,1,0,,Pflegefachkraft,Pflegefachkraft,EXAM,0.8,30.8,7392,7392,6653,8131,5,2,2,8,1,1,Pflegefachkraft,0,0.0,-1542,25,23,1,2,2,4554,1,,1,,,,0,,0,,4,3,3,1,1822,1,4,3,3,1,1594,1,2,2,2,0,1138,0,ST-GER1,Normalstation Geriatrie,40,Geriatrie,10.0,20.0,06:00,14:00,450,,13:30,21:30,450,F,21:15,06:15,495,F|S,11,10,8,10,30,45,8,38.5,30,0.15,0,2.0.0,20261164
PK-015,2026-12-13,plan,13,Sonntag,7,50,1,0,,Pflegefachkraft,Pflegefachkraft,EXAM,0.6,23.1,5544,5544,4990,6098,5,2,2,8,1,1,Pflegefachkraft,0,0.0,-1404,25,23,1,2,2,4554,1,,1,,,,0,,0,,4,3,3,1,1822,1,4,3,3,1,1594,1,2,2,2,0,1138,0,ST-GER1,Normalstation Geriatrie,40,Geriatrie,10.0,20.0,06:00,14:00,450,,13:30,21:30,450,F,21:15,06:15,495,F|S,11,10,8,10,30,45,8,38.5,30,0.15,0,2.0.0,20261164
PK-016,2026-12-13,plan,13,Sonntag,7,50,1,0,,Pflegefachkraft,Pflegefachkraft,EXAM,0.75,28.88,6931,6931,6238,7624,5,2,2,8,1,1,Pflegefachkraft,0,0.0,-1485,25,23,1,2,2,4554,1,,,,,,0,,0,,4,3,3,1,1822,1,4,3,3,1,1594,1,2,2,2,0,1138,0,ST-GER1,Normalstation Geriatrie,40,Geriatrie,10.0,20.0,06:00,14:00,450,,13:30,21:30,450,F,21:15,06:15,495,F|S,11,10,8,10,30,45,8,38.5,30,0.15,0,2.0.0,20261164
PK-017,2026-12-13,plan,13,Sonntag,7,50,1,0,,Pflegefachkraft,Pflegefachkraft,EXAM,0.7,26.95,6468,6468,5821,7115,5,2,2,8,1,1,Pflegefachkraft,0,0.0,-1473,25,23,1,2,2,4554,1,,,,,,0,,0,,4,3,3,1,1822,1,4,3,3,1,1594,1,2,2,2,0,1138,0,ST-GER1,Normalstation Geriatrie,40,Geriatrie,10.0,20.0,06:00,14:00,450,,13:30,21:30,450,F,21:15,06:15,495,F|S,11,10,8,10,30,45,8,38.5,30,0.15,0,2.0.0,20261164
PK-018,2026-12-13,plan,13,Sonntag,7,50,1,0,,Pflegefachkraft,Pflegefachkraft,EXAM|PRAXISANLEITUNG|KARDIO_MONITORING,0.9,34.65,8316,8316,7484,9148,5,2,2,8,1,1,Pflegefachkraft,0,0.0,-1971,25,23,1,2,2,4554,1,,,,,,0,,0,,4,3,3,1,1822,1,4,3,3,1,1594,1,2,2,2,0,1138,0,ST-GER1,Normalstation Geriatrie,40,Geriatrie,10.0,20.0,06:00,14:00,450,,13:30,21:30,450,F,21:15,06:15,495,F|S,11,10,8,10,30,45,8,38.5,30,0.15,0,2.0.0,20261164
PK-019,2026-12-13,plan,13,Sonntag,7,50,1,0,,Pflegefachkraft,Pflegefachkraft,EXAM,0.8,30.8,7392,7392,6653,8131,5,2,2,8,1,1,Pflegefachkraft,0,0.0,-1902,25,23,1,2,2,4554,1,,2,,,,0,,0,,4,3,3,1,1822,1,4,3,3,1,1594,1,2,2,2,0,1138,0,ST-GER1,Normalstation Geriatrie,40,Geriatrie,10.0,20.0,06:00,14:00,450,,13:30,21:30,450,F,21:15,06:15,495,F|S,11,10,8,10,30,45,8,38.5,30,0.15,0,2.0.0,20261164
PK-020,2026-12-13,plan,13,Sonntag,7,50,1,0,,Pflegefachkraft,Pflegefachkraft,EXAM|KARDIO_MONITORING,0.5,19.25,4620,4620,4158,5082,5,2,2,8,1,1,Pflegefachkraft,0,0.0,-930,25,23,1,2,2,4554,1,,,,,,0,,0,,4,3,3,1,1822,1,4,3,3,1,1594,1,2,2,2,0,1138,0,ST-GER1,Normalstation Geriatrie,40,Geriatrie,10.0,20.0,06:00,14:00,450,,13:30,21:30,450,F,21:15,06:15,495,F|S,11,10,8,10,30,45,8,38.5,30,0.15,0,2.0.0,20261164
PK-021,2026-12-13,plan,13,Sonntag,7,50,1,0,,Pflegefachkraft,Pflegefachkraft,EXAM,0.8,30.8,7392,7392,6653,8131,5,2,2,8,1,1,Pflegefachkraft,0,0.0,-1722,25,23,1,2,2,4554,1,,,,,,0,,0,,4,3,3,1,1822,1,4,3,3,1,1594,1,2,2,2,0,1138,0,ST-GER1,Normalstation Geriatrie,40,Geriatrie,10.0,20.0,06:00,14:00,450,,13:30,21:30,450,F,21:15,06:15,495,F|S,11,10,8,10,30,45,8,38.5,30,0.15,0,2.0.0,20261164
PK-022,2026-12-13,plan,13,Sonntag,7,50,1,0,,Pflegefachkraft,Pflegefachkraft,EXAM|PRAXISANLEITUNG|KARDIO_MONITORING,0.5,19.25,4620,4620,4158,5082,5,2,2,8,1,1,Pflegefachkraft,0,0.0,-930,25,23,1,2,2,4554,0,LANGZEITABWESENHEIT,,,,,0,,0,,4,3,3,1,1822,1,4,3,3,1,1594,1,2,2,2,0,1138,0,ST-GER1,Normalstation Geriatrie,40,Geriatrie,10.0,20.0,06:00,14:00,450,,13:30,21:30,450,F,21:15,06:15,495,F|S,11,10,8,10,30,45,8,38.5,30,0.15,0,2.0.0,20261164
AZ-001,2026-12-14,plan,14,Montag,1,51,0,0,,Auszubildende_r_3_Ausbildungsjahr,Auszubildende,AUSZUBILDEND,1.0,38.5,9240,9240,8316,10164,5,2,2,8,1,0,nicht anrechenbar,0,0.0,-9240,32,32,6,1,1,6514,1,,,,,,0,,0,,6,4,5,1,2606,1,5,4,4,1,2280,1,3,2,3,0,1628,0,ST-GER1,Normalstation Geriatrie,40,Geriatrie,10.0,20.0,06:00,14:00,450,,13:30,21:30,450,F,21:15,06:15,495,F|S,11,10,8,10,30,45,8,38.5,30,0.15,0,2.0.0,20261164
AZ-002,2026-12-14,plan,14,Montag,1,51,0,0,,Auszubildende_r_2_Ausbildungsjahr,Auszubildende,AUSZUBILDEND,1.0,38.5,9240,9240,8316,10164,5,2,2,8,1,0,nicht anrechenbar,0,0.0,-9240,32,32,6,1,1,6514,1,,,,,,0,,0,,6,4,5,1,2606,1,5,4,4,1,2280,1,3,2,3,0,1628,0,ST-GER1,Normalstation Geriatrie,40,Geriatrie,10.0,20.0,06:00,14:00,450,,13:30,21:30,450,F,21:15,06:15,495,F|S,11,10,8,10,30,45,8,38.5,30,0.15,0,2.0.0,20261164
AZ-003,2026-12-14,plan,14,Montag,1,51,0,0,,Auszubildende_r_1_Ausbildungsjahr,Auszubildende,AUSZUBILDEND,1.0,38.5,9240,9240,8316,10164,5,2,2,0,0,0,nicht anrechenbar,0,0.0,-9240,32,32,6,1,1,6514,1,,,,,,0,,1,8,6,4,5,1,2606,1,5,4,4,1,2280,1,3,2,3,0,1628,0,ST-GER1,Normalstation Geriatrie,40,Geriatrie,10.0,20.0,06:00,14:00,450,,13:30,21:30,450,F,21:15,06:15,495,F|S,11,10,8,10,30,45,8,38.5,30,0.15,0,2.0.0,20261164
PH-001,2026-12-14,plan,14,Montag,1,51,0,0,,Pflegehilfskraft,Pflegehilfskraft,PFLEGEHILFE,0.75,28.88,6931,6931,6238,7624,5,2,2,0,0,1,Pflegehilfskraft,0,0.0,-1530,32,32,6,1,1,6514,1,,,,,,0,,0,,6,4,5,1,2606,1,5,4,4,1,2280,1,3,2,3,0,1628,0,ST-GER1,Normalstation Geriatrie,40,Geriatrie,10.0,20.0,06:00,14:00,450,,13:30,21:30,450,F,21:15,06:15,495,F|S,11,10,8,10,30,45,8,38.5,30,0.15,0,2.0.0,20261164
PH-002,2026-12-14,plan,14,Montag,1,51,0,0,,Pflegehilfskraft,Pflegehilfskraft,PFLEGEHILFE,0.75,28.88,6931,6931,6238,7624,5,2,2,0,0,1,Pflegehilfskraft,0,0.0,-1530,32,32,6,1,1,6514,0,URLAUB,,,,,0,,0,,6,4,5,1,2606,1,5,4,4,1,2280,1,3,2,3,0,1628,0,ST-GER1,Normalstation Geriatrie,40,Geriatrie,10.0,20.0,06:00,14:00,450,,13:30,21:30,450,F,21:15,06:15,495,F|S,11,10,8,10,30,45,8,38.5,30,0.15,0,2.0.0,20261164
PH-003,2026-12-14,plan,14,Montag,1,51,0,0,,Pflegehilfskraft,Pflegehilfskraft,PFLEGEHILFE,0.5,19.25,4620,4620,4158,5082,5,2,2,0,0,1,Pflegehilfskraft,0,0.0,-1020,32,32,6,1,1,6514,1,,1,,,,0,,0,,6,4,5,1,2606,1,5,4,4,1,2280,1,3,2,3,0,1628,0,ST-GER1,Normalstation Geriatrie,40,Geriatrie,10.0,20.0,06:00,14:00,450,,13:30,21:30,450,F,21:15,06:15,495,F|S,11,10,8,10,30,45,8,38.5,30,0.15,0,2.0.0,20261164
PK-001,2026-12-14,plan,14,Montag,1,51,0,0,,Stationsleitung,Pflegefachkraft,EXAM|LEITUNG|PRAXISANLEITUNG,1.0,38.5,9240,4620,4158,5082,5,2,2,0,0,1,Pflegefachkraft,1,0.5,4464,32,32,6,1,1,6514,1,,,,,,0,,0,,6,4,5,1,2606,1,5,4,4,1,2280,1,3,2,3,0,1628,0,ST-GER1,Normalstation Geriatrie,40,Geriatrie,10.0,20.0,06:00,14:00,450,,13:30,21:30,450,F,21:15,06:15,495,F|S,11,10,8,10,30,45,8,38.5,30,0.15,0,2.0.0,20261164
PK-002,2026-12-14,plan,14,Montag,1,51,0,0,,Pflegefachkraft,Pflegefachkraft,EXAM|KARDIO_MONITORING,1.0,38.5,9240,9240,8316,10164,5,2,2,8,1,1,Pflegefachkraft,0,0.0,-2310,32,32,6,1,1,6514,1,,,,,,0,,0,,6,4,5,1,2606,1,5,4,4,1,2280,1,3,2,3,0,1628,0,ST-GER1,Normalstation Geriatrie,40,Geriatrie,10.0,20.0,06:00,14:00,450,,13:30,21:30,450,F,21:15,06:15,495,F|S,11,10,8,10,30,45,8,38.5,30,0.15,0,2.0.0,20261164
PK-003,2026-12-14,plan,14,Montag,1,51,0,0,,Pflegefachkraft,Pflegefachkraft,EXAM|PRAXISANLEITUNG|KARDIO_MONITORING,1.0,38.5,9240,9240,8316,10164,5,2,2,8,1,1,Pflegefachkraft,0,0.0,-2265,32,32,6,1,1,6514,1,,,,,,0,,0,,6,4,5,1,2606,1,5,4,4,1,2280,1,3,2,3,0,1628,0,ST-GER1,Normalstation Geriatrie,40,Geriatrie,10.0,20.0,06:00,14:00,450,,13:30,21:30,450,F,21:15,06:15,495,F|S,11,10,8,10,30,45,8,38.5,30,0.15,0,2.0.0,20261164
PK-004,2026-12-14,plan,14,Montag,1,51,0,0,,Pflegefachkraft,Pflegefachkraft,EXAM,0.7,26.95,6468,6468,5821,7115,5,2,2,8,1,1,Pflegefachkraft,0,0.0,-1518,32,32,6,1,1,6514,1,,,,,,0,,0,,6,4,5,1,2606,1,5,4,4,1,2280,1,3,2,3,0,1628,0,ST-GER1,Normalstation Geriatrie,40,Geriatrie,10.0,20.0,06:00,14:00,450,,13:30,21:30,450,F,21:15,06:15,495,F|S,11,10,8,10,30,45,8,38.5,30,0.15,0,2.0.0,20261164
PK-005,2026-12-14,plan,14,Montag,1,51,0,0,,Pflegefachkraft,Pflegefachkraft,EXAM|PRAXISANLEITUNG,1.0,38.5,9240,9240,8316,10164,5,2,2,8,1,1,Pflegefachkraft,0,0.0,-2400,32,32,6,1,1,6514,1,,,,,,0,,0,,6,4,5,1,2606,1,5,4,4,1,2280,1,3,2,3,0,1628,0,ST-GER1,Normalstation Geriatrie,40,Geriatrie,10.0,20.0,06:00,14:00,450,,13:30,21:30,450,F,21:15,06:15,495,F|S,11,10,8,10,30,45,8,38.5,30,0.15,0,2.0.0,20261164
PK-006,2026-12-14,plan,14,Montag,1,51,0,0,,Pflegefachkraft,Pflegefachkraft,EXAM|KARDIO_MONITORING,0.6,23.1,5544,5544,4990,6098,5,2,2,8,1,1,Pflegefachkraft,0,0.0,536,32,32,6,1,1,6514,1,,,,,,0,,0,,6,4,5,1,2606,1,5,4,4,1,2280,1,3,2,3,0,1628,0,ST-GER1,Normalstation Geriatrie,40,Geriatrie,10.0,20.0,06:00,14:00,450,,13:30,21:30,450,F,21:15,06:15,495,F|S,11,10,8,10,30,45,8,38.5,30,0.15,0,2.0.0,20261164
PK-007,2026-12-14,plan,14,Montag,1,51,0,0,,Pflegefachkraft,Pflegefachkraft,EXAM|PRAXISANLEITUNG|KARDIO_MONITORING,0.75,28.88,6931,6931,6238,7624,5,2,2,8,1,1,Pflegefachkraft,0,0.0,716,32,32,6,1,1,6514,1,,,,,,0,,0,,6,4,5,1,2606,1,5,4,4,1,2280,1,3,2,3,0,1628,0,ST-GER1,Normalstation Geriatrie,40,Geriatrie,10.0,20.0,06:00,14:00,450,,13:30,21:30,450,F,21:15,06:15,495,F|S,11,10,8,10,30,45,8,38.5,30,0.15,0,2.0.0,20261164
PK-008,2026-12-14,plan,14,Montag,1,51,0,0,,Pflegefachkraft,Pflegefachkraft,EXAM,1.0,38.5,9240,9240,8316,10164,5,2,2,8,1,1,Pflegefachkraft,0,0.0,-2580,32,32,6,1,1,6514,1,,,,,,0,,0,,6,4,5,1,2606,1,5,4,4,1,2280,1,3,2,3,0,1628,0,ST-GER1,Normalstation Geriatrie,40,Geriatrie,10.0,20.0,06:00,14:00,450,,13:30,21:30,450,F,21:15,06:15,495,F|S,11,10,8,10,30,45,8,38.5,30,0.15,0,2.0.0,20261164
PK-009,2026-12-14,plan,14,Montag,1,51,0,0,,Pflegefachkraft,Pflegefachkraft,EXAM,1.0,38.5,9240,9240,8316,10164,5,2,2,8,1,1,Pflegefachkraft,0,0.0,-2130,32,32,6,1,1,6514,1,,,,,,1,2,0,,6,4,5,1,2606,1,5,4,4,1,2280,1,3,2,3,0,1628,0,ST-GER1,Normalstation Geriatrie,40,Geriatrie,10.0,20.0,06:00,14:00,450,,13:30,21:30,450,F,21:15,06:15,495,F|S,11,10,8,10,30,45,8,38.5,30,0.15,0,2.0.0,20261164
PK-010,2026-12-14,plan,14,Montag,1,51,0,0,,Pflegefachkraft,Pflegefachkraft,EXAM,0.6,23.1,5544,5544,4990,6098,5,2,2,8,1,1,Pflegefachkraft,0,0.0,-1404,32,32,6,1,1,6514,1,,,,,,0,,0,,6,4,5,1,2606,1,5,4,4,1,2280,1,3,2,3,0,1628,0,ST-GER1,Normalstation Geriatrie,40,Geriatrie,10.0,20.0,06:00,14:00,450,,13:30,21:30,450,F,21:15,06:15,495,F|S,11,10,8,10,30,45,8,38.5,30,0.15,0,2.0.0,20261164
PK-011,2026-12-14,plan,14,Montag,1,51,0,0,,Pflegefachkraft,Pflegefachkraft,EXAM,1.0,38.5,9240,9240,8316,10164,5,2,2,8,1,1,Pflegefachkraft,0,0.0,-2130,32,32,6,1,1,6514,1,,,,,,0,,0,,6,4,5,1,2606,1,5,4,4,1,2280,1,3,2,3,0,1628,0,ST-GER1,Normalstation Geriatrie,40,Geriatrie,10.0,20.0,06:00,14:00,450,,13:30,21:30,450,F,21:15,06:15,495,F|S,11,10,8,10,30,45,8,38.5,30,0.15,0,2.0.0,20261164
PK-012,2026-12-14,plan,14,Montag,1,51,0,0,,Pflegefachkraft,Pflegefachkraft,EXAM|KARDIO_MONITORING,1.0,38.5,9240,9240,8316,10164,5,2,2,8,1,1,Pflegefachkraft,0,0.0,-2265,32,32,6,1,1,6514,0,URLAUB,,,,,0,,0,,6,4,5,1,2606,1,5,4,4,1,2280,1,3,2,3,0,1628,0,ST-GER1,Normalstation Geriatrie,40,Geriatrie,10.0,20.0,06:00,14:00,450,,13:30,21:30,450,F,21:15,06:15,495,F|S,11,10,8,10,30,45,8,38.5,30,0.15,0,2.0.0,20261164
PK-013,2026-12-14,plan,14,Montag,1,51,0,0,,Pflegefachkraft,Pflegefachkraft,EXAM,1.0,38.5,9240,9240,8316,10164,5,2,2,8,1,1,Pflegefachkraft,0,0.0,-2310,32,32,6,1,1,6514,1,,,,,,0,,0,,6,4,5,1,2606,1,5,4,4,1,2280,1,3,2,3,0,1628,0,ST-GER1,Normalstation Geriatrie,40,Geriatrie,10.0,20.0,06:00,14:00,450,,13:30,21:30,450,F,21:15,06:15,495,F|S,11,10,8,10,30,45,8,38.5,30,0.15,0,2.0.0,20261164
PK-014,2026-12-14,plan,14,Montag,1,51,0,0,,Pflegefachkraft,Pflegefachkraft,EXAM,0.8,30.8,7392,7392,6653,8131,5,2,2,8,1,1,Pflegefachkraft,0,0.0,-1542,32,32,6,1,1,6514,1,,,,,,0,,0,,6,4,5,1,2606,1,5,4,4,1,2280,1,3,2,3,0,1628,0,ST-GER1,Normalstation Geriatrie,40,Geriatrie,10.0,20.0,06:00,14:00,450,,13:30,21:30,450,F,21:15,06:15,495,F|S,11,10,8,10,30,45,8,38.5,30,0.15,0,2.0.0,20261164
PK-015,2026-12-14,plan,14,Montag,1,51,0,0,,Pflegefachkraft,Pflegefachkraft,EXAM,0.6,23.1,5544,5544,4990,6098,5,2,2,8,1,1,Pflegefachkraft,0,0.0,-1404,32,32,6,1,1,6514,1,,,,,,0,,0,,6,4,5,1,2606,1,5,4,4,1,2280,1,3,2,3,0,1628,0,ST-GER1,Normalstation Geriatrie,40,Geriatrie,10.0,20.0,06:00,14:00,450,,13:30,21:30,450,F,21:15,06:15,495,F|S,11,10,8,10,30,45,8,38.5,30,0.15,0,2.0.0,20261164
PK-016,2026-12-14,plan,14,Montag,1,51,0,0,,Pflegefachkraft,Pflegefachkraft,EXAM,0.75,28.88,6931,6931,6238,7624,5,2,2,8,1,1,Pflegefachkraft,0,0.0,-1485,32,32,6,1,1,6514,1,,,,,,0,,0,,6,4,5,1,2606,1,5,4,4,1,2280,1,3,2,3,0,1628,0,ST-GER1,Normalstation Geriatrie,40,Geriatrie,10.0,20.0,06:00,14:00,450,,13:30,21:30,450,F,21:15,06:15,495,F|S,11,10,8,10,30,45,8,38.5,30,0.15,0,2.0.0,20261164
PK-017,2026-12-14,plan,14,Montag,1,51,0,0,,Pflegefachkraft,Pflegefachkraft,EXAM,0.7,26.95,6468,6468,5821,7115,5,2,2,8,1,1,Pflegefachkraft,0,0.0,-1473,32,32,6,1,1,6514,1,,,,,,0,,0,,6,4,5,1,2606,1,5,4,4,1,2280,1,3,2,3,0,1628,0,ST-GER1,Normalstation Geriatrie,40,Geriatrie,10.0,20.0,06:00,14:00,450,,13:30,21:30,450,F,21:15,06:15,495,F|S,11,10,8,10,30,45,8,38.5,30,0.15,0,2.0.0,20261164
PK-018,2026-12-14,plan,14,Montag,1,51,0,0,,Pflegefachkraft,Pflegefachkraft,EXAM|PRAXISANLEITUNG|KARDIO_MONITORING,0.9,34.65,8316,8316,7484,9148,5,2,2,8,1,1,Pflegefachkraft,0,0.0,-1971,32,32,6,1,1,6514,1,,,,,,0,,0,,6,4,5,1,2606,1,5,4,4,1,2280,1,3,2,3,0,1628,0,ST-GER1,Normalstation Geriatrie,40,Geriatrie,10.0,20.0,06:00,14:00,450,,13:30,21:30,450,F,21:15,06:15,495,F|S,11,10,8,10,30,45,8,38.5,30,0.15,0,2.0.0,20261164
PK-019,2026-12-14,plan,14,Montag,1,51,0,0,,Pflegefachkraft,Pflegefachkraft,EXAM,0.8,30.8,7392,7392,6653,8131,5,2,2,8,1,1,Pflegefachkraft,0,0.0,-1902,32,32,6,1,1,6514,1,,,,,,0,,0,,6,4,5,1,2606,1,5,4,4,1,2280,1,3,2,3,0,1628,0,ST-GER1,Normalstation Geriatrie,40,Geriatrie,10.0,20.0,06:00,14:00,450,,13:30,21:30,450,F,21:15,06:15,495,F|S,11,10,8,10,30,45,8,38.5,30,0.15,0,2.0.0,20261164
PK-020,2026-12-14,plan,14,Montag,1,51,0,0,,Pflegefachkraft,Pflegefachkraft,EXAM|KARDIO_MONITORING,0.5,19.25,4620,4620,4158,5082,5,2,2,8,1,1,Pflegefachkraft,0,0.0,-930,32,32,6,1,1,6514,1,,,,,,0,,1,2,6,4,5,1,2606,1,5,4,4,1,2280,1,3,2,3,0,1628,0,ST-GER1,Normalstation Geriatrie,40,Geriatrie,10.0,20.0,06:00,14:00,450,,13:30,21:30,450,F,21:15,06:15,495,F|S,11,10,8,10,30,45,8,38.5,30,0.15,0,2.0.0,20261164
PK-021,2026-12-14,plan,14,Montag,1,51,0,0,,Pflegefachkraft,Pflegefachkraft,EXAM,0.8,30.8,7392,7392,6653,8131,5,2,2,8,1,1,Pflegefachkraft,0,0.0,-1722,32,32,6,1,1,6514,1,,,,,,0,,0,,6,4,5,1,2606,1,5,4,4,1,2280,1,3,2,3,0,1628,0,ST-GER1,Normalstation Geriatrie,40,Geriatrie,10.0,20.0,06:00,14:00,450,,13:30,21:30,450,F,21:15,06:15,495,F|S,11,10,8,10,30,45,8,38.5,30,0.15,0,2.0.0,20261164
PK-022,2026-12-14,plan,14,Montag,1,51,0,0,,Pflegefachkraft,Pflegefachkraft,EXAM|PRAXISANLEITUNG|KARDIO_MONITORING,0.5,19.25,4620,4620,4158,5082,5,2,2,8,1,1,Pflegefachkraft,0,0.0,-930,32,32,6,1,1,6514,0,LANGZEITABWESENHEIT,,,,,0,,0,,6,4,5,1,2606,1,5,4,4,1,2280,1,3,2,3,0,1628,0,ST-GER1,Normalstation Geriatrie,40,Geriatrie,10.0,20.0,06:00,14:00,450,,13:30,21:30,450,F,21:15,06:15,495,F|S,11,10,8,10,30,45,8,38.5,30,0.15,0,2.0.0,20261164
AZ-001,2026-12-15,plan,15,Dienstag,2,51,0,0,,Auszubildende_r_3_Ausbildungsjahr,Auszubildende,AUSZUBILDEND,1.0,38.5,9240,9240,8316,10164,5,2,2,8,1,0,nicht anrechenbar,0,0.0,-9240,32,31,4,6,1,5318,1,,2,,,,0,,0,,5,4,4,1,2127,1,4,4,3,1,1861,1,3,2,3,0,1330,0,ST-GER1,Normalstation Geriatrie,40,Geriatrie,10.0,20.0,06:00,14:00,450,,13:30,21:30,450,F,21:15,06:15,495,F|S,11,10,8,10,30,45,8,38.5,30,0.15,0,2.0.0,20261164
AZ-002,2026-12-15,plan,15,Dienstag,2,51,0,0,,Auszubildende_r_2_Ausbildungsjahr,Auszubildende,AUSZUBILDEND,1.0,38.5,9240,9240,8316,10164,5,2,2,8,1,0,nicht anrechenbar,0,0.0,-9240,32,31,4,6,1,5318,1,,,,,,0,,0,,5,4,4,1,2127,1,4,4,3,1,1861,1,3,2,3,0,1330,0,ST-GER1,Normalstation Geriatrie,40,Geriatrie,10.0,20.0,06:00,14:00,450,,13:30,21:30,450,F,21:15,06:15,495,F|S,11,10,8,10,30,45,8,38.5,30,0.15,0,2.0.0,20261164
AZ-003,2026-12-15,plan,15,Dienstag,2,51,0,0,,Auszubildende_r_1_Ausbildungsjahr,Auszubildende,AUSZUBILDEND,1.0,38.5,9240,9240,8316,10164,5,2,2,0,0,0,nicht anrechenbar,0,0.0,-9240,32,31,4,6,1,5318,1,,3,,,,0,,1,24,5,4,4,1,2127,1,4,4,3,1,1861,1,3,2,3,0,1330,0,ST-GER1,Normalstation Geriatrie,40,Geriatrie,10.0,20.0,06:00,14:00,450,,13:30,21:30,450,F,21:15,06:15,495,F|S,11,10,8,10,30,45,8,38.5,30,0.15,0,2.0.0,20261164
PH-001,2026-12-15,plan,15,Dienstag,2,51,0,0,,Pflegehilfskraft,Pflegehilfskraft,PFLEGEHILFE,0.75,28.88,6931,6931,6238,7624,5,2,2,0,0,1,Pflegehilfskraft,0,0.0,-1530,32,31,4,6,1,5318,1,,,,,,0,,0,,5,4,4,1,2127,1,4,4,3,1,1861,1,3,2,3,0,1330,0,ST-GER1,Normalstation Geriatrie,40,Geriatrie,10.0,20.0,06:00,14:00,450,,13:30,21:30,450,F,21:15,06:15,495,F|S,11,10,8,10,30,45,8,38.5,30,0.15,0,2.0.0,20261164
PH-002,2026-12-15,plan,15,Dienstag,2,51,0,0,,Pflegehilfskraft,Pflegehilfskraft,PFLEGEHILFE,0.75,28.88,6931,6931,6238,7624,5,2,2,0,0,1,Pflegehilfskraft,0,0.0,-1530,32,31,4,6,1,5318,0,URLAUB,,,,,0,,0,,5,4,4,1,2127,1,4,4,3,1,1861,1,3,2,3,0,1330,0,ST-GER1,Normalstation Geriatrie,40,Geriatrie,10.0,20.0,06:00,14:00,450,,13:30,21:30,450,F,21:15,06:15,495,F|S,11,10,8,10,30,45,8,38.5,30,0.15,0,2.0.0,20261164
PH-003,2026-12-15,plan,15,Dienstag,2,51,0,0,,Pflegehilfskraft,Pflegehilfskraft,PFLEGEHILFE,0.5,19.25,4620,4620,4158,5082,5,2,2,0,0,1,Pflegehilfskraft,0,0.0,-1020,32,31,4,6,1,5318,1,,,,,,0,,0,,5,4,4,1,2127,1,4,4,3,1,1861,1,3,2,3,0,1330,0,ST-GER1,Normalstation Geriatrie,40,Geriatrie,10.0,20.0,06:00,14:00,450,,13:30,21:30,450,F,21:15,06:15,495,F|S,11,10,8,10,30,45,8,38.5,30,0.15,0,2.0.0,20261164
PK-001,2026-12-15,plan,15,Dienstag,2,51,0,0,,Stationsleitung,Pflegefachkraft,EXAM|LEITUNG|PRAXISANLEITUNG,1.0,38.5,9240,4620,4158,5082,5,2,2,0,0,1,Pflegefachkraft,1,0.5,4464,32,31,4,6,1,5318,1,,,,,,0,,0,,5,4,4,1,2127,1,4,4,3,1,1861,1,3,2,3,0,1330,0,ST-GER1,Normalstation Geriatrie,40,Geriatrie,10.0,20.0,06:00,14:00,450,,13:30,21:30,450,F,21:15,06:15,495,F|S,11,10,8,10,30,45,8,38.5,30,0.15,0,2.0.0,20261164
PK-002,2026-12-15,plan,15,Dienstag,2,51,0,0,,Pflegefachkraft,Pflegefachkraft,EXAM|KARDIO_MONITORING,1.0,38.5,9240,9240,8316,10164,5,2,2,8,1,1,Pflegefachkraft,0,0.0,-2310,32,31,4,6,1,5318,1,,,,,,0,,0,,5,4,4,1,2127,1,4,4,3,1,1861,1,3,2,3,0,1330,0,ST-GER1,Normalstation Geriatrie,40,Geriatrie,10.0,20.0,06:00,14:00,450,,13:30,21:30,450,F,21:15,06:15,495,F|S,11,10,8,10,30,45,8,38.5,30,0.15,0,2.0.0,20261164
PK-003,2026-12-15,plan,15,Dienstag,2,51,0,0,,Pflegefachkraft,Pflegefachkraft,EXAM|PRAXISANLEITUNG|KARDIO_MONITORING,1.0,38.5,9240,9240,8316,10164,5,2,2,8,1,1,Pflegefachkraft,0,0.0,-2265,32,31,4,6,1,5318,1,,,,,,0,,0,,5,4,4,1,2127,1,4,4,3,1,1861,1,3,2,3,0,1330,0,ST-GER1,Normalstation Geriatrie,40,Geriatrie,10.0,20.0,06:00,14:00,450,,13:30,21:30,450,F,21:15,06:15,495,F|S,11,10,8,10,30,45,8,38.5,30,0.15,0,2.0.0,20261164
PK-004,2026-12-15,plan,15,Dienstag,2,51,0,0,,Pflegefachkraft,Pflegefachkraft,EXAM,0.7,26.95,6468,6468,5821,7115,5,2,2,8,1,1,Pflegefachkraft,0,0.0,-1518,32,31,4,6,1,5318,1,,,,,,0,,0,,5,4,4,1,2127,1,4,4,3,1,1861,1,3,2,3,0,1330,0,ST-GER1,Normalstation Geriatrie,40,Geriatrie,10.0,20.0,06:00,14:00,450,,13:30,21:30,450,F,21:15,06:15,495,F|S,11,10,8,10,30,45,8,38.5,30,0.15,0,2.0.0,20261164
PK-005,2026-12-15,plan,15,Dienstag,2,51,0,0,,Pflegefachkraft,Pflegefachkraft,EXAM|PRAXISANLEITUNG,1.0,38.5,9240,9240,8316,10164,5,2,2,8,1,1,Pflegefachkraft,0,0.0,-2400,32,31,4,6,1,5318,1,,1,,,,0,,0,,5,4,4,1,2127,1,4,4,3,1,1861,1,3,2,3,0,1330,0,ST-GER1,Normalstation Geriatrie,40,Geriatrie,10.0,20.0,06:00,14:00,450,,13:30,21:30,450,F,21:15,06:15,495,F|S,11,10,8,10,30,45,8,38.5,30,0.15,0,2.0.0,20261164
PK-006,2026-12-15,plan,15,Dienstag,2,51,0,0,,Pflegefachkraft,Pflegefachkraft,EXAM|KARDIO_MONITORING,0.6,23.1,5544,5544,4990,6098,5,2,2,8,1,1,Pflegefachkraft,0,0.0,536,32,31,4,6,1,5318,1,,,,,,0,,0,,5,4,4,1,2127,1,4,4,3,1,1861,1,3,2,3,0,1330,0,ST-GER1,Normalstation Geriatrie,40,Geriatrie,10.0,20.0,06:00,14:00,450,,13:30,21:30,450,F,21:15,06:15,495,F|S,11,10,8,10,30,45,8,38.5,30,0.15,0,2.0.0,20261164
PK-007,2026-12-15,plan,15,Dienstag,2,51,0,0,,Pflegefachkraft,Pflegefachkraft,EXAM|PRAXISANLEITUNG|KARDIO_MONITORING,0.75,28.88,6931,6931,6238,7624,5,2,2,8,1,1,Pflegefachkraft,0,0.0,716,32,31,4,6,1,5318,1,,,,,,0,,0,,5,4,4,1,2127,1,4,4,3,1,1861,1,3,2,3,0,1330,0,ST-GER1,Normalstation Geriatrie,40,Geriatrie,10.0,20.0,06:00,14:00,450,,13:30,21:30,450,F,21:15,06:15,495,F|S,11,10,8,10,30,45,8,38.5,30,0.15,0,2.0.0,20261164
PK-008,2026-12-15,plan,15,Dienstag,2,51,0,0,,Pflegefachkraft,Pflegefachkraft,EXAM,1.0,38.5,9240,9240,8316,10164,5,2,2,8,1,1,Pflegefachkraft,0,0.0,-2580,32,31,4,6,1,5318,1,,,,,,0,,0,,5,4,4,1,2127,1,4,4,3,1,1861,1,3,2,3,0,1330,0,ST-GER1,Normalstation Geriatrie,40,Geriatrie,10.0,20.0,06:00,14:00,450,,13:30,21:30,450,F,21:15,06:15,495,F|S,11,10,8,10,30,45,8,38.5,30,0.15,0,2.0.0,20261164
PK-009,2026-12-15,plan,15,Dienstag,2,51,0,0,,Pflegefachkraft,Pflegefachkraft,EXAM,1.0,38.5,9240,9240,8316,10164,5,2,2,8,1,1,Pflegefachkraft,0,0.0,-2130,32,31,4,6,1,5318,1,,,,,,0,,0,,5,4,4,1,2127,1,4,4,3,1,1861,1,3,2,3,0,1330,0,ST-GER1,Normalstation Geriatrie,40,Geriatrie,10.0,20.0,06:00,14:00,450,,13:30,21:30,450,F,21:15,06:15,495,F|S,11,10,8,10,30,45,8,38.5,30,0.15,0,2.0.0,20261164
PK-010,2026-12-15,plan,15,Dienstag,2,51,0,0,,Pflegefachkraft,Pflegefachkraft,EXAM,0.6,23.1,5544,5544,4990,6098,5,2,2,8,1,1,Pflegefachkraft,0,0.0,-1404,32,31,4,6,1,5318,0,URLAUB,,,,,0,,0,,5,4,4,1,2127,1,4,4,3,1,1861,1,3,2,3,0,1330,0,ST-GER1,Normalstation Geriatrie,40,Geriatrie,10.0,20.0,06:00,14:00,450,,13:30,21:30,450,F,21:15,06:15,495,F|S,11,10,8,10,30,45,8,38.5,30,0.15,0,2.0.0,20261164
PK-011,2026-12-15,plan,15,Dienstag,2,51,0,0,,Pflegefachkraft,Pflegefachkraft,EXAM,1.0,38.5,9240,9240,8316,10164,5,2,2,8,1,1,Pflegefachkraft,0,0.0,-2130,32,31,4,6,1,5318,1,,,,,,0,,0,,5,4,4,1,2127,1,4,4,3,1,1861,1,3,2,3,0,1330,0,ST-GER1,Normalstation Geriatrie,40,Geriatrie,10.0,20.0,06:00,14:00,450,,13:30,21:30,450,F,21:15,06:15,495,F|S,11,10,8,10,30,45,8,38.5,30,0.15,0,2.0.0,20261164
PK-012,2026-12-15,plan,15,Dienstag,2,51,0,0,,Pflegefachkraft,Pflegefachkraft,EXAM|KARDIO_MONITORING,1.0,38.5,9240,9240,8316,10164,5,2,2,8,1,1,Pflegefachkraft,0,0.0,-2265,32,31,4,6,1,5318,0,URLAUB,,,,,0,,0,,5,4,4,1,2127,1,4,4,3,1,1861,1,3,2,3,0,1330,0,ST-GER1,Normalstation Geriatrie,40,Geriatrie,10.0,20.0,06:00,14:00,450,,13:30,21:30,450,F,21:15,06:15,495,F|S,11,10,8,10,30,45,8,38.5,30,0.15,0,2.0.0,20261164
PK-013,2026-12-15,plan,15,Dienstag,2,51,0,0,,Pflegefachkraft,Pflegefachkraft,EXAM,1.0,38.5,9240,9240,8316,10164,5,2,2,8,1,1,Pflegefachkraft,0,0.0,-2310,32,31,4,6,1,5318,1,,,,,,0,,0,,5,4,4,1,2127,1,4,4,3,1,1861,1,3,2,3,0,1330,0,ST-GER1,Normalstation Geriatrie,40,Geriatrie,10.0,20.0,06:00,14:00,450,,13:30,21:30,450,F,21:15,06:15,495,F|S,11,10,8,10,30,45,8,38.5,30,0.15,0,2.0.0,20261164
PK-014,2026-12-15,plan,15,Dienstag,2,51,0,0,,Pflegefachkraft,Pflegefachkraft,EXAM,0.8,30.8,7392,7392,6653,8131,5,2,2,8,1,1,Pflegefachkraft,0,0.0,-1542,32,31,4,6,1,5318,1,,,,,,0,,0,,5,4,4,1,2127,1,4,4,3,1,1861,1,3,2,3,0,1330,0,ST-GER1,Normalstation Geriatrie,40,Geriatrie,10.0,20.0,06:00,14:00,450,,13:30,21:30,450,F,21:15,06:15,495,F|S,11,10,8,10,30,45,8,38.5,30,0.15,0,2.0.0,20261164
PK-015,2026-12-15,plan,15,Dienstag,2,51,0,0,,Pflegefachkraft,Pflegefachkraft,EXAM,0.6,23.1,5544,5544,4990,6098,5,2,2,8,1,1,Pflegefachkraft,0,0.0,-1404,32,31,4,6,1,5318,1,,,,,,0,,1,4,5,4,4,1,2127,1,4,4,3,1,1861,1,3,2,3,0,1330,0,ST-GER1,Normalstation Geriatrie,40,Geriatrie,10.0,20.0,06:00,14:00,450,,13:30,21:30,450,F,21:15,06:15,495,F|S,11,10,8,10,30,45,8,38.5,30,0.15,0,2.0.0,20261164
PK-016,2026-12-15,plan,15,Dienstag,2,51,0,0,,Pflegefachkraft,Pflegefachkraft,EXAM,0.75,28.88,6931,6931,6238,7624,5,2,2,8,1,1,Pflegefachkraft,0,0.0,-1485,32,31,4,6,1,5318,1,,,,,,0,,0,,5,4,4,1,2127,1,4,4,3,1,1861,1,3,2,3,0,1330,0,ST-GER1,Normalstation Geriatrie,40,Geriatrie,10.0,20.0,06:00,14:00,450,,13:30,21:30,450,F,21:15,06:15,495,F|S,11,10,8,10,30,45,8,38.5,30,0.15,0,2.0.0,20261164
PK-017,2026-12-15,plan,15,Dienstag,2,51,0,0,,Pflegefachkraft,Pflegefachkraft,EXAM,0.7,26.95,6468,6468,5821,7115,5,2,2,8,1,1,Pflegefachkraft,0,0.0,-1473,32,31,4,6,1,5318,1,,,,,,0,,0,,5,4,4,1,2127,1,4,4,3,1,1861,1,3,2,3,0,1330,0,ST-GER1,Normalstation Geriatrie,40,Geriatrie,10.0,20.0,06:00,14:00,450,,13:30,21:30,450,F,21:15,06:15,495,F|S,11,10,8,10,30,45,8,38.5,30,0.15,0,2.0.0,20261164
PK-018,2026-12-15,plan,15,Dienstag,2,51,0,0,,Pflegefachkraft,Pflegefachkraft,EXAM|PRAXISANLEITUNG|KARDIO_MONITORING,0.9,34.65,8316,8316,7484,9148,5,2,2,8,1,1,Pflegefachkraft,0,0.0,-1971,32,31,4,6,1,5318,1,,,,,,1,12,0,,5,4,4,1,2127,1,4,4,3,1,1861,1,3,2,3,0,1330,0,ST-GER1,Normalstation Geriatrie,40,Geriatrie,10.0,20.0,06:00,14:00,450,,13:30,21:30,450,F,21:15,06:15,495,F|S,11,10,8,10,30,45,8,38.5,30,0.15,0,2.0.0,20261164
PK-019,2026-12-15,plan,15,Dienstag,2,51,0,0,,Pflegefachkraft,Pflegefachkraft,EXAM,0.8,30.8,7392,7392,6653,8131,5,2,2,8,1,1,Pflegefachkraft,0,0.0,-1902,32,31,4,6,1,5318,1,,,,,,0,,0,,5,4,4,1,2127,1,4,4,3,1,1861,1,3,2,3,0,1330,0,ST-GER1,Normalstation Geriatrie,40,Geriatrie,10.0,20.0,06:00,14:00,450,,13:30,21:30,450,F,21:15,06:15,495,F|S,11,10,8,10,30,45,8,38.5,30,0.15,0,2.0.0,20261164
PK-020,2026-12-15,plan,15,Dienstag,2,51,0,0,,Pflegefachkraft,Pflegefachkraft,EXAM|KARDIO_MONITORING,0.5,19.25,4620,4620,4158,5082,5,2,2,8,1,1,Pflegefachkraft,0,0.0,-930,32,31,4,6,1,5318,1,,,,,,0,,1,24,5,4,4,1,2127,1,4,4,3,1,1861,1,3,2,3,0,1330,0,ST-GER1,Normalstation Geriatrie,40,Geriatrie,10.0,20.0,06:00,14:00,450,,13:30,21:30,450,F,21:15,06:15,495,F|S,11,10,8,10,30,45,8,38.5,30,0.15,0,2.0.0,20261164
PK-021,2026-12-15,plan,15,Dienstag,2,51,0,0,,Pflegefachkraft,Pflegefachkraft,EXAM,0.8,30.8,7392,7392,6653,8131,5,2,2,8,1,1,Pflegefachkraft,0,0.0,-1722,32,31,4,6,1,5318,1,,,,,,0,,0,,5,4,4,1,2127,1,4,4,3,1,1861,1,3,2,3,0,1330,0,ST-GER1,Normalstation Geriatrie,40,Geriatrie,10.0,20.0,06:00,14:00,450,,13:30,21:30,450,F,21:15,06:15,495,F|S,11,10,8,10,30,45,8,38.5,30,0.15,0,2.0.0,20261164
PK-022,2026-12-15,plan,15,Dienstag,2,51,0,0,,Pflegefachkraft,Pflegefachkraft,EXAM|PRAXISANLEITUNG|KARDIO_MONITORING,0.5,19.25,4620,4620,4158,5082,5,2,2,8,1,1,Pflegefachkraft,0,0.0,-930,32,31,4,6,1,5318,0,LANGZEITABWESENHEIT,,,,,0,,0,,5,4,4,1,2127,1,4,4,3,1,1861,1,3,2,3,0,1330,0,ST-GER1,Normalstation Geriatrie,40,Geriatrie,10.0,20.0,06:00,14:00,450,,13:30,21:30,450,F,21:15,06:15,495,F|S,11,10,8,10,30,45,8,38.5,30,0.15,0,2.0.0,20261164
AZ-001,2026-12-16,plan,16,Mittwoch,3,51,0,0,,Auszubildende_r_3_Ausbildungsjahr,Auszubildende,AUSZUBILDEND,1.0,38.5,9240,9240,8316,10164,5,2,2,8,1,0,nicht anrechenbar,0,0.0,-9240,31,29,4,4,2,5514,1,,,,,,0,,0,,5,4,4,1,2206,1,4,4,3,1,1930,1,3,2,3,0,1378,0,ST-GER1,Normalstation Geriatrie,40,Geriatrie,10.0,20.0,06:00,14:00,450,,13:30,21:30,450,F,21:15,06:15,495,F|S,11,10,8,10,30,45,8,38.5,30,0.15,0,2.0.0,20261164
AZ-002,2026-12-16,plan,16,Mittwoch,3,51,0,0,,Auszubildende_r_2_Ausbildungsjahr,Auszubildende,AUSZUBILDEND,1.0,38.5,9240,9240,8316,10164,5,2,2,8,1,0,nicht anrechenbar,0,0.0,-9240,31,29,4,4,2,5514,1,,3,,,,0,,0,,5,4,4,1,2206,1,4,4,3,1,1930,1,3,2,3,0,1378,0,ST-GER1,Normalstation Geriatrie,40,Geriatrie,10.0,20.0,06:00,14:00,450,,13:30,21:30,450,F,21:15,06:15,495,F|S,11,10,8,10,30,45,8,38.5,30,0.15,0,2.0.0,20261164
AZ-003,2026-12-16,plan,16,Mittwoch,3,51,0,0,,Auszubildende_r_1_Ausbildungsjahr,Auszubildende,AUSZUBILDEND,1.0,38.5,9240,9240,8316,10164,5,2,2,0,0,0,nicht anrechenbar,0,0.0,-9240,31,29,4,4,2,5514,1,,,,,,0,,0,,5,4,4,1,2206,1,4,4,3,1,1930,1,3,2,3,0,1378,0,ST-GER1,Normalstation Geriatrie,40,Geriatrie,10.0,20.0,06:00,14:00,450,,13:30,21:30,450,F,21:15,06:15,495,F|S,11,10,8,10,30,45,8,38.5,30,0.15,0,2.0.0,20261164
PH-001,2026-12-16,plan,16,Mittwoch,3,51,0,0,,Pflegehilfskraft,Pflegehilfskraft,PFLEGEHILFE,0.75,28.88,6931,6931,6238,7624,5,2,2,0,0,1,Pflegehilfskraft,0,0.0,-1530,31,29,4,4,2,5514,1,,,,,,0,,0,,5,4,4,1,2206,1,4,4,3,1,1930,1,3,2,3,0,1378,0,ST-GER1,Normalstation Geriatrie,40,Geriatrie,10.0,20.0,06:00,14:00,450,,13:30,21:30,450,F,21:15,06:15,495,F|S,11,10,8,10,30,45,8,38.5,30,0.15,0,2.0.0,20261164
PH-002,2026-12-16,plan,16,Mittwoch,3,51,0,0,,Pflegehilfskraft,Pflegehilfskraft,PFLEGEHILFE,0.75,28.88,6931,6931,6238,7624,5,2,2,0,0,1,Pflegehilfskraft,0,0.0,-1530,31,29,4,4,2,5514,0,URLAUB,,,,,0,,0,,5,4,4,1,2206,1,4,4,3,1,1930,1,3,2,3,0,1378,0,ST-GER1,Normalstation Geriatrie,40,Geriatrie,10.0,20.0,06:00,14:00,450,,13:30,21:30,450,F,21:15,06:15,495,F|S,11,10,8,10,30,45,8,38.5,30,0.15,0,2.0.0,20261164
PH-003,2026-12-16,plan,16,Mittwoch,3,51,0,0,,Pflegehilfskraft,Pflegehilfskraft,PFLEGEHILFE,0.5,19.25,4620,4620,4158,5082,5,2,2,0,0,1,Pflegehilfskraft,0,0.0,-1020,31,29,4,4,2,5514,1,,,,,,0,,0,,5,4,4,1,2206,1,4,4,3,1,1930,1,3,2,3,0,1378,0,ST-GER1,Normalstation Geriatrie,40,Geriatrie,10.0,20.0,06:00,14:00,450,,13:30,21:30,450,F,21:15,06:15,495,F|S,11,10,8,10,30,45,8,38.5,30,0.15,0,2.0.0,20261164
PK-001,2026-12-16,plan,16,Mittwoch,3,51,0,0,,Stationsleitung,Pflegefachkraft,EXAM|LEITUNG|PRAXISANLEITUNG,1.0,38.5,9240,4620,4158,5082,5,2,2,0,0,1,Pflegefachkraft,1,0.5,4464,31,29,4,4,2,5514,1,,,,,,0,,0,,5,4,4,1,2206,1,4,4,3,1,1930,1,3,2,3,0,1378,0,ST-GER1,Normalstation Geriatrie,40,Geriatrie,10.0,20.0,06:00,14:00,450,,13:30,21:30,450,F,21:15,06:15,495,F|S,11,10,8,10,30,45,8,38.5,30,0.15,0,2.0.0,20261164
PK-002,2026-12-16,plan,16,Mittwoch,3,51,0,0,,Pflegefachkraft,Pflegefachkraft,EXAM|KARDIO_MONITORING,1.0,38.5,9240,9240,8316,10164,5,2,2,8,1,1,Pflegefachkraft,0,0.0,-2310,31,29,4,4,2,5514,1,,,,,,0,,0,,5,4,4,1,2206,1,4,4,3,1,1930,1,3,2,3,0,1378,0,ST-GER1,Normalstation Geriatrie,40,Geriatrie,10.0,20.0,06:00,14:00,450,,13:30,21:30,450,F,21:15,06:15,495,F|S,11,10,8,10,30,45,8,38.5,30,0.15,0,2.0.0,20261164
PK-003,2026-12-16,plan,16,Mittwoch,3,51,0,0,,Pflegefachkraft,Pflegefachkraft,EXAM|PRAXISANLEITUNG|KARDIO_MONITORING,1.0,38.5,9240,9240,8316,10164,5,2,2,8,1,1,Pflegefachkraft,0,0.0,-2265,31,29,4,4,2,5514,1,,,,,,0,,0,,5,4,4,1,2206,1,4,4,3,1,1930,1,3,2,3,0,1378,0,ST-GER1,Normalstation Geriatrie,40,Geriatrie,10.0,20.0,06:00,14:00,450,,13:30,21:30,450,F,21:15,06:15,495,F|S,11,10,8,10,30,45,8,38.5,30,0.15,0,2.0.0,20261164
PK-004,2026-12-16,plan,16,Mittwoch,3,51,0,0,,Pflegefachkraft,Pflegefachkraft,EXAM,0.7,26.95,6468,6468,5821,7115,5,2,2,8,1,1,Pflegefachkraft,0,0.0,-1518,31,29,4,4,2,5514,1,,,,,,0,,0,,5,4,4,1,2206,1,4,4,3,1,1930,1,3,2,3,0,1378,0,ST-GER1,Normalstation Geriatrie,40,Geriatrie,10.0,20.0,06:00,14:00,450,,13:30,21:30,450,F,21:15,06:15,495,F|S,11,10,8,10,30,45,8,38.5,30,0.15,0,2.0.0,20261164
PK-005,2026-12-16,plan,16,Mittwoch,3,51,0,0,,Pflegefachkraft,Pflegefachkraft,EXAM|PRAXISANLEITUNG,1.0,38.5,9240,9240,8316,10164,5,2,2,8,1,1,Pflegefachkraft,0,0.0,-2400,31,29,4,4,2,5514,1,,,,,,0,,0,,5,4,4,1,2206,1,4,4,3,1,1930,1,3,2,3,0,1378,0,ST-GER1,Normalstation Geriatrie,40,Geriatrie,10.0,20.0,06:00,14:00,450,,13:30,21:30,450,F,21:15,06:15,495,F|S,11,10,8,10,30,45,8,38.5,30,0.15,0,2.0.0,20261164
PK-006,2026-12-16,plan,16,Mittwoch,3,51,0,0,,Pflegefachkraft,Pflegefachkraft,EXAM|KARDIO_MONITORING,0.6,23.1,5544,5544,4990,6098,5,2,2,8,1,1,Pflegefachkraft,0,0.0,536,31,29,4,4,2,5514,1,,,,,,0,,0,,5,4,4,1,2206,1,4,4,3,1,1930,1,3,2,3,0,1378,0,ST-GER1,Normalstation Geriatrie,40,Geriatrie,10.0,20.0,06:00,14:00,450,,13:30,21:30,450,F,21:15,06:15,495,F|S,11,10,8,10,30,45,8,38.5,30,0.15,0,2.0.0,20261164
PK-007,2026-12-16,plan,16,Mittwoch,3,51,0,0,,Pflegefachkraft,Pflegefachkraft,EXAM|PRAXISANLEITUNG|KARDIO_MONITORING,0.75,28.88,6931,6931,6238,7624,5,2,2,8,1,1,Pflegefachkraft,0,0.0,716,31,29,4,4,2,5514,1,,,,,,0,,0,,5,4,4,1,2206,1,4,4,3,1,1930,1,3,2,3,0,1378,0,ST-GER1,Normalstation Geriatrie,40,Geriatrie,10.0,20.0,06:00,14:00,450,,13:30,21:30,450,F,21:15,06:15,495,F|S,11,10,8,10,30,45,8,38.5,30,0.15,0,2.0.0,20261164
PK-008,2026-12-16,plan,16,Mittwoch,3,51,0,0,,Pflegefachkraft,Pflegefachkraft,EXAM,1.0,38.5,9240,9240,8316,10164,5,2,2,8,1,1,Pflegefachkraft,0,0.0,-2580,31,29,4,4,2,5514,1,,,,,,0,,0,,5,4,4,1,2206,1,4,4,3,1,1930,1,3,2,3,0,1378,0,ST-GER1,Normalstation Geriatrie,40,Geriatrie,10.0,20.0,06:00,14:00,450,,13:30,21:30,450,F,21:15,06:15,495,F|S,11,10,8,10,30,45,8,38.5,30,0.15,0,2.0.0,20261164
PK-009,2026-12-16,plan,16,Mittwoch,3,51,0,0,,Pflegefachkraft,Pflegefachkraft,EXAM,1.0,38.5,9240,9240,8316,10164,5,2,2,8,1,1,Pflegefachkraft,0,0.0,-2130,31,29,4,4,2,5514,1,,,,,,0,,1,12,5,4,4,1,2206,1,4,4,3,1,1930,1,3,2,3,0,1378,0,ST-GER1,Normalstation Geriatrie,40,Geriatrie,10.0,20.0,06:00,14:00,450,,13:30,21:30,450,F,21:15,06:15,495,F|S,11,10,8,10,30,45,8,38.5,30,0.15,0,2.0.0,20261164
PK-010,2026-12-16,plan,16,Mittwoch,3,51,0,0,,Pflegefachkraft,Pflegefachkraft,EXAM,0.6,23.1,5544,5544,4990,6098,5,2,2,8,1,1,Pflegefachkraft,0,0.0,-1404,31,29,4,4,2,5514,0,URLAUB,,,,,0,,0,,5,4,4,1,2206,1,4,4,3,1,1930,1,3,2,3,0,1378,0,ST-GER1,Normalstation Geriatrie,40,Geriatrie,10.0,20.0,06:00,14:00,450,,13:30,21:30,450,F,21:15,06:15,495,F|S,11,10,8,10,30,45,8,38.5,30,0.15,0,2.0.0,20261164
PK-011,2026-12-16,plan,16,Mittwoch,3,51,0,0,,Pflegefachkraft,Pflegefachkraft,EXAM,1.0,38.5,9240,9240,8316,10164,5,2,2,8,1,1,Pflegefachkraft,0,0.0,-2130,31,29,4,4,2,5514,1,,,,,,0,,0,,5,4,4,1,2206,1,4,4,3,1,1930,1,3,2,3,0,1378,0,ST-GER1,Normalstation Geriatrie,40,Geriatrie,10.0,20.0,06:00,14:00,450,,13:30,21:30,450,F,21:15,06:15,495,F|S,11,10,8,10,30,45,8,38.5,30,0.15,0,2.0.0,20261164
PK-012,2026-12-16,plan,16,Mittwoch,3,51,0,0,,Pflegefachkraft,Pflegefachkraft,EXAM|KARDIO_MONITORING,1.0,38.5,9240,9240,8316,10164,5,2,2,8,1,1,Pflegefachkraft,0,0.0,-2265,31,29,4,4,2,5514,0,URLAUB,,,,,0,,0,,5,4,4,1,2206,1,4,4,3,1,1930,1,3,2,3,0,1378,0,ST-GER1,Normalstation Geriatrie,40,Geriatrie,10.0,20.0,06:00,14:00,450,,13:30,21:30,450,F,21:15,06:15,495,F|S,11,10,8,10,30,45,8,38.5,30,0.15,0,2.0.0,20261164
PK-013,2026-12-16,plan,16,Mittwoch,3,51,0,0,,Pflegefachkraft,Pflegefachkraft,EXAM,1.0,38.5,9240,9240,8316,10164,5,2,2,8,1,1,Pflegefachkraft,0,0.0,-2310,31,29,4,4,2,5514,1,,,,,,0,,0,,5,4,4,1,2206,1,4,4,3,1,1930,1,3,2,3,0,1378,0,ST-GER1,Normalstation Geriatrie,40,Geriatrie,10.0,20.0,06:00,14:00,450,,13:30,21:30,450,F,21:15,06:15,495,F|S,11,10,8,10,30,45,8,38.5,30,0.15,0,2.0.0,20261164
PK-014,2026-12-16,plan,16,Mittwoch,3,51,0,0,,Pflegefachkraft,Pflegefachkraft,EXAM,0.8,30.8,7392,7392,6653,8131,5,2,2,8,1,1,Pflegefachkraft,0,0.0,-1542,31,29,4,4,2,5514,1,,,,,,0,,0,,5,4,4,1,2206,1,4,4,3,1,1930,1,3,2,3,0,1378,0,ST-GER1,Normalstation Geriatrie,40,Geriatrie,10.0,20.0,06:00,14:00,450,,13:30,21:30,450,F,21:15,06:15,495,F|S,11,10,8,10,30,45,8,38.5,30,0.15,0,2.0.0,20261164
PK-015,2026-12-16,plan,16,Mittwoch,3,51,0,0,,Pflegefachkraft,Pflegefachkraft,EXAM,0.6,23.1,5544,5544,4990,6098,5,2,2,8,1,1,Pflegefachkraft,0,0.0,-1404,31,29,4,4,2,5514,1,,,,,,0,,1,24,5,4,4,1,2206,1,4,4,3,1,1930,1,3,2,3,0,1378,0,ST-GER1,Normalstation Geriatrie,40,Geriatrie,10.0,20.0,06:00,14:00,450,,13:30,21:30,450,F,21:15,06:15,495,F|S,11,10,8,10,30,45,8,38.5,30,0.15,0,2.0.0,20261164
PK-016,2026-12-16,plan,16,Mittwoch,3,51,0,0,,Pflegefachkraft,Pflegefachkraft,EXAM,0.75,28.88,6931,6931,6238,7624,5,2,2,8,1,1,Pflegefachkraft,0,0.0,-1485,31,29,4,4,2,5514,0,URLAUB,,,,,0,,0,,5,4,4,1,2206,1,4,4,3,1,1930,1,3,2,3,0,1378,0,ST-GER1,Normalstation Geriatrie,40,Geriatrie,10.0,20.0,06:00,14:00,450,,13:30,21:30,450,F,21:15,06:15,495,F|S,11,10,8,10,30,45,8,38.5,30,0.15,0,2.0.0,20261164
PK-017,2026-12-16,plan,16,Mittwoch,3,51,0,0,,Pflegefachkraft,Pflegefachkraft,EXAM,0.7,26.95,6468,6468,5821,7115,5,2,2,8,1,1,Pflegefachkraft,0,0.0,-1473,31,29,4,4,2,5514,1,,,,,,0,,0,,5,4,4,1,2206,1,4,4,3,1,1930,1,3,2,3,0,1378,0,ST-GER1,Normalstation Geriatrie,40,Geriatrie,10.0,20.0,06:00,14:00,450,,13:30,21:30,450,F,21:15,06:15,495,F|S,11,10,8,10,30,45,8,38.5,30,0.15,0,2.0.0,20261164
PK-018,2026-12-16,plan,16,Mittwoch,3,51,0,0,,Pflegefachkraft,Pflegefachkraft,EXAM|PRAXISANLEITUNG|KARDIO_MONITORING,0.9,34.65,8316,8316,7484,9148,5,2,2,8,1,1,Pflegefachkraft,0,0.0,-1971,31,29,4,4,2,5514,1,,,,,,0,,0,,5,4,4,1,2206,1,4,4,3,1,1930,1,3,2,3,0,1378,0,ST-GER1,Normalstation Geriatrie,40,Geriatrie,10.0,20.0,06:00,14:00,450,,13:30,21:30,450,F,21:15,06:15,495,F|S,11,10,8,10,30,45,8,38.5,30,0.15,0,2.0.0,20261164
PK-019,2026-12-16,plan,16,Mittwoch,3,51,0,0,,Pflegefachkraft,Pflegefachkraft,EXAM,0.8,30.8,7392,7392,6653,8131,5,2,2,8,1,1,Pflegefachkraft,0,0.0,-1902,31,29,4,4,2,5514,1,,,,,,0,,0,,5,4,4,1,2206,1,4,4,3,1,1930,1,3,2,3,0,1378,0,ST-GER1,Normalstation Geriatrie,40,Geriatrie,10.0,20.0,06:00,14:00,450,,13:30,21:30,450,F,21:15,06:15,495,F|S,11,10,8,10,30,45,8,38.5,30,0.15,0,2.0.0,20261164
PK-020,2026-12-16,plan,16,Mittwoch,3,51,0,0,,Pflegefachkraft,Pflegefachkraft,EXAM|KARDIO_MONITORING,0.5,19.25,4620,4620,4158,5082,5,2,2,8,1,1,Pflegefachkraft,0,0.0,-930,31,29,4,4,2,5514,1,,,,,,0,,1,24,5,4,4,1,2206,1,4,4,3,1,1930,1,3,2,3,0,1378,0,ST-GER1,Normalstation Geriatrie,40,Geriatrie,10.0,20.0,06:00,14:00,450,,13:30,21:30,450,F,21:15,06:15,495,F|S,11,10,8,10,30,45,8,38.5,30,0.15,0,2.0.0,20261164
PK-021,2026-12-16,plan,16,Mittwoch,3,51,0,0,,Pflegefachkraft,Pflegefachkraft,EXAM,0.8,30.8,7392,7392,6653,8131,5,2,2,8,1,1,Pflegefachkraft,0,0.0,-1722,31,29,4,4,2,5514,1,,1,,,,0,,0,,5,4,4,1,2206,1,4,4,3,1,1930,1,3,2,3,0,1378,0,ST-GER1,Normalstation Geriatrie,40,Geriatrie,10.0,20.0,06:00,14:00,450,,13:30,21:30,450,F,21:15,06:15,495,F|S,11,10,8,10,30,45,8,38.5,30,0.15,0,2.0.0,20261164
PK-022,2026-12-16,plan,16,Mittwoch,3,51,0,0,,Pflegefachkraft,Pflegefachkraft,EXAM|PRAXISANLEITUNG|KARDIO_MONITORING,0.5,19.25,4620,4620,4158,5082,5,2,2,8,1,1,Pflegefachkraft,0,0.0,-930,31,29,4,4,2,5514,0,LANGZEITABWESENHEIT,,,,,0,,0,,5,4,4,1,2206,1,4,4,3,1,1930,1,3,2,3,0,1378,0,ST-GER1,Normalstation Geriatrie,40,Geriatrie,10.0,20.0,06:00,14:00,450,,13:30,21:30,450,F,21:15,06:15,495,F|S,11,10,8,10,30,45,8,38.5,30,0.15,0,2.0.0,20261164
AZ-001,2026-12-17,plan,17,Donnerstag,4,51,0,0,,Auszubildende_r_3_Ausbildungsjahr,Auszubildende,AUSZUBILDEND,1.0,38.5,9240,9240,8316,10164,5,2,2,8,1,0,nicht anrechenbar,0,0.0,-9240,31,30,4,1,1,6117,1,,,,,,0,,0,,5,4,4,1,2447,1,5,4,4,1,2141,1,3,2,3,0,1529,0,ST-GER1,Normalstation Geriatrie,40,Geriatrie,10.0,20.0,06:00,14:00,450,,13:30,21:30,450,F,21:15,06:15,495,F|S,11,10,8,10,30,45,8,38.5,30,0.15,0,2.0.0,20261164
AZ-002,2026-12-17,plan,17,Donnerstag,4,51,0,0,,Auszubildende_r_2_Ausbildungsjahr,Auszubildende,AUSZUBILDEND,1.0,38.5,9240,9240,8316,10164,5,2,2,8,1,0,nicht anrechenbar,0,0.0,-9240,31,30,4,1,1,6117,1,,,,,,0,,0,,5,4,4,1,2447,1,5,4,4,1,2141,1,3,2,3,0,1529,0,ST-GER1,Normalstation Geriatrie,40,Geriatrie,10.0,20.0,06:00,14:00,450,,13:30,21:30,450,F,21:15,06:15,495,F|S,11,10,8,10,30,45,8,38.5,30,0.15,0,2.0.0,20261164
AZ-003,2026-12-17,plan,17,Donnerstag,4,51,0,0,,Auszubildende_r_1_Ausbildungsjahr,Auszubildende,AUSZUBILDEND,1.0,38.5,9240,9240,8316,10164,5,2,2,0,0,0,nicht anrechenbar,0,0.0,-9240,31,30,4,1,1,6117,1,,,,,,0,,0,,5,4,4,1,2447,1,5,4,4,1,2141,1,3,2,3,0,1529,0,ST-GER1,Normalstation Geriatrie,40,Geriatrie,10.0,20.0,06:00,14:00,450,,13:30,21:30,450,F,21:15,06:15,495,F|S,11,10,8,10,30,45,8,38.5,30,0.15,0,2.0.0,20261164
PH-001,2026-12-17,plan,17,Donnerstag,4,51,0,0,,Pflegehilfskraft,Pflegehilfskraft,PFLEGEHILFE,0.75,28.88,6931,6931,6238,7624,5,2,2,0,0,1,Pflegehilfskraft,0,0.0,-1530,31,30,4,1,1,6117,1,,,,,,0,,0,,5,4,4,1,2447,1,5,4,4,1,2141,1,3,2,3,0,1529,0,ST-GER1,Normalstation Geriatrie,40,Geriatrie,10.0,20.0,06:00,14:00,450,,13:30,21:30,450,F,21:15,06:15,495,F|S,11,10,8,10,30,45,8,38.5,30,0.15,0,2.0.0,20261164
PH-002,2026-12-17,plan,17,Donnerstag,4,51,0,0,,Pflegehilfskraft,Pflegehilfskraft,PFLEGEHILFE,0.75,28.88,6931,6931,6238,7624,5,2,2,0,0,1,Pflegehilfskraft,0,0.0,-1530,31,30,4,1,1,6117,0,URLAUB,,,,,0,,0,,5,4,4,1,2447,1,5,4,4,1,2141,1,3,2,3,0,1529,0,ST-GER1,Normalstation Geriatrie,40,Geriatrie,10.0,20.0,06:00,14:00,450,,13:30,21:30,450,F,21:15,06:15,495,F|S,11,10,8,10,30,45,8,38.5,30,0.15,0,2.0.0,20261164
PH-003,2026-12-17,plan,17,Donnerstag,4,51,0,0,,Pflegehilfskraft,Pflegehilfskraft,PFLEGEHILFE,0.5,19.25,4620,4620,4158,5082,5,2,2,0,0,1,Pflegehilfskraft,0,0.0,-1020,31,30,4,1,1,6117,1,,,,,,0,,0,,5,4,4,1,2447,1,5,4,4,1,2141,1,3,2,3,0,1529,0,ST-GER1,Normalstation Geriatrie,40,Geriatrie,10.0,20.0,06:00,14:00,450,,13:30,21:30,450,F,21:15,06:15,495,F|S,11,10,8,10,30,45,8,38.5,30,0.15,0,2.0.0,20261164
PK-001,2026-12-17,plan,17,Donnerstag,4,51,0,0,,Stationsleitung,Pflegefachkraft,EXAM|LEITUNG|PRAXISANLEITUNG,1.0,38.5,9240,4620,4158,5082,5,2,2,0,0,1,Pflegefachkraft,1,0.5,4464,31,30,4,1,1,6117,1,,,,,,0,,0,,5,4,4,1,2447,1,5,4,4,1,2141,1,3,2,3,0,1529,0,ST-GER1,Normalstation Geriatrie,40,Geriatrie,10.0,20.0,06:00,14:00,450,,13:30,21:30,450,F,21:15,06:15,495,F|S,11,10,8,10,30,45,8,38.5,30,0.15,0,2.0.0,20261164
PK-002,2026-12-17,plan,17,Donnerstag,4,51,0,0,,Pflegefachkraft,Pflegefachkraft,EXAM|KARDIO_MONITORING,1.0,38.5,9240,9240,8316,10164,5,2,2,8,1,1,Pflegefachkraft,0,0.0,-2310,31,30,4,1,1,6117,1,,,,,,0,,0,,5,4,4,1,2447,1,5,4,4,1,2141,1,3,2,3,0,1529,0,ST-GER1,Normalstation Geriatrie,40,Geriatrie,10.0,20.0,06:00,14:00,450,,13:30,21:30,450,F,21:15,06:15,495,F|S,11,10,8,10,30,45,8,38.5,30,0.15,0,2.0.0,20261164
PK-003,2026-12-17,plan,17,Donnerstag,4,51,0,0,,Pflegefachkraft,Pflegefachkraft,EXAM|PRAXISANLEITUNG|KARDIO_MONITORING,1.0,38.5,9240,9240,8316,10164,5,2,2,8,1,1,Pflegefachkraft,0,0.0,-2265,31,30,4,1,1,6117,1,,,,,,0,,0,,5,4,4,1,2447,1,5,4,4,1,2141,1,3,2,3,0,1529,0,ST-GER1,Normalstation Geriatrie,40,Geriatrie,10.0,20.0,06:00,14:00,450,,13:30,21:30,450,F,21:15,06:15,495,F|S,11,10,8,10,30,45,8,38.5,30,0.15,0,2.0.0,20261164
PK-004,2026-12-17,plan,17,Donnerstag,4,51,0,0,,Pflegefachkraft,Pflegefachkraft,EXAM,0.7,26.95,6468,6468,5821,7115,5,2,2,8,1,1,Pflegefachkraft,0,0.0,-1518,31,30,4,1,1,6117,1,,,,,,0,,0,,5,4,4,1,2447,1,5,4,4,1,2141,1,3,2,3,0,1529,0,ST-GER1,Normalstation Geriatrie,40,Geriatrie,10.0,20.0,06:00,14:00,450,,13:30,21:30,450,F,21:15,06:15,495,F|S,11,10,8,10,30,45,8,38.5,30,0.15,0,2.0.0,20261164
PK-005,2026-12-17,plan,17,Donnerstag,4,51,0,0,,Pflegefachkraft,Pflegefachkraft,EXAM|PRAXISANLEITUNG,1.0,38.5,9240,9240,8316,10164,5,2,2,8,1,1,Pflegefachkraft,0,0.0,-2400,31,30,4,1,1,6117,1,,,,,,1,12,0,,5,4,4,1,2447,1,5,4,4,1,2141,1,3,2,3,0,1529,0,ST-GER1,Normalstation Geriatrie,40,Geriatrie,10.0,20.0,06:00,14:00,450,,13:30,21:30,450,F,21:15,06:15,495,F|S,11,10,8,10,30,45,8,38.5,30,0.15,0,2.0.0,20261164
PK-006,2026-12-17,plan,17,Donnerstag,4,51,0,0,,Pflegefachkraft,Pflegefachkraft,EXAM|KARDIO_MONITORING,0.6,23.1,5544,5544,4990,6098,5,2,2,8,1,1,Pflegefachkraft,0,0.0,536,31,30,4,1,1,6117,1,,,,,,0,,0,,5,4,4,1,2447,1,5,4,4,1,2141,1,3,2,3,0,1529,0,ST-GER1,Normalstation Geriatrie,40,Geriatrie,10.0,20.0,06:00,14:00,450,,13:30,21:30,450,F,21:15,06:15,495,F|S,11,10,8,10,30,45,8,38.5,30,0.15,0,2.0.0,20261164
PK-007,2026-12-17,plan,17,Donnerstag,4,51,0,0,,Pflegefachkraft,Pflegefachkraft,EXAM|PRAXISANLEITUNG|KARDIO_MONITORING,0.75,28.88,6931,6931,6238,7624,5,2,2,8,1,1,Pflegefachkraft,0,0.0,716,31,30,4,1,1,6117,1,,3,,,,0,,0,,5,4,4,1,2447,1,5,4,4,1,2141,1,3,2,3,0,1529,0,ST-GER1,Normalstation Geriatrie,40,Geriatrie,10.0,20.0,06:00,14:00,450,,13:30,21:30,450,F,21:15,06:15,495,F|S,11,10,8,10,30,45,8,38.5,30,0.15,0,2.0.0,20261164
PK-008,2026-12-17,plan,17,Donnerstag,4,51,0,0,,Pflegefachkraft,Pflegefachkraft,EXAM,1.0,38.5,9240,9240,8316,10164,5,2,2,8,1,1,Pflegefachkraft,0,0.0,-2580,31,30,4,1,1,6117,1,,,,,,0,,0,,5,4,4,1,2447,1,5,4,4,1,2141,1,3,2,3,0,1529,0,ST-GER1,Normalstation Geriatrie,40,Geriatrie,10.0,20.0,06:00,14:00,450,,13:30,21:30,450,F,21:15,06:15,495,F|S,11,10,8,10,30,45,8,38.5,30,0.15,0,2.0.0,20261164
PK-009,2026-12-17,plan,17,Donnerstag,4,51,0,0,,Pflegefachkraft,Pflegefachkraft,EXAM,1.0,38.5,9240,9240,8316,10164,5,2,2,8,1,1,Pflegefachkraft,0,0.0,-2130,31,30,4,1,1,6117,1,,1,,,,0,,1,24,5,4,4,1,2447,1,5,4,4,1,2141,1,3,2,3,0,1529,0,ST-GER1,Normalstation Geriatrie,40,Geriatrie,10.0,20.0,06:00,14:00,450,,13:30,21:30,450,F,21:15,06:15,495,F|S,11,10,8,10,30,45,8,38.5,30,0.15,0,2.0.0,20261164
PK-010,2026-12-17,plan,17,Donnerstag,4,51,0,0,,Pflegefachkraft,Pflegefachkraft,EXAM,0.6,23.1,5544,5544,4990,6098,5,2,2,8,1,1,Pflegefachkraft,0,0.0,-1404,31,30,4,1,1,6117,0,URLAUB,,,,,0,,0,,5,4,4,1,2447,1,5,4,4,1,2141,1,3,2,3,0,1529,0,ST-GER1,Normalstation Geriatrie,40,Geriatrie,10.0,20.0,06:00,14:00,450,,13:30,21:30,450,F,21:15,06:15,495,F|S,11,10,8,10,30,45,8,38.5,30,0.15,0,2.0.0,20261164
PK-011,2026-12-17,plan,17,Donnerstag,4,51,0,0,,Pflegefachkraft,Pflegefachkraft,EXAM,1.0,38.5,9240,9240,8316,10164,5,2,2,8,1,1,Pflegefachkraft,0,0.0,-2130,31,30,4,1,1,6117,1,,,,,,0,,0,,5,4,4,1,2447,1,5,4,4,1,2141,1,3,2,3,0,1529,0,ST-GER1,Normalstation Geriatrie,40,Geriatrie,10.0,20.0,06:00,14:00,450,,13:30,21:30,450,F,21:15,06:15,495,F|S,11,10,8,10,30,45,8,38.5,30,0.15,0,2.0.0,20261164
PK-012,2026-12-17,plan,17,Donnerstag,4,51,0,0,,Pflegefachkraft,Pflegefachkraft,EXAM|KARDIO_MONITORING,1.0,38.5,9240,9240,8316,10164,5,2,2,8,1,1,Pflegefachkraft,0,0.0,-2265,31,30,4,1,1,6117,1,,,F,1,,0,,0,,5,4,4,1,2447,1,5,4,4,1,2141,1,3,2,3,0,1529,0,ST-GER1,Normalstation Geriatrie,40,Geriatrie,10.0,20.0,06:00,14:00,450,,13:30,21:30,450,F,21:15,06:15,495,F|S,11,10,8,10,30,45,8,38.5,30,0.15,0,2.0.0,20261164
PK-013,2026-12-17,plan,17,Donnerstag,4,51,0,0,,Pflegefachkraft,Pflegefachkraft,EXAM,1.0,38.5,9240,9240,8316,10164,5,2,2,8,1,1,Pflegefachkraft,0,0.0,-2310,31,30,4,1,1,6117,1,,,,,,0,,0,,5,4,4,1,2447,1,5,4,4,1,2141,1,3,2,3,0,1529,0,ST-GER1,Normalstation Geriatrie,40,Geriatrie,10.0,20.0,06:00,14:00,450,,13:30,21:30,450,F,21:15,06:15,495,F|S,11,10,8,10,30,45,8,38.5,30,0.15,0,2.0.0,20261164
PK-014,2026-12-17,plan,17,Donnerstag,4,51,0,0,,Pflegefachkraft,Pflegefachkraft,EXAM,0.8,30.8,7392,7392,6653,8131,5,2,2,8,1,1,Pflegefachkraft,0,0.0,-1542,31,30,4,1,1,6117,1,,,,,,0,,0,,5,4,4,1,2447,1,5,4,4,1,2141,1,3,2,3,0,1529,0,ST-GER1,Normalstation Geriatrie,40,Geriatrie,10.0,20.0,06:00,14:00,450,,13:30,21:30,450,F,21:15,06:15,495,F|S,11,10,8,10,30,45,8,38.5,30,0.15,0,2.0.0,20261164
PK-015,2026-12-17,plan,17,Donnerstag,4,51,0,0,,Pflegefachkraft,Pflegefachkraft,EXAM,0.6,23.1,5544,5544,4990,6098,5,2,2,8,1,1,Pflegefachkraft,0,0.0,-1404,31,30,4,1,1,6117,1,,,,,,0,,1,24,5,4,4,1,2447,1,5,4,4,1,2141,1,3,2,3,0,1529,0,ST-GER1,Normalstation Geriatrie,40,Geriatrie,10.0,20.0,06:00,14:00,450,,13:30,21:30,450,F,21:15,06:15,495,F|S,11,10,8,10,30,45,8,38.5,30,0.15,0,2.0.0,20261164
PK-016,2026-12-17,plan,17,Donnerstag,4,51,0,0,,Pflegefachkraft,Pflegefachkraft,EXAM,0.75,28.88,6931,6931,6238,7624,5,2,2,8,1,1,Pflegefachkraft,0,0.0,-1485,31,30,4,1,1,6117,0,URLAUB,,,,,0,,0,,5,4,4,1,2447,1,5,4,4,1,2141,1,3,2,3,0,1529,0,ST-GER1,Normalstation Geriatrie,40,Geriatrie,10.0,20.0,06:00,14:00,450,,13:30,21:30,450,F,21:15,06:15,495,F|S,11,10,8,10,30,45,8,38.5,30,0.15,0,2.0.0,20261164
PK-017,2026-12-17,plan,17,Donnerstag,4,51,0,0,,Pflegefachkraft,Pflegefachkraft,EXAM,0.7,26.95,6468,6468,5821,7115,5,2,2,8,1,1,Pflegefachkraft,0,0.0,-1473,31,30,4,1,1,6117,1,,,,,,0,,0,,5,4,4,1,2447,1,5,4,4,1,2141,1,3,2,3,0,1529,0,ST-GER1,Normalstation Geriatrie,40,Geriatrie,10.0,20.0,06:00,14:00,450,,13:30,21:30,450,F,21:15,06:15,495,F|S,11,10,8,10,30,45,8,38.5,30,0.15,0,2.0.0,20261164
PK-018,2026-12-17,plan,17,Donnerstag,4,51,0,0,,Pflegefachkraft,Pflegefachkraft,EXAM|PRAXISANLEITUNG|KARDIO_MONITORING,0.9,34.65,8316,8316,7484,9148,5,2,2,8,1,1,Pflegefachkraft,0,0.0,-1971,31,30,4,1,1,6117,1,,,,,,0,,1,12,5,4,4,1,2447,1,5,4,4,1,2141,1,3,2,3,0,1529,0,ST-GER1,Normalstation Geriatrie,40,Geriatrie,10.0,20.0,06:00,14:00,450,,13:30,21:30,450,F,21:15,06:15,495,F|S,11,10,8,10,30,45,8,38.5,30,0.15,0,2.0.0,20261164
PK-019,2026-12-17,plan,17,Donnerstag,4,51,0,0,,Pflegefachkraft,Pflegefachkraft,EXAM,0.8,30.8,7392,7392,6653,8131,5,2,2,8,1,1,Pflegefachkraft,0,0.0,-1902,31,30,4,1,1,6117,1,,,,,,0,,0,,5,4,4,1,2447,1,5,4,4,1,2141,1,3,2,3,0,1529,0,ST-GER1,Normalstation Geriatrie,40,Geriatrie,10.0,20.0,06:00,14:00,450,,13:30,21:30,450,F,21:15,06:15,495,F|S,11,10,8,10,30,45,8,38.5,30,0.15,0,2.0.0,20261164
PK-020,2026-12-17,plan,17,Donnerstag,4,51,0,0,,Pflegefachkraft,Pflegefachkraft,EXAM|KARDIO_MONITORING,0.5,19.25,4620,4620,4158,5082,5,2,2,8,1,1,Pflegefachkraft,0,0.0,-930,31,30,4,1,1,6117,1,,,F,2,,0,,1,24,5,4,4,1,2447,1,5,4,4,1,2141,1,3,2,3,0,1529,0,ST-GER1,Normalstation Geriatrie,40,Geriatrie,10.0,20.0,06:00,14:00,450,,13:30,21:30,450,F,21:15,06:15,495,F|S,11,10,8,10,30,45,8,38.5,30,0.15,0,2.0.0,20261164
PK-021,2026-12-17,plan,17,Donnerstag,4,51,0,0,,Pflegefachkraft,Pflegefachkraft,EXAM,0.8,30.8,7392,7392,6653,8131,5,2,2,8,1,1,Pflegefachkraft,0,0.0,-1722,31,30,4,1,1,6117,1,,,,,,0,,0,,5,4,4,1,2447,1,5,4,4,1,2141,1,3,2,3,0,1529,0,ST-GER1,Normalstation Geriatrie,40,Geriatrie,10.0,20.0,06:00,14:00,450,,13:30,21:30,450,F,21:15,06:15,495,F|S,11,10,8,10,30,45,8,38.5,30,0.15,0,2.0.0,20261164
PK-022,2026-12-17,plan,17,Donnerstag,4,51,0,0,,Pflegefachkraft,Pflegefachkraft,EXAM|PRAXISANLEITUNG|KARDIO_MONITORING,0.5,19.25,4620,4620,4158,5082,5,2,2,8,1,1,Pflegefachkraft,0,0.0,-930,31,30,4,1,1,6117,0,LANGZEITABWESENHEIT,,,,,0,,0,,5,4,4,1,2447,1,5,4,4,1,2141,1,3,2,3,0,1529,0,ST-GER1,Normalstation Geriatrie,40,Geriatrie,10.0,20.0,06:00,14:00,450,,13:30,21:30,450,F,21:15,06:15,495,F|S,11,10,8,10,30,45,8,38.5,30,0.15,0,2.0.0,20261164
AZ-001,2026-12-18,plan,18,Freitag,5,51,0,0,,Auszubildende_r_3_Ausbildungsjahr,Auszubildende,AUSZUBILDEND,1.0,38.5,9240,9240,8316,10164,5,2,2,8,1,0,nicht anrechenbar,0,0.0,-9240,27,26,0,4,1,4712,1,,,,,,0,,0,,4,3,3,1,1885,1,4,3,3,1,1649,1,2,2,2,0,1178,0,ST-GER1,Normalstation Geriatrie,40,Geriatrie,10.0,20.0,06:00,14:00,450,,13:30,21:30,450,F,21:15,06:15,495,F|S,11,10,8,10,30,45,8,38.5,30,0.15,0,2.0.0,20261164
AZ-002,2026-12-18,plan,18,Freitag,5,51,0,0,,Auszubildende_r_2_Ausbildungsjahr,Auszubildende,AUSZUBILDEND,1.0,38.5,9240,9240,8316,10164,5,2,2,8,1,0,nicht anrechenbar,0,0.0,-9240,27,26,0,4,1,4712,1,,,,,,0,,0,,4,3,3,1,1885,1,4,3,3,1,1649,1,2,2,2,0,1178,0,ST-GER1,Normalstation Geriatrie,40,Geriatrie,10.0,20.0,06:00,14:00,450,,13:30,21:30,450,F,21:15,06:15,495,F|S,11,10,8,10,30,45,8,38.5,30,0.15,0,2.0.0,20261164
AZ-003,2026-12-18,plan,18,Freitag,5,51,0,0,,Auszubildende_r_1_Ausbildungsjahr,Auszubildende,AUSZUBILDEND,1.0,38.5,9240,9240,8316,10164,5,2,2,0,0,0,nicht anrechenbar,0,0.0,-9240,27,26,0,4,1,4712,1,,,,,,0,,0,,4,3,3,1,1885,1,4,3,3,1,1649,1,2,2,2,0,1178,0,ST-GER1,Normalstation Geriatrie,40,Geriatrie,10.0,20.0,06:00,14:00,450,,13:30,21:30,450,F,21:15,06:15,495,F|S,11,10,8,10,30,45,8,38.5,30,0.15,0,2.0.0,20261164
PH-001,2026-12-18,plan,18,Freitag,5,51,0,0,,Pflegehilfskraft,Pflegehilfskraft,PFLEGEHILFE,0.75,28.88,6931,6931,6238,7624,5,2,2,0,0,1,Pflegehilfskraft,0,0.0,-1530,27,26,0,4,1,4712,1,,,,,,0,,0,,4,3,3,1,1885,1,4,3,3,1,1649,1,2,2,2,0,1178,0,ST-GER1,Normalstation Geriatrie,40,Geriatrie,10.0,20.0,06:00,14:00,450,,13:30,21:30,450,F,21:15,06:15,495,F|S,11,10,8,10,30,45,8,38.5,30,0.15,0,2.0.0,20261164
PH-002,2026-12-18,plan,18,Freitag,5,51,0,0,,Pflegehilfskraft,Pflegehilfskraft,PFLEGEHILFE,0.75,28.88,6931,6931,6238,7624,5,2,2,0,0,1,Pflegehilfskraft,0,0.0,-1530,27,26,0,4,1,4712,0,URLAUB,,,,,0,,0,,4,3,3,1,1885,1,4,3,3,1,1649,1,2,2,2,0,1178,0,ST-GER1,Normalstation Geriatrie,40,Geriatrie,10.0,20.0,06:00,14:00,450,,13:30,21:30,450,F,21:15,06:15,495,F|S,11,10,8,10,30,45,8,38.5,30,0.15,0,2.0.0,20261164
PH-003,2026-12-18,plan,18,Freitag,5,51,0,0,,Pflegehilfskraft,Pflegehilfskraft,PFLEGEHILFE,0.5,19.25,4620,4620,4158,5082,5,2,2,0,0,1,Pflegehilfskraft,0,0.0,-1020,27,26,0,4,1,4712,1,,,,,,0,,0,,4,3,3,1,1885,1,4,3,3,1,1649,1,2,2,2,0,1178,0,ST-GER1,Normalstation Geriatrie,40,Geriatrie,10.0,20.0,06:00,14:00,450,,13:30,21:30,450,F,21:15,06:15,495,F|S,11,10,8,10,30,45,8,38.5,30,0.15,0,2.0.0,20261164
PK-001,2026-12-18,plan,18,Freitag,5,51,0,0,,Stationsleitung,Pflegefachkraft,EXAM|LEITUNG|PRAXISANLEITUNG,1.0,38.5,9240,4620,4158,5082,5,2,2,0,0,1,Pflegefachkraft,1,0.5,4464,27,26,0,4,1,4712,1,,1,,,,0,,0,,4,3,3,1,1885,1,4,3,3,1,1649,1,2,2,2,0,1178,0,ST-GER1,Normalstation Geriatrie,40,Geriatrie,10.0,20.0,06:00,14:00,450,,13:30,21:30,450,F,21:15,06:15,495,F|S,11,10,8,10,30,45,8,38.5,30,0.15,0,2.0.0,20261164
PK-002,2026-12-18,plan,18,Freitag,5,51,0,0,,Pflegefachkraft,Pflegefachkraft,EXAM|KARDIO_MONITORING,1.0,38.5,9240,9240,8316,10164,5,2,2,8,1,1,Pflegefachkraft,0,0.0,-2310,27,26,0,4,1,4712,1,,3,,,,0,,0,,4,3,3,1,1885,1,4,3,3,1,1649,1,2,2,2,0,1178,0,ST-GER1,Normalstation Geriatrie,40,Geriatrie,10.0,20.0,06:00,14:00,450,,13:30,21:30,450,F,21:15,06:15,495,F|S,11,10,8,10,30,45,8,38.5,30,0.15,0,2.0.0,20261164
PK-003,2026-12-18,plan,18,Freitag,5,51,0,0,,Pflegefachkraft,Pflegefachkraft,EXAM|PRAXISANLEITUNG|KARDIO_MONITORING,1.0,38.5,9240,9240,8316,10164,5,2,2,8,1,1,Pflegefachkraft,0,0.0,-2265,27,26,0,4,1,4712,1,,,,,,0,,0,,4,3,3,1,1885,1,4,3,3,1,1649,1,2,2,2,0,1178,0,ST-GER1,Normalstation Geriatrie,40,Geriatrie,10.0,20.0,06:00,14:00,450,,13:30,21:30,450,F,21:15,06:15,495,F|S,11,10,8,10,30,45,8,38.5,30,0.15,0,2.0.0,20261164
PK-004,2026-12-18,plan,18,Freitag,5,51,0,0,,Pflegefachkraft,Pflegefachkraft,EXAM,0.7,26.95,6468,6468,5821,7115,5,2,2,8,1,1,Pflegefachkraft,0,0.0,-1518,27,26,0,4,1,4712,1,,,,,,0,,0,,4,3,3,1,1885,1,4,3,3,1,1649,1,2,2,2,0,1178,0,ST-GER1,Normalstation Geriatrie,40,Geriatrie,10.0,20.0,06:00,14:00,450,,13:30,21:30,450,F,21:15,06:15,495,F|S,11,10,8,10,30,45,8,38.5,30,0.15,0,2.0.0,20261164
PK-005,2026-12-18,plan,18,Freitag,5,51,0,0,,Pflegefachkraft,Pflegefachkraft,EXAM|PRAXISANLEITUNG,1.0,38.5,9240,9240,8316,10164,5,2,2,8,1,1,Pflegefachkraft,0,0.0,-2400,27,26,0,4,1,4712,1,,,,,,0,,0,,4,3,3,1,1885,1,4,3,3,1,1649,1,2,2,2,0,1178,0,ST-GER1,Normalstation Geriatrie,40,Geriatrie,10.0,20.0,06:00,14:00,450,,13:30,21:30,450,F,21:15,06:15,495,F|S,11,10,8,10,30,45,8,38.5,30,0.15,0,2.0.0,20261164
PK-006,2026-12-18,plan,18,Freitag,5,51,0,0,,Pflegefachkraft,Pflegefachkraft,EXAM|KARDIO_MONITORING,0.6,23.1,5544,5544,4990,6098,5,2,2,8,1,1,Pflegefachkraft,0,0.0,536,27,26,0,4,1,4712,1,,,,,,0,,0,,4,3,3,1,1885,1,4,3,3,1,1649,1,2,2,2,0,1178,0,ST-GER1,Normalstation Geriatrie,40,Geriatrie,10.0,20.0,06:00,14:00,450,,13:30,21:30,450,F,21:15,06:15,495,F|S,11,10,8,10,30,45,8,38.5,30,0.15,0,2.0.0,20261164
PK-007,2026-12-18,plan,18,Freitag,5,51,0,0,,Pflegefachkraft,Pflegefachkraft,EXAM|PRAXISANLEITUNG|KARDIO_MONITORING,0.75,28.88,6931,6931,6238,7624,5,2,2,8,1,1,Pflegefachkraft,0,0.0,716,27,26,0,4,1,4712,1,,,,,,0,,0,,4,3,3,1,1885,1,4,3,3,1,1649,1,2,2,2,0,1178,0,ST-GER1,Normalstation Geriatrie,40,Geriatrie,10.0,20.0,06:00,14:00,450,,13:30,21:30,450,F,21:15,06:15,495,F|S,11,10,8,10,30,45,8,38.5,30,0.15,0,2.0.0,20261164
PK-008,2026-12-18,plan,18,Freitag,5,51,0,0,,Pflegefachkraft,Pflegefachkraft,EXAM,1.0,38.5,9240,9240,8316,10164,5,2,2,8,1,1,Pflegefachkraft,0,0.0,-2580,27,26,0,4,1,4712,1,,,,,,0,,0,,4,3,3,1,1885,1,4,3,3,1,1649,1,2,2,2,0,1178,0,ST-GER1,Normalstation Geriatrie,40,Geriatrie,10.0,20.0,06:00,14:00,450,,13:30,21:30,450,F,21:15,06:15,495,F|S,11,10,8,10,30,45,8,38.5,30,0.15,0,2.0.0,20261164
PK-009,2026-12-18,plan,18,Freitag,5,51,0,0,,Pflegefachkraft,Pflegefachkraft,EXAM,1.0,38.5,9240,9240,8316,10164,5,2,2,8,1,1,Pflegefachkraft,0,0.0,-2130,27,26,0,4,1,4712,1,,,,,,0,,1,24,4,3,3,1,1885,1,4,3,3,1,1649,1,2,2,2,0,1178,0,ST-GER1,Normalstation Geriatrie,40,Geriatrie,10.0,20.0,06:00,14:00,450,,13:30,21:30,450,F,21:15,06:15,495,F|S,11,10,8,10,30,45,8,38.5,30,0.15,0,2.0.0,20261164
PK-010,2026-12-18,plan,18,Freitag,5,51,0,0,,Pflegefachkraft,Pflegefachkraft,EXAM,0.6,23.1,5544,5544,4990,6098,5,2,2,8,1,1,Pflegefachkraft,0,0.0,-1404,27,26,0,4,1,4712,0,URLAUB,,,,,0,,0,,4,3,3,1,1885,1,4,3,3,1,1649,1,2,2,2,0,1178,0,ST-GER1,Normalstation Geriatrie,40,Geriatrie,10.0,20.0,06:00,14:00,450,,13:30,21:30,450,F,21:15,06:15,495,F|S,11,10,8,10,30,45,8,38.5,30,0.15,0,2.0.0,20261164
PK-011,2026-12-18,plan,18,Freitag,5,51,0,0,,Pflegefachkraft,Pflegefachkraft,EXAM,1.0,38.5,9240,9240,8316,10164,5,2,2,8,1,1,Pflegefachkraft,0,0.0,-2130,27,26,0,4,1,4712,1,,,,,,0,,0,,4,3,3,1,1885,1,4,3,3,1,1649,1,2,2,2,0,1178,0,ST-GER1,Normalstation Geriatrie,40,Geriatrie,10.0,20.0,06:00,14:00,450,,13:30,21:30,450,F,21:15,06:15,495,F|S,11,10,8,10,30,45,8,38.5,30,0.15,0,2.0.0,20261164
PK-012,2026-12-18,plan,18,Freitag,5,51,0,0,,Pflegefachkraft,Pflegefachkraft,EXAM|KARDIO_MONITORING,1.0,38.5,9240,9240,8316,10164,5,2,2,8,1,1,Pflegefachkraft,0,0.0,-2265,27,26,0,4,1,4712,1,,,,,,0,,0,,4,3,3,1,1885,1,4,3,3,1,1649,1,2,2,2,0,1178,0,ST-GER1,Normalstation Geriatrie,40,Geriatrie,10.0,20.0,06:00,14:00,450,,13:30,21:30,450,F,21:15,06:15,495,F|S,11,10,8,10,30,45,8,38.5,30,0.15,0,2.0.0,20261164
PK-013,2026-12-18,plan,18,Freitag,5,51,0,0,,Pflegefachkraft,Pflegefachkraft,EXAM,1.0,38.5,9240,9240,8316,10164,5,2,2,8,1,1,Pflegefachkraft,0,0.0,-2310,27,26,0,4,1,4712,1,,,,,,0,,0,,4,3,3,1,1885,1,4,3,3,1,1649,1,2,2,2,0,1178,0,ST-GER1,Normalstation Geriatrie,40,Geriatrie,10.0,20.0,06:00,14:00,450,,13:30,21:30,450,F,21:15,06:15,495,F|S,11,10,8,10,30,45,8,38.5,30,0.15,0,2.0.0,20261164
PK-014,2026-12-18,plan,18,Freitag,5,51,0,0,,Pflegefachkraft,Pflegefachkraft,EXAM,0.8,30.8,7392,7392,6653,8131,5,2,2,8,1,1,Pflegefachkraft,0,0.0,-1542,27,26,0,4,1,4712,1,,,,,,0,,0,,4,3,3,1,1885,1,4,3,3,1,1649,1,2,2,2,0,1178,0,ST-GER1,Normalstation Geriatrie,40,Geriatrie,10.0,20.0,06:00,14:00,450,,13:30,21:30,450,F,21:15,06:15,495,F|S,11,10,8,10,30,45,8,38.5,30,0.15,0,2.0.0,20261164
PK-015,2026-12-18,plan,18,Freitag,5,51,0,0,,Pflegefachkraft,Pflegefachkraft,EXAM,0.6,23.1,5544,5544,4990,6098,5,2,2,8,1,1,Pflegefachkraft,0,0.0,-1404,27,26,0,4,1,4712,1,,,,,,0,,0,,4,3,3,1,1885,1,4,3,3,1,1649,1,2,2,2,0,1178,0,ST-GER1,Normalstation Geriatrie,40,Geriatrie,10.0,20.0,06:00,14:00,450,,13:30,21:30,450,F,21:15,06:15,495,F|S,11,10,8,10,30,45,8,38.5,30,0.15,0,2.0.0,20261164
PK-016,2026-12-18,plan,18,Freitag,5,51,0,0,,Pflegefachkraft,Pflegefachkraft,EXAM,0.75,28.88,6931,6931,6238,7624,5,2,2,8,1,1,Pflegefachkraft,0,0.0,-1485,27,26,0,4,1,4712,0,URLAUB,,,,,0,,0,,4,3,3,1,1885,1,4,3,3,1,1649,1,2,2,2,0,1178,0,ST-GER1,Normalstation Geriatrie,40,Geriatrie,10.0,20.0,06:00,14:00,450,,13:30,21:30,450,F,21:15,06:15,495,F|S,11,10,8,10,30,45,8,38.5,30,0.15,0,2.0.0,20261164
PK-017,2026-12-18,plan,18,Freitag,5,51,0,0,,Pflegefachkraft,Pflegefachkraft,EXAM,0.7,26.95,6468,6468,5821,7115,5,2,2,8,1,1,Pflegefachkraft,0,0.0,-1473,27,26,0,4,1,4712,1,,,,,,0,,0,,4,3,3,1,1885,1,4,3,3,1,1649,1,2,2,2,0,1178,0,ST-GER1,Normalstation Geriatrie,40,Geriatrie,10.0,20.0,06:00,14:00,450,,13:30,21:30,450,F,21:15,06:15,495,F|S,11,10,8,10,30,45,8,38.5,30,0.15,0,2.0.0,20261164
PK-018,2026-12-18,plan,18,Freitag,5,51,0,0,,Pflegefachkraft,Pflegefachkraft,EXAM|PRAXISANLEITUNG|KARDIO_MONITORING,0.9,34.65,8316,8316,7484,9148,5,2,2,8,1,1,Pflegefachkraft,0,0.0,-1971,27,26,0,4,1,4712,1,,,,,,0,,1,24,4,3,3,1,1885,1,4,3,3,1,1649,1,2,2,2,0,1178,0,ST-GER1,Normalstation Geriatrie,40,Geriatrie,10.0,20.0,06:00,14:00,450,,13:30,21:30,450,F,21:15,06:15,495,F|S,11,10,8,10,30,45,8,38.5,30,0.15,0,2.0.0,20261164
PK-019,2026-12-18,plan,18,Freitag,5,51,0,0,,Pflegefachkraft,Pflegefachkraft,EXAM,0.8,30.8,7392,7392,6653,8131,5,2,2,8,1,1,Pflegefachkraft,0,0.0,-1902,27,26,0,4,1,4712,1,,,,,,0,,0,,4,3,3,1,1885,1,4,3,3,1,1649,1,2,2,2,0,1178,0,ST-GER1,Normalstation Geriatrie,40,Geriatrie,10.0,20.0,06:00,14:00,450,,13:30,21:30,450,F,21:15,06:15,495,F|S,11,10,8,10,30,45,8,38.5,30,0.15,0,2.0.0,20261164
PK-020,2026-12-18,plan,18,Freitag,5,51,0,0,,Pflegefachkraft,Pflegefachkraft,EXAM|KARDIO_MONITORING,0.5,19.25,4620,4620,4158,5082,5,2,2,8,1,1,Pflegefachkraft,0,0.0,-930,27,26,0,4,1,4712,1,,2,,,,0,,0,,4,3,3,1,1885,1,4,3,3,1,1649,1,2,2,2,0,1178,0,ST-GER1,Normalstation Geriatrie,40,Geriatrie,10.0,20.0,06:00,14:00,450,,13:30,21:30,450,F,21:15,06:15,495,F|S,11,10,8,10,30,45,8,38.5,30,0.15,0,2.0.0,20261164
PK-021,2026-12-18,plan,18,Freitag,5,51,0,0,,Pflegefachkraft,Pflegefachkraft,EXAM,0.8,30.8,7392,7392,6653,8131,5,2,2,8,1,1,Pflegefachkraft,0,0.0,-1722,27,26,0,4,1,4712,1,,,,,,0,,0,,4,3,3,1,1885,1,4,3,3,1,1649,1,2,2,2,0,1178,0,ST-GER1,Normalstation Geriatrie,40,Geriatrie,10.0,20.0,06:00,14:00,450,,13:30,21:30,450,F,21:15,06:15,495,F|S,11,10,8,10,30,45,8,38.5,30,0.15,0,2.0.0,20261164
PK-022,2026-12-18,plan,18,Freitag,5,51,0,0,,Pflegefachkraft,Pflegefachkraft,EXAM|PRAXISANLEITUNG|KARDIO_MONITORING,0.5,19.25,4620,4620,4158,5082,5,2,2,8,1,1,Pflegefachkraft,0,0.0,-930,27,26,0,4,1,4712,0,URLAUB,,,,,0,,0,,4,3,3,1,1885,1,4,3,3,1,1649,1,2,2,2,0,1178,0,ST-GER1,Normalstation Geriatrie,40,Geriatrie,10.0,20.0,06:00,14:00,450,,13:30,21:30,450,F,21:15,06:15,495,F|S,11,10,8,10,30,45,8,38.5,30,0.15,0,2.0.0,20261164
AZ-001,2026-12-19,plan,19,Samstag,6,51,1,0,,Auszubildende_r_3_Ausbildungsjahr,Auszubildende,AUSZUBILDEND,1.0,38.5,9240,9240,8316,10164,5,2,2,8,1,0,nicht anrechenbar,0,0.0,-9240,26,24,2,2,2,4531,1,,,,,,0,,0,,4,3,3,1,1812,1,4,3,3,1,1586,1,2,2,2,0,1133,0,ST-GER1,Normalstation Geriatrie,40,Geriatrie,10.0,20.0,06:00,14:00,450,,13:30,21:30,450,F,21:15,06:15,495,F|S,11,10,8,10,30,45,8,38.5,30,0.15,0,2.0.0,20261164
AZ-002,2026-12-19,plan,19,Samstag,6,51,1,0,,Auszubildende_r_2_Ausbildungsjahr,Auszubildende,AUSZUBILDEND,1.0,38.5,9240,9240,8316,10164,5,2,2,8,1,0,nicht anrechenbar,0,0.0,-9240,26,24,2,2,2,4531,1,,,,,,0,,0,,4,3,3,1,1812,1,4,3,3,1,1586,1,2,2,2,0,1133,0,ST-GER1,Normalstation Geriatrie,40,Geriatrie,10.0,20.0,06:00,14:00,450,,13:30,21:30,450,F,21:15,06:15,495,F|S,11,10,8,10,30,45,8,38.5,30,0.15,0,2.0.0,20261164
AZ-003,2026-12-19,plan,19,Samstag,6,51,1,0,,Auszubildende_r_1_Ausbildungsjahr,Auszubildende,AUSZUBILDEND,1.0,38.5,9240,9240,8316,10164,5,2,2,0,0,0,nicht anrechenbar,0,0.0,-9240,26,24,2,2,2,4531,1,,,,,,0,,0,,4,3,3,1,1812,1,4,3,3,1,1586,1,2,2,2,0,1133,0,ST-GER1,Normalstation Geriatrie,40,Geriatrie,10.0,20.0,06:00,14:00,450,,13:30,21:30,450,F,21:15,06:15,495,F|S,11,10,8,10,30,45,8,38.5,30,0.15,0,2.0.0,20261164
PH-001,2026-12-19,plan,19,Samstag,6,51,1,0,,Pflegehilfskraft,Pflegehilfskraft,PFLEGEHILFE,0.75,28.88,6931,6931,6238,7624,5,2,2,0,0,1,Pflegehilfskraft,0,0.0,-1530,26,24,2,2,2,4531,1,,,,,,0,,0,,4,3,3,1,1812,1,4,3,3,1,1586,1,2,2,2,0,1133,0,ST-GER1,Normalstation Geriatrie,40,Geriatrie,10.0,20.0,06:00,14:00,450,,13:30,21:30,450,F,21:15,06:15,495,F|S,11,10,8,10,30,45,8,38.5,30,0.15,0,2.0.0,20261164
PH-002,2026-12-19,plan,19,Samstag,6,51,1,0,,Pflegehilfskraft,Pflegehilfskraft,PFLEGEHILFE,0.75,28.88,6931,6931,6238,7624,5,2,2,0,0,1,Pflegehilfskraft,0,0.0,-1530,26,24,2,2,2,4531,0,URLAUB,,,,,0,,0,,4,3,3,1,1812,1,4,3,3,1,1586,1,2,2,2,0,1133,0,ST-GER1,Normalstation Geriatrie,40,Geriatrie,10.0,20.0,06:00,14:00,450,,13:30,21:30,450,F,21:15,06:15,495,F|S,11,10,8,10,30,45,8,38.5,30,0.15,0,2.0.0,20261164
PH-003,2026-12-19,plan,19,Samstag,6,51,1,0,,Pflegehilfskraft,Pflegehilfskraft,PFLEGEHILFE,0.5,19.25,4620,4620,4158,5082,5,2,2,0,0,1,Pflegehilfskraft,0,0.0,-1020,26,24,2,2,2,4531,1,,,,,,0,,0,,4,3,3,1,1812,1,4,3,3,1,1586,1,2,2,2,0,1133,0,ST-GER1,Normalstation Geriatrie,40,Geriatrie,10.0,20.0,06:00,14:00,450,,13:30,21:30,450,F,21:15,06:15,495,F|S,11,10,8,10,30,45,8,38.5,30,0.15,0,2.0.0,20261164
PK-001,2026-12-19,plan,19,Samstag,6,51,1,0,,Stationsleitung,Pflegefachkraft,EXAM|LEITUNG|PRAXISANLEITUNG,1.0,38.5,9240,4620,4158,5082,5,2,2,0,0,1,Pflegefachkraft,1,0.5,4464,26,24,2,2,2,4531,1,,,,,,0,,0,,4,3,3,1,1812,1,4,3,3,1,1586,1,2,2,2,0,1133,0,ST-GER1,Normalstation Geriatrie,40,Geriatrie,10.0,20.0,06:00,14:00,450,,13:30,21:30,450,F,21:15,06:15,495,F|S,11,10,8,10,30,45,8,38.5,30,0.15,0,2.0.0,20261164
PK-002,2026-12-19,plan,19,Samstag,6,51,1,0,,Pflegefachkraft,Pflegefachkraft,EXAM|KARDIO_MONITORING,1.0,38.5,9240,9240,8316,10164,5,2,2,8,1,1,Pflegefachkraft,0,0.0,-2310,26,24,2,2,2,4531,1,,,,,,0,,0,,4,3,3,1,1812,1,4,3,3,1,1586,1,2,2,2,0,1133,0,ST-GER1,Normalstation Geriatrie,40,Geriatrie,10.0,20.0,06:00,14:00,450,,13:30,21:30,450,F,21:15,06:15,495,F|S,11,10,8,10,30,45,8,38.5,30,0.15,0,2.0.0,20261164
PK-003,2026-12-19,plan,19,Samstag,6,51,1,0,,Pflegefachkraft,Pflegefachkraft,EXAM|PRAXISANLEITUNG|KARDIO_MONITORING,1.0,38.5,9240,9240,8316,10164,5,2,2,8,1,1,Pflegefachkraft,0,0.0,-2265,26,24,2,2,2,4531,1,,,,,,0,,0,,4,3,3,1,1812,1,4,3,3,1,1586,1,2,2,2,0,1133,0,ST-GER1,Normalstation Geriatrie,40,Geriatrie,10.0,20.0,06:00,14:00,450,,13:30,21:30,450,F,21:15,06:15,495,F|S,11,10,8,10,30,45,8,38.5,30,0.15,0,2.0.0,20261164
PK-004,2026-12-19,plan,19,Samstag,6,51,1,0,,Pflegefachkraft,Pflegefachkraft,EXAM,0.7,26.95,6468,6468,5821,7115,5,2,2,8,1,1,Pflegefachkraft,0,0.0,-1518,26,24,2,2,2,4531,1,,,,,,0,,0,,4,3,3,1,1812,1,4,3,3,1,1586,1,2,2,2,0,1133,0,ST-GER1,Normalstation Geriatrie,40,Geriatrie,10.0,20.0,06:00,14:00,450,,13:30,21:30,450,F,21:15,06:15,495,F|S,11,10,8,10,30,45,8,38.5,30,0.15,0,2.0.0,20261164
PK-005,2026-12-19,plan,19,Samstag,6,51,1,0,,Pflegefachkraft,Pflegefachkraft,EXAM|PRAXISANLEITUNG,1.0,38.5,9240,9240,8316,10164,5,2,2,8,1,1,Pflegefachkraft,0,0.0,-2400,26,24,2,2,2,4531,1,,,,,,0,,0,,4,3,3,1,1812,1,4,3,3,1,1586,1,2,2,2,0,1133,0,ST-GER1,Normalstation Geriatrie,40,Geriatrie,10.0,20.0,06:00,14:00,450,,13:30,21:30,450,F,21:15,06:15,495,F|S,11,10,8,10,30,45,8,38.5,30,0.15,0,2.0.0,20261164
PK-006,2026-12-19,plan,19,Samstag,6,51,1,0,,Pflegefachkraft,Pflegefachkraft,EXAM|KARDIO_MONITORING,0.6,23.1,5544,5544,4990,6098,5,2,2,8,1,1,Pflegefachkraft,0,0.0,536,26,24,2,2,2,4531,1,,,,,,0,,0,,4,3,3,1,1812,1,4,3,3,1,1586,1,2,2,2,0,1133,0,ST-GER1,Normalstation Geriatrie,40,Geriatrie,10.0,20.0,06:00,14:00,450,,13:30,21:30,450,F,21:15,06:15,495,F|S,11,10,8,10,30,45,8,38.5,30,0.15,0,2.0.0,20261164
PK-007,2026-12-19,plan,19,Samstag,6,51,1,0,,Pflegefachkraft,Pflegefachkraft,EXAM|PRAXISANLEITUNG|KARDIO_MONITORING,0.75,28.88,6931,6931,6238,7624,5,2,2,8,1,1,Pflegefachkraft,0,0.0,716,26,24,2,2,2,4531,1,,,,,,0,,0,,4,3,3,1,1812,1,4,3,3,1,1586,1,2,2,2,0,1133,0,ST-GER1,Normalstation Geriatrie,40,Geriatrie,10.0,20.0,06:00,14:00,450,,13:30,21:30,450,F,21:15,06:15,495,F|S,11,10,8,10,30,45,8,38.5,30,0.15,0,2.0.0,20261164
PK-008,2026-12-19,plan,19,Samstag,6,51,1,0,,Pflegefachkraft,Pflegefachkraft,EXAM,1.0,38.5,9240,9240,8316,10164,5,2,2,8,1,1,Pflegefachkraft,0,0.0,-2580,26,24,2,2,2,4531,1,,,,,,0,,0,,4,3,3,1,1812,1,4,3,3,1,1586,1,2,2,2,0,1133,0,ST-GER1,Normalstation Geriatrie,40,Geriatrie,10.0,20.0,06:00,14:00,450,,13:30,21:30,450,F,21:15,06:15,495,F|S,11,10,8,10,30,45,8,38.5,30,0.15,0,2.0.0,20261164
PK-009,2026-12-19,plan,19,Samstag,6,51,1,0,,Pflegefachkraft,Pflegefachkraft,EXAM,1.0,38.5,9240,9240,8316,10164,5,2,2,8,1,1,Pflegefachkraft,0,0.0,-2130,26,24,2,2,2,4531,1,,,,,,0,,0,,4,3,3,1,1812,1,4,3,3,1,1586,1,2,2,2,0,1133,0,ST-GER1,Normalstation Geriatrie,40,Geriatrie,10.0,20.0,06:00,14:00,450,,13:30,21:30,450,F,21:15,06:15,495,F|S,11,10,8,10,30,45,8,38.5,30,0.15,0,2.0.0,20261164
PK-010,2026-12-19,plan,19,Samstag,6,51,1,0,,Pflegefachkraft,Pflegefachkraft,EXAM,0.6,23.1,5544,5544,4990,6098,5,2,2,8,1,1,Pflegefachkraft,0,0.0,-1404,26,24,2,2,2,4531,0,URLAUB,,,,,0,,0,,4,3,3,1,1812,1,4,3,3,1,1586,1,2,2,2,0,1133,0,ST-GER1,Normalstation Geriatrie,40,Geriatrie,10.0,20.0,06:00,14:00,450,,13:30,21:30,450,F,21:15,06:15,495,F|S,11,10,8,10,30,45,8,38.5,30,0.15,0,2.0.0,20261164
PK-011,2026-12-19,plan,19,Samstag,6,51,1,0,,Pflegefachkraft,Pflegefachkraft,EXAM,1.0,38.5,9240,9240,8316,10164,5,2,2,8,1,1,Pflegefachkraft,0,0.0,-2130,26,24,2,2,2,4531,1,,,,,,0,,0,,4,3,3,1,1812,1,4,3,3,1,1586,1,2,2,2,0,1133,0,ST-GER1,Normalstation Geriatrie,40,Geriatrie,10.0,20.0,06:00,14:00,450,,13:30,21:30,450,F,21:15,06:15,495,F|S,11,10,8,10,30,45,8,38.5,30,0.15,0,2.0.0,20261164
PK-012,2026-12-19,plan,19,Samstag,6,51,1,0,,Pflegefachkraft,Pflegefachkraft,EXAM|KARDIO_MONITORING,1.0,38.5,9240,9240,8316,10164,5,2,2,8,1,1,Pflegefachkraft,0,0.0,-2265,26,24,2,2,2,4531,1,,,,,,0,,0,,4,3,3,1,1812,1,4,3,3,1,1586,1,2,2,2,0,1133,0,ST-GER1,Normalstation Geriatrie,40,Geriatrie,10.0,20.0,06:00,14:00,450,,13:30,21:30,450,F,21:15,06:15,495,F|S,11,10,8,10,30,45,8,38.5,30,0.15,0,2.0.0,20261164
PK-013,2026-12-19,plan,19,Samstag,6,51,1,0,,Pflegefachkraft,Pflegefachkraft,EXAM,1.0,38.5,9240,9240,8316,10164,5,2,2,8,1,1,Pflegefachkraft,0,0.0,-2310,26,24,2,2,2,4531,1,,,,,,0,,0,,4,3,3,1,1812,1,4,3,3,1,1586,1,2,2,2,0,1133,0,ST-GER1,Normalstation Geriatrie,40,Geriatrie,10.0,20.0,06:00,14:00,450,,13:30,21:30,450,F,21:15,06:15,495,F|S,11,10,8,10,30,45,8,38.5,30,0.15,0,2.0.0,20261164
PK-014,2026-12-19,plan,19,Samstag,6,51,1,0,,Pflegefachkraft,Pflegefachkraft,EXAM,0.8,30.8,7392,7392,6653,8131,5,2,2,8,1,1,Pflegefachkraft,0,0.0,-1542,26,24,2,2,2,4531,1,,,,,,0,,0,,4,3,3,1,1812,1,4,3,3,1,1586,1,2,2,2,0,1133,0,ST-GER1,Normalstation Geriatrie,40,Geriatrie,10.0,20.0,06:00,14:00,450,,13:30,21:30,450,F,21:15,06:15,495,F|S,11,10,8,10,30,45,8,38.5,30,0.15,0,2.0.0,20261164
PK-015,2026-12-19,plan,19,Samstag,6,51,1,0,,Pflegefachkraft,Pflegefachkraft,EXAM,0.6,23.1,5544,5544,4990,6098,5,2,2,8,1,1,Pflegefachkraft,0,0.0,-1404,26,24,2,2,2,4531,1,,,,,,0,,0,,4,3,3,1,1812,1,4,3,3,1,1586,1,2,2,2,0,1133,0,ST-GER1,Normalstation Geriatrie,40,Geriatrie,10.0,20.0,06:00,14:00,450,,13:30,21:30,450,F,21:15,06:15,495,F|S,11,10,8,10,30,45,8,38.5,30,0.15,0,2.0.0,20261164
PK-016,2026-12-19,plan,19,Samstag,6,51,1,0,,Pflegefachkraft,Pflegefachkraft,EXAM,0.75,28.88,6931,6931,6238,7624,5,2,2,8,1,1,Pflegefachkraft,0,0.0,-1485,26,24,2,2,2,4531,0,URLAUB,,,,,0,,0,,4,3,3,1,1812,1,4,3,3,1,1586,1,2,2,2,0,1133,0,ST-GER1,Normalstation Geriatrie,40,Geriatrie,10.0,20.0,06:00,14:00,450,,13:30,21:30,450,F,21:15,06:15,495,F|S,11,10,8,10,30,45,8,38.5,30,0.15,0,2.0.0,20261164
PK-017,2026-12-19,plan,19,Samstag,6,51,1,0,,Pflegefachkraft,Pflegefachkraft,EXAM,0.7,26.95,6468,6468,5821,7115,5,2,2,8,1,1,Pflegefachkraft,0,0.0,-1473,26,24,2,2,2,4531,1,,,,,,0,,0,,4,3,3,1,1812,1,4,3,3,1,1586,1,2,2,2,0,1133,0,ST-GER1,Normalstation Geriatrie,40,Geriatrie,10.0,20.0,06:00,14:00,450,,13:30,21:30,450,F,21:15,06:15,495,F|S,11,10,8,10,30,45,8,38.5,30,0.15,0,2.0.0,20261164
PK-018,2026-12-19,plan,19,Samstag,6,51,1,0,,Pflegefachkraft,Pflegefachkraft,EXAM|PRAXISANLEITUNG|KARDIO_MONITORING,0.9,34.65,8316,8316,7484,9148,5,2,2,8,1,1,Pflegefachkraft,0,0.0,-1971,26,24,2,2,2,4531,1,,,,,,0,,0,,4,3,3,1,1812,1,4,3,3,1,1586,1,2,2,2,0,1133,0,ST-GER1,Normalstation Geriatrie,40,Geriatrie,10.0,20.0,06:00,14:00,450,,13:30,21:30,450,F,21:15,06:15,495,F|S,11,10,8,10,30,45,8,38.5,30,0.15,0,2.0.0,20261164
PK-019,2026-12-19,plan,19,Samstag,6,51,1,0,,Pflegefachkraft,Pflegefachkraft,EXAM,0.8,30.8,7392,7392,6653,8131,5,2,2,8,1,1,Pflegefachkraft,0,0.0,-1902,26,24,2,2,2,4531,1,,,,,,0,,0,,4,3,3,1,1812,1,4,3,3,1,1586,1,2,2,2,0,1133,0,ST-GER1,Normalstation Geriatrie,40,Geriatrie,10.0,20.0,06:00,14:00,450,,13:30,21:30,450,F,21:15,06:15,495,F|S,11,10,8,10,30,45,8,38.5,30,0.15,0,2.0.0,20261164
PK-020,2026-12-19,plan,19,Samstag,6,51,1,0,,Pflegefachkraft,Pflegefachkraft,EXAM|KARDIO_MONITORING,0.5,19.25,4620,4620,4158,5082,5,2,2,8,1,1,Pflegefachkraft,0,0.0,-930,26,24,2,2,2,4531,1,,,,,,0,,0,,4,3,3,1,1812,1,4,3,3,1,1586,1,2,2,2,0,1133,0,ST-GER1,Normalstation Geriatrie,40,Geriatrie,10.0,20.0,06:00,14:00,450,,13:30,21:30,450,F,21:15,06:15,495,F|S,11,10,8,10,30,45,8,38.5,30,0.15,0,2.0.0,20261164
PK-021,2026-12-19,plan,19,Samstag,6,51,1,0,,Pflegefachkraft,Pflegefachkraft,EXAM,0.8,30.8,7392,7392,6653,8131,5,2,2,8,1,1,Pflegefachkraft,0,0.0,-1722,26,24,2,2,2,4531,1,,,,,,0,,0,,4,3,3,1,1812,1,4,3,3,1,1586,1,2,2,2,0,1133,0,ST-GER1,Normalstation Geriatrie,40,Geriatrie,10.0,20.0,06:00,14:00,450,,13:30,21:30,450,F,21:15,06:15,495,F|S,11,10,8,10,30,45,8,38.5,30,0.15,0,2.0.0,20261164
PK-022,2026-12-19,plan,19,Samstag,6,51,1,0,,Pflegefachkraft,Pflegefachkraft,EXAM|PRAXISANLEITUNG|KARDIO_MONITORING,0.5,19.25,4620,4620,4158,5082,5,2,2,8,1,1,Pflegefachkraft,0,0.0,-930,26,24,2,2,2,4531,0,URLAUB,,,,,0,,0,,4,3,3,1,1812,1,4,3,3,1,1586,1,2,2,2,0,1133,0,ST-GER1,Normalstation Geriatrie,40,Geriatrie,10.0,20.0,06:00,14:00,450,,13:30,21:30,450,F,21:15,06:15,495,F|S,11,10,8,10,30,45,8,38.5,30,0.15,0,2.0.0,20261164
AZ-001,2026-12-20,plan,20,Sonntag,7,51,1,0,,Auszubildende_r_3_Ausbildungsjahr,Auszubildende,AUSZUBILDEND,1.0,38.5,9240,9240,8316,10164,5,2,2,8,1,0,nicht anrechenbar,0,0.0,-9240,29,29,3,5,3,5377,1,,,,,,0,,0,,5,3,4,1,2151,1,4,3,3,1,1882,1,3,2,3,0,1344,0,ST-GER1,Normalstation Geriatrie,40,Geriatrie,10.0,20.0,06:00,14:00,450,,13:30,21:30,450,F,21:15,06:15,495,F|S,11,10,8,10,30,45,8,38.5,30,0.15,0,2.0.0,20261164
AZ-002,2026-12-20,plan,20,Sonntag,7,51,1,0,,Auszubildende_r_2_Ausbildungsjahr,Auszubildende,AUSZUBILDEND,1.0,38.5,9240,9240,8316,10164,5,2,2,8,1,0,nicht anrechenbar,0,0.0,-9240,29,29,3,5,3,5377,1,,,,,,0,,0,,5,3,4,1,2151,1,4,3,3,1,1882,1,3,2,3,0,1344,0,ST-GER1,Normalstation Geriatrie,40,Geriatrie,10.0,20.0,06:00,14:00,450,,13:30,21:30,450,F,21:15,06:15,495,F|S,11,10,8,10,30,45,8,38.5,30,0.15,0,2.0.0,20261164
AZ-003,2026-12-20,plan,20,Sonntag,7,51,1,0,,Auszubildende_r_1_Ausbildungsjahr,Auszubildende,AUSZUBILDEND,1.0,38.5,9240,9240,8316,10164,5,2,2,0,0,0,nicht anrechenbar,0,0.0,-9240,29,29,3,5,3,5377,1,,,,,,0,,0,,5,3,4,1,2151,1,4,3,3,1,1882,1,3,2,3,0,1344,0,ST-GER1,Normalstation Geriatrie,40,Geriatrie,10.0,20.0,06:00,14:00,450,,13:30,21:30,450,F,21:15,06:15,495,F|S,11,10,8,10,30,45,8,38.5,30,0.15,0,2.0.0,20261164
PH-001,2026-12-20,plan,20,Sonntag,7,51,1,0,,Pflegehilfskraft,Pflegehilfskraft,PFLEGEHILFE,0.75,28.88,6931,6931,6238,7624,5,2,2,0,0,1,Pflegehilfskraft,0,0.0,-1530,29,29,3,5,3,5377,1,,,,,,0,,0,,5,3,4,1,2151,1,4,3,3,1,1882,1,3,2,3,0,1344,0,ST-GER1,Normalstation Geriatrie,40,Geriatrie,10.0,20.0,06:00,14:00,450,,13:30,21:30,450,F,21:15,06:15,495,F|S,11,10,8,10,30,45,8,38.5,30,0.15,0,2.0.0,20261164
PH-002,2026-12-20,plan,20,Sonntag,7,51,1,0,,Pflegehilfskraft,Pflegehilfskraft,PFLEGEHILFE,0.75,28.88,6931,6931,6238,7624,5,2,2,0,0,1,Pflegehilfskraft,0,0.0,-1530,29,29,3,5,3,5377,0,URLAUB,,,,,0,,0,,5,3,4,1,2151,1,4,3,3,1,1882,1,3,2,3,0,1344,0,ST-GER1,Normalstation Geriatrie,40,Geriatrie,10.0,20.0,06:00,14:00,450,,13:30,21:30,450,F,21:15,06:15,495,F|S,11,10,8,10,30,45,8,38.5,30,0.15,0,2.0.0,20261164
PH-003,2026-12-20,plan,20,Sonntag,7,51,1,0,,Pflegehilfskraft,Pflegehilfskraft,PFLEGEHILFE,0.5,19.25,4620,4620,4158,5082,5,2,2,0,0,1,Pflegehilfskraft,0,0.0,-1020,29,29,3,5,3,5377,1,,,,,,0,,0,,5,3,4,1,2151,1,4,3,3,1,1882,1,3,2,3,0,1344,0,ST-GER1,Normalstation Geriatrie,40,Geriatrie,10.0,20.0,06:00,14:00,450,,13:30,21:30,450,F,21:15,06:15,495,F|S,11,10,8,10,30,45,8,38.5,30,0.15,0,2.0.0,20261164
PK-001,2026-12-20,plan,20,Sonntag,7,51,1,0,,Stationsleitung,Pflegefachkraft,EXAM|LEITUNG|PRAXISANLEITUNG,1.0,38.5,9240,4620,4158,5082,5,2,2,0,0,1,Pflegefachkraft,1,0.5,4464,29,29,3,5,3,5377,1,,,,,,0,,0,,5,3,4,1,2151,1,4,3,3,1,1882,1,3,2,3,0,1344,0,ST-GER1,Normalstation Geriatrie,40,Geriatrie,10.0,20.0,06:00,14:00,450,,13:30,21:30,450,F,21:15,06:15,495,F|S,11,10,8,10,30,45,8,38.5,30,0.15,0,2.0.0,20261164
PK-002,2026-12-20,plan,20,Sonntag,7,51,1,0,,Pflegefachkraft,Pflegefachkraft,EXAM|KARDIO_MONITORING,1.0,38.5,9240,9240,8316,10164,5,2,2,8,1,1,Pflegefachkraft,0,0.0,-2310,29,29,3,5,3,5377,1,,,,,,0,,0,,5,3,4,1,2151,1,4,3,3,1,1882,1,3,2,3,0,1344,0,ST-GER1,Normalstation Geriatrie,40,Geriatrie,10.0,20.0,06:00,14:00,450,,13:30,21:30,450,F,21:15,06:15,495,F|S,11,10,8,10,30,45,8,38.5,30,0.15,0,2.0.0,20261164
PK-003,2026-12-20,plan,20,Sonntag,7,51,1,0,,Pflegefachkraft,Pflegefachkraft,EXAM|PRAXISANLEITUNG|KARDIO_MONITORING,1.0,38.5,9240,9240,8316,10164,5,2,2,8,1,1,Pflegefachkraft,0,0.0,-2265,29,29,3,5,3,5377,1,,,,,,0,,0,,5,3,4,1,2151,1,4,3,3,1,1882,1,3,2,3,0,1344,0,ST-GER1,Normalstation Geriatrie,40,Geriatrie,10.0,20.0,06:00,14:00,450,,13:30,21:30,450,F,21:15,06:15,495,F|S,11,10,8,10,30,45,8,38.5,30,0.15,0,2.0.0,20261164
PK-004,2026-12-20,plan,20,Sonntag,7,51,1,0,,Pflegefachkraft,Pflegefachkraft,EXAM,0.7,26.95,6468,6468,5821,7115,5,2,2,8,1,1,Pflegefachkraft,0,0.0,-1518,29,29,3,5,3,5377,1,,,,,,0,,0,,5,3,4,1,2151,1,4,3,3,1,1882,1,3,2,3,0,1344,0,ST-GER1,Normalstation Geriatrie,40,Geriatrie,10.0,20.0,06:00,14:00,450,,13:30,21:30,450,F,21:15,06:15,495,F|S,11,10,8,10,30,45,8,38.5,30,0.15,0,2.0.0,20261164
PK-005,2026-12-20,plan,20,Sonntag,7,51,1,0,,Pflegefachkraft,Pflegefachkraft,EXAM|PRAXISANLEITUNG,1.0,38.5,9240,9240,8316,10164,5,2,2,8,1,1,Pflegefachkraft,0,0.0,-2400,29,29,3,5,3,5377,1,,,,,,0,,0,,5,3,4,1,2151,1,4,3,3,1,1882,1,3,2,3,0,1344,0,ST-GER1,Normalstation Geriatrie,40,Geriatrie,10.0,20.0,06:00,14:00,450,,13:30,21:30,450,F,21:15,06:15,495,F|S,11,10,8,10,30,45,8,38.5,30,0.15,0,2.0.0,20261164
PK-006,2026-12-20,plan,20,Sonntag,7,51,1,0,,Pflegefachkraft,Pflegefachkraft,EXAM|KARDIO_MONITORING,0.6,23.1,5544,5544,4990,6098,5,2,2,8,1,1,Pflegefachkraft,0,0.0,536,29,29,3,5,3,5377,1,,,,,,0,,0,,5,3,4,1,2151,1,4,3,3,1,1882,1,3,2,3,0,1344,0,ST-GER1,Normalstation Geriatrie,40,Geriatrie,10.0,20.0,06:00,14:00,450,,13:30,21:30,450,F,21:15,06:15,495,F|S,11,10,8,10,30,45,8,38.5,30,0.15,0,2.0.0,20261164
PK-007,2026-12-20,plan,20,Sonntag,7,51,1,0,,Pflegefachkraft,Pflegefachkraft,EXAM|PRAXISANLEITUNG|KARDIO_MONITORING,0.75,28.88,6931,6931,6238,7624,5,2,2,8,1,1,Pflegefachkraft,0,0.0,716,29,29,3,5,3,5377,1,,,,,,0,,0,,5,3,4,1,2151,1,4,3,3,1,1882,1,3,2,3,0,1344,0,ST-GER1,Normalstation Geriatrie,40,Geriatrie,10.0,20.0,06:00,14:00,450,,13:30,21:30,450,F,21:15,06:15,495,F|S,11,10,8,10,30,45,8,38.5,30,0.15,0,2.0.0,20261164
PK-008,2026-12-20,plan,20,Sonntag,7,51,1,0,,Pflegefachkraft,Pflegefachkraft,EXAM,1.0,38.5,9240,9240,8316,10164,5,2,2,8,1,1,Pflegefachkraft,0,0.0,-2580,29,29,3,5,3,5377,1,,,,,,1,2,0,,5,3,4,1,2151,1,4,3,3,1,1882,1,3,2,3,0,1344,0,ST-GER1,Normalstation Geriatrie,40,Geriatrie,10.0,20.0,06:00,14:00,450,,13:30,21:30,450,F,21:15,06:15,495,F|S,11,10,8,10,30,45,8,38.5,30,0.15,0,2.0.0,20261164
PK-009,2026-12-20,plan,20,Sonntag,7,51,1,0,,Pflegefachkraft,Pflegefachkraft,EXAM,1.0,38.5,9240,9240,8316,10164,5,2,2,8,1,1,Pflegefachkraft,0,0.0,-2130,29,29,3,5,3,5377,1,,,,,,0,,0,,5,3,4,1,2151,1,4,3,3,1,1882,1,3,2,3,0,1344,0,ST-GER1,Normalstation Geriatrie,40,Geriatrie,10.0,20.0,06:00,14:00,450,,13:30,21:30,450,F,21:15,06:15,495,F|S,11,10,8,10,30,45,8,38.5,30,0.15,0,2.0.0,20261164
PK-010,2026-12-20,plan,20,Sonntag,7,51,1,0,,Pflegefachkraft,Pflegefachkraft,EXAM,0.6,23.1,5544,5544,4990,6098,5,2,2,8,1,1,Pflegefachkraft,0,0.0,-1404,29,29,3,5,3,5377,0,URLAUB,,,,,0,,0,,5,3,4,1,2151,1,4,3,3,1,1882,1,3,2,3,0,1344,0,ST-GER1,Normalstation Geriatrie,40,Geriatrie,10.0,20.0,06:00,14:00,450,,13:30,21:30,450,F,21:15,06:15,495,F|S,11,10,8,10,30,45,8,38.5,30,0.15,0,2.0.0,20261164
PK-011,2026-12-20,plan,20,Sonntag,7,51,1,0,,Pflegefachkraft,Pflegefachkraft,EXAM,1.0,38.5,9240,9240,8316,10164,5,2,2,8,1,1,Pflegefachkraft,0,0.0,-2130,29,29,3,5,3,5377,1,,,,,,0,,0,,5,3,4,1,2151,1,4,3,3,1,1882,1,3,2,3,0,1344,0,ST-GER1,Normalstation Geriatrie,40,Geriatrie,10.0,20.0,06:00,14:00,450,,13:30,21:30,450,F,21:15,06:15,495,F|S,11,10,8,10,30,45,8,38.5,30,0.15,0,2.0.0,20261164
PK-012,2026-12-20,plan,20,Sonntag,7,51,1,0,,Pflegefachkraft,Pflegefachkraft,EXAM|KARDIO_MONITORING,1.0,38.5,9240,9240,8316,10164,5,2,2,8,1,1,Pflegefachkraft,0,0.0,-2265,29,29,3,5,3,5377,1,,,,,,0,,0,,5,3,4,1,2151,1,4,3,3,1,1882,1,3,2,3,0,1344,0,ST-GER1,Normalstation Geriatrie,40,Geriatrie,10.0,20.0,06:00,14:00,450,,13:30,21:30,450,F,21:15,06:15,495,F|S,11,10,8,10,30,45,8,38.5,30,0.15,0,2.0.0,20261164
PK-013,2026-12-20,plan,20,Sonntag,7,51,1,0,,Pflegefachkraft,Pflegefachkraft,EXAM,1.0,38.5,9240,9240,8316,10164,5,2,2,8,1,1,Pflegefachkraft,0,0.0,-2310,29,29,3,5,3,5377,1,,,,,,0,,0,,5,3,4,1,2151,1,4,3,3,1,1882,1,3,2,3,0,1344,0,ST-GER1,Normalstation Geriatrie,40,Geriatrie,10.0,20.0,06:00,14:00,450,,13:30,21:30,450,F,21:15,06:15,495,F|S,11,10,8,10,30,45,8,38.5,30,0.15,0,2.0.0,20261164
PK-014,2026-12-20,plan,20,Sonntag,7,51,1,0,,Pflegefachkraft,Pflegefachkraft,EXAM,0.8,30.8,7392,7392,6653,8131,5,2,2,8,1,1,Pflegefachkraft,0,0.0,-1542,29,29,3,5,3,5377,1,,,,,,1,12,0,,5,3,4,1,2151,1,4,3,3,1,1882,1,3,2,3,0,1344,0,ST-GER1,Normalstation Geriatrie,40,Geriatrie,10.0,20.0,06:00,14:00,450,,13:30,21:30,450,F,21:15,06:15,495,F|S,11,10,8,10,30,45,8,38.5,30,0.15,0,2.0.0,20261164
PK-015,2026-12-20,plan,20,Sonntag,7,51,1,0,,Pflegefachkraft,Pflegefachkraft,EXAM,0.6,23.1,5544,5544,4990,6098,5,2,2,8,1,1,Pflegefachkraft,0,0.0,-1404,29,29,3,5,3,5377,1,,,,,,0,,0,,5,3,4,1,2151,1,4,3,3,1,1882,1,3,2,3,0,1344,0,ST-GER1,Normalstation Geriatrie,40,Geriatrie,10.0,20.0,06:00,14:00,450,,13:30,21:30,450,F,21:15,06:15,495,F|S,11,10,8,10,30,45,8,38.5,30,0.15,0,2.0.0,20261164
PK-016,2026-12-20,plan,20,Sonntag,7,51,1,0,,Pflegefachkraft,Pflegefachkraft,EXAM,0.75,28.88,6931,6931,6238,7624,5,2,2,8,1,1,Pflegefachkraft,0,0.0,-1485,29,29,3,5,3,5377,0,URLAUB,,,,,0,,0,,5,3,4,1,2151,1,4,3,3,1,1882,1,3,2,3,0,1344,0,ST-GER1,Normalstation Geriatrie,40,Geriatrie,10.0,20.0,06:00,14:00,450,,13:30,21:30,450,F,21:15,06:15,495,F|S,11,10,8,10,30,45,8,38.5,30,0.15,0,2.0.0,20261164
PK-017,2026-12-20,plan,20,Sonntag,7,51,1,0,,Pflegefachkraft,Pflegefachkraft,EXAM,0.7,26.95,6468,6468,5821,7115,5,2,2,8,1,1,Pflegefachkraft,0,0.0,-1473,29,29,3,5,3,5377,1,,,,,,0,,0,,5,3,4,1,2151,1,4,3,3,1,1882,1,3,2,3,0,1344,0,ST-GER1,Normalstation Geriatrie,40,Geriatrie,10.0,20.0,06:00,14:00,450,,13:30,21:30,450,F,21:15,06:15,495,F|S,11,10,8,10,30,45,8,38.5,30,0.15,0,2.0.0,20261164
PK-018,2026-12-20,plan,20,Sonntag,7,51,1,0,,Pflegefachkraft,Pflegefachkraft,EXAM|PRAXISANLEITUNG|KARDIO_MONITORING,0.9,34.65,8316,8316,7484,9148,5,2,2,8,1,1,Pflegefachkraft,0,0.0,-1971,29,29,3,5,3,5377,1,,,,,,0,,0,,5,3,4,1,2151,1,4,3,3,1,1882,1,3,2,3,0,1344,0,ST-GER1,Normalstation Geriatrie,40,Geriatrie,10.0,20.0,06:00,14:00,450,,13:30,21:30,450,F,21:15,06:15,495,F|S,11,10,8,10,30,45,8,38.5,30,0.15,0,2.0.0,20261164
PK-019,2026-12-20,plan,20,Sonntag,7,51,1,0,,Pflegefachkraft,Pflegefachkraft,EXAM,0.8,30.8,7392,7392,6653,8131,5,2,2,8,1,1,Pflegefachkraft,0,0.0,-1902,29,29,3,5,3,5377,1,,,,,,0,,0,,5,3,4,1,2151,1,4,3,3,1,1882,1,3,2,3,0,1344,0,ST-GER1,Normalstation Geriatrie,40,Geriatrie,10.0,20.0,06:00,14:00,450,,13:30,21:30,450,F,21:15,06:15,495,F|S,11,10,8,10,30,45,8,38.5,30,0.15,0,2.0.0,20261164
PK-020,2026-12-20,plan,20,Sonntag,7,51,1,0,,Pflegefachkraft,Pflegefachkraft,EXAM|KARDIO_MONITORING,0.5,19.25,4620,4620,4158,5082,5,2,2,8,1,1,Pflegefachkraft,0,0.0,-930,29,29,3,5,3,5377,1,,,,,,0,,0,,5,3,4,1,2151,1,4,3,3,1,1882,1,3,2,3,0,1344,0,ST-GER1,Normalstation Geriatrie,40,Geriatrie,10.0,20.0,06:00,14:00,450,,13:30,21:30,450,F,21:15,06:15,495,F|S,11,10,8,10,30,45,8,38.5,30,0.15,0,2.0.0,20261164
PK-021,2026-12-20,plan,20,Sonntag,7,51,1,0,,Pflegefachkraft,Pflegefachkraft,EXAM,0.8,30.8,7392,7392,6653,8131,5,2,2,8,1,1,Pflegefachkraft,0,0.0,-1722,29,29,3,5,3,5377,1,,,,,,0,,0,,5,3,4,1,2151,1,4,3,3,1,1882,1,3,2,3,0,1344,0,ST-GER1,Normalstation Geriatrie,40,Geriatrie,10.0,20.0,06:00,14:00,450,,13:30,21:30,450,F,21:15,06:15,495,F|S,11,10,8,10,30,45,8,38.5,30,0.15,0,2.0.0,20261164
PK-022,2026-12-20,plan,20,Sonntag,7,51,1,0,,Pflegefachkraft,Pflegefachkraft,EXAM|PRAXISANLEITUNG|KARDIO_MONITORING,0.5,19.25,4620,4620,4158,5082,5,2,2,8,1,1,Pflegefachkraft,0,0.0,-930,29,29,3,5,3,5377,0,URLAUB,,,,,0,,0,,5,3,4,1,2151,1,4,3,3,1,1882,1,3,2,3,0,1344,0,ST-GER1,Normalstation Geriatrie,40,Geriatrie,10.0,20.0,06:00,14:00,450,,13:30,21:30,450,F,21:15,06:15,495,F|S,11,10,8,10,30,45,8,38.5,30,0.15,0,2.0.0,20261164
AZ-001,2026-12-21,plan,21,Montag,1,52,0,0,,Auszubildende_r_3_Ausbildungsjahr,Auszubildende,AUSZUBILDEND,1.0,38.5,9240,9240,8316,10164,5,2,2,8,1,0,nicht anrechenbar,0,0.0,-9240,29,28,6,3,1,4924,1,,,,,,0,,0,,4,3,3,1,1970,1,4,3,3,1,1723,1,2,2,2,0,1231,0,ST-GER1,Normalstation Geriatrie,40,Geriatrie,10.0,20.0,06:00,14:00,450,,13:30,21:30,450,F,21:15,06:15,495,F|S,11,10,8,10,30,45,8,38.5,30,0.15,0,2.0.0,20261164
AZ-002,2026-12-21,plan,21,Montag,1,52,0,0,,Auszubildende_r_2_Ausbildungsjahr,Auszubildende,AUSZUBILDEND,1.0,38.5,9240,9240,8316,10164,5,2,2,8,1,0,nicht anrechenbar,0,0.0,-9240,29,28,6,3,1,4924,1,,,,,,0,,0,,4,3,3,1,1970,1,4,3,3,1,1723,1,2,2,2,0,1231,0,ST-GER1,Normalstation Geriatrie,40,Geriatrie,10.0,20.0,06:00,14:00,450,,13:30,21:30,450,F,21:15,06:15,495,F|S,11,10,8,10,30,45,8,38.5,30,0.15,0,2.0.0,20261164
AZ-003,2026-12-21,plan,21,Montag,1,52,0,0,,Auszubildende_r_1_Ausbildungsjahr,Auszubildende,AUSZUBILDEND,1.0,38.5,9240,9240,8316,10164,5,2,2,0,0,0,nicht anrechenbar,0,0.0,-9240,29,28,6,3,1,4924,1,,,,,,0,,0,,4,3,3,1,1970,1,4,3,3,1,1723,1,2,2,2,0,1231,0,ST-GER1,Normalstation Geriatrie,40,Geriatrie,10.0,20.0,06:00,14:00,450,,13:30,21:30,450,F,21:15,06:15,495,F|S,11,10,8,10,30,45,8,38.5,30,0.15,0,2.0.0,20261164
PH-001,2026-12-21,plan,21,Montag,1,52,0,0,,Pflegehilfskraft,Pflegehilfskraft,PFLEGEHILFE,0.75,28.88,6931,6931,6238,7624,5,2,2,0,0,1,Pflegehilfskraft,0,0.0,-1530,29,28,6,3,1,4924,1,,,,,,0,,0,,4,3,3,1,1970,1,4,3,3,1,1723,1,2,2,2,0,1231,0,ST-GER1,Normalstation Geriatrie,40,Geriatrie,10.0,20.0,06:00,14:00,450,,13:30,21:30,450,F,21:15,06:15,495,F|S,11,10,8,10,30,45,8,38.5,30,0.15,0,2.0.0,20261164
PH-002,2026-12-21,plan,21,Montag,1,52,0,0,,Pflegehilfskraft,Pflegehilfskraft,PFLEGEHILFE,0.75,28.88,6931,6931,6238,7624,5,2,2,0,0,1,Pflegehilfskraft,0,0.0,-1530,29,28,6,3,1,4924,0,URLAUB,,,,,0,,0,,4,3,3,1,1970,1,4,3,3,1,1723,1,2,2,2,0,1231,0,ST-GER1,Normalstation Geriatrie,40,Geriatrie,10.0,20.0,06:00,14:00,450,,13:30,21:30,450,F,21:15,06:15,495,F|S,11,10,8,10,30,45,8,38.5,30,0.15,0,2.0.0,20261164
PH-003,2026-12-21,plan,21,Montag,1,52,0,0,,Pflegehilfskraft,Pflegehilfskraft,PFLEGEHILFE,0.5,19.25,4620,4620,4158,5082,5,2,2,0,0,1,Pflegehilfskraft,0,0.0,-1020,29,28,6,3,1,4924,1,,,,,,0,,0,,4,3,3,1,1970,1,4,3,3,1,1723,1,2,2,2,0,1231,0,ST-GER1,Normalstation Geriatrie,40,Geriatrie,10.0,20.0,06:00,14:00,450,,13:30,21:30,450,F,21:15,06:15,495,F|S,11,10,8,10,30,45,8,38.5,30,0.15,0,2.0.0,20261164
PK-001,2026-12-21,plan,21,Montag,1,52,0,0,,Stationsleitung,Pflegefachkraft,EXAM|LEITUNG|PRAXISANLEITUNG,1.0,38.5,9240,4620,4158,5082,5,2,2,0,0,1,Pflegefachkraft,1,0.5,4464,29,28,6,3,1,4924,1,,,,,,0,,0,,4,3,3,1,1970,1,4,3,3,1,1723,1,2,2,2,0,1231,0,ST-GER1,Normalstation Geriatrie,40,Geriatrie,10.0,20.0,06:00,14:00,450,,13:30,21:30,450,F,21:15,06:15,495,F|S,11,10,8,10,30,45,8,38.5,30,0.15,0,2.0.0,20261164
PK-002,2026-12-21,plan,21,Montag,1,52,0,0,,Pflegefachkraft,Pflegefachkraft,EXAM|KARDIO_MONITORING,1.0,38.5,9240,9240,8316,10164,5,2,2,8,1,1,Pflegefachkraft,0,0.0,-2310,29,28,6,3,1,4924,1,,,,,,0,,0,,4,3,3,1,1970,1,4,3,3,1,1723,1,2,2,2,0,1231,0,ST-GER1,Normalstation Geriatrie,40,Geriatrie,10.0,20.0,06:00,14:00,450,,13:30,21:30,450,F,21:15,06:15,495,F|S,11,10,8,10,30,45,8,38.5,30,0.15,0,2.0.0,20261164
PK-003,2026-12-21,plan,21,Montag,1,52,0,0,,Pflegefachkraft,Pflegefachkraft,EXAM|PRAXISANLEITUNG|KARDIO_MONITORING,1.0,38.5,9240,9240,8316,10164,5,2,2,8,1,1,Pflegefachkraft,0,0.0,-2265,29,28,6,3,1,4924,1,,,,,,0,,0,,4,3,3,1,1970,1,4,3,3,1,1723,1,2,2,2,0,1231,0,ST-GER1,Normalstation Geriatrie,40,Geriatrie,10.0,20.0,06:00,14:00,450,,13:30,21:30,450,F,21:15,06:15,495,F|S,11,10,8,10,30,45,8,38.5,30,0.15,0,2.0.0,20261164
PK-004,2026-12-21,plan,21,Montag,1,52,0,0,,Pflegefachkraft,Pflegefachkraft,EXAM,0.7,26.95,6468,6468,5821,7115,5,2,2,8,1,1,Pflegefachkraft,0,0.0,-1518,29,28,6,3,1,4924,1,,,,,,0,,0,,4,3,3,1,1970,1,4,3,3,1,1723,1,2,2,2,0,1231,0,ST-GER1,Normalstation Geriatrie,40,Geriatrie,10.0,20.0,06:00,14:00,450,,13:30,21:30,450,F,21:15,06:15,495,F|S,11,10,8,10,30,45,8,38.5,30,0.15,0,2.0.0,20261164
PK-005,2026-12-21,plan,21,Montag,1,52,0,0,,Pflegefachkraft,Pflegefachkraft,EXAM|PRAXISANLEITUNG,1.0,38.5,9240,9240,8316,10164,5,2,2,8,1,1,Pflegefachkraft,0,0.0,-2400,29,28,6,3,1,4924,1,,,,,,0,,0,,4,3,3,1,1970,1,4,3,3,1,1723,1,2,2,2,0,1231,0,ST-GER1,Normalstation Geriatrie,40,Geriatrie,10.0,20.0,06:00,14:00,450,,13:30,21:30,450,F,21:15,06:15,495,F|S,11,10,8,10,30,45,8,38.5,30,0.15,0,2.0.0,20261164
PK-006,2026-12-21,plan,21,Montag,1,52,0,0,,Pflegefachkraft,Pflegefachkraft,EXAM|KARDIO_MONITORING,0.6,23.1,5544,5544,4990,6098,5,2,2,8,1,1,Pflegefachkraft,0,0.0,536,29,28,6,3,1,4924,1,,,,,,0,,0,,4,3,3,1,1970,1,4,3,3,1,1723,1,2,2,2,0,1231,0,ST-GER1,Normalstation Geriatrie,40,Geriatrie,10.0,20.0,06:00,14:00,450,,13:30,21:30,450,F,21:15,06:15,495,F|S,11,10,8,10,30,45,8,38.5,30,0.15,0,2.0.0,20261164
PK-007,2026-12-21,plan,21,Montag,1,52,0,0,,Pflegefachkraft,Pflegefachkraft,EXAM|PRAXISANLEITUNG|KARDIO_MONITORING,0.75,28.88,6931,6931,6238,7624,5,2,2,8,1,1,Pflegefachkraft,0,0.0,716,29,28,6,3,1,4924,1,,,,,,0,,0,,4,3,3,1,1970,1,4,3,3,1,1723,1,2,2,2,0,1231,0,ST-GER1,Normalstation Geriatrie,40,Geriatrie,10.0,20.0,06:00,14:00,450,,13:30,21:30,450,F,21:15,06:15,495,F|S,11,10,8,10,30,45,8,38.5,30,0.15,0,2.0.0,20261164
PK-008,2026-12-21,plan,21,Montag,1,52,0,0,,Pflegefachkraft,Pflegefachkraft,EXAM,1.0,38.5,9240,9240,8316,10164,5,2,2,8,1,1,Pflegefachkraft,0,0.0,-2580,29,28,6,3,1,4924,1,,,,,,0,,0,,4,3,3,1,1970,1,4,3,3,1,1723,1,2,2,2,0,1231,0,ST-GER1,Normalstation Geriatrie,40,Geriatrie,10.0,20.0,06:00,14:00,450,,13:30,21:30,450,F,21:15,06:15,495,F|S,11,10,8,10,30,45,8,38.5,30,0.15,0,2.0.0,20261164
PK-009,2026-12-21,plan,21,Montag,1,52,0,0,,Pflegefachkraft,Pflegefachkraft,EXAM,1.0,38.5,9240,9240,8316,10164,5,2,2,8,1,1,Pflegefachkraft,0,0.0,-2130,29,28,6,3,1,4924,1,,,,,,0,,0,,4,3,3,1,1970,1,4,3,3,1,1723,1,2,2,2,0,1231,0,ST-GER1,Normalstation Geriatrie,40,Geriatrie,10.0,20.0,06:00,14:00,450,,13:30,21:30,450,F,21:15,06:15,495,F|S,11,10,8,10,30,45,8,38.5,30,0.15,0,2.0.0,20261164
PK-010,2026-12-21,plan,21,Montag,1,52,0,0,,Pflegefachkraft,Pflegefachkraft,EXAM,0.6,23.1,5544,5544,4990,6098,5,2,2,8,1,1,Pflegefachkraft,0,0.0,-1404,29,28,6,3,1,4924,0,URLAUB,,,,,0,,0,,4,3,3,1,1970,1,4,3,3,1,1723,1,2,2,2,0,1231,0,ST-GER1,Normalstation Geriatrie,40,Geriatrie,10.0,20.0,06:00,14:00,450,,13:30,21:30,450,F,21:15,06:15,495,F|S,11,10,8,10,30,45,8,38.5,30,0.15,0,2.0.0,20261164
PK-011,2026-12-21,plan,21,Montag,1,52,0,0,,Pflegefachkraft,Pflegefachkraft,EXAM,1.0,38.5,9240,9240,8316,10164,5,2,2,8,1,1,Pflegefachkraft,0,0.0,-2130,29,28,6,3,1,4924,1,,1,,,,0,,0,,4,3,3,1,1970,1,4,3,3,1,1723,1,2,2,2,0,1231,0,ST-GER1,Normalstation Geriatrie,40,Geriatrie,10.0,20.0,06:00,14:00,450,,13:30,21:30,450,F,21:15,06:15,495,F|S,11,10,8,10,30,45,8,38.5,30,0.15,0,2.0.0,20261164
PK-012,2026-12-21,plan,21,Montag,1,52,0,0,,Pflegefachkraft,Pflegefachkraft,EXAM|KARDIO_MONITORING,1.0,38.5,9240,9240,8316,10164,5,2,2,8,1,1,Pflegefachkraft,0,0.0,-2265,29,28,6,3,1,4924,1,,,,,,0,,0,,4,3,3,1,1970,1,4,3,3,1,1723,1,2,2,2,0,1231,0,ST-GER1,Normalstation Geriatrie,40,Geriatrie,10.0,20.0,06:00,14:00,450,,13:30,21:30,450,F,21:15,06:15,495,F|S,11,10,8,10,30,45,8,38.5,30,0.15,0,2.0.0,20261164
PK-013,2026-12-21,plan,21,Montag,1,52,0,0,,Pflegefachkraft,Pflegefachkraft,EXAM,1.0,38.5,9240,9240,8316,10164,5,2,2,8,1,1,Pflegefachkraft,0,0.0,-2310,29,28,6,3,1,4924,1,,,,,,0,,0,,4,3,3,1,1970,1,4,3,3,1,1723,1,2,2,2,0,1231,0,ST-GER1,Normalstation Geriatrie,40,Geriatrie,10.0,20.0,06:00,14:00,450,,13:30,21:30,450,F,21:15,06:15,495,F|S,11,10,8,10,30,45,8,38.5,30,0.15,0,2.0.0,20261164
PK-014,2026-12-21,plan,21,Montag,1,52,0,0,,Pflegefachkraft,Pflegefachkraft,EXAM,0.8,30.8,7392,7392,6653,8131,5,2,2,8,1,1,Pflegefachkraft,0,0.0,-1542,29,28,6,3,1,4924,1,,,,,,0,,0,,4,3,3,1,1970,1,4,3,3,1,1723,1,2,2,2,0,1231,0,ST-GER1,Normalstation Geriatrie,40,Geriatrie,10.0,20.0,06:00,14:00,450,,13:30,21:30,450,F,21:15,06:15,495,F|S,11,10,8,10,30,45,8,38.5,30,0.15,0,2.0.0,20261164
PK-015,2026-12-21,plan,21,Montag,1,52,0,0,,Pflegefachkraft,Pflegefachkraft,EXAM,0.6,23.1,5544,5544,4990,6098,5,2,2,8,1,1,Pflegefachkraft,0,0.0,-1404,29,28,6,3,1,4924,1,,,,,,0,,0,,4,3,3,1,1970,1,4,3,3,1,1723,1,2,2,2,0,1231,0,ST-GER1,Normalstation Geriatrie,40,Geriatrie,10.0,20.0,06:00,14:00,450,,13:30,21:30,450,F,21:15,06:15,495,F|S,11,10,8,10,30,45,8,38.5,30,0.15,0,2.0.0,20261164
PK-016,2026-12-21,plan,21,Montag,1,52,0,0,,Pflegefachkraft,Pflegefachkraft,EXAM,0.75,28.88,6931,6931,6238,7624,5,2,2,8,1,1,Pflegefachkraft,0,0.0,-1485,29,28,6,3,1,4924,0,URLAUB,,,,,0,,0,,4,3,3,1,1970,1,4,3,3,1,1723,1,2,2,2,0,1231,0,ST-GER1,Normalstation Geriatrie,40,Geriatrie,10.0,20.0,06:00,14:00,450,,13:30,21:30,450,F,21:15,06:15,495,F|S,11,10,8,10,30,45,8,38.5,30,0.15,0,2.0.0,20261164
PK-017,2026-12-21,plan,21,Montag,1,52,0,0,,Pflegefachkraft,Pflegefachkraft,EXAM,0.7,26.95,6468,6468,5821,7115,5,2,2,8,1,1,Pflegefachkraft,0,0.0,-1473,29,28,6,3,1,4924,1,,1,,,,0,,0,,4,3,3,1,1970,1,4,3,3,1,1723,1,2,2,2,0,1231,0,ST-GER1,Normalstation Geriatrie,40,Geriatrie,10.0,20.0,06:00,14:00,450,,13:30,21:30,450,F,21:15,06:15,495,F|S,11,10,8,10,30,45,8,38.5,30,0.15,0,2.0.0,20261164
PK-018,2026-12-21,plan,21,Montag,1,52,0,0,,Pflegefachkraft,Pflegefachkraft,EXAM|PRAXISANLEITUNG|KARDIO_MONITORING,0.9,34.65,8316,8316,7484,9148,5,2,2,8,1,1,Pflegefachkraft,0,0.0,-1971,29,28,6,3,1,4924,1,,,,,,0,,0,,4,3,3,1,1970,1,4,3,3,1,1723,1,2,2,2,0,1231,0,ST-GER1,Normalstation Geriatrie,40,Geriatrie,10.0,20.0,06:00,14:00,450,,13:30,21:30,450,F,21:15,06:15,495,F|S,11,10,8,10,30,45,8,38.5,30,0.15,0,2.0.0,20261164
PK-019,2026-12-21,plan,21,Montag,1,52,0,0,,Pflegefachkraft,Pflegefachkraft,EXAM,0.8,30.8,7392,7392,6653,8131,5,2,2,8,1,1,Pflegefachkraft,0,0.0,-1902,29,28,6,3,1,4924,1,,,,,,0,,0,,4,3,3,1,1970,1,4,3,3,1,1723,1,2,2,2,0,1231,0,ST-GER1,Normalstation Geriatrie,40,Geriatrie,10.0,20.0,06:00,14:00,450,,13:30,21:30,450,F,21:15,06:15,495,F|S,11,10,8,10,30,45,8,38.5,30,0.15,0,2.0.0,20261164
PK-020,2026-12-21,plan,21,Montag,1,52,0,0,,Pflegefachkraft,Pflegefachkraft,EXAM|KARDIO_MONITORING,0.5,19.25,4620,4620,4158,5082,5,2,2,8,1,1,Pflegefachkraft,0,0.0,-930,29,28,6,3,1,4924,1,,,,,,0,,0,,4,3,3,1,1970,1,4,3,3,1,1723,1,2,2,2,0,1231,0,ST-GER1,Normalstation Geriatrie,40,Geriatrie,10.0,20.0,06:00,14:00,450,,13:30,21:30,450,F,21:15,06:15,495,F|S,11,10,8,10,30,45,8,38.5,30,0.15,0,2.0.0,20261164
PK-021,2026-12-21,plan,21,Montag,1,52,0,0,,Pflegefachkraft,Pflegefachkraft,EXAM,0.8,30.8,7392,7392,6653,8131,5,2,2,8,1,1,Pflegefachkraft,0,0.0,-1722,29,28,6,3,1,4924,1,,,,,,0,,0,,4,3,3,1,1970,1,4,3,3,1,1723,1,2,2,2,0,1231,0,ST-GER1,Normalstation Geriatrie,40,Geriatrie,10.0,20.0,06:00,14:00,450,,13:30,21:30,450,F,21:15,06:15,495,F|S,11,10,8,10,30,45,8,38.5,30,0.15,0,2.0.0,20261164
PK-022,2026-12-21,plan,21,Montag,1,52,0,0,,Pflegefachkraft,Pflegefachkraft,EXAM|PRAXISANLEITUNG|KARDIO_MONITORING,0.5,19.25,4620,4620,4158,5082,5,2,2,8,1,1,Pflegefachkraft,0,0.0,-930,29,28,6,3,1,4924,0,URLAUB,,,,,0,,0,,4,3,3,1,1970,1,4,3,3,1,1723,1,2,2,2,0,1231,0,ST-GER1,Normalstation Geriatrie,40,Geriatrie,10.0,20.0,06:00,14:00,450,,13:30,21:30,450,F,21:15,06:15,495,F|S,11,10,8,10,30,45,8,38.5,30,0.15,0,2.0.0,20261164
AZ-001,2026-12-22,plan,22,Dienstag,2,52,0,0,,Auszubildende_r_3_Ausbildungsjahr,Auszubildende,AUSZUBILDEND,1.0,38.5,9240,9240,8316,10164,5,2,2,8,1,0,nicht anrechenbar,0,0.0,-9240,30,30,4,8,1,4782,0,URLAUB,,,,,0,,0,,4,3,3,1,1913,1,4,3,3,1,1674,1,2,2,2,0,1196,0,ST-GER1,Normalstation Geriatrie,40,Geriatrie,10.0,20.0,06:00,14:00,450,,13:30,21:30,450,F,21:15,06:15,495,F|S,11,10,8,10,30,45,8,38.5,30,0.15,0,2.0.0,20261164
AZ-002,2026-12-22,plan,22,Dienstag,2,52,0,0,,Auszubildende_r_2_Ausbildungsjahr,Auszubildende,AUSZUBILDEND,1.0,38.5,9240,9240,8316,10164,5,2,2,8,1,0,nicht anrechenbar,0,0.0,-9240,30,30,4,8,1,4782,1,,,,,,0,,0,,4,3,3,1,1913,1,4,3,3,1,1674,1,2,2,2,0,1196,0,ST-GER1,Normalstation Geriatrie,40,Geriatrie,10.0,20.0,06:00,14:00,450,,13:30,21:30,450,F,21:15,06:15,495,F|S,11,10,8,10,30,45,8,38.5,30,0.15,0,2.0.0,20261164
AZ-003,2026-12-22,plan,22,Dienstag,2,52,0,0,,Auszubildende_r_1_Ausbildungsjahr,Auszubildende,AUSZUBILDEND,1.0,38.5,9240,9240,8316,10164,5,2,2,0,0,0,nicht anrechenbar,0,0.0,-9240,30,30,4,8,1,4782,1,,,,,,0,,0,,4,3,3,1,1913,1,4,3,3,1,1674,1,2,2,2,0,1196,0,ST-GER1,Normalstation Geriatrie,40,Geriatrie,10.0,20.0,06:00,14:00,450,,13:30,21:30,450,F,21:15,06:15,495,F|S,11,10,8,10,30,45,8,38.5,30,0.15,0,2.0.0,20261164
PH-001,2026-12-22,plan,22,Dienstag,2,52,0,0,,Pflegehilfskraft,Pflegehilfskraft,PFLEGEHILFE,0.75,28.88,6931,6931,6238,7624,5,2,2,0,0,1,Pflegehilfskraft,0,0.0,-1530,30,30,4,8,1,4782,0,FORTBILDUNG,,,,,0,,0,,4,3,3,1,1913,1,4,3,3,1,1674,1,2,2,2,0,1196,0,ST-GER1,Normalstation Geriatrie,40,Geriatrie,10.0,20.0,06:00,14:00,450,,13:30,21:30,450,F,21:15,06:15,495,F|S,11,10,8,10,30,45,8,38.5,30,0.15,0,2.0.0,20261164
PH-002,2026-12-22,plan,22,Dienstag,2,52,0,0,,Pflegehilfskraft,Pflegehilfskraft,PFLEGEHILFE,0.75,28.88,6931,6931,6238,7624,5,2,2,0,0,1,Pflegehilfskraft,0,0.0,-1530,30,30,4,8,1,4782,1,,,,,,0,,0,,4,3,3,1,1913,1,4,3,3,1,1674,1,2,2,2,0,1196,0,ST-GER1,Normalstation Geriatrie,40,Geriatrie,10.0,20.0,06:00,14:00,450,,13:30,21:30,450,F,21:15,06:15,495,F|S,11,10,8,10,30,45,8,38.5,30,0.15,0,2.0.0,20261164
PH-003,2026-12-22,plan,22,Dienstag,2,52,0,0,,Pflegehilfskraft,Pflegehilfskraft,PFLEGEHILFE,0.5,19.25,4620,4620,4158,5082,5,2,2,0,0,1,Pflegehilfskraft,0,0.0,-1020,30,30,4,8,1,4782,1,,,F,2,,0,,0,,4,3,3,1,1913,1,4,3,3,1,1674,1,2,2,2,0,1196,0,ST-GER1,Normalstation Geriatrie,40,Geriatrie,10.0,20.0,06:00,14:00,450,,13:30,21:30,450,F,21:15,06:15,495,F|S,11,10,8,10,30,45,8,38.5,30,0.15,0,2.0.0,20261164
PK-001,2026-12-22,plan,22,Dienstag,2,52,0,0,,Stationsleitung,Pflegefachkraft,EXAM|LEITUNG|PRAXISANLEITUNG,1.0,38.5,9240,4620,4158,5082,5,2,2,0,0,1,Pflegefachkraft,1,0.5,4464,30,30,4,8,1,4782,1,,,,,,0,,0,,4,3,3,1,1913,1,4,3,3,1,1674,1,2,2,2,0,1196,0,ST-GER1,Normalstation Geriatrie,40,Geriatrie,10.0,20.0,06:00,14:00,450,,13:30,21:30,450,F,21:15,06:15,495,F|S,11,10,8,10,30,45,8,38.5,30,0.15,0,2.0.0,20261164
PK-002,2026-12-22,plan,22,Dienstag,2,52,0,0,,Pflegefachkraft,Pflegefachkraft,EXAM|KARDIO_MONITORING,1.0,38.5,9240,9240,8316,10164,5,2,2,8,1,1,Pflegefachkraft,0,0.0,-2310,30,30,4,8,1,4782,1,,,F,1,,0,,0,,4,3,3,1,1913,1,4,3,3,1,1674,1,2,2,2,0,1196,0,ST-GER1,Normalstation Geriatrie,40,Geriatrie,10.0,20.0,06:00,14:00,450,,13:30,21:30,450,F,21:15,06:15,495,F|S,11,10,8,10,30,45,8,38.5,30,0.15,0,2.0.0,20261164
PK-003,2026-12-22,plan,22,Dienstag,2,52,0,0,,Pflegefachkraft,Pflegefachkraft,EXAM|PRAXISANLEITUNG|KARDIO_MONITORING,1.0,38.5,9240,9240,8316,10164,5,2,2,8,1,1,Pflegefachkraft,0,0.0,-2265,30,30,4,8,1,4782,1,,,,,,0,,0,,4,3,3,1,1913,1,4,3,3,1,1674,1,2,2,2,0,1196,0,ST-GER1,Normalstation Geriatrie,40,Geriatrie,10.0,20.0,06:00,14:00,450,,13:30,21:30,450,F,21:15,06:15,495,F|S,11,10,8,10,30,45,8,38.5,30,0.15,0,2.0.0,20261164
PK-004,2026-12-22,plan,22,Dienstag,2,52,0,0,,Pflegefachkraft,Pflegefachkraft,EXAM,0.7,26.95,6468,6468,5821,7115,5,2,2,8,1,1,Pflegefachkraft,0,0.0,-1518,30,30,4,8,1,4782,1,,,,,,0,,0,,4,3,3,1,1913,1,4,3,3,1,1674,1,2,2,2,0,1196,0,ST-GER1,Normalstation Geriatrie,40,Geriatrie,10.0,20.0,06:00,14:00,450,,13:30,21:30,450,F,21:15,06:15,495,F|S,11,10,8,10,30,45,8,38.5,30,0.15,0,2.0.0,20261164
PK-005,2026-12-22,plan,22,Dienstag,2,52,0,0,,Pflegefachkraft,Pflegefachkraft,EXAM|PRAXISANLEITUNG,1.0,38.5,9240,9240,8316,10164,5,2,2,8,1,1,Pflegefachkraft,0,0.0,-2400,30,30,4,8,1,4782,1,,,,,,0,,0,,4,3,3,1,1913,1,4,3,3,1,1674,1,2,2,2,0,1196,0,ST-GER1,Normalstation Geriatrie,40,Geriatrie,10.0,20.0,06:00,14:00,450,,13:30,21:30,450,F,21:15,06:15,495,F|S,11,10,8,10,30,45,8,38.5,30,0.15,0,2.0.0,20261164
PK-006,2026-12-22,plan,22,Dienstag,2,52,0,0,,Pflegefachkraft,Pflegefachkraft,EXAM|KARDIO_MONITORING,0.6,23.1,5544,5544,4990,6098,5,2,2,8,1,1,Pflegefachkraft,0,0.0,536,30,30,4,8,1,4782,1,,,,,,0,,0,,4,3,3,1,1913,1,4,3,3,1,1674,1,2,2,2,0,1196,0,ST-GER1,Normalstation Geriatrie,40,Geriatrie,10.0,20.0,06:00,14:00,450,,13:30,21:30,450,F,21:15,06:15,495,F|S,11,10,8,10,30,45,8,38.5,30,0.15,0,2.0.0,20261164
PK-007,2026-12-22,plan,22,Dienstag,2,52,0,0,,Pflegefachkraft,Pflegefachkraft,EXAM|PRAXISANLEITUNG|KARDIO_MONITORING,0.75,28.88,6931,6931,6238,7624,5,2,2,8,1,1,Pflegefachkraft,0,0.0,716,30,30,4,8,1,4782,1,,,,,,0,,0,,4,3,3,1,1913,1,4,3,3,1,1674,1,2,2,2,0,1196,0,ST-GER1,Normalstation Geriatrie,40,Geriatrie,10.0,20.0,06:00,14:00,450,,13:30,21:30,450,F,21:15,06:15,495,F|S,11,10,8,10,30,45,8,38.5,30,0.15,0,2.0.0,20261164
PK-008,2026-12-22,plan,22,Dienstag,2,52,0,0,,Pflegefachkraft,Pflegefachkraft,EXAM,1.0,38.5,9240,9240,8316,10164,5,2,2,8,1,1,Pflegefachkraft,0,0.0,-2580,30,30,4,8,1,4782,1,,,,,,0,,0,,4,3,3,1,1913,1,4,3,3,1,1674,1,2,2,2,0,1196,0,ST-GER1,Normalstation Geriatrie,40,Geriatrie,10.0,20.0,06:00,14:00,450,,13:30,21:30,450,F,21:15,06:15,495,F|S,11,10,8,10,30,45,8,38.5,30,0.15,0,2.0.0,20261164
PK-009,2026-12-22,plan,22,Dienstag,2,52,0,0,,Pflegefachkraft,Pflegefachkraft,EXAM,1.0,38.5,9240,9240,8316,10164,5,2,2,8,1,1,Pflegefachkraft,0,0.0,-2130,30,30,4,8,1,4782,1,,,,,,0,,0,,4,3,3,1,1913,1,4,3,3,1,1674,1,2,2,2,0,1196,0,ST-GER1,Normalstation Geriatrie,40,Geriatrie,10.0,20.0,06:00,14:00,450,,13:30,21:30,450,F,21:15,06:15,495,F|S,11,10,8,10,30,45,8,38.5,30,0.15,0,2.0.0,20261164
PK-010,2026-12-22,plan,22,Dienstag,2,52,0,0,,Pflegefachkraft,Pflegefachkraft,EXAM,0.6,23.1,5544,5544,4990,6098,5,2,2,8,1,1,Pflegefachkraft,0,0.0,-1404,30,30,4,8,1,4782,0,URLAUB,,,,,0,,0,,4,3,3,1,1913,1,4,3,3,1,1674,1,2,2,2,0,1196,0,ST-GER1,Normalstation Geriatrie,40,Geriatrie,10.0,20.0,06:00,14:00,450,,13:30,21:30,450,F,21:15,06:15,495,F|S,11,10,8,10,30,45,8,38.5,30,0.15,0,2.0.0,20261164
PK-011,2026-12-22,plan,22,Dienstag,2,52,0,0,,Pflegefachkraft,Pflegefachkraft,EXAM,1.0,38.5,9240,9240,8316,10164,5,2,2,8,1,1,Pflegefachkraft,0,0.0,-2130,30,30,4,8,1,4782,1,,,,,,0,,0,,4,3,3,1,1913,1,4,3,3,1,1674,1,2,2,2,0,1196,0,ST-GER1,Normalstation Geriatrie,40,Geriatrie,10.0,20.0,06:00,14:00,450,,13:30,21:30,450,F,21:15,06:15,495,F|S,11,10,8,10,30,45,8,38.5,30,0.15,0,2.0.0,20261164
PK-012,2026-12-22,plan,22,Dienstag,2,52,0,0,,Pflegefachkraft,Pflegefachkraft,EXAM|KARDIO_MONITORING,1.0,38.5,9240,9240,8316,10164,5,2,2,8,1,1,Pflegefachkraft,0,0.0,-2265,30,30,4,8,1,4782,1,,,,,,0,,0,,4,3,3,1,1913,1,4,3,3,1,1674,1,2,2,2,0,1196,0,ST-GER1,Normalstation Geriatrie,40,Geriatrie,10.0,20.0,06:00,14:00,450,,13:30,21:30,450,F,21:15,06:15,495,F|S,11,10,8,10,30,45,8,38.5,30,0.15,0,2.0.0,20261164
PK-013,2026-12-22,plan,22,Dienstag,2,52,0,0,,Pflegefachkraft,Pflegefachkraft,EXAM,1.0,38.5,9240,9240,8316,10164,5,2,2,8,1,1,Pflegefachkraft,0,0.0,-2310,30,30,4,8,1,4782,1,,,,,,0,,0,,4,3,3,1,1913,1,4,3,3,1,1674,1,2,2,2,0,1196,0,ST-GER1,Normalstation Geriatrie,40,Geriatrie,10.0,20.0,06:00,14:00,450,,13:30,21:30,450,F,21:15,06:15,495,F|S,11,10,8,10,30,45,8,38.5,30,0.15,0,2.0.0,20261164
PK-014,2026-12-22,plan,22,Dienstag,2,52,0,0,,Pflegefachkraft,Pflegefachkraft,EXAM,0.8,30.8,7392,7392,6653,8131,5,2,2,8,1,1,Pflegefachkraft,0,0.0,-1542,30,30,4,8,1,4782,1,,,,,,0,,0,,4,3,3,1,1913,1,4,3,3,1,1674,1,2,2,2,0,1196,0,ST-GER1,Normalstation Geriatrie,40,Geriatrie,10.0,20.0,06:00,14:00,450,,13:30,21:30,450,F,21:15,06:15,495,F|S,11,10,8,10,30,45,8,38.5,30,0.15,0,2.0.0,20261164
PK-015,2026-12-22,plan,22,Dienstag,2,52,0,0,,Pflegefachkraft,Pflegefachkraft,EXAM,0.6,23.1,5544,5544,4990,6098,5,2,2,8,1,1,Pflegefachkraft,0,0.0,-1404,30,30,4,8,1,4782,1,,,,,,0,,0,,4,3,3,1,1913,1,4,3,3,1,1674,1,2,2,2,0,1196,0,ST-GER1,Normalstation Geriatrie,40,Geriatrie,10.0,20.0,06:00,14:00,450,,13:30,21:30,450,F,21:15,06:15,495,F|S,11,10,8,10,30,45,8,38.5,30,0.15,0,2.0.0,20261164
PK-016,2026-12-22,plan,22,Dienstag,2,52,0,0,,Pflegefachkraft,Pflegefachkraft,EXAM,0.75,28.88,6931,6931,6238,7624,5,2,2,8,1,1,Pflegefachkraft,0,0.0,-1485,30,30,4,8,1,4782,0,URLAUB,,,,,0,,0,,4,3,3,1,1913,1,4,3,3,1,1674,1,2,2,2,0,1196,0,ST-GER1,Normalstation Geriatrie,40,Geriatrie,10.0,20.0,06:00,14:00,450,,13:30,21:30,450,F,21:15,06:15,495,F|S,11,10,8,10,30,45,8,38.5,30,0.15,0,2.0.0,20261164
PK-017,2026-12-22,plan,22,Dienstag,2,52,0,0,,Pflegefachkraft,Pflegefachkraft,EXAM,0.7,26.95,6468,6468,5821,7115,5,2,2,8,1,1,Pflegefachkraft,0,0.0,-1473,30,30,4,8,1,4782,1,,,,,,0,,0,,4,3,3,1,1913,1,4,3,3,1,1674,1,2,2,2,0,1196,0,ST-GER1,Normalstation Geriatrie,40,Geriatrie,10.0,20.0,06:00,14:00,450,,13:30,21:30,450,F,21:15,06:15,495,F|S,11,10,8,10,30,45,8,38.5,30,0.15,0,2.0.0,20261164
PK-018,2026-12-22,plan,22,Dienstag,2,52,0,0,,Pflegefachkraft,Pflegefachkraft,EXAM|PRAXISANLEITUNG|KARDIO_MONITORING,0.9,34.65,8316,8316,7484,9148,5,2,2,8,1,1,Pflegefachkraft,0,0.0,-1971,30,30,4,8,1,4782,1,,,,,,0,,0,,4,3,3,1,1913,1,4,3,3,1,1674,1,2,2,2,0,1196,0,ST-GER1,Normalstation Geriatrie,40,Geriatrie,10.0,20.0,06:00,14:00,450,,13:30,21:30,450,F,21:15,06:15,495,F|S,11,10,8,10,30,45,8,38.5,30,0.15,0,2.0.0,20261164
PK-019,2026-12-22,plan,22,Dienstag,2,52,0,0,,Pflegefachkraft,Pflegefachkraft,EXAM,0.8,30.8,7392,7392,6653,8131,5,2,2,8,1,1,Pflegefachkraft,0,0.0,-1902,30,30,4,8,1,4782,1,,,,,,0,,0,,4,3,3,1,1913,1,4,3,3,1,1674,1,2,2,2,0,1196,0,ST-GER1,Normalstation Geriatrie,40,Geriatrie,10.0,20.0,06:00,14:00,450,,13:30,21:30,450,F,21:15,06:15,495,F|S,11,10,8,10,30,45,8,38.5,30,0.15,0,2.0.0,20261164
PK-020,2026-12-22,plan,22,Dienstag,2,52,0,0,,Pflegefachkraft,Pflegefachkraft,EXAM|KARDIO_MONITORING,0.5,19.25,4620,4620,4158,5082,5,2,2,8,1,1,Pflegefachkraft,0,0.0,-930,30,30,4,8,1,4782,1,,,,,,0,,0,,4,3,3,1,1913,1,4,3,3,1,1674,1,2,2,2,0,1196,0,ST-GER1,Normalstation Geriatrie,40,Geriatrie,10.0,20.0,06:00,14:00,450,,13:30,21:30,450,F,21:15,06:15,495,F|S,11,10,8,10,30,45,8,38.5,30,0.15,0,2.0.0,20261164
PK-021,2026-12-22,plan,22,Dienstag,2,52,0,0,,Pflegefachkraft,Pflegefachkraft,EXAM,0.8,30.8,7392,7392,6653,8131,5,2,2,8,1,1,Pflegefachkraft,0,0.0,-1722,30,30,4,8,1,4782,1,,,,,,0,,1,12,4,3,3,1,1913,1,4,3,3,1,1674,1,2,2,2,0,1196,0,ST-GER1,Normalstation Geriatrie,40,Geriatrie,10.0,20.0,06:00,14:00,450,,13:30,21:30,450,F,21:15,06:15,495,F|S,11,10,8,10,30,45,8,38.5,30,0.15,0,2.0.0,20261164
PK-022,2026-12-22,plan,22,Dienstag,2,52,0,0,,Pflegefachkraft,Pflegefachkraft,EXAM|PRAXISANLEITUNG|KARDIO_MONITORING,0.5,19.25,4620,4620,4158,5082,5,2,2,8,1,1,Pflegefachkraft,0,0.0,-930,30,30,4,8,1,4782,0,URLAUB,,,,,0,,0,,4,3,3,1,1913,1,4,3,3,1,1674,1,2,2,2,0,1196,0,ST-GER1,Normalstation Geriatrie,40,Geriatrie,10.0,20.0,06:00,14:00,450,,13:30,21:30,450,F,21:15,06:15,495,F|S,11,10,8,10,30,45,8,38.5,30,0.15,0,2.0.0,20261164
AZ-001,2026-12-23,plan,23,Mittwoch,3,52,0,0,,Auszubildende_r_3_Ausbildungsjahr,Auszubildende,AUSZUBILDEND,1.0,38.5,9240,9240,8316,10164,5,2,2,8,1,0,nicht anrechenbar,0,0.0,-9240,34,33,6,3,2,6297,0,URLAUB,,,,,0,,0,,6,4,5,1,2519,1,5,4,4,1,2204,1,3,2,3,0,1574,0,ST-GER1,Normalstation Geriatrie,40,Geriatrie,10.0,20.0,06:00,14:00,450,,13:30,21:30,450,F,21:15,06:15,495,F|S,11,10,8,10,30,45,8,38.5,30,0.15,0,2.0.0,20261164
AZ-002,2026-12-23,plan,23,Mittwoch,3,52,0,0,,Auszubildende_r_2_Ausbildungsjahr,Auszubildende,AUSZUBILDEND,1.0,38.5,9240,9240,8316,10164,5,2,2,8,1,0,nicht anrechenbar,0,0.0,-9240,34,33,6,3,2,6297,1,,,,,,0,,0,,6,4,5,1,2519,1,5,4,4,1,2204,1,3,2,3,0,1574,0,ST-GER1,Normalstation Geriatrie,40,Geriatrie,10.0,20.0,06:00,14:00,450,,13:30,21:30,450,F,21:15,06:15,495,F|S,11,10,8,10,30,45,8,38.5,30,0.15,0,2.0.0,20261164
AZ-003,2026-12-23,plan,23,Mittwoch,3,52,0,0,,Auszubildende_r_1_Ausbildungsjahr,Auszubildende,AUSZUBILDEND,1.0,38.5,9240,9240,8316,10164,5,2,2,0,0,0,nicht anrechenbar,0,0.0,-9240,34,33,6,3,2,6297,1,,,,,,0,,0,,6,4,5,1,2519,1,5,4,4,1,2204,1,3,2,3,0,1574,0,ST-GER1,Normalstation Geriatrie,40,Geriatrie,10.0,20.0,06:00,14:00,450,,13:30,21:30,450,F,21:15,06:15,495,F|S,11,10,8,10,30,45,8,38.5,30,0.15,0,2.0.0,20261164
PH-001,2026-12-23,plan,23,Mittwoch,3,52,0,0,,Pflegehilfskraft,Pflegehilfskraft,PFLEGEHILFE,0.75,28.88,6931,6931,6238,7624,5,2,2,0,0,1,Pflegehilfskraft,0,0.0,-1530,34,33,6,3,2,6297,1,,,,,,0,,0,,6,4,5,1,2519,1,5,4,4,1,2204,1,3,2,3,0,1574,0,ST-GER1,Normalstation Geriatrie,40,Geriatrie,10.0,20.0,06:00,14:00,450,,13:30,21:30,450,F,21:15,06:15,495,F|S,11,10,8,10,30,45,8,38.5,30,0.15,0,2.0.0,20261164
PH-002,2026-12-23,plan,23,Mittwoch,3,52,0,0,,Pflegehilfskraft,Pflegehilfskraft,PFLEGEHILFE,0.75,28.88,6931,6931,6238,7624,5,2,2,0,0,1,Pflegehilfskraft,0,0.0,-1530,34,33,6,3,2,6297,1,,,,,,0,,0,,6,4,5,1,2519,1,5,4,4,1,2204,1,3,2,3,0,1574,0,ST-GER1,Normalstation Geriatrie,40,Geriatrie,10.0,20.0,06:00,14:00,450,,13:30,21:30,450,F,21:15,06:15,495,F|S,11,10,8,10,30,45,8,38.5,30,0.15,0,2.0.0,20261164
PH-003,2026-12-23,plan,23,Mittwoch,3,52,0,0,,Pflegehilfskraft,Pflegehilfskraft,PFLEGEHILFE,0.5,19.25,4620,4620,4158,5082,5,2,2,0,0,1,Pflegehilfskraft,0,0.0,-1020,34,33,6,3,2,6297,1,,,,,,0,,0,,6,4,5,1,2519,1,5,4,4,1,2204,1,3,2,3,0,1574,0,ST-GER1,Normalstation Geriatrie,40,Geriatrie,10.0,20.0,06:00,14:00,450,,13:30,21:30,450,F,21:15,06:15,495,F|S,11,10,8,10,30,45,8,38.5,30,0.15,0,2.0.0,20261164
PK-001,2026-12-23,plan,23,Mittwoch,3,52,0,0,,Stationsleitung,Pflegefachkraft,EXAM|LEITUNG|PRAXISANLEITUNG,1.0,38.5,9240,4620,4158,5082,5,2,2,0,0,1,Pflegefachkraft,1,0.5,4464,34,33,6,3,2,6297,1,,,,,,0,,0,,6,4,5,1,2519,1,5,4,4,1,2204,1,3,2,3,0,1574,0,ST-GER1,Normalstation Geriatrie,40,Geriatrie,10.0,20.0,06:00,14:00,450,,13:30,21:30,450,F,21:15,06:15,495,F|S,11,10,8,10,30,45,8,38.5,30,0.15,0,2.0.0,20261164
PK-002,2026-12-23,plan,23,Mittwoch,3,52,0,0,,Pflegefachkraft,Pflegefachkraft,EXAM|KARDIO_MONITORING,1.0,38.5,9240,9240,8316,10164,5,2,2,8,1,1,Pflegefachkraft,0,0.0,-2310,34,33,6,3,2,6297,1,,,,,,0,,0,,6,4,5,1,2519,1,5,4,4,1,2204,1,3,2,3,0,1574,0,ST-GER1,Normalstation Geriatrie,40,Geriatrie,10.0,20.0,06:00,14:00,450,,13:30,21:30,450,F,21:15,06:15,495,F|S,11,10,8,10,30,45,8,38.5,30,0.15,0,2.0.0,20261164
PK-003,2026-12-23,plan,23,Mittwoch,3,52,0,0,,Pflegefachkraft,Pflegefachkraft,EXAM|PRAXISANLEITUNG|KARDIO_MONITORING,1.0,38.5,9240,9240,8316,10164,5,2,2,8,1,1,Pflegefachkraft,0,0.0,-2265,34,33,6,3,2,6297,1,,,,,,0,,0,,6,4,5,1,2519,1,5,4,4,1,2204,1,3,2,3,0,1574,0,ST-GER1,Normalstation Geriatrie,40,Geriatrie,10.0,20.0,06:00,14:00,450,,13:30,21:30,450,F,21:15,06:15,495,F|S,11,10,8,10,30,45,8,38.5,30,0.15,0,2.0.0,20261164
PK-004,2026-12-23,plan,23,Mittwoch,3,52,0,0,,Pflegefachkraft,Pflegefachkraft,EXAM,0.7,26.95,6468,6468,5821,7115,5,2,2,8,1,1,Pflegefachkraft,0,0.0,-1518,34,33,6,3,2,6297,1,,,,,,0,,0,,6,4,5,1,2519,1,5,4,4,1,2204,1,3,2,3,0,1574,0,ST-GER1,Normalstation Geriatrie,40,Geriatrie,10.0,20.0,06:00,14:00,450,,13:30,21:30,450,F,21:15,06:15,495,F|S,11,10,8,10,30,45,8,38.5,30,0.15,0,2.0.0,20261164
PK-005,2026-12-23,plan,23,Mittwoch,3,52,0,0,,Pflegefachkraft,Pflegefachkraft,EXAM|PRAXISANLEITUNG,1.0,38.5,9240,9240,8316,10164,5,2,2,8,1,1,Pflegefachkraft,0,0.0,-2400,34,33,6,3,2,6297,1,,,,,,0,,0,,6,4,5,1,2519,1,5,4,4,1,2204,1,3,2,3,0,1574,0,ST-GER1,Normalstation Geriatrie,40,Geriatrie,10.0,20.0,06:00,14:00,450,,13:30,21:30,450,F,21:15,06:15,495,F|S,11,10,8,10,30,45,8,38.5,30,0.15,0,2.0.0,20261164
PK-006,2026-12-23,plan,23,Mittwoch,3,52,0,0,,Pflegefachkraft,Pflegefachkraft,EXAM|KARDIO_MONITORING,0.6,23.1,5544,5544,4990,6098,5,2,2,8,1,1,Pflegefachkraft,0,0.0,536,34,33,6,3,2,6297,1,,,,,,0,,0,,6,4,5,1,2519,1,5,4,4,1,2204,1,3,2,3,0,1574,0,ST-GER1,Normalstation Geriatrie,40,Geriatrie,10.0,20.0,06:00,14:00,450,,13:30,21:30,450,F,21:15,06:15,495,F|S,11,10,8,10,30,45,8,38.5,30,0.15,0,2.0.0,20261164
PK-007,2026-12-23,plan,23,Mittwoch,3,52,0,0,,Pflegefachkraft,Pflegefachkraft,EXAM|PRAXISANLEITUNG|KARDIO_MONITORING,0.75,28.88,6931,6931,6238,7624,5,2,2,8,1,1,Pflegefachkraft,0,0.0,716,34,33,6,3,2,6297,1,,,,,,0,,0,,6,4,5,1,2519,1,5,4,4,1,2204,1,3,2,3,0,1574,0,ST-GER1,Normalstation Geriatrie,40,Geriatrie,10.0,20.0,06:00,14:00,450,,13:30,21:30,450,F,21:15,06:15,495,F|S,11,10,8,10,30,45,8,38.5,30,0.15,0,2.0.0,20261164
PK-008,2026-12-23,plan,23,Mittwoch,3,52,0,0,,Pflegefachkraft,Pflegefachkraft,EXAM,1.0,38.5,9240,9240,8316,10164,5,2,2,8,1,1,Pflegefachkraft,0,0.0,-2580,34,33,6,3,2,6297,1,,,,,,0,,0,,6,4,5,1,2519,1,5,4,4,1,2204,1,3,2,3,0,1574,0,ST-GER1,Normalstation Geriatrie,40,Geriatrie,10.0,20.0,06:00,14:00,450,,13:30,21:30,450,F,21:15,06:15,495,F|S,11,10,8,10,30,45,8,38.5,30,0.15,0,2.0.0,20261164
PK-009,2026-12-23,plan,23,Mittwoch,3,52,0,0,,Pflegefachkraft,Pflegefachkraft,EXAM,1.0,38.5,9240,9240,8316,10164,5,2,2,8,1,1,Pflegefachkraft,0,0.0,-2130,34,33,6,3,2,6297,1,,,,,,0,,0,,6,4,5,1,2519,1,5,4,4,1,2204,1,3,2,3,0,1574,0,ST-GER1,Normalstation Geriatrie,40,Geriatrie,10.0,20.0,06:00,14:00,450,,13:30,21:30,450,F,21:15,06:15,495,F|S,11,10,8,10,30,45,8,38.5,30,0.15,0,2.0.0,20261164
PK-010,2026-12-23,plan,23,Mittwoch,3,52,0,0,,Pflegefachkraft,Pflegefachkraft,EXAM,0.6,23.1,5544,5544,4990,6098,5,2,2,8,1,1,Pflegefachkraft,0,0.0,-1404,34,33,6,3,2,6297,0,URLAUB,,,,,0,,0,,6,4,5,1,2519,1,5,4,4,1,2204,1,3,2,3,0,1574,0,ST-GER1,Normalstation Geriatrie,40,Geriatrie,10.0,20.0,06:00,14:00,450,,13:30,21:30,450,F,21:15,06:15,495,F|S,11,10,8,10,30,45,8,38.5,30,0.15,0,2.0.0,20261164
PK-011,2026-12-23,plan,23,Mittwoch,3,52,0,0,,Pflegefachkraft,Pflegefachkraft,EXAM,1.0,38.5,9240,9240,8316,10164,5,2,2,8,1,1,Pflegefachkraft,0,0.0,-2130,34,33,6,3,2,6297,1,,,,,,0,,0,,6,4,5,1,2519,1,5,4,4,1,2204,1,3,2,3,0,1574,0,ST-GER1,Normalstation Geriatrie,40,Geriatrie,10.0,20.0,06:00,14:00,450,,13:30,21:30,450,F,21:15,06:15,495,F|S,11,10,8,10,30,45,8,38.5,30,0.15,0,2.0.0,20261164
PK-012,2026-12-23,plan,23,Mittwoch,3,52,0,0,,Pflegefachkraft,Pflegefachkraft,EXAM|KARDIO_MONITORING,1.0,38.5,9240,9240,8316,10164,5,2,2,8,1,1,Pflegefachkraft,0,0.0,-2265,34,33,6,3,2,6297,1,,,,,,0,,0,,6,4,5,1,2519,1,5,4,4,1,2204,1,3,2,3,0,1574,0,ST-GER1,Normalstation Geriatrie,40,Geriatrie,10.0,20.0,06:00,14:00,450,,13:30,21:30,450,F,21:15,06:15,495,F|S,11,10,8,10,30,45,8,38.5,30,0.15,0,2.0.0,20261164
PK-013,2026-12-23,plan,23,Mittwoch,3,52,0,0,,Pflegefachkraft,Pflegefachkraft,EXAM,1.0,38.5,9240,9240,8316,10164,5,2,2,8,1,1,Pflegefachkraft,0,0.0,-2310,34,33,6,3,2,6297,1,,3,,,,0,,0,,6,4,5,1,2519,1,5,4,4,1,2204,1,3,2,3,0,1574,0,ST-GER1,Normalstation Geriatrie,40,Geriatrie,10.0,20.0,06:00,14:00,450,,13:30,21:30,450,F,21:15,06:15,495,F|S,11,10,8,10,30,45,8,38.5,30,0.15,0,2.0.0,20261164
PK-014,2026-12-23,plan,23,Mittwoch,3,52,0,0,,Pflegefachkraft,Pflegefachkraft,EXAM,0.8,30.8,7392,7392,6653,8131,5,2,2,8,1,1,Pflegefachkraft,0,0.0,-1542,34,33,6,3,2,6297,1,,,N,2,,0,,0,,6,4,5,1,2519,1,5,4,4,1,2204,1,3,2,3,0,1574,0,ST-GER1,Normalstation Geriatrie,40,Geriatrie,10.0,20.0,06:00,14:00,450,,13:30,21:30,450,F,21:15,06:15,495,F|S,11,10,8,10,30,45,8,38.5,30,0.15,0,2.0.0,20261164
PK-015,2026-12-23,plan,23,Mittwoch,3,52,0,0,,Pflegefachkraft,Pflegefachkraft,EXAM,0.6,23.1,5544,5544,4990,6098,5,2,2,8,1,1,Pflegefachkraft,0,0.0,-1404,34,33,6,3,2,6297,1,,,,,,0,,0,,6,4,5,1,2519,1,5,4,4,1,2204,1,3,2,3,0,1574,0,ST-GER1,Normalstation Geriatrie,40,Geriatrie,10.0,20.0,06:00,14:00,450,,13:30,21:30,450,F,21:15,06:15,495,F|S,11,10,8,10,30,45,8,38.5,30,0.15,0,2.0.0,20261164
PK-016,2026-12-23,plan,23,Mittwoch,3,52,0,0,,Pflegefachkraft,Pflegefachkraft,EXAM,0.75,28.88,6931,6931,6238,7624,5,2,2,8,1,1,Pflegefachkraft,0,0.0,-1485,34,33,6,3,2,6297,1,,,,,,0,,0,,6,4,5,1,2519,1,5,4,4,1,2204,1,3,2,3,0,1574,0,ST-GER1,Normalstation Geriatrie,40,Geriatrie,10.0,20.0,06:00,14:00,450,,13:30,21:30,450,F,21:15,06:15,495,F|S,11,10,8,10,30,45,8,38.5,30,0.15,0,2.0.0,20261164
PK-017,2026-12-23,plan,23,Mittwoch,3,52,0,0,,Pflegefachkraft,Pflegefachkraft,EXAM,0.7,26.95,6468,6468,5821,7115,5,2,2,8,1,1,Pflegefachkraft,0,0.0,-1473,34,33,6,3,2,6297,1,,,,,,0,,0,,6,4,5,1,2519,1,5,4,4,1,2204,1,3,2,3,0,1574,0,ST-GER1,Normalstation Geriatrie,40,Geriatrie,10.0,20.0,06:00,14:00,450,,13:30,21:30,450,F,21:15,06:15,495,F|S,11,10,8,10,30,45,8,38.5,30,0.15,0,2.0.0,20261164
PK-018,2026-12-23,plan,23,Mittwoch,3,52,0,0,,Pflegefachkraft,Pflegefachkraft,EXAM|PRAXISANLEITUNG|KARDIO_MONITORING,0.9,34.65,8316,8316,7484,9148,5,2,2,8,1,1,Pflegefachkraft,0,0.0,-1971,34,33,6,3,2,6297,1,,,,,,0,,0,,6,4,5,1,2519,1,5,4,4,1,2204,1,3,2,3,0,1574,0,ST-GER1,Normalstation Geriatrie,40,Geriatrie,10.0,20.0,06:00,14:00,450,,13:30,21:30,450,F,21:15,06:15,495,F|S,11,10,8,10,30,45,8,38.5,30,0.15,0,2.0.0,20261164
PK-019,2026-12-23,plan,23,Mittwoch,3,52,0,0,,Pflegefachkraft,Pflegefachkraft,EXAM,0.8,30.8,7392,7392,6653,8131,5,2,2,8,1,1,Pflegefachkraft,0,0.0,-1902,34,33,6,3,2,6297,1,,,,,,0,,0,,6,4,5,1,2519,1,5,4,4,1,2204,1,3,2,3,0,1574,0,ST-GER1,Normalstation Geriatrie,40,Geriatrie,10.0,20.0,06:00,14:00,450,,13:30,21:30,450,F,21:15,06:15,495,F|S,11,10,8,10,30,45,8,38.5,30,0.15,0,2.0.0,20261164
PK-020,2026-12-23,plan,23,Mittwoch,3,52,0,0,,Pflegefachkraft,Pflegefachkraft,EXAM|KARDIO_MONITORING,0.5,19.25,4620,4620,4158,5082,5,2,2,8,1,1,Pflegefachkraft,0,0.0,-930,34,33,6,3,2,6297,1,,,,,,0,,0,,6,4,5,1,2519,1,5,4,4,1,2204,1,3,2,3,0,1574,0,ST-GER1,Normalstation Geriatrie,40,Geriatrie,10.0,20.0,06:00,14:00,450,,13:30,21:30,450,F,21:15,06:15,495,F|S,11,10,8,10,30,45,8,38.5,30,0.15,0,2.0.0,20261164
PK-021,2026-12-23,plan,23,Mittwoch,3,52,0,0,,Pflegefachkraft,Pflegefachkraft,EXAM,0.8,30.8,7392,7392,6653,8131,5,2,2,8,1,1,Pflegefachkraft,0,0.0,-1722,34,33,6,3,2,6297,1,,,,,,0,,1,24,6,4,5,1,2519,1,5,4,4,1,2204,1,3,2,3,0,1574,0,ST-GER1,Normalstation Geriatrie,40,Geriatrie,10.0,20.0,06:00,14:00,450,,13:30,21:30,450,F,21:15,06:15,495,F|S,11,10,8,10,30,45,8,38.5,30,0.15,0,2.0.0,20261164
PK-022,2026-12-23,plan,23,Mittwoch,3,52,0,0,,Pflegefachkraft,Pflegefachkraft,EXAM|PRAXISANLEITUNG|KARDIO_MONITORING,0.5,19.25,4620,4620,4158,5082,5,2,2,8,1,1,Pflegefachkraft,0,0.0,-930,34,33,6,3,2,6297,0,URLAUB,,,,,0,,0,,6,4,5,1,2519,1,5,4,4,1,2204,1,3,2,3,0,1574,0,ST-GER1,Normalstation Geriatrie,40,Geriatrie,10.0,20.0,06:00,14:00,450,,13:30,21:30,450,F,21:15,06:15,495,F|S,11,10,8,10,30,45,8,38.5,30,0.15,0,2.0.0,20261164
AZ-001,2026-12-24,plan,24,Donnerstag,4,52,0,0,,Auszubildende_r_3_Ausbildungsjahr,Auszubildende,AUSZUBILDEND,1.0,38.5,9240,9240,8316,10164,5,2,2,8,1,0,nicht anrechenbar,0,0.0,-9240,26,24,3,3,0,4402,0,URLAUB,,,,,0,,0,,4,3,3,1,1761,1,3,3,2,1,1541,1,2,2,2,0,1100,0,ST-GER1,Normalstation Geriatrie,40,Geriatrie,10.0,20.0,06:00,14:00,450,,13:30,21:30,450,F,21:15,06:15,495,F|S,11,10,8,10,30,45,8,38.5,30,0.15,0,2.0.0,20261164
AZ-002,2026-12-24,plan,24,Donnerstag,4,52,0,0,,Auszubildende_r_2_Ausbildungsjahr,Auszubildende,AUSZUBILDEND,1.0,38.5,9240,9240,8316,10164,5,2,2,8,1,0,nicht anrechenbar,0,0.0,-9240,26,24,3,3,0,4402,1,,,,,,0,,0,,4,3,3,1,1761,1,3,3,2,1,1541,1,2,2,2,0,1100,0,ST-GER1,Normalstation Geriatrie,40,Geriatrie,10.0,20.0,06:00,14:00,450,,13:30,21:30,450,F,21:15,06:15,495,F|S,11,10,8,10,30,45,8,38.5,30,0.15,0,2.0.0,20261164
AZ-003,2026-12-24,plan,24,Donnerstag,4,52,0,0,,Auszubildende_r_1_Ausbildungsjahr,Auszubildende,AUSZUBILDEND,1.0,38.5,9240,9240,8316,10164,5,2,2,0,0,0,nicht anrechenbar,0,0.0,-9240,26,24,3,3,0,4402,1,,,,,,0,,0,,4,3,3,1,1761,1,3,3,2,1,1541,1,2,2,2,0,1100,0,ST-GER1,Normalstation Geriatrie,40,Geriatrie,10.0,20.0,06:00,14:00,450,,13:30,21:30,450,F,21:15,06:15,495,F|S,11,10,8,10,30,45,8,38.5,30,0.15,0,2.0.0,20261164
PH-001,2026-12-24,plan,24,Donnerstag,4,52,0,0,,Pflegehilfskraft,Pflegehilfskraft,PFLEGEHILFE,0.75,28.88,6931,6931,6238,7624,5,2,2,0,0,1,Pflegehilfskraft,0,0.0,-1530,26,24,3,3,0,4402,1,,,,,,0,,0,,4,3,3,1,1761,1,3,3,2,1,1541,1,2,2,2,0,1100,0,ST-GER1,Normalstation Geriatrie,40,Geriatrie,10.0,20.0,06:00,14:00,450,,13:30,21:30,450,F,21:15,06:15,495,F|S,11,10,8,10,30,45,8,38.5,30,0.15,0,2.0.0,20261164
PH-002,2026-12-24,plan,24,Donnerstag,4,52,0,0,,Pflegehilfskraft,Pflegehilfskraft,PFLEGEHILFE,0.75,28.88,6931,6931,6238,7624,5,2,2,0,0,1,Pflegehilfskraft,0,0.0,-1530,26,24,3,3,0,4402,1,,,,,,0,,0,,4,3,3,1,1761,1,3,3,2,1,1541,1,2,2,2,0,1100,0,ST-GER1,Normalstation Geriatrie,40,Geriatrie,10.0,20.0,06:00,14:00,450,,13:30,21:30,450,F,21:15,06:15,495,F|S,11,10,8,10,30,45,8,38.5,30,0.15,0,2.0.0,20261164
PH-003,2026-12-24,plan,24,Donnerstag,4,52,0,0,,Pflegehilfskraft,Pflegehilfskraft,PFLEGEHILFE,0.5,19.25,4620,4620,4158,5082,5,2,2,0,0,1,Pflegehilfskraft,0,0.0,-1020,26,24,3,3,0,4402,1,,,,,,0,,0,,4,3,3,1,1761,1,3,3,2,1,1541,1,2,2,2,0,1100,0,ST-GER1,Normalstation Geriatrie,40,Geriatrie,10.0,20.0,06:00,14:00,450,,13:30,21:30,450,F,21:15,06:15,495,F|S,11,10,8,10,30,45,8,38.5,30,0.15,0,2.0.0,20261164
PK-001,2026-12-24,plan,24,Donnerstag,4,52,0,0,,Stationsleitung,Pflegefachkraft,EXAM|LEITUNG|PRAXISANLEITUNG,1.0,38.5,9240,4620,4158,5082,5,2,2,0,0,1,Pflegefachkraft,1,0.5,4464,26,24,3,3,0,4402,1,,,,,,0,,0,,4,3,3,1,1761,1,3,3,2,1,1541,1,2,2,2,0,1100,0,ST-GER1,Normalstation Geriatrie,40,Geriatrie,10.0,20.0,06:00,14:00,450,,13:30,21:30,450,F,21:15,06:15,495,F|S,11,10,8,10,30,45,8,38.5,30,0.15,0,2.0.0,20261164
PK-002,2026-12-24,plan,24,Donnerstag,4,52,0,0,,Pflegefachkraft,Pflegefachkraft,EXAM|KARDIO_MONITORING,1.0,38.5,9240,9240,8316,10164,5,2,2,8,1,1,Pflegefachkraft,0,0.0,-2310,26,24,3,3,0,4402,1,,,,,,0,,0,,4,3,3,1,1761,1,3,3,2,1,1541,1,2,2,2,0,1100,0,ST-GER1,Normalstation Geriatrie,40,Geriatrie,10.0,20.0,06:00,14:00,450,,13:30,21:30,450,F,21:15,06:15,495,F|S,11,10,8,10,30,45,8,38.5,30,0.15,0,2.0.0,20261164
PK-003,2026-12-24,plan,24,Donnerstag,4,52,0,0,,Pflegefachkraft,Pflegefachkraft,EXAM|PRAXISANLEITUNG|KARDIO_MONITORING,1.0,38.5,9240,9240,8316,10164,5,2,2,8,1,1,Pflegefachkraft,0,0.0,-2265,26,24,3,3,0,4402,1,,,,,,0,,0,,4,3,3,1,1761,1,3,3,2,1,1541,1,2,2,2,0,1100,0,ST-GER1,Normalstation Geriatrie,40,Geriatrie,10.0,20.0,06:00,14:00,450,,13:30,21:30,450,F,21:15,06:15,495,F|S,11,10,8,10,30,45,8,38.5,30,0.15,0,2.0.0,20261164
PK-004,2026-12-24,plan,24,Donnerstag,4,52,0,0,,Pflegefachkraft,Pflegefachkraft,EXAM,0.7,26.95,6468,6468,5821,7115,5,2,2,8,1,1,Pflegefachkraft,0,0.0,-1518,26,24,3,3,0,4402,1,,,,,,0,,0,,4,3,3,1,1761,1,3,3,2,1,1541,1,2,2,2,0,1100,0,ST-GER1,Normalstation Geriatrie,40,Geriatrie,10.0,20.0,06:00,14:00,450,,13:30,21:30,450,F,21:15,06:15,495,F|S,11,10,8,10,30,45,8,38.5,30,0.15,0,2.0.0,20261164
PK-005,2026-12-24,plan,24,Donnerstag,4,52,0,0,,Pflegefachkraft,Pflegefachkraft,EXAM|PRAXISANLEITUNG,1.0,38.5,9240,9240,8316,10164,5,2,2,8,1,1,Pflegefachkraft,0,0.0,-2400,26,24,3,3,0,4402,1,,,,,,0,,0,,4,3,3,1,1761,1,3,3,2,1,1541,1,2,2,2,0,1100,0,ST-GER1,Normalstation Geriatrie,40,Geriatrie,10.0,20.0,06:00,14:00,450,,13:30,21:30,450,F,21:15,06:15,495,F|S,11,10,8,10,30,45,8,38.5,30,0.15,0,2.0.0,20261164
PK-006,2026-12-24,plan,24,Donnerstag,4,52,0,0,,Pflegefachkraft,Pflegefachkraft,EXAM|KARDIO_MONITORING,0.6,23.1,5544,5544,4990,6098,5,2,2,8,1,1,Pflegefachkraft,0,0.0,536,26,24,3,3,0,4402,1,,,,,,0,,0,,4,3,3,1,1761,1,3,3,2,1,1541,1,2,2,2,0,1100,0,ST-GER1,Normalstation Geriatrie,40,Geriatrie,10.0,20.0,06:00,14:00,450,,13:30,21:30,450,F,21:15,06:15,495,F|S,11,10,8,10,30,45,8,38.5,30,0.15,0,2.0.0,20261164
PK-007,2026-12-24,plan,24,Donnerstag,4,52,0,0,,Pflegefachkraft,Pflegefachkraft,EXAM|PRAXISANLEITUNG|KARDIO_MONITORING,0.75,28.88,6931,6931,6238,7624,5,2,2,8,1,1,Pflegefachkraft,0,0.0,716,26,24,3,3,0,4402,1,,,,,,0,,0,,4,3,3,1,1761,1,3,3,2,1,1541,1,2,2,2,0,1100,0,ST-GER1,Normalstation Geriatrie,40,Geriatrie,10.0,20.0,06:00,14:00,450,,13:30,21:30,450,F,21:15,06:15,495,F|S,11,10,8,10,30,45,8,38.5,30,0.15,0,2.0.0,20261164
PK-008,2026-12-24,plan,24,Donnerstag,4,52,0,0,,Pflegefachkraft,Pflegefachkraft,EXAM,1.0,38.5,9240,9240,8316,10164,5,2,2,8,1,1,Pflegefachkraft,0,0.0,-2580,26,24,3,3,0,4402,1,,,N,2,,0,,0,,4,3,3,1,1761,1,3,3,2,1,1541,1,2,2,2,0,1100,0,ST-GER1,Normalstation Geriatrie,40,Geriatrie,10.0,20.0,06:00,14:00,450,,13:30,21:30,450,F,21:15,06:15,495,F|S,11,10,8,10,30,45,8,38.5,30,0.15,0,2.0.0,20261164
PK-009,2026-12-24,plan,24,Donnerstag,4,52,0,0,,Pflegefachkraft,Pflegefachkraft,EXAM,1.0,38.5,9240,9240,8316,10164,5,2,2,8,1,1,Pflegefachkraft,0,0.0,-2130,26,24,3,3,0,4402,1,,,,,,0,,0,,4,3,3,1,1761,1,3,3,2,1,1541,1,2,2,2,0,1100,0,ST-GER1,Normalstation Geriatrie,40,Geriatrie,10.0,20.0,06:00,14:00,450,,13:30,21:30,450,F,21:15,06:15,495,F|S,11,10,8,10,30,45,8,38.5,30,0.15,0,2.0.0,20261164
PK-010,2026-12-24,plan,24,Donnerstag,4,52,0,0,,Pflegefachkraft,Pflegefachkraft,EXAM,0.6,23.1,5544,5544,4990,6098,5,2,2,8,1,1,Pflegefachkraft,0,0.0,-1404,26,24,3,3,0,4402,0,URLAUB,,,,,0,,0,,4,3,3,1,1761,1,3,3,2,1,1541,1,2,2,2,0,1100,0,ST-GER1,Normalstation Geriatrie,40,Geriatrie,10.0,20.0,06:00,14:00,450,,13:30,21:30,450,F,21:15,06:15,495,F|S,11,10,8,10,30,45,8,38.5,30,0.15,0,2.0.0,20261164
PK-011,2026-12-24,plan,24,Donnerstag,4,52,0,0,,Pflegefachkraft,Pflegefachkraft,EXAM,1.0,38.5,9240,9240,8316,10164,5,2,2,8,1,1,Pflegefachkraft,0,0.0,-2130,26,24,3,3,0,4402,1,,,,,,0,,0,,4,3,3,1,1761,1,3,3,2,1,1541,1,2,2,2,0,1100,0,ST-GER1,Normalstation Geriatrie,40,Geriatrie,10.0,20.0,06:00,14:00,450,,13:30,21:30,450,F,21:15,06:15,495,F|S,11,10,8,10,30,45,8,38.5,30,0.15,0,2.0.0,20261164
PK-012,2026-12-24,plan,24,Donnerstag,4,52,0,0,,Pflegefachkraft,Pflegefachkraft,EXAM|KARDIO_MONITORING,1.0,38.5,9240,9240,8316,10164,5,2,2,8,1,1,Pflegefachkraft,0,0.0,-2265,26,24,3,3,0,4402,1,,,,,,0,,0,,4,3,3,1,1761,1,3,3,2,1,1541,1,2,2,2,0,1100,0,ST-GER1,Normalstation Geriatrie,40,Geriatrie,10.0,20.0,06:00,14:00,450,,13:30,21:30,450,F,21:15,06:15,495,F|S,11,10,8,10,30,45,8,38.5,30,0.15,0,2.0.0,20261164
PK-013,2026-12-24,plan,24,Donnerstag,4,52,0,0,,Pflegefachkraft,Pflegefachkraft,EXAM,1.0,38.5,9240,9240,8316,10164,5,2,2,8,1,1,Pflegefachkraft,0,0.0,-2310,26,24,3,3,0,4402,1,,1,,,,0,,0,,4,3,3,1,1761,1,3,3,2,1,1541,1,2,2,2,0,1100,0,ST-GER1,Normalstation Geriatrie,40,Geriatrie,10.0,20.0,06:00,14:00,450,,13:30,21:30,450,F,21:15,06:15,495,F|S,11,10,8,10,30,45,8,38.5,30,0.15,0,2.0.0,20261164
PK-014,2026-12-24,plan,24,Donnerstag,4,52,0,0,,Pflegefachkraft,Pflegefachkraft,EXAM,0.8,30.8,7392,7392,6653,8131,5,2,2,8,1,1,Pflegefachkraft,0,0.0,-1542,26,24,3,3,0,4402,1,,,,,,0,,0,,4,3,3,1,1761,1,3,3,2,1,1541,1,2,2,2,0,1100,0,ST-GER1,Normalstation Geriatrie,40,Geriatrie,10.0,20.0,06:00,14:00,450,,13:30,21:30,450,F,21:15,06:15,495,F|S,11,10,8,10,30,45,8,38.5,30,0.15,0,2.0.0,20261164
PK-015,2026-12-24,plan,24,Donnerstag,4,52,0,0,,Pflegefachkraft,Pflegefachkraft,EXAM,0.6,23.1,5544,5544,4990,6098,5,2,2,8,1,1,Pflegefachkraft,0,0.0,-1404,26,24,3,3,0,4402,1,,3,,,,0,,0,,4,3,3,1,1761,1,3,3,2,1,1541,1,2,2,2,0,1100,0,ST-GER1,Normalstation Geriatrie,40,Geriatrie,10.0,20.0,06:00,14:00,450,,13:30,21:30,450,F,21:15,06:15,495,F|S,11,10,8,10,30,45,8,38.5,30,0.15,0,2.0.0,20261164
PK-016,2026-12-24,plan,24,Donnerstag,4,52,0,0,,Pflegefachkraft,Pflegefachkraft,EXAM,0.75,28.88,6931,6931,6238,7624,5,2,2,8,1,1,Pflegefachkraft,0,0.0,-1485,26,24,3,3,0,4402,1,,,,,,0,,0,,4,3,3,1,1761,1,3,3,2,1,1541,1,2,2,2,0,1100,0,ST-GER1,Normalstation Geriatrie,40,Geriatrie,10.0,20.0,06:00,14:00,450,,13:30,21:30,450,F,21:15,06:15,495,F|S,11,10,8,10,30,45,8,38.5,30,0.15,0,2.0.0,20261164
PK-017,2026-12-24,plan,24,Donnerstag,4,52,0,0,,Pflegefachkraft,Pflegefachkraft,EXAM,0.7,26.95,6468,6468,5821,7115,5,2,2,8,1,1,Pflegefachkraft,0,0.0,-1473,26,24,3,3,0,4402,1,,,,,,0,,0,,4,3,3,1,1761,1,3,3,2,1,1541,1,2,2,2,0,1100,0,ST-GER1,Normalstation Geriatrie,40,Geriatrie,10.0,20.0,06:00,14:00,450,,13:30,21:30,450,F,21:15,06:15,495,F|S,11,10,8,10,30,45,8,38.5,30,0.15,0,2.0.0,20261164
PK-018,2026-12-24,plan,24,Donnerstag,4,52,0,0,,Pflegefachkraft,Pflegefachkraft,EXAM|PRAXISANLEITUNG|KARDIO_MONITORING,0.9,34.65,8316,8316,7484,9148,5,2,2,8,1,1,Pflegefachkraft,0,0.0,-1971,26,24,3,3,0,4402,1,,,,,,0,,0,,4,3,3,1,1761,1,3,3,2,1,1541,1,2,2,2,0,1100,0,ST-GER1,Normalstation Geriatrie,40,Geriatrie,10.0,20.0,06:00,14:00,450,,13:30,21:30,450,F,21:15,06:15,495,F|S,11,10,8,10,30,45,8,38.5,30,0.15,0,2.0.0,20261164
PK-019,2026-12-24,plan,24,Donnerstag,4,52,0,0,,Pflegefachkraft,Pflegefachkraft,EXAM,0.8,30.8,7392,7392,6653,8131,5,2,2,8,1,1,Pflegefachkraft,0,0.0,-1902,26,24,3,3,0,4402,1,,,,,,0,,0,,4,3,3,1,1761,1,3,3,2,1,1541,1,2,2,2,0,1100,0,ST-GER1,Normalstation Geriatrie,40,Geriatrie,10.0,20.0,06:00,14:00,450,,13:30,21:30,450,F,21:15,06:15,495,F|S,11,10,8,10,30,45,8,38.5,30,0.15,0,2.0.0,20261164
PK-020,2026-12-24,plan,24,Donnerstag,4,52,0,0,,Pflegefachkraft,Pflegefachkraft,EXAM|KARDIO_MONITORING,0.5,19.25,4620,4620,4158,5082,5,2,2,8,1,1,Pflegefachkraft,0,0.0,-930,26,24,3,3,0,4402,1,,3,,,,0,,0,,4,3,3,1,1761,1,3,3,2,1,1541,1,2,2,2,0,1100,0,ST-GER1,Normalstation Geriatrie,40,Geriatrie,10.0,20.0,06:00,14:00,450,,13:30,21:30,450,F,21:15,06:15,495,F|S,11,10,8,10,30,45,8,38.5,30,0.15,0,2.0.0,20261164
PK-021,2026-12-24,plan,24,Donnerstag,4,52,0,0,,Pflegefachkraft,Pflegefachkraft,EXAM,0.8,30.8,7392,7392,6653,8131,5,2,2,8,1,1,Pflegefachkraft,0,0.0,-1722,26,24,3,3,0,4402,1,,,,,,0,,1,24,4,3,3,1,1761,1,3,3,2,1,1541,1,2,2,2,0,1100,0,ST-GER1,Normalstation Geriatrie,40,Geriatrie,10.0,20.0,06:00,14:00,450,,13:30,21:30,450,F,21:15,06:15,495,F|S,11,10,8,10,30,45,8,38.5,30,0.15,0,2.0.0,20261164
PK-022,2026-12-24,plan,24,Donnerstag,4,52,0,0,,Pflegefachkraft,Pflegefachkraft,EXAM|PRAXISANLEITUNG|KARDIO_MONITORING,0.5,19.25,4620,4620,4158,5082,5,2,2,8,1,1,Pflegefachkraft,0,0.0,-930,26,24,3,3,0,4402,0,URLAUB,,,,,0,,0,,4,3,3,1,1761,1,3,3,2,1,1541,1,2,2,2,0,1100,0,ST-GER1,Normalstation Geriatrie,40,Geriatrie,10.0,20.0,06:00,14:00,450,,13:30,21:30,450,F,21:15,06:15,495,F|S,11,10,8,10,30,45,8,38.5,30,0.15,0,2.0.0,20261164
AZ-001,2026-12-25,plan,25,Freitag,5,52,0,1,1. Weihnachtsfeiertag,Auszubildende_r_3_Ausbildungsjahr,Auszubildende,AUSZUBILDEND,1.0,38.5,9240,9240,8316,10164,5,2,2,8,1,0,nicht anrechenbar,0,0.0,-9240,20,20,0,3,0,3305,0,URLAUB,,,,,0,,0,,3,2,2,1,1322,1,3,2,2,1,1157,1,2,1,2,0,826,0,ST-GER1,Normalstation Geriatrie,40,Geriatrie,10.0,20.0,06:00,14:00,450,,13:30,21:30,450,F,21:15,06:15,495,F|S,11,10,8,10,30,45,8,38.5,30,0.15,0,2.0.0,20261164
AZ-002,2026-12-25,plan,25,Freitag,5,52,0,1,1. Weihnachtsfeiertag,Auszubildende_r_2_Ausbildungsjahr,Auszubildende,AUSZUBILDEND,1.0,38.5,9240,9240,8316,10164,5,2,2,8,1,0,nicht anrechenbar,0,0.0,-9240,20,20,0,3,0,3305,1,,,,,,0,,0,,3,2,2,1,1322,1,3,2,2,1,1157,1,2,1,2,0,826,0,ST-GER1,Normalstation Geriatrie,40,Geriatrie,10.0,20.0,06:00,14:00,450,,13:30,21:30,450,F,21:15,06:15,495,F|S,11,10,8,10,30,45,8,38.5,30,0.15,0,2.0.0,20261164
AZ-003,2026-12-25,plan,25,Freitag,5,52,0,1,1. Weihnachtsfeiertag,Auszubildende_r_1_Ausbildungsjahr,Auszubildende,AUSZUBILDEND,1.0,38.5,9240,9240,8316,10164,5,2,2,0,0,0,nicht anrechenbar,0,0.0,-9240,20,20,0,3,0,3305,1,,,,,,0,,0,,3,2,2,1,1322,1,3,2,2,1,1157,1,2,1,2,0,826,0,ST-GER1,Normalstation Geriatrie,40,Geriatrie,10.0,20.0,06:00,14:00,450,,13:30,21:30,450,F,21:15,06:15,495,F|S,11,10,8,10,30,45,8,38.5,30,0.15,0,2.0.0,20261164
PH-001,2026-12-25,plan,25,Freitag,5,52,0,1,1. Weihnachtsfeiertag,Pflegehilfskraft,Pflegehilfskraft,PFLEGEHILFE,0.75,28.88,6931,6931,6238,7624,5,2,2,0,0,1,Pflegehilfskraft,0,0.0,-1530,20,20,0,3,0,3305,1,,,,,,0,,0,,3,2,2,1,1322,1,3,2,2,1,1157,1,2,1,2,0,826,0,ST-GER1,Normalstation Geriatrie,40,Geriatrie,10.0,20.0,06:00,14:00,450,,13:30,21:30,450,F,21:15,06:15,495,F|S,11,10,8,10,30,45,8,38.5,30,0.15,0,2.0.0,20261164
PH-002,2026-12-25,plan,25,Freitag,5,52,0,1,1. Weihnachtsfeiertag,Pflegehilfskraft,Pflegehilfskraft,PFLEGEHILFE,0.75,28.88,6931,6931,6238,7624,5,2,2,0,0,1,Pflegehilfskraft,0,0.0,-1530,20,20,0,3,0,3305,1,,,,,,0,,0,,3,2,2,1,1322,1,3,2,2,1,1157,1,2,1,2,0,826,0,ST-GER1,Normalstation Geriatrie,40,Geriatrie,10.0,20.0,06:00,14:00,450,,13:30,21:30,450,F,21:15,06:15,495,F|S,11,10,8,10,30,45,8,38.5,30,0.15,0,2.0.0,20261164
PH-003,2026-12-25,plan,25,Freitag,5,52,0,1,1. Weihnachtsfeiertag,Pflegehilfskraft,Pflegehilfskraft,PFLEGEHILFE,0.5,19.25,4620,4620,4158,5082,5,2,2,0,0,1,Pflegehilfskraft,0,0.0,-1020,20,20,0,3,0,3305,1,,,,,,0,,0,,3,2,2,1,1322,1,3,2,2,1,1157,1,2,1,2,0,826,0,ST-GER1,Normalstation Geriatrie,40,Geriatrie,10.0,20.0,06:00,14:00,450,,13:30,21:30,450,F,21:15,06:15,495,F|S,11,10,8,10,30,45,8,38.5,30,0.15,0,2.0.0,20261164
PK-001,2026-12-25,plan,25,Freitag,5,52,0,1,1. Weihnachtsfeiertag,Stationsleitung,Pflegefachkraft,EXAM|LEITUNG|PRAXISANLEITUNG,1.0,38.5,9240,4620,4158,5082,5,2,2,0,0,1,Pflegefachkraft,1,0.5,4464,20,20,0,3,0,3305,1,,,,,,0,,0,,3,2,2,1,1322,1,3,2,2,1,1157,1,2,1,2,0,826,0,ST-GER1,Normalstation Geriatrie,40,Geriatrie,10.0,20.0,06:00,14:00,450,,13:30,21:30,450,F,21:15,06:15,495,F|S,11,10,8,10,30,45,8,38.5,30,0.15,0,2.0.0,20261164
PK-002,2026-12-25,plan,25,Freitag,5,52,0,1,1. Weihnachtsfeiertag,Pflegefachkraft,Pflegefachkraft,EXAM|KARDIO_MONITORING,1.0,38.5,9240,9240,8316,10164,5,2,2,8,1,1,Pflegefachkraft,0,0.0,-2310,20,20,0,3,0,3305,1,,,,,,0,,0,,3,2,2,1,1322,1,3,2,2,1,1157,1,2,1,2,0,826,0,ST-GER1,Normalstation Geriatrie,40,Geriatrie,10.0,20.0,06:00,14:00,450,,13:30,21:30,450,F,21:15,06:15,495,F|S,11,10,8,10,30,45,8,38.5,30,0.15,0,2.0.0,20261164
PK-003,2026-12-25,plan,25,Freitag,5,52,0,1,1. Weihnachtsfeiertag,Pflegefachkraft,Pflegefachkraft,EXAM|PRAXISANLEITUNG|KARDIO_MONITORING,1.0,38.5,9240,9240,8316,10164,5,2,2,8,1,1,Pflegefachkraft,0,0.0,-2265,20,20,0,3,0,3305,1,,,,,,0,,0,,3,2,2,1,1322,1,3,2,2,1,1157,1,2,1,2,0,826,0,ST-GER1,Normalstation Geriatrie,40,Geriatrie,10.0,20.0,06:00,14:00,450,,13:30,21:30,450,F,21:15,06:15,495,F|S,11,10,8,10,30,45,8,38.5,30,0.15,0,2.0.0,20261164
PK-004,2026-12-25,plan,25,Freitag,5,52,0,1,1. Weihnachtsfeiertag,Pflegefachkraft,Pflegefachkraft,EXAM,0.7,26.95,6468,6468,5821,7115,5,2,2,8,1,1,Pflegefachkraft,0,0.0,-1518,20,20,0,3,0,3305,1,,,,,,0,,0,,3,2,2,1,1322,1,3,2,2,1,1157,1,2,1,2,0,826,0,ST-GER1,Normalstation Geriatrie,40,Geriatrie,10.0,20.0,06:00,14:00,450,,13:30,21:30,450,F,21:15,06:15,495,F|S,11,10,8,10,30,45,8,38.5,30,0.15,0,2.0.0,20261164
PK-005,2026-12-25,plan,25,Freitag,5,52,0,1,1. Weihnachtsfeiertag,Pflegefachkraft,Pflegefachkraft,EXAM|PRAXISANLEITUNG,1.0,38.5,9240,9240,8316,10164,5,2,2,8,1,1,Pflegefachkraft,0,0.0,-2400,20,20,0,3,0,3305,1,,,,,,0,,1,8,3,2,2,1,1322,1,3,2,2,1,1157,1,2,1,2,0,826,0,ST-GER1,Normalstation Geriatrie,40,Geriatrie,10.0,20.0,06:00,14:00,450,,13:30,21:30,450,F,21:15,06:15,495,F|S,11,10,8,10,30,45,8,38.5,30,0.15,0,2.0.0,20261164
PK-006,2026-12-25,plan,25,Freitag,5,52,0,1,1. Weihnachtsfeiertag,Pflegefachkraft,Pflegefachkraft,EXAM|KARDIO_MONITORING,0.6,23.1,5544,5544,4990,6098,5,2,2,8,1,1,Pflegefachkraft,0,0.0,536,20,20,0,3,0,3305,1,,,,,,0,,0,,3,2,2,1,1322,1,3,2,2,1,1157,1,2,1,2,0,826,0,ST-GER1,Normalstation Geriatrie,40,Geriatrie,10.0,20.0,06:00,14:00,450,,13:30,21:30,450,F,21:15,06:15,495,F|S,11,10,8,10,30,45,8,38.5,30,0.15,0,2.0.0,20261164
PK-007,2026-12-25,plan,25,Freitag,5,52,0,1,1. Weihnachtsfeiertag,Pflegefachkraft,Pflegefachkraft,EXAM|PRAXISANLEITUNG|KARDIO_MONITORING,0.75,28.88,6931,6931,6238,7624,5,2,2,8,1,1,Pflegefachkraft,0,0.0,716,20,20,0,3,0,3305,1,,,,,,0,,0,,3,2,2,1,1322,1,3,2,2,1,1157,1,2,1,2,0,826,0,ST-GER1,Normalstation Geriatrie,40,Geriatrie,10.0,20.0,06:00,14:00,450,,13:30,21:30,450,F,21:15,06:15,495,F|S,11,10,8,10,30,45,8,38.5,30,0.15,0,2.0.0,20261164
PK-008,2026-12-25,plan,25,Freitag,5,52,0,1,1. Weihnachtsfeiertag,Pflegefachkraft,Pflegefachkraft,EXAM,1.0,38.5,9240,9240,8316,10164,5,2,2,8,1,1,Pflegefachkraft,0,0.0,-2580,20,20,0,3,0,3305,1,,,,,,0,,0,,3,2,2,1,1322,1,3,2,2,1,1157,1,2,1,2,0,826,0,ST-GER1,Normalstation Geriatrie,40,Geriatrie,10.0,20.0,06:00,14:00,450,,13:30,21:30,450,F,21:15,06:15,495,F|S,11,10,8,10,30,45,8,38.5,30,0.15,0,2.0.0,20261164
PK-009,2026-12-25,plan,25,Freitag,5,52,0,1,1. Weihnachtsfeiertag,Pflegefachkraft,Pflegefachkraft,EXAM,1.0,38.5,9240,9240,8316,10164,5,2,2,8,1,1,Pflegefachkraft,0,0.0,-2130,20,20,0,3,0,3305,1,,,,,,0,,0,,3,2,2,1,1322,1,3,2,2,1,1157,1,2,1,2,0,826,0,ST-GER1,Normalstation Geriatrie,40,Geriatrie,10.0,20.0,06:00,14:00,450,,13:30,21:30,450,F,21:15,06:15,495,F|S,11,10,8,10,30,45,8,38.5,30,0.15,0,2.0.0,20261164
PK-010,2026-12-25,plan,25,Freitag,5,52,0,1,1. Weihnachtsfeiertag,Pflegefachkraft,Pflegefachkraft,EXAM,0.6,23.1,5544,5544,4990,6098,5,2,2,8,1,1,Pflegefachkraft,0,0.0,-1404,20,20,0,3,0,3305,0,URLAUB,,,,,0,,0,,3,2,2,1,1322,1,3,2,2,1,1157,1,2,1,2,0,826,0,ST-GER1,Normalstation Geriatrie,40,Geriatrie,10.0,20.0,06:00,14:00,450,,13:30,21:30,450,F,21:15,06:15,495,F|S,11,10,8,10,30,45,8,38.5,30,0.15,0,2.0.0,20261164
PK-011,2026-12-25,plan,25,Freitag,5,52,0,1,1. Weihnachtsfeiertag,Pflegefachkraft,Pflegefachkraft,EXAM,1.0,38.5,9240,9240,8316,10164,5,2,2,8,1,1,Pflegefachkraft,0,0.0,-2130,20,20,0,3,0,3305,1,,,,,,0,,0,,3,2,2,1,1322,1,3,2,2,1,1157,1,2,1,2,0,826,0,ST-GER1,Normalstation Geriatrie,40,Geriatrie,10.0,20.0,06:00,14:00,450,,13:30,21:30,450,F,21:15,06:15,495,F|S,11,10,8,10,30,45,8,38.5,30,0.15,0,2.0.0,20261164
PK-012,2026-12-25,plan,25,Freitag,5,52,0,1,1. Weihnachtsfeiertag,Pflegefachkraft,Pflegefachkraft,EXAM|KARDIO_MONITORING,1.0,38.5,9240,9240,8316,10164,5,2,2,8,1,1,Pflegefachkraft,0,0.0,-2265,20,20,0,3,0,3305,1,,,,,,0,,0,,3,2,2,1,1322,1,3,2,2,1,1157,1,2,1,2,0,826,0,ST-GER1,Normalstation Geriatrie,40,Geriatrie,10.0,20.0,06:00,14:00,450,,13:30,21:30,450,F,21:15,06:15,495,F|S,11,10,8,10,30,45,8,38.5,30,0.15,0,2.0.0,20261164
PK-013,2026-12-25,plan,25,Freitag,5,52,0,1,1. Weihnachtsfeiertag,Pflegefachkraft,Pflegefachkraft,EXAM,1.0,38.5,9240,9240,8316,10164,5,2,2,8,1,1,Pflegefachkraft,0,0.0,-2310,20,20,0,3,0,3305,1,,,,,,0,,0,,3,2,2,1,1322,1,3,2,2,1,1157,1,2,1,2,0,826,0,ST-GER1,Normalstation Geriatrie,40,Geriatrie,10.0,20.0,06:00,14:00,450,,13:30,21:30,450,F,21:15,06:15,495,F|S,11,10,8,10,30,45,8,38.5,30,0.15,0,2.0.0,20261164
PK-014,2026-12-25,plan,25,Freitag,5,52,0,1,1. Weihnachtsfeiertag,Pflegefachkraft,Pflegefachkraft,EXAM,0.8,30.8,7392,7392,6653,8131,5,2,2,8,1,1,Pflegefachkraft,0,0.0,-1542,20,20,0,3,0,3305,1,,,,,,0,,0,,3,2,2,1,1322,1,3,2,2,1,1157,1,2,1,2,0,826,0,ST-GER1,Normalstation Geriatrie,40,Geriatrie,10.0,20.0,06:00,14:00,450,,13:30,21:30,450,F,21:15,06:15,495,F|S,11,10,8,10,30,45,8,38.5,30,0.15,0,2.0.0,20261164
PK-015,2026-12-25,plan,25,Freitag,5,52,0,1,1. Weihnachtsfeiertag,Pflegefachkraft,Pflegefachkraft,EXAM,0.6,23.1,5544,5544,4990,6098,5,2,2,8,1,1,Pflegefachkraft,0,0.0,-1404,20,20,0,3,0,3305,1,,,,,,0,,0,,3,2,2,1,1322,1,3,2,2,1,1157,1,2,1,2,0,826,0,ST-GER1,Normalstation Geriatrie,40,Geriatrie,10.0,20.0,06:00,14:00,450,,13:30,21:30,450,F,21:15,06:15,495,F|S,11,10,8,10,30,45,8,38.5,30,0.15,0,2.0.0,20261164
PK-016,2026-12-25,plan,25,Freitag,5,52,0,1,1. Weihnachtsfeiertag,Pflegefachkraft,Pflegefachkraft,EXAM,0.75,28.88,6931,6931,6238,7624,5,2,2,8,1,1,Pflegefachkraft,0,0.0,-1485,20,20,0,3,0,3305,1,,,S,1,,0,,0,,3,2,2,1,1322,1,3,2,2,1,1157,1,2,1,2,0,826,0,ST-GER1,Normalstation Geriatrie,40,Geriatrie,10.0,20.0,06:00,14:00,450,,13:30,21:30,450,F,21:15,06:15,495,F|S,11,10,8,10,30,45,8,38.5,30,0.15,0,2.0.0,20261164
PK-017,2026-12-25,plan,25,Freitag,5,52,0,1,1. Weihnachtsfeiertag,Pflegefachkraft,Pflegefachkraft,EXAM,0.7,26.95,6468,6468,5821,7115,5,2,2,8,1,1,Pflegefachkraft,0,0.0,-1473,20,20,0,3,0,3305,1,,,,,,1,8,0,,3,2,2,1,1322,1,3,2,2,1,1157,1,2,1,2,0,826,0,ST-GER1,Normalstation Geriatrie,40,Geriatrie,10.0,20.0,06:00,14:00,450,,13:30,21:30,450,F,21:15,06:15,495,F|S,11,10,8,10,30,45,8,38.5,30,0.15,0,2.0.0,20261164
PK-018,2026-12-25,plan,25,Freitag,5,52,0,1,1. Weihnachtsfeiertag,Pflegefachkraft,Pflegefachkraft,EXAM|PRAXISANLEITUNG|KARDIO_MONITORING,0.9,34.65,8316,8316,7484,9148,5,2,2,8,1,1,Pflegefachkraft,0,0.0,-1971,20,20,0,3,0,3305,1,,,,,,0,,0,,3,2,2,1,1322,1,3,2,2,1,1157,1,2,1,2,0,826,0,ST-GER1,Normalstation Geriatrie,40,Geriatrie,10.0,20.0,06:00,14:00,450,,13:30,21:30,450,F,21:15,06:15,495,F|S,11,10,8,10,30,45,8,38.5,30,0.15,0,2.0.0,20261164
PK-019,2026-12-25,plan,25,Freitag,5,52,0,1,1. Weihnachtsfeiertag,Pflegefachkraft,Pflegefachkraft,EXAM,0.8,30.8,7392,7392,6653,8131,5,2,2,8,1,1,Pflegefachkraft,0,0.0,-1902,20,20,0,3,0,3305,1,,,,,,0,,0,,3,2,2,1,1322,1,3,2,2,1,1157,1,2,1,2,0,826,0,ST-GER1,Normalstation Geriatrie,40,Geriatrie,10.0,20.0,06:00,14:00,450,,13:30,21:30,450,F,21:15,06:15,495,F|S,11,10,8,10,30,45,8,38.5,30,0.15,0,2.0.0,20261164
PK-020,2026-12-25,plan,25,Freitag,5,52,0,1,1. Weihnachtsfeiertag,Pflegefachkraft,Pflegefachkraft,EXAM|KARDIO_MONITORING,0.5,19.25,4620,4620,4158,5082,5,2,2,8,1,1,Pflegefachkraft,0,0.0,-930,20,20,0,3,0,3305,1,,,,,,0,,0,,3,2,2,1,1322,1,3,2,2,1,1157,1,2,1,2,0,826,0,ST-GER1,Normalstation Geriatrie,40,Geriatrie,10.0,20.0,06:00,14:00,450,,13:30,21:30,450,F,21:15,06:15,495,F|S,11,10,8,10,30,45,8,38.5,30,0.15,0,2.0.0,20261164
PK-021,2026-12-25,plan,25,Freitag,5,52,0,1,1. Weihnachtsfeiertag,Pflegefachkraft,Pflegefachkraft,EXAM,0.8,30.8,7392,7392,6653,8131,5,2,2,8,1,1,Pflegefachkraft,0,0.0,-1722,20,20,0,3,0,3305,1,,,,,,0,,1,24,3,2,2,1,1322,1,3,2,2,1,1157,1,2,1,2,0,826,0,ST-GER1,Normalstation Geriatrie,40,Geriatrie,10.0,20.0,06:00,14:00,450,,13:30,21:30,450,F,21:15,06:15,495,F|S,11,10,8,10,30,45,8,38.5,30,0.15,0,2.0.0,20261164
PK-022,2026-12-25,plan,25,Freitag,5,52,0,1,1. Weihnachtsfeiertag,Pflegefachkraft,Pflegefachkraft,EXAM|PRAXISANLEITUNG|KARDIO_MONITORING,0.5,19.25,4620,4620,4158,5082,5,2,2,8,1,1,Pflegefachkraft,0,0.0,-930,20,20,0,3,0,3305,0,URLAUB,,,,,0,,0,,3,2,2,1,1322,1,3,2,2,1,1157,1,2,1,2,0,826,0,ST-GER1,Normalstation Geriatrie,40,Geriatrie,10.0,20.0,06:00,14:00,450,,13:30,21:30,450,F,21:15,06:15,495,F|S,11,10,8,10,30,45,8,38.5,30,0.15,0,2.0.0,20261164
AZ-001,2026-12-26,plan,26,Samstag,6,52,1,1,2. Weihnachtsfeiertag,Auszubildende_r_3_Ausbildungsjahr,Auszubildende,AUSZUBILDEND,1.0,38.5,9240,9240,8316,10164,5,2,2,8,1,0,nicht anrechenbar,0,0.0,-9240,18,16,2,1,0,3154,0,URLAUB,,,,,0,,0,,3,2,2,1,1262,1,2,2,2,0,1104,1,2,1,2,0,788,0,ST-GER1,Normalstation Geriatrie,40,Geriatrie,10.0,20.0,06:00,14:00,450,,13:30,21:30,450,F,21:15,06:15,495,F|S,11,10,8,10,30,45,8,38.5,30,0.15,0,2.0.0,20261164
AZ-002,2026-12-26,plan,26,Samstag,6,52,1,1,2. Weihnachtsfeiertag,Auszubildende_r_2_Ausbildungsjahr,Auszubildende,AUSZUBILDEND,1.0,38.5,9240,9240,8316,10164,5,2,2,8,1,0,nicht anrechenbar,0,0.0,-9240,18,16,2,1,0,3154,1,,,F,1,,0,,0,,3,2,2,1,1262,1,2,2,2,0,1104,1,2,1,2,0,788,0,ST-GER1,Normalstation Geriatrie,40,Geriatrie,10.0,20.0,06:00,14:00,450,,13:30,21:30,450,F,21:15,06:15,495,F|S,11,10,8,10,30,45,8,38.5,30,0.15,0,2.0.0,20261164
AZ-003,2026-12-26,plan,26,Samstag,6,52,1,1,2. Weihnachtsfeiertag,Auszubildende_r_1_Ausbildungsjahr,Auszubildende,AUSZUBILDEND,1.0,38.5,9240,9240,8316,10164,5,2,2,0,0,0,nicht anrechenbar,0,0.0,-9240,18,16,2,1,0,3154,1,,,,,,0,,0,,3,2,2,1,1262,1,2,2,2,0,1104,1,2,1,2,0,788,0,ST-GER1,Normalstation Geriatrie,40,Geriatrie,10.0,20.0,06:00,14:00,450,,13:30,21:30,450,F,21:15,06:15,495,F|S,11,10,8,10,30,45,8,38.5,30,0.15,0,2.0.0,20261164
PH-001,2026-12-26,plan,26,Samstag,6,52,1,1,2. Weihnachtsfeiertag,Pflegehilfskraft,Pflegehilfskraft,PFLEGEHILFE,0.75,28.88,6931,6931,6238,7624,5,2,2,0,0,1,Pflegehilfskraft,0,0.0,-1530,18,16,2,1,0,3154,1,,,,,,0,,0,,3,2,2,1,1262,1,2,2,2,0,1104,1,2,1,2,0,788,0,ST-GER1,Normalstation Geriatrie,40,Geriatrie,10.0,20.0,06:00,14:00,450,,13:30,21:30,450,F,21:15,06:15,495,F|S,11,10,8,10,30,45,8,38.5,30,0.15,0,2.0.0,20261164
PH-002,2026-12-26,plan,26,Samstag,6,52,1,1,2. Weihnachtsfeiertag,Pflegehilfskraft,Pflegehilfskraft,PFLEGEHILFE,0.75,28.88,6931,6931,6238,7624,5,2,2,0,0,1,Pflegehilfskraft,0,0.0,-1530,18,16,2,1,0,3154,1,,,,,,0,,0,,3,2,2,1,1262,1,2,2,2,0,1104,1,2,1,2,0,788,0,ST-GER1,Normalstation Geriatrie,40,Geriatrie,10.0,20.0,06:00,14:00,450,,13:30,21:30,450,F,21:15,06:15,495,F|S,11,10,8,10,30,45,8,38.5,30,0.15,0,2.0.0,20261164
PH-003,2026-12-26,plan,26,Samstag,6,52,1,1,2. Weihnachtsfeiertag,Pflegehilfskraft,Pflegehilfskraft,PFLEGEHILFE,0.5,19.25,4620,4620,4158,5082,5,2,2,0,0,1,Pflegehilfskraft,0,0.0,-1020,18,16,2,1,0,3154,1,,,,,,0,,0,,3,2,2,1,1262,1,2,2,2,0,1104,1,2,1,2,0,788,0,ST-GER1,Normalstation Geriatrie,40,Geriatrie,10.0,20.0,06:00,14:00,450,,13:30,21:30,450,F,21:15,06:15,495,F|S,11,10,8,10,30,45,8,38.5,30,0.15,0,2.0.0,20261164
PK-001,2026-12-26,plan,26,Samstag,6,52,1,1,2. Weihnachtsfeiertag,Stationsleitung,Pflegefachkraft,EXAM|LEITUNG|PRAXISANLEITUNG,1.0,38.5,9240,4620,4158,5082,5,2,2,0,0,1,Pflegefachkraft,1,0.5,4464,18,16,2,1,0,3154,1,,,,,,0,,0,,3,2,2,1,1262,1,2,2,2,0,1104,1,2,1,2,0,788,0,ST-GER1,Normalstation Geriatrie,40,Geriatrie,10.0,20.0,06:00,14:00,450,,13:30,21:30,450,F,21:15,06:15,495,F|S,11,10,8,10,30,45,8,38.5,30,0.15,0,2.0.0,20261164
PK-002,2026-12-26,plan,26,Samstag,6,52,1,1,2. Weihnachtsfeiertag,Pflegefachkraft,Pflegefachkraft,EXAM|KARDIO_MONITORING,1.0,38.5,9240,9240,8316,10164,5,2,2,8,1,1,Pflegefachkraft,0,0.0,-2310,18,16,2,1,0,3154,1,,,,,,0,,0,,3,2,2,1,1262,1,2,2,2,0,1104,1,2,1,2,0,788,0,ST-GER1,Normalstation Geriatrie,40,Geriatrie,10.0,20.0,06:00,14:00,450,,13:30,21:30,450,F,21:15,06:15,495,F|S,11,10,8,10,30,45,8,38.5,30,0.15,0,2.0.0,20261164
PK-003,2026-12-26,plan,26,Samstag,6,52,1,1,2. Weihnachtsfeiertag,Pflegefachkraft,Pflegefachkraft,EXAM|PRAXISANLEITUNG|KARDIO_MONITORING,1.0,38.5,9240,9240,8316,10164,5,2,2,8,1,1,Pflegefachkraft,0,0.0,-2265,18,16,2,1,0,3154,1,,,,,,0,,0,,3,2,2,1,1262,1,2,2,2,0,1104,1,2,1,2,0,788,0,ST-GER1,Normalstation Geriatrie,40,Geriatrie,10.0,20.0,06:00,14:00,450,,13:30,21:30,450,F,21:15,06:15,495,F|S,11,10,8,10,30,45,8,38.5,30,0.15,0,2.0.0,20261164
PK-004,2026-12-26,plan,26,Samstag,6,52,1,1,2. Weihnachtsfeiertag,Pflegefachkraft,Pflegefachkraft,EXAM,0.7,26.95,6468,6468,5821,7115,5,2,2,8,1,1,Pflegefachkraft,0,0.0,-1518,18,16,2,1,0,3154,1,,,S,2,,0,,0,,3,2,2,1,1262,1,2,2,2,0,1104,1,2,1,2,0,788,0,ST-GER1,Normalstation Geriatrie,40,Geriatrie,10.0,20.0,06:00,14:00,450,,13:30,21:30,450,F,21:15,06:15,495,F|S,11,10,8,10,30,45,8,38.5,30,0.15,0,2.0.0,20261164
PK-005,2026-12-26,plan,26,Samstag,6,52,1,1,2. Weihnachtsfeiertag,Pflegefachkraft,Pflegefachkraft,EXAM|PRAXISANLEITUNG,1.0,38.5,9240,9240,8316,10164,5,2,2,8,1,1,Pflegefachkraft,0,0.0,-2400,18,16,2,1,0,3154,1,,,,,,0,,1,24,3,2,2,1,1262,1,2,2,2,0,1104,1,2,1,2,0,788,0,ST-GER1,Normalstation Geriatrie,40,Geriatrie,10.0,20.0,06:00,14:00,450,,13:30,21:30,450,F,21:15,06:15,495,F|S,11,10,8,10,30,45,8,38.5,30,0.15,0,2.0.0,20261164
PK-006,2026-12-26,plan,26,Samstag,6,52,1,1,2. Weihnachtsfeiertag,Pflegefachkraft,Pflegefachkraft,EXAM|KARDIO_MONITORING,0.6,23.1,5544,5544,4990,6098,5,2,2,8,1,1,Pflegefachkraft,0,0.0,536,18,16,2,1,0,3154,1,,1,,,,0,,0,,3,2,2,1,1262,1,2,2,2,0,1104,1,2,1,2,0,788,0,ST-GER1,Normalstation Geriatrie,40,Geriatrie,10.0,20.0,06:00,14:00,450,,13:30,21:30,450,F,21:15,06:15,495,F|S,11,10,8,10,30,45,8,38.5,30,0.15,0,2.0.0,20261164
PK-007,2026-12-26,plan,26,Samstag,6,52,1,1,2. Weihnachtsfeiertag,Pflegefachkraft,Pflegefachkraft,EXAM|PRAXISANLEITUNG|KARDIO_MONITORING,0.75,28.88,6931,6931,6238,7624,5,2,2,8,1,1,Pflegefachkraft,0,0.0,716,18,16,2,1,0,3154,1,,,,,,0,,0,,3,2,2,1,1262,1,2,2,2,0,1104,1,2,1,2,0,788,0,ST-GER1,Normalstation Geriatrie,40,Geriatrie,10.0,20.0,06:00,14:00,450,,13:30,21:30,450,F,21:15,06:15,495,F|S,11,10,8,10,30,45,8,38.5,30,0.15,0,2.0.0,20261164
PK-008,2026-12-26,plan,26,Samstag,6,52,1,1,2. Weihnachtsfeiertag,Pflegefachkraft,Pflegefachkraft,EXAM,1.0,38.5,9240,9240,8316,10164,5,2,2,8,1,1,Pflegefachkraft,0,0.0,-2580,18,16,2,1,0,3154,1,,,,,,0,,0,,3,2,2,1,1262,1,2,2,2,0,1104,1,2,1,2,0,788,0,ST-GER1,Normalstation Geriatrie,40,Geriatrie,10.0,20.0,06:00,14:00,450,,13:30,21:30,450,F,21:15,06:15,495,F|S,11,10,8,10,30,45,8,38.5,30,0.15,0,2.0.0,20261164
PK-009,2026-12-26,plan,26,Samstag,6,52,1,1,2. Weihnachtsfeiertag,Pflegefachkraft,Pflegefachkraft,EXAM,1.0,38.5,9240,9240,8316,10164,5,2,2,8,1,1,Pflegefachkraft,0,0.0,-2130,18,16,2,1,0,3154,1,,,,,,0,,0,,3,2,2,1,1262,1,2,2,2,0,1104,1,2,1,2,0,788,0,ST-GER1,Normalstation Geriatrie,40,Geriatrie,10.0,20.0,06:00,14:00,450,,13:30,21:30,450,F,21:15,06:15,495,F|S,11,10,8,10,30,45,8,38.5,30,0.15,0,2.0.0,20261164
PK-010,2026-12-26,plan,26,Samstag,6,52,1,1,2. Weihnachtsfeiertag,Pflegefachkraft,Pflegefachkraft,EXAM,0.6,23.1,5544,5544,4990,6098,5,2,2,8,1,1,Pflegefachkraft,0,0.0,-1404,18,16,2,1,0,3154,0,URLAUB,,,,,0,,0,,3,2,2,1,1262,1,2,2,2,0,1104,1,2,1,2,0,788,0,ST-GER1,Normalstation Geriatrie,40,Geriatrie,10.0,20.0,06:00,14:00,450,,13:30,21:30,450,F,21:15,06:15,495,F|S,11,10,8,10,30,45,8,38.5,30,0.15,0,2.0.0,20261164
PK-011,2026-12-26,plan,26,Samstag,6,52,1,1,2. Weihnachtsfeiertag,Pflegefachkraft,Pflegefachkraft,EXAM,1.0,38.5,9240,9240,8316,10164,5,2,2,8,1,1,Pflegefachkraft,0,0.0,-2130,18,16,2,1,0,3154,1,,,,,,0,,0,,3,2,2,1,1262,1,2,2,2,0,1104,1,2,1,2,0,788,0,ST-GER1,Normalstation Geriatrie,40,Geriatrie,10.0,20.0,06:00,14:00,450,,13:30,21:30,450,F,21:15,06:15,495,F|S,11,10,8,10,30,45,8,38.5,30,0.15,0,2.0.0,20261164
PK-012,2026-12-26,plan,26,Samstag,6,52,1,1,2. Weihnachtsfeiertag,Pflegefachkraft,Pflegefachkraft,EXAM|KARDIO_MONITORING,1.0,38.5,9240,9240,8316,10164,5,2,2,8,1,1,Pflegefachkraft,0,0.0,-2265,18,16,2,1,0,3154,1,,,,,,0,,0,,3,2,2,1,1262,1,2,2,2,0,1104,1,2,1,2,0,788,0,ST-GER1,Normalstation Geriatrie,40,Geriatrie,10.0,20.0,06:00,14:00,450,,13:30,21:30,450,F,21:15,06:15,495,F|S,11,10,8,10,30,45,8,38.5,30,0.15,0,2.0.0,20261164
PK-013,2026-12-26,plan,26,Samstag,6,52,1,1,2. Weihnachtsfeiertag,Pflegefachkraft,Pflegefachkraft,EXAM,1.0,38.5,9240,9240,8316,10164,5,2,2,8,1,1,Pflegefachkraft,0,0.0,-2310,18,16,2,1,0,3154,1,,,,,,0,,0,,3,2,2,1,1262,1,2,2,2,0,1104,1,2,1,2,0,788,0,ST-GER1,Normalstation Geriatrie,40,Geriatrie,10.0,20.0,06:00,14:00,450,,13:30,21:30,450,F,21:15,06:15,495,F|S,11,10,8,10,30,45,8,38.5,30,0.15,0,2.0.0,20261164
PK-014,2026-12-26,plan,26,Samstag,6,52,1,1,2. Weihnachtsfeiertag,Pflegefachkraft,Pflegefachkraft,EXAM,0.8,30.8,7392,7392,6653,8131,5,2,2,8,1,1,Pflegefachkraft,0,0.0,-1542,18,16,2,1,0,3154,1,,,,,,0,,0,,3,2,2,1,1262,1,2,2,2,0,1104,1,2,1,2,0,788,0,ST-GER1,Normalstation Geriatrie,40,Geriatrie,10.0,20.0,06:00,14:00,450,,13:30,21:30,450,F,21:15,06:15,495,F|S,11,10,8,10,30,45,8,38.5,30,0.15,0,2.0.0,20261164
PK-015,2026-12-26,plan,26,Samstag,6,52,1,1,2. Weihnachtsfeiertag,Pflegefachkraft,Pflegefachkraft,EXAM,0.6,23.1,5544,5544,4990,6098,5,2,2,8,1,1,Pflegefachkraft,0,0.0,-1404,18,16,2,1,0,3154,1,,,,,,1,12,0,,3,2,2,1,1262,1,2,2,2,0,1104,1,2,1,2,0,788,0,ST-GER1,Normalstation Geriatrie,40,Geriatrie,10.0,20.0,06:00,14:00,450,,13:30,21:30,450,F,21:15,06:15,495,F|S,11,10,8,10,30,45,8,38.5,30,0.15,0,2.0.0,20261164
PK-016,2026-12-26,plan,26,Samstag,6,52,1,1,2. Weihnachtsfeiertag,Pflegefachkraft,Pflegefachkraft,EXAM,0.75,28.88,6931,6931,6238,7624,5,2,2,8,1,1,Pflegefachkraft,0,0.0,-1485,18,16,2,1,0,3154,1,,,,,,0,,0,,3,2,2,1,1262,1,2,2,2,0,1104,1,2,1,2,0,788,0,ST-GER1,Normalstation Geriatrie,40,Geriatrie,10.0,20.0,06:00,14:00,450,,13:30,21:30,450,F,21:15,06:15,495,F|S,11,10,8,10,30,45,8,38.5,30,0.15,0,2.0.0,20261164
PK-017,2026-12-26,plan,26,Samstag,6,52,1,1,2. Weihnachtsfeiertag,Pflegefachkraft,Pflegefachkraft,EXAM,0.7,26.95,6468,6468,5821,7115,5,2,2,8,1,1,Pflegefachkraft,0,0.0,-1473,18,16,2,1,0,3154,1,,,,,,0,,0,,3,2,2,1,1262,1,2,2,2,0,1104,1,2,1,2,0,788,0,ST-GER1,Normalstation Geriatrie,40,Geriatrie,10.0,20.0,06:00,14:00,450,,13:30,21:30,450,F,21:15,06:15,495,F|S,11,10,8,10,30,45,8,38.5,30,0.15,0,2.0.0,20261164
PK-018,2026-12-26,plan,26,Samstag,6,52,1,1,2. Weihnachtsfeiertag,Pflegefachkraft,Pflegefachkraft,EXAM|PRAXISANLEITUNG|KARDIO_MONITORING,0.9,34.65,8316,8316,7484,9148,5,2,2,8,1,1,Pflegefachkraft,0,0.0,-1971,18,16,2,1,0,3154,1,,,,,,0,,0,,3,2,2,1,1262,1,2,2,2,0,1104,1,2,1,2,0,788,0,ST-GER1,Normalstation Geriatrie,40,Geriatrie,10.0,20.0,06:00,14:00,450,,13:30,21:30,450,F,21:15,06:15,495,F|S,11,10,8,10,30,45,8,38.5,30,0.15,0,2.0.0,20261164
PK-019,2026-12-26,plan,26,Samstag,6,52,1,1,2. Weihnachtsfeiertag,Pflegefachkraft,Pflegefachkraft,EXAM,0.8,30.8,7392,7392,6653,8131,5,2,2,8,1,1,Pflegefachkraft,0,0.0,-1902,18,16,2,1,0,3154,1,,,,,,0,,0,,3,2,2,1,1262,1,2,2,2,0,1104,1,2,1,2,0,788,0,ST-GER1,Normalstation Geriatrie,40,Geriatrie,10.0,20.0,06:00,14:00,450,,13:30,21:30,450,F,21:15,06:15,495,F|S,11,10,8,10,30,45,8,38.5,30,0.15,0,2.0.0,20261164
PK-020,2026-12-26,plan,26,Samstag,6,52,1,1,2. Weihnachtsfeiertag,Pflegefachkraft,Pflegefachkraft,EXAM|KARDIO_MONITORING,0.5,19.25,4620,4620,4158,5082,5,2,2,8,1,1,Pflegefachkraft,0,0.0,-930,18,16,2,1,0,3154,1,,,,,,0,,0,,3,2,2,1,1262,1,2,2,2,0,1104,1,2,1,2,0,788,0,ST-GER1,Normalstation Geriatrie,40,Geriatrie,10.0,20.0,06:00,14:00,450,,13:30,21:30,450,F,21:15,06:15,495,F|S,11,10,8,10,30,45,8,38.5,30,0.15,0,2.0.0,20261164
PK-021,2026-12-26,plan,26,Samstag,6,52,1,1,2. Weihnachtsfeiertag,Pflegefachkraft,Pflegefachkraft,EXAM,0.8,30.8,7392,7392,6653,8131,5,2,2,8,1,1,Pflegefachkraft,0,0.0,-1722,18,16,2,1,0,3154,1,,2,,,,0,,0,,3,2,2,1,1262,1,2,2,2,0,1104,1,2,1,2,0,788,0,ST-GER1,Normalstation Geriatrie,40,Geriatrie,10.0,20.0,06:00,14:00,450,,13:30,21:30,450,F,21:15,06:15,495,F|S,11,10,8,10,30,45,8,38.5,30,0.15,0,2.0.0,20261164
PK-022,2026-12-26,plan,26,Samstag,6,52,1,1,2. Weihnachtsfeiertag,Pflegefachkraft,Pflegefachkraft,EXAM|PRAXISANLEITUNG|KARDIO_MONITORING,0.5,19.25,4620,4620,4158,5082,5,2,2,8,1,1,Pflegefachkraft,0,0.0,-930,18,16,2,1,0,3154,0,URLAUB,,,,,0,,0,,3,2,2,1,1262,1,2,2,2,0,1104,1,2,1,2,0,788,0,ST-GER1,Normalstation Geriatrie,40,Geriatrie,10.0,20.0,06:00,14:00,450,,13:30,21:30,450,F,21:15,06:15,495,F|S,11,10,8,10,30,45,8,38.5,30,0.15,0,2.0.0,20261164
AZ-001,2026-12-27,plan,27,Sonntag,7,52,1,0,,Auszubildende_r_3_Ausbildungsjahr,Auszubildende,AUSZUBILDEND,1.0,38.5,9240,9240,8316,10164,5,2,2,8,1,0,nicht anrechenbar,0,0.0,-9240,21,20,3,1,0,3258,0,URLAUB,,,,,0,,0,,3,3,2,1,1303,1,3,3,2,1,1140,1,2,1,2,0,814,0,ST-GER1,Normalstation Geriatrie,40,Geriatrie,10.0,20.0,06:00,14:00,450,,13:30,21:30,450,F,21:15,06:15,495,F|S,11,10,8,10,30,45,8,38.5,30,0.15,0,2.0.0,20261164
AZ-002,2026-12-27,plan,27,Sonntag,7,52,1,0,,Auszubildende_r_2_Ausbildungsjahr,Auszubildende,AUSZUBILDEND,1.0,38.5,9240,9240,8316,10164,5,2,2,8,1,0,nicht anrechenbar,0,0.0,-9240,21,20,3,1,0,3258,1,,,,,,0,,0,,3,3,2,1,1303,1,3,3,2,1,1140,1,2,1,2,0,814,0,ST-GER1,Normalstation Geriatrie,40,Geriatrie,10.0,20.0,06:00,14:00,450,,13:30,21:30,450,F,21:15,06:15,495,F|S,11,10,8,10,30,45,8,38.5,30,0.15,0,2.0.0,20261164
AZ-003,2026-12-27,plan,27,Sonntag,7,52,1,0,,Auszubildende_r_1_Ausbildungsjahr,Auszubildende,AUSZUBILDEND,1.0,38.5,9240,9240,8316,10164,5,2,2,0,0,0,nicht anrechenbar,0,0.0,-9240,21,20,3,1,0,3258,1,,,,,,0,,0,,3,3,2,1,1303,1,3,3,2,1,1140,1,2,1,2,0,814,0,ST-GER1,Normalstation Geriatrie,40,Geriatrie,10.0,20.0,06:00,14:00,450,,13:30,21:30,450,F,21:15,06:15,495,F|S,11,10,8,10,30,45,8,38.5,30,0.15,0,2.0.0,20261164
PH-001,2026-12-27,plan,27,Sonntag,7,52,1,0,,Pflegehilfskraft,Pflegehilfskraft,PFLEGEHILFE,0.75,28.88,6931,6931,6238,7624,5,2,2,0,0,1,Pflegehilfskraft,0,0.0,-1530,21,20,3,1,0,3258,1,,,,,,0,,0,,3,3,2,1,1303,1,3,3,2,1,1140,1,2,1,2,0,814,0,ST-GER1,Normalstation Geriatrie,40,Geriatrie,10.0,20.0,06:00,14:00,450,,13:30,21:30,450,F,21:15,06:15,495,F|S,11,10,8,10,30,45,8,38.5,30,0.15,0,2.0.0,20261164
PH-002,2026-12-27,plan,27,Sonntag,7,52,1,0,,Pflegehilfskraft,Pflegehilfskraft,PFLEGEHILFE,0.75,28.88,6931,6931,6238,7624,5,2,2,0,0,1,Pflegehilfskraft,0,0.0,-1530,21,20,3,1,0,3258,1,,,N,1,,0,,0,,3,3,2,1,1303,1,3,3,2,1,1140,1,2,1,2,0,814,0,ST-GER1,Normalstation Geriatrie,40,Geriatrie,10.0,20.0,06:00,14:00,450,,13:30,21:30,450,F,21:15,06:15,495,F|S,11,10,8,10,30,45,8,38.5,30,0.15,0,2.0.0,20261164
PH-003,2026-12-27,plan,27,Sonntag,7,52,1,0,,Pflegehilfskraft,Pflegehilfskraft,PFLEGEHILFE,0.5,19.25,4620,4620,4158,5082,5,2,2,0,0,1,Pflegehilfskraft,0,0.0,-1020,21,20,3,1,0,3258,1,,,,,,0,,0,,3,3,2,1,1303,1,3,3,2,1,1140,1,2,1,2,0,814,0,ST-GER1,Normalstation Geriatrie,40,Geriatrie,10.0,20.0,06:00,14:00,450,,13:30,21:30,450,F,21:15,06:15,495,F|S,11,10,8,10,30,45,8,38.5,30,0.15,0,2.0.0,20261164
PK-001,2026-12-27,plan,27,Sonntag,7,52,1,0,,Stationsleitung,Pflegefachkraft,EXAM|LEITUNG|PRAXISANLEITUNG,1.0,38.5,9240,4620,4158,5082,5,2,2,0,0,1,Pflegefachkraft,1,0.5,4464,21,20,3,1,0,3258,1,,1,,,,0,,0,,3,3,2,1,1303,1,3,3,2,1,1140,1,2,1,2,0,814,0,ST-GER1,Normalstation Geriatrie,40,Geriatrie,10.0,20.0,06:00,14:00,450,,13:30,21:30,450,F,21:15,06:15,495,F|S,11,10,8,10,30,45,8,38.5,30,0.15,0,2.0.0,20261164
PK-002,2026-12-27,plan,27,Sonntag,7,52,1,0,,Pflegefachkraft,Pflegefachkraft,EXAM|KARDIO_MONITORING,1.0,38.5,9240,9240,8316,10164,5,2,2,8,1,1,Pflegefachkraft,0,0.0,-2310,21,20,3,1,0,3258,0,FORTBILDUNG,,,,,0,,0,,3,3,2,1,1303,1,3,3,2,1,1140,1,2,1,2,0,814,0,ST-GER1,Normalstation Geriatrie,40,Geriatrie,10.0,20.0,06:00,14:00,450,,13:30,21:30,450,F,21:15,06:15,495,F|S,11,10,8,10,30,45,8,38.5,30,0.15,0,2.0.0,20261164
PK-003,2026-12-27,plan,27,Sonntag,7,52,1,0,,Pflegefachkraft,Pflegefachkraft,EXAM|PRAXISANLEITUNG|KARDIO_MONITORING,1.0,38.5,9240,9240,8316,10164,5,2,2,8,1,1,Pflegefachkraft,0,0.0,-2265,21,20,3,1,0,3258,1,,,,,,1,4,0,,3,3,2,1,1303,1,3,3,2,1,1140,1,2,1,2,0,814,0,ST-GER1,Normalstation Geriatrie,40,Geriatrie,10.0,20.0,06:00,14:00,450,,13:30,21:30,450,F,21:15,06:15,495,F|S,11,10,8,10,30,45,8,38.5,30,0.15,0,2.0.0,20261164
PK-004,2026-12-27,plan,27,Sonntag,7,52,1,0,,Pflegefachkraft,Pflegefachkraft,EXAM,0.7,26.95,6468,6468,5821,7115,5,2,2,8,1,1,Pflegefachkraft,0,0.0,-1518,21,20,3,1,0,3258,0,FORTBILDUNG,,,,,0,,0,,3,3,2,1,1303,1,3,3,2,1,1140,1,2,1,2,0,814,0,ST-GER1,Normalstation Geriatrie,40,Geriatrie,10.0,20.0,06:00,14:00,450,,13:30,21:30,450,F,21:15,06:15,495,F|S,11,10,8,10,30,45,8,38.5,30,0.15,0,2.0.0,20261164
PK-005,2026-12-27,plan,27,Sonntag,7,52,1,0,,Pflegefachkraft,Pflegefachkraft,EXAM|PRAXISANLEITUNG,1.0,38.5,9240,9240,8316,10164,5,2,2,8,1,1,Pflegefachkraft,0,0.0,-2400,21,20,3,1,0,3258,1,,,,,,0,,1,24,3,3,2,1,1303,1,3,3,2,1,1140,1,2,1,2,0,814,0,ST-GER1,Normalstation Geriatrie,40,Geriatrie,10.0,20.0,06:00,14:00,450,,13:30,21:30,450,F,21:15,06:15,495,F|S,11,10,8,10,30,45,8,38.5,30,0.15,0,2.0.0,20261164
PK-006,2026-12-27,plan,27,Sonntag,7,52,1,0,,Pflegefachkraft,Pflegefachkraft,EXAM|KARDIO_MONITORING,0.6,23.1,5544,5544,4990,6098,5,2,2,8,1,1,Pflegefachkraft,0,0.0,536,21,20,3,1,0,3258,1,,,,,,0,,0,,3,3,2,1,1303,1,3,3,2,1,1140,1,2,1,2,0,814,0,ST-GER1,Normalstation Geriatrie,40,Geriatrie,10.0,20.0,06:00,14:00,450,,13:30,21:30,450,F,21:15,06:15,495,F|S,11,10,8,10,30,45,8,38.5,30,0.15,0,2.0.0,20261164
PK-007,2026-12-27,plan,27,Sonntag,7,52,1,0,,Pflegefachkraft,Pflegefachkraft,EXAM|PRAXISANLEITUNG|KARDIO_MONITORING,0.75,28.88,6931,6931,6238,7624,5,2,2,8,1,1,Pflegefachkraft,0,0.0,716,21,20,3,1,0,3258,1,,,,,,0,,0,,3,3,2,1,1303,1,3,3,2,1,1140,1,2,1,2,0,814,0,ST-GER1,Normalstation Geriatrie,40,Geriatrie,10.0,20.0,06:00,14:00,450,,13:30,21:30,450,F,21:15,06:15,495,F|S,11,10,8,10,30,45,8,38.5,30,0.15,0,2.0.0,20261164
PK-008,2026-12-27,plan,27,Sonntag,7,52,1,0,,Pflegefachkraft,Pflegefachkraft,EXAM,1.0,38.5,9240,9240,8316,10164,5,2,2,8,1,1,Pflegefachkraft,0,0.0,-2580,21,20,3,1,0,3258,1,,1,,,,0,,0,,3,3,2,1,1303,1,3,3,2,1,1140,1,2,1,2,0,814,0,ST-GER1,Normalstation Geriatrie,40,Geriatrie,10.0,20.0,06:00,14:00,450,,13:30,21:30,450,F,21:15,06:15,495,F|S,11,10,8,10,30,45,8,38.5,30,0.15,0,2.0.0,20261164
PK-009,2026-12-27,plan,27,Sonntag,7,52,1,0,,Pflegefachkraft,Pflegefachkraft,EXAM,1.0,38.5,9240,9240,8316,10164,5,2,2,8,1,1,Pflegefachkraft,0,0.0,-2130,21,20,3,1,0,3258,1,,,,,,0,,0,,3,3,2,1,1303,1,3,3,2,1,1140,1,2,1,2,0,814,0,ST-GER1,Normalstation Geriatrie,40,Geriatrie,10.0,20.0,06:00,14:00,450,,13:30,21:30,450,F,21:15,06:15,495,F|S,11,10,8,10,30,45,8,38.5,30,0.15,0,2.0.0,20261164
PK-010,2026-12-27,plan,27,Sonntag,7,52,1,0,,Pflegefachkraft,Pflegefachkraft,EXAM,0.6,23.1,5544,5544,4990,6098,5,2,2,8,1,1,Pflegefachkraft,0,0.0,-1404,21,20,3,1,0,3258,0,URLAUB,,,,,0,,0,,3,3,2,1,1303,1,3,3,2,1,1140,1,2,1,2,0,814,0,ST-GER1,Normalstation Geriatrie,40,Geriatrie,10.0,20.0,06:00,14:00,450,,13:30,21:30,450,F,21:15,06:15,495,F|S,11,10,8,10,30,45,8,38.5,30,0.15,0,2.0.0,20261164
PK-011,2026-12-27,plan,27,Sonntag,7,52,1,0,,Pflegefachkraft,Pflegefachkraft,EXAM,1.0,38.5,9240,9240,8316,10164,5,2,2,8,1,1,Pflegefachkraft,0,0.0,-2130,21,20,3,1,0,3258,1,,,,,,0,,0,,3,3,2,1,1303,1,3,3,2,1,1140,1,2,1,2,0,814,0,ST-GER1,Normalstation Geriatrie,40,Geriatrie,10.0,20.0,06:00,14:00,450,,13:30,21:30,450,F,21:15,06:15,495,F|S,11,10,8,10,30,45,8,38.5,30,0.15,0,2.0.0,20261164
PK-012,2026-12-27,plan,27,Sonntag,7,52,1,0,,Pflegefachkraft,Pflegefachkraft,EXAM|KARDIO_MONITORING,1.0,38.5,9240,9240,8316,10164,5,2,2,8,1,1,Pflegefachkraft,0,0.0,-2265,21,20,3,1,0,3258,1,,,,,,0,,0,,3,3,2,1,1303,1,3,3,2,1,1140,1,2,1,2,0,814,0,ST-GER1,Normalstation Geriatrie,40,Geriatrie,10.0,20.0,06:00,14:00,450,,13:30,21:30,450,F,21:15,06:15,495,F|S,11,10,8,10,30,45,8,38.5,30,0.15,0,2.0.0,20261164
PK-013,2026-12-27,plan,27,Sonntag,7,52,1,0,,Pflegefachkraft,Pflegefachkraft,EXAM,1.0,38.5,9240,9240,8316,10164,5,2,2,8,1,1,Pflegefachkraft,0,0.0,-2310,21,20,3,1,0,3258,1,,,,,,0,,0,,3,3,2,1,1303,1,3,3,2,1,1140,1,2,1,2,0,814,0,ST-GER1,Normalstation Geriatrie,40,Geriatrie,10.0,20.0,06:00,14:00,450,,13:30,21:30,450,F,21:15,06:15,495,F|S,11,10,8,10,30,45,8,38.5,30,0.15,0,2.0.0,20261164
PK-014,2026-12-27,plan,27,Sonntag,7,52,1,0,,Pflegefachkraft,Pflegefachkraft,EXAM,0.8,30.8,7392,7392,6653,8131,5,2,2,8,1,1,Pflegefachkraft,0,0.0,-1542,21,20,3,1,0,3258,1,,,,,,0,,0,,3,3,2,1,1303,1,3,3,2,1,1140,1,2,1,2,0,814,0,ST-GER1,Normalstation Geriatrie,40,Geriatrie,10.0,20.0,06:00,14:00,450,,13:30,21:30,450,F,21:15,06:15,495,F|S,11,10,8,10,30,45,8,38.5,30,0.15,0,2.0.0,20261164
PK-015,2026-12-27,plan,27,Sonntag,7,52,1,0,,Pflegefachkraft,Pflegefachkraft,EXAM,0.6,23.1,5544,5544,4990,6098,5,2,2,8,1,1,Pflegefachkraft,0,0.0,-1404,21,20,3,1,0,3258,1,,,,,,0,,0,,3,3,2,1,1303,1,3,3,2,1,1140,1,2,1,2,0,814,0,ST-GER1,Normalstation Geriatrie,40,Geriatrie,10.0,20.0,06:00,14:00,450,,13:30,21:30,450,F,21:15,06:15,495,F|S,11,10,8,10,30,45,8,38.5,30,0.15,0,2.0.0,20261164
PK-016,2026-12-27,plan,27,Sonntag,7,52,1,0,,Pflegefachkraft,Pflegefachkraft,EXAM,0.75,28.88,6931,6931,6238,7624,5,2,2,8,1,1,Pflegefachkraft,0,0.0,-1485,21,20,3,1,0,3258,1,,,,,,0,,0,,3,3,2,1,1303,1,3,3,2,1,1140,1,2,1,2,0,814,0,ST-GER1,Normalstation Geriatrie,40,Geriatrie,10.0,20.0,06:00,14:00,450,,13:30,21:30,450,F,21:15,06:15,495,F|S,11,10,8,10,30,45,8,38.5,30,0.15,0,2.0.0,20261164
PK-017,2026-12-27,plan,27,Sonntag,7,52,1,0,,Pflegefachkraft,Pflegefachkraft,EXAM,0.7,26.95,6468,6468,5821,7115,5,2,2,8,1,1,Pflegefachkraft,0,0.0,-1473,21,20,3,1,0,3258,1,,,,,,0,,0,,3,3,2,1,1303,1,3,3,2,1,1140,1,2,1,2,0,814,0,ST-GER1,Normalstation Geriatrie,40,Geriatrie,10.0,20.0,06:00,14:00,450,,13:30,21:30,450,F,21:15,06:15,495,F|S,11,10,8,10,30,45,8,38.5,30,0.15,0,2.0.0,20261164
PK-018,2026-12-27,plan,27,Sonntag,7,52,1,0,,Pflegefachkraft,Pflegefachkraft,EXAM|PRAXISANLEITUNG|KARDIO_MONITORING,0.9,34.65,8316,8316,7484,9148,5,2,2,8,1,1,Pflegefachkraft,0,0.0,-1971,21,20,3,1,0,3258,1,,,,,,0,,0,,3,3,2,1,1303,1,3,3,2,1,1140,1,2,1,2,0,814,0,ST-GER1,Normalstation Geriatrie,40,Geriatrie,10.0,20.0,06:00,14:00,450,,13:30,21:30,450,F,21:15,06:15,495,F|S,11,10,8,10,30,45,8,38.5,30,0.15,0,2.0.0,20261164
PK-019,2026-12-27,plan,27,Sonntag,7,52,1,0,,Pflegefachkraft,Pflegefachkraft,EXAM,0.8,30.8,7392,7392,6653,8131,5,2,2,8,1,1,Pflegefachkraft,0,0.0,-1902,21,20,3,1,0,3258,1,,,,,,0,,0,,3,3,2,1,1303,1,3,3,2,1,1140,1,2,1,2,0,814,0,ST-GER1,Normalstation Geriatrie,40,Geriatrie,10.0,20.0,06:00,14:00,450,,13:30,21:30,450,F,21:15,06:15,495,F|S,11,10,8,10,30,45,8,38.5,30,0.15,0,2.0.0,20261164
PK-020,2026-12-27,plan,27,Sonntag,7,52,1,0,,Pflegefachkraft,Pflegefachkraft,EXAM|KARDIO_MONITORING,0.5,19.25,4620,4620,4158,5082,5,2,2,8,1,1,Pflegefachkraft,0,0.0,-930,21,20,3,1,0,3258,1,,,,,,0,,0,,3,3,2,1,1303,1,3,3,2,1,1140,1,2,1,2,0,814,0,ST-GER1,Normalstation Geriatrie,40,Geriatrie,10.0,20.0,06:00,14:00,450,,13:30,21:30,450,F,21:15,06:15,495,F|S,11,10,8,10,30,45,8,38.5,30,0.15,0,2.0.0,20261164
PK-021,2026-12-27,plan,27,Sonntag,7,52,1,0,,Pflegefachkraft,Pflegefachkraft,EXAM,0.8,30.8,7392,7392,6653,8131,5,2,2,8,1,1,Pflegefachkraft,0,0.0,-1722,21,20,3,1,0,3258,1,,,,,,0,,0,,3,3,2,1,1303,1,3,3,2,1,1140,1,2,1,2,0,814,0,ST-GER1,Normalstation Geriatrie,40,Geriatrie,10.0,20.0,06:00,14:00,450,,13:30,21:30,450,F,21:15,06:15,495,F|S,11,10,8,10,30,45,8,38.5,30,0.15,0,2.0.0,20261164
PK-022,2026-12-27,plan,27,Sonntag,7,52,1,0,,Pflegefachkraft,Pflegefachkraft,EXAM|PRAXISANLEITUNG|KARDIO_MONITORING,0.5,19.25,4620,4620,4158,5082,5,2,2,8,1,1,Pflegefachkraft,0,0.0,-930,21,20,3,1,0,3258,0,URLAUB,,,,,0,,0,,3,3,2,1,1303,1,3,3,2,1,1140,1,2,1,2,0,814,0,ST-GER1,Normalstation Geriatrie,40,Geriatrie,10.0,20.0,06:00,14:00,450,,13:30,21:30,450,F,21:15,06:15,495,F|S,11,10,8,10,30,45,8,38.5,30,0.15,0,2.0.0,20261164
