employee_id,date,period,day_index,weekday,weekday_num,iso_week,is_weekend,is_holiday,holiday_name,role,role_group,skills,employment_pct,weekly_hours,contract_minutes_horizon,planable_minutes_horizon,min_total_minutes,max_total_minutes,max_consecutive_shifts,min_consecutive_days_off,max_weekends,max_night_shifts,night_eligible,ppug_countable,ppug_category,is_ward_lead,lead_release_pct,time_account_start_min,census_1200,census_0000,admissions,discharges,isolation_patients,care_minutes_total,available,availability_type,request_off_weight,request_on_shift,request_on_weight,history_shift,absence_s1,absence_s1_notice_h,absence_s2,absence_s2_notice_h,required_F,ppug_min_F,min_fachkraft_F,max_hilfskraft_F,care_minutes_F,azubi_slots_F,required_S,ppug_min_S,min_fachkraft_S,max_hilfskraft_S,care_minutes_S,azubi_slots_S,required_N,ppug_min_N,min_fachkraft_N,max_hilfskraft_N,care_minutes_N,azubi_slots_N,ward_id,ward_name,beds,ppug_bereich,ppug_ratio_day,ppug_ratio_night,shift_F_start,shift_F_end,shift_F_net_min,shift_F_forbidden_next,shift_S_start,shift_S_end,shift_S_net_min,shift_S_forbidden_next,shift_N_start,shift_N_end,shift_N_net_min,shift_N_forbidden_next,rule_min_rest_h,rule_min_rest_h_with_compensation,rule_max_daily_h,rule_max_daily_h_with_compensation,rule_break_min_6_to_9h,rule_break_min_over_9h,rule_max_night_h,rule_weekly_hours_fulltime,rule_annual_leave_days,rule_max_helper_share,rule_azubi_counts_towards_minimum,dataset_version,seed
AZ-001,2026-11-02,history,-28,Montag,1,45,0,0,,Auszubildende_r_3_Ausbildungsjahr,Auszubildende,AUSZUBILDEND,1.0,38.5,9240,9240,8316,10164,5,2,2,8,1,0,nicht anrechenbar,0,0.0,-9240,19,19,6,4,0,3429,1,,,,,,0,,0,,3,3,3,0,1372,1,3,3,3,0,1200,1,2,2,2,0,857,0,ST-HCH1,Normalstation Herzchirurgie,24,Herzchirurgie,7.0,15.0,06:00,14:00,450,,13:30,21:30,450,F,21:15,06:15,495,F|S,11,10,8,10,30,45,8,38.5,30,0.05,0,2.0.0,20261169
AZ-002,2026-11-02,history,-28,Montag,1,45,0,0,,Auszubildende_r_2_Ausbildungsjahr,Auszubildende,AUSZUBILDEND,1.0,38.5,9240,9240,8316,10164,5,2,2,8,1,0,nicht anrechenbar,0,0.0,-6006,19,19,6,4,0,3429,1,,,,,,0,,0,,3,3,3,0,1372,1,3,3,3,0,1200,1,2,2,2,0,857,0,ST-HCH1,Normalstation Herzchirurgie,24,Herzchirurgie,7.0,15.0,06:00,14:00,450,,13:30,21:30,450,F,21:15,06:15,495,F|S,11,10,8,10,30,45,8,38.5,30,0.05,0,2.0.0,20261169
AZ-003,2026-11-02,history,-28,Montag,1,45,0,0,,Auszubildende_r_1_Ausbildungsjahr,Auszubildende,AUSZUBILDEND,1.0,38.5,9240,9240,8316,10164,5,2,2,0,0,0,nicht anrechenbar,0,0.0,-9240,19,19,6,4,0,3429,1,,,,,,0,,0,,3,3,3,0,1372,1,3,3,3,0,1200,1,2,2,2,0,857,0,ST-HCH1,Normalstation Herzchirurgie,24,Herzchirurgie,7.0,15.0,06:00,14:00,450,,13:30,21:30,450,F,21:15,06:15,495,F|S,11,10,8,10,30,45,8,38.5,30,0.05,0,2.0.0,20261169
PK-001,2026-11-02,history,-28,Montag,1,45,0,0,,Stationsleitung,Pflegefachkraft,EXAM|LEITUNG|PRAXISANLEITUNG,1.0,38.5,9240,4620,4158,5082,5,2,2,0,0,1,Pflegefachkraft,1,0.5,2130,19,19,6,4,0,3429,1,,,,,F,0,,0,,3,3,3,0,1372,1,3,3,3,0,1200,1,2,2,2,0,857,0,ST-HCH1,Normalstation Herzchirurgie,24,Herzchirurgie,7.0,15.0,06:00,14:00,450,,13:30,21:30,450,F,21:15,06:15,495,F|S,11,10,8,10,30,45,8,38.5,30,0.05,0,2.0.0,20261169
PK-002,2026-11-02,history,-28,Montag,1,45,0,0,,Pflegefachkraft,Pflegefachkraft,EXAM,0.6,23.1,5544,5544,4990,6098,5,2,2,8,1,1,Pflegefachkraft,0,0.0,-1359,19,19,6,4,0,3429,1,,,,,N,0,,0,,3,3,3,0,1372,1,3,3,3,0,1200,1,2,2,2,0,857,0,ST-HCH1,Normalstation Herzchirurgie,24,Herzchirurgie,7.0,15.0,06:00,14:00,450,,13:30,21:30,450,F,21:15,06:15,495,F|S,11,10,8,10,30,45,8,38.5,30,0.05,0,2.0.0,20261169
PK-003,2026-11-02,history,-28,Montag,1,45,0,0,,Pflegefachkraft,Pflegefachkraft,EXAM|KARDIO_MONITORING,1.0,38.5,9240,9240,8316,10164,5,2,2,8,1,1,Pflegefachkraft,0,0.0,-2130,19,19,6,4,0,3429,1,,,,,N,0,,0,,3,3,3,0,1372,1,3,3,3,0,1200,1,2,2,2,0,857,0,ST-HCH1,Normalstation Herzchirurgie,24,Herzchirurgie,7.0,15.0,06:00,14:00,450,,13:30,21:30,450,F,21:15,06:15,495,F|S,11,10,8,10,30,45,8,38.5,30,0.05,0,2.0.0,20261169
PK-004,2026-11-02,history,-28,Montag,1,45,0,0,,Pflegefachkraft,Pflegefachkraft,EXAM|KARDIO_MONITORING,0.75,28.88,6931,6931,6238,7624,5,2,2,8,1,1,Pflegefachkraft,0,0.0,-1485,19,19,6,4,0,3429,1,,,,,F,0,,0,,3,3,3,0,1372,1,3,3,3,0,1200,1,2,2,2,0,857,0,ST-HCH1,Normalstation Herzchirurgie,24,Herzchirurgie,7.0,15.0,06:00,14:00,450,,13:30,21:30,450,F,21:15,06:15,495,F|S,11,10,8,10,30,45,8,38.5,30,0.05,0,2.0.0,20261169
PK-005,2026-11-02,history,-28,Montag,1,45,0,0,,Pflegefachkraft,Pflegefachkraft,EXAM|PRAXISANLEITUNG,0.7,26.95,6468,6468,5821,7115,5,2,2,8,1,1,Pflegefachkraft,0,0.0,431,19,19,6,4,0,3429,1,,,,,F,0,,0,,3,3,3,0,1372,1,3,3,3,0,1200,1,2,2,2,0,857,0,ST-HCH1,Normalstation Herzchirurgie,24,Herzchirurgie,7.0,15.0,06:00,14:00,450,,13:30,21:30,450,F,21:15,06:15,495,F|S,11,10,8,10,30,45,8,38.5,30,0.05,0,2.0.0,20261169
PK-006,2026-11-02,history,-28,Montag,1,45,0,0,,Pflegefachkraft,Pflegefachkraft,EXAM,1.0,38.5,9240,9240,8316,10164,5,2,2,8,1,1,Pflegefachkraft,0,0.0,-2130,19,19,6,4,0,3429,1,,,,,S,0,,0,,3,3,3,0,1372,1,3,3,3,0,1200,1,2,2,2,0,857,0,ST-HCH1,Normalstation Herzchirurgie,24,Herzchirurgie,7.0,15.0,06:00,14:00,450,,13:30,21:30,450,F,21:15,06:15,495,F|S,11,10,8,10,30,45,8,38.5,30,0.05,0,2.0.0,20261169
PK-007,2026-11-02,history,-28,Montag,1,45,0,0,,Pflegefachkraft,Pflegefachkraft,EXAM,1.0,38.5,9240,9240,8316,10164,5,2,2,8,1,1,Pflegefachkraft,0,0.0,1104,19,19,6,4,0,3429,1,,,,,S,0,,0,,3,3,3,0,1372,1,3,3,3,0,1200,1,2,2,2,0,857,0,ST-HCH1,Normalstation Herzchirurgie,24,Herzchirurgie,7.0,15.0,06:00,14:00,450,,13:30,21:30,450,F,21:15,06:15,495,F|S,11,10,8,10,30,45,8,38.5,30,0.05,0,2.0.0,20261169
PK-008,2026-11-02,history,-28,Montag,1,45,0,0,,Pflegefachkraft,Pflegefachkraft,EXAM|PRAXISANLEITUNG,1.0,38.5,9240,9240,8316,10164,5,2,2,8,1,1,Pflegefachkraft,0,0.0,-2265,19,19,6,4,0,3429,1,,,,,S,0,,0,,3,3,3,0,1372,1,3,3,3,0,1200,1,2,2,2,0,857,0,ST-HCH1,Normalstation Herzchirurgie,24,Herzchirurgie,7.0,15.0,06:00,14:00,450,,13:30,21:30,450,F,21:15,06:15,495,F|S,11,10,8,10,30,45,8,38.5,30,0.05,0,2.0.0,20261169
PK-009,2026-11-02,history,-28,Montag,1,45,0,0,,Pflegefachkraft,Pflegefachkraft,EXAM,0.9,34.65,8316,8316,7484,9148,5,2,2,8,1,1,Pflegefachkraft,0,0.0,-1881,19,19,6,4,0,3429,1,,,,,,0,,0,,3,3,3,0,1372,1,3,3,3,0,1200,1,2,2,2,0,857,0,ST-HCH1,Normalstation Herzchirurgie,24,Herzchirurgie,7.0,15.0,06:00,14:00,450,,13:30,21:30,450,F,21:15,06:15,495,F|S,11,10,8,10,30,45,8,38.5,30,0.05,0,2.0.0,20261169
PK-010,2026-11-02,history,-28,Montag,1,45,0,0,,Pflegefachkraft,Pflegefachkraft,EXAM,0.75,28.88,6931,6931,6238,7624,5,2,2,8,1,1,Pflegefachkraft,0,0.0,-1845,19,19,6,4,0,3429,1,,,,,,0,,0,,3,3,3,0,1372,1,3,3,3,0,1200,1,2,2,2,0,857,0,ST-HCH1,Normalstation Herzchirurgie,24,Herzchirurgie,7.0,15.0,06:00,14:00,450,,13:30,21:30,450,F,21:15,06:15,495,F|S,11,10,8,10,30,45,8,38.5,30,0.05,0,2.0.0,20261169
PK-011,2026-11-02,history,-28,Montag,1,45,0,0,,Pflegefachkraft,Pflegefachkraft,EXAM,0.8,30.8,7392,7392,6653,8131,5,2,2,8,1,1,Pflegefachkraft,0,0.0,-1947,19,19,6,4,0,3429,1,,,,,,0,,0,,3,3,3,0,1372,1,3,3,3,0,1200,1,2,2,2,0,857,0,ST-HCH1,Normalstation Herzchirurgie,24,Herzchirurgie,7.0,15.0,06:00,14:00,450,,13:30,21:30,450,F,21:15,06:15,495,F|S,11,10,8,10,30,45,8,38.5,30,0.05,0,2.0.0,20261169
PK-012,2026-11-02,history,-28,Montag,1,45,0,0,,Pflegefachkraft,Pflegefachkraft,EXAM|KARDIO_MONITORING,0.7,26.95,6468,6468,5821,7115,5,2,2,8,1,1,Pflegefachkraft,0,0.0,-1473,19,19,6,4,0,3429,1,,,,,,0,,0,,3,3,3,0,1372,1,3,3,3,0,1200,1,2,2,2,0,857,0,ST-HCH1,Normalstation Herzchirurgie,24,Herzchirurgie,7.0,15.0,06:00,14:00,450,,13:30,21:30,450,F,21:15,06:15,495,F|S,11,10,8,10,30,45,8,38.5,30,0.05,0,2.0.0,20261169
PK-013,2026-11-02,history,-28,Montag,1,45,0,0,,Pflegefachkraft,Pflegefachkraft,EXAM,1.0,38.5,9240,9240,8316,10164,5,2,2,8,1,1,Pflegefachkraft,0,0.0,-2445,19,19,6,4,0,3429,1,,,,,,0,,0,,3,3,3,0,1372,1,3,3,3,0,1200,1,2,2,2,0,857,0,ST-HCH1,Normalstation Herzchirurgie,24,Herzchirurgie,7.0,15.0,06:00,14:00,450,,13:30,21:30,450,F,21:15,06:15,495,F|S,11,10,8,10,30,45,8,38.5,30,0.05,0,2.0.0,20261169
PK-014,2026-11-02,history,-28,Montag,1,45,0,0,,Pflegefachkraft,Pflegefachkraft,EXAM|KARDIO_MONITORING,0.5,19.25,4620,4620,4158,5082,5,2,2,8,1,1,Pflegefachkraft,0,0.0,-1020,19,19,6,4,0,3429,1,,,,,,0,,0,,3,3,3,0,1372,1,3,3,3,0,1200,1,2,2,2,0,857,0,ST-HCH1,Normalstation Herzchirurgie,24,Herzchirurgie,7.0,15.0,06:00,14:00,450,,13:30,21:30,450,F,21:15,06:15,495,F|S,11,10,8,10,30,45,8,38.5,30,0.05,0,2.0.0,20261169
PK-015,2026-11-02,history,-28,Montag,1,45,0,0,,Pflegefachkraft,Pflegefachkraft,EXAM,1.0,38.5,9240,9240,8316,10164,5,2,2,8,1,1,Pflegefachkraft,0,0.0,-2490,19,19,6,4,0,3429,1,,,,,,0,,0,,3,3,3,0,1372,1,3,3,3,0,1200,1,2,2,2,0,857,0,ST-HCH1,Normalstation Herzchirurgie,24,Herzchirurgie,7.0,15.0,06:00,14:00,450,,13:30,21:30,450,F,21:15,06:15,495,F|S,11,10,8,10,30,45,8,38.5,30,0.05,0,2.0.0,20261169
PK-016,2026-11-02,history,-28,Montag,1,45,0,0,,Pflegefachkraft,Pflegefachkraft,EXAM|PRAXISANLEITUNG,1.0,38.5,9240,9240,8316,10164,5,2,2,8,1,1,Pflegefachkraft,0,0.0,-2310,19,19,6,4,0,3429,1,,,,,,0,,0,,3,3,3,0,1372,1,3,3,3,0,1200,1,2,2,2,0,857,0,ST-HCH1,Normalstation Herzchirurgie,24,Herzchirurgie,7.0,15.0,06:00,14:00,450,,13:30,21:30,450,F,21:15,06:15,495,F|S,11,10,8,10,30,45,8,38.5,30,0.05,0,2.0.0,20261169
PK-017,2026-11-02,history,-28,Montag,1,45,0,0,,Pflegefachkraft,Pflegefachkraft,EXAM,0.8,30.8,7392,7392,6653,8131,5,2,2,8,1,1,Pflegefachkraft,0,0.0,-1902,19,19,6,4,0,3429,1,,,,,,0,,0,,3,3,3,0,1372,1,3,3,3,0,1200,1,2,2,2,0,857,0,ST-HCH1,Normalstation Herzchirurgie,24,Herzchirurgie,7.0,15.0,06:00,14:00,450,,13:30,21:30,450,F,21:15,06:15,495,F|S,11,10,8,10,30,45,8,38.5,30,0.05,0,2.0.0,20261169
PK-018,2026-11-02,history,-28,Montag,1,45,0,0,,Pflegefachkraft,Pflegefachkraft,EXAM,0.5,19.25,4620,4620,4158,5082,5,2,2,8,1,1,Pflegefachkraft,0,0.0,-1245,19,19,6,4,0,3429,1,,,,,,0,,0,,3,3,3,0,1372,1,3,3,3,0,1200,1,2,2,2,0,857,0,ST-HCH1,Normalstation Herzchirurgie,24,Herzchirurgie,7.0,15.0,06:00,14:00,450,,13:30,21:30,450,F,21:15,06:15,495,F|S,11,10,8,10,30,45,8,38.5,30,0.05,0,2.0.0,20261169
AZ-001,2026-11-03,history,-27,Dienstag,2,45,0,0,,Auszubildende_r_3_Ausbildungsjahr,Auszubildende,AUSZUBILDEND,1.0,38.5,9240,9240,8316,10164,5,2,2,8,1,0,nicht anrechenbar,0,0.0,-9240,19,18,5,2,2,4050,1,,,,,,0,,0,,4,3,4,0,1620,1,3,3,3,0,1418,1,2,2,2,0,1012,0,ST-HCH1,Normalstation Herzchirurgie,24,Herzchirurgie,7.0,15.0,06:00,14:00,450,,13:30,21:30,450,F,21:15,06:15,495,F|S,11,10,8,10,30,45,8,38.5,30,0.05,0,2.0.0,20261169
AZ-002,2026-11-03,history,-27,Dienstag,2,45,0,0,,Auszubildende_r_2_Ausbildungsjahr,Auszubildende,AUSZUBILDEND,1.0,38.5,9240,9240,8316,10164,5,2,2,8,1,0,nicht anrechenbar,0,0.0,-6006,19,18,5,2,2,4050,1,,,,,,0,,0,,4,3,4,0,1620,1,3,3,3,0,1418,1,2,2,2,0,1012,0,ST-HCH1,Normalstation Herzchirurgie,24,Herzchirurgie,7.0,15.0,06:00,14:00,450,,13:30,21:30,450,F,21:15,06:15,495,F|S,11,10,8,10,30,45,8,38.5,30,0.05,0,2.0.0,20261169
AZ-003,2026-11-03,history,-27,Dienstag,2,45,0,0,,Auszubildende_r_1_Ausbildungsjahr,Auszubildende,AUSZUBILDEND,1.0,38.5,9240,9240,8316,10164,5,2,2,0,0,0,nicht anrechenbar,0,0.0,-9240,19,18,5,2,2,4050,1,,,,,,0,,0,,4,3,4,0,1620,1,3,3,3,0,1418,1,2,2,2,0,1012,0,ST-HCH1,Normalstation Herzchirurgie,24,Herzchirurgie,7.0,15.0,06:00,14:00,450,,13:30,21:30,450,F,21:15,06:15,495,F|S,11,10,8,10,30,45,8,38.5,30,0.05,0,2.0.0,20261169
PK-001,2026-11-03,history,-27,Dienstag,2,45,0,0,,Stationsleitung,Pflegefachkraft,EXAM|LEITUNG|PRAXISANLEITUNG,1.0,38.5,9240,4620,4158,5082,5,2,2,0,0,1,Pflegefachkraft,1,0.5,2130,19,18,5,2,2,4050,1,,,,,,0,,0,,4,3,4,0,1620,1,3,3,3,0,1418,1,2,2,2,0,1012,0,ST-HCH1,Normalstation Herzchirurgie,24,Herzchirurgie,7.0,15.0,06:00,14:00,450,,13:30,21:30,450,F,21:15,06:15,495,F|S,11,10,8,10,30,45,8,38.5,30,0.05,0,2.0.0,20261169
PK-002,2026-11-03,history,-27,Dienstag,2,45,0,0,,Pflegefachkraft,Pflegefachkraft,EXAM,0.6,23.1,5544,5544,4990,6098,5,2,2,8,1,1,Pflegefachkraft,0,0.0,-1359,19,18,5,2,2,4050,1,,,,,,0,,0,,4,3,4,0,1620,1,3,3,3,0,1418,1,2,2,2,0,1012,0,ST-HCH1,Normalstation Herzchirurgie,24,Herzchirurgie,7.0,15.0,06:00,14:00,450,,13:30,21:30,450,F,21:15,06:15,495,F|S,11,10,8,10,30,45,8,38.5,30,0.05,0,2.0.0,20261169
PK-003,2026-11-03,history,-27,Dienstag,2,45,0,0,,Pflegefachkraft,Pflegefachkraft,EXAM|KARDIO_MONITORING,1.0,38.5,9240,9240,8316,10164,5,2,2,8,1,1,Pflegefachkraft,0,0.0,-2130,19,18,5,2,2,4050,1,,,,,,0,,0,,4,3,4,0,1620,1,3,3,3,0,1418,1,2,2,2,0,1012,0,ST-HCH1,Normalstation Herzchirurgie,24,Herzchirurgie,7.0,15.0,06:00,14:00,450,,13:30,21:30,450,F,21:15,06:15,495,F|S,11,10,8,10,30,45,8,38.5,30,0.05,0,2.0.0,20261169
PK-004,2026-11-03,history,-27,Dienstag,2,45,0,0,,Pflegefachkraft,Pflegefachkraft,EXAM|KARDIO_MONITORING,0.75,28.88,6931,6931,6238,7624,5,2,2,8,1,1,Pflegefachkraft,0,0.0,-1485,19,18,5,2,2,4050,1,,,,,,0,,0,,4,3,4,0,1620,1,3,3,3,0,1418,1,2,2,2,0,1012,0,ST-HCH1,Normalstation Herzchirurgie,24,Herzchirurgie,7.0,15.0,06:00,14:00,450,,13:30,21:30,450,F,21:15,06:15,495,F|S,11,10,8,10,30,45,8,38.5,30,0.05,0,2.0.0,20261169
PK-005,2026-11-03,history,-27,Dienstag,2,45,0,0,,Pflegefachkraft,Pflegefachkraft,EXAM|PRAXISANLEITUNG,0.7,26.95,6468,6468,5821,7115,5,2,2,8,1,1,Pflegefachkraft,0,0.0,431,19,18,5,2,2,4050,1,,,,,,0,,0,,4,3,4,0,1620,1,3,3,3,0,1418,1,2,2,2,0,1012,0,ST-HCH1,Normalstation Herzchirurgie,24,Herzchirurgie,7.0,15.0,06:00,14:00,450,,13:30,21:30,450,F,21:15,06:15,495,F|S,11,10,8,10,30,45,8,38.5,30,0.05,0,2.0.0,20261169
PK-006,2026-11-03,history,-27,Dienstag,2,45,0,0,,Pflegefachkraft,Pflegefachkraft,EXAM,1.0,38.5,9240,9240,8316,10164,5,2,2,8,1,1,Pflegefachkraft,0,0.0,-2130,19,18,5,2,2,4050,1,,,,,,0,,0,,4,3,4,0,1620,1,3,3,3,0,1418,1,2,2,2,0,1012,0,ST-HCH1,Normalstation Herzchirurgie,24,Herzchirurgie,7.0,15.0,06:00,14:00,450,,13:30,21:30,450,F,21:15,06:15,495,F|S,11,10,8,10,30,45,8,38.5,30,0.05,0,2.0.0,20261169
PK-007,2026-11-03,history,-27,Dienstag,2,45,0,0,,Pflegefachkraft,Pflegefachkraft,EXAM,1.0,38.5,9240,9240,8316,10164,5,2,2,8,1,1,Pflegefachkraft,0,0.0,1104,19,18,5,2,2,4050,1,,,,,,0,,0,,4,3,4,0,1620,1,3,3,3,0,1418,1,2,2,2,0,1012,0,ST-HCH1,Normalstation Herzchirurgie,24,Herzchirurgie,7.0,15.0,06:00,14:00,450,,13:30,21:30,450,F,21:15,06:15,495,F|S,11,10,8,10,30,45,8,38.5,30,0.05,0,2.0.0,20261169
PK-008,2026-11-03,history,-27,Dienstag,2,45,0,0,,Pflegefachkraft,Pflegefachkraft,EXAM|PRAXISANLEITUNG,1.0,38.5,9240,9240,8316,10164,5,2,2,8,1,1,Pflegefachkraft,0,0.0,-2265,19,18,5,2,2,4050,1,,,,,,0,,0,,4,3,4,0,1620,1,3,3,3,0,1418,1,2,2,2,0,1012,0,ST-HCH1,Normalstation Herzchirurgie,24,Herzchirurgie,7.0,15.0,06:00,14:00,450,,13:30,21:30,450,F,21:15,06:15,495,F|S,11,10,8,10,30,45,8,38.5,30,0.05,0,2.0.0,20261169
PK-009,2026-11-03,history,-27,Dienstag,2,45,0,0,,Pflegefachkraft,Pflegefachkraft,EXAM,0.9,34.65,8316,8316,7484,9148,5,2,2,8,1,1,Pflegefachkraft,0,0.0,-1881,19,18,5,2,2,4050,1,,,,,N,0,,0,,4,3,4,0,1620,1,3,3,3,0,1418,1,2,2,2,0,1012,0,ST-HCH1,Normalstation Herzchirurgie,24,Herzchirurgie,7.0,15.0,06:00,14:00,450,,13:30,21:30,450,F,21:15,06:15,495,F|S,11,10,8,10,30,45,8,38.5,30,0.05,0,2.0.0,20261169
PK-010,2026-11-03,history,-27,Dienstag,2,45,0,0,,Pflegefachkraft,Pflegefachkraft,EXAM,0.75,28.88,6931,6931,6238,7624,5,2,2,8,1,1,Pflegefachkraft,0,0.0,-1845,19,18,5,2,2,4050,1,,,,,N,0,,0,,4,3,4,0,1620,1,3,3,3,0,1418,1,2,2,2,0,1012,0,ST-HCH1,Normalstation Herzchirurgie,24,Herzchirurgie,7.0,15.0,06:00,14:00,450,,13:30,21:30,450,F,21:15,06:15,495,F|S,11,10,8,10,30,45,8,38.5,30,0.05,0,2.0.0,20261169
PK-011,2026-11-03,history,-27,Dienstag,2,45,0,0,,Pflegefachkraft,Pflegefachkraft,EXAM,0.8,30.8,7392,7392,6653,8131,5,2,2,8,1,1,Pflegefachkraft,0,0.0,-1947,19,18,5,2,2,4050,1,,,,,F,0,,0,,4,3,4,0,1620,1,3,3,3,0,1418,1,2,2,2,0,1012,0,ST-HCH1,Normalstation Herzchirurgie,24,Herzchirurgie,7.0,15.0,06:00,14:00,450,,13:30,21:30,450,F,21:15,06:15,495,F|S,11,10,8,10,30,45,8,38.5,30,0.05,0,2.0.0,20261169
PK-012,2026-11-03,history,-27,Dienstag,2,45,0,0,,Pflegefachkraft,Pflegefachkraft,EXAM|KARDIO_MONITORING,0.7,26.95,6468,6468,5821,7115,5,2,2,8,1,1,Pflegefachkraft,0,0.0,-1473,19,18,5,2,2,4050,1,,,,,F,0,,0,,4,3,4,0,1620,1,3,3,3,0,1418,1,2,2,2,0,1012,0,ST-HCH1,Normalstation Herzchirurgie,24,Herzchirurgie,7.0,15.0,06:00,14:00,450,,13:30,21:30,450,F,21:15,06:15,495,F|S,11,10,8,10,30,45,8,38.5,30,0.05,0,2.0.0,20261169
PK-013,2026-11-03,history,-27,Dienstag,2,45,0,0,,Pflegefachkraft,Pflegefachkraft,EXAM,1.0,38.5,9240,9240,8316,10164,5,2,2,8,1,1,Pflegefachkraft,0,0.0,-2445,19,18,5,2,2,4050,1,,,,,F,0,,0,,4,3,4,0,1620,1,3,3,3,0,1418,1,2,2,2,0,1012,0,ST-HCH1,Normalstation Herzchirurgie,24,Herzchirurgie,7.0,15.0,06:00,14:00,450,,13:30,21:30,450,F,21:15,06:15,495,F|S,11,10,8,10,30,45,8,38.5,30,0.05,0,2.0.0,20261169
PK-014,2026-11-03,history,-27,Dienstag,2,45,0,0,,Pflegefachkraft,Pflegefachkraft,EXAM|KARDIO_MONITORING,0.5,19.25,4620,4620,4158,5082,5,2,2,8,1,1,Pflegefachkraft,0,0.0,-1020,19,18,5,2,2,4050,1,,,,,F,0,,0,,4,3,4,0,1620,1,3,3,3,0,1418,1,2,2,2,0,1012,0,ST-HCH1,Normalstation Herzchirurgie,24,Herzchirurgie,7.0,15.0,06:00,14:00,450,,13:30,21:30,450,F,21:15,06:15,495,F|S,11,10,8,10,30,45,8,38.5,30,0.05,0,2.0.0,20261169
PK-015,2026-11-03,history,-27,Dienstag,2,45,0,0,,Pflegefachkraft,Pflegefachkraft,EXAM,1.0,38.5,9240,9240,8316,10164,5,2,2,8,1,1,Pflegefachkraft,0,0.0,-2490,19,18,5,2,2,4050,1,,,,,S,0,,0,,4,3,4,0,1620,1,3,3,3,0,1418,1,2,2,2,0,1012,0,ST-HCH1,Normalstation Herzchirurgie,24,Herzchirurgie,7.0,15.0,06:00,14:00,450,,13:30,21:30,450,F,21:15,06:15,495,F|S,11,10,8,10,30,45,8,38.5,30,0.05,0,2.0.0,20261169
PK-016,2026-11-03,history,-27,Dienstag,2,45,0,0,,Pflegefachkraft,Pflegefachkraft,EXAM|PRAXISANLEITUNG,1.0,38.5,9240,9240,8316,10164,5,2,2,8,1,1,Pflegefachkraft,0,0.0,-2310,19,18,5,2,2,4050,1,,,,,S,0,,0,,4,3,4,0,1620,1,3,3,3,0,1418,1,2,2,2,0,1012,0,ST-HCH1,Normalstation Herzchirurgie,24,Herzchirurgie,7.0,15.0,06:00,14:00,450,,13:30,21:30,450,F,21:15,06:15,495,F|S,11,10,8,10,30,45,8,38.5,30,0.05,0,2.0.0,20261169
PK-017,2026-11-03,history,-27,Dienstag,2,45,0,0,,Pflegefachkraft,Pflegefachkraft,EXAM,0.8,30.8,7392,7392,6653,8131,5,2,2,8,1,1,Pflegefachkraft,0,0.0,-1902,19,18,5,2,2,4050,1,,,,,S,0,,0,,4,3,4,0,1620,1,3,3,3,0,1418,1,2,2,2,0,1012,0,ST-HCH1,Normalstation Herzchirurgie,24,Herzchirurgie,7.0,15.0,06:00,14:00,450,,13:30,21:30,450,F,21:15,06:15,495,F|S,11,10,8,10,30,45,8,38.5,30,0.05,0,2.0.0,20261169
PK-018,2026-11-03,history,-27,Dienstag,2,45,0,0,,Pflegefachkraft,Pflegefachkraft,EXAM,0.5,19.25,4620,4620,4158,5082,5,2,2,8,1,1,Pflegefachkraft,0,0.0,-1245,19,18,5,2,2,4050,1,,,,,,0,,0,,4,3,4,0,1620,1,3,3,3,0,1418,1,2,2,2,0,1012,0,ST-HCH1,Normalstation Herzchirurgie,24,Herzchirurgie,7.0,15.0,06:00,14:00,450,,13:30,21:30,450,F,21:15,06:15,495,F|S,11,10,8,10,30,45,8,38.5,30,0.05,0,2.0.0,20261169
AZ-001,2026-11-04,history,-26,Mittwoch,3,45,0,0,,Auszubildende_r_3_Ausbildungsjahr,Auszubildende,AUSZUBILDEND,1.0,38.5,9240,9240,8316,10164,5,2,2,8,1,0,nicht anrechenbar,0,0.0,-9240,18,18,3,4,3,3354,1,,,,,,0,,0,,3,3,3,0,1342,1,3,3,3,0,1174,1,2,2,2,0,838,0,ST-HCH1,Normalstation Herzchirurgie,24,Herzchirurgie,7.0,15.0,06:00,14:00,450,,13:30,21:30,450,F,21:15,06:15,495,F|S,11,10,8,10,30,45,8,38.5,30,0.05,0,2.0.0,20261169
AZ-002,2026-11-04,history,-26,Mittwoch,3,45,0,0,,Auszubildende_r_2_Ausbildungsjahr,Auszubildende,AUSZUBILDEND,1.0,38.5,9240,9240,8316,10164,5,2,2,8,1,0,nicht anrechenbar,0,0.0,-6006,18,18,3,4,3,3354,1,,,,,,0,,0,,3,3,3,0,1342,1,3,3,3,0,1174,1,2,2,2,0,838,0,ST-HCH1,Normalstation Herzchirurgie,24,Herzchirurgie,7.0,15.0,06:00,14:00,450,,13:30,21:30,450,F,21:15,06:15,495,F|S,11,10,8,10,30,45,8,38.5,30,0.05,0,2.0.0,20261169
AZ-003,2026-11-04,history,-26,Mittwoch,3,45,0,0,,Auszubildende_r_1_Ausbildungsjahr,Auszubildende,AUSZUBILDEND,1.0,38.5,9240,9240,8316,10164,5,2,2,0,0,0,nicht anrechenbar,0,0.0,-9240,18,18,3,4,3,3354,1,,,,,,0,,0,,3,3,3,0,1342,1,3,3,3,0,1174,1,2,2,2,0,838,0,ST-HCH1,Normalstation Herzchirurgie,24,Herzchirurgie,7.0,15.0,06:00,14:00,450,,13:30,21:30,450,F,21:15,06:15,495,F|S,11,10,8,10,30,45,8,38.5,30,0.05,0,2.0.0,20261169
PK-001,2026-11-04,history,-26,Mittwoch,3,45,0,0,,Stationsleitung,Pflegefachkraft,EXAM|LEITUNG|PRAXISANLEITUNG,1.0,38.5,9240,4620,4158,5082,5,2,2,0,0,1,Pflegefachkraft,1,0.5,2130,18,18,3,4,3,3354,1,,,,,F,0,,0,,3,3,3,0,1342,1,3,3,3,0,1174,1,2,2,2,0,838,0,ST-HCH1,Normalstation Herzchirurgie,24,Herzchirurgie,7.0,15.0,06:00,14:00,450,,13:30,21:30,450,F,21:15,06:15,495,F|S,11,10,8,10,30,45,8,38.5,30,0.05,0,2.0.0,20261169
PK-002,2026-11-04,history,-26,Mittwoch,3,45,0,0,,Pflegefachkraft,Pflegefachkraft,EXAM,0.6,23.1,5544,5544,4990,6098,5,2,2,8,1,1,Pflegefachkraft,0,0.0,-1359,18,18,3,4,3,3354,1,,,,,,0,,0,,3,3,3,0,1342,1,3,3,3,0,1174,1,2,2,2,0,838,0,ST-HCH1,Normalstation Herzchirurgie,24,Herzchirurgie,7.0,15.0,06:00,14:00,450,,13:30,21:30,450,F,21:15,06:15,495,F|S,11,10,8,10,30,45,8,38.5,30,0.05,0,2.0.0,20261169
PK-003,2026-11-04,history,-26,Mittwoch,3,45,0,0,,Pflegefachkraft,Pflegefachkraft,EXAM|KARDIO_MONITORING,1.0,38.5,9240,9240,8316,10164,5,2,2,8,1,1,Pflegefachkraft,0,0.0,-2130,18,18,3,4,3,3354,1,,,,,,0,,0,,3,3,3,0,1342,1,3,3,3,0,1174,1,2,2,2,0,838,0,ST-HCH1,Normalstation Herzchirurgie,24,Herzchirurgie,7.0,15.0,06:00,14:00,450,,13:30,21:30,450,F,21:15,06:15,495,F|S,11,10,8,10,30,45,8,38.5,30,0.05,0,2.0.0,20261169
PK-004,2026-11-04,history,-26,Mittwoch,3,45,0,0,,Pflegefachkraft,Pflegefachkraft,EXAM|KARDIO_MONITORING,0.75,28.88,6931,6931,6238,7624,5,2,2,8,1,1,Pflegefachkraft,0,0.0,-1485,18,18,3,4,3,3354,1,,,,,,0,,0,,3,3,3,0,1342,1,3,3,3,0,1174,1,2,2,2,0,838,0,ST-HCH1,Normalstation Herzchirurgie,24,Herzchirurgie,7.0,15.0,06:00,14:00,450,,13:30,21:30,450,F,21:15,06:15,495,F|S,11,10,8,10,30,45,8,38.5,30,0.05,0,2.0.0,20261169
PK-005,2026-11-04,history,-26,Mittwoch,3,45,0,0,,Pflegefachkraft,Pflegefachkraft,EXAM|PRAXISANLEITUNG,0.7,26.95,6468,6468,5821,7115,5,2,2,8,1,1,Pflegefachkraft,0,0.0,431,18,18,3,4,3,3354,1,,,,,,0,,0,,3,3,3,0,1342,1,3,3,3,0,1174,1,2,2,2,0,838,0,ST-HCH1,Normalstation Herzchirurgie,24,Herzchirurgie,7.0,15.0,06:00,14:00,450,,13:30,21:30,450,F,21:15,06:15,495,F|S,11,10,8,10,30,45,8,38.5,30,0.05,0,2.0.0,20261169
PK-006,2026-11-04,history,-26,Mittwoch,3,45,0,0,,Pflegefachkraft,Pflegefachkraft,EXAM,1.0,38.5,9240,9240,8316,10164,5,2,2,8,1,1,Pflegefachkraft,0,0.0,-2130,18,18,3,4,3,3354,1,,,,,N,0,,0,,3,3,3,0,1342,1,3,3,3,0,1174,1,2,2,2,0,838,0,ST-HCH1,Normalstation Herzchirurgie,24,Herzchirurgie,7.0,15.0,06:00,14:00,450,,13:30,21:30,450,F,21:15,06:15,495,F|S,11,10,8,10,30,45,8,38.5,30,0.05,0,2.0.0,20261169
PK-007,2026-11-04,history,-26,Mittwoch,3,45,0,0,,Pflegefachkraft,Pflegefachkraft,EXAM,1.0,38.5,9240,9240,8316,10164,5,2,2,8,1,1,Pflegefachkraft,0,0.0,1104,18,18,3,4,3,3354,1,,,,,F,0,,0,,3,3,3,0,1342,1,3,3,3,0,1174,1,2,2,2,0,838,0,ST-HCH1,Normalstation Herzchirurgie,24,Herzchirurgie,7.0,15.0,06:00,14:00,450,,13:30,21:30,450,F,21:15,06:15,495,F|S,11,10,8,10,30,45,8,38.5,30,0.05,0,2.0.0,20261169
PK-008,2026-11-04,history,-26,Mittwoch,3,45,0,0,,Pflegefachkraft,Pflegefachkraft,EXAM|PRAXISANLEITUNG,1.0,38.5,9240,9240,8316,10164,5,2,2,8,1,1,Pflegefachkraft,0,0.0,-2265,18,18,3,4,3,3354,1,,,,,F,0,,0,,3,3,3,0,1342,1,3,3,3,0,1174,1,2,2,2,0,838,0,ST-HCH1,Normalstation Herzchirurgie,24,Herzchirurgie,7.0,15.0,06:00,14:00,450,,13:30,21:30,450,F,21:15,06:15,495,F|S,11,10,8,10,30,45,8,38.5,30,0.05,0,2.0.0,20261169
PK-009,2026-11-04,history,-26,Mittwoch,3,45,0,0,,Pflegefachkraft,Pflegefachkraft,EXAM,0.9,34.65,8316,8316,7484,9148,5,2,2,8,1,1,Pflegefachkraft,0,0.0,-1881,18,18,3,4,3,3354,1,,,,,,0,,0,,3,3,3,0,1342,1,3,3,3,0,1174,1,2,2,2,0,838,0,ST-HCH1,Normalstation Herzchirurgie,24,Herzchirurgie,7.0,15.0,06:00,14:00,450,,13:30,21:30,450,F,21:15,06:15,495,F|S,11,10,8,10,30,45,8,38.5,30,0.05,0,2.0.0,20261169
PK-010,2026-11-04,history,-26,Mittwoch,3,45,0,0,,Pflegefachkraft,Pflegefachkraft,EXAM,0.75,28.88,6931,6931,6238,7624,5,2,2,8,1,1,Pflegefachkraft,0,0.0,-1845,18,18,3,4,3,3354,1,,,,,,0,,0,,3,3,3,0,1342,1,3,3,3,0,1174,1,2,2,2,0,838,0,ST-HCH1,Normalstation Herzchirurgie,24,Herzchirurgie,7.0,15.0,06:00,14:00,450,,13:30,21:30,450,F,21:15,06:15,495,F|S,11,10,8,10,30,45,8,38.5,30,0.05,0,2.0.0,20261169
PK-011,2026-11-04,history,-26,Mittwoch,3,45,0,0,,Pflegefachkraft,Pflegefachkraft,EXAM,0.8,30.8,7392,7392,6653,8131,5,2,2,8,1,1,Pflegefachkraft,0,0.0,-1947,18,18,3,4,3,3354,1,,,,,,0,,0,,3,3,3,0,1342,1,3,3,3,0,1174,1,2,2,2,0,838,0,ST-HCH1,Normalstation Herzchirurgie,24,Herzchirurgie,7.0,15.0,06:00,14:00,450,,13:30,21:30,450,F,21:15,06:15,495,F|S,11,10,8,10,30,45,8,38.5,30,0.05,0,2.0.0,20261169
PK-012,2026-11-04,history,-26,Mittwoch,3,45,0,0,,Pflegefachkraft,Pflegefachkraft,EXAM|KARDIO_MONITORING,0.7,26.95,6468,6468,5821,7115,5,2,2,8,1,1,Pflegefachkraft,0,0.0,-1473,18,18,3,4,3,3354,1,,,,,,0,,0,,3,3,3,0,1342,1,3,3,3,0,1174,1,2,2,2,0,838,0,ST-HCH1,Normalstation Herzchirurgie,24,Herzchirurgie,7.0,15.0,06:00,14:00,450,,13:30,21:30,450,F,21:15,06:15,495,F|S,11,10,8,10,30,45,8,38.5,30,0.05,0,2.0.0,20261169
PK-013,2026-11-04,history,-26,Mittwoch,3,45,0,0,,Pflegefachkraft,Pflegefachkraft,EXAM,1.0,38.5,9240,9240,8316,10164,5,2,2,8,1,1,Pflegefachkraft,0,0.0,-2445,18,18,3,4,3,3354,1,,,,,S,0,,0,,3,3,3,0,1342,1,3,3,3,0,1174,1,2,2,2,0,838,0,ST-HCH1,Normalstation Herzchirurgie,24,Herzchirurgie,7.0,15.0,06:00,14:00,450,,13:30,21:30,450,F,21:15,06:15,495,F|S,11,10,8,10,30,45,8,38.5,30,0.05,0,2.0.0,20261169
PK-014,2026-11-04,history,-26,Mittwoch,3,45,0,0,,Pflegefachkraft,Pflegefachkraft,EXAM|KARDIO_MONITORING,0.5,19.25,4620,4620,4158,5082,5,2,2,8,1,1,Pflegefachkraft,0,0.0,-1020,18,18,3,4,3,3354,1,,,,,,0,,0,,3,3,3,0,1342,1,3,3,3,0,1174,1,2,2,2,0,838,0,ST-HCH1,Normalstation Herzchirurgie,24,Herzchirurgie,7.0,15.0,06:00,14:00,450,,13:30,21:30,450,F,21:15,06:15,495,F|S,11,10,8,10,30,45,8,38.5,30,0.05,0,2.0.0,20261169
PK-015,2026-11-04,history,-26,Mittwoch,3,45,0,0,,Pflegefachkraft,Pflegefachkraft,EXAM,1.0,38.5,9240,9240,8316,10164,5,2,2,8,1,1,Pflegefachkraft,0,0.0,-2490,18,18,3,4,3,3354,1,,,,,S,0,,0,,3,3,3,0,1342,1,3,3,3,0,1174,1,2,2,2,0,838,0,ST-HCH1,Normalstation Herzchirurgie,24,Herzchirurgie,7.0,15.0,06:00,14:00,450,,13:30,21:30,450,F,21:15,06:15,495,F|S,11,10,8,10,30,45,8,38.5,30,0.05,0,2.0.0,20261169
PK-016,2026-11-04,history,-26,Mittwoch,3,45,0,0,,Pflegefachkraft,Pflegefachkraft,EXAM|PRAXISANLEITUNG,1.0,38.5,9240,9240,8316,10164,5,2,2,8,1,1,Pflegefachkraft,0,0.0,-2310,18,18,3,4,3,3354,1,,,,,S,0,,0,,3,3,3,0,1342,1,3,3,3,0,1174,1,2,2,2,0,838,0,ST-HCH1,Normalstation Herzchirurgie,24,Herzchirurgie,7.0,15.0,06:00,14:00,450,,13:30,21:30,450,F,21:15,06:15,495,F|S,11,10,8,10,30,45,8,38.5,30,0.05,0,2.0.0,20261169
PK-017,2026-11-04,history,-26,Mittwoch,3,45,0,0,,Pflegefachkraft,Pflegefachkraft,EXAM,0.8,30.8,7392,7392,6653,8131,5,2,2,8,1,1,Pflegefachkraft,0,0.0,-1902,18,18,3,4,3,3354,1,,,,,,0,,0,,3,3,3,0,1342,1,3,3,3,0,1174,1,2,2,2,0,838,0,ST-HCH1,Normalstation Herzchirurgie,24,Herzchirurgie,7.0,15.0,06:00,14:00,450,,13:30,21:30,450,F,21:15,06:15,495,F|S,11,10,8,10,30,45,8,38.5,30,0.05,0,2.0.0,20261169
PK-018,2026-11-04,history,-26,Mittwoch,3,45,0,0,,Pflegefachkraft,Pflegefachkraft,EXAM,0.5,19.25,4620,4620,4158,5082,5,2,2,8,1,1,Pflegefachkraft,0,0.0,-1245,18,18,3,4,3,3354,1,,,,,N,0,,0,,3,3,3,0,1342,1,3,3,3,0,1174,1,2,2,2,0,838,0,ST-HCH1,Normalstation Herzchirurgie,24,Herzchirurgie,7.0,15.0,06:00,14:00,450,,13:30,21:30,450,F,21:15,06:15,495,F|S,11,10,8,10,30,45,8,38.5,30,0.05,0,2.0.0,20261169
AZ-001,2026-11-05,history,-25,Donnerstag,4,45,0,0,,Auszubildende_r_3_Ausbildungsjahr,Auszubildende,AUSZUBILDEND,1.0,38.5,9240,9240,8316,10164,5,2,2,8,1,0,nicht anrechenbar,0,0.0,-9240,18,16,6,1,3,3505,1,,,,,,0,,0,,3,3,3,0,1402,1,3,3,3,0,1227,1,2,2,2,0,876,0,ST-HCH1,Normalstation Herzchirurgie,24,Herzchirurgie,7.0,15.0,06:00,14:00,450,,13:30,21:30,450,F,21:15,06:15,495,F|S,11,10,8,10,30,45,8,38.5,30,0.05,0,2.0.0,20261169
AZ-002,2026-11-05,history,-25,Donnerstag,4,45,0,0,,Auszubildende_r_2_Ausbildungsjahr,Auszubildende,AUSZUBILDEND,1.0,38.5,9240,9240,8316,10164,5,2,2,8,1,0,nicht anrechenbar,0,0.0,-6006,18,16,6,1,3,3505,1,,,,,,0,,0,,3,3,3,0,1402,1,3,3,3,0,1227,1,2,2,2,0,876,0,ST-HCH1,Normalstation Herzchirurgie,24,Herzchirurgie,7.0,15.0,06:00,14:00,450,,13:30,21:30,450,F,21:15,06:15,495,F|S,11,10,8,10,30,45,8,38.5,30,0.05,0,2.0.0,20261169
AZ-003,2026-11-05,history,-25,Donnerstag,4,45,0,0,,Auszubildende_r_1_Ausbildungsjahr,Auszubildende,AUSZUBILDEND,1.0,38.5,9240,9240,8316,10164,5,2,2,0,0,0,nicht anrechenbar,0,0.0,-9240,18,16,6,1,3,3505,1,,,,,,0,,0,,3,3,3,0,1402,1,3,3,3,0,1227,1,2,2,2,0,876,0,ST-HCH1,Normalstation Herzchirurgie,24,Herzchirurgie,7.0,15.0,06:00,14:00,450,,13:30,21:30,450,F,21:15,06:15,495,F|S,11,10,8,10,30,45,8,38.5,30,0.05,0,2.0.0,20261169
PK-001,2026-11-05,history,-25,Donnerstag,4,45,0,0,,Stationsleitung,Pflegefachkraft,EXAM|LEITUNG|PRAXISANLEITUNG,1.0,38.5,9240,4620,4158,5082,5,2,2,0,0,1,Pflegefachkraft,1,0.5,2130,18,16,6,1,3,3505,1,,,,,,0,,0,,3,3,3,0,1402,1,3,3,3,0,1227,1,2,2,2,0,876,0,ST-HCH1,Normalstation Herzchirurgie,24,Herzchirurgie,7.0,15.0,06:00,14:00,450,,13:30,21:30,450,F,21:15,06:15,495,F|S,11,10,8,10,30,45,8,38.5,30,0.05,0,2.0.0,20261169
PK-002,2026-11-05,history,-25,Donnerstag,4,45,0,0,,Pflegefachkraft,Pflegefachkraft,EXAM,0.6,23.1,5544,5544,4990,6098,5,2,2,8,1,1,Pflegefachkraft,0,0.0,-1359,18,16,6,1,3,3505,1,,,,,,0,,0,,3,3,3,0,1402,1,3,3,3,0,1227,1,2,2,2,0,876,0,ST-HCH1,Normalstation Herzchirurgie,24,Herzchirurgie,7.0,15.0,06:00,14:00,450,,13:30,21:30,450,F,21:15,06:15,495,F|S,11,10,8,10,30,45,8,38.5,30,0.05,0,2.0.0,20261169
PK-003,2026-11-05,history,-25,Donnerstag,4,45,0,0,,Pflegefachkraft,Pflegefachkraft,EXAM|KARDIO_MONITORING,1.0,38.5,9240,9240,8316,10164,5,2,2,8,1,1,Pflegefachkraft,0,0.0,-2130,18,16,6,1,3,3505,1,,,,,N,0,,0,,3,3,3,0,1402,1,3,3,3,0,1227,1,2,2,2,0,876,0,ST-HCH1,Normalstation Herzchirurgie,24,Herzchirurgie,7.0,15.0,06:00,14:00,450,,13:30,21:30,450,F,21:15,06:15,495,F|S,11,10,8,10,30,45,8,38.5,30,0.05,0,2.0.0,20261169
PK-004,2026-11-05,history,-25,Donnerstag,4,45,0,0,,Pflegefachkraft,Pflegefachkraft,EXAM|KARDIO_MONITORING,0.75,28.88,6931,6931,6238,7624,5,2,2,8,1,1,Pflegefachkraft,0,0.0,-1485,18,16,6,1,3,3505,1,,,,,F,0,,0,,3,3,3,0,1402,1,3,3,3,0,1227,1,2,2,2,0,876,0,ST-HCH1,Normalstation Herzchirurgie,24,Herzchirurgie,7.0,15.0,06:00,14:00,450,,13:30,21:30,450,F,21:15,06:15,495,F|S,11,10,8,10,30,45,8,38.5,30,0.05,0,2.0.0,20261169
PK-005,2026-11-05,history,-25,Donnerstag,4,45,0,0,,Pflegefachkraft,Pflegefachkraft,EXAM|PRAXISANLEITUNG,0.7,26.95,6468,6468,5821,7115,5,2,2,8,1,1,Pflegefachkraft,0,0.0,431,18,16,6,1,3,3505,1,,,,,S,0,,0,,3,3,3,0,1402,1,3,3,3,0,1227,1,2,2,2,0,876,0,ST-HCH1,Normalstation Herzchirurgie,24,Herzchirurgie,7.0,15.0,06:00,14:00,450,,13:30,21:30,450,F,21:15,06:15,495,F|S,11,10,8,10,30,45,8,38.5,30,0.05,0,2.0.0,20261169
PK-006,2026-11-05,history,-25,Donnerstag,4,45,0,0,,Pflegefachkraft,Pflegefachkraft,EXAM,1.0,38.5,9240,9240,8316,10164,5,2,2,8,1,1,Pflegefachkraft,0,0.0,-2130,18,16,6,1,3,3505,1,,,,,,0,,0,,3,3,3,0,1402,1,3,3,3,0,1227,1,2,2,2,0,876,0,ST-HCH1,Normalstation Herzchirurgie,24,Herzchirurgie,7.0,15.0,06:00,14:00,450,,13:30,21:30,450,F,21:15,06:15,495,F|S,11,10,8,10,30,45,8,38.5,30,0.05,0,2.0.0,20261169
PK-007,2026-11-05,history,-25,Donnerstag,4,45,0,0,,Pflegefachkraft,Pflegefachkraft,EXAM,1.0,38.5,9240,9240,8316,10164,5,2,2,8,1,1,Pflegefachkraft,0,0.0,1104,18,16,6,1,3,3505,1,,,,,,0,,0,,3,3,3,0,1402,1,3,3,3,0,1227,1,2,2,2,0,876,0,ST-HCH1,Normalstation Herzchirurgie,24,Herzchirurgie,7.0,15.0,06:00,14:00,450,,13:30,21:30,450,F,21:15,06:15,495,F|S,11,10,8,10,30,45,8,38.5,30,0.05,0,2.0.0,20261169
PK-008,2026-11-05,history,-25,Donnerstag,4,45,0,0,,Pflegefachkraft,Pflegefachkraft,EXAM|PRAXISANLEITUNG,1.0,38.5,9240,9240,8316,10164,5,2,2,8,1,1,Pflegefachkraft,0,0.0,-2265,18,16,6,1,3,3505,1,,,,,,0,,0,,3,3,3,0,1402,1,3,3,3,0,1227,1,2,2,2,0,876,0,ST-HCH1,Normalstation Herzchirurgie,24,Herzchirurgie,7.0,15.0,06:00,14:00,450,,13:30,21:30,450,F,21:15,06:15,495,F|S,11,10,8,10,30,45,8,38.5,30,0.05,0,2.0.0,20261169
PK-009,2026-11-05,history,-25,Donnerstag,4,45,0,0,,Pflegefachkraft,Pflegefachkraft,EXAM,0.9,34.65,8316,8316,7484,9148,5,2,2,8,1,1,Pflegefachkraft,0,0.0,-1881,18,16,6,1,3,3505,1,,,,,N,0,,0,,3,3,3,0,1402,1,3,3,3,0,1227,1,2,2,2,0,876,0,ST-HCH1,Normalstation Herzchirurgie,24,Herzchirurgie,7.0,15.0,06:00,14:00,450,,13:30,21:30,450,F,21:15,06:15,495,F|S,11,10,8,10,30,45,8,38.5,30,0.05,0,2.0.0,20261169
PK-010,2026-11-05,history,-25,Donnerstag,4,45,0,0,,Pflegefachkraft,Pflegefachkraft,EXAM,0.75,28.88,6931,6931,6238,7624,5,2,2,8,1,1,Pflegefachkraft,0,0.0,-1845,18,16,6,1,3,3505,1,,,,,S,0,,0,,3,3,3,0,1402,1,3,3,3,0,1227,1,2,2,2,0,876,0,ST-HCH1,Normalstation Herzchirurgie,24,Herzchirurgie,7.0,15.0,06:00,14:00,450,,13:30,21:30,450,F,21:15,06:15,495,F|S,11,10,8,10,30,45,8,38.5,30,0.05,0,2.0.0,20261169
PK-011,2026-11-05,history,-25,Donnerstag,4,45,0,0,,Pflegefachkraft,Pflegefachkraft,EXAM,0.8,30.8,7392,7392,6653,8131,5,2,2,8,1,1,Pflegefachkraft,0,0.0,-1947,18,16,6,1,3,3505,1,,,,,F,0,,0,,3,3,3,0,1402,1,3,3,3,0,1227,1,2,2,2,0,876,0,ST-HCH1,Normalstation Herzchirurgie,24,Herzchirurgie,7.0,15.0,06:00,14:00,450,,13:30,21:30,450,F,21:15,06:15,495,F|S,11,10,8,10,30,45,8,38.5,30,0.05,0,2.0.0,20261169
PK-012,2026-11-05,history,-25,Donnerstag,4,45,0,0,,Pflegefachkraft,Pflegefachkraft,EXAM|KARDIO_MONITORING,0.7,26.95,6468,6468,5821,7115,5,2,2,8,1,1,Pflegefachkraft,0,0.0,-1473,18,16,6,1,3,3505,1,,,,,S,0,,0,,3,3,3,0,1402,1,3,3,3,0,1227,1,2,2,2,0,876,0,ST-HCH1,Normalstation Herzchirurgie,24,Herzchirurgie,7.0,15.0,06:00,14:00,450,,13:30,21:30,450,F,21:15,06:15,495,F|S,11,10,8,10,30,45,8,38.5,30,0.05,0,2.0.0,20261169
PK-013,2026-11-05,history,-25,Donnerstag,4,45,0,0,,Pflegefachkraft,Pflegefachkraft,EXAM,1.0,38.5,9240,9240,8316,10164,5,2,2,8,1,1,Pflegefachkraft,0,0.0,-2445,18,16,6,1,3,3505,1,,,,,,0,,0,,3,3,3,0,1402,1,3,3,3,0,1227,1,2,2,2,0,876,0,ST-HCH1,Normalstation Herzchirurgie,24,Herzchirurgie,7.0,15.0,06:00,14:00,450,,13:30,21:30,450,F,21:15,06:15,495,F|S,11,10,8,10,30,45,8,38.5,30,0.05,0,2.0.0,20261169
PK-014,2026-11-05,history,-25,Donnerstag,4,45,0,0,,Pflegefachkraft,Pflegefachkraft,EXAM|KARDIO_MONITORING,0.5,19.25,4620,4620,4158,5082,5,2,2,8,1,1,Pflegefachkraft,0,0.0,-1020,18,16,6,1,3,3505,1,,,,,,0,,0,,3,3,3,0,1402,1,3,3,3,0,1227,1,2,2,2,0,876,0,ST-HCH1,Normalstation Herzchirurgie,24,Herzchirurgie,7.0,15.0,06:00,14:00,450,,13:30,21:30,450,F,21:15,06:15,495,F|S,11,10,8,10,30,45,8,38.5,30,0.05,0,2.0.0,20261169
PK-015,2026-11-05,history,-25,Donnerstag,4,45,0,0,,Pflegefachkraft,Pflegefachkraft,EXAM,1.0,38.5,9240,9240,8316,10164,5,2,2,8,1,1,Pflegefachkraft,0,0.0,-2490,18,16,6,1,3,3505,1,,,,,,0,,0,,3,3,3,0,1402,1,3,3,3,0,1227,1,2,2,2,0,876,0,ST-HCH1,Normalstation Herzchirurgie,24,Herzchirurgie,7.0,15.0,06:00,14:00,450,,13:30,21:30,450,F,21:15,06:15,495,F|S,11,10,8,10,30,45,8,38.5,30,0.05,0,2.0.0,20261169
PK-016,2026-11-05,history,-25,Donnerstag,4,45,0,0,,Pflegefachkraft,Pflegefachkraft,EXAM|PRAXISANLEITUNG,1.0,38.5,9240,9240,8316,10164,5,2,2,8,1,1,Pflegefachkraft,0,0.0,-2310,18,16,6,1,3,3505,1,,,,,,0,,0,,3,3,3,0,1402,1,3,3,3,0,1227,1,2,2,2,0,876,0,ST-HCH1,Normalstation Herzchirurgie,24,Herzchirurgie,7.0,15.0,06:00,14:00,450,,13:30,21:30,450,F,21:15,06:15,495,F|S,11,10,8,10,30,45,8,38.5,30,0.05,0,2.0.0,20261169
PK-017,2026-11-05,history,-25,Donnerstag,4,45,0,0,,Pflegefachkraft,Pflegefachkraft,EXAM,0.8,30.8,7392,7392,6653,8131,5,2,2,8,1,1,Pflegefachkraft,0,0.0,-1902,18,16,6,1,3,3505,1,,,,,F,0,,0,,3,3,3,0,1402,1,3,3,3,0,1227,1,2,2,2,0,876,0,ST-HCH1,Normalstation Herzchirurgie,24,Herzchirurgie,7.0,15.0,06:00,14:00,450,,13:30,21:30,450,F,21:15,06:15,495,F|S,11,10,8,10,30,45,8,38.5,30,0.05,0,2.0.0,20261169
PK-018,2026-11-05,history,-25,Donnerstag,4,45,0,0,,Pflegefachkraft,Pflegefachkraft,EXAM,0.5,19.25,4620,4620,4158,5082,5,2,2,8,1,1,Pflegefachkraft,0,0.0,-1245,18,16,6,1,3,3505,1,,,,,,0,,0,,3,3,3,0,1402,1,3,3,3,0,1227,1,2,2,2,0,876,0,ST-HCH1,Normalstation Herzchirurgie,24,Herzchirurgie,7.0,15.0,06:00,14:00,450,,13:30,21:30,450,F,21:15,06:15,495,F|S,11,10,8,10,30,45,8,38.5,30,0.05,0,2.0.0,20261169
AZ-001,2026-11-06,history,-24,Freitag,5,45,0,0,,Auszubildende_r_3_Ausbildungsjahr,Auszubildende,AUSZUBILDEND,1.0,38.5,9240,9240,8316,10164,5,2,2,8,1,0,nicht anrechenbar,0,0.0,-9240,17,15,0,1,2,2924,1,,,,,,0,,0,,3,3,3,0,1170,1,3,3,3,0,1023,1,2,1,2,0,731,0,ST-HCH1,Normalstation Herzchirurgie,24,Herzchirurgie,7.0,15.0,06:00,14:00,450,,13:30,21:30,450,F,21:15,06:15,495,F|S,11,10,8,10,30,45,8,38.5,30,0.05,0,2.0.0,20261169
AZ-002,2026-11-06,history,-24,Freitag,5,45,0,0,,Auszubildende_r_2_Ausbildungsjahr,Auszubildende,AUSZUBILDEND,1.0,38.5,9240,9240,8316,10164,5,2,2,8,1,0,nicht anrechenbar,0,0.0,-6006,17,15,0,1,2,2924,1,,,,,,0,,0,,3,3,3,0,1170,1,3,3,3,0,1023,1,2,1,2,0,731,0,ST-HCH1,Normalstation Herzchirurgie,24,Herzchirurgie,7.0,15.0,06:00,14:00,450,,13:30,21:30,450,F,21:15,06:15,495,F|S,11,10,8,10,30,45,8,38.5,30,0.05,0,2.0.0,20261169
AZ-003,2026-11-06,history,-24,Freitag,5,45,0,0,,Auszubildende_r_1_Ausbildungsjahr,Auszubildende,AUSZUBILDEND,1.0,38.5,9240,9240,8316,10164,5,2,2,0,0,0,nicht anrechenbar,0,0.0,-9240,17,15,0,1,2,2924,1,,,,,,0,,0,,3,3,3,0,1170,1,3,3,3,0,1023,1,2,1,2,0,731,0,ST-HCH1,Normalstation Herzchirurgie,24,Herzchirurgie,7.0,15.0,06:00,14:00,450,,13:30,21:30,450,F,21:15,06:15,495,F|S,11,10,8,10,30,45,8,38.5,30,0.05,0,2.0.0,20261169
PK-001,2026-11-06,history,-24,Freitag,5,45,0,0,,Stationsleitung,Pflegefachkraft,EXAM|LEITUNG|PRAXISANLEITUNG,1.0,38.5,9240,4620,4158,5082,5,2,2,0,0,1,Pflegefachkraft,1,0.5,2130,17,15,0,1,2,2924,1,,,,,F,0,,0,,3,3,3,0,1170,1,3,3,3,0,1023,1,2,1,2,0,731,0,ST-HCH1,Normalstation Herzchirurgie,24,Herzchirurgie,7.0,15.0,06:00,14:00,450,,13:30,21:30,450,F,21:15,06:15,495,F|S,11,10,8,10,30,45,8,38.5,30,0.05,0,2.0.0,20261169
PK-002,2026-11-06,history,-24,Freitag,5,45,0,0,,Pflegefachkraft,Pflegefachkraft,EXAM,0.6,23.1,5544,5544,4990,6098,5,2,2,8,1,1,Pflegefachkraft,0,0.0,-1359,17,15,0,1,2,2924,1,,,,,N,0,,0,,3,3,3,0,1170,1,3,3,3,0,1023,1,2,1,2,0,731,0,ST-HCH1,Normalstation Herzchirurgie,24,Herzchirurgie,7.0,15.0,06:00,14:00,450,,13:30,21:30,450,F,21:15,06:15,495,F|S,11,10,8,10,30,45,8,38.5,30,0.05,0,2.0.0,20261169
PK-003,2026-11-06,history,-24,Freitag,5,45,0,0,,Pflegefachkraft,Pflegefachkraft,EXAM|KARDIO_MONITORING,1.0,38.5,9240,9240,8316,10164,5,2,2,8,1,1,Pflegefachkraft,0,0.0,-2130,17,15,0,1,2,2924,1,,,,,,0,,0,,3,3,3,0,1170,1,3,3,3,0,1023,1,2,1,2,0,731,0,ST-HCH1,Normalstation Herzchirurgie,24,Herzchirurgie,7.0,15.0,06:00,14:00,450,,13:30,21:30,450,F,21:15,06:15,495,F|S,11,10,8,10,30,45,8,38.5,30,0.05,0,2.0.0,20261169
PK-004,2026-11-06,history,-24,Freitag,5,45,0,0,,Pflegefachkraft,Pflegefachkraft,EXAM|KARDIO_MONITORING,0.75,28.88,6931,6931,6238,7624,5,2,2,8,1,1,Pflegefachkraft,0,0.0,-1485,17,15,0,1,2,2924,1,,,,,,0,,0,,3,3,3,0,1170,1,3,3,3,0,1023,1,2,1,2,0,731,0,ST-HCH1,Normalstation Herzchirurgie,24,Herzchirurgie,7.0,15.0,06:00,14:00,450,,13:30,21:30,450,F,21:15,06:15,495,F|S,11,10,8,10,30,45,8,38.5,30,0.05,0,2.0.0,20261169
PK-005,2026-11-06,history,-24,Freitag,5,45,0,0,,Pflegefachkraft,Pflegefachkraft,EXAM|PRAXISANLEITUNG,0.7,26.95,6468,6468,5821,7115,5,2,2,8,1,1,Pflegefachkraft,0,0.0,431,17,15,0,1,2,2924,1,,,,,,0,,0,,3,3,3,0,1170,1,3,3,3,0,1023,1,2,1,2,0,731,0,ST-HCH1,Normalstation Herzchirurgie,24,Herzchirurgie,7.0,15.0,06:00,14:00,450,,13:30,21:30,450,F,21:15,06:15,495,F|S,11,10,8,10,30,45,8,38.5,30,0.05,0,2.0.0,20261169
PK-006,2026-11-06,history,-24,Freitag,5,45,0,0,,Pflegefachkraft,Pflegefachkraft,EXAM,1.0,38.5,9240,9240,8316,10164,5,2,2,8,1,1,Pflegefachkraft,0,0.0,-2130,17,15,0,1,2,2924,1,,,,,S,0,,0,,3,3,3,0,1170,1,3,3,3,0,1023,1,2,1,2,0,731,0,ST-HCH1,Normalstation Herzchirurgie,24,Herzchirurgie,7.0,15.0,06:00,14:00,450,,13:30,21:30,450,F,21:15,06:15,495,F|S,11,10,8,10,30,45,8,38.5,30,0.05,0,2.0.0,20261169
PK-007,2026-11-06,history,-24,Freitag,5,45,0,0,,Pflegefachkraft,Pflegefachkraft,EXAM,1.0,38.5,9240,9240,8316,10164,5,2,2,8,1,1,Pflegefachkraft,0,0.0,1104,17,15,0,1,2,2924,0,URLAUB,,,,,0,,0,,3,3,3,0,1170,1,3,3,3,0,1023,1,2,1,2,0,731,0,ST-HCH1,Normalstation Herzchirurgie,24,Herzchirurgie,7.0,15.0,06:00,14:00,450,,13:30,21:30,450,F,21:15,06:15,495,F|S,11,10,8,10,30,45,8,38.5,30,0.05,0,2.0.0,20261169
PK-008,2026-11-06,history,-24,Freitag,5,45,0,0,,Pflegefachkraft,Pflegefachkraft,EXAM|PRAXISANLEITUNG,1.0,38.5,9240,9240,8316,10164,5,2,2,8,1,1,Pflegefachkraft,0,0.0,-2265,17,15,0,1,2,2924,1,,,,,N,0,,0,,3,3,3,0,1170,1,3,3,3,0,1023,1,2,1,2,0,731,0,ST-HCH1,Normalstation Herzchirurgie,24,Herzchirurgie,7.0,15.0,06:00,14:00,450,,13:30,21:30,450,F,21:15,06:15,495,F|S,11,10,8,10,30,45,8,38.5,30,0.05,0,2.0.0,20261169
PK-009,2026-11-06,history,-24,Freitag,5,45,0,0,,Pflegefachkraft,Pflegefachkraft,EXAM,0.9,34.65,8316,8316,7484,9148,5,2,2,8,1,1,Pflegefachkraft,0,0.0,-1881,17,15,0,1,2,2924,1,,,,,,0,,0,,3,3,3,0,1170,1,3,3,3,0,1023,1,2,1,2,0,731,0,ST-HCH1,Normalstation Herzchirurgie,24,Herzchirurgie,7.0,15.0,06:00,14:00,450,,13:30,21:30,450,F,21:15,06:15,495,F|S,11,10,8,10,30,45,8,38.5,30,0.05,0,2.0.0,20261169
PK-010,2026-11-06,history,-24,Freitag,5,45,0,0,,Pflegefachkraft,Pflegefachkraft,EXAM,0.75,28.88,6931,6931,6238,7624,5,2,2,8,1,1,Pflegefachkraft,0,0.0,-1845,17,15,0,1,2,2924,1,,,,,,0,,0,,3,3,3,0,1170,1,3,3,3,0,1023,1,2,1,2,0,731,0,ST-HCH1,Normalstation Herzchirurgie,24,Herzchirurgie,7.0,15.0,06:00,14:00,450,,13:30,21:30,450,F,21:15,06:15,495,F|S,11,10,8,10,30,45,8,38.5,30,0.05,0,2.0.0,20261169
PK-011,2026-11-06,history,-24,Freitag,5,45,0,0,,Pflegefachkraft,Pflegefachkraft,EXAM,0.8,30.8,7392,7392,6653,8131,5,2,2,8,1,1,Pflegefachkraft,0,0.0,-1947,17,15,0,1,2,2924,1,,,,,,0,,0,,3,3,3,0,1170,1,3,3,3,0,1023,1,2,1,2,0,731,0,ST-HCH1,Normalstation Herzchirurgie,24,Herzchirurgie,7.0,15.0,06:00,14:00,450,,13:30,21:30,450,F,21:15,06:15,495,F|S,11,10,8,10,30,45,8,38.5,30,0.05,0,2.0.0,20261169
PK-012,2026-11-06,history,-24,Freitag,5,45,0,0,,Pflegefachkraft,Pflegefachkraft,EXAM|KARDIO_MONITORING,0.7,26.95,6468,6468,5821,7115,5,2,2,8,1,1,Pflegefachkraft,0,0.0,-1473,17,15,0,1,2,2924,1,,,,,,0,,0,,3,3,3,0,1170,1,3,3,3,0,1023,1,2,1,2,0,731,0,ST-HCH1,Normalstation Herzchirurgie,24,Herzchirurgie,7.0,15.0,06:00,14:00,450,,13:30,21:30,450,F,21:15,06:15,495,F|S,11,10,8,10,30,45,8,38.5,30,0.05,0,2.0.0,20261169
PK-013,2026-11-06,history,-24,Freitag,5,45,0,0,,Pflegefachkraft,Pflegefachkraft,EXAM,1.0,38.5,9240,9240,8316,10164,5,2,2,8,1,1,Pflegefachkraft,0,0.0,-2445,17,15,0,1,2,2924,1,,,,,F,0,,0,,3,3,3,0,1170,1,3,3,3,0,1023,1,2,1,2,0,731,0,ST-HCH1,Normalstation Herzchirurgie,24,Herzchirurgie,7.0,15.0,06:00,14:00,450,,13:30,21:30,450,F,21:15,06:15,495,F|S,11,10,8,10,30,45,8,38.5,30,0.05,0,2.0.0,20261169
PK-014,2026-11-06,history,-24,Freitag,5,45,0,0,,Pflegefachkraft,Pflegefachkraft,EXAM|KARDIO_MONITORING,0.5,19.25,4620,4620,4158,5082,5,2,2,8,1,1,Pflegefachkraft,0,0.0,-1020,17,15,0,1,2,2924,1,,,,,F,0,,0,,3,3,3,0,1170,1,3,3,3,0,1023,1,2,1,2,0,731,0,ST-HCH1,Normalstation Herzchirurgie,24,Herzchirurgie,7.0,15.0,06:00,14:00,450,,13:30,21:30,450,F,21:15,06:15,495,F|S,11,10,8,10,30,45,8,38.5,30,0.05,0,2.0.0,20261169
PK-015,2026-11-06,history,-24,Freitag,5,45,0,0,,Pflegefachkraft,Pflegefachkraft,EXAM,1.0,38.5,9240,9240,8316,10164,5,2,2,8,1,1,Pflegefachkraft,0,0.0,-2490,17,15,0,1,2,2924,1,,,,,S,0,,0,,3,3,3,0,1170,1,3,3,3,0,1023,1,2,1,2,0,731,0,ST-HCH1,Normalstation Herzchirurgie,24,Herzchirurgie,7.0,15.0,06:00,14:00,450,,13:30,21:30,450,F,21:15,06:15,495,F|S,11,10,8,10,30,45,8,38.5,30,0.05,0,2.0.0,20261169
PK-016,2026-11-06,history,-24,Freitag,5,45,0,0,,Pflegefachkraft,Pflegefachkraft,EXAM|PRAXISANLEITUNG,1.0,38.5,9240,9240,8316,10164,5,2,2,8,1,1,Pflegefachkraft,0,0.0,-2310,17,15,0,1,2,2924,1,,,,,S,0,,0,,3,3,3,0,1170,1,3,3,3,0,1023,1,2,1,2,0,731,0,ST-HCH1,Normalstation Herzchirurgie,24,Herzchirurgie,7.0,15.0,06:00,14:00,450,,13:30,21:30,450,F,21:15,06:15,495,F|S,11,10,8,10,30,45,8,38.5,30,0.05,0,2.0.0,20261169
PK-017,2026-11-06,history,-24,Freitag,5,45,0,0,,Pflegefachkraft,Pflegefachkraft,EXAM,0.8,30.8,7392,7392,6653,8131,5,2,2,8,1,1,Pflegefachkraft,0,0.0,-1902,17,15,0,1,2,2924,1,,,,,,0,,0,,3,3,3,0,1170,1,3,3,3,0,1023,1,2,1,2,0,731,0,ST-HCH1,Normalstation Herzchirurgie,24,Herzchirurgie,7.0,15.0,06:00,14:00,450,,13:30,21:30,450,F,21:15,06:15,495,F|S,11,10,8,10,30,45,8,38.5,30,0.05,0,2.0.0,20261169
PK-018,2026-11-06,history,-24,Freitag,5,45,0,0,,Pflegefachkraft,Pflegefachkraft,EXAM,0.5,19.25,4620,4620,4158,5082,5,2,2,8,1,1,Pflegefachkraft,0,0.0,-1245,17,15,0,1,2,2924,1,,,,,,0,,0,,3,3,3,0,1170,1,3,3,3,0,1023,1,2,1,2,0,731,0,ST-HCH1,Normalstation Herzchirurgie,24,Herzchirurgie,7.0,15.0,06:00,14:00,450,,13:30,21:30,450,F,21:15,06:15,495,F|S,11,10,8,10,30,45,8,38.5,30,0.05,0,2.0.0,20261169
AZ-001,2026-11-07,history,-23,Samstag,6,45,1,0,,Auszubildende_r_3_Ausbildungsjahr,Auszubildende,AUSZUBILDEND,1.0,38.5,9240,9240,8316,10164,5,2,2,8,1,0,nicht anrechenbar,0,0.0,-9240,15,15,2,3,1,2687,1,,,,,,0,,0,,3,3,3,0,1075,1,3,3,3,0,940,1,2,1,2,0,672,0,ST-HCH1,Normalstation Herzchirurgie,24,Herzchirurgie,7.0,15.0,06:00,14:00,450,,13:30,21:30,450,F,21:15,06:15,495,F|S,11,10,8,10,30,45,8,38.5,30,0.05,0,2.0.0,20261169
AZ-002,2026-11-07,history,-23,Samstag,6,45,1,0,,Auszubildende_r_2_Ausbildungsjahr,Auszubildende,AUSZUBILDEND,1.0,38.5,9240,9240,8316,10164,5,2,2,8,1,0,nicht anrechenbar,0,0.0,-6006,15,15,2,3,1,2687,1,,,,,,0,,0,,3,3,3,0,1075,1,3,3,3,0,940,1,2,1,2,0,672,0,ST-HCH1,Normalstation Herzchirurgie,24,Herzchirurgie,7.0,15.0,06:00,14:00,450,,13:30,21:30,450,F,21:15,06:15,495,F|S,11,10,8,10,30,45,8,38.5,30,0.05,0,2.0.0,20261169
AZ-003,2026-11-07,history,-23,Samstag,6,45,1,0,,Auszubildende_r_1_Ausbildungsjahr,Auszubildende,AUSZUBILDEND,1.0,38.5,9240,9240,8316,10164,5,2,2,0,0,0,nicht anrechenbar,0,0.0,-9240,15,15,2,3,1,2687,1,,,,,,0,,0,,3,3,3,0,1075,1,3,3,3,0,940,1,2,1,2,0,672,0,ST-HCH1,Normalstation Herzchirurgie,24,Herzchirurgie,7.0,15.0,06:00,14:00,450,,13:30,21:30,450,F,21:15,06:15,495,F|S,11,10,8,10,30,45,8,38.5,30,0.05,0,2.0.0,20261169
PK-001,2026-11-07,history,-23,Samstag,6,45,1,0,,Stationsleitung,Pflegefachkraft,EXAM|LEITUNG|PRAXISANLEITUNG,1.0,38.5,9240,4620,4158,5082,5,2,2,0,0,1,Pflegefachkraft,1,0.5,2130,15,15,2,3,1,2687,1,,,,,,0,,0,,3,3,3,0,1075,1,3,3,3,0,940,1,2,1,2,0,672,0,ST-HCH1,Normalstation Herzchirurgie,24,Herzchirurgie,7.0,15.0,06:00,14:00,450,,13:30,21:30,450,F,21:15,06:15,495,F|S,11,10,8,10,30,45,8,38.5,30,0.05,0,2.0.0,20261169
PK-002,2026-11-07,history,-23,Samstag,6,45,1,0,,Pflegefachkraft,Pflegefachkraft,EXAM,0.6,23.1,5544,5544,4990,6098,5,2,2,8,1,1,Pflegefachkraft,0,0.0,-1359,15,15,2,3,1,2687,1,,,,,,0,,0,,3,3,3,0,1075,1,3,3,3,0,940,1,2,1,2,0,672,0,ST-HCH1,Normalstation Herzchirurgie,24,Herzchirurgie,7.0,15.0,06:00,14:00,450,,13:30,21:30,450,F,21:15,06:15,495,F|S,11,10,8,10,30,45,8,38.5,30,0.05,0,2.0.0,20261169
PK-003,2026-11-07,history,-23,Samstag,6,45,1,0,,Pflegefachkraft,Pflegefachkraft,EXAM|KARDIO_MONITORING,1.0,38.5,9240,9240,8316,10164,5,2,2,8,1,1,Pflegefachkraft,0,0.0,-2130,15,15,2,3,1,2687,1,,,,,N,0,,0,,3,3,3,0,1075,1,3,3,3,0,940,1,2,1,2,0,672,0,ST-HCH1,Normalstation Herzchirurgie,24,Herzchirurgie,7.0,15.0,06:00,14:00,450,,13:30,21:30,450,F,21:15,06:15,495,F|S,11,10,8,10,30,45,8,38.5,30,0.05,0,2.0.0,20261169
PK-004,2026-11-07,history,-23,Samstag,6,45,1,0,,Pflegefachkraft,Pflegefachkraft,EXAM|KARDIO_MONITORING,0.75,28.88,6931,6931,6238,7624,5,2,2,8,1,1,Pflegefachkraft,0,0.0,-1485,15,15,2,3,1,2687,1,,,,,S,0,,0,,3,3,3,0,1075,1,3,3,3,0,940,1,2,1,2,0,672,0,ST-HCH1,Normalstation Herzchirurgie,24,Herzchirurgie,7.0,15.0,06:00,14:00,450,,13:30,21:30,450,F,21:15,06:15,495,F|S,11,10,8,10,30,45,8,38.5,30,0.05,0,2.0.0,20261169
PK-005,2026-11-07,history,-23,Samstag,6,45,1,0,,Pflegefachkraft,Pflegefachkraft,EXAM|PRAXISANLEITUNG,0.7,26.95,6468,6468,5821,7115,5,2,2,8,1,1,Pflegefachkraft,0,0.0,431,15,15,2,3,1,2687,1,,,,,S,0,,0,,3,3,3,0,1075,1,3,3,3,0,940,1,2,1,2,0,672,0,ST-HCH1,Normalstation Herzchirurgie,24,Herzchirurgie,7.0,15.0,06:00,14:00,450,,13:30,21:30,450,F,21:15,06:15,495,F|S,11,10,8,10,30,45,8,38.5,30,0.05,0,2.0.0,20261169
PK-006,2026-11-07,history,-23,Samstag,6,45,1,0,,Pflegefachkraft,Pflegefachkraft,EXAM,1.0,38.5,9240,9240,8316,10164,5,2,2,8,1,1,Pflegefachkraft,0,0.0,-2130,15,15,2,3,1,2687,1,,,,,,0,,0,,3,3,3,0,1075,1,3,3,3,0,940,1,2,1,2,0,672,0,ST-HCH1,Normalstation Herzchirurgie,24,Herzchirurgie,7.0,15.0,06:00,14:00,450,,13:30,21:30,450,F,21:15,06:15,495,F|S,11,10,8,10,30,45,8,38.5,30,0.05,0,2.0.0,20261169
PK-007,2026-11-07,history,-23,Samstag,6,45,1,0,,Pflegefachkraft,Pflegefachkraft,EXAM,1.0,38.5,9240,9240,8316,10164,5,2,2,8,1,1,Pflegefachkraft,0,0.0,1104,15,15,2,3,1,2687,0,URLAUB,,,,,0,,0,,3,3,3,0,1075,1,3,3,3,0,940,1,2,1,2,0,672,0,ST-HCH1,Normalstation Herzchirurgie,24,Herzchirurgie,7.0,15.0,06:00,14:00,450,,13:30,21:30,450,F,21:15,06:15,495,F|S,11,10,8,10,30,45,8,38.5,30,0.05,0,2.0.0,20261169
PK-008,2026-11-07,history,-23,Samstag,6,45,1,0,,Pflegefachkraft,Pflegefachkraft,EXAM|PRAXISANLEITUNG,1.0,38.5,9240,9240,8316,10164,5,2,2,8,1,1,Pflegefachkraft,0,0.0,-2265,15,15,2,3,1,2687,1,,,,,,0,,0,,3,3,3,0,1075,1,3,3,3,0,940,1,2,1,2,0,672,0,ST-HCH1,Normalstation Herzchirurgie,24,Herzchirurgie,7.0,15.0,06:00,14:00,450,,13:30,21:30,450,F,21:15,06:15,495,F|S,11,10,8,10,30,45,8,38.5,30,0.05,0,2.0.0,20261169
PK-009,2026-11-07,history,-23,Samstag,6,45,1,0,,Pflegefachkraft,Pflegefachkraft,EXAM,0.9,34.65,8316,8316,7484,9148,5,2,2,8,1,1,Pflegefachkraft,0,0.0,-1881,15,15,2,3,1,2687,1,,,,,F,0,,0,,3,3,3,0,1075,1,3,3,3,0,940,1,2,1,2,0,672,0,ST-HCH1,Normalstation Herzchirurgie,24,Herzchirurgie,7.0,15.0,06:00,14:00,450,,13:30,21:30,450,F,21:15,06:15,495,F|S,11,10,8,10,30,45,8,38.5,30,0.05,0,2.0.0,20261169
PK-010,2026-11-07,history,-23,Samstag,6,45,1,0,,Pflegefachkraft,Pflegefachkraft,EXAM,0.75,28.88,6931,6931,6238,7624,5,2,2,8,1,1,Pflegefachkraft,0,0.0,-1845,15,15,2,3,1,2687,1,,,,,S,0,,0,,3,3,3,0,1075,1,3,3,3,0,940,1,2,1,2,0,672,0,ST-HCH1,Normalstation Herzchirurgie,24,Herzchirurgie,7.0,15.0,06:00,14:00,450,,13:30,21:30,450,F,21:15,06:15,495,F|S,11,10,8,10,30,45,8,38.5,30,0.05,0,2.0.0,20261169
PK-011,2026-11-07,history,-23,Samstag,6,45,1,0,,Pflegefachkraft,Pflegefachkraft,EXAM,0.8,30.8,7392,7392,6653,8131,5,2,2,8,1,1,Pflegefachkraft,0,0.0,-1947,15,15,2,3,1,2687,1,,,,,F,0,,0,,3,3,3,0,1075,1,3,3,3,0,940,1,2,1,2,0,672,0,ST-HCH1,Normalstation Herzchirurgie,24,Herzchirurgie,7.0,15.0,06:00,14:00,450,,13:30,21:30,450,F,21:15,06:15,495,F|S,11,10,8,10,30,45,8,38.5,30,0.05,0,2.0.0,20261169
PK-012,2026-11-07,history,-23,Samstag,6,45,1,0,,Pflegefachkraft,Pflegefachkraft,EXAM|KARDIO_MONITORING,0.7,26.95,6468,6468,5821,7115,5,2,2,8,1,1,Pflegefachkraft,0,0.0,-1473,15,15,2,3,1,2687,1,,,,,,0,,0,,3,3,3,0,1075,1,3,3,3,0,940,1,2,1,2,0,672,0,ST-HCH1,Normalstation Herzchirurgie,24,Herzchirurgie,7.0,15.0,06:00,14:00,450,,13:30,21:30,450,F,21:15,06:15,495,F|S,11,10,8,10,30,45,8,38.5,30,0.05,0,2.0.0,20261169
PK-013,2026-11-07,history,-23,Samstag,6,45,1,0,,Pflegefachkraft,Pflegefachkraft,EXAM,1.0,38.5,9240,9240,8316,10164,5,2,2,8,1,1,Pflegefachkraft,0,0.0,-2445,15,15,2,3,1,2687,1,,,,,,0,,0,,3,3,3,0,1075,1,3,3,3,0,940,1,2,1,2,0,672,0,ST-HCH1,Normalstation Herzchirurgie,24,Herzchirurgie,7.0,15.0,06:00,14:00,450,,13:30,21:30,450,F,21:15,06:15,495,F|S,11,10,8,10,30,45,8,38.5,30,0.05,0,2.0.0,20261169
PK-014,2026-11-07,history,-23,Samstag,6,45,1,0,,Pflegefachkraft,Pflegefachkraft,EXAM|KARDIO_MONITORING,0.5,19.25,4620,4620,4158,5082,5,2,2,8,1,1,Pflegefachkraft,0,0.0,-1020,15,15,2,3,1,2687,1,,,,,,0,,0,,3,3,3,0,1075,1,3,3,3,0,940,1,2,1,2,0,672,0,ST-HCH1,Normalstation Herzchirurgie,24,Herzchirurgie,7.0,15.0,06:00,14:00,450,,13:30,21:30,450,F,21:15,06:15,495,F|S,11,10,8,10,30,45,8,38.5,30,0.05,0,2.0.0,20261169
PK-015,2026-11-07,history,-23,Samstag,6,45,1,0,,Pflegefachkraft,Pflegefachkraft,EXAM,1.0,38.5,9240,9240,8316,10164,5,2,2,8,1,1,Pflegefachkraft,0,0.0,-2490,15,15,2,3,1,2687,1,,,,,,0,,0,,3,3,3,0,1075,1,3,3,3,0,940,1,2,1,2,0,672,0,ST-HCH1,Normalstation Herzchirurgie,24,Herzchirurgie,7.0,15.0,06:00,14:00,450,,13:30,21:30,450,F,21:15,06:15,495,F|S,11,10,8,10,30,45,8,38.5,30,0.05,0,2.0.0,20261169
PK-016,2026-11-07,history,-23,Samstag,6,45,1,0,,Pflegefachkraft,Pflegefachkraft,EXAM|PRAXISANLEITUNG,1.0,38.5,9240,9240,8316,10164,5,2,2,8,1,1,Pflegefachkraft,0,0.0,-2310,15,15,2,3,1,2687,1,,,,,,0,,0,,3,3,3,0,1075,1,3,3,3,0,940,1,2,1,2,0,672,0,ST-HCH1,Normalstation Herzchirurgie,24,Herzchirurgie,7.0,15.0,06:00,14:00,450,,13:30,21:30,450,F,21:15,06:15,495,F|S,11,10,8,10,30,45,8,38.5,30,0.05,0,2.0.0,20261169
PK-017,2026-11-07,history,-23,Samstag,6,45,1,0,,Pflegefachkraft,Pflegefachkraft,EXAM,0.8,30.8,7392,7392,6653,8131,5,2,2,8,1,1,Pflegefachkraft,0,0.0,-1902,15,15,2,3,1,2687,1,,,,,F,0,,0,,3,3,3,0,1075,1,3,3,3,0,940,1,2,1,2,0,672,0,ST-HCH1,Normalstation Herzchirurgie,24,Herzchirurgie,7.0,15.0,06:00,14:00,450,,13:30,21:30,450,F,21:15,06:15,495,F|S,11,10,8,10,30,45,8,38.5,30,0.05,0,2.0.0,20261169
PK-018,2026-11-07,history,-23,Samstag,6,45,1,0,,Pflegefachkraft,Pflegefachkraft,EXAM,0.5,19.25,4620,4620,4158,5082,5,2,2,8,1,1,Pflegefachkraft,0,0.0,-1245,15,15,2,3,1,2687,1,,,,,N,0,,0,,3,3,3,0,1075,1,3,3,3,0,940,1,2,1,2,0,672,0,ST-HCH1,Normalstation Herzchirurgie,24,Herzchirurgie,7.0,15.0,06:00,14:00,450,,13:30,21:30,450,F,21:15,06:15,495,F|S,11,10,8,10,30,45,8,38.5,30,0.05,0,2.0.0,20261169
AZ-001,2026-11-08,history,-22,Sonntag,7,45,1,0,,Auszubildende_r_3_Ausbildungsjahr,Auszubildende,AUSZUBILDEND,1.0,38.5,9240,9240,8316,10164,5,2,2,8,1,0,nicht anrechenbar,0,0.0,-9240,16,15,2,1,0,3119,1,,,,,,0,,0,,3,3,3,0,1248,1,3,3,3,0,1092,1,2,1,2,0,780,0,ST-HCH1,Normalstation Herzchirurgie,24,Herzchirurgie,7.0,15.0,06:00,14:00,450,,13:30,21:30,450,F,21:15,06:15,495,F|S,11,10,8,10,30,45,8,38.5,30,0.05,0,2.0.0,20261169
AZ-002,2026-11-08,history,-22,Sonntag,7,45,1,0,,Auszubildende_r_2_Ausbildungsjahr,Auszubildende,AUSZUBILDEND,1.0,38.5,9240,9240,8316,10164,5,2,2,8,1,0,nicht anrechenbar,0,0.0,-6006,16,15,2,1,0,3119,1,,,,,,0,,0,,3,3,3,0,1248,1,3,3,3,0,1092,1,2,1,2,0,780,0,ST-HCH1,Normalstation Herzchirurgie,24,Herzchirurgie,7.0,15.0,06:00,14:00,450,,13:30,21:30,450,F,21:15,06:15,495,F|S,11,10,8,10,30,45,8,38.5,30,0.05,0,2.0.0,20261169
AZ-003,2026-11-08,history,-22,Sonntag,7,45,1,0,,Auszubildende_r_1_Ausbildungsjahr,Auszubildende,AUSZUBILDEND,1.0,38.5,9240,9240,8316,10164,5,2,2,0,0,0,nicht anrechenbar,0,0.0,-9240,16,15,2,1,0,3119,1,,,,,,0,,0,,3,3,3,0,1248,1,3,3,3,0,1092,1,2,1,2,0,780,0,ST-HCH1,Normalstation Herzchirurgie,24,Herzchirurgie,7.0,15.0,06:00,14:00,450,,13:30,21:30,450,F,21:15,06:15,495,F|S,11,10,8,10,30,45,8,38.5,30,0.05,0,2.0.0,20261169
PK-001,2026-11-08,history,-22,Sonntag,7,45,1,0,,Stationsleitung,Pflegefachkraft,EXAM|LEITUNG|PRAXISANLEITUNG,1.0,38.5,9240,4620,4158,5082,5,2,2,0,0,1,Pflegefachkraft,1,0.5,2130,16,15,2,1,0,3119,1,,,,,F,0,,0,,3,3,3,0,1248,1,3,3,3,0,1092,1,2,1,2,0,780,0,ST-HCH1,Normalstation Herzchirurgie,24,Herzchirurgie,7.0,15.0,06:00,14:00,450,,13:30,21:30,450,F,21:15,06:15,495,F|S,11,10,8,10,30,45,8,38.5,30,0.05,0,2.0.0,20261169
PK-002,2026-11-08,history,-22,Sonntag,7,45,1,0,,Pflegefachkraft,Pflegefachkraft,EXAM,0.6,23.1,5544,5544,4990,6098,5,2,2,8,1,1,Pflegefachkraft,0,0.0,-1359,16,15,2,1,0,3119,1,,,,,,0,,0,,3,3,3,0,1248,1,3,3,3,0,1092,1,2,1,2,0,780,0,ST-HCH1,Normalstation Herzchirurgie,24,Herzchirurgie,7.0,15.0,06:00,14:00,450,,13:30,21:30,450,F,21:15,06:15,495,F|S,11,10,8,10,30,45,8,38.5,30,0.05,0,2.0.0,20261169
PK-003,2026-11-08,history,-22,Sonntag,7,45,1,0,,Pflegefachkraft,Pflegefachkraft,EXAM|KARDIO_MONITORING,1.0,38.5,9240,9240,8316,10164,5,2,2,8,1,1,Pflegefachkraft,0,0.0,-2130,16,15,2,1,0,3119,1,,,,,,0,,0,,3,3,3,0,1248,1,3,3,3,0,1092,1,2,1,2,0,780,0,ST-HCH1,Normalstation Herzchirurgie,24,Herzchirurgie,7.0,15.0,06:00,14:00,450,,13:30,21:30,450,F,21:15,06:15,495,F|S,11,10,8,10,30,45,8,38.5,30,0.05,0,2.0.0,20261169
PK-004,2026-11-08,history,-22,Sonntag,7,45,1,0,,Pflegefachkraft,Pflegefachkraft,EXAM|KARDIO_MONITORING,0.75,28.88,6931,6931,6238,7624,5,2,2,8,1,1,Pflegefachkraft,0,0.0,-1485,16,15,2,1,0,3119,1,,,,,,0,,0,,3,3,3,0,1248,1,3,3,3,0,1092,1,2,1,2,0,780,0,ST-HCH1,Normalstation Herzchirurgie,24,Herzchirurgie,7.0,15.0,06:00,14:00,450,,13:30,21:30,450,F,21:15,06:15,495,F|S,11,10,8,10,30,45,8,38.5,30,0.05,0,2.0.0,20261169
PK-005,2026-11-08,history,-22,Sonntag,7,45,1,0,,Pflegefachkraft,Pflegefachkraft,EXAM|PRAXISANLEITUNG,0.7,26.95,6468,6468,5821,7115,5,2,2,8,1,1,Pflegefachkraft,0,0.0,431,16,15,2,1,0,3119,1,,,,,,0,,0,,3,3,3,0,1248,1,3,3,3,0,1092,1,2,1,2,0,780,0,ST-HCH1,Normalstation Herzchirurgie,24,Herzchirurgie,7.0,15.0,06:00,14:00,450,,13:30,21:30,450,F,21:15,06:15,495,F|S,11,10,8,10,30,45,8,38.5,30,0.05,0,2.0.0,20261169
PK-006,2026-11-08,history,-22,Sonntag,7,45,1,0,,Pflegefachkraft,Pflegefachkraft,EXAM,1.0,38.5,9240,9240,8316,10164,5,2,2,8,1,1,Pflegefachkraft,0,0.0,-2130,16,15,2,1,0,3119,1,,,,,S,0,,0,,3,3,3,0,1248,1,3,3,3,0,1092,1,2,1,2,0,780,0,ST-HCH1,Normalstation Herzchirurgie,24,Herzchirurgie,7.0,15.0,06:00,14:00,450,,13:30,21:30,450,F,21:15,06:15,495,F|S,11,10,8,10,30,45,8,38.5,30,0.05,0,2.0.0,20261169
PK-007,2026-11-08,history,-22,Sonntag,7,45,1,0,,Pflegefachkraft,Pflegefachkraft,EXAM,1.0,38.5,9240,9240,8316,10164,5,2,2,8,1,1,Pflegefachkraft,0,0.0,1104,16,15,2,1,0,3119,0,URLAUB,,,,,0,,0,,3,3,3,0,1248,1,3,3,3,0,1092,1,2,1,2,0,780,0,ST-HCH1,Normalstation Herzchirurgie,24,Herzchirurgie,7.0,15.0,06:00,14:00,450,,13:30,21:30,450,F,21:15,06:15,495,F|S,11,10,8,10,30,45,8,38.5,30,0.05,0,2.0.0,20261169
PK-008,2026-11-08,history,-22,Sonntag,7,45,1,0,,Pflegefachkraft,Pflegefachkraft,EXAM|PRAXISANLEITUNG,1.0,38.5,9240,9240,8316,10164,5,2,2,8,1,1,Pflegefachkraft,0,0.0,-2265,16,15,2,1,0,3119,1,,,,,S,0,,0,,3,3,3,0,1248,1,3,3,3,0,1092,1,2,1,2,0,780,0,ST-HCH1,Normalstation Herzchirurgie,24,Herzchirurgie,7.0,15.0,06:00,14:00,450,,13:30,21:30,450,F,21:15,06:15,495,F|S,11,10,8,10,30,45,8,38.5,30,0.05,0,2.0.0,20261169
PK-009,2026-11-08,history,-22,Sonntag,7,45,1,0,,Pflegefachkraft,Pflegefachkraft,EXAM,0.9,34.65,8316,8316,7484,9148,5,2,2,8,1,1,Pflegefachkraft,0,0.0,-1881,16,15,2,1,0,3119,1,,,,,S,0,,0,,3,3,3,0,1248,1,3,3,3,0,1092,1,2,1,2,0,780,0,ST-HCH1,Normalstation Herzchirurgie,24,Herzchirurgie,7.0,15.0,06:00,14:00,450,,13:30,21:30,450,F,21:15,06:15,495,F|S,11,10,8,10,30,45,8,38.5,30,0.05,0,2.0.0,20261169
PK-010,2026-11-08,history,-22,Sonntag,7,45,1,0,,Pflegefachkraft,Pflegefachkraft,EXAM,0.75,28.88,6931,6931,6238,7624,5,2,2,8,1,1,Pflegefachkraft,0,0.0,-1845,16,15,2,1,0,3119,1,,,,,,0,,0,,3,3,3,0,1248,1,3,3,3,0,1092,1,2,1,2,0,780,0,ST-HCH1,Normalstation Herzchirurgie,24,Herzchirurgie,7.0,15.0,06:00,14:00,450,,13:30,21:30,450,F,21:15,06:15,495,F|S,11,10,8,10,30,45,8,38.5,30,0.05,0,2.0.0,20261169
PK-011,2026-11-08,history,-22,Sonntag,7,45,1,0,,Pflegefachkraft,Pflegefachkraft,EXAM,0.8,30.8,7392,7392,6653,8131,5,2,2,8,1,1,Pflegefachkraft,0,0.0,-1947,16,15,2,1,0,3119,1,,,,,,0,,0,,3,3,3,0,1248,1,3,3,3,0,1092,1,2,1,2,0,780,0,ST-HCH1,Normalstation Herzchirurgie,24,Herzchirurgie,7.0,15.0,06:00,14:00,450,,13:30,21:30,450,F,21:15,06:15,495,F|S,11,10,8,10,30,45,8,38.5,30,0.05,0,2.0.0,20261169
PK-012,2026-11-08,history,-22,Sonntag,7,45,1,0,,Pflegefachkraft,Pflegefachkraft,EXAM|KARDIO_MONITORING,0.7,26.95,6468,6468,5821,7115,5,2,2,8,1,1,Pflegefachkraft,0,0.0,-1473,16,15,2,1,0,3119,1,,,,,N,0,,0,,3,3,3,0,1248,1,3,3,3,0,1092,1,2,1,2,0,780,0,ST-HCH1,Normalstation Herzchirurgie,24,Herzchirurgie,7.0,15.0,06:00,14:00,450,,13:30,21:30,450,F,21:15,06:15,495,F|S,11,10,8,10,30,45,8,38.5,30,0.05,0,2.0.0,20261169
PK-013,2026-11-08,history,-22,Sonntag,7,45,1,0,,Pflegefachkraft,Pflegefachkraft,EXAM,1.0,38.5,9240,9240,8316,10164,5,2,2,8,1,1,Pflegefachkraft,0,0.0,-2445,16,15,2,1,0,3119,1,,,,,N,0,,0,,3,3,3,0,1248,1,3,3,3,0,1092,1,2,1,2,0,780,0,ST-HCH1,Normalstation Herzchirurgie,24,Herzchirurgie,7.0,15.0,06:00,14:00,450,,13:30,21:30,450,F,21:15,06:15,495,F|S,11,10,8,10,30,45,8,38.5,30,0.05,0,2.0.0,20261169
PK-014,2026-11-08,history,-22,Sonntag,7,45,1,0,,Pflegefachkraft,Pflegefachkraft,EXAM|KARDIO_MONITORING,0.5,19.25,4620,4620,4158,5082,5,2,2,8,1,1,Pflegefachkraft,0,0.0,-1020,16,15,2,1,0,3119,1,,,,,,0,,0,,3,3,3,0,1248,1,3,3,3,0,1092,1,2,1,2,0,780,0,ST-HCH1,Normalstation Herzchirurgie,24,Herzchirurgie,7.0,15.0,06:00,14:00,450,,13:30,21:30,450,F,21:15,06:15,495,F|S,11,10,8,10,30,45,8,38.5,30,0.05,0,2.0.0,20261169
PK-015,2026-11-08,history,-22,Sonntag,7,45,1,0,,Pflegefachkraft,Pflegefachkraft,EXAM,1.0,38.5,9240,9240,8316,10164,5,2,2,8,1,1,Pflegefachkraft,0,0.0,-2490,16,15,2,1,0,3119,1,,,,,F,0,,0,,3,3,3,0,1248,1,3,3,3,0,1092,1,2,1,2,0,780,0,ST-HCH1,Normalstation Herzchirurgie,24,Herzchirurgie,7.0,15.0,06:00,14:00,450,,13:30,21:30,450,F,21:15,06:15,495,F|S,11,10,8,10,30,45,8,38.5,30,0.05,0,2.0.0,20261169
PK-016,2026-11-08,history,-22,Sonntag,7,45,1,0,,Pflegefachkraft,Pflegefachkraft,EXAM|PRAXISANLEITUNG,1.0,38.5,9240,9240,8316,10164,5,2,2,8,1,1,Pflegefachkraft,0,0.0,-2310,16,15,2,1,0,3119,1,,,,,F,0,,0,,3,3,3,0,1248,1,3,3,3,0,1092,1,2,1,2,0,780,0,ST-HCH1,Normalstation Herzchirurgie,24,Herzchirurgie,7.0,15.0,06:00,14:00,450,,13:30,21:30,450,F,21:15,06:15,495,F|S,11,10,8,10,30,45,8,38.5,30,0.05,0,2.0.0,20261169
PK-017,2026-11-08,history,-22,Sonntag,7,45,1,0,,Pflegefachkraft,Pflegefachkraft,EXAM,0.8,30.8,7392,7392,6653,8131,5,2,2,8,1,1,Pflegefachkraft,0,0.0,-1902,16,15,2,1,0,3119,1,,,,,,0,,0,,3,3,3,0,1248,1,3,3,3,0,1092,1,2,1,2,0,780,0,ST-HCH1,Normalstation Herzchirurgie,24,Herzchirurgie,7.0,15.0,06:00,14:00,450,,13:30,21:30,450,F,21:15,06:15,495,F|S,11,10,8,10,30,45,8,38.5,30,0.05,0,2.0.0,20261169
PK-018,2026-11-08,history,-22,Sonntag,7,45,1,0,,Pflegefachkraft,Pflegefachkraft,EXAM,0.5,19.25,4620,4620,4158,5082,5,2,2,8,1,1,Pflegefachkraft,0,0.0,-1245,16,15,2,1,0,3119,1,,,,,,0,,0,,3,3,3,0,1248,1,3,3,3,0,1092,1,2,1,2,0,780,0,ST-HCH1,Normalstation Herzchirurgie,24,Herzchirurgie,7.0,15.0,06:00,14:00,450,,13:30,21:30,450,F,21:15,06:15,495,F|S,11,10,8,10,30,45,8,38.5,30,0.05,0,2.0.0,20261169
AZ-001,2026-11-09,history,-21,Montag,1,46,0,0,,Auszubildende_r_3_Ausbildungsjahr,Auszubildende,AUSZUBILDEND,1.0,38.5,9240,9240,8316,10164,5,2,2,8,1,0,nicht anrechenbar,0,0.0,-9240,19,18,2,2,0,2997,1,,,,,,0,,0,,3,3,3,0,1199,1,3,3,3,0,1049,1,2,2,2,0,749,0,ST-HCH1,Normalstation Herzchirurgie,24,Herzchirurgie,7.0,15.0,06:00,14:00,450,,13:30,21:30,450,F,21:15,06:15,495,F|S,11,10,8,10,30,45,8,38.5,30,0.05,0,2.0.0,20261169
AZ-002,2026-11-09,history,-21,Montag,1,46,0,0,,Auszubildende_r_2_Ausbildungsjahr,Auszubildende,AUSZUBILDEND,1.0,38.5,9240,9240,8316,10164,5,2,2,8,1,0,nicht anrechenbar,0,0.0,-6006,19,18,2,2,0,2997,1,,,,,,0,,0,,3,3,3,0,1199,1,3,3,3,0,1049,1,2,2,2,0,749,0,ST-HCH1,Normalstation Herzchirurgie,24,Herzchirurgie,7.0,15.0,06:00,14:00,450,,13:30,21:30,450,F,21:15,06:15,495,F|S,11,10,8,10,30,45,8,38.5,30,0.05,0,2.0.0,20261169
AZ-003,2026-11-09,history,-21,Montag,1,46,0,0,,Auszubildende_r_1_Ausbildungsjahr,Auszubildende,AUSZUBILDEND,1.0,38.5,9240,9240,8316,10164,5,2,2,0,0,0,nicht anrechenbar,0,0.0,-9240,19,18,2,2,0,2997,1,,,,,,0,,0,,3,3,3,0,1199,1,3,3,3,0,1049,1,2,2,2,0,749,0,ST-HCH1,Normalstation Herzchirurgie,24,Herzchirurgie,7.0,15.0,06:00,14:00,450,,13:30,21:30,450,F,21:15,06:15,495,F|S,11,10,8,10,30,45,8,38.5,30,0.05,0,2.0.0,20261169
PK-001,2026-11-09,history,-21,Montag,1,46,0,0,,Stationsleitung,Pflegefachkraft,EXAM|LEITUNG|PRAXISANLEITUNG,1.0,38.5,9240,4620,4158,5082,5,2,2,0,0,1,Pflegefachkraft,1,0.5,2130,19,18,2,2,0,2997,1,,,,,F,0,,0,,3,3,3,0,1199,1,3,3,3,0,1049,1,2,2,2,0,749,0,ST-HCH1,Normalstation Herzchirurgie,24,Herzchirurgie,7.0,15.0,06:00,14:00,450,,13:30,21:30,450,F,21:15,06:15,495,F|S,11,10,8,10,30,45,8,38.5,30,0.05,0,2.0.0,20261169
PK-002,2026-11-09,history,-21,Montag,1,46,0,0,,Pflegefachkraft,Pflegefachkraft,EXAM,0.6,23.1,5544,5544,4990,6098,5,2,2,8,1,1,Pflegefachkraft,0,0.0,-1359,19,18,2,2,0,2997,1,,,,,N,0,,0,,3,3,3,0,1199,1,3,3,3,0,1049,1,2,2,2,0,749,0,ST-HCH1,Normalstation Herzchirurgie,24,Herzchirurgie,7.0,15.0,06:00,14:00,450,,13:30,21:30,450,F,21:15,06:15,495,F|S,11,10,8,10,30,45,8,38.5,30,0.05,0,2.0.0,20261169
PK-003,2026-11-09,history,-21,Montag,1,46,0,0,,Pflegefachkraft,Pflegefachkraft,EXAM|KARDIO_MONITORING,1.0,38.5,9240,9240,8316,10164,5,2,2,8,1,1,Pflegefachkraft,0,0.0,-2130,19,18,2,2,0,2997,1,,,,,N,0,,0,,3,3,3,0,1199,1,3,3,3,0,1049,1,2,2,2,0,749,0,ST-HCH1,Normalstation Herzchirurgie,24,Herzchirurgie,7.0,15.0,06:00,14:00,450,,13:30,21:30,450,F,21:15,06:15,495,F|S,11,10,8,10,30,45,8,38.5,30,0.05,0,2.0.0,20261169
PK-004,2026-11-09,history,-21,Montag,1,46,0,0,,Pflegefachkraft,Pflegefachkraft,EXAM|KARDIO_MONITORING,0.75,28.88,6931,6931,6238,7624,5,2,2,8,1,1,Pflegefachkraft,0,0.0,-1485,19,18,2,2,0,2997,1,,,,,S,0,,0,,3,3,3,0,1199,1,3,3,3,0,1049,1,2,2,2,0,749,0,ST-HCH1,Normalstation Herzchirurgie,24,Herzchirurgie,7.0,15.0,06:00,14:00,450,,13:30,21:30,450,F,21:15,06:15,495,F|S,11,10,8,10,30,45,8,38.5,30,0.05,0,2.0.0,20261169
PK-005,2026-11-09,history,-21,Montag,1,46,0,0,,Pflegefachkraft,Pflegefachkraft,EXAM|PRAXISANLEITUNG,0.7,26.95,6468,6468,5821,7115,5,2,2,8,1,1,Pflegefachkraft,0,0.0,431,19,18,2,2,0,2997,1,,,,,,0,,0,,3,3,3,0,1199,1,3,3,3,0,1049,1,2,2,2,0,749,0,ST-HCH1,Normalstation Herzchirurgie,24,Herzchirurgie,7.0,15.0,06:00,14:00,450,,13:30,21:30,450,F,21:15,06:15,495,F|S,11,10,8,10,30,45,8,38.5,30,0.05,0,2.0.0,20261169
PK-006,2026-11-09,history,-21,Montag,1,46,0,0,,Pflegefachkraft,Pflegefachkraft,EXAM,1.0,38.5,9240,9240,8316,10164,5,2,2,8,1,1,Pflegefachkraft,0,0.0,-2130,19,18,2,2,0,2997,1,,,,,,0,,0,,3,3,3,0,1199,1,3,3,3,0,1049,1,2,2,2,0,749,0,ST-HCH1,Normalstation Herzchirurgie,24,Herzchirurgie,7.0,15.0,06:00,14:00,450,,13:30,21:30,450,F,21:15,06:15,495,F|S,11,10,8,10,30,45,8,38.5,30,0.05,0,2.0.0,20261169
PK-007,2026-11-09,history,-21,Montag,1,46,0,0,,Pflegefachkraft,Pflegefachkraft,EXAM,1.0,38.5,9240,9240,8316,10164,5,2,2,8,1,1,Pflegefachkraft,0,0.0,1104,19,18,2,2,0,2997,0,URLAUB,,,,,0,,0,,3,3,3,0,1199,1,3,3,3,0,1049,1,2,2,2,0,749,0,ST-HCH1,Normalstation Herzchirurgie,24,Herzchirurgie,7.0,15.0,06:00,14:00,450,,13:30,21:30,450,F,21:15,06:15,495,F|S,11,10,8,10,30,45,8,38.5,30,0.05,0,2.0.0,20261169
PK-008,2026-11-09,history,-21,Montag,1,46,0,0,,Pflegefachkraft,Pflegefachkraft,EXAM|PRAXISANLEITUNG,1.0,38.5,9240,9240,8316,10164,5,2,2,8,1,1,Pflegefachkraft,0,0.0,-2265,19,18,2,2,0,2997,1,,,,,,0,,0,,3,3,3,0,1199,1,3,3,3,0,1049,1,2,2,2,0,749,0,ST-HCH1,Normalstation Herzchirurgie,24,Herzchirurgie,7.0,15.0,06:00,14:00,450,,13:30,21:30,450,F,21:15,06:15,495,F|S,11,10,8,10,30,45,8,38.5,30,0.05,0,2.0.0,20261169
PK-009,2026-11-09,history,-21,Montag,1,46,0,0,,Pflegefachkraft,Pflegefachkraft,EXAM,0.9,34.65,8316,8316,7484,9148,5,2,2,8,1,1,Pflegefachkraft,0,0.0,-1881,19,18,2,2,0,2997,1,,,,,,0,,0,,3,3,3,0,1199,1,3,3,3,0,1049,1,2,2,2,0,749,0,ST-HCH1,Normalstation Herzchirurgie,24,Herzchirurgie,7.0,15.0,06:00,14:00,450,,13:30,21:30,450,F,21:15,06:15,495,F|S,11,10,8,10,30,45,8,38.5,30,0.05,0,2.0.0,20261169
PK-010,2026-11-09,history,-21,Montag,1,46,0,0,,Pflegefachkraft,Pflegefachkraft,EXAM,0.75,28.88,6931,6931,6238,7624,5,2,2,8,1,1,Pflegefachkraft,0,0.0,-1845,19,18,2,2,0,2997,1,,,,,,0,,0,,3,3,3,0,1199,1,3,3,3,0,1049,1,2,2,2,0,749,0,ST-HCH1,Normalstation Herzchirurgie,24,Herzchirurgie,7.0,15.0,06:00,14:00,450,,13:30,21:30,450,F,21:15,06:15,495,F|S,11,10,8,10,30,45,8,38.5,30,0.05,0,2.0.0,20261169
PK-011,2026-11-09,history,-21,Montag,1,46,0,0,,Pflegefachkraft,Pflegefachkraft,EXAM,0.8,30.8,7392,7392,6653,8131,5,2,2,8,1,1,Pflegefachkraft,0,0.0,-1947,19,18,2,2,0,2997,1,,,,,F,0,,0,,3,3,3,0,1199,1,3,3,3,0,1049,1,2,2,2,0,749,0,ST-HCH1,Normalstation Herzchirurgie,24,Herzchirurgie,7.0,15.0,06:00,14:00,450,,13:30,21:30,450,F,21:15,06:15,495,F|S,11,10,8,10,30,45,8,38.5,30,0.05,0,2.0.0,20261169
PK-012,2026-11-09,history,-21,Montag,1,46,0,0,,Pflegefachkraft,Pflegefachkraft,EXAM|KARDIO_MONITORING,0.7,26.95,6468,6468,5821,7115,5,2,2,8,1,1,Pflegefachkraft,0,0.0,-1473,19,18,2,2,0,2997,1,,,,,,0,,0,,3,3,3,0,1199,1,3,3,3,0,1049,1,2,2,2,0,749,0,ST-HCH1,Normalstation Herzchirurgie,24,Herzchirurgie,7.0,15.0,06:00,14:00,450,,13:30,21:30,450,F,21:15,06:15,495,F|S,11,10,8,10,30,45,8,38.5,30,0.05,0,2.0.0,20261169
PK-013,2026-11-09,history,-21,Montag,1,46,0,0,,Pflegefachkraft,Pflegefachkraft,EXAM,1.0,38.5,9240,9240,8316,10164,5,2,2,8,1,1,Pflegefachkraft,0,0.0,-2445,19,18,2,2,0,2997,1,,,,,,0,,0,,3,3,3,0,1199,1,3,3,3,0,1049,1,2,2,2,0,749,0,ST-HCH1,Normalstation Herzchirurgie,24,Herzchirurgie,7.0,15.0,06:00,14:00,450,,13:30,21:30,450,F,21:15,06:15,495,F|S,11,10,8,10,30,45,8,38.5,30,0.05,0,2.0.0,20261169
PK-014,2026-11-09,history,-21,Montag,1,46,0,0,,Pflegefachkraft,Pflegefachkraft,EXAM|KARDIO_MONITORING,0.5,19.25,4620,4620,4158,5082,5,2,2,8,1,1,Pflegefachkraft,0,0.0,-1020,19,18,2,2,0,2997,1,,,,,S,0,,0,,3,3,3,0,1199,1,3,3,3,0,1049,1,2,2,2,0,749,0,ST-HCH1,Normalstation Herzchirurgie,24,Herzchirurgie,7.0,15.0,06:00,14:00,450,,13:30,21:30,450,F,21:15,06:15,495,F|S,11,10,8,10,30,45,8,38.5,30,0.05,0,2.0.0,20261169
PK-015,2026-11-09,history,-21,Montag,1,46,0,0,,Pflegefachkraft,Pflegefachkraft,EXAM,1.0,38.5,9240,9240,8316,10164,5,2,2,8,1,1,Pflegefachkraft,0,0.0,-2490,19,18,2,2,0,2997,1,,,,,S,0,,0,,3,3,3,0,1199,1,3,3,3,0,1049,1,2,2,2,0,749,0,ST-HCH1,Normalstation Herzchirurgie,24,Herzchirurgie,7.0,15.0,06:00,14:00,450,,13:30,21:30,450,F,21:15,06:15,495,F|S,11,10,8,10,30,45,8,38.5,30,0.05,0,2.0.0,20261169
PK-016,2026-11-09,history,-21,Montag,1,46,0,0,,Pflegefachkraft,Pflegefachkraft,EXAM|PRAXISANLEITUNG,1.0,38.5,9240,9240,8316,10164,5,2,2,8,1,1,Pflegefachkraft,0,0.0,-2310,19,18,2,2,0,2997,1,,,,,,0,,0,,3,3,3,0,1199,1,3,3,3,0,1049,1,2,2,2,0,749,0,ST-HCH1,Normalstation Herzchirurgie,24,Herzchirurgie,7.0,15.0,06:00,14:00,450,,13:30,21:30,450,F,21:15,06:15,495,F|S,11,10,8,10,30,45,8,38.5,30,0.05,0,2.0.0,20261169
PK-017,2026-11-09,history,-21,Montag,1,46,0,0,,Pflegefachkraft,Pflegefachkraft,EXAM,0.8,30.8,7392,7392,6653,8131,5,2,2,8,1,1,Pflegefachkraft,0,0.0,-1902,19,18,2,2,0,2997,1,,,,,F,0,,0,,3,3,3,0,1199,1,3,3,3,0,1049,1,2,2,2,0,749,0,ST-HCH1,Normalstation Herzchirurgie,24,Herzchirurgie,7.0,15.0,06:00,14:00,450,,13:30,21:30,450,F,21:15,06:15,495,F|S,11,10,8,10,30,45,8,38.5,30,0.05,0,2.0.0,20261169
PK-018,2026-11-09,history,-21,Montag,1,46,0,0,,Pflegefachkraft,Pflegefachkraft,EXAM,0.5,19.25,4620,4620,4158,5082,5,2,2,8,1,1,Pflegefachkraft,0,0.0,-1245,19,18,2,2,0,2997,1,,,,,,0,,0,,3,3,3,0,1199,1,3,3,3,0,1049,1,2,2,2,0,749,0,ST-HCH1,Normalstation Herzchirurgie,24,Herzchirurgie,7.0,15.0,06:00,14:00,450,,13:30,21:30,450,F,21:15,06:15,495,F|S,11,10,8,10,30,45,8,38.5,30,0.05,0,2.0.0,20261169
AZ-001,2026-11-10,history,-20,Dienstag,2,46,0,0,,Auszubildende_r_3_Ausbildungsjahr,Auszubildende,AUSZUBILDEND,1.0,38.5,9240,9240,8316,10164,5,2,2,8,1,0,nicht anrechenbar,0,0.0,-9240,19,18,6,4,3,3668,1,,,,,,0,,0,,3,3,3,0,1467,1,3,3,3,0,1284,1,2,2,2,0,917,0,ST-HCH1,Normalstation Herzchirurgie,24,Herzchirurgie,7.0,15.0,06:00,14:00,450,,13:30,21:30,450,F,21:15,06:15,495,F|S,11,10,8,10,30,45,8,38.5,30,0.05,0,2.0.0,20261169
AZ-002,2026-11-10,history,-20,Dienstag,2,46,0,0,,Auszubildende_r_2_Ausbildungsjahr,Auszubildende,AUSZUBILDEND,1.0,38.5,9240,9240,8316,10164,5,2,2,8,1,0,nicht anrechenbar,0,0.0,-6006,19,18,6,4,3,3668,1,,,,,,0,,0,,3,3,3,0,1467,1,3,3,3,0,1284,1,2,2,2,0,917,0,ST-HCH1,Normalstation Herzchirurgie,24,Herzchirurgie,7.0,15.0,06:00,14:00,450,,13:30,21:30,450,F,21:15,06:15,495,F|S,11,10,8,10,30,45,8,38.5,30,0.05,0,2.0.0,20261169
AZ-003,2026-11-10,history,-20,Dienstag,2,46,0,0,,Auszubildende_r_1_Ausbildungsjahr,Auszubildende,AUSZUBILDEND,1.0,38.5,9240,9240,8316,10164,5,2,2,0,0,0,nicht anrechenbar,0,0.0,-9240,19,18,6,4,3,3668,1,,,,,,0,,0,,3,3,3,0,1467,1,3,3,3,0,1284,1,2,2,2,0,917,0,ST-HCH1,Normalstation Herzchirurgie,24,Herzchirurgie,7.0,15.0,06:00,14:00,450,,13:30,21:30,450,F,21:15,06:15,495,F|S,11,10,8,10,30,45,8,38.5,30,0.05,0,2.0.0,20261169
PK-001,2026-11-10,history,-20,Dienstag,2,46,0,0,,Stationsleitung,Pflegefachkraft,EXAM|LEITUNG|PRAXISANLEITUNG,1.0,38.5,9240,4620,4158,5082,5,2,2,0,0,1,Pflegefachkraft,1,0.5,2130,19,18,6,4,3,3668,1,,,,,,0,,0,,3,3,3,0,1467,1,3,3,3,0,1284,1,2,2,2,0,917,0,ST-HCH1,Normalstation Herzchirurgie,24,Herzchirurgie,7.0,15.0,06:00,14:00,450,,13:30,21:30,450,F,21:15,06:15,495,F|S,11,10,8,10,30,45,8,38.5,30,0.05,0,2.0.0,20261169
PK-002,2026-11-10,history,-20,Dienstag,2,46,0,0,,Pflegefachkraft,Pflegefachkraft,EXAM,0.6,23.1,5544,5544,4990,6098,5,2,2,8,1,1,Pflegefachkraft,0,0.0,-1359,19,18,6,4,3,3668,1,,,,,,0,,0,,3,3,3,0,1467,1,3,3,3,0,1284,1,2,2,2,0,917,0,ST-HCH1,Normalstation Herzchirurgie,24,Herzchirurgie,7.0,15.0,06:00,14:00,450,,13:30,21:30,450,F,21:15,06:15,495,F|S,11,10,8,10,30,45,8,38.5,30,0.05,0,2.0.0,20261169
PK-003,2026-11-10,history,-20,Dienstag,2,46,0,0,,Pflegefachkraft,Pflegefachkraft,EXAM|KARDIO_MONITORING,1.0,38.5,9240,9240,8316,10164,5,2,2,8,1,1,Pflegefachkraft,0,0.0,-2130,19,18,6,4,3,3668,1,,,,,,0,,0,,3,3,3,0,1467,1,3,3,3,0,1284,1,2,2,2,0,917,0,ST-HCH1,Normalstation Herzchirurgie,24,Herzchirurgie,7.0,15.0,06:00,14:00,450,,13:30,21:30,450,F,21:15,06:15,495,F|S,11,10,8,10,30,45,8,38.5,30,0.05,0,2.0.0,20261169
PK-004,2026-11-10,history,-20,Dienstag,2,46,0,0,,Pflegefachkraft,Pflegefachkraft,EXAM|KARDIO_MONITORING,0.75,28.88,6931,6931,6238,7624,5,2,2,8,1,1,Pflegefachkraft,0,0.0,-1485,19,18,6,4,3,3668,1,,,,,,0,,0,,3,3,3,0,1467,1,3,3,3,0,1284,1,2,2,2,0,917,0,ST-HCH1,Normalstation Herzchirurgie,24,Herzchirurgie,7.0,15.0,06:00,14:00,450,,13:30,21:30,450,F,21:15,06:15,495,F|S,11,10,8,10,30,45,8,38.5,30,0.05,0,2.0.0,20261169
PK-005,2026-11-10,history,-20,Dienstag,2,46,0,0,,Pflegefachkraft,Pflegefachkraft,EXAM|PRAXISANLEITUNG,0.7,26.95,6468,6468,5821,7115,5,2,2,8,1,1,Pflegefachkraft,0,0.0,431,19,18,6,4,3,3668,1,,,,,S,0,,0,,3,3,3,0,1467,1,3,3,3,0,1284,1,2,2,2,0,917,0,ST-HCH1,Normalstation Herzchirurgie,24,Herzchirurgie,7.0,15.0,06:00,14:00,450,,13:30,21:30,450,F,21:15,06:15,495,F|S,11,10,8,10,30,45,8,38.5,30,0.05,0,2.0.0,20261169
PK-006,2026-11-10,history,-20,Dienstag,2,46,0,0,,Pflegefachkraft,Pflegefachkraft,EXAM,1.0,38.5,9240,9240,8316,10164,5,2,2,8,1,1,Pflegefachkraft,0,0.0,-2130,19,18,6,4,3,3668,1,,,,,N,0,,0,,3,3,3,0,1467,1,3,3,3,0,1284,1,2,2,2,0,917,0,ST-HCH1,Normalstation Herzchirurgie,24,Herzchirurgie,7.0,15.0,06:00,14:00,450,,13:30,21:30,450,F,21:15,06:15,495,F|S,11,10,8,10,30,45,8,38.5,30,0.05,0,2.0.0,20261169
PK-007,2026-11-10,history,-20,Dienstag,2,46,0,0,,Pflegefachkraft,Pflegefachkraft,EXAM,1.0,38.5,9240,9240,8316,10164,5,2,2,8,1,1,Pflegefachkraft,0,0.0,1104,19,18,6,4,3,3668,0,URLAUB,,,,,0,,0,,3,3,3,0,1467,1,3,3,3,0,1284,1,2,2,2,0,917,0,ST-HCH1,Normalstation Herzchirurgie,24,Herzchirurgie,7.0,15.0,06:00,14:00,450,,13:30,21:30,450,F,21:15,06:15,495,F|S,11,10,8,10,30,45,8,38.5,30,0.05,0,2.0.0,20261169
PK-008,2026-11-10,history,-20,Dienstag,2,46,0,0,,Pflegefachkraft,Pflegefachkraft,EXAM|PRAXISANLEITUNG,1.0,38.5,9240,9240,8316,10164,5,2,2,8,1,1,Pflegefachkraft,0,0.0,-2265,19,18,6,4,3,3668,1,,,,,F,0,,0,,3,3,3,0,1467,1,3,3,3,0,1284,1,2,2,2,0,917,0,ST-HCH1,Normalstation Herzchirurgie,24,Herzchirurgie,7.0,15.0,06:00,14:00,450,,13:30,21:30,450,F,21:15,06:15,495,F|S,11,10,8,10,30,45,8,38.5,30,0.05,0,2.0.0,20261169
PK-009,2026-11-10,history,-20,Dienstag,2,46,0,0,,Pflegefachkraft,Pflegefachkraft,EXAM,0.9,34.65,8316,8316,7484,9148,5,2,2,8,1,1,Pflegefachkraft,0,0.0,-1881,19,18,6,4,3,3668,1,,,,,,0,,0,,3,3,3,0,1467,1,3,3,3,0,1284,1,2,2,2,0,917,0,ST-HCH1,Normalstation Herzchirurgie,24,Herzchirurgie,7.0,15.0,06:00,14:00,450,,13:30,21:30,450,F,21:15,06:15,495,F|S,11,10,8,10,30,45,8,38.5,30,0.05,0,2.0.0,20261169
PK-010,2026-11-10,history,-20,Dienstag,2,46,0,0,,Pflegefachkraft,Pflegefachkraft,EXAM,0.75,28.88,6931,6931,6238,7624,5,2,2,8,1,1,Pflegefachkraft,0,0.0,-1845,19,18,6,4,3,3668,1,,,,,F,0,,0,,3,3,3,0,1467,1,3,3,3,0,1284,1,2,2,2,0,917,0,ST-HCH1,Normalstation Herzchirurgie,24,Herzchirurgie,7.0,15.0,06:00,14:00,450,,13:30,21:30,450,F,21:15,06:15,495,F|S,11,10,8,10,30,45,8,38.5,30,0.05,0,2.0.0,20261169
PK-011,2026-11-10,history,-20,Dienstag,2,46,0,0,,Pflegefachkraft,Pflegefachkraft,EXAM,0.8,30.8,7392,7392,6653,8131,5,2,2,8,1,1,Pflegefachkraft,0,0.0,-1947,19,18,6,4,3,3668,1,,,,,,0,,0,,3,3,3,0,1467,1,3,3,3,0,1284,1,2,2,2,0,917,0,ST-HCH1,Normalstation Herzchirurgie,24,Herzchirurgie,7.0,15.0,06:00,14:00,450,,13:30,21:30,450,F,21:15,06:15,495,F|S,11,10,8,10,30,45,8,38.5,30,0.05,0,2.0.0,20261169
PK-012,2026-11-10,history,-20,Dienstag,2,46,0,0,,Pflegefachkraft,Pflegefachkraft,EXAM|KARDIO_MONITORING,0.7,26.95,6468,6468,5821,7115,5,2,2,8,1,1,Pflegefachkraft,0,0.0,-1473,19,18,6,4,3,3668,1,,,,,S,0,,0,,3,3,3,0,1467,1,3,3,3,0,1284,1,2,2,2,0,917,0,ST-HCH1,Normalstation Herzchirurgie,24,Herzchirurgie,7.0,15.0,06:00,14:00,450,,13:30,21:30,450,F,21:15,06:15,495,F|S,11,10,8,10,30,45,8,38.5,30,0.05,0,2.0.0,20261169
PK-013,2026-11-10,history,-20,Dienstag,2,46,0,0,,Pflegefachkraft,Pflegefachkraft,EXAM,1.0,38.5,9240,9240,8316,10164,5,2,2,8,1,1,Pflegefachkraft,0,0.0,-2445,19,18,6,4,3,3668,1,,,,,F,0,,0,,3,3,3,0,1467,1,3,3,3,0,1284,1,2,2,2,0,917,0,ST-HCH1,Normalstation Herzchirurgie,24,Herzchirurgie,7.0,15.0,06:00,14:00,450,,13:30,21:30,450,F,21:15,06:15,495,F|S,11,10,8,10,30,45,8,38.5,30,0.05,0,2.0.0,20261169
PK-014,2026-11-10,history,-20,Dienstag,2,46,0,0,,Pflegefachkraft,Pflegefachkraft,EXAM|KARDIO_MONITORING,0.5,19.25,4620,4620,4158,5082,5,2,2,8,1,1,Pflegefachkraft,0,0.0,-1020,19,18,6,4,3,3668,1,,,,,,0,,0,,3,3,3,0,1467,1,3,3,3,0,1284,1,2,2,2,0,917,0,ST-HCH1,Normalstation Herzchirurgie,24,Herzchirurgie,7.0,15.0,06:00,14:00,450,,13:30,21:30,450,F,21:15,06:15,495,F|S,11,10,8,10,30,45,8,38.5,30,0.05,0,2.0.0,20261169
PK-015,2026-11-10,history,-20,Dienstag,2,46,0,0,,Pflegefachkraft,Pflegefachkraft,EXAM,1.0,38.5,9240,9240,8316,10164,5,2,2,8,1,1,Pflegefachkraft,0,0.0,-2490,19,18,6,4,3,3668,1,,,,,,0,,0,,3,3,3,0,1467,1,3,3,3,0,1284,1,2,2,2,0,917,0,ST-HCH1,Normalstation Herzchirurgie,24,Herzchirurgie,7.0,15.0,06:00,14:00,450,,13:30,21:30,450,F,21:15,06:15,495,F|S,11,10,8,10,30,45,8,38.5,30,0.05,0,2.0.0,20261169
PK-016,2026-11-10,history,-20,Dienstag,2,46,0,0,,Pflegefachkraft,Pflegefachkraft,EXAM|PRAXISANLEITUNG,1.0,38.5,9240,9240,8316,10164,5,2,2,8,1,1,Pflegefachkraft,0,0.0,-2310,19,18,6,4,3,3668,1,,,,,N,0,,0,,3,3,3,0,1467,1,3,3,3,0,1284,1,2,2,2,0,917,0,ST-HCH1,Normalstation Herzchirurgie,24,Herzchirurgie,7.0,15.0,06:00,14:00,450,,13:30,21:30,450,F,21:15,06:15,495,F|S,11,10,8,10,30,45,8,38.5,30,0.05,0,2.0.0,20261169
PK-017,2026-11-10,history,-20,Dienstag,2,46,0,0,,Pflegefachkraft,Pflegefachkraft,EXAM,0.8,30.8,7392,7392,6653,8131,5,2,2,8,1,1,Pflegefachkraft,0,0.0,-1902,19,18,6,4,3,3668,1,,,,,,0,,0,,3,3,3,0,1467,1,3,3,3,0,1284,1,2,2,2,0,917,0,ST-HCH1,Normalstation Herzchirurgie,24,Herzchirurgie,7.0,15.0,06:00,14:00,450,,13:30,21:30,450,F,21:15,06:15,495,F|S,11,10,8,10,30,45,8,38.5,30,0.05,0,2.0.0,20261169
PK-018,2026-11-10,history,-20,Dienstag,2,46,0,0,,Pflegefachkraft,Pflegefachkraft,EXAM,0.5,19.25,4620,4620,4158,5082,5,2,2,8,1,1,Pflegefachkraft,0,0.0,-1245,19,18,6,4,3,3668,1,,,,,S,0,,0,,3,3,3,0,1467,1,3,3,3,0,1284,1,2,2,2,0,917,0,ST-HCH1,Normalstation Herzchirurgie,24,Herzchirurgie,7.0,15.0,06:00,14:00,450,,13:30,21:30,450,F,21:15,06:15,495,F|S,11,10,8,10,30,45,8,38.5,30,0.05,0,2.0.0,20261169
AZ-001,2026-11-11,history,-19,Mittwoch,3,46,0,0,,Auszubildende_r_3_Ausbildungsjahr,Auszubildende,AUSZUBILDEND,1.0,38.5,9240,9240,8316,10164,5,2,2,8,1,0,nicht anrechenbar,0,0.0,-9240,20,18,3,1,2,4165,1,,,,,,0,,0,,4,3,4,0,1666,1,3,3,3,0,1458,1,2,2,2,0,1041,0,ST-HCH1,Normalstation Herzchirurgie,24,Herzchirurgie,7.0,15.0,06:00,14:00,450,,13:30,21:30,450,F,21:15,06:15,495,F|S,11,10,8,10,30,45,8,38.5,30,0.05,0,2.0.0,20261169
AZ-002,2026-11-11,history,-19,Mittwoch,3,46,0,0,,Auszubildende_r_2_Ausbildungsjahr,Auszubildende,AUSZUBILDEND,1.0,38.5,9240,9240,8316,10164,5,2,2,8,1,0,nicht anrechenbar,0,0.0,-6006,20,18,3,1,2,4165,1,,,,,,0,,0,,4,3,4,0,1666,1,3,3,3,0,1458,1,2,2,2,0,1041,0,ST-HCH1,Normalstation Herzchirurgie,24,Herzchirurgie,7.0,15.0,06:00,14:00,450,,13:30,21:30,450,F,21:15,06:15,495,F|S,11,10,8,10,30,45,8,38.5,30,0.05,0,2.0.0,20261169
AZ-003,2026-11-11,history,-19,Mittwoch,3,46,0,0,,Auszubildende_r_1_Ausbildungsjahr,Auszubildende,AUSZUBILDEND,1.0,38.5,9240,9240,8316,10164,5,2,2,0,0,0,nicht anrechenbar,0,0.0,-9240,20,18,3,1,2,4165,1,,,,,,0,,0,,4,3,4,0,1666,1,3,3,3,0,1458,1,2,2,2,0,1041,0,ST-HCH1,Normalstation Herzchirurgie,24,Herzchirurgie,7.0,15.0,06:00,14:00,450,,13:30,21:30,450,F,21:15,06:15,495,F|S,11,10,8,10,30,45,8,38.5,30,0.05,0,2.0.0,20261169
PK-001,2026-11-11,history,-19,Mittwoch,3,46,0,0,,Stationsleitung,Pflegefachkraft,EXAM|LEITUNG|PRAXISANLEITUNG,1.0,38.5,9240,4620,4158,5082,5,2,2,0,0,1,Pflegefachkraft,1,0.5,2130,20,18,3,1,2,4165,1,,,,,F,0,,0,,4,3,4,0,1666,1,3,3,3,0,1458,1,2,2,2,0,1041,0,ST-HCH1,Normalstation Herzchirurgie,24,Herzchirurgie,7.0,15.0,06:00,14:00,450,,13:30,21:30,450,F,21:15,06:15,495,F|S,11,10,8,10,30,45,8,38.5,30,0.05,0,2.0.0,20261169
PK-002,2026-11-11,history,-19,Mittwoch,3,46,0,0,,Pflegefachkraft,Pflegefachkraft,EXAM,0.6,23.1,5544,5544,4990,6098,5,2,2,8,1,1,Pflegefachkraft,0,0.0,-1359,20,18,3,1,2,4165,1,,,,,,0,,0,,4,3,4,0,1666,1,3,3,3,0,1458,1,2,2,2,0,1041,0,ST-HCH1,Normalstation Herzchirurgie,24,Herzchirurgie,7.0,15.0,06:00,14:00,450,,13:30,21:30,450,F,21:15,06:15,495,F|S,11,10,8,10,30,45,8,38.5,30,0.05,0,2.0.0,20261169
PK-003,2026-11-11,history,-19,Mittwoch,3,46,0,0,,Pflegefachkraft,Pflegefachkraft,EXAM|KARDIO_MONITORING,1.0,38.5,9240,9240,8316,10164,5,2,2,8,1,1,Pflegefachkraft,0,0.0,-2130,20,18,3,1,2,4165,1,,,,,N,0,,0,,4,3,4,0,1666,1,3,3,3,0,1458,1,2,2,2,0,1041,0,ST-HCH1,Normalstation Herzchirurgie,24,Herzchirurgie,7.0,15.0,06:00,14:00,450,,13:30,21:30,450,F,21:15,06:15,495,F|S,11,10,8,10,30,45,8,38.5,30,0.05,0,2.0.0,20261169
PK-004,2026-11-11,history,-19,Mittwoch,3,46,0,0,,Pflegefachkraft,Pflegefachkraft,EXAM|KARDIO_MONITORING,0.75,28.88,6931,6931,6238,7624,5,2,2,8,1,1,Pflegefachkraft,0,0.0,-1485,20,18,3,1,2,4165,1,,,,,S,0,,0,,4,3,4,0,1666,1,3,3,3,0,1458,1,2,2,2,0,1041,0,ST-HCH1,Normalstation Herzchirurgie,24,Herzchirurgie,7.0,15.0,06:00,14:00,450,,13:30,21:30,450,F,21:15,06:15,495,F|S,11,10,8,10,30,45,8,38.5,30,0.05,0,2.0.0,20261169
PK-005,2026-11-11,history,-19,Mittwoch,3,46,0,0,,Pflegefachkraft,Pflegefachkraft,EXAM|PRAXISANLEITUNG,0.7,26.95,6468,6468,5821,7115,5,2,2,8,1,1,Pflegefachkraft,0,0.0,431,20,18,3,1,2,4165,1,,,,,,0,,0,,4,3,4,0,1666,1,3,3,3,0,1458,1,2,2,2,0,1041,0,ST-HCH1,Normalstation Herzchirurgie,24,Herzchirurgie,7.0,15.0,06:00,14:00,450,,13:30,21:30,450,F,21:15,06:15,495,F|S,11,10,8,10,30,45,8,38.5,30,0.05,0,2.0.0,20261169
PK-006,2026-11-11,history,-19,Mittwoch,3,46,0,0,,Pflegefachkraft,Pflegefachkraft,EXAM,1.0,38.5,9240,9240,8316,10164,5,2,2,8,1,1,Pflegefachkraft,0,0.0,-2130,20,18,3,1,2,4165,1,,,,,,0,,0,,4,3,4,0,1666,1,3,3,3,0,1458,1,2,2,2,0,1041,0,ST-HCH1,Normalstation Herzchirurgie,24,Herzchirurgie,7.0,15.0,06:00,14:00,450,,13:30,21:30,450,F,21:15,06:15,495,F|S,11,10,8,10,30,45,8,38.5,30,0.05,0,2.0.0,20261169
PK-007,2026-11-11,history,-19,Mittwoch,3,46,0,0,,Pflegefachkraft,Pflegefachkraft,EXAM,1.0,38.5,9240,9240,8316,10164,5,2,2,8,1,1,Pflegefachkraft,0,0.0,1104,20,18,3,1,2,4165,0,URLAUB,,,,,0,,0,,4,3,4,0,1666,1,3,3,3,0,1458,1,2,2,2,0,1041,0,ST-HCH1,Normalstation Herzchirurgie,24,Herzchirurgie,7.0,15.0,06:00,14:00,450,,13:30,21:30,450,F,21:15,06:15,495,F|S,11,10,8,10,30,45,8,38.5,30,0.05,0,2.0.0,20261169
PK-008,2026-11-11,history,-19,Mittwoch,3,46,0,0,,Pflegefachkraft,Pflegefachkraft,EXAM|PRAXISANLEITUNG,1.0,38.5,9240,9240,8316,10164,5,2,2,8,1,1,Pflegefachkraft,0,0.0,-2265,20,18,3,1,2,4165,1,,,,,S,0,,0,,4,3,4,0,1666,1,3,3,3,0,1458,1,2,2,2,0,1041,0,ST-HCH1,Normalstation Herzchirurgie,24,Herzchirurgie,7.0,15.0,06:00,14:00,450,,13:30,21:30,450,F,21:15,06:15,495,F|S,11,10,8,10,30,45,8,38.5,30,0.05,0,2.0.0,20261169
PK-009,2026-11-11,history,-19,Mittwoch,3,46,0,0,,Pflegefachkraft,Pflegefachkraft,EXAM,0.9,34.65,8316,8316,7484,9148,5,2,2,8,1,1,Pflegefachkraft,0,0.0,-1881,20,18,3,1,2,4165,1,,,,,N,0,,0,,4,3,4,0,1666,1,3,3,3,0,1458,1,2,2,2,0,1041,0,ST-HCH1,Normalstation Herzchirurgie,24,Herzchirurgie,7.0,15.0,06:00,14:00,450,,13:30,21:30,450,F,21:15,06:15,495,F|S,11,10,8,10,30,45,8,38.5,30,0.05,0,2.0.0,20261169
PK-010,2026-11-11,history,-19,Mittwoch,3,46,0,0,,Pflegefachkraft,Pflegefachkraft,EXAM,0.75,28.88,6931,6931,6238,7624,5,2,2,8,1,1,Pflegefachkraft,0,0.0,-1845,20,18,3,1,2,4165,1,,,,,,0,,0,,4,3,4,0,1666,1,3,3,3,0,1458,1,2,2,2,0,1041,0,ST-HCH1,Normalstation Herzchirurgie,24,Herzchirurgie,7.0,15.0,06:00,14:00,450,,13:30,21:30,450,F,21:15,06:15,495,F|S,11,10,8,10,30,45,8,38.5,30,0.05,0,2.0.0,20261169
PK-011,2026-11-11,history,-19,Mittwoch,3,46,0,0,,Pflegefachkraft,Pflegefachkraft,EXAM,0.8,30.8,7392,7392,6653,8131,5,2,2,8,1,1,Pflegefachkraft,0,0.0,-1947,20,18,3,1,2,4165,1,,,,,F,0,,0,,4,3,4,0,1666,1,3,3,3,0,1458,1,2,2,2,0,1041,0,ST-HCH1,Normalstation Herzchirurgie,24,Herzchirurgie,7.0,15.0,06:00,14:00,450,,13:30,21:30,450,F,21:15,06:15,495,F|S,11,10,8,10,30,45,8,38.5,30,0.05,0,2.0.0,20261169
PK-012,2026-11-11,history,-19,Mittwoch,3,46,0,0,,Pflegefachkraft,Pflegefachkraft,EXAM|KARDIO_MONITORING,0.7,26.95,6468,6468,5821,7115,5,2,2,8,1,1,Pflegefachkraft,0,0.0,-1473,20,18,3,1,2,4165,1,,,,,,0,,0,,4,3,4,0,1666,1,3,3,3,0,1458,1,2,2,2,0,1041,0,ST-HCH1,Normalstation Herzchirurgie,24,Herzchirurgie,7.0,15.0,06:00,14:00,450,,13:30,21:30,450,F,21:15,06:15,495,F|S,11,10,8,10,30,45,8,38.5,30,0.05,0,2.0.0,20261169
PK-013,2026-11-11,history,-19,Mittwoch,3,46,0,0,,Pflegefachkraft,Pflegefachkraft,EXAM,1.0,38.5,9240,9240,8316,10164,5,2,2,8,1,1,Pflegefachkraft,0,0.0,-2445,20,18,3,1,2,4165,1,,,,,S,0,,0,,4,3,4,0,1666,1,3,3,3,0,1458,1,2,2,2,0,1041,0,ST-HCH1,Normalstation Herzchirurgie,24,Herzchirurgie,7.0,15.0,06:00,14:00,450,,13:30,21:30,450,F,21:15,06:15,495,F|S,11,10,8,10,30,45,8,38.5,30,0.05,0,2.0.0,20261169
PK-014,2026-11-11,history,-19,Mittwoch,3,46,0,0,,Pflegefachkraft,Pflegefachkraft,EXAM|KARDIO_MONITORING,0.5,19.25,4620,4620,4158,5082,5,2,2,8,1,1,Pflegefachkraft,0,0.0,-1020,20,18,3,1,2,4165,1,,,,,,0,,0,,4,3,4,0,1666,1,3,3,3,0,1458,1,2,2,2,0,1041,0,ST-HCH1,Normalstation Herzchirurgie,24,Herzchirurgie,7.0,15.0,06:00,14:00,450,,13:30,21:30,450,F,21:15,06:15,495,F|S,11,10,8,10,30,45,8,38.5,30,0.05,0,2.0.0,20261169
PK-015,2026-11-11,history,-19,Mittwoch,3,46,0,0,,Pflegefachkraft,Pflegefachkraft,EXAM,1.0,38.5,9240,9240,8316,10164,5,2,2,8,1,1,Pflegefachkraft,0,0.0,-2490,20,18,3,1,2,4165,1,,,,,F,0,,0,,4,3,4,0,1666,1,3,3,3,0,1458,1,2,2,2,0,1041,0,ST-HCH1,Normalstation Herzchirurgie,24,Herzchirurgie,7.0,15.0,06:00,14:00,450,,13:30,21:30,450,F,21:15,06:15,495,F|S,11,10,8,10,30,45,8,38.5,30,0.05,0,2.0.0,20261169
PK-016,2026-11-11,history,-19,Mittwoch,3,46,0,0,,Pflegefachkraft,Pflegefachkraft,EXAM|PRAXISANLEITUNG,1.0,38.5,9240,9240,8316,10164,5,2,2,8,1,1,Pflegefachkraft,0,0.0,-2310,20,18,3,1,2,4165,1,,,,,,0,,0,,4,3,4,0,1666,1,3,3,3,0,1458,1,2,2,2,0,1041,0,ST-HCH1,Normalstation Herzchirurgie,24,Herzchirurgie,7.0,15.0,06:00,14:00,450,,13:30,21:30,450,F,21:15,06:15,495,F|S,11,10,8,10,30,45,8,38.5,30,0.05,0,2.0.0,20261169
PK-017,2026-11-11,history,-19,Mittwoch,3,46,0,0,,Pflegefachkraft,Pflegefachkraft,EXAM,0.8,30.8,7392,7392,6653,8131,5,2,2,8,1,1,Pflegefachkraft,0,0.0,-1902,20,18,3,1,2,4165,1,,,,,F,0,,0,,4,3,4,0,1666,1,3,3,3,0,1458,1,2,2,2,0,1041,0,ST-HCH1,Normalstation Herzchirurgie,24,Herzchirurgie,7.0,15.0,06:00,14:00,450,,13:30,21:30,450,F,21:15,06:15,495,F|S,11,10,8,10,30,45,8,38.5,30,0.05,0,2.0.0,20261169
PK-018,2026-11-11,history,-19,Mittwoch,3,46,0,0,,Pflegefachkraft,Pflegefachkraft,EXAM,0.5,19.25,4620,4620,4158,5082,5,2,2,8,1,1,Pflegefachkraft,0,0.0,-1245,20,18,3,1,2,4165,1,,,,,,0,,0,,4,3,4,0,1666,1,3,3,3,0,1458,1,2,2,2,0,1041,0,ST-HCH1,Normalstation Herzchirurgie,24,Herzchirurgie,7.0,15.0,06:00,14:00,450,,13:30,21:30,450,F,21:15,06:15,495,F|S,11,10,8,10,30,45,8,38.5,30,0.05,0,2.0.0,20261169
AZ-001,2026-11-12,history,-18,Donnerstag,4,46,0,0,,Auszubildende_r_3_Ausbildungsjahr,Auszubildende,AUSZUBILDEND,1.0,38.5,9240,9240,8316,10164,5,2,2,8,1,0,nicht anrechenbar,0,0.0,-9240,19,18,1,0,2,3765,1,,,,,,0,,0,,3,3,3,0,1506,1,3,3,3,0,1318,1,2,2,2,0,941,0,ST-HCH1,Normalstation Herzchirurgie,24,Herzchirurgie,7.0,15.0,06:00,14:00,450,,13:30,21:30,450,F,21:15,06:15,495,F|S,11,10,8,10,30,45,8,38.5,30,0.05,0,2.0.0,20261169
AZ-002,2026-11-12,history,-18,Donnerstag,4,46,0,0,,Auszubildende_r_2_Ausbildungsjahr,Auszubildende,AUSZUBILDEND,1.0,38.5,9240,9240,8316,10164,5,2,2,8,1,0,nicht anrechenbar,0,0.0,-6006,19,18,1,0,2,3765,1,,,,,,0,,0,,3,3,3,0,1506,1,3,3,3,0,1318,1,2,2,2,0,941,0,ST-HCH1,Normalstation Herzchirurgie,24,Herzchirurgie,7.0,15.0,06:00,14:00,450,,13:30,21:30,450,F,21:15,06:15,495,F|S,11,10,8,10,30,45,8,38.5,30,0.05,0,2.0.0,20261169
AZ-003,2026-11-12,history,-18,Donnerstag,4,46,0,0,,Auszubildende_r_1_Ausbildungsjahr,Auszubildende,AUSZUBILDEND,1.0,38.5,9240,9240,8316,10164,5,2,2,0,0,0,nicht anrechenbar,0,0.0,-9240,19,18,1,0,2,3765,1,,,,,,0,,0,,3,3,3,0,1506,1,3,3,3,0,1318,1,2,2,2,0,941,0,ST-HCH1,Normalstation Herzchirurgie,24,Herzchirurgie,7.0,15.0,06:00,14:00,450,,13:30,21:30,450,F,21:15,06:15,495,F|S,11,10,8,10,30,45,8,38.5,30,0.05,0,2.0.0,20261169
PK-001,2026-11-12,history,-18,Donnerstag,4,46,0,0,,Stationsleitung,Pflegefachkraft,EXAM|LEITUNG|PRAXISANLEITUNG,1.0,38.5,9240,4620,4158,5082,5,2,2,0,0,1,Pflegefachkraft,1,0.5,2130,19,18,1,0,2,3765,1,,,,,,0,,0,,3,3,3,0,1506,1,3,3,3,0,1318,1,2,2,2,0,941,0,ST-HCH1,Normalstation Herzchirurgie,24,Herzchirurgie,7.0,15.0,06:00,14:00,450,,13:30,21:30,450,F,21:15,06:15,495,F|S,11,10,8,10,30,45,8,38.5,30,0.05,0,2.0.0,20261169
PK-002,2026-11-12,history,-18,Donnerstag,4,46,0,0,,Pflegefachkraft,Pflegefachkraft,EXAM,0.6,23.1,5544,5544,4990,6098,5,2,2,8,1,1,Pflegefachkraft,0,0.0,-1359,19,18,1,0,2,3765,1,,,,,F,0,,0,,3,3,3,0,1506,1,3,3,3,0,1318,1,2,2,2,0,941,0,ST-HCH1,Normalstation Herzchirurgie,24,Herzchirurgie,7.0,15.0,06:00,14:00,450,,13:30,21:30,450,F,21:15,06:15,495,F|S,11,10,8,10,30,45,8,38.5,30,0.05,0,2.0.0,20261169
PK-003,2026-11-12,history,-18,Donnerstag,4,46,0,0,,Pflegefachkraft,Pflegefachkraft,EXAM|KARDIO_MONITORING,1.0,38.5,9240,9240,8316,10164,5,2,2,8,1,1,Pflegefachkraft,0,0.0,-2130,19,18,1,0,2,3765,1,,,,,,0,,0,,3,3,3,0,1506,1,3,3,3,0,1318,1,2,2,2,0,941,0,ST-HCH1,Normalstation Herzchirurgie,24,Herzchirurgie,7.0,15.0,06:00,14:00,450,,13:30,21:30,450,F,21:15,06:15,495,F|S,11,10,8,10,30,45,8,38.5,30,0.05,0,2.0.0,20261169
PK-004,2026-11-12,history,-18,Donnerstag,4,46,0,0,,Pflegefachkraft,Pflegefachkraft,EXAM|KARDIO_MONITORING,0.75,28.88,6931,6931,6238,7624,5,2,2,8,1,1,Pflegefachkraft,0,0.0,-1485,19,18,1,0,2,3765,1,,,,,,0,,0,,3,3,3,0,1506,1,3,3,3,0,1318,1,2,2,2,0,941,0,ST-HCH1,Normalstation Herzchirurgie,24,Herzchirurgie,7.0,15.0,06:00,14:00,450,,13:30,21:30,450,F,21:15,06:15,495,F|S,11,10,8,10,30,45,8,38.5,30,0.05,0,2.0.0,20261169
PK-005,2026-11-12,history,-18,Donnerstag,4,46,0,0,,Pflegefachkraft,Pflegefachkraft,EXAM|PRAXISANLEITUNG,0.7,26.95,6468,6468,5821,7115,5,2,2,8,1,1,Pflegefachkraft,0,0.0,431,19,18,1,0,2,3765,1,,,,,F,0,,0,,3,3,3,0,1506,1,3,3,3,0,1318,1,2,2,2,0,941,0,ST-HCH1,Normalstation Herzchirurgie,24,Herzchirurgie,7.0,15.0,06:00,14:00,450,,13:30,21:30,450,F,21:15,06:15,495,F|S,11,10,8,10,30,45,8,38.5,30,0.05,0,2.0.0,20261169
PK-006,2026-11-12,history,-18,Donnerstag,4,46,0,0,,Pflegefachkraft,Pflegefachkraft,EXAM,1.0,38.5,9240,9240,8316,10164,5,2,2,8,1,1,Pflegefachkraft,0,0.0,-2130,19,18,1,0,2,3765,1,,,,,N,0,,0,,3,3,3,0,1506,1,3,3,3,0,1318,1,2,2,2,0,941,0,ST-HCH1,Normalstation Herzchirurgie,24,Herzchirurgie,7.0,15.0,06:00,14:00,450,,13:30,21:30,450,F,21:15,06:15,495,F|S,11,10,8,10,30,45,8,38.5,30,0.05,0,2.0.0,20261169
PK-007,2026-11-12,history,-18,Donnerstag,4,46,0,0,,Pflegefachkraft,Pflegefachkraft,EXAM,1.0,38.5,9240,9240,8316,10164,5,2,2,8,1,1,Pflegefachkraft,0,0.0,1104,19,18,1,0,2,3765,0,URLAUB,,,,,0,,0,,3,3,3,0,1506,1,3,3,3,0,1318,1,2,2,2,0,941,0,ST-HCH1,Normalstation Herzchirurgie,24,Herzchirurgie,7.0,15.0,06:00,14:00,450,,13:30,21:30,450,F,21:15,06:15,495,F|S,11,10,8,10,30,45,8,38.5,30,0.05,0,2.0.0,20261169
PK-008,2026-11-12,history,-18,Donnerstag,4,46,0,0,,Pflegefachkraft,Pflegefachkraft,EXAM|PRAXISANLEITUNG,1.0,38.5,9240,9240,8316,10164,5,2,2,8,1,1,Pflegefachkraft,0,0.0,-2265,19,18,1,0,2,3765,1,,,,,,0,,0,,3,3,3,0,1506,1,3,3,3,0,1318,1,2,2,2,0,941,0,ST-HCH1,Normalstation Herzchirurgie,24,Herzchirurgie,7.0,15.0,06:00,14:00,450,,13:30,21:30,450,F,21:15,06:15,495,F|S,11,10,8,10,30,45,8,38.5,30,0.05,0,2.0.0,20261169
PK-009,2026-11-12,history,-18,Donnerstag,4,46,0,0,,Pflegefachkraft,Pflegefachkraft,EXAM,0.9,34.65,8316,8316,7484,9148,5,2,2,8,1,1,Pflegefachkraft,0,0.0,-1881,19,18,1,0,2,3765,1,,,,,,0,,0,,3,3,3,0,1506,1,3,3,3,0,1318,1,2,2,2,0,941,0,ST-HCH1,Normalstation Herzchirurgie,24,Herzchirurgie,7.0,15.0,06:00,14:00,450,,13:30,21:30,450,F,21:15,06:15,495,F|S,11,10,8,10,30,45,8,38.5,30,0.05,0,2.0.0,20261169
PK-010,2026-11-12,history,-18,Donnerstag,4,46,0,0,,Pflegefachkraft,Pflegefachkraft,EXAM,0.75,28.88,6931,6931,6238,7624,5,2,2,8,1,1,Pflegefachkraft,0,0.0,-1845,19,18,1,0,2,3765,1,,,,,F,0,,0,,3,3,3,0,1506,1,3,3,3,0,1318,1,2,2,2,0,941,0,ST-HCH1,Normalstation Herzchirurgie,24,Herzchirurgie,7.0,15.0,06:00,14:00,450,,13:30,21:30,450,F,21:15,06:15,495,F|S,11,10,8,10,30,45,8,38.5,30,0.05,0,2.0.0,20261169
PK-011,2026-11-12,history,-18,Donnerstag,4,46,0,0,,Pflegefachkraft,Pflegefachkraft,EXAM,0.8,30.8,7392,7392,6653,8131,5,2,2,8,1,1,Pflegefachkraft,0,0.0,-1947,19,18,1,0,2,3765,1,,,,,,0,,0,,3,3,3,0,1506,1,3,3,3,0,1318,1,2,2,2,0,941,0,ST-HCH1,Normalstation Herzchirurgie,24,Herzchirurgie,7.0,15.0,06:00,14:00,450,,13:30,21:30,450,F,21:15,06:15,495,F|S,11,10,8,10,30,45,8,38.5,30,0.05,0,2.0.0,20261169
PK-012,2026-11-12,history,-18,Donnerstag,4,46,0,0,,Pflegefachkraft,Pflegefachkraft,EXAM|KARDIO_MONITORING,0.7,26.95,6468,6468,5821,7115,5,2,2,8,1,1,Pflegefachkraft,0,0.0,-1473,19,18,1,0,2,3765,1,,,,,S,0,,0,,3,3,3,0,1506,1,3,3,3,0,1318,1,2,2,2,0,941,0,ST-HCH1,Normalstation Herzchirurgie,24,Herzchirurgie,7.0,15.0,06:00,14:00,450,,13:30,21:30,450,F,21:15,06:15,495,F|S,11,10,8,10,30,45,8,38.5,30,0.05,0,2.0.0,20261169
PK-013,2026-11-12,history,-18,Donnerstag,4,46,0,0,,Pflegefachkraft,Pflegefachkraft,EXAM,1.0,38.5,9240,9240,8316,10164,5,2,2,8,1,1,Pflegefachkraft,0,0.0,-2445,19,18,1,0,2,3765,1,,,,,,0,,0,,3,3,3,0,1506,1,3,3,3,0,1318,1,2,2,2,0,941,0,ST-HCH1,Normalstation Herzchirurgie,24,Herzchirurgie,7.0,15.0,06:00,14:00,450,,13:30,21:30,450,F,21:15,06:15,495,F|S,11,10,8,10,30,45,8,38.5,30,0.05,0,2.0.0,20261169
PK-014,2026-11-12,history,-18,Donnerstag,4,46,0,0,,Pflegefachkraft,Pflegefachkraft,EXAM|KARDIO_MONITORING,0.5,19.25,4620,4620,4158,5082,5,2,2,8,1,1,Pflegefachkraft,0,0.0,-1020,19,18,1,0,2,3765,1,,,,,S,0,,0,,3,3,3,0,1506,1,3,3,3,0,1318,1,2,2,2,0,941,0,ST-HCH1,Normalstation Herzchirurgie,24,Herzchirurgie,7.0,15.0,06:00,14:00,450,,13:30,21:30,450,F,21:15,06:15,495,F|S,11,10,8,10,30,45,8,38.5,30,0.05,0,2.0.0,20261169
PK-015,2026-11-12,history,-18,Donnerstag,4,46,0,0,,Pflegefachkraft,Pflegefachkraft,EXAM,1.0,38.5,9240,9240,8316,10164,5,2,2,8,1,1,Pflegefachkraft,0,0.0,-2490,19,18,1,0,2,3765,1,,,,,S,0,,0,,3,3,3,0,1506,1,3,3,3,0,1318,1,2,2,2,0,941,0,ST-HCH1,Normalstation Herzchirurgie,24,Herzchirurgie,7.0,15.0,06:00,14:00,450,,13:30,21:30,450,F,21:15,06:15,495,F|S,11,10,8,10,30,45,8,38.5,30,0.05,0,2.0.0,20261169
PK-016,2026-11-12,history,-18,Donnerstag,4,46,0,0,,Pflegefachkraft,Pflegefachkraft,EXAM|PRAXISANLEITUNG,1.0,38.5,9240,9240,8316,10164,5,2,2,8,1,1,Pflegefachkraft,0,0.0,-2310,19,18,1,0,2,3765,1,,,,,N,0,,0,,3,3,3,0,1506,1,3,3,3,0,1318,1,2,2,2,0,941,0,ST-HCH1,Normalstation Herzchirurgie,24,Herzchirurgie,7.0,15.0,06:00,14:00,450,,13:30,21:30,450,F,21:15,06:15,495,F|S,11,10,8,10,30,45,8,38.5,30,0.05,0,2.0.0,20261169
PK-017,2026-11-12,history,-18,Donnerstag,4,46,0,0,,Pflegefachkraft,Pflegefachkraft,EXAM,0.8,30.8,7392,7392,6653,8131,5,2,2,8,1,1,Pflegefachkraft,0,0.0,-1902,19,18,1,0,2,3765,1,,,,,,0,,0,,3,3,3,0,1506,1,3,3,3,0,1318,1,2,2,2,0,941,0,ST-HCH1,Normalstation Herzchirurgie,24,Herzchirurgie,7.0,15.0,06:00,14:00,450,,13:30,21:30,450,F,21:15,06:15,495,F|S,11,10,8,10,30,45,8,38.5,30,0.05,0,2.0.0,20261169
PK-018,2026-11-12,history,-18,Donnerstag,4,46,0,0,,Pflegefachkraft,Pflegefachkraft,EXAM,0.5,19.25,4620,4620,4158,5082,5,2,2,8,1,1,Pflegefachkraft,0,0.0,-1245,19,18,1,0,2,3765,1,,,,,,0,,0,,3,3,3,0,1506,1,3,3,3,0,1318,1,2,2,2,0,941,0,ST-HCH1,Normalstation Herzchirurgie,24,Herzchirurgie,7.0,15.0,06:00,14:00,450,,13:30,21:30,450,F,21:15,06:15,495,F|S,11,10,8,10,30,45,8,38.5,30,0.05,0,2.0.0,20261169
AZ-001,2026-11-13,history,-17,Freitag,5,46,0,0,,Auszubildende_r_3_Ausbildungsjahr,Auszubildende,AUSZUBILDEND,1.0,38.5,9240,9240,8316,10164,5,2,2,8,1,0,nicht anrechenbar,0,0.0,-9240,17,15,1,1,1,2849,1,,,,,,0,,0,,3,3,3,0,1140,1,3,3,3,0,997,1,2,1,2,0,712,0,ST-HCH1,Normalstation Herzchirurgie,24,Herzchirurgie,7.0,15.0,06:00,14:00,450,,13:30,21:30,450,F,21:15,06:15,495,F|S,11,10,8,10,30,45,8,38.5,30,0.05,0,2.0.0,20261169
AZ-002,2026-11-13,history,-17,Freitag,5,46,0,0,,Auszubildende_r_2_Ausbildungsjahr,Auszubildende,AUSZUBILDEND,1.0,38.5,9240,9240,8316,10164,5,2,2,8,1,0,nicht anrechenbar,0,0.0,-6006,17,15,1,1,1,2849,0,URLAUB,,,,,0,,0,,3,3,3,0,1140,1,3,3,3,0,997,1,2,1,2,0,712,0,ST-HCH1,Normalstation Herzchirurgie,24,Herzchirurgie,7.0,15.0,06:00,14:00,450,,13:30,21:30,450,F,21:15,06:15,495,F|S,11,10,8,10,30,45,8,38.5,30,0.05,0,2.0.0,20261169
AZ-003,2026-11-13,history,-17,Freitag,5,46,0,0,,Auszubildende_r_1_Ausbildungsjahr,Auszubildende,AUSZUBILDEND,1.0,38.5,9240,9240,8316,10164,5,2,2,0,0,0,nicht anrechenbar,0,0.0,-9240,17,15,1,1,1,2849,1,,,,,,0,,0,,3,3,3,0,1140,1,3,3,3,0,997,1,2,1,2,0,712,0,ST-HCH1,Normalstation Herzchirurgie,24,Herzchirurgie,7.0,15.0,06:00,14:00,450,,13:30,21:30,450,F,21:15,06:15,495,F|S,11,10,8,10,30,45,8,38.5,30,0.05,0,2.0.0,20261169
PK-001,2026-11-13,history,-17,Freitag,5,46,0,0,,Stationsleitung,Pflegefachkraft,EXAM|LEITUNG|PRAXISANLEITUNG,1.0,38.5,9240,4620,4158,5082,5,2,2,0,0,1,Pflegefachkraft,1,0.5,2130,17,15,1,1,1,2849,1,,,,,F,0,,0,,3,3,3,0,1140,1,3,3,3,0,997,1,2,1,2,0,712,0,ST-HCH1,Normalstation Herzchirurgie,24,Herzchirurgie,7.0,15.0,06:00,14:00,450,,13:30,21:30,450,F,21:15,06:15,495,F|S,11,10,8,10,30,45,8,38.5,30,0.05,0,2.0.0,20261169
PK-002,2026-11-13,history,-17,Freitag,5,46,0,0,,Pflegefachkraft,Pflegefachkraft,EXAM,0.6,23.1,5544,5544,4990,6098,5,2,2,8,1,1,Pflegefachkraft,0,0.0,-1359,17,15,1,1,1,2849,1,,,,,,0,,0,,3,3,3,0,1140,1,3,3,3,0,997,1,2,1,2,0,712,0,ST-HCH1,Normalstation Herzchirurgie,24,Herzchirurgie,7.0,15.0,06:00,14:00,450,,13:30,21:30,450,F,21:15,06:15,495,F|S,11,10,8,10,30,45,8,38.5,30,0.05,0,2.0.0,20261169
PK-003,2026-11-13,history,-17,Freitag,5,46,0,0,,Pflegefachkraft,Pflegefachkraft,EXAM|KARDIO_MONITORING,1.0,38.5,9240,9240,8316,10164,5,2,2,8,1,1,Pflegefachkraft,0,0.0,-2130,17,15,1,1,1,2849,1,,,,,N,0,,0,,3,3,3,0,1140,1,3,3,3,0,997,1,2,1,2,0,712,0,ST-HCH1,Normalstation Herzchirurgie,24,Herzchirurgie,7.0,15.0,06:00,14:00,450,,13:30,21:30,450,F,21:15,06:15,495,F|S,11,10,8,10,30,45,8,38.5,30,0.05,0,2.0.0,20261169
PK-004,2026-11-13,history,-17,Freitag,5,46,0,0,,Pflegefachkraft,Pflegefachkraft,EXAM|KARDIO_MONITORING,0.75,28.88,6931,6931,6238,7624,5,2,2,8,1,1,Pflegefachkraft,0,0.0,-1485,17,15,1,1,1,2849,1,,,,,,0,,0,,3,3,3,0,1140,1,3,3,3,0,997,1,2,1,2,0,712,0,ST-HCH1,Normalstation Herzchirurgie,24,Herzchirurgie,7.0,15.0,06:00,14:00,450,,13:30,21:30,450,F,21:15,06:15,495,F|S,11,10,8,10,30,45,8,38.5,30,0.05,0,2.0.0,20261169
PK-005,2026-11-13,history,-17,Freitag,5,46,0,0,,Pflegefachkraft,Pflegefachkraft,EXAM|PRAXISANLEITUNG,0.7,26.95,6468,6468,5821,7115,5,2,2,8,1,1,Pflegefachkraft,0,0.0,431,17,15,1,1,1,2849,1,,,,,,0,,0,,3,3,3,0,1140,1,3,3,3,0,997,1,2,1,2,0,712,0,ST-HCH1,Normalstation Herzchirurgie,24,Herzchirurgie,7.0,15.0,06:00,14:00,450,,13:30,21:30,450,F,21:15,06:15,495,F|S,11,10,8,10,30,45,8,38.5,30,0.05,0,2.0.0,20261169
PK-006,2026-11-13,history,-17,Freitag,5,46,0,0,,Pflegefachkraft,Pflegefachkraft,EXAM,1.0,38.5,9240,9240,8316,10164,5,2,2,8,1,1,Pflegefachkraft,0,0.0,-2130,17,15,1,1,1,2849,1,,,,,,0,,0,,3,3,3,0,1140,1,3,3,3,0,997,1,2,1,2,0,712,0,ST-HCH1,Normalstation Herzchirurgie,24,Herzchirurgie,7.0,15.0,06:00,14:00,450,,13:30,21:30,450,F,21:15,06:15,495,F|S,11,10,8,10,30,45,8,38.5,30,0.05,0,2.0.0,20261169
PK-007,2026-11-13,history,-17,Freitag,5,46,0,0,,Pflegefachkraft,Pflegefachkraft,EXAM,1.0,38.5,9240,9240,8316,10164,5,2,2,8,1,1,Pflegefachkraft,0,0.0,1104,17,15,1,1,1,2849,1,,,,,N,0,,0,,3,3,3,0,1140,1,3,3,3,0,997,1,2,1,2,0,712,0,ST-HCH1,Normalstation Herzchirurgie,24,Herzchirurgie,7.0,15.0,06:00,14:00,450,,13:30,21:30,450,F,21:15,06:15,495,F|S,11,10,8,10,30,45,8,38.5,30,0.05,0,2.0.0,20261169
PK-008,2026-11-13,history,-17,Freitag,5,46,0,0,,Pflegefachkraft,Pflegefachkraft,EXAM|PRAXISANLEITUNG,1.0,38.5,9240,9240,8316,10164,5,2,2,8,1,1,Pflegefachkraft,0,0.0,-2265,17,15,1,1,1,2849,1,,,,,F,0,,0,,3,3,3,0,1140,1,3,3,3,0,997,1,2,1,2,0,712,0,ST-HCH1,Normalstation Herzchirurgie,24,Herzchirurgie,7.0,15.0,06:00,14:00,450,,13:30,21:30,450,F,21:15,06:15,495,F|S,11,10,8,10,30,45,8,38.5,30,0.05,0,2.0.0,20261169
PK-009,2026-11-13,history,-17,Freitag,5,46,0,0,,Pflegefachkraft,Pflegefachkraft,EXAM,0.9,34.65,8316,8316,7484,9148,5,2,2,8,1,1,Pflegefachkraft,0,0.0,-1881,17,15,1,1,1,2849,1,,,,,F,0,,0,,3,3,3,0,1140,1,3,3,3,0,997,1,2,1,2,0,712,0,ST-HCH1,Normalstation Herzchirurgie,24,Herzchirurgie,7.0,15.0,06:00,14:00,450,,13:30,21:30,450,F,21:15,06:15,495,F|S,11,10,8,10,30,45,8,38.5,30,0.05,0,2.0.0,20261169
PK-010,2026-11-13,history,-17,Freitag,5,46,0,0,,Pflegefachkraft,Pflegefachkraft,EXAM,0.75,28.88,6931,6931,6238,7624,5,2,2,8,1,1,Pflegefachkraft,0,0.0,-1845,17,15,1,1,1,2849,1,,,,,,0,,0,,3,3,3,0,1140,1,3,3,3,0,997,1,2,1,2,0,712,0,ST-HCH1,Normalstation Herzchirurgie,24,Herzchirurgie,7.0,15.0,06:00,14:00,450,,13:30,21:30,450,F,21:15,06:15,495,F|S,11,10,8,10,30,45,8,38.5,30,0.05,0,2.0.0,20261169
PK-011,2026-11-13,history,-17,Freitag,5,46,0,0,,Pflegefachkraft,Pflegefachkraft,EXAM,0.8,30.8,7392,7392,6653,8131,5,2,2,8,1,1,Pflegefachkraft,0,0.0,-1947,17,15,1,1,1,2849,1,,,,,S,0,,0,,3,3,3,0,1140,1,3,3,3,0,997,1,2,1,2,0,712,0,ST-HCH1,Normalstation Herzchirurgie,24,Herzchirurgie,7.0,15.0,06:00,14:00,450,,13:30,21:30,450,F,21:15,06:15,495,F|S,11,10,8,10,30,45,8,38.5,30,0.05,0,2.0.0,20261169
PK-012,2026-11-13,history,-17,Freitag,5,46,0,0,,Pflegefachkraft,Pflegefachkraft,EXAM|KARDIO_MONITORING,0.7,26.95,6468,6468,5821,7115,5,2,2,8,1,1,Pflegefachkraft,0,0.0,-1473,17,15,1,1,1,2849,1,,,,,,0,,0,,3,3,3,0,1140,1,3,3,3,0,997,1,2,1,2,0,712,0,ST-HCH1,Normalstation Herzchirurgie,24,Herzchirurgie,7.0,15.0,06:00,14:00,450,,13:30,21:30,450,F,21:15,06:15,495,F|S,11,10,8,10,30,45,8,38.5,30,0.05,0,2.0.0,20261169
PK-013,2026-11-13,history,-17,Freitag,5,46,0,0,,Pflegefachkraft,Pflegefachkraft,EXAM,1.0,38.5,9240,9240,8316,10164,5,2,2,8,1,1,Pflegefachkraft,0,0.0,-2445,17,15,1,1,1,2849,1,,,,,S,0,,0,,3,3,3,0,1140,1,3,3,3,0,997,1,2,1,2,0,712,0,ST-HCH1,Normalstation Herzchirurgie,24,Herzchirurgie,7.0,15.0,06:00,14:00,450,,13:30,21:30,450,F,21:15,06:15,495,F|S,11,10,8,10,30,45,8,38.5,30,0.05,0,2.0.0,20261169
PK-014,2026-11-13,history,-17,Freitag,5,46,0,0,,Pflegefachkraft,Pflegefachkraft,EXAM|KARDIO_MONITORING,0.5,19.25,4620,4620,4158,5082,5,2,2,8,1,1,Pflegefachkraft,0,0.0,-1020,17,15,1,1,1,2849,1,,,,,,0,,0,,3,3,3,0,1140,1,3,3,3,0,997,1,2,1,2,0,712,0,ST-HCH1,Normalstation Herzchirurgie,24,Herzchirurgie,7.0,15.0,06:00,14:00,450,,13:30,21:30,450,F,21:15,06:15,495,F|S,11,10,8,10,30,45,8,38.5,30,0.05,0,2.0.0,20261169
PK-015,2026-11-13,history,-17,Freitag,5,46,0,0,,Pflegefachkraft,Pflegefachkraft,EXAM,1.0,38.5,9240,9240,8316,10164,5,2,2,8,1,1,Pflegefachkraft,0,0.0,-2490,17,15,1,1,1,2849,1,,,,,,0,,0,,3,3,3,0,1140,1,3,3,3,0,997,1,2,1,2,0,712,0,ST-HCH1,Normalstation Herzchirurgie,24,Herzchirurgie,7.0,15.0,06:00,14:00,450,,13:30,21:30,450,F,21:15,06:15,495,F|S,11,10,8,10,30,45,8,38.5,30,0.05,0,2.0.0,20261169
PK-016,2026-11-13,history,-17,Freitag,5,46,0,0,,Pflegefachkraft,Pflegefachkraft,EXAM|PRAXISANLEITUNG,1.0,38.5,9240,9240,8316,10164,5,2,2,8,1,1,Pflegefachkraft,0,0.0,-2310,17,15,1,1,1,2849,1,,,,,,0,,0,,3,3,3,0,1140,1,3,3,3,0,997,1,2,1,2,0,712,0,ST-HCH1,Normalstation Herzchirurgie,24,Herzchirurgie,7.0,15.0,06:00,14:00,450,,13:30,21:30,450,F,21:15,06:15,495,F|S,11,10,8,10,30,45,8,38.5,30,0.05,0,2.0.0,20261169
PK-017,2026-11-13,history,-17,Freitag,5,46,0,0,,Pflegefachkraft,Pflegefachkraft,EXAM,0.8,30.8,7392,7392,6653,8131,5,2,2,8,1,1,Pflegefachkraft,0,0.0,-1902,17,15,1,1,1,2849,1,,,,,S,0,,0,,3,3,3,0,1140,1,3,3,3,0,997,1,2,1,2,0,712,0,ST-HCH1,Normalstation Herzchirurgie,24,Herzchirurgie,7.0,15.0,06:00,14:00,450,,13:30,21:30,450,F,21:15,06:15,495,F|S,11,10,8,10,30,45,8,38.5,30,0.05,0,2.0.0,20261169
PK-018,2026-11-13,history,-17,Freitag,5,46,0,0,,Pflegefachkraft,Pflegefachkraft,EXAM,0.5,19.25,4620,4620,4158,5082,5,2,2,8,1,1,Pflegefachkraft,0,0.0,-1245,17,15,1,1,1,2849,1,,,,,,0,,0,,3,3,3,0,1140,1,3,3,3,0,997,1,2,1,2,0,712,0,ST-HCH1,Normalstation Herzchirurgie,24,Herzchirurgie,7.0,15.0,06:00,14:00,450,,13:30,21:30,450,F,21:15,06:15,495,F|S,11,10,8,10,30,45,8,38.5,30,0.05,0,2.0.0,20261169
AZ-001,2026-11-14,history,-16,Samstag,6,46,1,0,,Auszubildende_r_3_Ausbildungsjahr,Auszubildende,AUSZUBILDEND,1.0,38.5,9240,9240,8316,10164,5,2,2,8,1,0,nicht anrechenbar,0,0.0,-9240,15,13,1,0,1,3239,1,,,,,,0,,0,,3,3,3,0,1296,1,3,3,3,0,1134,1,2,1,2,0,810,0,ST-HCH1,Normalstation Herzchirurgie,24,Herzchirurgie,7.0,15.0,06:00,14:00,450,,13:30,21:30,450,F,21:15,06:15,495,F|S,11,10,8,10,30,45,8,38.5,30,0.05,0,2.0.0,20261169
AZ-002,2026-11-14,history,-16,Samstag,6,46,1,0,,Auszubildende_r_2_Ausbildungsjahr,Auszubildende,AUSZUBILDEND,1.0,38.5,9240,9240,8316,10164,5,2,2,8,1,0,nicht anrechenbar,0,0.0,-6006,15,13,1,0,1,3239,0,URLAUB,,,,,0,,0,,3,3,3,0,1296,1,3,3,3,0,1134,1,2,1,2,0,810,0,ST-HCH1,Normalstation Herzchirurgie,24,Herzchirurgie,7.0,15.0,06:00,14:00,450,,13:30,21:30,450,F,21:15,06:15,495,F|S,11,10,8,10,30,45,8,38.5,30,0.05,0,2.0.0,20261169
AZ-003,2026-11-14,history,-16,Samstag,6,46,1,0,,Auszubildende_r_1_Ausbildungsjahr,Auszubildende,AUSZUBILDEND,1.0,38.5,9240,9240,8316,10164,5,2,2,0,0,0,nicht anrechenbar,0,0.0,-9240,15,13,1,0,1,3239,1,,,,,,0,,0,,3,3,3,0,1296,1,3,3,3,0,1134,1,2,1,2,0,810,0,ST-HCH1,Normalstation Herzchirurgie,24,Herzchirurgie,7.0,15.0,06:00,14:00,450,,13:30,21:30,450,F,21:15,06:15,495,F|S,11,10,8,10,30,45,8,38.5,30,0.05,0,2.0.0,20261169
PK-001,2026-11-14,history,-16,Samstag,6,46,1,0,,Stationsleitung,Pflegefachkraft,EXAM|LEITUNG|PRAXISANLEITUNG,1.0,38.5,9240,4620,4158,5082,5,2,2,0,0,1,Pflegefachkraft,1,0.5,2130,15,13,1,0,1,3239,1,,,,,,0,,0,,3,3,3,0,1296,1,3,3,3,0,1134,1,2,1,2,0,810,0,ST-HCH1,Normalstation Herzchirurgie,24,Herzchirurgie,7.0,15.0,06:00,14:00,450,,13:30,21:30,450,F,21:15,06:15,495,F|S,11,10,8,10,30,45,8,38.5,30,0.05,0,2.0.0,20261169
PK-002,2026-11-14,history,-16,Samstag,6,46,1,0,,Pflegefachkraft,Pflegefachkraft,EXAM,0.6,23.1,5544,5544,4990,6098,5,2,2,8,1,1,Pflegefachkraft,0,0.0,-1359,15,13,1,0,1,3239,1,,,,,,0,,0,,3,3,3,0,1296,1,3,3,3,0,1134,1,2,1,2,0,810,0,ST-HCH1,Normalstation Herzchirurgie,24,Herzchirurgie,7.0,15.0,06:00,14:00,450,,13:30,21:30,450,F,21:15,06:15,495,F|S,11,10,8,10,30,45,8,38.5,30,0.05,0,2.0.0,20261169
PK-003,2026-11-14,history,-16,Samstag,6,46,1,0,,Pflegefachkraft,Pflegefachkraft,EXAM|KARDIO_MONITORING,1.0,38.5,9240,9240,8316,10164,5,2,2,8,1,1,Pflegefachkraft,0,0.0,-2130,15,13,1,0,1,3239,1,,,,,,0,,0,,3,3,3,0,1296,1,3,3,3,0,1134,1,2,1,2,0,810,0,ST-HCH1,Normalstation Herzchirurgie,24,Herzchirurgie,7.0,15.0,06:00,14:00,450,,13:30,21:30,450,F,21:15,06:15,495,F|S,11,10,8,10,30,45,8,38.5,30,0.05,0,2.0.0,20261169
PK-004,2026-11-14,history,-16,Samstag,6,46,1,0,,Pflegefachkraft,Pflegefachkraft,EXAM|KARDIO_MONITORING,0.75,28.88,6931,6931,6238,7624,5,2,2,8,1,1,Pflegefachkraft,0,0.0,-1485,15,13,1,0,1,3239,1,,,,,F,0,,0,,3,3,3,0,1296,1,3,3,3,0,1134,1,2,1,2,0,810,0,ST-HCH1,Normalstation Herzchirurgie,24,Herzchirurgie,7.0,15.0,06:00,14:00,450,,13:30,21:30,450,F,21:15,06:15,495,F|S,11,10,8,10,30,45,8,38.5,30,0.05,0,2.0.0,20261169
PK-005,2026-11-14,history,-16,Samstag,6,46,1,0,,Pflegefachkraft,Pflegefachkraft,EXAM|PRAXISANLEITUNG,0.7,26.95,6468,6468,5821,7115,5,2,2,8,1,1,Pflegefachkraft,0,0.0,431,15,13,1,0,1,3239,1,,,,,,0,,0,,3,3,3,0,1296,1,3,3,3,0,1134,1,2,1,2,0,810,0,ST-HCH1,Normalstation Herzchirurgie,24,Herzchirurgie,7.0,15.0,06:00,14:00,450,,13:30,21:30,450,F,21:15,06:15,495,F|S,11,10,8,10,30,45,8,38.5,30,0.05,0,2.0.0,20261169
PK-006,2026-11-14,history,-16,Samstag,6,46,1,0,,Pflegefachkraft,Pflegefachkraft,EXAM,1.0,38.5,9240,9240,8316,10164,5,2,2,8,1,1,Pflegefachkraft,0,0.0,-2130,15,13,1,0,1,3239,1,,,,,F,0,,0,,3,3,3,0,1296,1,3,3,3,0,1134,1,2,1,2,0,810,0,ST-HCH1,Normalstation Herzchirurgie,24,Herzchirurgie,7.0,15.0,06:00,14:00,450,,13:30,21:30,450,F,21:15,06:15,495,F|S,11,10,8,10,30,45,8,38.5,30,0.05,0,2.0.0,20261169
PK-007,2026-11-14,history,-16,Samstag,6,46,1,0,,Pflegefachkraft,Pflegefachkraft,EXAM,1.0,38.5,9240,9240,8316,10164,5,2,2,8,1,1,Pflegefachkraft,0,0.0,1104,15,13,1,0,1,3239,1,,,,,N,0,,0,,3,3,3,0,1296,1,3,3,3,0,1134,1,2,1,2,0,810,0,ST-HCH1,Normalstation Herzchirurgie,24,Herzchirurgie,7.0,15.0,06:00,14:00,450,,13:30,21:30,450,F,21:15,06:15,495,F|S,11,10,8,10,30,45,8,38.5,30,0.05,0,2.0.0,20261169
PK-008,2026-11-14,history,-16,Samstag,6,46,1,0,,Pflegefachkraft,Pflegefachkraft,EXAM|PRAXISANLEITUNG,1.0,38.5,9240,9240,8316,10164,5,2,2,8,1,1,Pflegefachkraft,0,0.0,-2265,15,13,1,0,1,3239,1,,,,,,0,,0,,3,3,3,0,1296,1,3,3,3,0,1134,1,2,1,2,0,810,0,ST-HCH1,Normalstation Herzchirurgie,24,Herzchirurgie,7.0,15.0,06:00,14:00,450,,13:30,21:30,450,F,21:15,06:15,495,F|S,11,10,8,10,30,45,8,38.5,30,0.05,0,2.0.0,20261169
PK-009,2026-11-14,history,-16,Samstag,6,46,1,0,,Pflegefachkraft,Pflegefachkraft,EXAM,0.9,34.65,8316,8316,7484,9148,5,2,2,8,1,1,Pflegefachkraft,0,0.0,-1881,15,13,1,0,1,3239,1,,,,,S,0,,0,,3,3,3,0,1296,1,3,3,3,0,1134,1,2,1,2,0,810,0,ST-HCH1,Normalstation Herzchirurgie,24,Herzchirurgie,7.0,15.0,06:00,14:00,450,,13:30,21:30,450,F,21:15,06:15,495,F|S,11,10,8,10,30,45,8,38.5,30,0.05,0,2.0.0,20261169
PK-010,2026-11-14,history,-16,Samstag,6,46,1,0,,Pflegefachkraft,Pflegefachkraft,EXAM,0.75,28.88,6931,6931,6238,7624,5,2,2,8,1,1,Pflegefachkraft,0,0.0,-1845,15,13,1,0,1,3239,1,,,,,S,0,,0,,3,3,3,0,1296,1,3,3,3,0,1134,1,2,1,2,0,810,0,ST-HCH1,Normalstation Herzchirurgie,24,Herzchirurgie,7.0,15.0,06:00,14:00,450,,13:30,21:30,450,F,21:15,06:15,495,F|S,11,10,8,10,30,45,8,38.5,30,0.05,0,2.0.0,20261169
PK-011,2026-11-14,history,-16,Samstag,6,46,1,0,,Pflegefachkraft,Pflegefachkraft,EXAM,0.8,30.8,7392,7392,6653,8131,5,2,2,8,1,1,Pflegefachkraft,0,0.0,-1947,15,13,1,0,1,3239,1,,,,,,0,,0,,3,3,3,0,1296,1,3,3,3,0,1134,1,2,1,2,0,810,0,ST-HCH1,Normalstation Herzchirurgie,24,Herzchirurgie,7.0,15.0,06:00,14:00,450,,13:30,21:30,450,F,21:15,06:15,495,F|S,11,10,8,10,30,45,8,38.5,30,0.05,0,2.0.0,20261169
PK-012,2026-11-14,history,-16,Samstag,6,46,1,0,,Pflegefachkraft,Pflegefachkraft,EXAM|KARDIO_MONITORING,0.7,26.95,6468,6468,5821,7115,5,2,2,8,1,1,Pflegefachkraft,0,0.0,-1473,15,13,1,0,1,3239,1,,,,,,0,,0,,3,3,3,0,1296,1,3,3,3,0,1134,1,2,1,2,0,810,0,ST-HCH1,Normalstation Herzchirurgie,24,Herzchirurgie,7.0,15.0,06:00,14:00,450,,13:30,21:30,450,F,21:15,06:15,495,F|S,11,10,8,10,30,45,8,38.5,30,0.05,0,2.0.0,20261169
PK-013,2026-11-14,history,-16,Samstag,6,46,1,0,,Pflegefachkraft,Pflegefachkraft,EXAM,1.0,38.5,9240,9240,8316,10164,5,2,2,8,1,1,Pflegefachkraft,0,0.0,-2445,15,13,1,0,1,3239,1,,,,,,0,,0,,3,3,3,0,1296,1,3,3,3,0,1134,1,2,1,2,0,810,0,ST-HCH1,Normalstation Herzchirurgie,24,Herzchirurgie,7.0,15.0,06:00,14:00,450,,13:30,21:30,450,F,21:15,06:15,495,F|S,11,10,8,10,30,45,8,38.5,30,0.05,0,2.0.0,20261169
PK-014,2026-11-14,history,-16,Samstag,6,46,1,0,,Pflegefachkraft,Pflegefachkraft,EXAM|KARDIO_MONITORING,0.5,19.25,4620,4620,4158,5082,5,2,2,8,1,1,Pflegefachkraft,0,0.0,-1020,15,13,1,0,1,3239,1,,,,,,0,,0,,3,3,3,0,1296,1,3,3,3,0,1134,1,2,1,2,0,810,0,ST-HCH1,Normalstation Herzchirurgie,24,Herzchirurgie,7.0,15.0,06:00,14:00,450,,13:30,21:30,450,F,21:15,06:15,495,F|S,11,10,8,10,30,45,8,38.5,30,0.05,0,2.0.0,20261169
PK-015,2026-11-14,history,-16,Samstag,6,46,1,0,,Pflegefachkraft,Pflegefachkraft,EXAM,1.0,38.5,9240,9240,8316,10164,5,2,2,8,1,1,Pflegefachkraft,0,0.0,-2490,15,13,1,0,1,3239,1,,,,,S,0,,0,,3,3,3,0,1296,1,3,3,3,0,1134,1,2,1,2,0,810,0,ST-HCH1,Normalstation Herzchirurgie,24,Herzchirurgie,7.0,15.0,06:00,14:00,450,,13:30,21:30,450,F,21:15,06:15,495,F|S,11,10,8,10,30,45,8,38.5,30,0.05,0,2.0.0,20261169
PK-016,2026-11-14,history,-16,Samstag,6,46,1,0,,Pflegefachkraft,Pflegefachkraft,EXAM|PRAXISANLEITUNG,1.0,38.5,9240,9240,8316,10164,5,2,2,8,1,1,Pflegefachkraft,0,0.0,-2310,15,13,1,0,1,3239,1,,,,,N,0,,0,,3,3,3,0,1296,1,3,3,3,0,1134,1,2,1,2,0,810,0,ST-HCH1,Normalstation Herzchirurgie,24,Herzchirurgie,7.0,15.0,06:00,14:00,450,,13:30,21:30,450,F,21:15,06:15,495,F|S,11,10,8,10,30,45,8,38.5,30,0.05,0,2.0.0,20261169
PK-017,2026-11-14,history,-16,Samstag,6,46,1,0,,Pflegefachkraft,Pflegefachkraft,EXAM,0.8,30.8,7392,7392,6653,8131,5,2,2,8,1,1,Pflegefachkraft,0,0.0,-1902,15,13,1,0,1,3239,1,,,,,,0,,0,,3,3,3,0,1296,1,3,3,3,0,1134,1,2,1,2,0,810,0,ST-HCH1,Normalstation Herzchirurgie,24,Herzchirurgie,7.0,15.0,06:00,14:00,450,,13:30,21:30,450,F,21:15,06:15,495,F|S,11,10,8,10,30,45,8,38.5,30,0.05,0,2.0.0,20261169
PK-018,2026-11-14,history,-16,Samstag,6,46,1,0,,Pflegefachkraft,Pflegefachkraft,EXAM,0.5,19.25,4620,4620,4158,5082,5,2,2,8,1,1,Pflegefachkraft,0,0.0,-1245,15,13,1,0,1,3239,1,,,,,F,0,,0,,3,3,3,0,1296,1,3,3,3,0,1134,1,2,1,2,0,810,0,ST-HCH1,Normalstation Herzchirurgie,24,Herzchirurgie,7.0,15.0,06:00,14:00,450,,13:30,21:30,450,F,21:15,06:15,495,F|S,11,10,8,10,30,45,8,38.5,30,0.05,0,2.0.0,20261169
AZ-001,2026-11-15,history,-15,Sonntag,7,46,1,0,,Auszubildende_r_3_Ausbildungsjahr,Auszubildende,AUSZUBILDEND,1.0,38.5,9240,9240,8316,10164,5,2,2,8,1,0,nicht anrechenbar,0,0.0,-9240,15,14,1,2,0,2491,1,,,,,,0,,0,,3,3,3,0,996,1,3,3,3,0,872,1,2,1,2,0,623,0,ST-HCH1,Normalstation Herzchirurgie,24,Herzchirurgie,7.0,15.0,06:00,14:00,450,,13:30,21:30,450,F,21:15,06:15,495,F|S,11,10,8,10,30,45,8,38.5,30,0.05,0,2.0.0,20261169
AZ-002,2026-11-15,history,-15,Sonntag,7,46,1,0,,Auszubildende_r_2_Ausbildungsjahr,Auszubildende,AUSZUBILDEND,1.0,38.5,9240,9240,8316,10164,5,2,2,8,1,0,nicht anrechenbar,0,0.0,-6006,15,14,1,2,0,2491,0,URLAUB,,,,,0,,0,,3,3,3,0,996,1,3,3,3,0,872,1,2,1,2,0,623,0,ST-HCH1,Normalstation Herzchirurgie,24,Herzchirurgie,7.0,15.0,06:00,14:00,450,,13:30,21:30,450,F,21:15,06:15,495,F|S,11,10,8,10,30,45,8,38.5,30,0.05,0,2.0.0,20261169
AZ-003,2026-11-15,history,-15,Sonntag,7,46,1,0,,Auszubildende_r_1_Ausbildungsjahr,Auszubildende,AUSZUBILDEND,1.0,38.5,9240,9240,8316,10164,5,2,2,0,0,0,nicht anrechenbar,0,0.0,-9240,15,14,1,2,0,2491,1,,,,,,0,,0,,3,3,3,0,996,1,3,3,3,0,872,1,2,1,2,0,623,0,ST-HCH1,Normalstation Herzchirurgie,24,Herzchirurgie,7.0,15.0,06:00,14:00,450,,13:30,21:30,450,F,21:15,06:15,495,F|S,11,10,8,10,30,45,8,38.5,30,0.05,0,2.0.0,20261169
PK-001,2026-11-15,history,-15,Sonntag,7,46,1,0,,Stationsleitung,Pflegefachkraft,EXAM|LEITUNG|PRAXISANLEITUNG,1.0,38.5,9240,4620,4158,5082,5,2,2,0,0,1,Pflegefachkraft,1,0.5,2130,15,14,1,2,0,2491,1,,,,,F,0,,0,,3,3,3,0,996,1,3,3,3,0,872,1,2,1,2,0,623,0,ST-HCH1,Normalstation Herzchirurgie,24,Herzchirurgie,7.0,15.0,06:00,14:00,450,,13:30,21:30,450,F,21:15,06:15,495,F|S,11,10,8,10,30,45,8,38.5,30,0.05,0,2.0.0,20261169
PK-002,2026-11-15,history,-15,Sonntag,7,46,1,0,,Pflegefachkraft,Pflegefachkraft,EXAM,0.6,23.1,5544,5544,4990,6098,5,2,2,8,1,1,Pflegefachkraft,0,0.0,-1359,15,14,1,2,0,2491,1,,,,,S,0,,0,,3,3,3,0,996,1,3,3,3,0,872,1,2,1,2,0,623,0,ST-HCH1,Normalstation Herzchirurgie,24,Herzchirurgie,7.0,15.0,06:00,14:00,450,,13:30,21:30,450,F,21:15,06:15,495,F|S,11,10,8,10,30,45,8,38.5,30,0.05,0,2.0.0,20261169
PK-003,2026-11-15,history,-15,Sonntag,7,46,1,0,,Pflegefachkraft,Pflegefachkraft,EXAM|KARDIO_MONITORING,1.0,38.5,9240,9240,8316,10164,5,2,2,8,1,1,Pflegefachkraft,0,0.0,-2130,15,14,1,2,0,2491,1,,,,,N,0,,0,,3,3,3,0,996,1,3,3,3,0,872,1,2,1,2,0,623,0,ST-HCH1,Normalstation Herzchirurgie,24,Herzchirurgie,7.0,15.0,06:00,14:00,450,,13:30,21:30,450,F,21:15,06:15,495,F|S,11,10,8,10,30,45,8,38.5,30,0.05,0,2.0.0,20261169
PK-004,2026-11-15,history,-15,Sonntag,7,46,1,0,,Pflegefachkraft,Pflegefachkraft,EXAM|KARDIO_MONITORING,0.75,28.88,6931,6931,6238,7624,5,2,2,8,1,1,Pflegefachkraft,0,0.0,-1485,15,14,1,2,0,2491,1,,,,,,0,,0,,3,3,3,0,996,1,3,3,3,0,872,1,2,1,2,0,623,0,ST-HCH1,Normalstation Herzchirurgie,24,Herzchirurgie,7.0,15.0,06:00,14:00,450,,13:30,21:30,450,F,21:15,06:15,495,F|S,11,10,8,10,30,45,8,38.5,30,0.05,0,2.0.0,20261169
PK-005,2026-11-15,history,-15,Sonntag,7,46,1,0,,Pflegefachkraft,Pflegefachkraft,EXAM|PRAXISANLEITUNG,0.7,26.95,6468,6468,5821,7115,5,2,2,8,1,1,Pflegefachkraft,0,0.0,431,15,14,1,2,0,2491,1,,,,,S,0,,0,,3,3,3,0,996,1,3,3,3,0,872,1,2,1,2,0,623,0,ST-HCH1,Normalstation Herzchirurgie,24,Herzchirurgie,7.0,15.0,06:00,14:00,450,,13:30,21:30,450,F,21:15,06:15,495,F|S,11,10,8,10,30,45,8,38.5,30,0.05,0,2.0.0,20261169
PK-006,2026-11-15,history,-15,Sonntag,7,46,1,0,,Pflegefachkraft,Pflegefachkraft,EXAM,1.0,38.5,9240,9240,8316,10164,5,2,2,8,1,1,Pflegefachkraft,0,0.0,-2130,15,14,1,2,0,2491,1,,,,,,0,,0,,3,3,3,0,996,1,3,3,3,0,872,1,2,1,2,0,623,0,ST-HCH1,Normalstation Herzchirurgie,24,Herzchirurgie,7.0,15.0,06:00,14:00,450,,13:30,21:30,450,F,21:15,06:15,495,F|S,11,10,8,10,30,45,8,38.5,30,0.05,0,2.0.0,20261169
PK-007,2026-11-15,history,-15,Sonntag,7,46,1,0,,Pflegefachkraft,Pflegefachkraft,EXAM,1.0,38.5,9240,9240,8316,10164,5,2,2,8,1,1,Pflegefachkraft,0,0.0,1104,15,14,1,2,0,2491,1,,,,,N,0,,0,,3,3,3,0,996,1,3,3,3,0,872,1,2,1,2,0,623,0,ST-HCH1,Normalstation Herzchirurgie,24,Herzchirurgie,7.0,15.0,06:00,14:00,450,,13:30,21:30,450,F,21:15,06:15,495,F|S,11,10,8,10,30,45,8,38.5,30,0.05,0,2.0.0,20261169
PK-008,2026-11-15,history,-15,Sonntag,7,46,1,0,,Pflegefachkraft,Pflegefachkraft,EXAM|PRAXISANLEITUNG,1.0,38.5,9240,9240,8316,10164,5,2,2,8,1,1,Pflegefachkraft,0,0.0,-2265,15,14,1,2,0,2491,1,,,,,F,0,,0,,3,3,3,0,996,1,3,3,3,0,872,1,2,1,2,0,623,0,ST-HCH1,Normalstation Herzchirurgie,24,Herzchirurgie,7.0,15.0,06:00,14:00,450,,13:30,21:30,450,F,21:15,06:15,495,F|S,11,10,8,10,30,45,8,38.5,30,0.05,0,2.0.0,20261169
PK-009,2026-11-15,history,-15,Sonntag,7,46,1,0,,Pflegefachkraft,Pflegefachkraft,EXAM,0.9,34.65,8316,8316,7484,9148,5,2,2,8,1,1,Pflegefachkraft,0,0.0,-1881,15,14,1,2,0,2491,1,,,,,,0,,0,,3,3,3,0,996,1,3,3,3,0,872,1,2,1,2,0,623,0,ST-HCH1,Normalstation Herzchirurgie,24,Herzchirurgie,7.0,15.0,06:00,14:00,450,,13:30,21:30,450,F,21:15,06:15,495,F|S,11,10,8,10,30,45,8,38.5,30,0.05,0,2.0.0,20261169
PK-010,2026-11-15,history,-15,Sonntag,7,46,1,0,,Pflegefachkraft,Pflegefachkraft,EXAM,0.75,28.88,6931,6931,6238,7624,5,2,2,8,1,1,Pflegefachkraft,0,0.0,-1845,15,14,1,2,0,2491,1,,,,,,0,,0,,3,3,3,0,996,1,3,3,3,0,872,1,2,1,2,0,623,0,ST-HCH1,Normalstation Herzchirurgie,24,Herzchirurgie,7.0,15.0,06:00,14:00,450,,13:30,21:30,450,F,21:15,06:15,495,F|S,11,10,8,10,30,45,8,38.5,30,0.05,0,2.0.0,20261169
PK-011,2026-11-15,history,-15,Sonntag,7,46,1,0,,Pflegefachkraft,Pflegefachkraft,EXAM,0.8,30.8,7392,7392,6653,8131,5,2,2,8,1,1,Pflegefachkraft,0,0.0,-1947,15,14,1,2,0,2491,1,,,,,,0,,0,,3,3,3,0,996,1,3,3,3,0,872,1,2,1,2,0,623,0,ST-HCH1,Normalstation Herzchirurgie,24,Herzchirurgie,7.0,15.0,06:00,14:00,450,,13:30,21:30,450,F,21:15,06:15,495,F|S,11,10,8,10,30,45,8,38.5,30,0.05,0,2.0.0,20261169
PK-012,2026-11-15,history,-15,Sonntag,7,46,1,0,,Pflegefachkraft,Pflegefachkraft,EXAM|KARDIO_MONITORING,0.7,26.95,6468,6468,5821,7115,5,2,2,8,1,1,Pflegefachkraft,0,0.0,-1473,15,14,1,2,0,2491,1,,,,,S,0,,0,,3,3,3,0,996,1,3,3,3,0,872,1,2,1,2,0,623,0,ST-HCH1,Normalstation Herzchirurgie,24,Herzchirurgie,7.0,15.0,06:00,14:00,450,,13:30,21:30,450,F,21:15,06:15,495,F|S,11,10,8,10,30,45,8,38.5,30,0.05,0,2.0.0,20261169
PK-013,2026-11-15,history,-15,Sonntag,7,46,1,0,,Pflegefachkraft,Pflegefachkraft,EXAM,1.0,38.5,9240,9240,8316,10164,5,2,2,8,1,1,Pflegefachkraft,0,0.0,-2445,15,14,1,2,0,2491,1,,,,,F,0,,0,,3,3,3,0,996,1,3,3,3,0,872,1,2,1,2,0,623,0,ST-HCH1,Normalstation Herzchirurgie,24,Herzchirurgie,7.0,15.0,06:00,14:00,450,,13:30,21:30,450,F,21:15,06:15,495,F|S,11,10,8,10,30,45,8,38.5,30,0.05,0,2.0.0,20261169
PK-014,2026-11-15,history,-15,Sonntag,7,46,1,0,,Pflegefachkraft,Pflegefachkraft,EXAM|KARDIO_MONITORING,0.5,19.25,4620,4620,4158,5082,5,2,2,8,1,1,Pflegefachkraft,0,0.0,-1020,15,14,1,2,0,2491,1,,,,,,0,,0,,3,3,3,0,996,1,3,3,3,0,872,1,2,1,2,0,623,0,ST-HCH1,Normalstation Herzchirurgie,24,Herzchirurgie,7.0,15.0,06:00,14:00,450,,13:30,21:30,450,F,21:15,06:15,495,F|S,11,10,8,10,30,45,8,38.5,30,0.05,0,2.0.0,20261169
PK-015,2026-11-15,history,-15,Sonntag,7,46,1,0,,Pflegefachkraft,Pflegefachkraft,EXAM,1.0,38.5,9240,9240,8316,10164,5,2,2,8,1,1,Pflegefachkraft,0,0.0,-2490,15,14,1,2,0,2491,1,,,,,,0,,0,,3,3,3,0,996,1,3,3,3,0,872,1,2,1,2,0,623,0,ST-HCH1,Normalstation Herzchirurgie,24,Herzchirurgie,7.0,15.0,06:00,14:00,450,,13:30,21:30,450,F,21:15,06:15,495,F|S,11,10,8,10,30,45,8,38.5,30,0.05,0,2.0.0,20261169
PK-016,2026-11-15,history,-15,Sonntag,7,46,1,0,,Pflegefachkraft,Pflegefachkraft,EXAM|PRAXISANLEITUNG,1.0,38.5,9240,9240,8316,10164,5,2,2,8,1,1,Pflegefachkraft,0,0.0,-2310,15,14,1,2,0,2491,1,,,,,,0,,0,,3,3,3,0,996,1,3,3,3,0,872,1,2,1,2,0,623,0,ST-HCH1,Normalstation Herzchirurgie,24,Herzchirurgie,7.0,15.0,06:00,14:00,450,,13:30,21:30,450,F,21:15,06:15,495,F|S,11,10,8,10,30,45,8,38.5,30,0.05,0,2.0.0,20261169
PK-017,2026-11-15,history,-15,Sonntag,7,46,1,0,,Pflegefachkraft,Pflegefachkraft,EXAM,0.8,30.8,7392,7392,6653,8131,5,2,2,8,1,1,Pflegefachkraft,0,0.0,-1902,15,14,1,2,0,2491,1,,,,,,0,,0,,3,3,3,0,996,1,3,3,3,0,872,1,2,1,2,0,623,0,ST-HCH1,Normalstation Herzchirurgie,24,Herzchirurgie,7.0,15.0,06:00,14:00,450,,13:30,21:30,450,F,21:15,06:15,495,F|S,11,10,8,10,30,45,8,38.5,30,0.05,0,2.0.0,20261169
PK-018,2026-11-15,history,-15,Sonntag,7,46,1,0,,Pflegefachkraft,Pflegefachkraft,EXAM,0.5,19.25,4620,4620,4158,5082,5,2,2,8,1,1,Pflegefachkraft,0,0.0,-1245,15,14,1,2,0,2491,1,,,,,,0,,0,,3,3,3,0,996,1,3,3,3,0,872,1,2,1,2,0,623,0,ST-HCH1,Normalstation Herzchirurgie,24,Herzchirurgie,7.0,15.0,06:00,14:00,450,,13:30,21:30,450,F,21:15,06:15,495,F|S,11,10,8,10,30,45,8,38.5,30,0.05,0,2.0.0,20261169
AZ-001,2026-11-16,history,-14,Montag,1,47,0,0,,Auszubildende_r_3_Ausbildungsjahr,Auszubildende,AUSZUBILDEND,1.0,38.5,9240,9240,8316,10164,5,2,2,8,1,0,nicht anrechenbar,0,0.0,-9240,21,20,2,3,1,3600,1,,,,,,0,,0,,3,3,3,0,1440,1,3,3,3,0,1260,1,2,2,2,0,900,0,ST-HCH1,Normalstation Herzchirurgie,24,Herzchirurgie,7.0,15.0,06:00,14:00,450,,13:30,21:30,450,F,21:15,06:15,495,F|S,11,10,8,10,30,45,8,38.5,30,0.05,0,2.0.0,20261169
AZ-002,2026-11-16,history,-14,Montag,1,47,0,0,,Auszubildende_r_2_Ausbildungsjahr,Auszubildende,AUSZUBILDEND,1.0,38.5,9240,9240,8316,10164,5,2,2,8,1,0,nicht anrechenbar,0,0.0,-6006,21,20,2,3,1,3600,0,URLAUB,,,,,0,,0,,3,3,3,0,1440,1,3,3,3,0,1260,1,2,2,2,0,900,0,ST-HCH1,Normalstation Herzchirurgie,24,Herzchirurgie,7.0,15.0,06:00,14:00,450,,13:30,21:30,450,F,21:15,06:15,495,F|S,11,10,8,10,30,45,8,38.5,30,0.05,0,2.0.0,20261169
AZ-003,2026-11-16,history,-14,Montag,1,47,0,0,,Auszubildende_r_1_Ausbildungsjahr,Auszubildende,AUSZUBILDEND,1.0,38.5,9240,9240,8316,10164,5,2,2,0,0,0,nicht anrechenbar,0,0.0,-9240,21,20,2,3,1,3600,1,,,,,,0,,0,,3,3,3,0,1440,1,3,3,3,0,1260,1,2,2,2,0,900,0,ST-HCH1,Normalstation Herzchirurgie,24,Herzchirurgie,7.0,15.0,06:00,14:00,450,,13:30,21:30,450,F,21:15,06:15,495,F|S,11,10,8,10,30,45,8,38.5,30,0.05,0,2.0.0,20261169
PK-001,2026-11-16,history,-14,Montag,1,47,0,0,,Stationsleitung,Pflegefachkraft,EXAM|LEITUNG|PRAXISANLEITUNG,1.0,38.5,9240,4620,4158,5082,5,2,2,0,0,1,Pflegefachkraft,1,0.5,2130,21,20,2,3,1,3600,1,,,,,,0,,0,,3,3,3,0,1440,1,3,3,3,0,1260,1,2,2,2,0,900,0,ST-HCH1,Normalstation Herzchirurgie,24,Herzchirurgie,7.0,15.0,06:00,14:00,450,,13:30,21:30,450,F,21:15,06:15,495,F|S,11,10,8,10,30,45,8,38.5,30,0.05,0,2.0.0,20261169
PK-002,2026-11-16,history,-14,Montag,1,47,0,0,,Pflegefachkraft,Pflegefachkraft,EXAM,0.6,23.1,5544,5544,4990,6098,5,2,2,8,1,1,Pflegefachkraft,0,0.0,-1359,21,20,2,3,1,3600,1,,,,,,0,,0,,3,3,3,0,1440,1,3,3,3,0,1260,1,2,2,2,0,900,0,ST-HCH1,Normalstation Herzchirurgie,24,Herzchirurgie,7.0,15.0,06:00,14:00,450,,13:30,21:30,450,F,21:15,06:15,495,F|S,11,10,8,10,30,45,8,38.5,30,0.05,0,2.0.0,20261169
PK-003,2026-11-16,history,-14,Montag,1,47,0,0,,Pflegefachkraft,Pflegefachkraft,EXAM|KARDIO_MONITORING,1.0,38.5,9240,9240,8316,10164,5,2,2,8,1,1,Pflegefachkraft,0,0.0,-2130,21,20,2,3,1,3600,1,,,,,,0,,0,,3,3,3,0,1440,1,3,3,3,0,1260,1,2,2,2,0,900,0,ST-HCH1,Normalstation Herzchirurgie,24,Herzchirurgie,7.0,15.0,06:00,14:00,450,,13:30,21:30,450,F,21:15,06:15,495,F|S,11,10,8,10,30,45,8,38.5,30,0.05,0,2.0.0,20261169
PK-004,2026-11-16,history,-14,Montag,1,47,0,0,,Pflegefachkraft,Pflegefachkraft,EXAM|KARDIO_MONITORING,0.75,28.88,6931,6931,6238,7624,5,2,2,8,1,1,Pflegefachkraft,0,0.0,-1485,21,20,2,3,1,3600,1,,,,,S,0,,0,,3,3,3,0,1440,1,3,3,3,0,1260,1,2,2,2,0,900,0,ST-HCH1,Normalstation Herzchirurgie,24,Herzchirurgie,7.0,15.0,06:00,14:00,450,,13:30,21:30,450,F,21:15,06:15,495,F|S,11,10,8,10,30,45,8,38.5,30,0.05,0,2.0.0,20261169
PK-005,2026-11-16,history,-14,Montag,1,47,0,0,,Pflegefachkraft,Pflegefachkraft,EXAM|PRAXISANLEITUNG,0.7,26.95,6468,6468,5821,7115,5,2,2,8,1,1,Pflegefachkraft,0,0.0,431,21,20,2,3,1,3600,1,,,,,,0,,0,,3,3,3,0,1440,1,3,3,3,0,1260,1,2,2,2,0,900,0,ST-HCH1,Normalstation Herzchirurgie,24,Herzchirurgie,7.0,15.0,06:00,14:00,450,,13:30,21:30,450,F,21:15,06:15,495,F|S,11,10,8,10,30,45,8,38.5,30,0.05,0,2.0.0,20261169
PK-006,2026-11-16,history,-14,Montag,1,47,0,0,,Pflegefachkraft,Pflegefachkraft,EXAM,1.0,38.5,9240,9240,8316,10164,5,2,2,8,1,1,Pflegefachkraft,0,0.0,-2130,21,20,2,3,1,3600,1,,,,,N,0,,0,,3,3,3,0,1440,1,3,3,3,0,1260,1,2,2,2,0,900,0,ST-HCH1,Normalstation Herzchirurgie,24,Herzchirurgie,7.0,15.0,06:00,14:00,450,,13:30,21:30,450,F,21:15,06:15,495,F|S,11,10,8,10,30,45,8,38.5,30,0.05,0,2.0.0,20261169
PK-007,2026-11-16,history,-14,Montag,1,47,0,0,,Pflegefachkraft,Pflegefachkraft,EXAM,1.0,38.5,9240,9240,8316,10164,5,2,2,8,1,1,Pflegefachkraft,0,0.0,1104,21,20,2,3,1,3600,1,,,,,N,0,,0,,3,3,3,0,1440,1,3,3,3,0,1260,1,2,2,2,0,900,0,ST-HCH1,Normalstation Herzchirurgie,24,Herzchirurgie,7.0,15.0,06:00,14:00,450,,13:30,21:30,450,F,21:15,06:15,495,F|S,11,10,8,10,30,45,8,38.5,30,0.05,0,2.0.0,20261169
PK-008,2026-11-16,history,-14,Montag,1,47,0,0,,Pflegefachkraft,Pflegefachkraft,EXAM|PRAXISANLEITUNG,1.0,38.5,9240,9240,8316,10164,5,2,2,8,1,1,Pflegefachkraft,0,0.0,-2265,21,20,2,3,1,3600,1,,,,,,0,,0,,3,3,3,0,1440,1,3,3,3,0,1260,1,2,2,2,0,900,0,ST-HCH1,Normalstation Herzchirurgie,24,Herzchirurgie,7.0,15.0,06:00,14:00,450,,13:30,21:30,450,F,21:15,06:15,495,F|S,11,10,8,10,30,45,8,38.5,30,0.05,0,2.0.0,20261169
PK-009,2026-11-16,history,-14,Montag,1,47,0,0,,Pflegefachkraft,Pflegefachkraft,EXAM,0.9,34.65,8316,8316,7484,9148,5,2,2,8,1,1,Pflegefachkraft,0,0.0,-1881,21,20,2,3,1,3600,1,,,,,,0,,0,,3,3,3,0,1440,1,3,3,3,0,1260,1,2,2,2,0,900,0,ST-HCH1,Normalstation Herzchirurgie,24,Herzchirurgie,7.0,15.0,06:00,14:00,450,,13:30,21:30,450,F,21:15,06:15,495,F|S,11,10,8,10,30,45,8,38.5,30,0.05,0,2.0.0,20261169
PK-010,2026-11-16,history,-14,Montag,1,47,0,0,,Pflegefachkraft,Pflegefachkraft,EXAM,0.75,28.88,6931,6931,6238,7624,5,2,2,8,1,1,Pflegefachkraft,0,0.0,-1845,21,20,2,3,1,3600,1,,,,,,0,,0,,3,3,3,0,1440,1,3,3,3,0,1260,1,2,2,2,0,900,0,ST-HCH1,Normalstation Herzchirurgie,24,Herzchirurgie,7.0,15.0,06:00,14:00,450,,13:30,21:30,450,F,21:15,06:15,495,F|S,11,10,8,10,30,45,8,38.5,30,0.05,0,2.0.0,20261169
PK-011,2026-11-16,history,-14,Montag,1,47,0,0,,Pflegefachkraft,Pflegefachkraft,EXAM,0.8,30.8,7392,7392,6653,8131,5,2,2,8,1,1,Pflegefachkraft,0,0.0,-1947,21,20,2,3,1,3600,1,,,,,F,0,,0,,3,3,3,0,1440,1,3,3,3,0,1260,1,2,2,2,0,900,0,ST-HCH1,Normalstation Herzchirurgie,24,Herzchirurgie,7.0,15.0,06:00,14:00,450,,13:30,21:30,450,F,21:15,06:15,495,F|S,11,10,8,10,30,45,8,38.5,30,0.05,0,2.0.0,20261169
PK-012,2026-11-16,history,-14,Montag,1,47,0,0,,Pflegefachkraft,Pflegefachkraft,EXAM|KARDIO_MONITORING,0.7,26.95,6468,6468,5821,7115,5,2,2,8,1,1,Pflegefachkraft,0,0.0,-1473,21,20,2,3,1,3600,1,,,,,,0,,0,,3,3,3,0,1440,1,3,3,3,0,1260,1,2,2,2,0,900,0,ST-HCH1,Normalstation Herzchirurgie,24,Herzchirurgie,7.0,15.0,06:00,14:00,450,,13:30,21:30,450,F,21:15,06:15,495,F|S,11,10,8,10,30,45,8,38.5,30,0.05,0,2.0.0,20261169
PK-013,2026-11-16,history,-14,Montag,1,47,0,0,,Pflegefachkraft,Pflegefachkraft,EXAM,1.0,38.5,9240,9240,8316,10164,5,2,2,8,1,1,Pflegefachkraft,0,0.0,-2445,21,20,2,3,1,3600,1,,,,,,0,,0,,3,3,3,0,1440,1,3,3,3,0,1260,1,2,2,2,0,900,0,ST-HCH1,Normalstation Herzchirurgie,24,Herzchirurgie,7.0,15.0,06:00,14:00,450,,13:30,21:30,450,F,21:15,06:15,495,F|S,11,10,8,10,30,45,8,38.5,30,0.05,0,2.0.0,20261169
PK-014,2026-11-16,history,-14,Montag,1,47,0,0,,Pflegefachkraft,Pflegefachkraft,EXAM|KARDIO_MONITORING,0.5,19.25,4620,4620,4158,5082,5,2,2,8,1,1,Pflegefachkraft,0,0.0,-1020,21,20,2,3,1,3600,1,,,,,S,0,,0,,3,3,3,0,1440,1,3,3,3,0,1260,1,2,2,2,0,900,0,ST-HCH1,Normalstation Herzchirurgie,24,Herzchirurgie,7.0,15.0,06:00,14:00,450,,13:30,21:30,450,F,21:15,06:15,495,F|S,11,10,8,10,30,45,8,38.5,30,0.05,0,2.0.0,20261169
PK-015,2026-11-16,history,-14,Montag,1,47,0,0,,Pflegefachkraft,Pflegefachkraft,EXAM,1.0,38.5,9240,9240,8316,10164,5,2,2,8,1,1,Pflegefachkraft,0,0.0,-2490,21,20,2,3,1,3600,1,,,,,S,0,,0,,3,3,3,0,1440,1,3,3,3,0,1260,1,2,2,2,0,900,0,ST-HCH1,Normalstation Herzchirurgie,24,Herzchirurgie,7.0,15.0,06:00,14:00,450,,13:30,21:30,450,F,21:15,06:15,495,F|S,11,10,8,10,30,45,8,38.5,30,0.05,0,2.0.0,20261169
PK-016,2026-11-16,history,-14,Montag,1,47,0,0,,Pflegefachkraft,Pflegefachkraft,EXAM|PRAXISANLEITUNG,1.0,38.5,9240,9240,8316,10164,5,2,2,8,1,1,Pflegefachkraft,0,0.0,-2310,21,20,2,3,1,3600,1,,,,,F,0,,0,,3,3,3,0,1440,1,3,3,3,0,1260,1,2,2,2,0,900,0,ST-HCH1,Normalstation Herzchirurgie,24,Herzchirurgie,7.0,15.0,06:00,14:00,450,,13:30,21:30,450,F,21:15,06:15,495,F|S,11,10,8,10,30,45,8,38.5,30,0.05,0,2.0.0,20261169
PK-017,2026-11-16,history,-14,Montag,1,47,0,0,,Pflegefachkraft,Pflegefachkraft,EXAM,0.8,30.8,7392,7392,6653,8131,5,2,2,8,1,1,Pflegefachkraft,0,0.0,-1902,21,20,2,3,1,3600,1,,,,,F,0,,0,,3,3,3,0,1440,1,3,3,3,0,1260,1,2,2,2,0,900,0,ST-HCH1,Normalstation Herzchirurgie,24,Herzchirurgie,7.0,15.0,06:00,14:00,450,,13:30,21:30,450,F,21:15,06:15,495,F|S,11,10,8,10,30,45,8,38.5,30,0.05,0,2.0.0,20261169
PK-018,2026-11-16,history,-14,Montag,1,47,0,0,,Pflegefachkraft,Pflegefachkraft,EXAM,0.5,19.25,4620,4620,4158,5082,5,2,2,8,1,1,Pflegefachkraft,0,0.0,-1245,21,20,2,3,1,3600,1,,,,,,0,,0,,3,3,3,0,1440,1,3,3,3,0,1260,1,2,2,2,0,900,0,ST-HCH1,Normalstation Herzchirurgie,24,Herzchirurgie,7.0,15.0,06:00,14:00,450,,13:30,21:30,450,F,21:15,06:15,495,F|S,11,10,8,10,30,45,8,38.5,30,0.05,0,2.0.0,20261169
AZ-001,2026-11-17,history,-13,Dienstag,2,47,0,0,,Auszubildende_r_3_Ausbildungsjahr,Auszubildende,AUSZUBILDEND,1.0,38.5,9240,9240,8316,10164,5,2,2,8,1,0,nicht anrechenbar,0,0.0,-9240,19,19,4,0,1,3448,1,,,,,,0,,0,,3,3,3,0,1379,1,3,3,3,0,1207,1,2,2,2,0,862,0,ST-HCH1,Normalstation Herzchirurgie,24,Herzchirurgie,7.0,15.0,06:00,14:00,450,,13:30,21:30,450,F,21:15,06:15,495,F|S,11,10,8,10,30,45,8,38.5,30,0.05,0,2.0.0,20261169
AZ-002,2026-11-17,history,-13,Dienstag,2,47,0,0,,Auszubildende_r_2_Ausbildungsjahr,Auszubildende,AUSZUBILDEND,1.0,38.5,9240,9240,8316,10164,5,2,2,8,1,0,nicht anrechenbar,0,0.0,-6006,19,19,4,0,1,3448,0,URLAUB,,,,,0,,0,,3,3,3,0,1379,1,3,3,3,0,1207,1,2,2,2,0,862,0,ST-HCH1,Normalstation Herzchirurgie,24,Herzchirurgie,7.0,15.0,06:00,14:00,450,,13:30,21:30,450,F,21:15,06:15,495,F|S,11,10,8,10,30,45,8,38.5,30,0.05,0,2.0.0,20261169
AZ-003,2026-11-17,history,-13,Dienstag,2,47,0,0,,Auszubildende_r_1_Ausbildungsjahr,Auszubildende,AUSZUBILDEND,1.0,38.5,9240,9240,8316,10164,5,2,2,0,0,0,nicht anrechenbar,0,0.0,-9240,19,19,4,0,1,3448,1,,,,,,0,,0,,3,3,3,0,1379,1,3,3,3,0,1207,1,2,2,2,0,862,0,ST-HCH1,Normalstation Herzchirurgie,24,Herzchirurgie,7.0,15.0,06:00,14:00,450,,13:30,21:30,450,F,21:15,06:15,495,F|S,11,10,8,10,30,45,8,38.5,30,0.05,0,2.0.0,20261169
PK-001,2026-11-17,history,-13,Dienstag,2,47,0,0,,Stationsleitung,Pflegefachkraft,EXAM|LEITUNG|PRAXISANLEITUNG,1.0,38.5,9240,4620,4158,5082,5,2,2,0,0,1,Pflegefachkraft,1,0.5,2130,19,19,4,0,1,3448,1,,,,,F,0,,0,,3,3,3,0,1379,1,3,3,3,0,1207,1,2,2,2,0,862,0,ST-HCH1,Normalstation Herzchirurgie,24,Herzchirurgie,7.0,15.0,06:00,14:00,450,,13:30,21:30,450,F,21:15,06:15,495,F|S,11,10,8,10,30,45,8,38.5,30,0.05,0,2.0.0,20261169
PK-002,2026-11-17,history,-13,Dienstag,2,47,0,0,,Pflegefachkraft,Pflegefachkraft,EXAM,0.6,23.1,5544,5544,4990,6098,5,2,2,8,1,1,Pflegefachkraft,0,0.0,-1359,19,19,4,0,1,3448,1,,,,,,0,,0,,3,3,3,0,1379,1,3,3,3,0,1207,1,2,2,2,0,862,0,ST-HCH1,Normalstation Herzchirurgie,24,Herzchirurgie,7.0,15.0,06:00,14:00,450,,13:30,21:30,450,F,21:15,06:15,495,F|S,11,10,8,10,30,45,8,38.5,30,0.05,0,2.0.0,20261169
PK-003,2026-11-17,history,-13,Dienstag,2,47,0,0,,Pflegefachkraft,Pflegefachkraft,EXAM|KARDIO_MONITORING,1.0,38.5,9240,9240,8316,10164,5,2,2,8,1,1,Pflegefachkraft,0,0.0,-2130,19,19,4,0,1,3448,1,,,,,N,0,,0,,3,3,3,0,1379,1,3,3,3,0,1207,1,2,2,2,0,862,0,ST-HCH1,Normalstation Herzchirurgie,24,Herzchirurgie,7.0,15.0,06:00,14:00,450,,13:30,21:30,450,F,21:15,06:15,495,F|S,11,10,8,10,30,45,8,38.5,30,0.05,0,2.0.0,20261169
PK-004,2026-11-17,history,-13,Dienstag,2,47,0,0,,Pflegefachkraft,Pflegefachkraft,EXAM|KARDIO_MONITORING,0.75,28.88,6931,6931,6238,7624,5,2,2,8,1,1,Pflegefachkraft,0,0.0,-1485,19,19,4,0,1,3448,1,,,,,,0,,0,,3,3,3,0,1379,1,3,3,3,0,1207,1,2,2,2,0,862,0,ST-HCH1,Normalstation Herzchirurgie,24,Herzchirurgie,7.0,15.0,06:00,14:00,450,,13:30,21:30,450,F,21:15,06:15,495,F|S,11,10,8,10,30,45,8,38.5,30,0.05,0,2.0.0,20261169
PK-005,2026-11-17,history,-13,Dienstag,2,47,0,0,,Pflegefachkraft,Pflegefachkraft,EXAM|PRAXISANLEITUNG,0.7,26.95,6468,6468,5821,7115,5,2,2,8,1,1,Pflegefachkraft,0,0.0,431,19,19,4,0,1,3448,1,,,,,,0,,0,,3,3,3,0,1379,1,3,3,3,0,1207,1,2,2,2,0,862,0,ST-HCH1,Normalstation Herzchirurgie,24,Herzchirurgie,7.0,15.0,06:00,14:00,450,,13:30,21:30,450,F,21:15,06:15,495,F|S,11,10,8,10,30,45,8,38.5,30,0.05,0,2.0.0,20261169
PK-006,2026-11-17,history,-13,Dienstag,2,47,0,0,,Pflegefachkraft,Pflegefachkraft,EXAM,1.0,38.5,9240,9240,8316,10164,5,2,2,8,1,1,Pflegefachkraft,0,0.0,-2130,19,19,4,0,1,3448,1,,,,,,0,,0,,3,3,3,0,1379,1,3,3,3,0,1207,1,2,2,2,0,862,0,ST-HCH1,Normalstation Herzchirurgie,24,Herzchirurgie,7.0,15.0,06:00,14:00,450,,13:30,21:30,450,F,21:15,06:15,495,F|S,11,10,8,10,30,45,8,38.5,30,0.05,0,2.0.0,20261169
PK-007,2026-11-17,history,-13,Dienstag,2,47,0,0,,Pflegefachkraft,Pflegefachkraft,EXAM,1.0,38.5,9240,9240,8316,10164,5,2,2,8,1,1,Pflegefachkraft,0,0.0,1104,19,19,4,0,1,3448,1,,,,,N,0,,0,,3,3,3,0,1379,1,3,3,3,0,1207,1,2,2,2,0,862,0,ST-HCH1,Normalstation Herzchirurgie,24,Herzchirurgie,7.0,15.0,06:00,14:00,450,,13:30,21:30,450,F,21:15,06:15,495,F|S,11,10,8,10,30,45,8,38.5,30,0.05,0,2.0.0,20261169
PK-008,2026-11-17,history,-13,Dienstag,2,47,0,0,,Pflegefachkraft,Pflegefachkraft,EXAM|PRAXISANLEITUNG,1.0,38.5,9240,9240,8316,10164,5,2,2,8,1,1,Pflegefachkraft,0,0.0,-2265,19,19,4,0,1,3448,1,,,,,F,0,,0,,3,3,3,0,1379,1,3,3,3,0,1207,1,2,2,2,0,862,0,ST-HCH1,Normalstation Herzchirurgie,24,Herzchirurgie,7.0,15.0,06:00,14:00,450,,13:30,21:30,450,F,21:15,06:15,495,F|S,11,10,8,10,30,45,8,38.5,30,0.05,0,2.0.0,20261169
PK-009,2026-11-17,history,-13,Dienstag,2,47,0,0,,Pflegefachkraft,Pflegefachkraft,EXAM,0.9,34.65,8316,8316,7484,9148,5,2,2,8,1,1,Pflegefachkraft,0,0.0,-1881,19,19,4,0,1,3448,1,,,,,S,0,,0,,3,3,3,0,1379,1,3,3,3,0,1207,1,2,2,2,0,862,0,ST-HCH1,Normalstation Herzchirurgie,24,Herzchirurgie,7.0,15.0,06:00,14:00,450,,13:30,21:30,450,F,21:15,06:15,495,F|S,11,10,8,10,30,45,8,38.5,30,0.05,0,2.0.0,20261169
PK-010,2026-11-17,history,-13,Dienstag,2,47,0,0,,Pflegefachkraft,Pflegefachkraft,EXAM,0.75,28.88,6931,6931,6238,7624,5,2,2,8,1,1,Pflegefachkraft,0,0.0,-1845,19,19,4,0,1,3448,1,,,,,S,0,,0,,3,3,3,0,1379,1,3,3,3,0,1207,1,2,2,2,0,862,0,ST-HCH1,Normalstation Herzchirurgie,24,Herzchirurgie,7.0,15.0,06:00,14:00,450,,13:30,21:30,450,F,21:15,06:15,495,F|S,11,10,8,10,30,45,8,38.5,30,0.05,0,2.0.0,20261169
PK-011,2026-11-17,history,-13,Dienstag,2,47,0,0,,Pflegefachkraft,Pflegefachkraft,EXAM,0.8,30.8,7392,7392,6653,8131,5,2,2,8,1,1,Pflegefachkraft,0,0.0,-1947,19,19,4,0,1,3448,1,,,,,,0,,0,,3,3,3,0,1379,1,3,3,3,0,1207,1,2,2,2,0,862,0,ST-HCH1,Normalstation Herzchirurgie,24,Herzchirurgie,7.0,15.0,06:00,14:00,450,,13:30,21:30,450,F,21:15,06:15,495,F|S,11,10,8,10,30,45,8,38.5,30,0.05,0,2.0.0,20261169
PK-012,2026-11-17,history,-13,Dienstag,2,47,0,0,,Pflegefachkraft,Pflegefachkraft,EXAM|KARDIO_MONITORING,0.7,26.95,6468,6468,5821,7115,5,2,2,8,1,1,Pflegefachkraft,0,0.0,-1473,19,19,4,0,1,3448,1,,,,,,0,,0,,3,3,3,0,1379,1,3,3,3,0,1207,1,2,2,2,0,862,0,ST-HCH1,Normalstation Herzchirurgie,24,Herzchirurgie,7.0,15.0,06:00,14:00,450,,13:30,21:30,450,F,21:15,06:15,495,F|S,11,10,8,10,30,45,8,38.5,30,0.05,0,2.0.0,20261169
PK-013,2026-11-17,history,-13,Dienstag,2,47,0,0,,Pflegefachkraft,Pflegefachkraft,EXAM,1.0,38.5,9240,9240,8316,10164,5,2,2,8,1,1,Pflegefachkraft,0,0.0,-2445,19,19,4,0,1,3448,1,,,,,F,0,,0,,3,3,3,0,1379,1,3,3,3,0,1207,1,2,2,2,0,862,0,ST-HCH1,Normalstation Herzchirurgie,24,Herzchirurgie,7.0,15.0,06:00,14:00,450,,13:30,21:30,450,F,21:15,06:15,495,F|S,11,10,8,10,30,45,8,38.5,30,0.05,0,2.0.0,20261169
PK-014,2026-11-17,history,-13,Dienstag,2,47,0,0,,Pflegefachkraft,Pflegefachkraft,EXAM|KARDIO_MONITORING,0.5,19.25,4620,4620,4158,5082,5,2,2,8,1,1,Pflegefachkraft,0,0.0,-1020,19,19,4,0,1,3448,1,,,,,,0,,0,,3,3,3,0,1379,1,3,3,3,0,1207,1,2,2,2,0,862,0,ST-HCH1,Normalstation Herzchirurgie,24,Herzchirurgie,7.0,15.0,06:00,14:00,450,,13:30,21:30,450,F,21:15,06:15,495,F|S,11,10,8,10,30,45,8,38.5,30,0.05,0,2.0.0,20261169
PK-015,2026-11-17,history,-13,Dienstag,2,47,0,0,,Pflegefachkraft,Pflegefachkraft,EXAM,1.0,38.5,9240,9240,8316,10164,5,2,2,8,1,1,Pflegefachkraft,0,0.0,-2490,19,19,4,0,1,3448,1,,,,,,0,,0,,3,3,3,0,1379,1,3,3,3,0,1207,1,2,2,2,0,862,0,ST-HCH1,Normalstation Herzchirurgie,24,Herzchirurgie,7.0,15.0,06:00,14:00,450,,13:30,21:30,450,F,21:15,06:15,495,F|S,11,10,8,10,30,45,8,38.5,30,0.05,0,2.0.0,20261169
PK-016,2026-11-17,history,-13,Dienstag,2,47,0,0,,Pflegefachkraft,Pflegefachkraft,EXAM|PRAXISANLEITUNG,1.0,38.5,9240,9240,8316,10164,5,2,2,8,1,1,Pflegefachkraft,0,0.0,-2310,19,19,4,0,1,3448,1,,,,,S,0,,0,,3,3,3,0,1379,1,3,3,3,0,1207,1,2,2,2,0,862,0,ST-HCH1,Normalstation Herzchirurgie,24,Herzchirurgie,7.0,15.0,06:00,14:00,450,,13:30,21:30,450,F,21:15,06:15,495,F|S,11,10,8,10,30,45,8,38.5,30,0.05,0,2.0.0,20261169
PK-017,2026-11-17,history,-13,Dienstag,2,47,0,0,,Pflegefachkraft,Pflegefachkraft,EXAM,0.8,30.8,7392,7392,6653,8131,5,2,2,8,1,1,Pflegefachkraft,0,0.0,-1902,19,19,4,0,1,3448,1,,,,,,0,,0,,3,3,3,0,1379,1,3,3,3,0,1207,1,2,2,2,0,862,0,ST-HCH1,Normalstation Herzchirurgie,24,Herzchirurgie,7.0,15.0,06:00,14:00,450,,13:30,21:30,450,F,21:15,06:15,495,F|S,11,10,8,10,30,45,8,38.5,30,0.05,0,2.0.0,20261169
PK-018,2026-11-17,history,-13,Dienstag,2,47,0,0,,Pflegefachkraft,Pflegefachkraft,EXAM,0.5,19.25,4620,4620,4158,5082,5,2,2,8,1,1,Pflegefachkraft,0,0.0,-1245,19,19,4,0,1,3448,1,,,,,,0,,0,,3,3,3,0,1379,1,3,3,3,0,1207,1,2,2,2,0,862,0,ST-HCH1,Normalstation Herzchirurgie,24,Herzchirurgie,7.0,15.0,06:00,14:00,450,,13:30,21:30,450,F,21:15,06:15,495,F|S,11,10,8,10,30,45,8,38.5,30,0.05,0,2.0.0,20261169
AZ-001,2026-11-18,history,-12,Mittwoch,3,47,0,0,,Auszubildende_r_3_Ausbildungsjahr,Auszubildende,AUSZUBILDEND,1.0,38.5,9240,9240,8316,10164,5,2,2,8,1,0,nicht anrechenbar,0,0.0,-9240,20,18,2,2,0,3258,1,,,,,,0,,0,,3,3,3,0,1303,1,3,3,3,0,1140,1,2,2,2,0,814,0,ST-HCH1,Normalstation Herzchirurgie,24,Herzchirurgie,7.0,15.0,06:00,14:00,450,,13:30,21:30,450,F,21:15,06:15,495,F|S,11,10,8,10,30,45,8,38.5,30,0.05,0,2.0.0,20261169
AZ-002,2026-11-18,history,-12,Mittwoch,3,47,0,0,,Auszubildende_r_2_Ausbildungsjahr,Auszubildende,AUSZUBILDEND,1.0,38.5,9240,9240,8316,10164,5,2,2,8,1,0,nicht anrechenbar,0,0.0,-6006,20,18,2,2,0,3258,0,URLAUB,,,,,0,,0,,3,3,3,0,1303,1,3,3,3,0,1140,1,2,2,2,0,814,0,ST-HCH1,Normalstation Herzchirurgie,24,Herzchirurgie,7.0,15.0,06:00,14:00,450,,13:30,21:30,450,F,21:15,06:15,495,F|S,11,10,8,10,30,45,8,38.5,30,0.05,0,2.0.0,20261169
AZ-003,2026-11-18,history,-12,Mittwoch,3,47,0,0,,Auszubildende_r_1_Ausbildungsjahr,Auszubildende,AUSZUBILDEND,1.0,38.5,9240,9240,8316,10164,5,2,2,0,0,0,nicht anrechenbar,0,0.0,-9240,20,18,2,2,0,3258,1,,,,,,0,,0,,3,3,3,0,1303,1,3,3,3,0,1140,1,2,2,2,0,814,0,ST-HCH1,Normalstation Herzchirurgie,24,Herzchirurgie,7.0,15.0,06:00,14:00,450,,13:30,21:30,450,F,21:15,06:15,495,F|S,11,10,8,10,30,45,8,38.5,30,0.05,0,2.0.0,20261169
PK-001,2026-11-18,history,-12,Mittwoch,3,47,0,0,,Stationsleitung,Pflegefachkraft,EXAM|LEITUNG|PRAXISANLEITUNG,1.0,38.5,9240,4620,4158,5082,5,2,2,0,0,1,Pflegefachkraft,1,0.5,2130,20,18,2,2,0,3258,1,,,,,,0,,0,,3,3,3,0,1303,1,3,3,3,0,1140,1,2,2,2,0,814,0,ST-HCH1,Normalstation Herzchirurgie,24,Herzchirurgie,7.0,15.0,06:00,14:00,450,,13:30,21:30,450,F,21:15,06:15,495,F|S,11,10,8,10,30,45,8,38.5,30,0.05,0,2.0.0,20261169
PK-002,2026-11-18,history,-12,Mittwoch,3,47,0,0,,Pflegefachkraft,Pflegefachkraft,EXAM,0.6,23.1,5544,5544,4990,6098,5,2,2,8,1,1,Pflegefachkraft,0,0.0,-1359,20,18,2,2,0,3258,1,,,,,S,0,,0,,3,3,3,0,1303,1,3,3,3,0,1140,1,2,2,2,0,814,0,ST-HCH1,Normalstation Herzchirurgie,24,Herzchirurgie,7.0,15.0,06:00,14:00,450,,13:30,21:30,450,F,21:15,06:15,495,F|S,11,10,8,10,30,45,8,38.5,30,0.05,0,2.0.0,20261169
PK-003,2026-11-18,history,-12,Mittwoch,3,47,0,0,,Pflegefachkraft,Pflegefachkraft,EXAM|KARDIO_MONITORING,1.0,38.5,9240,9240,8316,10164,5,2,2,8,1,1,Pflegefachkraft,0,0.0,-2130,20,18,2,2,0,3258,1,,,,,,0,,0,,3,3,3,0,1303,1,3,3,3,0,1140,1,2,2,2,0,814,0,ST-HCH1,Normalstation Herzchirurgie,24,Herzchirurgie,7.0,15.0,06:00,14:00,450,,13:30,21:30,450,F,21:15,06:15,495,F|S,11,10,8,10,30,45,8,38.5,30,0.05,0,2.0.0,20261169
PK-004,2026-11-18,history,-12,Mittwoch,3,47,0,0,,Pflegefachkraft,Pflegefachkraft,EXAM|KARDIO_MONITORING,0.75,28.88,6931,6931,6238,7624,5,2,2,8,1,1,Pflegefachkraft,0,0.0,-1485,20,18,2,2,0,3258,1,,,,,,0,,0,,3,3,3,0,1303,1,3,3,3,0,1140,1,2,2,2,0,814,0,ST-HCH1,Normalstation Herzchirurgie,24,Herzchirurgie,7.0,15.0,06:00,14:00,450,,13:30,21:30,450,F,21:15,06:15,495,F|S,11,10,8,10,30,45,8,38.5,30,0.05,0,2.0.0,20261169
PK-005,2026-11-18,history,-12,Mittwoch,3,47,0,0,,Pflegefachkraft,Pflegefachkraft,EXAM|PRAXISANLEITUNG,0.7,26.95,6468,6468,5821,7115,5,2,2,8,1,1,Pflegefachkraft,0,0.0,431,20,18,2,2,0,3258,1,,,,,F,0,,0,,3,3,3,0,1303,1,3,3,3,0,1140,1,2,2,2,0,814,0,ST-HCH1,Normalstation Herzchirurgie,24,Herzchirurgie,7.0,15.0,06:00,14:00,450,,13:30,21:30,450,F,21:15,06:15,495,F|S,11,10,8,10,30,45,8,38.5,30,0.05,0,2.0.0,20261169
PK-006,2026-11-18,history,-12,Mittwoch,3,47,0,0,,Pflegefachkraft,Pflegefachkraft,EXAM,1.0,38.5,9240,9240,8316,10164,5,2,2,8,1,1,Pflegefachkraft,0,0.0,-2130,20,18,2,2,0,3258,1,,,,,N,0,,0,,3,3,3,0,1303,1,3,3,3,0,1140,1,2,2,2,0,814,0,ST-HCH1,Normalstation Herzchirurgie,24,Herzchirurgie,7.0,15.0,06:00,14:00,450,,13:30,21:30,450,F,21:15,06:15,495,F|S,11,10,8,10,30,45,8,38.5,30,0.05,0,2.0.0,20261169
PK-007,2026-11-18,history,-12,Mittwoch,3,47,0,0,,Pflegefachkraft,Pflegefachkraft,EXAM,1.0,38.5,9240,9240,8316,10164,5,2,2,8,1,1,Pflegefachkraft,0,0.0,1104,20,18,2,2,0,3258,1,,,,,,0,,0,,3,3,3,0,1303,1,3,3,3,0,1140,1,2,2,2,0,814,0,ST-HCH1,Normalstation Herzchirurgie,24,Herzchirurgie,7.0,15.0,06:00,14:00,450,,13:30,21:30,450,F,21:15,06:15,495,F|S,11,10,8,10,30,45,8,38.5,30,0.05,0,2.0.0,20261169
PK-008,2026-11-18,history,-12,Mittwoch,3,47,0,0,,Pflegefachkraft,Pflegefachkraft,EXAM|PRAXISANLEITUNG,1.0,38.5,9240,9240,8316,10164,5,2,2,8,1,1,Pflegefachkraft,0,0.0,-2265,20,18,2,2,0,3258,1,,,,,,0,,0,,3,3,3,0,1303,1,3,3,3,0,1140,1,2,2,2,0,814,0,ST-HCH1,Normalstation Herzchirurgie,24,Herzchirurgie,7.0,15.0,06:00,14:00,450,,13:30,21:30,450,F,21:15,06:15,495,F|S,11,10,8,10,30,45,8,38.5,30,0.05,0,2.0.0,20261169
PK-009,2026-11-18,history,-12,Mittwoch,3,47,0,0,,Pflegefachkraft,Pflegefachkraft,EXAM,0.9,34.65,8316,8316,7484,9148,5,2,2,8,1,1,Pflegefachkraft,0,0.0,-1881,20,18,2,2,0,3258,1,,,,,,0,,0,,3,3,3,0,1303,1,3,3,3,0,1140,1,2,2,2,0,814,0,ST-HCH1,Normalstation Herzchirurgie,24,Herzchirurgie,7.0,15.0,06:00,14:00,450,,13:30,21:30,450,F,21:15,06:15,495,F|S,11,10,8,10,30,45,8,38.5,30,0.05,0,2.0.0,20261169
PK-010,2026-11-18,history,-12,Mittwoch,3,47,0,0,,Pflegefachkraft,Pflegefachkraft,EXAM,0.75,28.88,6931,6931,6238,7624,5,2,2,8,1,1,Pflegefachkraft,0,0.0,-1845,20,18,2,2,0,3258,1,,,,,,0,,0,,3,3,3,0,1303,1,3,3,3,0,1140,1,2,2,2,0,814,0,ST-HCH1,Normalstation Herzchirurgie,24,Herzchirurgie,7.0,15.0,06:00,14:00,450,,13:30,21:30,450,F,21:15,06:15,495,F|S,11,10,8,10,30,45,8,38.5,30,0.05,0,2.0.0,20261169
PK-011,2026-11-18,history,-12,Mittwoch,3,47,0,0,,Pflegefachkraft,Pflegefachkraft,EXAM,0.8,30.8,7392,7392,6653,8131,5,2,2,8,1,1,Pflegefachkraft,0,0.0,-1947,20,18,2,2,0,3258,1,,,,,F,0,,0,,3,3,3,0,1303,1,3,3,3,0,1140,1,2,2,2,0,814,0,ST-HCH1,Normalstation Herzchirurgie,24,Herzchirurgie,7.0,15.0,06:00,14:00,450,,13:30,21:30,450,F,21:15,06:15,495,F|S,11,10,8,10,30,45,8,38.5,30,0.05,0,2.0.0,20261169
PK-012,2026-11-18,history,-12,Mittwoch,3,47,0,0,,Pflegefachkraft,Pflegefachkraft,EXAM|KARDIO_MONITORING,0.7,26.95,6468,6468,5821,7115,5,2,2,8,1,1,Pflegefachkraft,0,0.0,-1473,20,18,2,2,0,3258,1,,,,,F,0,,0,,3,3,3,0,1303,1,3,3,3,0,1140,1,2,2,2,0,814,0,ST-HCH1,Normalstation Herzchirurgie,24,Herzchirurgie,7.0,15.0,06:00,14:00,450,,13:30,21:30,450,F,21:15,06:15,495,F|S,11,10,8,10,30,45,8,38.5,30,0.05,0,2.0.0,20261169
PK-013,2026-11-18,history,-12,Mittwoch,3,47,0,0,,Pflegefachkraft,Pflegefachkraft,EXAM,1.0,38.5,9240,9240,8316,10164,5,2,2,8,1,1,Pflegefachkraft,0,0.0,-2445,20,18,2,2,0,3258,1,,,,,,0,,0,,3,3,3,0,1303,1,3,3,3,0,1140,1,2,2,2,0,814,0,ST-HCH1,Normalstation Herzchirurgie,24,Herzchirurgie,7.0,15.0,06:00,14:00,450,,13:30,21:30,450,F,21:15,06:15,495,F|S,11,10,8,10,30,45,8,38.5,30,0.05,0,2.0.0,20261169
PK-014,2026-11-18,history,-12,Mittwoch,3,47,0,0,,Pflegefachkraft,Pflegefachkraft,EXAM|KARDIO_MONITORING,0.5,19.25,4620,4620,4158,5082,5,2,2,8,1,1,Pflegefachkraft,0,0.0,-1020,20,18,2,2,0,3258,1,,,,,,0,,0,,3,3,3,0,1303,1,3,3,3,0,1140,1,2,2,2,0,814,0,ST-HCH1,Normalstation Herzchirurgie,24,Herzchirurgie,7.0,15.0,06:00,14:00,450,,13:30,21:30,450,F,21:15,06:15,495,F|S,11,10,8,10,30,45,8,38.5,30,0.05,0,2.0.0,20261169
PK-015,2026-11-18,history,-12,Mittwoch,3,47,0,0,,Pflegefachkraft,Pflegefachkraft,EXAM,1.0,38.5,9240,9240,8316,10164,5,2,2,8,1,1,Pflegefachkraft,0,0.0,-2490,20,18,2,2,0,3258,1,,,,,S,0,,0,,3,3,3,0,1303,1,3,3,3,0,1140,1,2,2,2,0,814,0,ST-HCH1,Normalstation Herzchirurgie,24,Herzchirurgie,7.0,15.0,06:00,14:00,450,,13:30,21:30,450,F,21:15,06:15,495,F|S,11,10,8,10,30,45,8,38.5,30,0.05,0,2.0.0,20261169
PK-016,2026-11-18,history,-12,Mittwoch,3,47,0,0,,Pflegefachkraft,Pflegefachkraft,EXAM|PRAXISANLEITUNG,1.0,38.5,9240,9240,8316,10164,5,2,2,8,1,1,Pflegefachkraft,0,0.0,-2310,20,18,2,2,0,3258,1,,,,,,0,,0,,3,3,3,0,1303,1,3,3,3,0,1140,1,2,2,2,0,814,0,ST-HCH1,Normalstation Herzchirurgie,24,Herzchirurgie,7.0,15.0,06:00,14:00,450,,13:30,21:30,450,F,21:15,06:15,495,F|S,11,10,8,10,30,45,8,38.5,30,0.05,0,2.0.0,20261169
PK-017,2026-11-18,history,-12,Mittwoch,3,47,0,0,,Pflegefachkraft,Pflegefachkraft,EXAM,0.8,30.8,7392,7392,6653,8131,5,2,2,8,1,1,Pflegefachkraft,0,0.0,-1902,20,18,2,2,0,3258,1,,,,,S,0,,0,,3,3,3,0,1303,1,3,3,3,0,1140,1,2,2,2,0,814,0,ST-HCH1,Normalstation Herzchirurgie,24,Herzchirurgie,7.0,15.0,06:00,14:00,450,,13:30,21:30,450,F,21:15,06:15,495,F|S,11,10,8,10,30,45,8,38.5,30,0.05,0,2.0.0,20261169
PK-018,2026-11-18,history,-12,Mittwoch,3,47,0,0,,Pflegefachkraft,Pflegefachkraft,EXAM,0.5,19.25,4620,4620,4158,5082,5,2,2,8,1,1,Pflegefachkraft,0,0.0,-1245,20,18,2,2,0,3258,1,,,,,N,0,,0,,3,3,3,0,1303,1,3,3,3,0,1140,1,2,2,2,0,814,0,ST-HCH1,Normalstation Herzchirurgie,24,Herzchirurgie,7.0,15.0,06:00,14:00,450,,13:30,21:30,450,F,21:15,06:15,495,F|S,11,10,8,10,30,45,8,38.5,30,0.05,0,2.0.0,20261169
AZ-001,2026-11-19,history,-11,Donnerstag,4,47,0,0,,Auszubildende_r_3_Ausbildungsjahr,Auszubildende,AUSZUBILDEND,1.0,38.5,9240,9240,8316,10164,5,2,2,8,1,0,nicht anrechenbar,0,0.0,-9240,20,20,1,1,1,3519,1,,,,,,0,,0,,3,3,3,0,1408,1,3,3,3,0,1232,1,2,2,2,0,880,0,ST-HCH1,Normalstation Herzchirurgie,24,Herzchirurgie,7.0,15.0,06:00,14:00,450,,13:30,21:30,450,F,21:15,06:15,495,F|S,11,10,8,10,30,45,8,38.5,30,0.05,0,2.0.0,20261169
AZ-002,2026-11-19,history,-11,Donnerstag,4,47,0,0,,Auszubildende_r_2_Ausbildungsjahr,Auszubildende,AUSZUBILDEND,1.0,38.5,9240,9240,8316,10164,5,2,2,8,1,0,nicht anrechenbar,0,0.0,-6006,20,20,1,1,1,3519,0,URLAUB,,,,,0,,0,,3,3,3,0,1408,1,3,3,3,0,1232,1,2,2,2,0,880,0,ST-HCH1,Normalstation Herzchirurgie,24,Herzchirurgie,7.0,15.0,06:00,14:00,450,,13:30,21:30,450,F,21:15,06:15,495,F|S,11,10,8,10,30,45,8,38.5,30,0.05,0,2.0.0,20261169
AZ-003,2026-11-19,history,-11,Donnerstag,4,47,0,0,,Auszubildende_r_1_Ausbildungsjahr,Auszubildende,AUSZUBILDEND,1.0,38.5,9240,9240,8316,10164,5,2,2,0,0,0,nicht anrechenbar,0,0.0,-9240,20,20,1,1,1,3519,1,,,,,,0,,0,,3,3,3,0,1408,1,3,3,3,0,1232,1,2,2,2,0,880,0,ST-HCH1,Normalstation Herzchirurgie,24,Herzchirurgie,7.0,15.0,06:00,14:00,450,,13:30,21:30,450,F,21:15,06:15,495,F|S,11,10,8,10,30,45,8,38.5,30,0.05,0,2.0.0,20261169
PK-001,2026-11-19,history,-11,Donnerstag,4,47,0,0,,Stationsleitung,Pflegefachkraft,EXAM|LEITUNG|PRAXISANLEITUNG,1.0,38.5,9240,4620,4158,5082,5,2,2,0,0,1,Pflegefachkraft,1,0.5,2130,20,20,1,1,1,3519,1,,,,,F,0,,0,,3,3,3,0,1408,1,3,3,3,0,1232,1,2,2,2,0,880,0,ST-HCH1,Normalstation Herzchirurgie,24,Herzchirurgie,7.0,15.0,06:00,14:00,450,,13:30,21:30,450,F,21:15,06:15,495,F|S,11,10,8,10,30,45,8,38.5,30,0.05,0,2.0.0,20261169
PK-002,2026-11-19,history,-11,Donnerstag,4,47,0,0,,Pflegefachkraft,Pflegefachkraft,EXAM,0.6,23.1,5544,5544,4990,6098,5,2,2,8,1,1,Pflegefachkraft,0,0.0,-1359,20,20,1,1,1,3519,1,,,,,,0,,0,,3,3,3,0,1408,1,3,3,3,0,1232,1,2,2,2,0,880,0,ST-HCH1,Normalstation Herzchirurgie,24,Herzchirurgie,7.0,15.0,06:00,14:00,450,,13:30,21:30,450,F,21:15,06:15,495,F|S,11,10,8,10,30,45,8,38.5,30,0.05,0,2.0.0,20261169
PK-003,2026-11-19,history,-11,Donnerstag,4,47,0,0,,Pflegefachkraft,Pflegefachkraft,EXAM|KARDIO_MONITORING,1.0,38.5,9240,9240,8316,10164,5,2,2,8,1,1,Pflegefachkraft,0,0.0,-2130,20,20,1,1,1,3519,1,,,,,F,0,,0,,3,3,3,0,1408,1,3,3,3,0,1232,1,2,2,2,0,880,0,ST-HCH1,Normalstation Herzchirurgie,24,Herzchirurgie,7.0,15.0,06:00,14:00,450,,13:30,21:30,450,F,21:15,06:15,495,F|S,11,10,8,10,30,45,8,38.5,30,0.05,0,2.0.0,20261169
PK-004,2026-11-19,history,-11,Donnerstag,4,47,0,0,,Pflegefachkraft,Pflegefachkraft,EXAM|KARDIO_MONITORING,0.75,28.88,6931,6931,6238,7624,5,2,2,8,1,1,Pflegefachkraft,0,0.0,-1485,20,20,1,1,1,3519,1,,,,,S,0,,0,,3,3,3,0,1408,1,3,3,3,0,1232,1,2,2,2,0,880,0,ST-HCH1,Normalstation Herzchirurgie,24,Herzchirurgie,7.0,15.0,06:00,14:00,450,,13:30,21:30,450,F,21:15,06:15,495,F|S,11,10,8,10,30,45,8,38.5,30,0.05,0,2.0.0,20261169
PK-005,2026-11-19,history,-11,Donnerstag,4,47,0,0,,Pflegefachkraft,Pflegefachkraft,EXAM|PRAXISANLEITUNG,0.7,26.95,6468,6468,5821,7115,5,2,2,8,1,1,Pflegefachkraft,0,0.0,431,20,20,1,1,1,3519,1,,,,,,0,,0,,3,3,3,0,1408,1,3,3,3,0,1232,1,2,2,2,0,880,0,ST-HCH1,Normalstation Herzchirurgie,24,Herzchirurgie,7.0,15.0,06:00,14:00,450,,13:30,21:30,450,F,21:15,06:15,495,F|S,11,10,8,10,30,45,8,38.5,30,0.05,0,2.0.0,20261169
PK-006,2026-11-19,history,-11,Donnerstag,4,47,0,0,,Pflegefachkraft,Pflegefachkraft,EXAM,1.0,38.5,9240,9240,8316,10164,5,2,2,8,1,1,Pflegefachkraft,0,0.0,-2130,20,20,1,1,1,3519,1,,,,,,0,,0,,3,3,3,0,1408,1,3,3,3,0,1232,1,2,2,2,0,880,0,ST-HCH1,Normalstation Herzchirurgie,24,Herzchirurgie,7.0,15.0,06:00,14:00,450,,13:30,21:30,450,F,21:15,06:15,495,F|S,11,10,8,10,30,45,8,38.5,30,0.05,0,2.0.0,20261169
PK-007,2026-11-19,history,-11,Donnerstag,4,47,0,0,,Pflegefachkraft,Pflegefachkraft,EXAM,1.0,38.5,9240,9240,8316,10164,5,2,2,8,1,1,Pflegefachkraft,0,0.0,1104,20,20,1,1,1,3519,1,,,,,N,0,,0,,3,3,3,0,1408,1,3,3,3,0,1232,1,2,2,2,0,880,0,ST-HCH1,Normalstation Herzchirurgie,24,Herzchirurgie,7.0,15.0,06:00,14:00,450,,13:30,21:30,450,F,21:15,06:15,495,F|S,11,10,8,10,30,45,8,38.5,30,0.05,0,2.0.0,20261169
PK-008,2026-11-19,history,-11,Donnerstag,4,47,0,0,,Pflegefachkraft,Pflegefachkraft,EXAM|PRAXISANLEITUNG,1.0,38.5,9240,9240,8316,10164,5,2,2,8,1,1,Pflegefachkraft,0,0.0,-2265,20,20,1,1,1,3519,1,,,,,N,0,,0,,3,3,3,0,1408,1,3,3,3,0,1232,1,2,2,2,0,880,0,ST-HCH1,Normalstation Herzchirurgie,24,Herzchirurgie,7.0,15.0,06:00,14:00,450,,13:30,21:30,450,F,21:15,06:15,495,F|S,11,10,8,10,30,45,8,38.5,30,0.05,0,2.0.0,20261169
PK-009,2026-11-19,history,-11,Donnerstag,4,47,0,0,,Pflegefachkraft,Pflegefachkraft,EXAM,0.9,34.65,8316,8316,7484,9148,5,2,2,8,1,1,Pflegefachkraft,0,0.0,-1881,20,20,1,1,1,3519,1,,,,,S,0,,0,,3,3,3,0,1408,1,3,3,3,0,1232,1,2,2,2,0,880,0,ST-HCH1,Normalstation Herzchirurgie,24,Herzchirurgie,7.0,15.0,06:00,14:00,450,,13:30,21:30,450,F,21:15,06:15,495,F|S,11,10,8,10,30,45,8,38.5,30,0.05,0,2.0.0,20261169
PK-010,2026-11-19,history,-11,Donnerstag,4,47,0,0,,Pflegefachkraft,Pflegefachkraft,EXAM,0.75,28.88,6931,6931,6238,7624,5,2,2,8,1,1,Pflegefachkraft,0,0.0,-1845,20,20,1,1,1,3519,1,,,,,,0,,0,,3,3,3,0,1408,1,3,3,3,0,1232,1,2,2,2,0,880,0,ST-HCH1,Normalstation Herzchirurgie,24,Herzchirurgie,7.0,15.0,06:00,14:00,450,,13:30,21:30,450,F,21:15,06:15,495,F|S,11,10,8,10,30,45,8,38.5,30,0.05,0,2.0.0,20261169
PK-011,2026-11-19,history,-11,Donnerstag,4,47,0,0,,Pflegefachkraft,Pflegefachkraft,EXAM,0.8,30.8,7392,7392,6653,8131,5,2,2,8,1,1,Pflegefachkraft,0,0.0,-1947,20,20,1,1,1,3519,1,,,,,,0,,0,,3,3,3,0,1408,1,3,3,3,0,1232,1,2,2,2,0,880,0,ST-HCH1,Normalstation Herzchirurgie,24,Herzchirurgie,7.0,15.0,06:00,14:00,450,,13:30,21:30,450,F,21:15,06:15,495,F|S,11,10,8,10,30,45,8,38.5,30,0.05,0,2.0.0,20261169
PK-012,2026-11-19,history,-11,Donnerstag,4,47,0,0,,Pflegefachkraft,Pflegefachkraft,EXAM|KARDIO_MONITORING,0.7,26.95,6468,6468,5821,7115,5,2,2,8,1,1,Pflegefachkraft,0,0.0,-1473,20,20,1,1,1,3519,1,,,,,,0,,0,,3,3,3,0,1408,1,3,3,3,0,1232,1,2,2,2,0,880,0,ST-HCH1,Normalstation Herzchirurgie,24,Herzchirurgie,7.0,15.0,06:00,14:00,450,,13:30,21:30,450,F,21:15,06:15,495,F|S,11,10,8,10,30,45,8,38.5,30,0.05,0,2.0.0,20261169
PK-013,2026-11-19,history,-11,Donnerstag,4,47,0,0,,Pflegefachkraft,Pflegefachkraft,EXAM,1.0,38.5,9240,9240,8316,10164,5,2,2,8,1,1,Pflegefachkraft,0,0.0,-2445,20,20,1,1,1,3519,1,,,,,F,0,,0,,3,3,3,0,1408,1,3,3,3,0,1232,1,2,2,2,0,880,0,ST-HCH1,Normalstation Herzchirurgie,24,Herzchirurgie,7.0,15.0,06:00,14:00,450,,13:30,21:30,450,F,21:15,06:15,495,F|S,11,10,8,10,30,45,8,38.5,30,0.05,0,2.0.0,20261169
PK-014,2026-11-19,history,-11,Donnerstag,4,47,0,0,,Pflegefachkraft,Pflegefachkraft,EXAM|KARDIO_MONITORING,0.5,19.25,4620,4620,4158,5082,5,2,2,8,1,1,Pflegefachkraft,0,0.0,-1020,20,20,1,1,1,3519,1,,,,,,0,,0,,3,3,3,0,1408,1,3,3,3,0,1232,1,2,2,2,0,880,0,ST-HCH1,Normalstation Herzchirurgie,24,Herzchirurgie,7.0,15.0,06:00,14:00,450,,13:30,21:30,450,F,21:15,06:15,495,F|S,11,10,8,10,30,45,8,38.5,30,0.05,0,2.0.0,20261169
PK-015,2026-11-19,history,-11,Donnerstag,4,47,0,0,,Pflegefachkraft,Pflegefachkraft,EXAM,1.0,38.5,9240,9240,8316,10164,5,2,2,8,1,1,Pflegefachkraft,0,0.0,-2490,20,20,1,1,1,3519,1,,,,,,0,,0,,3,3,3,0,1408,1,3,3,3,0,1232,1,2,2,2,0,880,0,ST-HCH1,Normalstation Herzchirurgie,24,Herzchirurgie,7.0,15.0,06:00,14:00,450,,13:30,21:30,450,F,21:15,06:15,495,F|S,11,10,8,10,30,45,8,38.5,30,0.05,0,2.0.0,20261169
PK-016,2026-11-19,history,-11,Donnerstag,4,47,0,0,,Pflegefachkraft,Pflegefachkraft,EXAM|PRAXISANLEITUNG,1.0,38.5,9240,9240,8316,10164,5,2,2,8,1,1,Pflegefachkraft,0,0.0,-2310,20,20,1,1,1,3519,1,,,,,S,0,,0,,3,3,3,0,1408,1,3,3,3,0,1232,1,2,2,2,0,880,0,ST-HCH1,Normalstation Herzchirurgie,24,Herzchirurgie,7.0,15.0,06:00,14:00,450,,13:30,21:30,450,F,21:15,06:15,495,F|S,11,10,8,10,30,45,8,38.5,30,0.05,0,2.0.0,20261169
PK-017,2026-11-19,history,-11,Donnerstag,4,47,0,0,,Pflegefachkraft,Pflegefachkraft,EXAM,0.8,30.8,7392,7392,6653,8131,5,2,2,8,1,1,Pflegefachkraft,0,0.0,-1902,20,20,1,1,1,3519,1,,,,,,0,,0,,3,3,3,0,1408,1,3,3,3,0,1232,1,2,2,2,0,880,0,ST-HCH1,Normalstation Herzchirurgie,24,Herzchirurgie,7.0,15.0,06:00,14:00,450,,13:30,21:30,450,F,21:15,06:15,495,F|S,11,10,8,10,30,45,8,38.5,30,0.05,0,2.0.0,20261169
PK-018,2026-11-19,history,-11,Donnerstag,4,47,0,0,,Pflegefachkraft,Pflegefachkraft,EXAM,0.5,19.25,4620,4620,4158,5082,5,2,2,8,1,1,Pflegefachkraft,0,0.0,-1245,20,20,1,1,1,3519,1,,,,,,0,,0,,3,3,3,0,1408,1,3,3,3,0,1232,1,2,2,2,0,880,0,ST-HCH1,Normalstation Herzchirurgie,24,Herzchirurgie,7.0,15.0,06:00,14:00,450,,13:30,21:30,450,F,21:15,06:15,495,F|S,11,10,8,10,30,45,8,38.5,30,0.05,0,2.0.0,20261169
AZ-001,2026-11-20,history,-10,Freitag,5,47,0,0,,Auszubildende_r_3_Ausbildungsjahr,Auszubildende,AUSZUBILDEND,1.0,38.5,9240,9240,8316,10164,5,2,2,8,1,0,nicht anrechenbar,0,0.0,-9240,17,16,0,0,2,3102,1,,,,,,0,,0,,3,3,3,0,1241,1,3,3,3,0,1086,1,2,2,2,0,776,0,ST-HCH1,Normalstation Herzchirurgie,24,Herzchirurgie,7.0,15.0,06:00,14:00,450,,13:30,21:30,450,F,21:15,06:15,495,F|S,11,10,8,10,30,45,8,38.5,30,0.05,0,2.0.0,20261169
AZ-002,2026-11-20,history,-10,Freitag,5,47,0,0,,Auszubildende_r_2_Ausbildungsjahr,Auszubildende,AUSZUBILDEND,1.0,38.5,9240,9240,8316,10164,5,2,2,8,1,0,nicht anrechenbar,0,0.0,-6006,17,16,0,0,2,3102,1,,,,,,0,,0,,3,3,3,0,1241,1,3,3,3,0,1086,1,2,2,2,0,776,0,ST-HCH1,Normalstation Herzchirurgie,24,Herzchirurgie,7.0,15.0,06:00,14:00,450,,13:30,21:30,450,F,21:15,06:15,495,F|S,11,10,8,10,30,45,8,38.5,30,0.05,0,2.0.0,20261169
AZ-003,2026-11-20,history,-10,Freitag,5,47,0,0,,Auszubildende_r_1_Ausbildungsjahr,Auszubildende,AUSZUBILDEND,1.0,38.5,9240,9240,8316,10164,5,2,2,0,0,0,nicht anrechenbar,0,0.0,-9240,17,16,0,0,2,3102,1,,,,,,0,,0,,3,3,3,0,1241,1,3,3,3,0,1086,1,2,2,2,0,776,0,ST-HCH1,Normalstation Herzchirurgie,24,Herzchirurgie,7.0,15.0,06:00,14:00,450,,13:30,21:30,450,F,21:15,06:15,495,F|S,11,10,8,10,30,45,8,38.5,30,0.05,0,2.0.0,20261169
PK-001,2026-11-20,history,-10,Freitag,5,47,0,0,,Stationsleitung,Pflegefachkraft,EXAM|LEITUNG|PRAXISANLEITUNG,1.0,38.5,9240,4620,4158,5082,5,2,2,0,0,1,Pflegefachkraft,1,0.5,2130,17,16,0,0,2,3102,1,,,,,F,0,,0,,3,3,3,0,1241,1,3,3,3,0,1086,1,2,2,2,0,776,0,ST-HCH1,Normalstation Herzchirurgie,24,Herzchirurgie,7.0,15.0,06:00,14:00,450,,13:30,21:30,450,F,21:15,06:15,495,F|S,11,10,8,10,30,45,8,38.5,30,0.05,0,2.0.0,20261169
PK-002,2026-11-20,history,-10,Freitag,5,47,0,0,,Pflegefachkraft,Pflegefachkraft,EXAM,0.6,23.1,5544,5544,4990,6098,5,2,2,8,1,1,Pflegefachkraft,0,0.0,-1359,17,16,0,0,2,3102,1,,,,,,0,,0,,3,3,3,0,1241,1,3,3,3,0,1086,1,2,2,2,0,776,0,ST-HCH1,Normalstation Herzchirurgie,24,Herzchirurgie,7.0,15.0,06:00,14:00,450,,13:30,21:30,450,F,21:15,06:15,495,F|S,11,10,8,10,30,45,8,38.5,30,0.05,0,2.0.0,20261169
PK-003,2026-11-20,history,-10,Freitag,5,47,0,0,,Pflegefachkraft,Pflegefachkraft,EXAM|KARDIO_MONITORING,1.0,38.5,9240,9240,8316,10164,5,2,2,8,1,1,Pflegefachkraft,0,0.0,-2130,17,16,0,0,2,3102,1,,,,,F,0,,0,,3,3,3,0,1241,1,3,3,3,0,1086,1,2,2,2,0,776,0,ST-HCH1,Normalstation Herzchirurgie,24,Herzchirurgie,7.0,15.0,06:00,14:00,450,,13:30,21:30,450,F,21:15,06:15,495,F|S,11,10,8,10,30,45,8,38.5,30,0.05,0,2.0.0,20261169
PK-004,2026-11-20,history,-10,Freitag,5,47,0,0,,Pflegefachkraft,Pflegefachkraft,EXAM|KARDIO_MONITORING,0.75,28.88,6931,6931,6238,7624,5,2,2,8,1,1,Pflegefachkraft,0,0.0,-1485,17,16,0,0,2,3102,1,,,,,,0,,0,,3,3,3,0,1241,1,3,3,3,0,1086,1,2,2,2,0,776,0,ST-HCH1,Normalstation Herzchirurgie,24,Herzchirurgie,7.0,15.0,06:00,14:00,450,,13:30,21:30,450,F,21:15,06:15,495,F|S,11,10,8,10,30,45,8,38.5,30,0.05,0,2.0.0,20261169
PK-005,2026-11-20,history,-10,Freitag,5,47,0,0,,Pflegefachkraft,Pflegefachkraft,EXAM|PRAXISANLEITUNG,0.7,26.95,6468,6468,5821,7115,5,2,2,8,1,1,Pflegefachkraft,0,0.0,431,17,16,0,0,2,3102,0,URLAUB,,,,,0,,0,,3,3,3,0,1241,1,3,3,3,0,1086,1,2,2,2,0,776,0,ST-HCH1,Normalstation Herzchirurgie,24,Herzchirurgie,7.0,15.0,06:00,14:00,450,,13:30,21:30,450,F,21:15,06:15,495,F|S,11,10,8,10,30,45,8,38.5,30,0.05,0,2.0.0,20261169
PK-006,2026-11-20,history,-10,Freitag,5,47,0,0,,Pflegefachkraft,Pflegefachkraft,EXAM,1.0,38.5,9240,9240,8316,10164,5,2,2,8,1,1,Pflegefachkraft,0,0.0,-2130,17,16,0,0,2,3102,1,,,,,F,0,,0,,3,3,3,0,1241,1,3,3,3,0,1086,1,2,2,2,0,776,0,ST-HCH1,Normalstation Herzchirurgie,24,Herzchirurgie,7.0,15.0,06:00,14:00,450,,13:30,21:30,450,F,21:15,06:15,495,F|S,11,10,8,10,30,45,8,38.5,30,0.05,0,2.0.0,20261169
PK-007,2026-11-20,history,-10,Freitag,5,47,0,0,,Pflegefachkraft,Pflegefachkraft,EXAM,1.0,38.5,9240,9240,8316,10164,5,2,2,8,1,1,Pflegefachkraft,0,0.0,1104,17,16,0,0,2,3102,1,,,,,N,0,,0,,3,3,3,0,1241,1,3,3,3,0,1086,1,2,2,2,0,776,0,ST-HCH1,Normalstation Herzchirurgie,24,Herzchirurgie,7.0,15.0,06:00,14:00,450,,13:30,21:30,450,F,21:15,06:15,495,F|S,11,10,8,10,30,45,8,38.5,30,0.05,0,2.0.0,20261169
PK-008,2026-11-20,history,-10,Freitag,5,47,0,0,,Pflegefachkraft,Pflegefachkraft,EXAM|PRAXISANLEITUNG,1.0,38.5,9240,9240,8316,10164,5,2,2,8,1,1,Pflegefachkraft,0,0.0,-2265,17,16,0,0,2,3102,1,,,,,,0,,0,,3,3,3,0,1241,1,3,3,3,0,1086,1,2,2,2,0,776,0,ST-HCH1,Normalstation Herzchirurgie,24,Herzchirurgie,7.0,15.0,06:00,14:00,450,,13:30,21:30,450,F,21:15,06:15,495,F|S,11,10,8,10,30,45,8,38.5,30,0.05,0,2.0.0,20261169
PK-009,2026-11-20,history,-10,Freitag,5,47,0,0,,Pflegefachkraft,Pflegefachkraft,EXAM,0.9,34.65,8316,8316,7484,9148,5,2,2,8,1,1,Pflegefachkraft,0,0.0,-1881,17,16,0,0,2,3102,1,,,,,,0,,0,,3,3,3,0,1241,1,3,3,3,0,1086,1,2,2,2,0,776,0,ST-HCH1,Normalstation Herzchirurgie,24,Herzchirurgie,7.0,15.0,06:00,14:00,450,,13:30,21:30,450,F,21:15,06:15,495,F|S,11,10,8,10,30,45,8,38.5,30,0.05,0,2.0.0,20261169
PK-010,2026-11-20,history,-10,Freitag,5,47,0,0,,Pflegefachkraft,Pflegefachkraft,EXAM,0.75,28.88,6931,6931,6238,7624,5,2,2,8,1,1,Pflegefachkraft,0,0.0,-1845,17,16,0,0,2,3102,1,,,,,N,0,,0,,3,3,3,0,1241,1,3,3,3,0,1086,1,2,2,2,0,776,0,ST-HCH1,Normalstation Herzchirurgie,24,Herzchirurgie,7.0,15.0,06:00,14:00,450,,13:30,21:30,450,F,21:15,06:15,495,F|S,11,10,8,10,30,45,8,38.5,30,0.05,0,2.0.0,20261169
PK-011,2026-11-20,history,-10,Freitag,5,47,0,0,,Pflegefachkraft,Pflegefachkraft,EXAM,0.8,30.8,7392,7392,6653,8131,5,2,2,8,1,1,Pflegefachkraft,0,0.0,-1947,17,16,0,0,2,3102,1,,,,,S,0,,0,,3,3,3,0,1241,1,3,3,3,0,1086,1,2,2,2,0,776,0,ST-HCH1,Normalstation Herzchirurgie,24,Herzchirurgie,7.0,15.0,06:00,14:00,450,,13:30,21:30,450,F,21:15,06:15,495,F|S,11,10,8,10,30,45,8,38.5,30,0.05,0,2.0.0,20261169
PK-012,2026-11-20,history,-10,Freitag,5,47,0,0,,Pflegefachkraft,Pflegefachkraft,EXAM|KARDIO_MONITORING,0.7,26.95,6468,6468,5821,7115,5,2,2,8,1,1,Pflegefachkraft,0,0.0,-1473,17,16,0,0,2,3102,1,,,,,,0,,0,,3,3,3,0,1241,1,3,3,3,0,1086,1,2,2,2,0,776,0,ST-HCH1,Normalstation Herzchirurgie,24,Herzchirurgie,7.0,15.0,06:00,14:00,450,,13:30,21:30,450,F,21:15,06:15,495,F|S,11,10,8,10,30,45,8,38.5,30,0.05,0,2.0.0,20261169
PK-013,2026-11-20,history,-10,Freitag,5,47,0,0,,Pflegefachkraft,Pflegefachkraft,EXAM,1.0,38.5,9240,9240,8316,10164,5,2,2,8,1,1,Pflegefachkraft,0,0.0,-2445,17,16,0,0,2,3102,1,,,,,,0,,0,,3,3,3,0,1241,1,3,3,3,0,1086,1,2,2,2,0,776,0,ST-HCH1,Normalstation Herzchirurgie,24,Herzchirurgie,7.0,15.0,06:00,14:00,450,,13:30,21:30,450,F,21:15,06:15,495,F|S,11,10,8,10,30,45,8,38.5,30,0.05,0,2.0.0,20261169
PK-014,2026-11-20,history,-10,Freitag,5,47,0,0,,Pflegefachkraft,Pflegefachkraft,EXAM|KARDIO_MONITORING,0.5,19.25,4620,4620,4158,5082,5,2,2,8,1,1,Pflegefachkraft,0,0.0,-1020,17,16,0,0,2,3102,1,,,,,S,0,,0,,3,3,3,0,1241,1,3,3,3,0,1086,1,2,2,2,0,776,0,ST-HCH1,Normalstation Herzchirurgie,24,Herzchirurgie,7.0,15.0,06:00,14:00,450,,13:30,21:30,450,F,21:15,06:15,495,F|S,11,10,8,10,30,45,8,38.5,30,0.05,0,2.0.0,20261169
PK-015,2026-11-20,history,-10,Freitag,5,47,0,0,,Pflegefachkraft,Pflegefachkraft,EXAM,1.0,38.5,9240,9240,8316,10164,5,2,2,8,1,1,Pflegefachkraft,0,0.0,-2490,17,16,0,0,2,3102,1,,,,,S,0,,0,,3,3,3,0,1241,1,3,3,3,0,1086,1,2,2,2,0,776,0,ST-HCH1,Normalstation Herzchirurgie,24,Herzchirurgie,7.0,15.0,06:00,14:00,450,,13:30,21:30,450,F,21:15,06:15,495,F|S,11,10,8,10,30,45,8,38.5,30,0.05,0,2.0.0,20261169
PK-016,2026-11-20,history,-10,Freitag,5,47,0,0,,Pflegefachkraft,Pflegefachkraft,EXAM|PRAXISANLEITUNG,1.0,38.5,9240,9240,8316,10164,5,2,2,8,1,1,Pflegefachkraft,0,0.0,-2310,17,16,0,0,2,3102,1,,,,,,0,,0,,3,3,3,0,1241,1,3,3,3,0,1086,1,2,2,2,0,776,0,ST-HCH1,Normalstation Herzchirurgie,24,Herzchirurgie,7.0,15.0,06:00,14:00,450,,13:30,21:30,450,F,21:15,06:15,495,F|S,11,10,8,10,30,45,8,38.5,30,0.05,0,2.0.0,20261169
PK-017,2026-11-20,history,-10,Freitag,5,47,0,0,,Pflegefachkraft,Pflegefachkraft,EXAM,0.8,30.8,7392,7392,6653,8131,5,2,2,8,1,1,Pflegefachkraft,0,0.0,-1902,17,16,0,0,2,3102,1,,,,,,0,,0,,3,3,3,0,1241,1,3,3,3,0,1086,1,2,2,2,0,776,0,ST-HCH1,Normalstation Herzchirurgie,24,Herzchirurgie,7.0,15.0,06:00,14:00,450,,13:30,21:30,450,F,21:15,06:15,495,F|S,11,10,8,10,30,45,8,38.5,30,0.05,0,2.0.0,20261169
PK-018,2026-11-20,history,-10,Freitag,5,47,0,0,,Pflegefachkraft,Pflegefachkraft,EXAM,0.5,19.25,4620,4620,4158,5082,5,2,2,8,1,1,Pflegefachkraft,0,0.0,-1245,17,16,0,0,2,3102,1,,,,,,0,,0,,3,3,3,0,1241,1,3,3,3,0,1086,1,2,2,2,0,776,0,ST-HCH1,Normalstation Herzchirurgie,24,Herzchirurgie,7.0,15.0,06:00,14:00,450,,13:30,21:30,450,F,21:15,06:15,495,F|S,11,10,8,10,30,45,8,38.5,30,0.05,0,2.0.0,20261169
AZ-001,2026-11-21,history,-9,Samstag,6,47,1,0,,Auszubildende_r_3_Ausbildungsjahr,Auszubildende,AUSZUBILDEND,1.0,38.5,9240,9240,8316,10164,5,2,2,8,1,0,nicht anrechenbar,0,0.0,-9240,14,14,0,1,0,2208,1,,,,,,0,,0,,3,2,3,0,883,1,3,2,3,0,773,1,2,1,2,0,552,0,ST-HCH1,Normalstation Herzchirurgie,24,Herzchirurgie,7.0,15.0,06:00,14:00,450,,13:30,21:30,450,F,21:15,06:15,495,F|S,11,10,8,10,30,45,8,38.5,30,0.05,0,2.0.0,20261169
AZ-002,2026-11-21,history,-9,Samstag,6,47,1,0,,Auszubildende_r_2_Ausbildungsjahr,Auszubildende,AUSZUBILDEND,1.0,38.5,9240,9240,8316,10164,5,2,2,8,1,0,nicht anrechenbar,0,0.0,-6006,14,14,0,1,0,2208,1,,,,,,0,,0,,3,2,3,0,883,1,3,2,3,0,773,1,2,1,2,0,552,0,ST-HCH1,Normalstation Herzchirurgie,24,Herzchirurgie,7.0,15.0,06:00,14:00,450,,13:30,21:30,450,F,21:15,06:15,495,F|S,11,10,8,10,30,45,8,38.5,30,0.05,0,2.0.0,20261169
AZ-003,2026-11-21,history,-9,Samstag,6,47,1,0,,Auszubildende_r_1_Ausbildungsjahr,Auszubildende,AUSZUBILDEND,1.0,38.5,9240,9240,8316,10164,5,2,2,0,0,0,nicht anrechenbar,0,0.0,-9240,14,14,0,1,0,2208,1,,,,,,0,,0,,3,2,3,0,883,1,3,2,3,0,773,1,2,1,2,0,552,0,ST-HCH1,Normalstation Herzchirurgie,24,Herzchirurgie,7.0,15.0,06:00,14:00,450,,13:30,21:30,450,F,21:15,06:15,495,F|S,11,10,8,10,30,45,8,38.5,30,0.05,0,2.0.0,20261169
PK-001,2026-11-21,history,-9,Samstag,6,47,1,0,,Stationsleitung,Pflegefachkraft,EXAM|LEITUNG|PRAXISANLEITUNG,1.0,38.5,9240,4620,4158,5082,5,2,2,0,0,1,Pflegefachkraft,1,0.5,2130,14,14,0,1,0,2208,1,,,,,,0,,0,,3,2,3,0,883,1,3,2,3,0,773,1,2,1,2,0,552,0,ST-HCH1,Normalstation Herzchirurgie,24,Herzchirurgie,7.0,15.0,06:00,14:00,450,,13:30,21:30,450,F,21:15,06:15,495,F|S,11,10,8,10,30,45,8,38.5,30,0.05,0,2.0.0,20261169
PK-002,2026-11-21,history,-9,Samstag,6,47,1,0,,Pflegefachkraft,Pflegefachkraft,EXAM,0.6,23.1,5544,5544,4990,6098,5,2,2,8,1,1,Pflegefachkraft,0,0.0,-1359,14,14,0,1,0,2208,1,,,,,S,0,,0,,3,2,3,0,883,1,3,2,3,0,773,1,2,1,2,0,552,0,ST-HCH1,Normalstation Herzchirurgie,24,Herzchirurgie,7.0,15.0,06:00,14:00,450,,13:30,21:30,450,F,21:15,06:15,495,F|S,11,10,8,10,30,45,8,38.5,30,0.05,0,2.0.0,20261169
PK-003,2026-11-21,history,-9,Samstag,6,47,1,0,,Pflegefachkraft,Pflegefachkraft,EXAM|KARDIO_MONITORING,1.0,38.5,9240,9240,8316,10164,5,2,2,8,1,1,Pflegefachkraft,0,0.0,-2130,14,14,0,1,0,2208,1,,,,,,0,,0,,3,2,3,0,883,1,3,2,3,0,773,1,2,1,2,0,552,0,ST-HCH1,Normalstation Herzchirurgie,24,Herzchirurgie,7.0,15.0,06:00,14:00,450,,13:30,21:30,450,F,21:15,06:15,495,F|S,11,10,8,10,30,45,8,38.5,30,0.05,0,2.0.0,20261169
PK-004,2026-11-21,history,-9,Samstag,6,47,1,0,,Pflegefachkraft,Pflegefachkraft,EXAM|KARDIO_MONITORING,0.75,28.88,6931,6931,6238,7624,5,2,2,8,1,1,Pflegefachkraft,0,0.0,-1485,14,14,0,1,0,2208,1,,,,,,0,,0,,3,2,3,0,883,1,3,2,3,0,773,1,2,1,2,0,552,0,ST-HCH1,Normalstation Herzchirurgie,24,Herzchirurgie,7.0,15.0,06:00,14:00,450,,13:30,21:30,450,F,21:15,06:15,495,F|S,11,10,8,10,30,45,8,38.5,30,0.05,0,2.0.0,20261169
PK-005,2026-11-21,history,-9,Samstag,6,47,1,0,,Pflegefachkraft,Pflegefachkraft,EXAM|PRAXISANLEITUNG,0.7,26.95,6468,6468,5821,7115,5,2,2,8,1,1,Pflegefachkraft,0,0.0,431,14,14,0,1,0,2208,0,URLAUB,,,,,0,,0,,3,2,3,0,883,1,3,2,3,0,773,1,2,1,2,0,552,0,ST-HCH1,Normalstation Herzchirurgie,24,Herzchirurgie,7.0,15.0,06:00,14:00,450,,13:30,21:30,450,F,21:15,06:15,495,F|S,11,10,8,10,30,45,8,38.5,30,0.05,0,2.0.0,20261169
PK-006,2026-11-21,history,-9,Samstag,6,47,1,0,,Pflegefachkraft,Pflegefachkraft,EXAM,1.0,38.5,9240,9240,8316,10164,5,2,2,8,1,1,Pflegefachkraft,0,0.0,-2130,14,14,0,1,0,2208,1,,,,,,0,,0,,3,2,3,0,883,1,3,2,3,0,773,1,2,1,2,0,552,0,ST-HCH1,Normalstation Herzchirurgie,24,Herzchirurgie,7.0,15.0,06:00,14:00,450,,13:30,21:30,450,F,21:15,06:15,495,F|S,11,10,8,10,30,45,8,38.5,30,0.05,0,2.0.0,20261169
PK-007,2026-11-21,history,-9,Samstag,6,47,1,0,,Pflegefachkraft,Pflegefachkraft,EXAM,1.0,38.5,9240,9240,8316,10164,5,2,2,8,1,1,Pflegefachkraft,0,0.0,1104,14,14,0,1,0,2208,1,,,,,N,0,,0,,3,2,3,0,883,1,3,2,3,0,773,1,2,1,2,0,552,0,ST-HCH1,Normalstation Herzchirurgie,24,Herzchirurgie,7.0,15.0,06:00,14:00,450,,13:30,21:30,450,F,21:15,06:15,495,F|S,11,10,8,10,30,45,8,38.5,30,0.05,0,2.0.0,20261169
PK-008,2026-11-21,history,-9,Samstag,6,47,1,0,,Pflegefachkraft,Pflegefachkraft,EXAM|PRAXISANLEITUNG,1.0,38.5,9240,9240,8316,10164,5,2,2,8,1,1,Pflegefachkraft,0,0.0,-2265,14,14,0,1,0,2208,1,,,,,F,0,,0,,3,2,3,0,883,1,3,2,3,0,773,1,2,1,2,0,552,0,ST-HCH1,Normalstation Herzchirurgie,24,Herzchirurgie,7.0,15.0,06:00,14:00,450,,13:30,21:30,450,F,21:15,06:15,495,F|S,11,10,8,10,30,45,8,38.5,30,0.05,0,2.0.0,20261169
PK-009,2026-11-21,history,-9,Samstag,6,47,1,0,,Pflegefachkraft,Pflegefachkraft,EXAM,0.9,34.65,8316,8316,7484,9148,5,2,2,8,1,1,Pflegefachkraft,0,0.0,-1881,14,14,0,1,0,2208,1,,,,,S,0,,0,,3,2,3,0,883,1,3,2,3,0,773,1,2,1,2,0,552,0,ST-HCH1,Normalstation Herzchirurgie,24,Herzchirurgie,7.0,15.0,06:00,14:00,450,,13:30,21:30,450,F,21:15,06:15,495,F|S,11,10,8,10,30,45,8,38.5,30,0.05,0,2.0.0,20261169
PK-010,2026-11-21,history,-9,Samstag,6,47,1,0,,Pflegefachkraft,Pflegefachkraft,EXAM,0.75,28.88,6931,6931,6238,7624,5,2,2,8,1,1,Pflegefachkraft,0,0.0,-1845,14,14,0,1,0,2208,1,,,,,,0,,0,,3,2,3,0,883,1,3,2,3,0,773,1,2,1,2,0,552,0,ST-HCH1,Normalstation Herzchirurgie,24,Herzchirurgie,7.0,15.0,06:00,14:00,450,,13:30,21:30,450,F,21:15,06:15,495,F|S,11,10,8,10,30,45,8,38.5,30,0.05,0,2.0.0,20261169
PK-011,2026-11-21,history,-9,Samstag,6,47,1,0,,Pflegefachkraft,Pflegefachkraft,EXAM,0.8,30.8,7392,7392,6653,8131,5,2,2,8,1,1,Pflegefachkraft,0,0.0,-1947,14,14,0,1,0,2208,1,,,,,,0,,0,,3,2,3,0,883,1,3,2,3,0,773,1,2,1,2,0,552,0,ST-HCH1,Normalstation Herzchirurgie,24,Herzchirurgie,7.0,15.0,06:00,14:00,450,,13:30,21:30,450,F,21:15,06:15,495,F|S,11,10,8,10,30,45,8,38.5,30,0.05,0,2.0.0,20261169
PK-012,2026-11-21,history,-9,Samstag,6,47,1,0,,Pflegefachkraft,Pflegefachkraft,EXAM|KARDIO_MONITORING,0.7,26.95,6468,6468,5821,7115,5,2,2,8,1,1,Pflegefachkraft,0,0.0,-1473,14,14,0,1,0,2208,1,,,,,F,0,,0,,3,2,3,0,883,1,3,2,3,0,773,1,2,1,2,0,552,0,ST-HCH1,Normalstation Herzchirurgie,24,Herzchirurgie,7.0,15.0,06:00,14:00,450,,13:30,21:30,450,F,21:15,06:15,495,F|S,11,10,8,10,30,45,8,38.5,30,0.05,0,2.0.0,20261169
PK-013,2026-11-21,history,-9,Samstag,6,47,1,0,,Pflegefachkraft,Pflegefachkraft,EXAM,1.0,38.5,9240,9240,8316,10164,5,2,2,8,1,1,Pflegefachkraft,0,0.0,-2445,14,14,0,1,0,2208,1,,,,,F,0,,0,,3,2,3,0,883,1,3,2,3,0,773,1,2,1,2,0,552,0,ST-HCH1,Normalstation Herzchirurgie,24,Herzchirurgie,7.0,15.0,06:00,14:00,450,,13:30,21:30,450,F,21:15,06:15,495,F|S,11,10,8,10,30,45,8,38.5,30,0.05,0,2.0.0,20261169
PK-014,2026-11-21,history,-9,Samstag,6,47,1,0,,Pflegefachkraft,Pflegefachkraft,EXAM|KARDIO_MONITORING,0.5,19.25,4620,4620,4158,5082,5,2,2,8,1,1,Pflegefachkraft,0,0.0,-1020,14,14,0,1,0,2208,1,,,,,,0,,0,,3,2,3,0,883,1,3,2,3,0,773,1,2,1,2,0,552,0,ST-HCH1,Normalstation Herzchirurgie,24,Herzchirurgie,7.0,15.0,06:00,14:00,450,,13:30,21:30,450,F,21:15,06:15,495,F|S,11,10,8,10,30,45,8,38.5,30,0.05,0,2.0.0,20261169
PK-015,2026-11-21,history,-9,Samstag,6,47,1,0,,Pflegefachkraft,Pflegefachkraft,EXAM,1.0,38.5,9240,9240,8316,10164,5,2,2,8,1,1,Pflegefachkraft,0,0.0,-2490,14,14,0,1,0,2208,1,,,,,,0,,0,,3,2,3,0,883,1,3,2,3,0,773,1,2,1,2,0,552,0,ST-HCH1,Normalstation Herzchirurgie,24,Herzchirurgie,7.0,15.0,06:00,14:00,450,,13:30,21:30,450,F,21:15,06:15,495,F|S,11,10,8,10,30,45,8,38.5,30,0.05,0,2.0.0,20261169
PK-016,2026-11-21,history,-9,Samstag,6,47,1,0,,Pflegefachkraft,Pflegefachkraft,EXAM|PRAXISANLEITUNG,1.0,38.5,9240,9240,8316,10164,5,2,2,8,1,1,Pflegefachkraft,0,0.0,-2310,14,14,0,1,0,2208,1,,,,,S,0,,0,,3,2,3,0,883,1,3,2,3,0,773,1,2,1,2,0,552,0,ST-HCH1,Normalstation Herzchirurgie,24,Herzchirurgie,7.0,15.0,06:00,14:00,450,,13:30,21:30,450,F,21:15,06:15,495,F|S,11,10,8,10,30,45,8,38.5,30,0.05,0,2.0.0,20261169
PK-017,2026-11-21,history,-9,Samstag,6,47,1,0,,Pflegefachkraft,Pflegefachkraft,EXAM,0.8,30.8,7392,7392,6653,8131,5,2,2,8,1,1,Pflegefachkraft,0,0.0,-1902,14,14,0,1,0,2208,1,,,,,N,0,,0,,3,2,3,0,883,1,3,2,3,0,773,1,2,1,2,0,552,0,ST-HCH1,Normalstation Herzchirurgie,24,Herzchirurgie,7.0,15.0,06:00,14:00,450,,13:30,21:30,450,F,21:15,06:15,495,F|S,11,10,8,10,30,45,8,38.5,30,0.05,0,2.0.0,20261169
PK-018,2026-11-21,history,-9,Samstag,6,47,1,0,,Pflegefachkraft,Pflegefachkraft,EXAM,0.5,19.25,4620,4620,4158,5082,5,2,2,8,1,1,Pflegefachkraft,0,0.0,-1245,14,14,0,1,0,2208,1,,,,,,0,,0,,3,2,3,0,883,1,3,2,3,0,773,1,2,1,2,0,552,0,ST-HCH1,Normalstation Herzchirurgie,24,Herzchirurgie,7.0,15.0,06:00,14:00,450,,13:30,21:30,450,F,21:15,06:15,495,F|S,11,10,8,10,30,45,8,38.5,30,0.05,0,2.0.0,20261169
AZ-001,2026-11-22,history,-8,Sonntag,7,47,1,0,,Auszubildende_r_3_Ausbildungsjahr,Auszubildende,AUSZUBILDEND,1.0,38.5,9240,9240,8316,10164,5,2,2,8,1,0,nicht anrechenbar,0,0.0,-9240,15,14,3,0,1,2575,1,,,,,,0,,0,,3,3,3,0,1030,1,3,3,3,0,901,1,2,1,2,0,644,0,ST-HCH1,Normalstation Herzchirurgie,24,Herzchirurgie,7.0,15.0,06:00,14:00,450,,13:30,21:30,450,F,21:15,06:15,495,F|S,11,10,8,10,30,45,8,38.5,30,0.05,0,2.0.0,20261169
AZ-002,2026-11-22,history,-8,Sonntag,7,47,1,0,,Auszubildende_r_2_Ausbildungsjahr,Auszubildende,AUSZUBILDEND,1.0,38.5,9240,9240,8316,10164,5,2,2,8,1,0,nicht anrechenbar,0,0.0,-6006,15,14,3,0,1,2575,1,,,,,,0,,0,,3,3,3,0,1030,1,3,3,3,0,901,1,2,1,2,0,644,0,ST-HCH1,Normalstation Herzchirurgie,24,Herzchirurgie,7.0,15.0,06:00,14:00,450,,13:30,21:30,450,F,21:15,06:15,495,F|S,11,10,8,10,30,45,8,38.5,30,0.05,0,2.0.0,20261169
AZ-003,2026-11-22,history,-8,Sonntag,7,47,1,0,,Auszubildende_r_1_Ausbildungsjahr,Auszubildende,AUSZUBILDEND,1.0,38.5,9240,9240,8316,10164,5,2,2,0,0,0,nicht anrechenbar,0,0.0,-9240,15,14,3,0,1,2575,1,,,,,,0,,0,,3,3,3,0,1030,1,3,3,3,0,901,1,2,1,2,0,644,0,ST-HCH1,Normalstation Herzchirurgie,24,Herzchirurgie,7.0,15.0,06:00,14:00,450,,13:30,21:30,450,F,21:15,06:15,495,F|S,11,10,8,10,30,45,8,38.5,30,0.05,0,2.0.0,20261169
PK-001,2026-11-22,history,-8,Sonntag,7,47,1,0,,Stationsleitung,Pflegefachkraft,EXAM|LEITUNG|PRAXISANLEITUNG,1.0,38.5,9240,4620,4158,5082,5,2,2,0,0,1,Pflegefachkraft,1,0.5,2130,15,14,3,0,1,2575,1,,,,,,0,,0,,3,3,3,0,1030,1,3,3,3,0,901,1,2,1,2,0,644,0,ST-HCH1,Normalstation Herzchirurgie,24,Herzchirurgie,7.0,15.0,06:00,14:00,450,,13:30,21:30,450,F,21:15,06:15,495,F|S,11,10,8,10,30,45,8,38.5,30,0.05,0,2.0.0,20261169
PK-002,2026-11-22,history,-8,Sonntag,7,47,1,0,,Pflegefachkraft,Pflegefachkraft,EXAM,0.6,23.1,5544,5544,4990,6098,5,2,2,8,1,1,Pflegefachkraft,0,0.0,-1359,15,14,3,0,1,2575,1,,,,,,0,,0,,3,3,3,0,1030,1,3,3,3,0,901,1,2,1,2,0,644,0,ST-HCH1,Normalstation Herzchirurgie,24,Herzchirurgie,7.0,15.0,06:00,14:00,450,,13:30,21:30,450,F,21:15,06:15,495,F|S,11,10,8,10,30,45,8,38.5,30,0.05,0,2.0.0,20261169
PK-003,2026-11-22,history,-8,Sonntag,7,47,1,0,,Pflegefachkraft,Pflegefachkraft,EXAM|KARDIO_MONITORING,1.0,38.5,9240,9240,8316,10164,5,2,2,8,1,1,Pflegefachkraft,0,0.0,-2130,15,14,3,0,1,2575,1,,,,,F,0,,0,,3,3,3,0,1030,1,3,3,3,0,901,1,2,1,2,0,644,0,ST-HCH1,Normalstation Herzchirurgie,24,Herzchirurgie,7.0,15.0,06:00,14:00,450,,13:30,21:30,450,F,21:15,06:15,495,F|S,11,10,8,10,30,45,8,38.5,30,0.05,0,2.0.0,20261169
PK-004,2026-11-22,history,-8,Sonntag,7,47,1,0,,Pflegefachkraft,Pflegefachkraft,EXAM|KARDIO_MONITORING,0.75,28.88,6931,6931,6238,7624,5,2,2,8,1,1,Pflegefachkraft,0,0.0,-1485,15,14,3,0,1,2575,1,,,,,F,0,,0,,3,3,3,0,1030,1,3,3,3,0,901,1,2,1,2,0,644,0,ST-HCH1,Normalstation Herzchirurgie,24,Herzchirurgie,7.0,15.0,06:00,14:00,450,,13:30,21:30,450,F,21:15,06:15,495,F|S,11,10,8,10,30,45,8,38.5,30,0.05,0,2.0.0,20261169
PK-005,2026-11-22,history,-8,Sonntag,7,47,1,0,,Pflegefachkraft,Pflegefachkraft,EXAM|PRAXISANLEITUNG,0.7,26.95,6468,6468,5821,7115,5,2,2,8,1,1,Pflegefachkraft,0,0.0,431,15,14,3,0,1,2575,0,URLAUB,,,,,0,,0,,3,3,3,0,1030,1,3,3,3,0,901,1,2,1,2,0,644,0,ST-HCH1,Normalstation Herzchirurgie,24,Herzchirurgie,7.0,15.0,06:00,14:00,450,,13:30,21:30,450,F,21:15,06:15,495,F|S,11,10,8,10,30,45,8,38.5,30,0.05,0,2.0.0,20261169
PK-006,2026-11-22,history,-8,Sonntag,7,47,1,0,,Pflegefachkraft,Pflegefachkraft,EXAM,1.0,38.5,9240,9240,8316,10164,5,2,2,8,1,1,Pflegefachkraft,0,0.0,-2130,15,14,3,0,1,2575,1,,,,,N,0,,0,,3,3,3,0,1030,1,3,3,3,0,901,1,2,1,2,0,644,0,ST-HCH1,Normalstation Herzchirurgie,24,Herzchirurgie,7.0,15.0,06:00,14:00,450,,13:30,21:30,450,F,21:15,06:15,495,F|S,11,10,8,10,30,45,8,38.5,30,0.05,0,2.0.0,20261169
PK-007,2026-11-22,history,-8,Sonntag,7,47,1,0,,Pflegefachkraft,Pflegefachkraft,EXAM,1.0,38.5,9240,9240,8316,10164,5,2,2,8,1,1,Pflegefachkraft,0,0.0,1104,15,14,3,0,1,2575,1,,,,,,0,,0,,3,3,3,0,1030,1,3,3,3,0,901,1,2,1,2,0,644,0,ST-HCH1,Normalstation Herzchirurgie,24,Herzchirurgie,7.0,15.0,06:00,14:00,450,,13:30,21:30,450,F,21:15,06:15,495,F|S,11,10,8,10,30,45,8,38.5,30,0.05,0,2.0.0,20261169
PK-008,2026-11-22,history,-8,Sonntag,7,47,1,0,,Pflegefachkraft,Pflegefachkraft,EXAM|PRAXISANLEITUNG,1.0,38.5,9240,9240,8316,10164,5,2,2,8,1,1,Pflegefachkraft,0,0.0,-2265,15,14,3,0,1,2575,1,,,,,S,0,,0,,3,3,3,0,1030,1,3,3,3,0,901,1,2,1,2,0,644,0,ST-HCH1,Normalstation Herzchirurgie,24,Herzchirurgie,7.0,15.0,06:00,14:00,450,,13:30,21:30,450,F,21:15,06:15,495,F|S,11,10,8,10,30,45,8,38.5,30,0.05,0,2.0.0,20261169
PK-009,2026-11-22,history,-8,Sonntag,7,47,1,0,,Pflegefachkraft,Pflegefachkraft,EXAM,0.9,34.65,8316,8316,7484,9148,5,2,2,8,1,1,Pflegefachkraft,0,0.0,-1881,15,14,3,0,1,2575,1,,,,,,0,,0,,3,3,3,0,1030,1,3,3,3,0,901,1,2,1,2,0,644,0,ST-HCH1,Normalstation Herzchirurgie,24,Herzchirurgie,7.0,15.0,06:00,14:00,450,,13:30,21:30,450,F,21:15,06:15,495,F|S,11,10,8,10,30,45,8,38.5,30,0.05,0,2.0.0,20261169
PK-010,2026-11-22,history,-8,Sonntag,7,47,1,0,,Pflegefachkraft,Pflegefachkraft,EXAM,0.75,28.88,6931,6931,6238,7624,5,2,2,8,1,1,Pflegefachkraft,0,0.0,-1845,15,14,3,0,1,2575,1,,,,,F,0,,0,,3,3,3,0,1030,1,3,3,3,0,901,1,2,1,2,0,644,0,ST-HCH1,Normalstation Herzchirurgie,24,Herzchirurgie,7.0,15.0,06:00,14:00,450,,13:30,21:30,450,F,21:15,06:15,495,F|S,11,10,8,10,30,45,8,38.5,30,0.05,0,2.0.0,20261169
PK-011,2026-11-22,history,-8,Sonntag,7,47,1,0,,Pflegefachkraft,Pflegefachkraft,EXAM,0.8,30.8,7392,7392,6653,8131,5,2,2,8,1,1,Pflegefachkraft,0,0.0,-1947,15,14,3,0,1,2575,1,,,,,,0,,0,,3,3,3,0,1030,1,3,3,3,0,901,1,2,1,2,0,644,0,ST-HCH1,Normalstation Herzchirurgie,24,Herzchirurgie,7.0,15.0,06:00,14:00,450,,13:30,21:30,450,F,21:15,06:15,495,F|S,11,10,8,10,30,45,8,38.5,30,0.05,0,2.0.0,20261169
PK-012,2026-11-22,history,-8,Sonntag,7,47,1,0,,Pflegefachkraft,Pflegefachkraft,EXAM|KARDIO_MONITORING,0.7,26.95,6468,6468,5821,7115,5,2,2,8,1,1,Pflegefachkraft,0,0.0,-1473,15,14,3,0,1,2575,1,,,,,,0,,0,,3,3,3,0,1030,1,3,3,3,0,901,1,2,1,2,0,644,0,ST-HCH1,Normalstation Herzchirurgie,24,Herzchirurgie,7.0,15.0,06:00,14:00,450,,13:30,21:30,450,F,21:15,06:15,495,F|S,11,10,8,10,30,45,8,38.5,30,0.05,0,2.0.0,20261169
PK-013,2026-11-22,history,-8,Sonntag,7,47,1,0,,Pflegefachkraft,Pflegefachkraft,EXAM,1.0,38.5,9240,9240,8316,10164,5,2,2,8,1,1,Pflegefachkraft,0,0.0,-2445,15,14,3,0,1,2575,1,,,,,S,0,,0,,3,3,3,0,1030,1,3,3,3,0,901,1,2,1,2,0,644,0,ST-HCH1,Normalstation Herzchirurgie,24,Herzchirurgie,7.0,15.0,06:00,14:00,450,,13:30,21:30,450,F,21:15,06:15,495,F|S,11,10,8,10,30,45,8,38.5,30,0.05,0,2.0.0,20261169
PK-014,2026-11-22,history,-8,Sonntag,7,47,1,0,,Pflegefachkraft,Pflegefachkraft,EXAM|KARDIO_MONITORING,0.5,19.25,4620,4620,4158,5082,5,2,2,8,1,1,Pflegefachkraft,0,0.0,-1020,15,14,3,0,1,2575,1,,,,,,0,,0,,3,3,3,0,1030,1,3,3,3,0,901,1,2,1,2,0,644,0,ST-HCH1,Normalstation Herzchirurgie,24,Herzchirurgie,7.0,15.0,06:00,14:00,450,,13:30,21:30,450,F,21:15,06:15,495,F|S,11,10,8,10,30,45,8,38.5,30,0.05,0,2.0.0,20261169
PK-015,2026-11-22,history,-8,Sonntag,7,47,1,0,,Pflegefachkraft,Pflegefachkraft,EXAM,1.0,38.5,9240,9240,8316,10164,5,2,2,8,1,1,Pflegefachkraft,0,0.0,-2490,15,14,3,0,1,2575,1,,,,,S,0,,0,,3,3,3,0,1030,1,3,3,3,0,901,1,2,1,2,0,644,0,ST-HCH1,Normalstation Herzchirurgie,24,Herzchirurgie,7.0,15.0,06:00,14:00,450,,13:30,21:30,450,F,21:15,06:15,495,F|S,11,10,8,10,30,45,8,38.5,30,0.05,0,2.0.0,20261169
PK-016,2026-11-22,history,-8,Sonntag,7,47,1,0,,Pflegefachkraft,Pflegefachkraft,EXAM|PRAXISANLEITUNG,1.0,38.5,9240,9240,8316,10164,5,2,2,8,1,1,Pflegefachkraft,0,0.0,-2310,15,14,3,0,1,2575,1,,,,,,0,,0,,3,3,3,0,1030,1,3,3,3,0,901,1,2,1,2,0,644,0,ST-HCH1,Normalstation Herzchirurgie,24,Herzchirurgie,7.0,15.0,06:00,14:00,450,,13:30,21:30,450,F,21:15,06:15,495,F|S,11,10,8,10,30,45,8,38.5,30,0.05,0,2.0.0,20261169
PK-017,2026-11-22,history,-8,Sonntag,7,47,1,0,,Pflegefachkraft,Pflegefachkraft,EXAM,0.8,30.8,7392,7392,6653,8131,5,2,2,8,1,1,Pflegefachkraft,0,0.0,-1902,15,14,3,0,1,2575,1,,,,,,0,,0,,3,3,3,0,1030,1,3,3,3,0,901,1,2,1,2,0,644,0,ST-HCH1,Normalstation Herzchirurgie,24,Herzchirurgie,7.0,15.0,06:00,14:00,450,,13:30,21:30,450,F,21:15,06:15,495,F|S,11,10,8,10,30,45,8,38.5,30,0.05,0,2.0.0,20261169
PK-018,2026-11-22,history,-8,Sonntag,7,47,1,0,,Pflegefachkraft,Pflegefachkraft,EXAM,0.5,19.25,4620,4620,4158,5082,5,2,2,8,1,1,Pflegefachkraft,0,0.0,-1245,15,14,3,0,1,2575,1,,,,,N,0,,0,,3,3,3,0,1030,1,3,3,3,0,901,1,2,1,2,0,644,0,ST-HCH1,Normalstation Herzchirurgie,24,Herzchirurgie,7.0,15.0,06:00,14:00,450,,13:30,21:30,450,F,21:15,06:15,495,F|S,11,10,8,10,30,45,8,38.5,30,0.05,0,2.0.0,20261169
AZ-001,2026-11-23,history,-7,Montag,1,48,0,0,,Auszubildende_r_3_Ausbildungsjahr,Auszubildende,AUSZUBILDEND,1.0,38.5,9240,9240,8316,10164,5,2,2,8,1,0,nicht anrechenbar,0,0.0,-9240,18,16,4,7,0,3191,1,,,,,,0,,0,,3,3,3,0,1276,1,3,3,3,0,1117,1,2,2,2,0,798,0,ST-HCH1,Normalstation Herzchirurgie,24,Herzchirurgie,7.0,15.0,06:00,14:00,450,,13:30,21:30,450,F,21:15,06:15,495,F|S,11,10,8,10,30,45,8,38.5,30,0.05,0,2.0.0,20261169
AZ-002,2026-11-23,history,-7,Montag,1,48,0,0,,Auszubildende_r_2_Ausbildungsjahr,Auszubildende,AUSZUBILDEND,1.0,38.5,9240,9240,8316,10164,5,2,2,8,1,0,nicht anrechenbar,0,0.0,-6006,18,16,4,7,0,3191,1,,,,,,0,,0,,3,3,3,0,1276,1,3,3,3,0,1117,1,2,2,2,0,798,0,ST-HCH1,Normalstation Herzchirurgie,24,Herzchirurgie,7.0,15.0,06:00,14:00,450,,13:30,21:30,450,F,21:15,06:15,495,F|S,11,10,8,10,30,45,8,38.5,30,0.05,0,2.0.0,20261169
AZ-003,2026-11-23,history,-7,Montag,1,48,0,0,,Auszubildende_r_1_Ausbildungsjahr,Auszubildende,AUSZUBILDEND,1.0,38.5,9240,9240,8316,10164,5,2,2,0,0,0,nicht anrechenbar,0,0.0,-9240,18,16,4,7,0,3191,1,,,,,,0,,0,,3,3,3,0,1276,1,3,3,3,0,1117,1,2,2,2,0,798,0,ST-HCH1,Normalstation Herzchirurgie,24,Herzchirurgie,7.0,15.0,06:00,14:00,450,,13:30,21:30,450,F,21:15,06:15,495,F|S,11,10,8,10,30,45,8,38.5,30,0.05,0,2.0.0,20261169
PK-001,2026-11-23,history,-7,Montag,1,48,0,0,,Stationsleitung,Pflegefachkraft,EXAM|LEITUNG|PRAXISANLEITUNG,1.0,38.5,9240,4620,4158,5082,5,2,2,0,0,1,Pflegefachkraft,1,0.5,2130,18,16,4,7,0,3191,1,,,,,F,0,,0,,3,3,3,0,1276,1,3,3,3,0,1117,1,2,2,2,0,798,0,ST-HCH1,Normalstation Herzchirurgie,24,Herzchirurgie,7.0,15.0,06:00,14:00,450,,13:30,21:30,450,F,21:15,06:15,495,F|S,11,10,8,10,30,45,8,38.5,30,0.05,0,2.0.0,20261169
PK-002,2026-11-23,history,-7,Montag,1,48,0,0,,Pflegefachkraft,Pflegefachkraft,EXAM,0.6,23.1,5544,5544,4990,6098,5,2,2,8,1,1,Pflegefachkraft,0,0.0,-1359,18,16,4,7,0,3191,1,,,,,,0,,0,,3,3,3,0,1276,1,3,3,3,0,1117,1,2,2,2,0,798,0,ST-HCH1,Normalstation Herzchirurgie,24,Herzchirurgie,7.0,15.0,06:00,14:00,450,,13:30,21:30,450,F,21:15,06:15,495,F|S,11,10,8,10,30,45,8,38.5,30,0.05,0,2.0.0,20261169
PK-003,2026-11-23,history,-7,Montag,1,48,0,0,,Pflegefachkraft,Pflegefachkraft,EXAM|KARDIO_MONITORING,1.0,38.5,9240,9240,8316,10164,5,2,2,8,1,1,Pflegefachkraft,0,0.0,-2130,18,16,4,7,0,3191,1,,,,,S,0,,0,,3,3,3,0,1276,1,3,3,3,0,1117,1,2,2,2,0,798,0,ST-HCH1,Normalstation Herzchirurgie,24,Herzchirurgie,7.0,15.0,06:00,14:00,450,,13:30,21:30,450,F,21:15,06:15,495,F|S,11,10,8,10,30,45,8,38.5,30,0.05,0,2.0.0,20261169
PK-004,2026-11-23,history,-7,Montag,1,48,0,0,,Pflegefachkraft,Pflegefachkraft,EXAM|KARDIO_MONITORING,0.75,28.88,6931,6931,6238,7624,5,2,2,8,1,1,Pflegefachkraft,0,0.0,-1485,18,16,4,7,0,3191,1,,,,,,0,,0,,3,3,3,0,1276,1,3,3,3,0,1117,1,2,2,2,0,798,0,ST-HCH1,Normalstation Herzchirurgie,24,Herzchirurgie,7.0,15.0,06:00,14:00,450,,13:30,21:30,450,F,21:15,06:15,495,F|S,11,10,8,10,30,45,8,38.5,30,0.05,0,2.0.0,20261169
PK-005,2026-11-23,history,-7,Montag,1,48,0,0,,Pflegefachkraft,Pflegefachkraft,EXAM|PRAXISANLEITUNG,0.7,26.95,6468,6468,5821,7115,5,2,2,8,1,1,Pflegefachkraft,0,0.0,431,18,16,4,7,0,3191,0,URLAUB,,,,,0,,0,,3,3,3,0,1276,1,3,3,3,0,1117,1,2,2,2,0,798,0,ST-HCH1,Normalstation Herzchirurgie,24,Herzchirurgie,7.0,15.0,06:00,14:00,450,,13:30,21:30,450,F,21:15,06:15,495,F|S,11,10,8,10,30,45,8,38.5,30,0.05,0,2.0.0,20261169
PK-006,2026-11-23,history,-7,Montag,1,48,0,0,,Pflegefachkraft,Pflegefachkraft,EXAM,1.0,38.5,9240,9240,8316,10164,5,2,2,8,1,1,Pflegefachkraft,0,0.0,-2130,18,16,4,7,0,3191,1,,,,,,0,,0,,3,3,3,0,1276,1,3,3,3,0,1117,1,2,2,2,0,798,0,ST-HCH1,Normalstation Herzchirurgie,24,Herzchirurgie,7.0,15.0,06:00,14:00,450,,13:30,21:30,450,F,21:15,06:15,495,F|S,11,10,8,10,30,45,8,38.5,30,0.05,0,2.0.0,20261169
PK-007,2026-11-23,history,-7,Montag,1,48,0,0,,Pflegefachkraft,Pflegefachkraft,EXAM,1.0,38.5,9240,9240,8316,10164,5,2,2,8,1,1,Pflegefachkraft,0,0.0,1104,18,16,4,7,0,3191,1,,,,,F,0,,0,,3,3,3,0,1276,1,3,3,3,0,1117,1,2,2,2,0,798,0,ST-HCH1,Normalstation Herzchirurgie,24,Herzchirurgie,7.0,15.0,06:00,14:00,450,,13:30,21:30,450,F,21:15,06:15,495,F|S,11,10,8,10,30,45,8,38.5,30,0.05,0,2.0.0,20261169
PK-008,2026-11-23,history,-7,Montag,1,48,0,0,,Pflegefachkraft,Pflegefachkraft,EXAM|PRAXISANLEITUNG,1.0,38.5,9240,9240,8316,10164,5,2,2,8,1,1,Pflegefachkraft,0,0.0,-2265,18,16,4,7,0,3191,1,,,,,,0,,0,,3,3,3,0,1276,1,3,3,3,0,1117,1,2,2,2,0,798,0,ST-HCH1,Normalstation Herzchirurgie,24,Herzchirurgie,7.0,15.0,06:00,14:00,450,,13:30,21:30,450,F,21:15,06:15,495,F|S,11,10,8,10,30,45,8,38.5,30,0.05,0,2.0.0,20261169
PK-009,2026-11-23,history,-7,Montag,1,48,0,0,,Pflegefachkraft,Pflegefachkraft,EXAM,0.9,34.65,8316,8316,7484,9148,5,2,2,8,1,1,Pflegefachkraft,0,0.0,-1881,18,16,4,7,0,3191,1,,,,,S,0,,0,,3,3,3,0,1276,1,3,3,3,0,1117,1,2,2,2,0,798,0,ST-HCH1,Normalstation Herzchirurgie,24,Herzchirurgie,7.0,15.0,06:00,14:00,450,,13:30,21:30,450,F,21:15,06:15,495,F|S,11,10,8,10,30,45,8,38.5,30,0.05,0,2.0.0,20261169
PK-010,2026-11-23,history,-7,Montag,1,48,0,0,,Pflegefachkraft,Pflegefachkraft,EXAM,0.75,28.88,6931,6931,6238,7624,5,2,2,8,1,1,Pflegefachkraft,0,0.0,-1845,18,16,4,7,0,3191,1,,,,,,0,,0,,3,3,3,0,1276,1,3,3,3,0,1117,1,2,2,2,0,798,0,ST-HCH1,Normalstation Herzchirurgie,24,Herzchirurgie,7.0,15.0,06:00,14:00,450,,13:30,21:30,450,F,21:15,06:15,495,F|S,11,10,8,10,30,45,8,38.5,30,0.05,0,2.0.0,20261169
PK-011,2026-11-23,history,-7,Montag,1,48,0,0,,Pflegefachkraft,Pflegefachkraft,EXAM,0.8,30.8,7392,7392,6653,8131,5,2,2,8,1,1,Pflegefachkraft,0,0.0,-1947,18,16,4,7,0,3191,1,,,,,N,0,,0,,3,3,3,0,1276,1,3,3,3,0,1117,1,2,2,2,0,798,0,ST-HCH1,Normalstation Herzchirurgie,24,Herzchirurgie,7.0,15.0,06:00,14:00,450,,13:30,21:30,450,F,21:15,06:15,495,F|S,11,10,8,10,30,45,8,38.5,30,0.05,0,2.0.0,20261169
PK-012,2026-11-23,history,-7,Montag,1,48,0,0,,Pflegefachkraft,Pflegefachkraft,EXAM|KARDIO_MONITORING,0.7,26.95,6468,6468,5821,7115,5,2,2,8,1,1,Pflegefachkraft,0,0.0,-1473,18,16,4,7,0,3191,1,,,,,S,0,,0,,3,3,3,0,1276,1,3,3,3,0,1117,1,2,2,2,0,798,0,ST-HCH1,Normalstation Herzchirurgie,24,Herzchirurgie,7.0,15.0,06:00,14:00,450,,13:30,21:30,450,F,21:15,06:15,495,F|S,11,10,8,10,30,45,8,38.5,30,0.05,0,2.0.0,20261169
PK-013,2026-11-23,history,-7,Montag,1,48,0,0,,Pflegefachkraft,Pflegefachkraft,EXAM,1.0,38.5,9240,9240,8316,10164,5,2,2,8,1,1,Pflegefachkraft,0,0.0,-2445,18,16,4,7,0,3191,1,,,,,,0,,0,,3,3,3,0,1276,1,3,3,3,0,1117,1,2,2,2,0,798,0,ST-HCH1,Normalstation Herzchirurgie,24,Herzchirurgie,7.0,15.0,06:00,14:00,450,,13:30,21:30,450,F,21:15,06:15,495,F|S,11,10,8,10,30,45,8,38.5,30,0.05,0,2.0.0,20261169
PK-014,2026-11-23,history,-7,Montag,1,48,0,0,,Pflegefachkraft,Pflegefachkraft,EXAM|KARDIO_MONITORING,0.5,19.25,4620,4620,4158,5082,5,2,2,8,1,1,Pflegefachkraft,0,0.0,-1020,18,16,4,7,0,3191,1,,,,,,0,,0,,3,3,3,0,1276,1,3,3,3,0,1117,1,2,2,2,0,798,0,ST-HCH1,Normalstation Herzchirurgie,24,Herzchirurgie,7.0,15.0,06:00,14:00,450,,13:30,21:30,450,F,21:15,06:15,495,F|S,11,10,8,10,30,45,8,38.5,30,0.05,0,2.0.0,20261169
PK-015,2026-11-23,history,-7,Montag,1,48,0,0,,Pflegefachkraft,Pflegefachkraft,EXAM,1.0,38.5,9240,9240,8316,10164,5,2,2,8,1,1,Pflegefachkraft,0,0.0,-2490,18,16,4,7,0,3191,1,,,,,,0,,0,,3,3,3,0,1276,1,3,3,3,0,1117,1,2,2,2,0,798,0,ST-HCH1,Normalstation Herzchirurgie,24,Herzchirurgie,7.0,15.0,06:00,14:00,450,,13:30,21:30,450,F,21:15,06:15,495,F|S,11,10,8,10,30,45,8,38.5,30,0.05,0,2.0.0,20261169
PK-016,2026-11-23,history,-7,Montag,1,48,0,0,,Pflegefachkraft,Pflegefachkraft,EXAM|PRAXISANLEITUNG,1.0,38.5,9240,9240,8316,10164,5,2,2,8,1,1,Pflegefachkraft,0,0.0,-2310,18,16,4,7,0,3191,1,,,,,N,0,,0,,3,3,3,0,1276,1,3,3,3,0,1117,1,2,2,2,0,798,0,ST-HCH1,Normalstation Herzchirurgie,24,Herzchirurgie,7.0,15.0,06:00,14:00,450,,13:30,21:30,450,F,21:15,06:15,495,F|S,11,10,8,10,30,45,8,38.5,30,0.05,0,2.0.0,20261169
PK-017,2026-11-23,history,-7,Montag,1,48,0,0,,Pflegefachkraft,Pflegefachkraft,EXAM,0.8,30.8,7392,7392,6653,8131,5,2,2,8,1,1,Pflegefachkraft,0,0.0,-1902,18,16,4,7,0,3191,1,,,,,F,0,,0,,3,3,3,0,1276,1,3,3,3,0,1117,1,2,2,2,0,798,0,ST-HCH1,Normalstation Herzchirurgie,24,Herzchirurgie,7.0,15.0,06:00,14:00,450,,13:30,21:30,450,F,21:15,06:15,495,F|S,11,10,8,10,30,45,8,38.5,30,0.05,0,2.0.0,20261169
PK-018,2026-11-23,history,-7,Montag,1,48,0,0,,Pflegefachkraft,Pflegefachkraft,EXAM,0.5,19.25,4620,4620,4158,5082,5,2,2,8,1,1,Pflegefachkraft,0,0.0,-1245,18,16,4,7,0,3191,1,,,,,,0,,0,,3,3,3,0,1276,1,3,3,3,0,1117,1,2,2,2,0,798,0,ST-HCH1,Normalstation Herzchirurgie,24,Herzchirurgie,7.0,15.0,06:00,14:00,450,,13:30,21:30,450,F,21:15,06:15,495,F|S,11,10,8,10,30,45,8,38.5,30,0.05,0,2.0.0,20261169
AZ-001,2026-11-24,history,-6,Dienstag,2,48,0,0,,Auszubildende_r_3_Ausbildungsjahr,Auszubildende,AUSZUBILDEND,1.0,38.5,9240,9240,8316,10164,5,2,2,8,1,0,nicht anrechenbar,0,0.0,-9240,19,19,3,2,0,3268,1,,,,,,0,,0,,3,3,3,0,1307,1,3,3,3,0,1144,1,2,2,2,0,817,0,ST-HCH1,Normalstation Herzchirurgie,24,Herzchirurgie,7.0,15.0,06:00,14:00,450,,13:30,21:30,450,F,21:15,06:15,495,F|S,11,10,8,10,30,45,8,38.5,30,0.05,0,2.0.0,20261169
AZ-002,2026-11-24,history,-6,Dienstag,2,48,0,0,,Auszubildende_r_2_Ausbildungsjahr,Auszubildende,AUSZUBILDEND,1.0,38.5,9240,9240,8316,10164,5,2,2,8,1,0,nicht anrechenbar,0,0.0,-6006,19,19,3,2,0,3268,1,,,,,,0,,0,,3,3,3,0,1307,1,3,3,3,0,1144,1,2,2,2,0,817,0,ST-HCH1,Normalstation Herzchirurgie,24,Herzchirurgie,7.0,15.0,06:00,14:00,450,,13:30,21:30,450,F,21:15,06:15,495,F|S,11,10,8,10,30,45,8,38.5,30,0.05,0,2.0.0,20261169
AZ-003,2026-11-24,history,-6,Dienstag,2,48,0,0,,Auszubildende_r_1_Ausbildungsjahr,Auszubildende,AUSZUBILDEND,1.0,38.5,9240,9240,8316,10164,5,2,2,0,0,0,nicht anrechenbar,0,0.0,-9240,19,19,3,2,0,3268,1,,,,,,0,,0,,3,3,3,0,1307,1,3,3,3,0,1144,1,2,2,2,0,817,0,ST-HCH1,Normalstation Herzchirurgie,24,Herzchirurgie,7.0,15.0,06:00,14:00,450,,13:30,21:30,450,F,21:15,06:15,495,F|S,11,10,8,10,30,45,8,38.5,30,0.05,0,2.0.0,20261169
PK-001,2026-11-24,history,-6,Dienstag,2,48,0,0,,Stationsleitung,Pflegefachkraft,EXAM|LEITUNG|PRAXISANLEITUNG,1.0,38.5,9240,4620,4158,5082,5,2,2,0,0,1,Pflegefachkraft,1,0.5,2130,19,19,3,2,0,3268,1,,,,,F,0,,0,,3,3,3,0,1307,1,3,3,3,0,1144,1,2,2,2,0,817,0,ST-HCH1,Normalstation Herzchirurgie,24,Herzchirurgie,7.0,15.0,06:00,14:00,450,,13:30,21:30,450,F,21:15,06:15,495,F|S,11,10,8,10,30,45,8,38.5,30,0.05,0,2.0.0,20261169
PK-002,2026-11-24,history,-6,Dienstag,2,48,0,0,,Pflegefachkraft,Pflegefachkraft,EXAM,0.6,23.1,5544,5544,4990,6098,5,2,2,8,1,1,Pflegefachkraft,0,0.0,-1359,19,19,3,2,0,3268,1,,,,,S,0,,0,,3,3,3,0,1307,1,3,3,3,0,1144,1,2,2,2,0,817,0,ST-HCH1,Normalstation Herzchirurgie,24,Herzchirurgie,7.0,15.0,06:00,14:00,450,,13:30,21:30,450,F,21:15,06:15,495,F|S,11,10,8,10,30,45,8,38.5,30,0.05,0,2.0.0,20261169
PK-003,2026-11-24,history,-6,Dienstag,2,48,0,0,,Pflegefachkraft,Pflegefachkraft,EXAM|KARDIO_MONITORING,1.0,38.5,9240,9240,8316,10164,5,2,2,8,1,1,Pflegefachkraft,0,0.0,-2130,19,19,3,2,0,3268,1,,,,,,0,,0,,3,3,3,0,1307,1,3,3,3,0,1144,1,2,2,2,0,817,0,ST-HCH1,Normalstation Herzchirurgie,24,Herzchirurgie,7.0,15.0,06:00,14:00,450,,13:30,21:30,450,F,21:15,06:15,495,F|S,11,10,8,10,30,45,8,38.5,30,0.05,0,2.0.0,20261169
PK-004,2026-11-24,history,-6,Dienstag,2,48,0,0,,Pflegefachkraft,Pflegefachkraft,EXAM|KARDIO_MONITORING,0.75,28.88,6931,6931,6238,7624,5,2,2,8,1,1,Pflegefachkraft,0,0.0,-1485,19,19,3,2,0,3268,1,,,,,N,0,,0,,3,3,3,0,1307,1,3,3,3,0,1144,1,2,2,2,0,817,0,ST-HCH1,Normalstation Herzchirurgie,24,Herzchirurgie,7.0,15.0,06:00,14:00,450,,13:30,21:30,450,F,21:15,06:15,495,F|S,11,10,8,10,30,45,8,38.5,30,0.05,0,2.0.0,20261169
PK-005,2026-11-24,history,-6,Dienstag,2,48,0,0,,Pflegefachkraft,Pflegefachkraft,EXAM|PRAXISANLEITUNG,0.7,26.95,6468,6468,5821,7115,5,2,2,8,1,1,Pflegefachkraft,0,0.0,431,19,19,3,2,0,3268,0,URLAUB,,,,,0,,0,,3,3,3,0,1307,1,3,3,3,0,1144,1,2,2,2,0,817,0,ST-HCH1,Normalstation Herzchirurgie,24,Herzchirurgie,7.0,15.0,06:00,14:00,450,,13:30,21:30,450,F,21:15,06:15,495,F|S,11,10,8,10,30,45,8,38.5,30,0.05,0,2.0.0,20261169
PK-006,2026-11-24,history,-6,Dienstag,2,48,0,0,,Pflegefachkraft,Pflegefachkraft,EXAM,1.0,38.5,9240,9240,8316,10164,5,2,2,8,1,1,Pflegefachkraft,0,0.0,-2130,19,19,3,2,0,3268,1,,,,,N,0,,0,,3,3,3,0,1307,1,3,3,3,0,1144,1,2,2,2,0,817,0,ST-HCH1,Normalstation Herzchirurgie,24,Herzchirurgie,7.0,15.0,06:00,14:00,450,,13:30,21:30,450,F,21:15,06:15,495,F|S,11,10,8,10,30,45,8,38.5,30,0.05,0,2.0.0,20261169
PK-007,2026-11-24,history,-6,Dienstag,2,48,0,0,,Pflegefachkraft,Pflegefachkraft,EXAM,1.0,38.5,9240,9240,8316,10164,5,2,2,8,1,1,Pflegefachkraft,0,0.0,1104,19,19,3,2,0,3268,1,,,,,F,0,,0,,3,3,3,0,1307,1,3,3,3,0,1144,1,2,2,2,0,817,0,ST-HCH1,Normalstation Herzchirurgie,24,Herzchirurgie,7.0,15.0,06:00,14:00,450,,13:30,21:30,450,F,21:15,06:15,495,F|S,11,10,8,10,30,45,8,38.5,30,0.05,0,2.0.0,20261169
PK-008,2026-11-24,history,-6,Dienstag,2,48,0,0,,Pflegefachkraft,Pflegefachkraft,EXAM|PRAXISANLEITUNG,1.0,38.5,9240,9240,8316,10164,5,2,2,8,1,1,Pflegefachkraft,0,0.0,-2265,19,19,3,2,0,3268,1,,,,,,0,,0,,3,3,3,0,1307,1,3,3,3,0,1144,1,2,2,2,0,817,0,ST-HCH1,Normalstation Herzchirurgie,24,Herzchirurgie,7.0,15.0,06:00,14:00,450,,13:30,21:30,450,F,21:15,06:15,495,F|S,11,10,8,10,30,45,8,38.5,30,0.05,0,2.0.0,20261169
PK-009,2026-11-24,history,-6,Dienstag,2,48,0,0,,Pflegefachkraft,Pflegefachkraft,EXAM,0.9,34.65,8316,8316,7484,9148,5,2,2,8,1,1,Pflegefachkraft,0,0.0,-1881,19,19,3,2,0,3268,1,,,,,,0,,0,,3,3,3,0,1307,1,3,3,3,0,1144,1,2,2,2,0,817,0,ST-HCH1,Normalstation Herzchirurgie,24,Herzchirurgie,7.0,15.0,06:00,14:00,450,,13:30,21:30,450,F,21:15,06:15,495,F|S,11,10,8,10,30,45,8,38.5,30,0.05,0,2.0.0,20261169
PK-010,2026-11-24,history,-6,Dienstag,2,48,0,0,,Pflegefachkraft,Pflegefachkraft,EXAM,0.75,28.88,6931,6931,6238,7624,5,2,2,8,1,1,Pflegefachkraft,0,0.0,-1845,19,19,3,2,0,3268,1,,,,,,0,,0,,3,3,3,0,1307,1,3,3,3,0,1144,1,2,2,2,0,817,0,ST-HCH1,Normalstation Herzchirurgie,24,Herzchirurgie,7.0,15.0,06:00,14:00,450,,13:30,21:30,450,F,21:15,06:15,495,F|S,11,10,8,10,30,45,8,38.5,30,0.05,0,2.0.0,20261169
PK-011,2026-11-24,history,-6,Dienstag,2,48,0,0,,Pflegefachkraft,Pflegefachkraft,EXAM,0.8,30.8,7392,7392,6653,8131,5,2,2,8,1,1,Pflegefachkraft,0,0.0,-1947,19,19,3,2,0,3268,1,,,,,,0,,0,,3,3,3,0,1307,1,3,3,3,0,1144,1,2,2,2,0,817,0,ST-HCH1,Normalstation Herzchirurgie,24,Herzchirurgie,7.0,15.0,06:00,14:00,450,,13:30,21:30,450,F,21:15,06:15,495,F|S,11,10,8,10,30,45,8,38.5,30,0.05,0,2.0.0,20261169
PK-012,2026-11-24,history,-6,Dienstag,2,48,0,0,,Pflegefachkraft,Pflegefachkraft,EXAM|KARDIO_MONITORING,0.7,26.95,6468,6468,5821,7115,5,2,2,8,1,1,Pflegefachkraft,0,0.0,-1473,19,19,3,2,0,3268,1,,,,,,0,,0,,3,3,3,0,1307,1,3,3,3,0,1144,1,2,2,2,0,817,0,ST-HCH1,Normalstation Herzchirurgie,24,Herzchirurgie,7.0,15.0,06:00,14:00,450,,13:30,21:30,450,F,21:15,06:15,495,F|S,11,10,8,10,30,45,8,38.5,30,0.05,0,2.0.0,20261169
PK-013,2026-11-24,history,-6,Dienstag,2,48,0,0,,Pflegefachkraft,Pflegefachkraft,EXAM,1.0,38.5,9240,9240,8316,10164,5,2,2,8,1,1,Pflegefachkraft,0,0.0,-2445,19,19,3,2,0,3268,1,,,,,S,0,,0,,3,3,3,0,1307,1,3,3,3,0,1144,1,2,2,2,0,817,0,ST-HCH1,Normalstation Herzchirurgie,24,Herzchirurgie,7.0,15.0,06:00,14:00,450,,13:30,21:30,450,F,21:15,06:15,495,F|S,11,10,8,10,30,45,8,38.5,30,0.05,0,2.0.0,20261169
PK-014,2026-11-24,history,-6,Dienstag,2,48,0,0,,Pflegefachkraft,Pflegefachkraft,EXAM|KARDIO_MONITORING,0.5,19.25,4620,4620,4158,5082,5,2,2,8,1,1,Pflegefachkraft,0,0.0,-1020,19,19,3,2,0,3268,1,,,,,F,0,,0,,3,3,3,0,1307,1,3,3,3,0,1144,1,2,2,2,0,817,0,ST-HCH1,Normalstation Herzchirurgie,24,Herzchirurgie,7.0,15.0,06:00,14:00,450,,13:30,21:30,450,F,21:15,06:15,495,F|S,11,10,8,10,30,45,8,38.5,30,0.05,0,2.0.0,20261169
PK-015,2026-11-24,history,-6,Dienstag,2,48,0,0,,Pflegefachkraft,Pflegefachkraft,EXAM,1.0,38.5,9240,9240,8316,10164,5,2,2,8,1,1,Pflegefachkraft,0,0.0,-2490,19,19,3,2,0,3268,1,,,,,S,0,,0,,3,3,3,0,1307,1,3,3,3,0,1144,1,2,2,2,0,817,0,ST-HCH1,Normalstation Herzchirurgie,24,Herzchirurgie,7.0,15.0,06:00,14:00,450,,13:30,21:30,450,F,21:15,06:15,495,F|S,11,10,8,10,30,45,8,38.5,30,0.05,0,2.0.0,20261169
PK-016,2026-11-24,history,-6,Dienstag,2,48,0,0,,Pflegefachkraft,Pflegefachkraft,EXAM|PRAXISANLEITUNG,1.0,38.5,9240,9240,8316,10164,5,2,2,8,1,1,Pflegefachkraft,0,0.0,-2310,19,19,3,2,0,3268,1,,,,,,0,,0,,3,3,3,0,1307,1,3,3,3,0,1144,1,2,2,2,0,817,0,ST-HCH1,Normalstation Herzchirurgie,24,Herzchirurgie,7.0,15.0,06:00,14:00,450,,13:30,21:30,450,F,21:15,06:15,495,F|S,11,10,8,10,30,45,8,38.5,30,0.05,0,2.0.0,20261169
PK-017,2026-11-24,history,-6,Dienstag,2,48,0,0,,Pflegefachkraft,Pflegefachkraft,EXAM,0.8,30.8,7392,7392,6653,8131,5,2,2,8,1,1,Pflegefachkraft,0,0.0,-1902,19,19,3,2,0,3268,1,,,,,,0,,0,,3,3,3,0,1307,1,3,3,3,0,1144,1,2,2,2,0,817,0,ST-HCH1,Normalstation Herzchirurgie,24,Herzchirurgie,7.0,15.0,06:00,14:00,450,,13:30,21:30,450,F,21:15,06:15,495,F|S,11,10,8,10,30,45,8,38.5,30,0.05,0,2.0.0,20261169
PK-018,2026-11-24,history,-6,Dienstag,2,48,0,0,,Pflegefachkraft,Pflegefachkraft,EXAM,0.5,19.25,4620,4620,4158,5082,5,2,2,8,1,1,Pflegefachkraft,0,0.0,-1245,19,19,3,2,0,3268,1,,,,,,0,,0,,3,3,3,0,1307,1,3,3,3,0,1144,1,2,2,2,0,817,0,ST-HCH1,Normalstation Herzchirurgie,24,Herzchirurgie,7.0,15.0,06:00,14:00,450,,13:30,21:30,450,F,21:15,06:15,495,F|S,11,10,8,10,30,45,8,38.5,30,0.05,0,2.0.0,20261169
AZ-001,2026-11-25,history,-5,Mittwoch,3,48,0,0,,Auszubildende_r_3_Ausbildungsjahr,Auszubildende,AUSZUBILDEND,1.0,38.5,9240,9240,8316,10164,5,2,2,8,1,0,nicht anrechenbar,0,0.0,-9240,18,16,3,1,1,3003,1,,,,,,0,,0,,3,3,3,0,1201,1,3,3,3,0,1051,1,2,2,2,0,751,0,ST-HCH1,Normalstation Herzchirurgie,24,Herzchirurgie,7.0,15.0,06:00,14:00,450,,13:30,21:30,450,F,21:15,06:15,495,F|S,11,10,8,10,30,45,8,38.5,30,0.05,0,2.0.0,20261169
AZ-002,2026-11-25,history,-5,Mittwoch,3,48,0,0,,Auszubildende_r_2_Ausbildungsjahr,Auszubildende,AUSZUBILDEND,1.0,38.5,9240,9240,8316,10164,5,2,2,8,1,0,nicht anrechenbar,0,0.0,-6006,18,16,3,1,1,3003,1,,,,,,0,,0,,3,3,3,0,1201,1,3,3,3,0,1051,1,2,2,2,0,751,0,ST-HCH1,Normalstation Herzchirurgie,24,Herzchirurgie,7.0,15.0,06:00,14:00,450,,13:30,21:30,450,F,21:15,06:15,495,F|S,11,10,8,10,30,45,8,38.5,30,0.05,0,2.0.0,20261169
AZ-003,2026-11-25,history,-5,Mittwoch,3,48,0,0,,Auszubildende_r_1_Ausbildungsjahr,Auszubildende,AUSZUBILDEND,1.0,38.5,9240,9240,8316,10164,5,2,2,0,0,0,nicht anrechenbar,0,0.0,-9240,18,16,3,1,1,3003,1,,,,,,0,,0,,3,3,3,0,1201,1,3,3,3,0,1051,1,2,2,2,0,751,0,ST-HCH1,Normalstation Herzchirurgie,24,Herzchirurgie,7.0,15.0,06:00,14:00,450,,13:30,21:30,450,F,21:15,06:15,495,F|S,11,10,8,10,30,45,8,38.5,30,0.05,0,2.0.0,20261169
PK-001,2026-11-25,history,-5,Mittwoch,3,48,0,0,,Stationsleitung,Pflegefachkraft,EXAM|LEITUNG|PRAXISANLEITUNG,1.0,38.5,9240,4620,4158,5082,5,2,2,0,0,1,Pflegefachkraft,1,0.5,2130,18,16,3,1,1,3003,1,,,,,,0,,0,,3,3,3,0,1201,1,3,3,3,0,1051,1,2,2,2,0,751,0,ST-HCH1,Normalstation Herzchirurgie,24,Herzchirurgie,7.0,15.0,06:00,14:00,450,,13:30,21:30,450,F,21:15,06:15,495,F|S,11,10,8,10,30,45,8,38.5,30,0.05,0,2.0.0,20261169
PK-002,2026-11-25,history,-5,Mittwoch,3,48,0,0,,Pflegefachkraft,Pflegefachkraft,EXAM,0.6,23.1,5544,5544,4990,6098,5,2,2,8,1,1,Pflegefachkraft,0,0.0,-1359,18,16,3,1,1,3003,1,,,,,,0,,0,,3,3,3,0,1201,1,3,3,3,0,1051,1,2,2,2,0,751,0,ST-HCH1,Normalstation Herzchirurgie,24,Herzchirurgie,7.0,15.0,06:00,14:00,450,,13:30,21:30,450,F,21:15,06:15,495,F|S,11,10,8,10,30,45,8,38.5,30,0.05,0,2.0.0,20261169
PK-003,2026-11-25,history,-5,Mittwoch,3,48,0,0,,Pflegefachkraft,Pflegefachkraft,EXAM|KARDIO_MONITORING,1.0,38.5,9240,9240,8316,10164,5,2,2,8,1,1,Pflegefachkraft,0,0.0,-2130,18,16,3,1,1,3003,1,,,,,S,0,,0,,3,3,3,0,1201,1,3,3,3,0,1051,1,2,2,2,0,751,0,ST-HCH1,Normalstation Herzchirurgie,24,Herzchirurgie,7.0,15.0,06:00,14:00,450,,13:30,21:30,450,F,21:15,06:15,495,F|S,11,10,8,10,30,45,8,38.5,30,0.05,0,2.0.0,20261169
PK-004,2026-11-25,history,-5,Mittwoch,3,48,0,0,,Pflegefachkraft,Pflegefachkraft,EXAM|KARDIO_MONITORING,0.75,28.88,6931,6931,6238,7624,5,2,2,8,1,1,Pflegefachkraft,0,0.0,-1485,18,16,3,1,1,3003,1,,,,,,0,,0,,3,3,3,0,1201,1,3,3,3,0,1051,1,2,2,2,0,751,0,ST-HCH1,Normalstation Herzchirurgie,24,Herzchirurgie,7.0,15.0,06:00,14:00,450,,13:30,21:30,450,F,21:15,06:15,495,F|S,11,10,8,10,30,45,8,38.5,30,0.05,0,2.0.0,20261169
PK-005,2026-11-25,history,-5,Mittwoch,3,48,0,0,,Pflegefachkraft,Pflegefachkraft,EXAM|PRAXISANLEITUNG,0.7,26.95,6468,6468,5821,7115,5,2,2,8,1,1,Pflegefachkraft,0,0.0,431,18,16,3,1,1,3003,0,URLAUB,,,,,0,,0,,3,3,3,0,1201,1,3,3,3,0,1051,1,2,2,2,0,751,0,ST-HCH1,Normalstation Herzchirurgie,24,Herzchirurgie,7.0,15.0,06:00,14:00,450,,13:30,21:30,450,F,21:15,06:15,495,F|S,11,10,8,10,30,45,8,38.5,30,0.05,0,2.0.0,20261169
PK-006,2026-11-25,history,-5,Mittwoch,3,48,0,0,,Pflegefachkraft,Pflegefachkraft,EXAM,1.0,38.5,9240,9240,8316,10164,5,2,2,8,1,1,Pflegefachkraft,0,0.0,-2130,18,16,3,1,1,3003,1,,,,,,0,,0,,3,3,3,0,1201,1,3,3,3,0,1051,1,2,2,2,0,751,0,ST-HCH1,Normalstation Herzchirurgie,24,Herzchirurgie,7.0,15.0,06:00,14:00,450,,13:30,21:30,450,F,21:15,06:15,495,F|S,11,10,8,10,30,45,8,38.5,30,0.05,0,2.0.0,20261169
PK-007,2026-11-25,history,-5,Mittwoch,3,48,0,0,,Pflegefachkraft,Pflegefachkraft,EXAM,1.0,38.5,9240,9240,8316,10164,5,2,2,8,1,1,Pflegefachkraft,0,0.0,1104,18,16,3,1,1,3003,1,,,,,S,0,,0,,3,3,3,0,1201,1,3,3,3,0,1051,1,2,2,2,0,751,0,ST-HCH1,Normalstation Herzchirurgie,24,Herzchirurgie,7.0,15.0,06:00,14:00,450,,13:30,21:30,450,F,21:15,06:15,495,F|S,11,10,8,10,30,45,8,38.5,30,0.05,0,2.0.0,20261169
PK-008,2026-11-25,history,-5,Mittwoch,3,48,0,0,,Pflegefachkraft,Pflegefachkraft,EXAM|PRAXISANLEITUNG,1.0,38.5,9240,9240,8316,10164,5,2,2,8,1,1,Pflegefachkraft,0,0.0,-2265,18,16,3,1,1,3003,1,,,,,N,0,,0,,3,3,3,0,1201,1,3,3,3,0,1051,1,2,2,2,0,751,0,ST-HCH1,Normalstation Herzchirurgie,24,Herzchirurgie,7.0,15.0,06:00,14:00,450,,13:30,21:30,450,F,21:15,06:15,495,F|S,11,10,8,10,30,45,8,38.5,30,0.05,0,2.0.0,20261169
PK-009,2026-11-25,history,-5,Mittwoch,3,48,0,0,,Pflegefachkraft,Pflegefachkraft,EXAM,0.9,34.65,8316,8316,7484,9148,5,2,2,8,1,1,Pflegefachkraft,0,0.0,-1881,18,16,3,1,1,3003,1,,,,,F,0,,0,,3,3,3,0,1201,1,3,3,3,0,1051,1,2,2,2,0,751,0,ST-HCH1,Normalstation Herzchirurgie,24,Herzchirurgie,7.0,15.0,06:00,14:00,450,,13:30,21:30,450,F,21:15,06:15,495,F|S,11,10,8,10,30,45,8,38.5,30,0.05,0,2.0.0,20261169
PK-010,2026-11-25,history,-5,Mittwoch,3,48,0,0,,Pflegefachkraft,Pflegefachkraft,EXAM,0.75,28.88,6931,6931,6238,7624,5,2,2,8,1,1,Pflegefachkraft,0,0.0,-1845,18,16,3,1,1,3003,1,,,,,N,0,,0,,3,3,3,0,1201,1,3,3,3,0,1051,1,2,2,2,0,751,0,ST-HCH1,Normalstation Herzchirurgie,24,Herzchirurgie,7.0,15.0,06:00,14:00,450,,13:30,21:30,450,F,21:15,06:15,495,F|S,11,10,8,10,30,45,8,38.5,30,0.05,0,2.0.0,20261169
PK-011,2026-11-25,history,-5,Mittwoch,3,48,0,0,,Pflegefachkraft,Pflegefachkraft,EXAM,0.8,30.8,7392,7392,6653,8131,5,2,2,8,1,1,Pflegefachkraft,0,0.0,-1947,18,16,3,1,1,3003,1,,,,,F,0,,0,,3,3,3,0,1201,1,3,3,3,0,1051,1,2,2,2,0,751,0,ST-HCH1,Normalstation Herzchirurgie,24,Herzchirurgie,7.0,15.0,06:00,14:00,450,,13:30,21:30,450,F,21:15,06:15,495,F|S,11,10,8,10,30,45,8,38.5,30,0.05,0,2.0.0,20261169
PK-012,2026-11-25,history,-5,Mittwoch,3,48,0,0,,Pflegefachkraft,Pflegefachkraft,EXAM|KARDIO_MONITORING,0.7,26.95,6468,6468,5821,7115,5,2,2,8,1,1,Pflegefachkraft,0,0.0,-1473,18,16,3,1,1,3003,1,,,,,,0,,0,,3,3,3,0,1201,1,3,3,3,0,1051,1,2,2,2,0,751,0,ST-HCH1,Normalstation Herzchirurgie,24,Herzchirurgie,7.0,15.0,06:00,14:00,450,,13:30,21:30,450,F,21:15,06:15,495,F|S,11,10,8,10,30,45,8,38.5,30,0.05,0,2.0.0,20261169
PK-013,2026-11-25,history,-5,Mittwoch,3,48,0,0,,Pflegefachkraft,Pflegefachkraft,EXAM,1.0,38.5,9240,9240,8316,10164,5,2,2,8,1,1,Pflegefachkraft,0,0.0,-2445,18,16,3,1,1,3003,1,,,,,,0,,0,,3,3,3,0,1201,1,3,3,3,0,1051,1,2,2,2,0,751,0,ST-HCH1,Normalstation Herzchirurgie,24,Herzchirurgie,7.0,15.0,06:00,14:00,450,,13:30,21:30,450,F,21:15,06:15,495,F|S,11,10,8,10,30,45,8,38.5,30,0.05,0,2.0.0,20261169
PK-014,2026-11-25,history,-5,Mittwoch,3,48,0,0,,Pflegefachkraft,Pflegefachkraft,EXAM|KARDIO_MONITORING,0.5,19.25,4620,4620,4158,5082,5,2,2,8,1,1,Pflegefachkraft,0,0.0,-1020,18,16,3,1,1,3003,1,,,,,,0,,0,,3,3,3,0,1201,1,3,3,3,0,1051,1,2,2,2,0,751,0,ST-HCH1,Normalstation Herzchirurgie,24,Herzchirurgie,7.0,15.0,06:00,14:00,450,,13:30,21:30,450,F,21:15,06:15,495,F|S,11,10,8,10,30,45,8,38.5,30,0.05,0,2.0.0,20261169
PK-015,2026-11-25,history,-5,Mittwoch,3,48,0,0,,Pflegefachkraft,Pflegefachkraft,EXAM,1.0,38.5,9240,9240,8316,10164,5,2,2,8,1,1,Pflegefachkraft,0,0.0,-2490,18,16,3,1,1,3003,1,,,,,,0,,0,,3,3,3,0,1201,1,3,3,3,0,1051,1,2,2,2,0,751,0,ST-HCH1,Normalstation Herzchirurgie,24,Herzchirurgie,7.0,15.0,06:00,14:00,450,,13:30,21:30,450,F,21:15,06:15,495,F|S,11,10,8,10,30,45,8,38.5,30,0.05,0,2.0.0,20261169
PK-016,2026-11-25,history,-5,Mittwoch,3,48,0,0,,Pflegefachkraft,Pflegefachkraft,EXAM|PRAXISANLEITUNG,1.0,38.5,9240,9240,8316,10164,5,2,2,8,1,1,Pflegefachkraft,0,0.0,-2310,18,16,3,1,1,3003,1,,,,,F,0,,0,,3,3,3,0,1201,1,3,3,3,0,1051,1,2,2,2,0,751,0,ST-HCH1,Normalstation Herzchirurgie,24,Herzchirurgie,7.0,15.0,06:00,14:00,450,,13:30,21:30,450,F,21:15,06:15,495,F|S,11,10,8,10,30,45,8,38.5,30,0.05,0,2.0.0,20261169
PK-017,2026-11-25,history,-5,Mittwoch,3,48,0,0,,Pflegefachkraft,Pflegefachkraft,EXAM,0.8,30.8,7392,7392,6653,8131,5,2,2,8,1,1,Pflegefachkraft,0,0.0,-1902,18,16,3,1,1,3003,1,,,,,S,0,,0,,3,3,3,0,1201,1,3,3,3,0,1051,1,2,2,2,0,751,0,ST-HCH1,Normalstation Herzchirurgie,24,Herzchirurgie,7.0,15.0,06:00,14:00,450,,13:30,21:30,450,F,21:15,06:15,495,F|S,11,10,8,10,30,45,8,38.5,30,0.05,0,2.0.0,20261169
PK-018,2026-11-25,history,-5,Mittwoch,3,48,0,0,,Pflegefachkraft,Pflegefachkraft,EXAM,0.5,19.25,4620,4620,4158,5082,5,2,2,8,1,1,Pflegefachkraft,0,0.0,-1245,18,16,3,1,1,3003,1,,,,,,0,,0,,3,3,3,0,1201,1,3,3,3,0,1051,1,2,2,2,0,751,0,ST-HCH1,Normalstation Herzchirurgie,24,Herzchirurgie,7.0,15.0,06:00,14:00,450,,13:30,21:30,450,F,21:15,06:15,495,F|S,11,10,8,10,30,45,8,38.5,30,0.05,0,2.0.0,20261169
AZ-001,2026-11-26,history,-4,Donnerstag,4,48,0,0,,Auszubildende_r_3_Ausbildungsjahr,Auszubildende,AUSZUBILDEND,1.0,38.5,9240,9240,8316,10164,5,2,2,8,1,0,nicht anrechenbar,0,0.0,-9240,19,17,4,3,0,3536,1,,,,,,0,,0,,3,3,3,0,1414,1,3,3,3,0,1238,1,2,2,2,0,884,0,ST-HCH1,Normalstation Herzchirurgie,24,Herzchirurgie,7.0,15.0,06:00,14:00,450,,13:30,21:30,450,F,21:15,06:15,495,F|S,11,10,8,10,30,45,8,38.5,30,0.05,0,2.0.0,20261169
AZ-002,2026-11-26,history,-4,Donnerstag,4,48,0,0,,Auszubildende_r_2_Ausbildungsjahr,Auszubildende,AUSZUBILDEND,1.0,38.5,9240,9240,8316,10164,5,2,2,8,1,0,nicht anrechenbar,0,0.0,-6006,19,17,4,3,0,3536,1,,,,,,0,,0,,3,3,3,0,1414,1,3,3,3,0,1238,1,2,2,2,0,884,0,ST-HCH1,Normalstation Herzchirurgie,24,Herzchirurgie,7.0,15.0,06:00,14:00,450,,13:30,21:30,450,F,21:15,06:15,495,F|S,11,10,8,10,30,45,8,38.5,30,0.05,0,2.0.0,20261169
AZ-003,2026-11-26,history,-4,Donnerstag,4,48,0,0,,Auszubildende_r_1_Ausbildungsjahr,Auszubildende,AUSZUBILDEND,1.0,38.5,9240,9240,8316,10164,5,2,2,0,0,0,nicht anrechenbar,0,0.0,-9240,19,17,4,3,0,3536,1,,,,,,0,,0,,3,3,3,0,1414,1,3,3,3,0,1238,1,2,2,2,0,884,0,ST-HCH1,Normalstation Herzchirurgie,24,Herzchirurgie,7.0,15.0,06:00,14:00,450,,13:30,21:30,450,F,21:15,06:15,495,F|S,11,10,8,10,30,45,8,38.5,30,0.05,0,2.0.0,20261169
PK-001,2026-11-26,history,-4,Donnerstag,4,48,0,0,,Stationsleitung,Pflegefachkraft,EXAM|LEITUNG|PRAXISANLEITUNG,1.0,38.5,9240,4620,4158,5082,5,2,2,0,0,1,Pflegefachkraft,1,0.5,2130,19,17,4,3,0,3536,1,,,,,F,0,,0,,3,3,3,0,1414,1,3,3,3,0,1238,1,2,2,2,0,884,0,ST-HCH1,Normalstation Herzchirurgie,24,Herzchirurgie,7.0,15.0,06:00,14:00,450,,13:30,21:30,450,F,21:15,06:15,495,F|S,11,10,8,10,30,45,8,38.5,30,0.05,0,2.0.0,20261169
PK-002,2026-11-26,history,-4,Donnerstag,4,48,0,0,,Pflegefachkraft,Pflegefachkraft,EXAM,0.6,23.1,5544,5544,4990,6098,5,2,2,8,1,1,Pflegefachkraft,0,0.0,-1359,19,17,4,3,0,3536,1,,,,,,0,,0,,3,3,3,0,1414,1,3,3,3,0,1238,1,2,2,2,0,884,0,ST-HCH1,Normalstation Herzchirurgie,24,Herzchirurgie,7.0,15.0,06:00,14:00,450,,13:30,21:30,450,F,21:15,06:15,495,F|S,11,10,8,10,30,45,8,38.5,30,0.05,0,2.0.0,20261169
PK-003,2026-11-26,history,-4,Donnerstag,4,48,0,0,,Pflegefachkraft,Pflegefachkraft,EXAM|KARDIO_MONITORING,1.0,38.5,9240,9240,8316,10164,5,2,2,8,1,1,Pflegefachkraft,0,0.0,-2130,19,17,4,3,0,3536,1,,,,,,0,,0,,3,3,3,0,1414,1,3,3,3,0,1238,1,2,2,2,0,884,0,ST-HCH1,Normalstation Herzchirurgie,24,Herzchirurgie,7.0,15.0,06:00,14:00,450,,13:30,21:30,450,F,21:15,06:15,495,F|S,11,10,8,10,30,45,8,38.5,30,0.05,0,2.0.0,20261169
PK-004,2026-11-26,history,-4,Donnerstag,4,48,0,0,,Pflegefachkraft,Pflegefachkraft,EXAM|KARDIO_MONITORING,0.75,28.88,6931,6931,6238,7624,5,2,2,8,1,1,Pflegefachkraft,0,0.0,-1485,19,17,4,3,0,3536,1,,,,,S,0,,0,,3,3,3,0,1414,1,3,3,3,0,1238,1,2,2,2,0,884,0,ST-HCH1,Normalstation Herzchirurgie,24,Herzchirurgie,7.0,15.0,06:00,14:00,450,,13:30,21:30,450,F,21:15,06:15,495,F|S,11,10,8,10,30,45,8,38.5,30,0.05,0,2.0.0,20261169
PK-005,2026-11-26,history,-4,Donnerstag,4,48,0,0,,Pflegefachkraft,Pflegefachkraft,EXAM|PRAXISANLEITUNG,0.7,26.95,6468,6468,5821,7115,5,2,2,8,1,1,Pflegefachkraft,0,0.0,431,19,17,4,3,0,3536,0,URLAUB,,,,,0,,0,,3,3,3,0,1414,1,3,3,3,0,1238,1,2,2,2,0,884,0,ST-HCH1,Normalstation Herzchirurgie,24,Herzchirurgie,7.0,15.0,06:00,14:00,450,,13:30,21:30,450,F,21:15,06:15,495,F|S,11,10,8,10,30,45,8,38.5,30,0.05,0,2.0.0,20261169
PK-006,2026-11-26,history,-4,Donnerstag,4,48,0,0,,Pflegefachkraft,Pflegefachkraft,EXAM,1.0,38.5,9240,9240,8316,10164,5,2,2,8,1,1,Pflegefachkraft,0,0.0,-2130,19,17,4,3,0,3536,1,,,,,N,0,,0,,3,3,3,0,1414,1,3,3,3,0,1238,1,2,2,2,0,884,0,ST-HCH1,Normalstation Herzchirurgie,24,Herzchirurgie,7.0,15.0,06:00,14:00,450,,13:30,21:30,450,F,21:15,06:15,495,F|S,11,10,8,10,30,45,8,38.5,30,0.05,0,2.0.0,20261169
PK-007,2026-11-26,history,-4,Donnerstag,4,48,0,0,,Pflegefachkraft,Pflegefachkraft,EXAM,1.0,38.5,9240,9240,8316,10164,5,2,2,8,1,1,Pflegefachkraft,0,0.0,1104,19,17,4,3,0,3536,1,,,,,,0,,0,,3,3,3,0,1414,1,3,3,3,0,1238,1,2,2,2,0,884,0,ST-HCH1,Normalstation Herzchirurgie,24,Herzchirurgie,7.0,15.0,06:00,14:00,450,,13:30,21:30,450,F,21:15,06:15,495,F|S,11,10,8,10,30,45,8,38.5,30,0.05,0,2.0.0,20261169
PK-008,2026-11-26,history,-4,Donnerstag,4,48,0,0,,Pflegefachkraft,Pflegefachkraft,EXAM|PRAXISANLEITUNG,1.0,38.5,9240,9240,8316,10164,5,2,2,8,1,1,Pflegefachkraft,0,0.0,-2265,19,17,4,3,0,3536,1,,,,,,0,,0,,3,3,3,0,1414,1,3,3,3,0,1238,1,2,2,2,0,884,0,ST-HCH1,Normalstation Herzchirurgie,24,Herzchirurgie,7.0,15.0,06:00,14:00,450,,13:30,21:30,450,F,21:15,06:15,495,F|S,11,10,8,10,30,45,8,38.5,30,0.05,0,2.0.0,20261169
PK-009,2026-11-26,history,-4,Donnerstag,4,48,0,0,,Pflegefachkraft,Pflegefachkraft,EXAM,0.9,34.65,8316,8316,7484,9148,5,2,2,8,1,1,Pflegefachkraft,0,0.0,-1881,19,17,4,3,0,3536,1,,,,,,0,,0,,3,3,3,0,1414,1,3,3,3,0,1238,1,2,2,2,0,884,0,ST-HCH1,Normalstation Herzchirurgie,24,Herzchirurgie,7.0,15.0,06:00,14:00,450,,13:30,21:30,450,F,21:15,06:15,495,F|S,11,10,8,10,30,45,8,38.5,30,0.05,0,2.0.0,20261169
PK-010,2026-11-26,history,-4,Donnerstag,4,48,0,0,,Pflegefachkraft,Pflegefachkraft,EXAM,0.75,28.88,6931,6931,6238,7624,5,2,2,8,1,1,Pflegefachkraft,0,0.0,-1845,19,17,4,3,0,3536,1,,,,,,0,,0,,3,3,3,0,1414,1,3,3,3,0,1238,1,2,2,2,0,884,0,ST-HCH1,Normalstation Herzchirurgie,24,Herzchirurgie,7.0,15.0,06:00,14:00,450,,13:30,21:30,450,F,21:15,06:15,495,F|S,11,10,8,10,30,45,8,38.5,30,0.05,0,2.0.0,20261169
PK-011,2026-11-26,history,-4,Donnerstag,4,48,0,0,,Pflegefachkraft,Pflegefachkraft,EXAM,0.8,30.8,7392,7392,6653,8131,5,2,2,8,1,1,Pflegefachkraft,0,0.0,-1947,19,17,4,3,0,3536,1,,,,,,0,,0,,3,3,3,0,1414,1,3,3,3,0,1238,1,2,2,2,0,884,0,ST-HCH1,Normalstation Herzchirurgie,24,Herzchirurgie,7.0,15.0,06:00,14:00,450,,13:30,21:30,450,F,21:15,06:15,495,F|S,11,10,8,10,30,45,8,38.5,30,0.05,0,2.0.0,20261169
PK-012,2026-11-26,history,-4,Donnerstag,4,48,0,0,,Pflegefachkraft,Pflegefachkraft,EXAM|KARDIO_MONITORING,0.7,26.95,6468,6468,5821,7115,5,2,2,8,1,1,Pflegefachkraft,0,0.0,-1473,19,17,4,3,0,3536,1,,,,,F,0,,0,,3,3,3,0,1414,1,3,3,3,0,1238,1,2,2,2,0,884,0,ST-HCH1,Normalstation Herzchirurgie,24,Herzchirurgie,7.0,15.0,06:00,14:00,450,,13:30,21:30,450,F,21:15,06:15,495,F|S,11,10,8,10,30,45,8,38.5,30,0.05,0,2.0.0,20261169
PK-013,2026-11-26,history,-4,Donnerstag,4,48,0,0,,Pflegefachkraft,Pflegefachkraft,EXAM,1.0,38.5,9240,9240,8316,10164,5,2,2,8,1,1,Pflegefachkraft,0,0.0,-2445,19,17,4,3,0,3536,1,,,,,S,0,,0,,3,3,3,0,1414,1,3,3,3,0,1238,1,2,2,2,0,884,0,ST-HCH1,Normalstation Herzchirurgie,24,Herzchirurgie,7.0,15.0,06:00,14:00,450,,13:30,21:30,450,F,21:15,06:15,495,F|S,11,10,8,10,30,45,8,38.5,30,0.05,0,2.0.0,20261169
PK-014,2026-11-26,history,-4,Donnerstag,4,48,0,0,,Pflegefachkraft,Pflegefachkraft,EXAM|KARDIO_MONITORING,0.5,19.25,4620,4620,4158,5082,5,2,2,8,1,1,Pflegefachkraft,0,0.0,-1020,19,17,4,3,0,3536,1,,,,,,0,,0,,3,3,3,0,1414,1,3,3,3,0,1238,1,2,2,2,0,884,0,ST-HCH1,Normalstation Herzchirurgie,24,Herzchirurgie,7.0,15.0,06:00,14:00,450,,13:30,21:30,450,F,21:15,06:15,495,F|S,11,10,8,10,30,45,8,38.5,30,0.05,0,2.0.0,20261169
PK-015,2026-11-26,history,-4,Donnerstag,4,48,0,0,,Pflegefachkraft,Pflegefachkraft,EXAM,1.0,38.5,9240,9240,8316,10164,5,2,2,8,1,1,Pflegefachkraft,0,0.0,-2490,19,17,4,3,0,3536,1,,,,,F,0,,0,,3,3,3,0,1414,1,3,3,3,0,1238,1,2,2,2,0,884,0,ST-HCH1,Normalstation Herzchirurgie,24,Herzchirurgie,7.0,15.0,06:00,14:00,450,,13:30,21:30,450,F,21:15,06:15,495,F|S,11,10,8,10,30,45,8,38.5,30,0.05,0,2.0.0,20261169
PK-016,2026-11-26,history,-4,Donnerstag,4,48,0,0,,Pflegefachkraft,Pflegefachkraft,EXAM|PRAXISANLEITUNG,1.0,38.5,9240,9240,8316,10164,5,2,2,8,1,1,Pflegefachkraft,0,0.0,-2310,19,17,4,3,0,3536,1,,,,,S,0,,0,,3,3,3,0,1414,1,3,3,3,0,1238,1,2,2,2,0,884,0,ST-HCH1,Normalstation Herzchirurgie,24,Herzchirurgie,7.0,15.0,06:00,14:00,450,,13:30,21:30,450,F,21:15,06:15,495,F|S,11,10,8,10,30,45,8,38.5,30,0.05,0,2.0.0,20261169
PK-017,2026-11-26,history,-4,Donnerstag,4,48,0,0,,Pflegefachkraft,Pflegefachkraft,EXAM,0.8,30.8,7392,7392,6653,8131,5,2,2,8,1,1,Pflegefachkraft,0,0.0,-1902,19,17,4,3,0,3536,1,,,,,,0,,0,,3,3,3,0,1414,1,3,3,3,0,1238,1,2,2,2,0,884,0,ST-HCH1,Normalstation Herzchirurgie,24,Herzchirurgie,7.0,15.0,06:00,14:00,450,,13:30,21:30,450,F,21:15,06:15,495,F|S,11,10,8,10,30,45,8,38.5,30,0.05,0,2.0.0,20261169
PK-018,2026-11-26,history,-4,Donnerstag,4,48,0,0,,Pflegefachkraft,Pflegefachkraft,EXAM,0.5,19.25,4620,4620,4158,5082,5,2,2,8,1,1,Pflegefachkraft,0,0.0,-1245,19,17,4,3,0,3536,1,,,,,N,0,,0,,3,3,3,0,1414,1,3,3,3,0,1238,1,2,2,2,0,884,0,ST-HCH1,Normalstation Herzchirurgie,24,Herzchirurgie,7.0,15.0,06:00,14:00,450,,13:30,21:30,450,F,21:15,06:15,495,F|S,11,10,8,10,30,45,8,38.5,30,0.05,0,2.0.0,20261169
AZ-001,2026-11-27,history,-3,Freitag,5,48,0,0,,Auszubildende_r_3_Ausbildungsjahr,Auszubildende,AUSZUBILDEND,1.0,38.5,9240,9240,8316,10164,5,2,2,8,1,0,nicht anrechenbar,0,0.0,-9240,17,17,2,2,0,2886,1,,,,,,0,,0,,3,3,3,0,1154,1,3,3,3,0,1010,1,2,2,2,0,722,0,ST-HCH1,Normalstation Herzchirurgie,24,Herzchirurgie,7.0,15.0,06:00,14:00,450,,13:30,21:30,450,F,21:15,06:15,495,F|S,11,10,8,10,30,45,8,38.5,30,0.05,0,2.0.0,20261169
AZ-002,2026-11-27,history,-3,Freitag,5,48,0,0,,Auszubildende_r_2_Ausbildungsjahr,Auszubildende,AUSZUBILDEND,1.0,38.5,9240,9240,8316,10164,5,2,2,8,1,0,nicht anrechenbar,0,0.0,-6006,17,17,2,2,0,2886,1,,,,,,0,,0,,3,3,3,0,1154,1,3,3,3,0,1010,1,2,2,2,0,722,0,ST-HCH1,Normalstation Herzchirurgie,24,Herzchirurgie,7.0,15.0,06:00,14:00,450,,13:30,21:30,450,F,21:15,06:15,495,F|S,11,10,8,10,30,45,8,38.5,30,0.05,0,2.0.0,20261169
AZ-003,2026-11-27,history,-3,Freitag,5,48,0,0,,Auszubildende_r_1_Ausbildungsjahr,Auszubildende,AUSZUBILDEND,1.0,38.5,9240,9240,8316,10164,5,2,2,0,0,0,nicht anrechenbar,0,0.0,-9240,17,17,2,2,0,2886,1,,,,,,0,,0,,3,3,3,0,1154,1,3,3,3,0,1010,1,2,2,2,0,722,0,ST-HCH1,Normalstation Herzchirurgie,24,Herzchirurgie,7.0,15.0,06:00,14:00,450,,13:30,21:30,450,F,21:15,06:15,495,F|S,11,10,8,10,30,45,8,38.5,30,0.05,0,2.0.0,20261169
PK-001,2026-11-27,history,-3,Freitag,5,48,0,0,,Stationsleitung,Pflegefachkraft,EXAM|LEITUNG|PRAXISANLEITUNG,1.0,38.5,9240,4620,4158,5082,5,2,2,0,0,1,Pflegefachkraft,1,0.5,2130,17,17,2,2,0,2886,1,,,,,,0,,0,,3,3,3,0,1154,1,3,3,3,0,1010,1,2,2,2,0,722,0,ST-HCH1,Normalstation Herzchirurgie,24,Herzchirurgie,7.0,15.0,06:00,14:00,450,,13:30,21:30,450,F,21:15,06:15,495,F|S,11,10,8,10,30,45,8,38.5,30,0.05,0,2.0.0,20261169
PK-002,2026-11-27,history,-3,Freitag,5,48,0,0,,Pflegefachkraft,Pflegefachkraft,EXAM,0.6,23.1,5544,5544,4990,6098,5,2,2,8,1,1,Pflegefachkraft,0,0.0,-1359,17,17,2,2,0,2886,1,,,,,S,0,,0,,3,3,3,0,1154,1,3,3,3,0,1010,1,2,2,2,0,722,0,ST-HCH1,Normalstation Herzchirurgie,24,Herzchirurgie,7.0,15.0,06:00,14:00,450,,13:30,21:30,450,F,21:15,06:15,495,F|S,11,10,8,10,30,45,8,38.5,30,0.05,0,2.0.0,20261169
PK-003,2026-11-27,history,-3,Freitag,5,48,0,0,,Pflegefachkraft,Pflegefachkraft,EXAM|KARDIO_MONITORING,1.0,38.5,9240,9240,8316,10164,5,2,2,8,1,1,Pflegefachkraft,0,0.0,-2130,17,17,2,2,0,2886,1,,,,,F,0,,0,,3,3,3,0,1154,1,3,3,3,0,1010,1,2,2,2,0,722,0,ST-HCH1,Normalstation Herzchirurgie,24,Herzchirurgie,7.0,15.0,06:00,14:00,450,,13:30,21:30,450,F,21:15,06:15,495,F|S,11,10,8,10,30,45,8,38.5,30,0.05,0,2.0.0,20261169
PK-004,2026-11-27,history,-3,Freitag,5,48,0,0,,Pflegefachkraft,Pflegefachkraft,EXAM|KARDIO_MONITORING,0.75,28.88,6931,6931,6238,7624,5,2,2,8,1,1,Pflegefachkraft,0,0.0,-1485,17,17,2,2,0,2886,1,,,,,,0,,0,,3,3,3,0,1154,1,3,3,3,0,1010,1,2,2,2,0,722,0,ST-HCH1,Normalstation Herzchirurgie,24,Herzchirurgie,7.0,15.0,06:00,14:00,450,,13:30,21:30,450,F,21:15,06:15,495,F|S,11,10,8,10,30,45,8,38.5,30,0.05,0,2.0.0,20261169
PK-005,2026-11-27,history,-3,Freitag,5,48,0,0,,Pflegefachkraft,Pflegefachkraft,EXAM|PRAXISANLEITUNG,0.7,26.95,6468,6468,5821,7115,5,2,2,8,1,1,Pflegefachkraft,0,0.0,431,17,17,2,2,0,2886,1,,,,,N,0,,0,,3,3,3,0,1154,1,3,3,3,0,1010,1,2,2,2,0,722,0,ST-HCH1,Normalstation Herzchirurgie,24,Herzchirurgie,7.0,15.0,06:00,14:00,450,,13:30,21:30,450,F,21:15,06:15,495,F|S,11,10,8,10,30,45,8,38.5,30,0.05,0,2.0.0,20261169
PK-006,2026-11-27,history,-3,Freitag,5,48,0,0,,Pflegefachkraft,Pflegefachkraft,EXAM,1.0,38.5,9240,9240,8316,10164,5,2,2,8,1,1,Pflegefachkraft,0,0.0,-2130,17,17,2,2,0,2886,1,,,,,,0,,0,,3,3,3,0,1154,1,3,3,3,0,1010,1,2,2,2,0,722,0,ST-HCH1,Normalstation Herzchirurgie,24,Herzchirurgie,7.0,15.0,06:00,14:00,450,,13:30,21:30,450,F,21:15,06:15,495,F|S,11,10,8,10,30,45,8,38.5,30,0.05,0,2.0.0,20261169
PK-007,2026-11-27,history,-3,Freitag,5,48,0,0,,Pflegefachkraft,Pflegefachkraft,EXAM,1.0,38.5,9240,9240,8316,10164,5,2,2,8,1,1,Pflegefachkraft,0,0.0,1104,17,17,2,2,0,2886,1,,,,,S,0,,0,,3,3,3,0,1154,1,3,3,3,0,1010,1,2,2,2,0,722,0,ST-HCH1,Normalstation Herzchirurgie,24,Herzchirurgie,7.0,15.0,06:00,14:00,450,,13:30,21:30,450,F,21:15,06:15,495,F|S,11,10,8,10,30,45,8,38.5,30,0.05,0,2.0.0,20261169
PK-008,2026-11-27,history,-3,Freitag,5,48,0,0,,Pflegefachkraft,Pflegefachkraft,EXAM|PRAXISANLEITUNG,1.0,38.5,9240,9240,8316,10164,5,2,2,8,1,1,Pflegefachkraft,0,0.0,-2265,17,17,2,2,0,2886,1,,,,,N,0,,0,,3,3,3,0,1154,1,3,3,3,0,1010,1,2,2,2,0,722,0,ST-HCH1,Normalstation Herzchirurgie,24,Herzchirurgie,7.0,15.0,06:00,14:00,450,,13:30,21:30,450,F,21:15,06:15,495,F|S,11,10,8,10,30,45,8,38.5,30,0.05,0,2.0.0,20261169
PK-009,2026-11-27,history,-3,Freitag,5,48,0,0,,Pflegefachkraft,Pflegefachkraft,EXAM,0.9,34.65,8316,8316,7484,9148,5,2,2,8,1,1,Pflegefachkraft,0,0.0,-1881,17,17,2,2,0,2886,1,,,,,F,0,,0,,3,3,3,0,1154,1,3,3,3,0,1010,1,2,2,2,0,722,0,ST-HCH1,Normalstation Herzchirurgie,24,Herzchirurgie,7.0,15.0,06:00,14:00,450,,13:30,21:30,450,F,21:15,06:15,495,F|S,11,10,8,10,30,45,8,38.5,30,0.05,0,2.0.0,20261169
PK-010,2026-11-27,history,-3,Freitag,5,48,0,0,,Pflegefachkraft,Pflegefachkraft,EXAM,0.75,28.88,6931,6931,6238,7624,5,2,2,8,1,1,Pflegefachkraft,0,0.0,-1845,17,17,2,2,0,2886,1,,,,,F,0,,0,,3,3,3,0,1154,1,3,3,3,0,1010,1,2,2,2,0,722,0,ST-HCH1,Normalstation Herzchirurgie,24,Herzchirurgie,7.0,15.0,06:00,14:00,450,,13:30,21:30,450,F,21:15,06:15,495,F|S,11,10,8,10,30,45,8,38.5,30,0.05,0,2.0.0,20261169
PK-011,2026-11-27,history,-3,Freitag,5,48,0,0,,Pflegefachkraft,Pflegefachkraft,EXAM,0.8,30.8,7392,7392,6653,8131,5,2,2,8,1,1,Pflegefachkraft,0,0.0,-1947,17,17,2,2,0,2886,1,,,,,S,0,,0,,3,3,3,0,1154,1,3,3,3,0,1010,1,2,2,2,0,722,0,ST-HCH1,Normalstation Herzchirurgie,24,Herzchirurgie,7.0,15.0,06:00,14:00,450,,13:30,21:30,450,F,21:15,06:15,495,F|S,11,10,8,10,30,45,8,38.5,30,0.05,0,2.0.0,20261169
PK-012,2026-11-27,history,-3,Freitag,5,48,0,0,,Pflegefachkraft,Pflegefachkraft,EXAM|KARDIO_MONITORING,0.7,26.95,6468,6468,5821,7115,5,2,2,8,1,1,Pflegefachkraft,0,0.0,-1473,17,17,2,2,0,2886,1,,,,,,0,,0,,3,3,3,0,1154,1,3,3,3,0,1010,1,2,2,2,0,722,0,ST-HCH1,Normalstation Herzchirurgie,24,Herzchirurgie,7.0,15.0,06:00,14:00,450,,13:30,21:30,450,F,21:15,06:15,495,F|S,11,10,8,10,30,45,8,38.5,30,0.05,0,2.0.0,20261169
PK-013,2026-11-27,history,-3,Freitag,5,48,0,0,,Pflegefachkraft,Pflegefachkraft,EXAM,1.0,38.5,9240,9240,8316,10164,5,2,2,8,1,1,Pflegefachkraft,0,0.0,-2445,17,17,2,2,0,2886,1,,,,,,0,,0,,3,3,3,0,1154,1,3,3,3,0,1010,1,2,2,2,0,722,0,ST-HCH1,Normalstation Herzchirurgie,24,Herzchirurgie,7.0,15.0,06:00,14:00,450,,13:30,21:30,450,F,21:15,06:15,495,F|S,11,10,8,10,30,45,8,38.5,30,0.05,0,2.0.0,20261169
PK-014,2026-11-27,history,-3,Freitag,5,48,0,0,,Pflegefachkraft,Pflegefachkraft,EXAM|KARDIO_MONITORING,0.5,19.25,4620,4620,4158,5082,5,2,2,8,1,1,Pflegefachkraft,0,0.0,-1020,17,17,2,2,0,2886,1,,,,,,0,,0,,3,3,3,0,1154,1,3,3,3,0,1010,1,2,2,2,0,722,0,ST-HCH1,Normalstation Herzchirurgie,24,Herzchirurgie,7.0,15.0,06:00,14:00,450,,13:30,21:30,450,F,21:15,06:15,495,F|S,11,10,8,10,30,45,8,38.5,30,0.05,0,2.0.0,20261169
PK-015,2026-11-27,history,-3,Freitag,5,48,0,0,,Pflegefachkraft,Pflegefachkraft,EXAM,1.0,38.5,9240,9240,8316,10164,5,2,2,8,1,1,Pflegefachkraft,0,0.0,-2490,17,17,2,2,0,2886,1,,,,,,0,,0,,3,3,3,0,1154,1,3,3,3,0,1010,1,2,2,2,0,722,0,ST-HCH1,Normalstation Herzchirurgie,24,Herzchirurgie,7.0,15.0,06:00,14:00,450,,13:30,21:30,450,F,21:15,06:15,495,F|S,11,10,8,10,30,45,8,38.5,30,0.05,0,2.0.0,20261169
PK-016,2026-11-27,history,-3,Freitag,5,48,0,0,,Pflegefachkraft,Pflegefachkraft,EXAM|PRAXISANLEITUNG,1.0,38.5,9240,9240,8316,10164,5,2,2,8,1,1,Pflegefachkraft,0,0.0,-2310,17,17,2,2,0,2886,1,,,,,,0,,0,,3,3,3,0,1154,1,3,3,3,0,1010,1,2,2,2,0,722,0,ST-HCH1,Normalstation Herzchirurgie,24,Herzchirurgie,7.0,15.0,06:00,14:00,450,,13:30,21:30,450,F,21:15,06:15,495,F|S,11,10,8,10,30,45,8,38.5,30,0.05,0,2.0.0,20261169
PK-017,2026-11-27,history,-3,Freitag,5,48,0,0,,Pflegefachkraft,Pflegefachkraft,EXAM,0.8,30.8,7392,7392,6653,8131,5,2,2,8,1,1,Pflegefachkraft,0,0.0,-1902,17,17,2,2,0,2886,1,,,,,,0,,0,,3,3,3,0,1154,1,3,3,3,0,1010,1,2,2,2,0,722,0,ST-HCH1,Normalstation Herzchirurgie,24,Herzchirurgie,7.0,15.0,06:00,14:00,450,,13:30,21:30,450,F,21:15,06:15,495,F|S,11,10,8,10,30,45,8,38.5,30,0.05,0,2.0.0,20261169
PK-018,2026-11-27,history,-3,Freitag,5,48,0,0,,Pflegefachkraft,Pflegefachkraft,EXAM,0.5,19.25,4620,4620,4158,5082,5,2,2,8,1,1,Pflegefachkraft,0,0.0,-1245,17,17,2,2,0,2886,1,,,,,,0,,0,,3,3,3,0,1154,1,3,3,3,0,1010,1,2,2,2,0,722,0,ST-HCH1,Normalstation Herzchirurgie,24,Herzchirurgie,7.0,15.0,06:00,14:00,450,,13:30,21:30,450,F,21:15,06:15,495,F|S,11,10,8,10,30,45,8,38.5,30,0.05,0,2.0.0,20261169
AZ-001,2026-11-28,history,-2,Samstag,6,48,1,0,,Auszubildende_r_3_Ausbildungsjahr,Auszubildende,AUSZUBILDEND,1.0,38.5,9240,9240,8316,10164,5,2,2,8,1,0,nicht anrechenbar,0,0.0,-9240,14,14,1,0,1,2379,1,,,,,,0,,0,,3,2,3,0,952,1,3,2,3,0,833,1,2,1,2,0,595,0,ST-HCH1,Normalstation Herzchirurgie,24,Herzchirurgie,7.0,15.0,06:00,14:00,450,,13:30,21:30,450,F,21:15,06:15,495,F|S,11,10,8,10,30,45,8,38.5,30,0.05,0,2.0.0,20261169
AZ-002,2026-11-28,history,-2,Samstag,6,48,1,0,,Auszubildende_r_2_Ausbildungsjahr,Auszubildende,AUSZUBILDEND,1.0,38.5,9240,9240,8316,10164,5,2,2,8,1,0,nicht anrechenbar,0,0.0,-6006,14,14,1,0,1,2379,1,,,,,,0,,0,,3,2,3,0,952,1,3,2,3,0,833,1,2,1,2,0,595,0,ST-HCH1,Normalstation Herzchirurgie,24,Herzchirurgie,7.0,15.0,06:00,14:00,450,,13:30,21:30,450,F,21:15,06:15,495,F|S,11,10,8,10,30,45,8,38.5,30,0.05,0,2.0.0,20261169
AZ-003,2026-11-28,history,-2,Samstag,6,48,1,0,,Auszubildende_r_1_Ausbildungsjahr,Auszubildende,AUSZUBILDEND,1.0,38.5,9240,9240,8316,10164,5,2,2,0,0,0,nicht anrechenbar,0,0.0,-9240,14,14,1,0,1,2379,1,,,,,,0,,0,,3,2,3,0,952,1,3,2,3,0,833,1,2,1,2,0,595,0,ST-HCH1,Normalstation Herzchirurgie,24,Herzchirurgie,7.0,15.0,06:00,14:00,450,,13:30,21:30,450,F,21:15,06:15,495,F|S,11,10,8,10,30,45,8,38.5,30,0.05,0,2.0.0,20261169
PK-001,2026-11-28,history,-2,Samstag,6,48,1,0,,Stationsleitung,Pflegefachkraft,EXAM|LEITUNG|PRAXISANLEITUNG,1.0,38.5,9240,4620,4158,5082,5,2,2,0,0,1,Pflegefachkraft,1,0.5,2130,14,14,1,0,1,2379,1,,,,,F,0,,0,,3,2,3,0,952,1,3,2,3,0,833,1,2,1,2,0,595,0,ST-HCH1,Normalstation Herzchirurgie,24,Herzchirurgie,7.0,15.0,06:00,14:00,450,,13:30,21:30,450,F,21:15,06:15,495,F|S,11,10,8,10,30,45,8,38.5,30,0.05,0,2.0.0,20261169
PK-002,2026-11-28,history,-2,Samstag,6,48,1,0,,Pflegefachkraft,Pflegefachkraft,EXAM,0.6,23.1,5544,5544,4990,6098,5,2,2,8,1,1,Pflegefachkraft,0,0.0,-1359,14,14,1,0,1,2379,1,,,,,,0,,0,,3,2,3,0,952,1,3,2,3,0,833,1,2,1,2,0,595,0,ST-HCH1,Normalstation Herzchirurgie,24,Herzchirurgie,7.0,15.0,06:00,14:00,450,,13:30,21:30,450,F,21:15,06:15,495,F|S,11,10,8,10,30,45,8,38.5,30,0.05,0,2.0.0,20261169
PK-003,2026-11-28,history,-2,Samstag,6,48,1,0,,Pflegefachkraft,Pflegefachkraft,EXAM|KARDIO_MONITORING,1.0,38.5,9240,9240,8316,10164,5,2,2,8,1,1,Pflegefachkraft,0,0.0,-2130,14,14,1,0,1,2379,1,,,,,,0,,0,,3,2,3,0,952,1,3,2,3,0,833,1,2,1,2,0,595,0,ST-HCH1,Normalstation Herzchirurgie,24,Herzchirurgie,7.0,15.0,06:00,14:00,450,,13:30,21:30,450,F,21:15,06:15,495,F|S,11,10,8,10,30,45,8,38.5,30,0.05,0,2.0.0,20261169
PK-004,2026-11-28,history,-2,Samstag,6,48,1,0,,Pflegefachkraft,Pflegefachkraft,EXAM|KARDIO_MONITORING,0.75,28.88,6931,6931,6238,7624,5,2,2,8,1,1,Pflegefachkraft,0,0.0,-1485,14,14,1,0,1,2379,1,,,,,,0,,0,,3,2,3,0,952,1,3,2,3,0,833,1,2,1,2,0,595,0,ST-HCH1,Normalstation Herzchirurgie,24,Herzchirurgie,7.0,15.0,06:00,14:00,450,,13:30,21:30,450,F,21:15,06:15,495,F|S,11,10,8,10,30,45,8,38.5,30,0.05,0,2.0.0,20261169
PK-005,2026-11-28,history,-2,Samstag,6,48,1,0,,Pflegefachkraft,Pflegefachkraft,EXAM|PRAXISANLEITUNG,0.7,26.95,6468,6468,5821,7115,5,2,2,8,1,1,Pflegefachkraft,0,0.0,431,14,14,1,0,1,2379,1,,,,,N,0,,0,,3,2,3,0,952,1,3,2,3,0,833,1,2,1,2,0,595,0,ST-HCH1,Normalstation Herzchirurgie,24,Herzchirurgie,7.0,15.0,06:00,14:00,450,,13:30,21:30,450,F,21:15,06:15,495,F|S,11,10,8,10,30,45,8,38.5,30,0.05,0,2.0.0,20261169
PK-006,2026-11-28,history,-2,Samstag,6,48,1,0,,Pflegefachkraft,Pflegefachkraft,EXAM,1.0,38.5,9240,9240,8316,10164,5,2,2,8,1,1,Pflegefachkraft,0,0.0,-2130,14,14,1,0,1,2379,1,,,,,F,0,,0,,3,2,3,0,952,1,3,2,3,0,833,1,2,1,2,0,595,0,ST-HCH1,Normalstation Herzchirurgie,24,Herzchirurgie,7.0,15.0,06:00,14:00,450,,13:30,21:30,450,F,21:15,06:15,495,F|S,11,10,8,10,30,45,8,38.5,30,0.05,0,2.0.0,20261169
PK-007,2026-11-28,history,-2,Samstag,6,48,1,0,,Pflegefachkraft,Pflegefachkraft,EXAM,1.0,38.5,9240,9240,8316,10164,5,2,2,8,1,1,Pflegefachkraft,0,0.0,1104,14,14,1,0,1,2379,1,,,,,,0,,0,,3,2,3,0,952,1,3,2,3,0,833,1,2,1,2,0,595,0,ST-HCH1,Normalstation Herzchirurgie,24,Herzchirurgie,7.0,15.0,06:00,14:00,450,,13:30,21:30,450,F,21:15,06:15,495,F|S,11,10,8,10,30,45,8,38.5,30,0.05,0,2.0.0,20261169
PK-008,2026-11-28,history,-2,Samstag,6,48,1,0,,Pflegefachkraft,Pflegefachkraft,EXAM|PRAXISANLEITUNG,1.0,38.5,9240,9240,8316,10164,5,2,2,8,1,1,Pflegefachkraft,0,0.0,-2265,14,14,1,0,1,2379,1,,,,,,0,,0,,3,2,3,0,952,1,3,2,3,0,833,1,2,1,2,0,595,0,ST-HCH1,Normalstation Herzchirurgie,24,Herzchirurgie,7.0,15.0,06:00,14:00,450,,13:30,21:30,450,F,21:15,06:15,495,F|S,11,10,8,10,30,45,8,38.5,30,0.05,0,2.0.0,20261169
PK-009,2026-11-28,history,-2,Samstag,6,48,1,0,,Pflegefachkraft,Pflegefachkraft,EXAM,0.9,34.65,8316,8316,7484,9148,5,2,2,8,1,1,Pflegefachkraft,0,0.0,-1881,14,14,1,0,1,2379,1,,,,,,0,,0,,3,2,3,0,952,1,3,2,3,0,833,1,2,1,2,0,595,0,ST-HCH1,Normalstation Herzchirurgie,24,Herzchirurgie,7.0,15.0,06:00,14:00,450,,13:30,21:30,450,F,21:15,06:15,495,F|S,11,10,8,10,30,45,8,38.5,30,0.05,0,2.0.0,20261169
PK-010,2026-11-28,history,-2,Samstag,6,48,1,0,,Pflegefachkraft,Pflegefachkraft,EXAM,0.75,28.88,6931,6931,6238,7624,5,2,2,8,1,1,Pflegefachkraft,0,0.0,-1845,14,14,1,0,1,2379,1,,,,,,0,,0,,3,2,3,0,952,1,3,2,3,0,833,1,2,1,2,0,595,0,ST-HCH1,Normalstation Herzchirurgie,24,Herzchirurgie,7.0,15.0,06:00,14:00,450,,13:30,21:30,450,F,21:15,06:15,495,F|S,11,10,8,10,30,45,8,38.5,30,0.05,0,2.0.0,20261169
PK-011,2026-11-28,history,-2,Samstag,6,48,1,0,,Pflegefachkraft,Pflegefachkraft,EXAM,0.8,30.8,7392,7392,6653,8131,5,2,2,8,1,1,Pflegefachkraft,0,0.0,-1947,14,14,1,0,1,2379,1,,,,,,0,,0,,3,2,3,0,952,1,3,2,3,0,833,1,2,1,2,0,595,0,ST-HCH1,Normalstation Herzchirurgie,24,Herzchirurgie,7.0,15.0,06:00,14:00,450,,13:30,21:30,450,F,21:15,06:15,495,F|S,11,10,8,10,30,45,8,38.5,30,0.05,0,2.0.0,20261169
PK-012,2026-11-28,history,-2,Samstag,6,48,1,0,,Pflegefachkraft,Pflegefachkraft,EXAM|KARDIO_MONITORING,0.7,26.95,6468,6468,5821,7115,5,2,2,8,1,1,Pflegefachkraft,0,0.0,-1473,14,14,1,0,1,2379,1,,,,,,0,,0,,3,2,3,0,952,1,3,2,3,0,833,1,2,1,2,0,595,0,ST-HCH1,Normalstation Herzchirurgie,24,Herzchirurgie,7.0,15.0,06:00,14:00,450,,13:30,21:30,450,F,21:15,06:15,495,F|S,11,10,8,10,30,45,8,38.5,30,0.05,0,2.0.0,20261169
PK-013,2026-11-28,history,-2,Samstag,6,48,1,0,,Pflegefachkraft,Pflegefachkraft,EXAM,1.0,38.5,9240,9240,8316,10164,5,2,2,8,1,1,Pflegefachkraft,0,0.0,-2445,14,14,1,0,1,2379,1,,,,,S,0,,0,,3,2,3,0,952,1,3,2,3,0,833,1,2,1,2,0,595,0,ST-HCH1,Normalstation Herzchirurgie,24,Herzchirurgie,7.0,15.0,06:00,14:00,450,,13:30,21:30,450,F,21:15,06:15,495,F|S,11,10,8,10,30,45,8,38.5,30,0.05,0,2.0.0,20261169
PK-014,2026-11-28,history,-2,Samstag,6,48,1,0,,Pflegefachkraft,Pflegefachkraft,EXAM|KARDIO_MONITORING,0.5,19.25,4620,4620,4158,5082,5,2,2,8,1,1,Pflegefachkraft,0,0.0,-1020,14,14,1,0,1,2379,1,,,,,F,0,,0,,3,2,3,0,952,1,3,2,3,0,833,1,2,1,2,0,595,0,ST-HCH1,Normalstation Herzchirurgie,24,Herzchirurgie,7.0,15.0,06:00,14:00,450,,13:30,21:30,450,F,21:15,06:15,495,F|S,11,10,8,10,30,45,8,38.5,30,0.05,0,2.0.0,20261169
PK-015,2026-11-28,history,-2,Samstag,6,48,1,0,,Pflegefachkraft,Pflegefachkraft,EXAM,1.0,38.5,9240,9240,8316,10164,5,2,2,8,1,1,Pflegefachkraft,0,0.0,-2490,14,14,1,0,1,2379,1,,,,,S,0,,0,,3,2,3,0,952,1,3,2,3,0,833,1,2,1,2,0,595,0,ST-HCH1,Normalstation Herzchirurgie,24,Herzchirurgie,7.0,15.0,06:00,14:00,450,,13:30,21:30,450,F,21:15,06:15,495,F|S,11,10,8,10,30,45,8,38.5,30,0.05,0,2.0.0,20261169
PK-016,2026-11-28,history,-2,Samstag,6,48,1,0,,Pflegefachkraft,Pflegefachkraft,EXAM|PRAXISANLEITUNG,1.0,38.5,9240,9240,8316,10164,5,2,2,8,1,1,Pflegefachkraft,0,0.0,-2310,14,14,1,0,1,2379,1,,,,,S,0,,0,,3,2,3,0,952,1,3,2,3,0,833,1,2,1,2,0,595,0,ST-HCH1,Normalstation Herzchirurgie,24,Herzchirurgie,7.0,15.0,06:00,14:00,450,,13:30,21:30,450,F,21:15,06:15,495,F|S,11,10,8,10,30,45,8,38.5,30,0.05,0,2.0.0,20261169
PK-017,2026-11-28,history,-2,Samstag,6,48,1,0,,Pflegefachkraft,Pflegefachkraft,EXAM,0.8,30.8,7392,7392,6653,8131,5,2,2,8,1,1,Pflegefachkraft,0,0.0,-1902,14,14,1,0,1,2379,1,,,,,N,0,,0,,3,2,3,0,952,1,3,2,3,0,833,1,2,1,2,0,595,0,ST-HCH1,Normalstation Herzchirurgie,24,Herzchirurgie,7.0,15.0,06:00,14:00,450,,13:30,21:30,450,F,21:15,06:15,495,F|S,11,10,8,10,30,45,8,38.5,30,0.05,0,2.0.0,20261169
PK-018,2026-11-28,history,-2,Samstag,6,48,1,0,,Pflegefachkraft,Pflegefachkraft,EXAM,0.5,19.25,4620,4620,4158,5082,5,2,2,8,1,1,Pflegefachkraft,0,0.0,-1245,14,14,1,0,1,2379,1,,,,,,0,,0,,3,2,3,0,952,1,3,2,3,0,833,1,2,1,2,0,595,0,ST-HCH1,Normalstation Herzchirurgie,24,Herzchirurgie,7.0,15.0,06:00,14:00,450,,13:30,21:30,450,F,21:15,06:15,495,F|S,11,10,8,10,30,45,8,38.5,30,0.05,0,2.0.0,20261169
AZ-001,2026-11-29,history,-1,Sonntag,7,48,1,0,,Auszubildende_r_3_Ausbildungsjahr,Auszubildende,AUSZUBILDEND,1.0,38.5,9240,9240,8316,10164,5,2,2,8,1,0,nicht anrechenbar,0,0.0,-9240,16,14,1,1,2,3018,1,,,,,,0,,0,,3,3,3,0,1207,1,3,3,3,0,1056,1,2,1,2,0,754,0,ST-HCH1,Normalstation Herzchirurgie,24,Herzchirurgie,7.0,15.0,06:00,14:00,450,,13:30,21:30,450,F,21:15,06:15,495,F|S,11,10,8,10,30,45,8,38.5,30,0.05,0,2.0.0,20261169
AZ-002,2026-11-29,history,-1,Sonntag,7,48,1,0,,Auszubildende_r_2_Ausbildungsjahr,Auszubildende,AUSZUBILDEND,1.0,38.5,9240,9240,8316,10164,5,2,2,8,1,0,nicht anrechenbar,0,0.0,-6006,16,14,1,1,2,3018,1,,,,,,0,,0,,3,3,3,0,1207,1,3,3,3,0,1056,1,2,1,2,0,754,0,ST-HCH1,Normalstation Herzchirurgie,24,Herzchirurgie,7.0,15.0,06:00,14:00,450,,13:30,21:30,450,F,21:15,06:15,495,F|S,11,10,8,10,30,45,8,38.5,30,0.05,0,2.0.0,20261169
AZ-003,2026-11-29,history,-1,Sonntag,7,48,1,0,,Auszubildende_r_1_Ausbildungsjahr,Auszubildende,AUSZUBILDEND,1.0,38.5,9240,9240,8316,10164,5,2,2,0,0,0,nicht anrechenbar,0,0.0,-9240,16,14,1,1,2,3018,1,,,,,,0,,0,,3,3,3,0,1207,1,3,3,3,0,1056,1,2,1,2,0,754,0,ST-HCH1,Normalstation Herzchirurgie,24,Herzchirurgie,7.0,15.0,06:00,14:00,450,,13:30,21:30,450,F,21:15,06:15,495,F|S,11,10,8,10,30,45,8,38.5,30,0.05,0,2.0.0,20261169
PK-001,2026-11-29,history,-1,Sonntag,7,48,1,0,,Stationsleitung,Pflegefachkraft,EXAM|LEITUNG|PRAXISANLEITUNG,1.0,38.5,9240,4620,4158,5082,5,2,2,0,0,1,Pflegefachkraft,1,0.5,2130,16,14,1,1,2,3018,1,,,,,,0,,0,,3,3,3,0,1207,1,3,3,3,0,1056,1,2,1,2,0,754,0,ST-HCH1,Normalstation Herzchirurgie,24,Herzchirurgie,7.0,15.0,06:00,14:00,450,,13:30,21:30,450,F,21:15,06:15,495,F|S,11,10,8,10,30,45,8,38.5,30,0.05,0,2.0.0,20261169
PK-002,2026-11-29,history,-1,Sonntag,7,48,1,0,,Pflegefachkraft,Pflegefachkraft,EXAM,0.6,23.1,5544,5544,4990,6098,5,2,2,8,1,1,Pflegefachkraft,0,0.0,-1359,16,14,1,1,2,3018,1,,,,,,0,,0,,3,3,3,0,1207,1,3,3,3,0,1056,1,2,1,2,0,754,0,ST-HCH1,Normalstation Herzchirurgie,24,Herzchirurgie,7.0,15.0,06:00,14:00,450,,13:30,21:30,450,F,21:15,06:15,495,F|S,11,10,8,10,30,45,8,38.5,30,0.05,0,2.0.0,20261169
PK-003,2026-11-29,history,-1,Sonntag,7,48,1,0,,Pflegefachkraft,Pflegefachkraft,EXAM|KARDIO_MONITORING,1.0,38.5,9240,9240,8316,10164,5,2,2,8,1,1,Pflegefachkraft,0,0.0,-2130,16,14,1,1,2,3018,1,,,,,F,0,,0,,3,3,3,0,1207,1,3,3,3,0,1056,1,2,1,2,0,754,0,ST-HCH1,Normalstation Herzchirurgie,24,Herzchirurgie,7.0,15.0,06:00,14:00,450,,13:30,21:30,450,F,21:15,06:15,495,F|S,11,10,8,10,30,45,8,38.5,30,0.05,0,2.0.0,20261169
PK-004,2026-11-29,history,-1,Sonntag,7,48,1,0,,Pflegefachkraft,Pflegefachkraft,EXAM|KARDIO_MONITORING,0.75,28.88,6931,6931,6238,7624,5,2,2,8,1,1,Pflegefachkraft,0,0.0,-1485,16,14,1,1,2,3018,1,,,,,S,0,,0,,3,3,3,0,1207,1,3,3,3,0,1056,1,2,1,2,0,754,0,ST-HCH1,Normalstation Herzchirurgie,24,Herzchirurgie,7.0,15.0,06:00,14:00,450,,13:30,21:30,450,F,21:15,06:15,495,F|S,11,10,8,10,30,45,8,38.5,30,0.05,0,2.0.0,20261169
PK-005,2026-11-29,history,-1,Sonntag,7,48,1,0,,Pflegefachkraft,Pflegefachkraft,EXAM|PRAXISANLEITUNG,0.7,26.95,6468,6468,5821,7115,5,2,2,8,1,1,Pflegefachkraft,0,0.0,431,16,14,1,1,2,3018,1,,,,,N,0,,0,,3,3,3,0,1207,1,3,3,3,0,1056,1,2,1,2,0,754,0,ST-HCH1,Normalstation Herzchirurgie,24,Herzchirurgie,7.0,15.0,06:00,14:00,450,,13:30,21:30,450,F,21:15,06:15,495,F|S,11,10,8,10,30,45,8,38.5,30,0.05,0,2.0.0,20261169
PK-006,2026-11-29,history,-1,Sonntag,7,48,1,0,,Pflegefachkraft,Pflegefachkraft,EXAM,1.0,38.5,9240,9240,8316,10164,5,2,2,8,1,1,Pflegefachkraft,0,0.0,-2130,16,14,1,1,2,3018,1,,,,,S,0,,0,,3,3,3,0,1207,1,3,3,3,0,1056,1,2,1,2,0,754,0,ST-HCH1,Normalstation Herzchirurgie,24,Herzchirurgie,7.0,15.0,06:00,14:00,450,,13:30,21:30,450,F,21:15,06:15,495,F|S,11,10,8,10,30,45,8,38.5,30,0.05,0,2.0.0,20261169
PK-007,2026-11-29,history,-1,Sonntag,7,48,1,0,,Pflegefachkraft,Pflegefachkraft,EXAM,1.0,38.5,9240,9240,8316,10164,5,2,2,8,1,1,Pflegefachkraft,0,0.0,1104,16,14,1,1,2,3018,1,,,,,S,0,,0,,3,3,3,0,1207,1,3,3,3,0,1056,1,2,1,2,0,754,0,ST-HCH1,Normalstation Herzchirurgie,24,Herzchirurgie,7.0,15.0,06:00,14:00,450,,13:30,21:30,450,F,21:15,06:15,495,F|S,11,10,8,10,30,45,8,38.5,30,0.05,0,2.0.0,20261169
PK-008,2026-11-29,history,-1,Sonntag,7,48,1,0,,Pflegefachkraft,Pflegefachkraft,EXAM|PRAXISANLEITUNG,1.0,38.5,9240,9240,8316,10164,5,2,2,8,1,1,Pflegefachkraft,0,0.0,-2265,16,14,1,1,2,3018,1,,,,,N,0,,0,,3,3,3,0,1207,1,3,3,3,0,1056,1,2,1,2,0,754,0,ST-HCH1,Normalstation Herzchirurgie,24,Herzchirurgie,7.0,15.0,06:00,14:00,450,,13:30,21:30,450,F,21:15,06:15,495,F|S,11,10,8,10,30,45,8,38.5,30,0.05,0,2.0.0,20261169
PK-009,2026-11-29,history,-1,Sonntag,7,48,1,0,,Pflegefachkraft,Pflegefachkraft,EXAM,0.9,34.65,8316,8316,7484,9148,5,2,2,8,1,1,Pflegefachkraft,0,0.0,-1881,16,14,1,1,2,3018,1,,,,,F,0,,0,,3,3,3,0,1207,1,3,3,3,0,1056,1,2,1,2,0,754,0,ST-HCH1,Normalstation Herzchirurgie,24,Herzchirurgie,7.0,15.0,06:00,14:00,450,,13:30,21:30,450,F,21:15,06:15,495,F|S,11,10,8,10,30,45,8,38.5,30,0.05,0,2.0.0,20261169
PK-010,2026-11-29,history,-1,Sonntag,7,48,1,0,,Pflegefachkraft,Pflegefachkraft,EXAM,0.75,28.88,6931,6931,6238,7624,5,2,2,8,1,1,Pflegefachkraft,0,0.0,-1845,16,14,1,1,2,3018,1,,,,,,0,,0,,3,3,3,0,1207,1,3,3,3,0,1056,1,2,1,2,0,754,0,ST-HCH1,Normalstation Herzchirurgie,24,Herzchirurgie,7.0,15.0,06:00,14:00,450,,13:30,21:30,450,F,21:15,06:15,495,F|S,11,10,8,10,30,45,8,38.5,30,0.05,0,2.0.0,20261169
PK-011,2026-11-29,history,-1,Sonntag,7,48,1,0,,Pflegefachkraft,Pflegefachkraft,EXAM,0.8,30.8,7392,7392,6653,8131,5,2,2,8,1,1,Pflegefachkraft,0,0.0,-1947,16,14,1,1,2,3018,1,,,,,,0,,0,,3,3,3,0,1207,1,3,3,3,0,1056,1,2,1,2,0,754,0,ST-HCH1,Normalstation Herzchirurgie,24,Herzchirurgie,7.0,15.0,06:00,14:00,450,,13:30,21:30,450,F,21:15,06:15,495,F|S,11,10,8,10,30,45,8,38.5,30,0.05,0,2.0.0,20261169
PK-012,2026-11-29,history,-1,Sonntag,7,48,1,0,,Pflegefachkraft,Pflegefachkraft,EXAM|KARDIO_MONITORING,0.7,26.95,6468,6468,5821,7115,5,2,2,8,1,1,Pflegefachkraft,0,0.0,-1473,16,14,1,1,2,3018,1,,,,,F,0,,0,,3,3,3,0,1207,1,3,3,3,0,1056,1,2,1,2,0,754,0,ST-HCH1,Normalstation Herzchirurgie,24,Herzchirurgie,7.0,15.0,06:00,14:00,450,,13:30,21:30,450,F,21:15,06:15,495,F|S,11,10,8,10,30,45,8,38.5,30,0.05,0,2.0.0,20261169
PK-013,2026-11-29,history,-1,Sonntag,7,48,1,0,,Pflegefachkraft,Pflegefachkraft,EXAM,1.0,38.5,9240,9240,8316,10164,5,2,2,8,1,1,Pflegefachkraft,0,0.0,-2445,16,14,1,1,2,3018,1,,,,,,0,,0,,3,3,3,0,1207,1,3,3,3,0,1056,1,2,1,2,0,754,0,ST-HCH1,Normalstation Herzchirurgie,24,Herzchirurgie,7.0,15.0,06:00,14:00,450,,13:30,21:30,450,F,21:15,06:15,495,F|S,11,10,8,10,30,45,8,38.5,30,0.05,0,2.0.0,20261169
PK-014,2026-11-29,history,-1,Sonntag,7,48,1,0,,Pflegefachkraft,Pflegefachkraft,EXAM|KARDIO_MONITORING,0.5,19.25,4620,4620,4158,5082,5,2,2,8,1,1,Pflegefachkraft,0,0.0,-1020,16,14,1,1,2,3018,1,,,,,,0,,0,,3,3,3,0,1207,1,3,3,3,0,1056,1,2,1,2,0,754,0,ST-HCH1,Normalstation Herzchirurgie,24,Herzchirurgie,7.0,15.0,06:00,14:00,450,,13:30,21:30,450,F,21:15,06:15,495,F|S,11,10,8,10,30,45,8,38.5,30,0.05,0,2.0.0,20261169
PK-015,2026-11-29,history,-1,Sonntag,7,48,1,0,,Pflegefachkraft,Pflegefachkraft,EXAM,1.0,38.5,9240,9240,8316,10164,5,2,2,8,1,1,Pflegefachkraft,0,0.0,-2490,16,14,1,1,2,3018,1,,,,,,0,,0,,3,3,3,0,1207,1,3,3,3,0,1056,1,2,1,2,0,754,0,ST-HCH1,Normalstation Herzchirurgie,24,Herzchirurgie,7.0,15.0,06:00,14:00,450,,13:30,21:30,450,F,21:15,06:15,495,F|S,11,10,8,10,30,45,8,38.5,30,0.05,0,2.0.0,20261169
PK-016,2026-11-29,history,-1,Sonntag,7,48,1,0,,Pflegefachkraft,Pflegefachkraft,EXAM|PRAXISANLEITUNG,1.0,38.5,9240,9240,8316,10164,5,2,2,8,1,1,Pflegefachkraft,0,0.0,-2310,16,14,1,1,2,3018,1,,,,,,0,,0,,3,3,3,0,1207,1,3,3,3,0,1056,1,2,1,2,0,754,0,ST-HCH1,Normalstation Herzchirurgie,24,Herzchirurgie,7.0,15.0,06:00,14:00,450,,13:30,21:30,450,F,21:15,06:15,495,F|S,11,10,8,10,30,45,8,38.5,30,0.05,0,2.0.0,20261169
PK-017,2026-11-29,history,-1,Sonntag,7,48,1,0,,Pflegefachkraft,Pflegefachkraft,EXAM,0.8,30.8,7392,7392,6653,8131,5,2,2,8,1,1,Pflegefachkraft,0,0.0,-1902,16,14,1,1,2,3018,1,,,,,,0,,0,,3,3,3,0,1207,1,3,3,3,0,1056,1,2,1,2,0,754,0,ST-HCH1,Normalstation Herzchirurgie,24,Herzchirurgie,7.0,15.0,06:00,14:00,450,,13:30,21:30,450,F,21:15,06:15,495,F|S,11,10,8,10,30,45,8,38.5,30,0.05,0,2.0.0,20261169
PK-018,2026-11-29,history,-1,Sonntag,7,48,1,0,,Pflegefachkraft,Pflegefachkraft,EXAM,0.5,19.25,4620,4620,4158,5082,5,2,2,8,1,1,Pflegefachkraft,0,0.0,-1245,16,14,1,1,2,3018,1,,,,,,0,,0,,3,3,3,0,1207,1,3,3,3,0,1056,1,2,1,2,0,754,0,ST-HCH1,Normalstation Herzchirurgie,24,Herzchirurgie,7.0,15.0,06:00,14:00,450,,13:30,21:30,450,F,21:15,06:15,495,F|S,11,10,8,10,30,45,8,38.5,30,0.05,0,2.0.0,20261169
AZ-001,2026-11-30,plan,0,Montag,1,49,0,0,,Auszubildende_r_3_Ausbildungsjahr,Auszubildende,AUSZUBILDEND,1.0,38.5,9240,9240,8316,10164,5,2,2,8,1,0,nicht anrechenbar,0,0.0,-9240,19,18,4,2,1,3136,1,,,,,,0,,0,,3,3,3,0,1254,1,3,3,3,0,1098,1,2,2,2,0,784,0,ST-HCH1,Normalstation Herzchirurgie,24,Herzchirurgie,7.0,15.0,06:00,14:00,450,,13:30,21:30,450,F,21:15,06:15,495,F|S,11,10,8,10,30,45,8,38.5,30,0.05,0,2.0.0,20261169
AZ-002,2026-11-30,plan,0,Montag,1,49,0,0,,Auszubildende_r_2_Ausbildungsjahr,Auszubildende,AUSZUBILDEND,1.0,38.5,9240,9240,8316,10164,5,2,2,8,1,0,nicht anrechenbar,0,0.0,-6006,19,18,4,2,1,3136,1,,,,,,0,,0,,3,3,3,0,1254,1,3,3,3,0,1098,1,2,2,2,0,784,0,ST-HCH1,Normalstation Herzchirurgie,24,Herzchirurgie,7.0,15.0,06:00,14:00,450,,13:30,21:30,450,F,21:15,06:15,495,F|S,11,10,8,10,30,45,8,38.5,30,0.05,0,2.0.0,20261169
AZ-003,2026-11-30,plan,0,Montag,1,49,0,0,,Auszubildende_r_1_Ausbildungsjahr,Auszubildende,AUSZUBILDEND,1.0,38.5,9240,9240,8316,10164,5,2,2,0,0,0,nicht anrechenbar,0,0.0,-9240,19,18,4,2,1,3136,1,,,,,,0,,0,,3,3,3,0,1254,1,3,3,3,0,1098,1,2,2,2,0,784,0,ST-HCH1,Normalstation Herzchirurgie,24,Herzchirurgie,7.0,15.0,06:00,14:00,450,,13:30,21:30,450,F,21:15,06:15,495,F|S,11,10,8,10,30,45,8,38.5,30,0.05,0,2.0.0,20261169
PK-001,2026-11-30,plan,0,Montag,1,49,0,0,,Stationsleitung,Pflegefachkraft,EXAM|LEITUNG|PRAXISANLEITUNG,1.0,38.5,9240,4620,4158,5082,5,2,2,0,0,1,Pflegefachkraft,1,0.5,2130,19,18,4,2,1,3136,1,,2,,,,0,,0,,3,3,3,0,1254,1,3,3,3,0,1098,1,2,2,2,0,784,0,ST-HCH1,Normalstation Herzchirurgie,24,Herzchirurgie,7.0,15.0,06:00,14:00,450,,13:30,21:30,450,F,21:15,06:15,495,F|S,11,10,8,10,30,45,8,38.5,30,0.05,0,2.0.0,20261169
PK-002,2026-11-30,plan,0,Montag,1,49,0,0,,Pflegefachkraft,Pflegefachkraft,EXAM,0.6,23.1,5544,5544,4990,6098,5,2,2,8,1,1,Pflegefachkraft,0,0.0,-1359,19,18,4,2,1,3136,1,,,,,,0,,0,,3,3,3,0,1254,1,3,3,3,0,1098,1,2,2,2,0,784,0,ST-HCH1,Normalstation Herzchirurgie,24,Herzchirurgie,7.0,15.0,06:00,14:00,450,,13:30,21:30,450,F,21:15,06:15,495,F|S,11,10,8,10,30,45,8,38.5,30,0.05,0,2.0.0,20261169
PK-003,2026-11-30,plan,0,Montag,1,49,0,0,,Pflegefachkraft,Pflegefachkraft,EXAM|KARDIO_MONITORING,1.0,38.5,9240,9240,8316,10164,5,2,2,8,1,1,Pflegefachkraft,0,0.0,-2130,19,18,4,2,1,3136,1,,,,,,0,,0,,3,3,3,0,1254,1,3,3,3,0,1098,1,2,2,2,0,784,0,ST-HCH1,Normalstation Herzchirurgie,24,Herzchirurgie,7.0,15.0,06:00,14:00,450,,13:30,21:30,450,F,21:15,06:15,495,F|S,11,10,8,10,30,45,8,38.5,30,0.05,0,2.0.0,20261169
PK-004,2026-11-30,plan,0,Montag,1,49,0,0,,Pflegefachkraft,Pflegefachkraft,EXAM|KARDIO_MONITORING,0.75,28.88,6931,6931,6238,7624,5,2,2,8,1,1,Pflegefachkraft,0,0.0,-1485,19,18,4,2,1,3136,1,,,,,,0,,0,,3,3,3,0,1254,1,3,3,3,0,1098,1,2,2,2,0,784,0,ST-HCH1,Normalstation Herzchirurgie,24,Herzchirurgie,7.0,15.0,06:00,14:00,450,,13:30,21:30,450,F,21:15,06:15,495,F|S,11,10,8,10,30,45,8,38.5,30,0.05,0,2.0.0,20261169
PK-005,2026-11-30,plan,0,Montag,1,49,0,0,,Pflegefachkraft,Pflegefachkraft,EXAM|PRAXISANLEITUNG,0.7,26.95,6468,6468,5821,7115,5,2,2,8,1,1,Pflegefachkraft,0,0.0,431,19,18,4,2,1,3136,1,,,,,,0,,0,,3,3,3,0,1254,1,3,3,3,0,1098,1,2,2,2,0,784,0,ST-HCH1,Normalstation Herzchirurgie,24,Herzchirurgie,7.0,15.0,06:00,14:00,450,,13:30,21:30,450,F,21:15,06:15,495,F|S,11,10,8,10,30,45,8,38.5,30,0.05,0,2.0.0,20261169
PK-006,2026-11-30,plan,0,Montag,1,49,0,0,,Pflegefachkraft,Pflegefachkraft,EXAM,1.0,38.5,9240,9240,8316,10164,5,2,2,8,1,1,Pflegefachkraft,0,0.0,-2130,19,18,4,2,1,3136,1,,,,,,0,,0,,3,3,3,0,1254,1,3,3,3,0,1098,1,2,2,2,0,784,0,ST-HCH1,Normalstation Herzchirurgie,24,Herzchirurgie,7.0,15.0,06:00,14:00,450,,13:30,21:30,450,F,21:15,06:15,495,F|S,11,10,8,10,30,45,8,38.5,30,0.05,0,2.0.0,20261169
PK-007,2026-11-30,plan,0,Montag,1,49,0,0,,Pflegefachkraft,Pflegefachkraft,EXAM,1.0,38.5,9240,9240,8316,10164,5,2,2,8,1,1,Pflegefachkraft,0,0.0,1104,19,18,4,2,1,3136,1,,,,,,0,,0,,3,3,3,0,1254,1,3,3,3,0,1098,1,2,2,2,0,784,0,ST-HCH1,Normalstation Herzchirurgie,24,Herzchirurgie,7.0,15.0,06:00,14:00,450,,13:30,21:30,450,F,21:15,06:15,495,F|S,11,10,8,10,30,45,8,38.5,30,0.05,0,2.0.0,20261169
PK-008,2026-11-30,plan,0,Montag,1,49,0,0,,Pflegefachkraft,Pflegefachkraft,EXAM|PRAXISANLEITUNG,1.0,38.5,9240,9240,8316,10164,5,2,2,8,1,1,Pflegefachkraft,0,0.0,-2265,19,18,4,2,1,3136,1,,2,,,,0,,0,,3,3,3,0,1254,1,3,3,3,0,1098,1,2,2,2,0,784,0,ST-HCH1,Normalstation Herzchirurgie,24,Herzchirurgie,7.0,15.0,06:00,14:00,450,,13:30,21:30,450,F,21:15,06:15,495,F|S,11,10,8,10,30,45,8,38.5,30,0.05,0,2.0.0,20261169
PK-009,2026-11-30,plan,0,Montag,1,49,0,0,,Pflegefachkraft,Pflegefachkraft,EXAM,0.9,34.65,8316,8316,7484,9148,5,2,2,8,1,1,Pflegefachkraft,0,0.0,-1881,19,18,4,2,1,3136,1,,,,,,0,,0,,3,3,3,0,1254,1,3,3,3,0,1098,1,2,2,2,0,784,0,ST-HCH1,Normalstation Herzchirurgie,24,Herzchirurgie,7.0,15.0,06:00,14:00,450,,13:30,21:30,450,F,21:15,06:15,495,F|S,11,10,8,10,30,45,8,38.5,30,0.05,0,2.0.0,20261169
PK-010,2026-11-30,plan,0,Montag,1,49,0,0,,Pflegefachkraft,Pflegefachkraft,EXAM,0.75,28.88,6931,6931,6238,7624,5,2,2,8,1,1,Pflegefachkraft,0,0.0,-1845,19,18,4,2,1,3136,1,,,,,,0,,0,,3,3,3,0,1254,1,3,3,3,0,1098,1,2,2,2,0,784,0,ST-HCH1,Normalstation Herzchirurgie,24,Herzchirurgie,7.0,15.0,06:00,14:00,450,,13:30,21:30,450,F,21:15,06:15,495,F|S,11,10,8,10,30,45,8,38.5,30,0.05,0,2.0.0,20261169
PK-011,2026-11-30,plan,0,Montag,1,49,0,0,,Pflegefachkraft,Pflegefachkraft,EXAM,0.8,30.8,7392,7392,6653,8131,5,2,2,8,1,1,Pflegefachkraft,0,0.0,-1947,19,18,4,2,1,3136,1,,,,,,0,,0,,3,3,3,0,1254,1,3,3,3,0,1098,1,2,2,2,0,784,0,ST-HCH1,Normalstation Herzchirurgie,24,Herzchirurgie,7.0,15.0,06:00,14:00,450,,13:30,21:30,450,F,21:15,06:15,495,F|S,11,10,8,10,30,45,8,38.5,30,0.05,0,2.0.0,20261169
PK-012,2026-11-30,plan,0,Montag,1,49,0,0,,Pflegefachkraft,Pflegefachkraft,EXAM|KARDIO_MONITORING,0.7,26.95,6468,6468,5821,7115,5,2,2,8,1,1,Pflegefachkraft,0,0.0,-1473,19,18,4,2,1,3136,1,,,,,,0,,0,,3,3,3,0,1254,1,3,3,3,0,1098,1,2,2,2,0,784,0,ST-HCH1,Normalstation Herzchirurgie,24,Herzchirurgie,7.0,15.0,06:00,14:00,450,,13:30,21:30,450,F,21:15,06:15,495,F|S,11,10,8,10,30,45,8,38.5,30,0.05,0,2.0.0,20261169
PK-013,2026-11-30,plan,0,Montag,1,49,0,0,,Pflegefachkraft,Pflegefachkraft,EXAM,1.0,38.5,9240,9240,8316,10164,5,2,2,8,1,1,Pflegefachkraft,0,0.0,-2445,19,18,4,2,1,3136,1,,,,,,0,,0,,3,3,3,0,1254,1,3,3,3,0,1098,1,2,2,2,0,784,0,ST-HCH1,Normalstation Herzchirurgie,24,Herzchirurgie,7.0,15.0,06:00,14:00,450,,13:30,21:30,450,F,21:15,06:15,495,F|S,11,10,8,10,30,45,8,38.5,30,0.05,0,2.0.0,20261169
PK-014,2026-11-30,plan,0,Montag,1,49,0,0,,Pflegefachkraft,Pflegefachkraft,EXAM|KARDIO_MONITORING,0.5,19.25,4620,4620,4158,5082,5,2,2,8,1,1,Pflegefachkraft,0,0.0,-1020,19,18,4,2,1,3136,1,,,,,,0,,0,,3,3,3,0,1254,1,3,3,3,0,1098,1,2,2,2,0,784,0,ST-HCH1,Normalstation Herzchirurgie,24,Herzchirurgie,7.0,15.0,06:00,14:00,450,,13:30,21:30,450,F,21:15,06:15,495,F|S,11,10,8,10,30,45,8,38.5,30,0.05,0,2.0.0,20261169
PK-015,2026-11-30,plan,0,Montag,1,49,0,0,,Pflegefachkraft,Pflegefachkraft,EXAM,1.0,38.5,9240,9240,8316,10164,5,2,2,8,1,1,Pflegefachkraft,0,0.0,-2490,19,18,4,2,1,3136,1,,,,,,0,,0,,3,3,3,0,1254,1,3,3,3,0,1098,1,2,2,2,0,784,0,ST-HCH1,Normalstation Herzchirurgie,24,Herzchirurgie,7.0,15.0,06:00,14:00,450,,13:30,21:30,450,F,21:15,06:15,495,F|S,11,10,8,10,30,45,8,38.5,30,0.05,0,2.0.0,20261169
PK-016,2026-11-30,plan,0,Montag,1,49,0,0,,Pflegefachkraft,Pflegefachkraft,EXAM|PRAXISANLEITUNG,1.0,38.5,9240,9240,8316,10164,5,2,2,8,1,1,Pflegefachkraft,0,0.0,-2310,19,18,4,2,1,3136,1,,1,,,,0,,0,,3,3,3,0,1254,1,3,3,3,0,1098,1,2,2,2,0,784,0,ST-HCH1,Normalstation Herzchirurgie,24,Herzchirurgie,7.0,15.0,06:00,14:00,450,,13:30,21:30,450,F,21:15,06:15,495,F|S,11,10,8,10,30,45,8,38.5,30,0.05,0,2.0.0,20261169
PK-017,2026-11-30,plan,0,Montag,1,49,0,0,,Pflegefachkraft,Pflegefachkraft,EXAM,0.8,30.8,7392,7392,6653,8131,5,2,2,8,1,1,Pflegefachkraft,0,0.0,-1902,19,18,4,2,1,3136,1,,,,,,0,,0,,3,3,3,0,1254,1,3,3,3,0,1098,1,2,2,2,0,784,0,ST-HCH1,Normalstation Herzchirurgie,24,Herzchirurgie,7.0,15.0,06:00,14:00,450,,13:30,21:30,450,F,21:15,06:15,495,F|S,11,10,8,10,30,45,8,38.5,30,0.05,0,2.0.0,20261169
PK-018,2026-11-30,plan,0,Montag,1,49,0,0,,Pflegefachkraft,Pflegefachkraft,EXAM,0.5,19.25,4620,4620,4158,5082,5,2,2,8,1,1,Pflegefachkraft,0,0.0,-1245,19,18,4,2,1,3136,0,LANGZEITABWESENHEIT,,,,,0,,0,,3,3,3,0,1254,1,3,3,3,0,1098,1,2,2,2,0,784,0,ST-HCH1,Normalstation Herzchirurgie,24,Herzchirurgie,7.0,15.0,06:00,14:00,450,,13:30,21:30,450,F,21:15,06:15,495,F|S,11,10,8,10,30,45,8,38.5,30,0.05,0,2.0.0,20261169
AZ-001,2026-12-01,plan,1,Dienstag,2,49,0,0,,Auszubildende_r_3_Ausbildungsjahr,Auszubildende,AUSZUBILDEND,1.0,38.5,9240,9240,8316,10164,5,2,2,8,1,0,nicht anrechenbar,0,0.0,-9240,19,18,2,3,0,2916,1,,,,,,0,,0,,3,3,3,0,1166,1,3,3,3,0,1021,1,2,2,2,0,729,0,ST-HCH1,Normalstation Herzchirurgie,24,Herzchirurgie,7.0,15.0,06:00,14:00,450,,13:30,21:30,450,F,21:15,06:15,495,F|S,11,10,8,10,30,45,8,38.5,30,0.05,0,2.0.0,20261169
AZ-002,2026-12-01,plan,1,Dienstag,2,49,0,0,,Auszubildende_r_2_Ausbildungsjahr,Auszubildende,AUSZUBILDEND,1.0,38.5,9240,9240,8316,10164,5,2,2,8,1,0,nicht anrechenbar,0,0.0,-6006,19,18,2,3,0,2916,1,,,,,,0,,0,,3,3,3,0,1166,1,3,3,3,0,1021,1,2,2,2,0,729,0,ST-HCH1,Normalstation Herzchirurgie,24,Herzchirurgie,7.0,15.0,06:00,14:00,450,,13:30,21:30,450,F,21:15,06:15,495,F|S,11,10,8,10,30,45,8,38.5,30,0.05,0,2.0.0,20261169
AZ-003,2026-12-01,plan,1,Dienstag,2,49,0,0,,Auszubildende_r_1_Ausbildungsjahr,Auszubildende,AUSZUBILDEND,1.0,38.5,9240,9240,8316,10164,5,2,2,0,0,0,nicht anrechenbar,0,0.0,-9240,19,18,2,3,0,2916,1,,,,,,0,,0,,3,3,3,0,1166,1,3,3,3,0,1021,1,2,2,2,0,729,0,ST-HCH1,Normalstation Herzchirurgie,24,Herzchirurgie,7.0,15.0,06:00,14:00,450,,13:30,21:30,450,F,21:15,06:15,495,F|S,11,10,8,10,30,45,8,38.5,30,0.05,0,2.0.0,20261169
PK-001,2026-12-01,plan,1,Dienstag,2,49,0,0,,Stationsleitung,Pflegefachkraft,EXAM|LEITUNG|PRAXISANLEITUNG,1.0,38.5,9240,4620,4158,5082,5,2,2,0,0,1,Pflegefachkraft,1,0.5,2130,19,18,2,3,0,2916,1,,,,,,0,,0,,3,3,3,0,1166,1,3,3,3,0,1021,1,2,2,2,0,729,0,ST-HCH1,Normalstation Herzchirurgie,24,Herzchirurgie,7.0,15.0,06:00,14:00,450,,13:30,21:30,450,F,21:15,06:15,495,F|S,11,10,8,10,30,45,8,38.5,30,0.05,0,2.0.0,20261169
PK-002,2026-12-01,plan,1,Dienstag,2,49,0,0,,Pflegefachkraft,Pflegefachkraft,EXAM,0.6,23.1,5544,5544,4990,6098,5,2,2,8,1,1,Pflegefachkraft,0,0.0,-1359,19,18,2,3,0,2916,1,,,,,,0,,0,,3,3,3,0,1166,1,3,3,3,0,1021,1,2,2,2,0,729,0,ST-HCH1,Normalstation Herzchirurgie,24,Herzchirurgie,7.0,15.0,06:00,14:00,450,,13:30,21:30,450,F,21:15,06:15,495,F|S,11,10,8,10,30,45,8,38.5,30,0.05,0,2.0.0,20261169
PK-003,2026-12-01,plan,1,Dienstag,2,49,0,0,,Pflegefachkraft,Pflegefachkraft,EXAM|KARDIO_MONITORING,1.0,38.5,9240,9240,8316,10164,5,2,2,8,1,1,Pflegefachkraft,0,0.0,-2130,19,18,2,3,0,2916,1,,,,,,0,,0,,3,3,3,0,1166,1,3,3,3,0,1021,1,2,2,2,0,729,0,ST-HCH1,Normalstation Herzchirurgie,24,Herzchirurgie,7.0,15.0,06:00,14:00,450,,13:30,21:30,450,F,21:15,06:15,495,F|S,11,10,8,10,30,45,8,38.5,30,0.05,0,2.0.0,20261169
PK-004,2026-12-01,plan,1,Dienstag,2,49,0,0,,Pflegefachkraft,Pflegefachkraft,EXAM|KARDIO_MONITORING,0.75,28.88,6931,6931,6238,7624,5,2,2,8,1,1,Pflegefachkraft,0,0.0,-1485,19,18,2,3,0,2916,1,,,,,,0,,0,,3,3,3,0,1166,1,3,3,3,0,1021,1,2,2,2,0,729,0,ST-HCH1,Normalstation Herzchirurgie,24,Herzchirurgie,7.0,15.0,06:00,14:00,450,,13:30,21:30,450,F,21:15,06:15,495,F|S,11,10,8,10,30,45,8,38.5,30,0.05,0,2.0.0,20261169
PK-005,2026-12-01,plan,1,Dienstag,2,49,0,0,,Pflegefachkraft,Pflegefachkraft,EXAM|PRAXISANLEITUNG,0.7,26.95,6468,6468,5821,7115,5,2,2,8,1,1,Pflegefachkraft,0,0.0,431,19,18,2,3,0,2916,1,,,,,,0,,0,,3,3,3,0,1166,1,3,3,3,0,1021,1,2,2,2,0,729,0,ST-HCH1,Normalstation Herzchirurgie,24,Herzchirurgie,7.0,15.0,06:00,14:00,450,,13:30,21:30,450,F,21:15,06:15,495,F|S,11,10,8,10,30,45,8,38.5,30,0.05,0,2.0.0,20261169
PK-006,2026-12-01,plan,1,Dienstag,2,49,0,0,,Pflegefachkraft,Pflegefachkraft,EXAM,1.0,38.5,9240,9240,8316,10164,5,2,2,8,1,1,Pflegefachkraft,0,0.0,-2130,19,18,2,3,0,2916,1,,,,,,0,,0,,3,3,3,0,1166,1,3,3,3,0,1021,1,2,2,2,0,729,0,ST-HCH1,Normalstation Herzchirurgie,24,Herzchirurgie,7.0,15.0,06:00,14:00,450,,13:30,21:30,450,F,21:15,06:15,495,F|S,11,10,8,10,30,45,8,38.5,30,0.05,0,2.0.0,20261169
PK-007,2026-12-01,plan,1,Dienstag,2,49,0,0,,Pflegefachkraft,Pflegefachkraft,EXAM,1.0,38.5,9240,9240,8316,10164,5,2,2,8,1,1,Pflegefachkraft,0,0.0,1104,19,18,2,3,0,2916,1,,,,,,0,,0,,3,3,3,0,1166,1,3,3,3,0,1021,1,2,2,2,0,729,0,ST-HCH1,Normalstation Herzchirurgie,24,Herzchirurgie,7.0,15.0,06:00,14:00,450,,13:30,21:30,450,F,21:15,06:15,495,F|S,11,10,8,10,30,45,8,38.5,30,0.05,0,2.0.0,20261169
PK-008,2026-12-01,plan,1,Dienstag,2,49,0,0,,Pflegefachkraft,Pflegefachkraft,EXAM|PRAXISANLEITUNG,1.0,38.5,9240,9240,8316,10164,5,2,2,8,1,1,Pflegefachkraft,0,0.0,-2265,19,18,2,3,0,2916,1,,,,,,0,,0,,3,3,3,0,1166,1,3,3,3,0,1021,1,2,2,2,0,729,0,ST-HCH1,Normalstation Herzchirurgie,24,Herzchirurgie,7.0,15.0,06:00,14:00,450,,13:30,21:30,450,F,21:15,06:15,495,F|S,11,10,8,10,30,45,8,38.5,30,0.05,0,2.0.0,20261169
PK-009,2026-12-01,plan,1,Dienstag,2,49,0,0,,Pflegefachkraft,Pflegefachkraft,EXAM,0.9,34.65,8316,8316,7484,9148,5,2,2,8,1,1,Pflegefachkraft,0,0.0,-1881,19,18,2,3,0,2916,1,,3,,,,0,,0,,3,3,3,0,1166,1,3,3,3,0,1021,1,2,2,2,0,729,0,ST-HCH1,Normalstation Herzchirurgie,24,Herzchirurgie,7.0,15.0,06:00,14:00,450,,13:30,21:30,450,F,21:15,06:15,495,F|S,11,10,8,10,30,45,8,38.5,30,0.05,0,2.0.0,20261169
PK-010,2026-12-01,plan,1,Dienstag,2,49,0,0,,Pflegefachkraft,Pflegefachkraft,EXAM,0.75,28.88,6931,6931,6238,7624,5,2,2,8,1,1,Pflegefachkraft,0,0.0,-1845,19,18,2,3,0,2916,1,,,,,,0,,0,,3,3,3,0,1166,1,3,3,3,0,1021,1,2,2,2,0,729,0,ST-HCH1,Normalstation Herzchirurgie,24,Herzchirurgie,7.0,15.0,06:00,14:00,450,,13:30,21:30,450,F,21:15,06:15,495,F|S,11,10,8,10,30,45,8,38.5,30,0.05,0,2.0.0,20261169
PK-011,2026-12-01,plan,1,Dienstag,2,49,0,0,,Pflegefachkraft,Pflegefachkraft,EXAM,0.8,30.8,7392,7392,6653,8131,5,2,2,8,1,1,Pflegefachkraft,0,0.0,-1947,19,18,2,3,0,2916,1,,,,,,0,,0,,3,3,3,0,1166,1,3,3,3,0,1021,1,2,2,2,0,729,0,ST-HCH1,Normalstation Herzchirurgie,24,Herzchirurgie,7.0,15.0,06:00,14:00,450,,13:30,21:30,450,F,21:15,06:15,495,F|S,11,10,8,10,30,45,8,38.5,30,0.05,0,2.0.0,20261169
PK-012,2026-12-01,plan,1,Dienstag,2,49,0,0,,Pflegefachkraft,Pflegefachkraft,EXAM|KARDIO_MONITORING,0.7,26.95,6468,6468,5821,7115,5,2,2,8,1,1,Pflegefachkraft,0,0.0,-1473,19,18,2,3,0,2916,1,,,,,,0,,0,,3,3,3,0,1166,1,3,3,3,0,1021,1,2,2,2,0,729,0,ST-HCH1,Normalstation Herzchirurgie,24,Herzchirurgie,7.0,15.0,06:00,14:00,450,,13:30,21:30,450,F,21:15,06:15,495,F|S,11,10,8,10,30,45,8,38.5,30,0.05,0,2.0.0,20261169
PK-013,2026-12-01,plan,1,Dienstag,2,49,0,0,,Pflegefachkraft,Pflegefachkraft,EXAM,1.0,38.5,9240,9240,8316,10164,5,2,2,8,1,1,Pflegefachkraft,0,0.0,-2445,19,18,2,3,0,2916,1,,,,,,0,,0,,3,3,3,0,1166,1,3,3,3,0,1021,1,2,2,2,0,729,0,ST-HCH1,Normalstation Herzchirurgie,24,Herzchirurgie,7.0,15.0,06:00,14:00,450,,13:30,21:30,450,F,21:15,06:15,495,F|S,11,10,8,10,30,45,8,38.5,30,0.05,0,2.0.0,20261169
PK-014,2026-12-01,plan,1,Dienstag,2,49,0,0,,Pflegefachkraft,Pflegefachkraft,EXAM|KARDIO_MONITORING,0.5,19.25,4620,4620,4158,5082,5,2,2,8,1,1,Pflegefachkraft,0,0.0,-1020,19,18,2,3,0,2916,1,,,,,,0,,0,,3,3,3,0,1166,1,3,3,3,0,1021,1,2,2,2,0,729,0,ST-HCH1,Normalstation Herzchirurgie,24,Herzchirurgie,7.0,15.0,06:00,14:00,450,,13:30,21:30,450,F,21:15,06:15,495,F|S,11,10,8,10,30,45,8,38.5,30,0.05,0,2.0.0,20261169
PK-015,2026-12-01,plan,1,Dienstag,2,49,0,0,,Pflegefachkraft,Pflegefachkraft,EXAM,1.0,38.5,9240,9240,8316,10164,5,2,2,8,1,1,Pflegefachkraft,0,0.0,-2490,19,18,2,3,0,2916,1,,1,,,,0,,0,,3,3,3,0,1166,1,3,3,3,0,1021,1,2,2,2,0,729,0,ST-HCH1,Normalstation Herzchirurgie,24,Herzchirurgie,7.0,15.0,06:00,14:00,450,,13:30,21:30,450,F,21:15,06:15,495,F|S,11,10,8,10,30,45,8,38.5,30,0.05,0,2.0.0,20261169
PK-016,2026-12-01,plan,1,Dienstag,2,49,0,0,,Pflegefachkraft,Pflegefachkraft,EXAM|PRAXISANLEITUNG,1.0,38.5,9240,9240,8316,10164,5,2,2,8,1,1,Pflegefachkraft,0,0.0,-2310,19,18,2,3,0,2916,1,,,,,,0,,0,,3,3,3,0,1166,1,3,3,3,0,1021,1,2,2,2,0,729,0,ST-HCH1,Normalstation Herzchirurgie,24,Herzchirurgie,7.0,15.0,06:00,14:00,450,,13:30,21:30,450,F,21:15,06:15,495,F|S,11,10,8,10,30,45,8,38.5,30,0.05,0,2.0.0,20261169
PK-017,2026-12-01,plan,1,Dienstag,2,49,0,0,,Pflegefachkraft,Pflegefachkraft,EXAM,0.8,30.8,7392,7392,6653,8131,5,2,2,8,1,1,Pflegefachkraft,0,0.0,-1902,19,18,2,3,0,2916,1,,,,,,0,,0,,3,3,3,0,1166,1,3,3,3,0,1021,1,2,2,2,0,729,0,ST-HCH1,Normalstation Herzchirurgie,24,Herzchirurgie,7.0,15.0,06:00,14:00,450,,13:30,21:30,450,F,21:15,06:15,495,F|S,11,10,8,10,30,45,8,38.5,30,0.05,0,2.0.0,20261169
PK-018,2026-12-01,plan,1,Dienstag,2,49,0,0,,Pflegefachkraft,Pflegefachkraft,EXAM,0.5,19.25,4620,4620,4158,5082,5,2,2,8,1,1,Pflegefachkraft,0,0.0,-1245,19,18,2,3,0,2916,0,LANGZEITABWESENHEIT,,,,,0,,0,,3,3,3,0,1166,1,3,3,3,0,1021,1,2,2,2,0,729,0,ST-HCH1,Normalstation Herzchirurgie,24,Herzchirurgie,7.0,15.0,06:00,14:00,450,,13:30,21:30,450,F,21:15,06:15,495,F|S,11,10,8,10,30,45,8,38.5,30,0.05,0,2.0.0,20261169
AZ-001,2026-12-02,plan,2,Mittwoch,3,49,0,0,,Auszubildende_r_3_Ausbildungsjahr,Auszubildende,AUSZUBILDEND,1.0,38.5,9240,9240,8316,10164,5,2,2,8,1,0,nicht anrechenbar,0,0.0,-9240,18,18,4,3,0,3529,1,,,,,,0,,0,,3,3,3,0,1412,1,3,3,3,0,1235,1,2,2,2,0,882,0,ST-HCH1,Normalstation Herzchirurgie,24,Herzchirurgie,7.0,15.0,06:00,14:00,450,,13:30,21:30,450,F,21:15,06:15,495,F|S,11,10,8,10,30,45,8,38.5,30,0.05,0,2.0.0,20261169
AZ-002,2026-12-02,plan,2,Mittwoch,3,49,0,0,,Auszubildende_r_2_Ausbildungsjahr,Auszubildende,AUSZUBILDEND,1.0,38.5,9240,9240,8316,10164,5,2,2,8,1,0,nicht anrechenbar,0,0.0,-6006,18,18,4,3,0,3529,1,,,,,,0,,0,,3,3,3,0,1412,1,3,3,3,0,1235,1,2,2,2,0,882,0,ST-HCH1,Normalstation Herzchirurgie,24,Herzchirurgie,7.0,15.0,06:00,14:00,450,,13:30,21:30,450,F,21:15,06:15,495,F|S,11,10,8,10,30,45,8,38.5,30,0.05,0,2.0.0,20261169
AZ-003,2026-12-02,plan,2,Mittwoch,3,49,0,0,,Auszubildende_r_1_Ausbildungsjahr,Auszubildende,AUSZUBILDEND,1.0,38.5,9240,9240,8316,10164,5,2,2,0,0,0,nicht anrechenbar,0,0.0,-9240,18,18,4,3,0,3529,1,,,,,,0,,0,,3,3,3,0,1412,1,3,3,3,0,1235,1,2,2,2,0,882,0,ST-HCH1,Normalstation Herzchirurgie,24,Herzchirurgie,7.0,15.0,06:00,14:00,450,,13:30,21:30,450,F,21:15,06:15,495,F|S,11,10,8,10,30,45,8,38.5,30,0.05,0,2.0.0,20261169
PK-001,2026-12-02,plan,2,Mittwoch,3,49,0,0,,Stationsleitung,Pflegefachkraft,EXAM|LEITUNG|PRAXISANLEITUNG,1.0,38.5,9240,4620,4158,5082,5,2,2,0,0,1,Pflegefachkraft,1,0.5,2130,18,18,4,3,0,3529,1,,,,,,0,,0,,3,3,3,0,1412,1,3,3,3,0,1235,1,2,2,2,0,882,0,ST-HCH1,Normalstation Herzchirurgie,24,Herzchirurgie,7.0,15.0,06:00,14:00,450,,13:30,21:30,450,F,21:15,06:15,495,F|S,11,10,8,10,30,45,8,38.5,30,0.05,0,2.0.0,20261169
PK-002,2026-12-02,plan,2,Mittwoch,3,49,0,0,,Pflegefachkraft,Pflegefachkraft,EXAM,0.6,23.1,5544,5544,4990,6098,5,2,2,8,1,1,Pflegefachkraft,0,0.0,-1359,18,18,4,3,0,3529,1,,,,,,0,,0,,3,3,3,0,1412,1,3,3,3,0,1235,1,2,2,2,0,882,0,ST-HCH1,Normalstation Herzchirurgie,24,Herzchirurgie,7.0,15.0,06:00,14:00,450,,13:30,21:30,450,F,21:15,06:15,495,F|S,11,10,8,10,30,45,8,38.5,30,0.05,0,2.0.0,20261169
PK-003,2026-12-02,plan,2,Mittwoch,3,49,0,0,,Pflegefachkraft,Pflegefachkraft,EXAM|KARDIO_MONITORING,1.0,38.5,9240,9240,8316,10164,5,2,2,8,1,1,Pflegefachkraft,0,0.0,-2130,18,18,4,3,0,3529,1,,,,,,0,,0,,3,3,3,0,1412,1,3,3,3,0,1235,1,2,2,2,0,882,0,ST-HCH1,Normalstation Herzchirurgie,24,Herzchirurgie,7.0,15.0,06:00,14:00,450,,13:30,21:30,450,F,21:15,06:15,495,F|S,11,10,8,10,30,45,8,38.5,30,0.05,0,2.0.0,20261169
PK-004,2026-12-02,plan,2,Mittwoch,3,49,0,0,,Pflegefachkraft,Pflegefachkraft,EXAM|KARDIO_MONITORING,0.75,28.88,6931,6931,6238,7624,5,2,2,8,1,1,Pflegefachkraft,0,0.0,-1485,18,18,4,3,0,3529,1,,,,,,0,,0,,3,3,3,0,1412,1,3,3,3,0,1235,1,2,2,2,0,882,0,ST-HCH1,Normalstation Herzchirurgie,24,Herzchirurgie,7.0,15.0,06:00,14:00,450,,13:30,21:30,450,F,21:15,06:15,495,F|S,11,10,8,10,30,45,8,38.5,30,0.05,0,2.0.0,20261169
PK-005,2026-12-02,plan,2,Mittwoch,3,49,0,0,,Pflegefachkraft,Pflegefachkraft,EXAM|PRAXISANLEITUNG,0.7,26.95,6468,6468,5821,7115,5,2,2,8,1,1,Pflegefachkraft,0,0.0,431,18,18,4,3,0,3529,1,,,,,,0,,0,,3,3,3,0,1412,1,3,3,3,0,1235,1,2,2,2,0,882,0,ST-HCH1,Normalstation Herzchirurgie,24,Herzchirurgie,7.0,15.0,06:00,14:00,450,,13:30,21:30,450,F,21:15,06:15,495,F|S,11,10,8,10,30,45,8,38.5,30,0.05,0,2.0.0,20261169
PK-006,2026-12-02,plan,2,Mittwoch,3,49,0,0,,Pflegefachkraft,Pflegefachkraft,EXAM,1.0,38.5,9240,9240,8316,10164,5,2,2,8,1,1,Pflegefachkraft,0,0.0,-2130,18,18,4,3,0,3529,1,,,,,,0,,0,,3,3,3,0,1412,1,3,3,3,0,1235,1,2,2,2,0,882,0,ST-HCH1,Normalstation Herzchirurgie,24,Herzchirurgie,7.0,15.0,06:00,14:00,450,,13:30,21:30,450,F,21:15,06:15,495,F|S,11,10,8,10,30,45,8,38.5,30,0.05,0,2.0.0,20261169
PK-007,2026-12-02,plan,2,Mittwoch,3,49,0,0,,Pflegefachkraft,Pflegefachkraft,EXAM,1.0,38.5,9240,9240,8316,10164,5,2,2,8,1,1,Pflegefachkraft,0,0.0,1104,18,18,4,3,0,3529,1,,,S,2,,1,12,0,,3,3,3,0,1412,1,3,3,3,0,1235,1,2,2,2,0,882,0,ST-HCH1,Normalstation Herzchirurgie,24,Herzchirurgie,7.0,15.0,06:00,14:00,450,,13:30,21:30,450,F,21:15,06:15,495,F|S,11,10,8,10,30,45,8,38.5,30,0.05,0,2.0.0,20261169
PK-008,2026-12-02,plan,2,Mittwoch,3,49,0,0,,Pflegefachkraft,Pflegefachkraft,EXAM|PRAXISANLEITUNG,1.0,38.5,9240,9240,8316,10164,5,2,2,8,1,1,Pflegefachkraft,0,0.0,-2265,18,18,4,3,0,3529,1,,,,,,0,,0,,3,3,3,0,1412,1,3,3,3,0,1235,1,2,2,2,0,882,0,ST-HCH1,Normalstation Herzchirurgie,24,Herzchirurgie,7.0,15.0,06:00,14:00,450,,13:30,21:30,450,F,21:15,06:15,495,F|S,11,10,8,10,30,45,8,38.5,30,0.05,0,2.0.0,20261169
PK-009,2026-12-02,plan,2,Mittwoch,3,49,0,0,,Pflegefachkraft,Pflegefachkraft,EXAM,0.9,34.65,8316,8316,7484,9148,5,2,2,8,1,1,Pflegefachkraft,0,0.0,-1881,18,18,4,3,0,3529,1,,,,,,0,,0,,3,3,3,0,1412,1,3,3,3,0,1235,1,2,2,2,0,882,0,ST-HCH1,Normalstation Herzchirurgie,24,Herzchirurgie,7.0,15.0,06:00,14:00,450,,13:30,21:30,450,F,21:15,06:15,495,F|S,11,10,8,10,30,45,8,38.5,30,0.05,0,2.0.0,20261169
PK-010,2026-12-02,plan,2,Mittwoch,3,49,0,0,,Pflegefachkraft,Pflegefachkraft,EXAM,0.75,28.88,6931,6931,6238,7624,5,2,2,8,1,1,Pflegefachkraft,0,0.0,-1845,18,18,4,3,0,3529,1,,,,,,0,,0,,3,3,3,0,1412,1,3,3,3,0,1235,1,2,2,2,0,882,0,ST-HCH1,Normalstation Herzchirurgie,24,Herzchirurgie,7.0,15.0,06:00,14:00,450,,13:30,21:30,450,F,21:15,06:15,495,F|S,11,10,8,10,30,45,8,38.5,30,0.05,0,2.0.0,20261169
PK-011,2026-12-02,plan,2,Mittwoch,3,49,0,0,,Pflegefachkraft,Pflegefachkraft,EXAM,0.8,30.8,7392,7392,6653,8131,5,2,2,8,1,1,Pflegefachkraft,0,0.0,-1947,18,18,4,3,0,3529,1,,,,,,0,,0,,3,3,3,0,1412,1,3,3,3,0,1235,1,2,2,2,0,882,0,ST-HCH1,Normalstation Herzchirurgie,24,Herzchirurgie,7.0,15.0,06:00,14:00,450,,13:30,21:30,450,F,21:15,06:15,495,F|S,11,10,8,10,30,45,8,38.5,30,0.05,0,2.0.0,20261169
PK-012,2026-12-02,plan,2,Mittwoch,3,49,0,0,,Pflegefachkraft,Pflegefachkraft,EXAM|KARDIO_MONITORING,0.7,26.95,6468,6468,5821,7115,5,2,2,8,1,1,Pflegefachkraft,0,0.0,-1473,18,18,4,3,0,3529,1,,,,,,0,,0,,3,3,3,0,1412,1,3,3,3,0,1235,1,2,2,2,0,882,0,ST-HCH1,Normalstation Herzchirurgie,24,Herzchirurgie,7.0,15.0,06:00,14:00,450,,13:30,21:30,450,F,21:15,06:15,495,F|S,11,10,8,10,30,45,8,38.5,30,0.05,0,2.0.0,20261169
PK-013,2026-12-02,plan,2,Mittwoch,3,49,0,0,,Pflegefachkraft,Pflegefachkraft,EXAM,1.0,38.5,9240,9240,8316,10164,5,2,2,8,1,1,Pflegefachkraft,0,0.0,-2445,18,18,4,3,0,3529,1,,,,,,0,,0,,3,3,3,0,1412,1,3,3,3,0,1235,1,2,2,2,0,882,0,ST-HCH1,Normalstation Herzchirurgie,24,Herzchirurgie,7.0,15.0,06:00,14:00,450,,13:30,21:30,450,F,21:15,06:15,495,F|S,11,10,8,10,30,45,8,38.5,30,0.05,0,2.0.0,20261169
PK-014,2026-12-02,plan,2,Mittwoch,3,49,0,0,,Pflegefachkraft,Pflegefachkraft,EXAM|KARDIO_MONITORING,0.5,19.25,4620,4620,4158,5082,5,2,2,8,1,1,Pflegefachkraft,0,0.0,-1020,18,18,4,3,0,3529,1,,,,,,0,,0,,3,3,3,0,1412,1,3,3,3,0,1235,1,2,2,2,0,882,0,ST-HCH1,Normalstation Herzchirurgie,24,Herzchirurgie,7.0,15.0,06:00,14:00,450,,13:30,21:30,450,F,21:15,06:15,495,F|S,11,10,8,10,30,45,8,38.5,30,0.05,0,2.0.0,20261169
PK-015,2026-12-02,plan,2,Mittwoch,3,49,0,0,,Pflegefachkraft,Pflegefachkraft,EXAM,1.0,38.5,9240,9240,8316,10164,5,2,2,8,1,1,Pflegefachkraft,0,0.0,-2490,18,18,4,3,0,3529,1,,,,,,0,,0,,3,3,3,0,1412,1,3,3,3,0,1235,1,2,2,2,0,882,0,ST-HCH1,Normalstation Herzchirurgie,24,Herzchirurgie,7.0,15.0,06:00,14:00,450,,13:30,21:30,450,F,21:15,06:15,495,F|S,11,10,8,10,30,45,8,38.5,30,0.05,0,2.0.0,20261169
PK-016,2026-12-02,plan,2,Mittwoch,3,49,0,0,,Pflegefachkraft,Pflegefachkraft,EXAM|PRAXISANLEITUNG,1.0,38.5,9240,9240,8316,10164,5,2,2,8,1,1,Pflegefachkraft,0,0.0,-2310,18,18,4,3,0,3529,1,,,,,,0,,0,,3,3,3,0,1412,1,3,3,3,0,1235,1,2,2,2,0,882,0,ST-HCH1,Normalstation Herzchirurgie,24,Herzchirurgie,7.0,15.0,06:00,14:00,450,,13:30,21:30,450,F,21:15,06:15,495,F|S,11,10,8,10,30,45,8,38.5,30,0.05,0,2.0.0,20261169
PK-017,2026-12-02,plan,2,Mittwoch,3,49,0,0,,Pflegefachkraft,Pflegefachkraft,EXAM,0.8,30.8,7392,7392,6653,8131,5,2,2,8,1,1,Pflegefachkraft,0,0.0,-1902,18,18,4,3,0,3529,1,,,,,,0,,0,,3,3,3,0,1412,1,3,3,3,0,1235,1,2,2,2,0,882,0,ST-HCH1,Normalstation Herzchirurgie,24,Herzchirurgie,7.0,15.0,06:00,14:00,450,,13:30,21:30,450,F,21:15,06:15,495,F|S,11,10,8,10,30,45,8,38.5,30,0.05,0,2.0.0,20261169
PK-018,2026-12-02,plan,2,Mittwoch,3,49,0,0,,Pflegefachkraft,Pflegefachkraft,EXAM,0.5,19.25,4620,4620,4158,5082,5,2,2,8,1,1,Pflegefachkraft,0,0.0,-1245,18,18,4,3,0,3529,0,LANGZEITABWESENHEIT,,,,,0,,0,,3,3,3,0,1412,1,3,3,3,0,1235,1,2,2,2,0,882,0,ST-HCH1,Normalstation Herzchirurgie,24,Herzchirurgie,7.0,15.0,06:00,14:00,450,,13:30,21:30,450,F,21:15,06:15,495,F|S,11,10,8,10,30,45,8,38.5,30,0.05,0,2.0.0,20261169
AZ-001,2026-12-03,plan,3,Donnerstag,4,49,0,0,,Auszubildende_r_3_Ausbildungsjahr,Auszubildende,AUSZUBILDEND,1.0,38.5,9240,9240,8316,10164,5,2,2,8,1,0,nicht anrechenbar,0,0.0,-9240,18,17,3,4,1,3414,1,,,,,,0,,0,,3,3,3,0,1366,1,3,3,3,0,1195,1,2,2,2,0,854,0,ST-HCH1,Normalstation Herzchirurgie,24,Herzchirurgie,7.0,15.0,06:00,14:00,450,,13:30,21:30,450,F,21:15,06:15,495,F|S,11,10,8,10,30,45,8,38.5,30,0.05,0,2.0.0,20261169
AZ-002,2026-12-03,plan,3,Donnerstag,4,49,0,0,,Auszubildende_r_2_Ausbildungsjahr,Auszubildende,AUSZUBILDEND,1.0,38.5,9240,9240,8316,10164,5,2,2,8,1,0,nicht anrechenbar,0,0.0,-6006,18,17,3,4,1,3414,1,,,,,,0,,0,,3,3,3,0,1366,1,3,3,3,0,1195,1,2,2,2,0,854,0,ST-HCH1,Normalstation Herzchirurgie,24,Herzchirurgie,7.0,15.0,06:00,14:00,450,,13:30,21:30,450,F,21:15,06:15,495,F|S,11,10,8,10,30,45,8,38.5,30,0.05,0,2.0.0,20261169
AZ-003,2026-12-03,plan,3,Donnerstag,4,49,0,0,,Auszubildende_r_1_Ausbildungsjahr,Auszubildende,AUSZUBILDEND,1.0,38.5,9240,9240,8316,10164,5,2,2,0,0,0,nicht anrechenbar,0,0.0,-9240,18,17,3,4,1,3414,1,,,,,,0,,0,,3,3,3,0,1366,1,3,3,3,0,1195,1,2,2,2,0,854,0,ST-HCH1,Normalstation Herzchirurgie,24,Herzchirurgie,7.0,15.0,06:00,14:00,450,,13:30,21:30,450,F,21:15,06:15,495,F|S,11,10,8,10,30,45,8,38.5,30,0.05,0,2.0.0,20261169
PK-001,2026-12-03,plan,3,Donnerstag,4,49,0,0,,Stationsleitung,Pflegefachkraft,EXAM|LEITUNG|PRAXISANLEITUNG,1.0,38.5,9240,4620,4158,5082,5,2,2,0,0,1,Pflegefachkraft,1,0.5,2130,18,17,3,4,1,3414,1,,,,,,0,,0,,3,3,3,0,1366,1,3,3,3,0,1195,1,2,2,2,0,854,0,ST-HCH1,Normalstation Herzchirurgie,24,Herzchirurgie,7.0,15.0,06:00,14:00,450,,13:30,21:30,450,F,21:15,06:15,495,F|S,11,10,8,10,30,45,8,38.5,30,0.05,0,2.0.0,20261169
PK-002,2026-12-03,plan,3,Donnerstag,4,49,0,0,,Pflegefachkraft,Pflegefachkraft,EXAM,0.6,23.1,5544,5544,4990,6098,5,2,2,8,1,1,Pflegefachkraft,0,0.0,-1359,18,17,3,4,1,3414,1,,,,,,0,,0,,3,3,3,0,1366,1,3,3,3,0,1195,1,2,2,2,0,854,0,ST-HCH1,Normalstation Herzchirurgie,24,Herzchirurgie,7.0,15.0,06:00,14:00,450,,13:30,21:30,450,F,21:15,06:15,495,F|S,11,10,8,10,30,45,8,38.5,30,0.05,0,2.0.0,20261169
PK-003,2026-12-03,plan,3,Donnerstag,4,49,0,0,,Pflegefachkraft,Pflegefachkraft,EXAM|KARDIO_MONITORING,1.0,38.5,9240,9240,8316,10164,5,2,2,8,1,1,Pflegefachkraft,0,0.0,-2130,18,17,3,4,1,3414,1,,,,,,0,,0,,3,3,3,0,1366,1,3,3,3,0,1195,1,2,2,2,0,854,0,ST-HCH1,Normalstation Herzchirurgie,24,Herzchirurgie,7.0,15.0,06:00,14:00,450,,13:30,21:30,450,F,21:15,06:15,495,F|S,11,10,8,10,30,45,8,38.5,30,0.05,0,2.0.0,20261169
PK-004,2026-12-03,plan,3,Donnerstag,4,49,0,0,,Pflegefachkraft,Pflegefachkraft,EXAM|KARDIO_MONITORING,0.75,28.88,6931,6931,6238,7624,5,2,2,8,1,1,Pflegefachkraft,0,0.0,-1485,18,17,3,4,1,3414,1,,,,,,0,,0,,3,3,3,0,1366,1,3,3,3,0,1195,1,2,2,2,0,854,0,ST-HCH1,Normalstation Herzchirurgie,24,Herzchirurgie,7.0,15.0,06:00,14:00,450,,13:30,21:30,450,F,21:15,06:15,495,F|S,11,10,8,10,30,45,8,38.5,30,0.05,0,2.0.0,20261169
PK-005,2026-12-03,plan,3,Donnerstag,4,49,0,0,,Pflegefachkraft,Pflegefachkraft,EXAM|PRAXISANLEITUNG,0.7,26.95,6468,6468,5821,7115,5,2,2,8,1,1,Pflegefachkraft,0,0.0,431,18,17,3,4,1,3414,1,,,,,,0,,0,,3,3,3,0,1366,1,3,3,3,0,1195,1,2,2,2,0,854,0,ST-HCH1,Normalstation Herzchirurgie,24,Herzchirurgie,7.0,15.0,06:00,14:00,450,,13:30,21:30,450,F,21:15,06:15,495,F|S,11,10,8,10,30,45,8,38.5,30,0.05,0,2.0.0,20261169
PK-006,2026-12-03,plan,3,Donnerstag,4,49,0,0,,Pflegefachkraft,Pflegefachkraft,EXAM,1.0,38.5,9240,9240,8316,10164,5,2,2,8,1,1,Pflegefachkraft,0,0.0,-2130,18,17,3,4,1,3414,1,,,,,,0,,0,,3,3,3,0,1366,1,3,3,3,0,1195,1,2,2,2,0,854,0,ST-HCH1,Normalstation Herzchirurgie,24,Herzchirurgie,7.0,15.0,06:00,14:00,450,,13:30,21:30,450,F,21:15,06:15,495,F|S,11,10,8,10,30,45,8,38.5,30,0.05,0,2.0.0,20261169
PK-007,2026-12-03,plan,3,Donnerstag,4,49,0,0,,Pflegefachkraft,Pflegefachkraft,EXAM,1.0,38.5,9240,9240,8316,10164,5,2,2,8,1,1,Pflegefachkraft,0,0.0,1104,18,17,3,4,1,3414,1,,,,,,0,,0,,3,3,3,0,1366,1,3,3,3,0,1195,1,2,2,2,0,854,0,ST-HCH1,Normalstation Herzchirurgie,24,Herzchirurgie,7.0,15.0,06:00,14:00,450,,13:30,21:30,450,F,21:15,06:15,495,F|S,11,10,8,10,30,45,8,38.5,30,0.05,0,2.0.0,20261169
PK-008,2026-12-03,plan,3,Donnerstag,4,49,0,0,,Pflegefachkraft,Pflegefachkraft,EXAM|PRAXISANLEITUNG,1.0,38.5,9240,9240,8316,10164,5,2,2,8,1,1,Pflegefachkraft,0,0.0,-2265,18,17,3,4,1,3414,1,,,,,,0,,0,,3,3,3,0,1366,1,3,3,3,0,1195,1,2,2,2,0,854,0,ST-HCH1,Normalstation Herzchirurgie,24,Herzchirurgie,7.0,15.0,06:00,14:00,450,,13:30,21:30,450,F,21:15,06:15,495,F|S,11,10,8,10,30,45,8,38.5,30,0.05,0,2.0.0,20261169
PK-009,2026-12-03,plan,3,Donnerstag,4,49,0,0,,Pflegefachkraft,Pflegefachkraft,EXAM,0.9,34.65,8316,8316,7484,9148,5,2,2,8,1,1,Pflegefachkraft,0,0.0,-1881,18,17,3,4,1,3414,1,,,,,,0,,0,,3,3,3,0,1366,1,3,3,3,0,1195,1,2,2,2,0,854,0,ST-HCH1,Normalstation Herzchirurgie,24,Herzchirurgie,7.0,15.0,06:00,14:00,450,,13:30,21:30,450,F,21:15,06:15,495,F|S,11,10,8,10,30,45,8,38.5,30,0.05,0,2.0.0,20261169
PK-010,2026-12-03,plan,3,Donnerstag,4,49,0,0,,Pflegefachkraft,Pflegefachkraft,EXAM,0.75,28.88,6931,6931,6238,7624,5,2,2,8,1,1,Pflegefachkraft,0,0.0,-1845,18,17,3,4,1,3414,1,,,,,,0,,0,,3,3,3,0,1366,1,3,3,3,0,1195,1,2,2,2,0,854,0,ST-HCH1,Normalstation Herzchirurgie,24,Herzchirurgie,7.0,15.0,06:00,14:00,450,,13:30,21:30,450,F,21:15,06:15,495,F|S,11,10,8,10,30,45,8,38.5,30,0.05,0,2.0.0,20261169
PK-011,2026-12-03,plan,3,Donnerstag,4,49,0,0,,Pflegefachkraft,Pflegefachkraft,EXAM,0.8,30.8,7392,7392,6653,8131,5,2,2,8,1,1,Pflegefachkraft,0,0.0,-1947,18,17,3,4,1,3414,1,,,,,,0,,0,,3,3,3,0,1366,1,3,3,3,0,1195,1,2,2,2,0,854,0,ST-HCH1,Normalstation Herzchirurgie,24,Herzchirurgie,7.0,15.0,06:00,14:00,450,,13:30,21:30,450,F,21:15,06:15,495,F|S,11,10,8,10,30,45,8,38.5,30,0.05,0,2.0.0,20261169
PK-012,2026-12-03,plan,3,Donnerstag,4,49,0,0,,Pflegefachkraft,Pflegefachkraft,EXAM|KARDIO_MONITORING,0.7,26.95,6468,6468,5821,7115,5,2,2,8,1,1,Pflegefachkraft,0,0.0,-1473,18,17,3,4,1,3414,1,,,,,,0,,0,,3,3,3,0,1366,1,3,3,3,0,1195,1,2,2,2,0,854,0,ST-HCH1,Normalstation Herzchirurgie,24,Herzchirurgie,7.0,15.0,06:00,14:00,450,,13:30,21:30,450,F,21:15,06:15,495,F|S,11,10,8,10,30,45,8,38.5,30,0.05,0,2.0.0,20261169
PK-013,2026-12-03,plan,3,Donnerstag,4,49,0,0,,Pflegefachkraft,Pflegefachkraft,EXAM,1.0,38.5,9240,9240,8316,10164,5,2,2,8,1,1,Pflegefachkraft,0,0.0,-2445,18,17,3,4,1,3414,1,,,,,,0,,0,,3,3,3,0,1366,1,3,3,3,0,1195,1,2,2,2,0,854,0,ST-HCH1,Normalstation Herzchirurgie,24,Herzchirurgie,7.0,15.0,06:00,14:00,450,,13:30,21:30,450,F,21:15,06:15,495,F|S,11,10,8,10,30,45,8,38.5,30,0.05,0,2.0.0,20261169
PK-014,2026-12-03,plan,3,Donnerstag,4,49,0,0,,Pflegefachkraft,Pflegefachkraft,EXAM|KARDIO_MONITORING,0.5,19.25,4620,4620,4158,5082,5,2,2,8,1,1,Pflegefachkraft,0,0.0,-1020,18,17,3,4,1,3414,1,,,,,,0,,0,,3,3,3,0,1366,1,3,3,3,0,1195,1,2,2,2,0,854,0,ST-HCH1,Normalstation Herzchirurgie,24,Herzchirurgie,7.0,15.0,06:00,14:00,450,,13:30,21:30,450,F,21:15,06:15,495,F|S,11,10,8,10,30,45,8,38.5,30,0.05,0,2.0.0,20261169
PK-015,2026-12-03,plan,3,Donnerstag,4,49,0,0,,Pflegefachkraft,Pflegefachkraft,EXAM,1.0,38.5,9240,9240,8316,10164,5,2,2,8,1,1,Pflegefachkraft,0,0.0,-2490,18,17,3,4,1,3414,1,,,,,,0,,0,,3,3,3,0,1366,1,3,3,3,0,1195,1,2,2,2,0,854,0,ST-HCH1,Normalstation Herzchirurgie,24,Herzchirurgie,7.0,15.0,06:00,14:00,450,,13:30,21:30,450,F,21:15,06:15,495,F|S,11,10,8,10,30,45,8,38.5,30,0.05,0,2.0.0,20261169
PK-016,2026-12-03,plan,3,Donnerstag,4,49,0,0,,Pflegefachkraft,Pflegefachkraft,EXAM|PRAXISANLEITUNG,1.0,38.5,9240,9240,8316,10164,5,2,2,8,1,1,Pflegefachkraft,0,0.0,-2310,18,17,3,4,1,3414,1,,,,,,0,,0,,3,3,3,0,1366,1,3,3,3,0,1195,1,2,2,2,0,854,0,ST-HCH1,Normalstation Herzchirurgie,24,Herzchirurgie,7.0,15.0,06:00,14:00,450,,13:30,21:30,450,F,21:15,06:15,495,F|S,11,10,8,10,30,45,8,38.5,30,0.05,0,2.0.0,20261169
PK-017,2026-12-03,plan,3,Donnerstag,4,49,0,0,,Pflegefachkraft,Pflegefachkraft,EXAM,0.8,30.8,7392,7392,6653,8131,5,2,2,8,1,1,Pflegefachkraft,0,0.0,-1902,18,17,3,4,1,3414,1,,,,,,0,,0,,3,3,3,0,1366,1,3,3,3,0,1195,1,2,2,2,0,854,0,ST-HCH1,Normalstation Herzchirurgie,24,Herzchirurgie,7.0,15.0,06:00,14:00,450,,13:30,21:30,450,F,21:15,06:15,495,F|S,11,10,8,10,30,45,8,38.5,30,0.05,0,2.0.0,20261169
PK-018,2026-12-03,plan,3,Donnerstag,4,49,0,0,,Pflegefachkraft,Pflegefachkraft,EXAM,0.5,19.25,4620,4620,4158,5082,5,2,2,8,1,1,Pflegefachkraft,0,0.0,-1245,18,17,3,4,1,3414,0,LANGZEITABWESENHEIT,,,,,0,,0,,3,3,3,0,1366,1,3,3,3,0,1195,1,2,2,2,0,854,0,ST-HCH1,Normalstation Herzchirurgie,24,Herzchirurgie,7.0,15.0,06:00,14:00,450,,13:30,21:30,450,F,21:15,06:15,495,F|S,11,10,8,10,30,45,8,38.5,30,0.05,0,2.0.0,20261169
AZ-001,2026-12-04,plan,4,Freitag,5,49,0,0,,Auszubildende_r_3_Ausbildungsjahr,Auszubildende,AUSZUBILDEND,1.0,38.5,9240,9240,8316,10164,5,2,2,8,1,0,nicht anrechenbar,0,0.0,-9240,17,16,1,1,0,2890,1,,,,,,0,,0,,3,3,3,0,1156,1,3,3,3,0,1011,1,2,2,2,0,722,0,ST-HCH1,Normalstation Herzchirurgie,24,Herzchirurgie,7.0,15.0,06:00,14:00,450,,13:30,21:30,450,F,21:15,06:15,495,F|S,11,10,8,10,30,45,8,38.5,30,0.05,0,2.0.0,20261169
AZ-002,2026-12-04,plan,4,Freitag,5,49,0,0,,Auszubildende_r_2_Ausbildungsjahr,Auszubildende,AUSZUBILDEND,1.0,38.5,9240,9240,8316,10164,5,2,2,8,1,0,nicht anrechenbar,0,0.0,-6006,17,16,1,1,0,2890,1,,,,,,0,,0,,3,3,3,0,1156,1,3,3,3,0,1011,1,2,2,2,0,722,0,ST-HCH1,Normalstation Herzchirurgie,24,Herzchirurgie,7.0,15.0,06:00,14:00,450,,13:30,21:30,450,F,21:15,06:15,495,F|S,11,10,8,10,30,45,8,38.5,30,0.05,0,2.0.0,20261169
AZ-003,2026-12-04,plan,4,Freitag,5,49,0,0,,Auszubildende_r_1_Ausbildungsjahr,Auszubildende,AUSZUBILDEND,1.0,38.5,9240,9240,8316,10164,5,2,2,0,0,0,nicht anrechenbar,0,0.0,-9240,17,16,1,1,0,2890,1,,,,,,0,,0,,3,3,3,0,1156,1,3,3,3,0,1011,1,2,2,2,0,722,0,ST-HCH1,Normalstation Herzchirurgie,24,Herzchirurgie,7.0,15.0,06:00,14:00,450,,13:30,21:30,450,F,21:15,06:15,495,F|S,11,10,8,10,30,45,8,38.5,30,0.05,0,2.0.0,20261169
PK-001,2026-12-04,plan,4,Freitag,5,49,0,0,,Stationsleitung,Pflegefachkraft,EXAM|LEITUNG|PRAXISANLEITUNG,1.0,38.5,9240,4620,4158,5082,5,2,2,0,0,1,Pflegefachkraft,1,0.5,2130,17,16,1,1,0,2890,1,,,,,,0,,0,,3,3,3,0,1156,1,3,3,3,0,1011,1,2,2,2,0,722,0,ST-HCH1,Normalstation Herzchirurgie,24,Herzchirurgie,7.0,15.0,06:00,14:00,450,,13:30,21:30,450,F,21:15,06:15,495,F|S,11,10,8,10,30,45,8,38.5,30,0.05,0,2.0.0,20261169
PK-002,2026-12-04,plan,4,Freitag,5,49,0,0,,Pflegefachkraft,Pflegefachkraft,EXAM,0.6,23.1,5544,5544,4990,6098,5,2,2,8,1,1,Pflegefachkraft,0,0.0,-1359,17,16,1,1,0,2890,1,,,,,,0,,0,,3,3,3,0,1156,1,3,3,3,0,1011,1,2,2,2,0,722,0,ST-HCH1,Normalstation Herzchirurgie,24,Herzchirurgie,7.0,15.0,06:00,14:00,450,,13:30,21:30,450,F,21:15,06:15,495,F|S,11,10,8,10,30,45,8,38.5,30,0.05,0,2.0.0,20261169
PK-003,2026-12-04,plan,4,Freitag,5,49,0,0,,Pflegefachkraft,Pflegefachkraft,EXAM|KARDIO_MONITORING,1.0,38.5,9240,9240,8316,10164,5,2,2,8,1,1,Pflegefachkraft,0,0.0,-2130,17,16,1,1,0,2890,1,,,,,,0,,0,,3,3,3,0,1156,1,3,3,3,0,1011,1,2,2,2,0,722,0,ST-HCH1,Normalstation Herzchirurgie,24,Herzchirurgie,7.0,15.0,06:00,14:00,450,,13:30,21:30,450,F,21:15,06:15,495,F|S,11,10,8,10,30,45,8,38.5,30,0.05,0,2.0.0,20261169
PK-004,2026-12-04,plan,4,Freitag,5,49,0,0,,Pflegefachkraft,Pflegefachkraft,EXAM|KARDIO_MONITORING,0.75,28.88,6931,6931,6238,7624,5,2,2,8,1,1,Pflegefachkraft,0,0.0,-1485,17,16,1,1,0,2890,1,,2,,,,0,,0,,3,3,3,0,1156,1,3,3,3,0,1011,1,2,2,2,0,722,0,ST-HCH1,Normalstation Herzchirurgie,24,Herzchirurgie,7.0,15.0,06:00,14:00,450,,13:30,21:30,450,F,21:15,06:15,495,F|S,11,10,8,10,30,45,8,38.5,30,0.05,0,2.0.0,20261169
PK-005,2026-12-04,plan,4,Freitag,5,49,0,0,,Pflegefachkraft,Pflegefachkraft,EXAM|PRAXISANLEITUNG,0.7,26.95,6468,6468,5821,7115,5,2,2,8,1,1,Pflegefachkraft,0,0.0,431,17,16,1,1,0,2890,1,,,,,,0,,0,,3,3,3,0,1156,1,3,3,3,0,1011,1,2,2,2,0,722,0,ST-HCH1,Normalstation Herzchirurgie,24,Herzchirurgie,7.0,15.0,06:00,14:00,450,,13:30,21:30,450,F,21:15,06:15,495,F|S,11,10,8,10,30,45,8,38.5,30,0.05,0,2.0.0,20261169
PK-006,2026-12-04,plan,4,Freitag,5,49,0,0,,Pflegefachkraft,Pflegefachkraft,EXAM,1.0,38.5,9240,9240,8316,10164,5,2,2,8,1,1,Pflegefachkraft,0,0.0,-2130,17,16,1,1,0,2890,1,,,,,,0,,0,,3,3,3,0,1156,1,3,3,3,0,1011,1,2,2,2,0,722,0,ST-HCH1,Normalstation Herzchirurgie,24,Herzchirurgie,7.0,15.0,06:00,14:00,450,,13:30,21:30,450,F,21:15,06:15,495,F|S,11,10,8,10,30,45,8,38.5,30,0.05,0,2.0.0,20261169
PK-007,2026-12-04,plan,4,Freitag,5,49,0,0,,Pflegefachkraft,Pflegefachkraft,EXAM,1.0,38.5,9240,9240,8316,10164,5,2,2,8,1,1,Pflegefachkraft,0,0.0,1104,17,16,1,1,0,2890,1,,,,,,0,,0,,3,3,3,0,1156,1,3,3,3,0,1011,1,2,2,2,0,722,0,ST-HCH1,Normalstation Herzchirurgie,24,Herzchirurgie,7.0,15.0,06:00,14:00,450,,13:30,21:30,450,F,21:15,06:15,495,F|S,11,10,8,10,30,45,8,38.5,30,0.05,0,2.0.0,20261169
PK-008,2026-12-04,plan,4,Freitag,5,49,0,0,,Pflegefachkraft,Pflegefachkraft,EXAM|PRAXISANLEITUNG,1.0,38.5,9240,9240,8316,10164,5,2,2,8,1,1,Pflegefachkraft,0,0.0,-2265,17,16,1,1,0,2890,1,,,,,,0,,0,,3,3,3,0,1156,1,3,3,3,0,1011,1,2,2,2,0,722,0,ST-HCH1,Normalstation Herzchirurgie,24,Herzchirurgie,7.0,15.0,06:00,14:00,450,,13:30,21:30,450,F,21:15,06:15,495,F|S,11,10,8,10,30,45,8,38.5,30,0.05,0,2.0.0,20261169
PK-009,2026-12-04,plan,4,Freitag,5,49,0,0,,Pflegefachkraft,Pflegefachkraft,EXAM,0.9,34.65,8316,8316,7484,9148,5,2,2,8,1,1,Pflegefachkraft,0,0.0,-1881,17,16,1,1,0,2890,1,,,,,,0,,0,,3,3,3,0,1156,1,3,3,3,0,1011,1,2,2,2,0,722,0,ST-HCH1,Normalstation Herzchirurgie,24,Herzchirurgie,7.0,15.0,06:00,14:00,450,,13:30,21:30,450,F,21:15,06:15,495,F|S,11,10,8,10,30,45,8,38.5,30,0.05,0,2.0.0,20261169
PK-010,2026-12-04,plan,4,Freitag,5,49,0,0,,Pflegefachkraft,Pflegefachkraft,EXAM,0.75,28.88,6931,6931,6238,7624,5,2,2,8,1,1,Pflegefachkraft,0,0.0,-1845,17,16,1,1,0,2890,1,,,,,,0,,0,,3,3,3,0,1156,1,3,3,3,0,1011,1,2,2,2,0,722,0,ST-HCH1,Normalstation Herzchirurgie,24,Herzchirurgie,7.0,15.0,06:00,14:00,450,,13:30,21:30,450,F,21:15,06:15,495,F|S,11,10,8,10,30,45,8,38.5,30,0.05,0,2.0.0,20261169
PK-011,2026-12-04,plan,4,Freitag,5,49,0,0,,Pflegefachkraft,Pflegefachkraft,EXAM,0.8,30.8,7392,7392,6653,8131,5,2,2,8,1,1,Pflegefachkraft,0,0.0,-1947,17,16,1,1,0,2890,1,,,,,,0,,0,,3,3,3,0,1156,1,3,3,3,0,1011,1,2,2,2,0,722,0,ST-HCH1,Normalstation Herzchirurgie,24,Herzchirurgie,7.0,15.0,06:00,14:00,450,,13:30,21:30,450,F,21:15,06:15,495,F|S,11,10,8,10,30,45,8,38.5,30,0.05,0,2.0.0,20261169
PK-012,2026-12-04,plan,4,Freitag,5,49,0,0,,Pflegefachkraft,Pflegefachkraft,EXAM|KARDIO_MONITORING,0.7,26.95,6468,6468,5821,7115,5,2,2,8,1,1,Pflegefachkraft,0,0.0,-1473,17,16,1,1,0,2890,1,,,,,,0,,0,,3,3,3,0,1156,1,3,3,3,0,1011,1,2,2,2,0,722,0,ST-HCH1,Normalstation Herzchirurgie,24,Herzchirurgie,7.0,15.0,06:00,14:00,450,,13:30,21:30,450,F,21:15,06:15,495,F|S,11,10,8,10,30,45,8,38.5,30,0.05,0,2.0.0,20261169
PK-013,2026-12-04,plan,4,Freitag,5,49,0,0,,Pflegefachkraft,Pflegefachkraft,EXAM,1.0,38.5,9240,9240,8316,10164,5,2,2,8,1,1,Pflegefachkraft,0,0.0,-2445,17,16,1,1,0,2890,1,,,,,,0,,0,,3,3,3,0,1156,1,3,3,3,0,1011,1,2,2,2,0,722,0,ST-HCH1,Normalstation Herzchirurgie,24,Herzchirurgie,7.0,15.0,06:00,14:00,450,,13:30,21:30,450,F,21:15,06:15,495,F|S,11,10,8,10,30,45,8,38.5,30,0.05,0,2.0.0,20261169
PK-014,2026-12-04,plan,4,Freitag,5,49,0,0,,Pflegefachkraft,Pflegefachkraft,EXAM|KARDIO_MONITORING,0.5,19.25,4620,4620,4158,5082,5,2,2,8,1,1,Pflegefachkraft,0,0.0,-1020,17,16,1,1,0,2890,1,,,,,,0,,0,,3,3,3,0,1156,1,3,3,3,0,1011,1,2,2,2,0,722,0,ST-HCH1,Normalstation Herzchirurgie,24,Herzchirurgie,7.0,15.0,06:00,14:00,450,,13:30,21:30,450,F,21:15,06:15,495,F|S,11,10,8,10,30,45,8,38.5,30,0.05,0,2.0.0,20261169
PK-015,2026-12-04,plan,4,Freitag,5,49,0,0,,Pflegefachkraft,Pflegefachkraft,EXAM,1.0,38.5,9240,9240,8316,10164,5,2,2,8,1,1,Pflegefachkraft,0,0.0,-2490,17,16,1,1,0,2890,1,,,,,,0,,0,,3,3,3,0,1156,1,3,3,3,0,1011,1,2,2,2,0,722,0,ST-HCH1,Normalstation Herzchirurgie,24,Herzchirurgie,7.0,15.0,06:00,14:00,450,,13:30,21:30,450,F,21:15,06:15,495,F|S,11,10,8,10,30,45,8,38.5,30,0.05,0,2.0.0,20261169
PK-016,2026-12-04,plan,4,Freitag,5,49,0,0,,Pflegefachkraft,Pflegefachkraft,EXAM|PRAXISANLEITUNG,1.0,38.5,9240,9240,8316,10164,5,2,2,8,1,1,Pflegefachkraft,0,0.0,-2310,17,16,1,1,0,2890,1,,,,,,0,,0,,3,3,3,0,1156,1,3,3,3,0,1011,1,2,2,2,0,722,0,ST-HCH1,Normalstation Herzchirurgie,24,Herzchirurgie,7.0,15.0,06:00,14:00,450,,13:30,21:30,450,F,21:15,06:15,495,F|S,11,10,8,10,30,45,8,38.5,30,0.05,0,2.0.0,20261169
PK-017,2026-12-04,plan,4,Freitag,5,49,0,0,,Pflegefachkraft,Pflegefachkraft,EXAM,0.8,30.8,7392,7392,6653,8131,5,2,2,8,1,1,Pflegefachkraft,0,0.0,-1902,17,16,1,1,0,2890,1,,,,,,0,,0,,3,3,3,0,1156,1,3,3,3,0,1011,1,2,2,2,0,722,0,ST-HCH1,Normalstation Herzchirurgie,24,Herzchirurgie,7.0,15.0,06:00,14:00,450,,13:30,21:30,450,F,21:15,06:15,495,F|S,11,10,8,10,30,45,8,38.5,30,0.05,0,2.0.0,20261169
PK-018,2026-12-04,plan,4,Freitag,5,49,0,0,,Pflegefachkraft,Pflegefachkraft,EXAM,0.5,19.25,4620,4620,4158,5082,5,2,2,8,1,1,Pflegefachkraft,0,0.0,-1245,17,16,1,1,0,2890,0,LANGZEITABWESENHEIT,,,,,0,,0,,3,3,3,0,1156,1,3,3,3,0,1011,1,2,2,2,0,722,0,ST-HCH1,Normalstation Herzchirurgie,24,Herzchirurgie,7.0,15.0,06:00,14:00,450,,13:30,21:30,450,F,21:15,06:15,495,F|S,11,10,8,10,30,45,8,38.5,30,0.05,0,2.0.0,20261169
AZ-001,2026-12-05,plan,5,Samstag,6,49,1,0,,Auszubildende_r_3_Ausbildungsjahr,Auszubildende,AUSZUBILDEND,1.0,38.5,9240,9240,8316,10164,5,2,2,8,1,0,nicht anrechenbar,0,0.0,-9240,16,16,0,3,2,3001,1,,,,,,0,,0,,3,3,3,0,1200,1,3,3,3,0,1050,1,2,2,2,0,750,0,ST-HCH1,Normalstation Herzchirurgie,24,Herzchirurgie,7.0,15.0,06:00,14:00,450,,13:30,21:30,450,F,21:15,06:15,495,F|S,11,10,8,10,30,45,8,38.5,30,0.05,0,2.0.0,20261169
AZ-002,2026-12-05,plan,5,Samstag,6,49,1,0,,Auszubildende_r_2_Ausbildungsjahr,Auszubildende,AUSZUBILDEND,1.0,38.5,9240,9240,8316,10164,5,2,2,8,1,0,nicht anrechenbar,0,0.0,-6006,16,16,0,3,2,3001,1,,,,,,0,,0,,3,3,3,0,1200,1,3,3,3,0,1050,1,2,2,2,0,750,0,ST-HCH1,Normalstation Herzchirurgie,24,Herzchirurgie,7.0,15.0,06:00,14:00,450,,13:30,21:30,450,F,21:15,06:15,495,F|S,11,10,8,10,30,45,8,38.5,30,0.05,0,2.0.0,20261169
AZ-003,2026-12-05,plan,5,Samstag,6,49,1,0,,Auszubildende_r_1_Ausbildungsjahr,Auszubildende,AUSZUBILDEND,1.0,38.5,9240,9240,8316,10164,5,2,2,0,0,0,nicht anrechenbar,0,0.0,-9240,16,16,0,3,2,3001,1,,,,,,0,,0,,3,3,3,0,1200,1,3,3,3,0,1050,1,2,2,2,0,750,0,ST-HCH1,Normalstation Herzchirurgie,24,Herzchirurgie,7.0,15.0,06:00,14:00,450,,13:30,21:30,450,F,21:15,06:15,495,F|S,11,10,8,10,30,45,8,38.5,30,0.05,0,2.0.0,20261169
PK-001,2026-12-05,plan,5,Samstag,6,49,1,0,,Stationsleitung,Pflegefachkraft,EXAM|LEITUNG|PRAXISANLEITUNG,1.0,38.5,9240,4620,4158,5082,5,2,2,0,0,1,Pflegefachkraft,1,0.5,2130,16,16,0,3,2,3001,1,,,,,,0,,0,,3,3,3,0,1200,1,3,3,3,0,1050,1,2,2,2,0,750,0,ST-HCH1,Normalstation Herzchirurgie,24,Herzchirurgie,7.0,15.0,06:00,14:00,450,,13:30,21:30,450,F,21:15,06:15,495,F|S,11,10,8,10,30,45,8,38.5,30,0.05,0,2.0.0,20261169
PK-002,2026-12-05,plan,5,Samstag,6,49,1,0,,Pflegefachkraft,Pflegefachkraft,EXAM,0.6,23.1,5544,5544,4990,6098,5,2,2,8,1,1,Pflegefachkraft,0,0.0,-1359,16,16,0,3,2,3001,1,,,,,,0,,0,,3,3,3,0,1200,1,3,3,3,0,1050,1,2,2,2,0,750,0,ST-HCH1,Normalstation Herzchirurgie,24,Herzchirurgie,7.0,15.0,06:00,14:00,450,,13:30,21:30,450,F,21:15,06:15,495,F|S,11,10,8,10,30,45,8,38.5,30,0.05,0,2.0.0,20261169
PK-003,2026-12-05,plan,5,Samstag,6,49,1,0,,Pflegefachkraft,Pflegefachkraft,EXAM|KARDIO_MONITORING,1.0,38.5,9240,9240,8316,10164,5,2,2,8,1,1,Pflegefachkraft,0,0.0,-2130,16,16,0,3,2,3001,1,,,,,,0,,0,,3,3,3,0,1200,1,3,3,3,0,1050,1,2,2,2,0,750,0,ST-HCH1,Normalstation Herzchirurgie,24,Herzchirurgie,7.0,15.0,06:00,14:00,450,,13:30,21:30,450,F,21:15,06:15,495,F|S,11,10,8,10,30,45,8,38.5,30,0.05,0,2.0.0,20261169
PK-004,2026-12-05,plan,5,Samstag,6,49,1,0,,Pflegefachkraft,Pflegefachkraft,EXAM|KARDIO_MONITORING,0.75,28.88,6931,6931,6238,7624,5,2,2,8,1,1,Pflegefachkraft,0,0.0,-1485,16,16,0,3,2,3001,1,,,,,,0,,0,,3,3,3,0,1200,1,3,3,3,0,1050,1,2,2,2,0,750,0,ST-HCH1,Normalstation Herzchirurgie,24,Herzchirurgie,7.0,15.0,06:00,14:00,450,,13:30,21:30,450,F,21:15,06:15,495,F|S,11,10,8,10,30,45,8,38.5,30,0.05,0,2.0.0,20261169
PK-005,2026-12-05,plan,5,Samstag,6,49,1,0,,Pflegefachkraft,Pflegefachkraft,EXAM|PRAXISANLEITUNG,0.7,26.95,6468,6468,5821,7115,5,2,2,8,1,1,Pflegefachkraft,0,0.0,431,16,16,0,3,2,3001,1,,,,,,0,,0,,3,3,3,0,1200,1,3,3,3,0,1050,1,2,2,2,0,750,0,ST-HCH1,Normalstation Herzchirurgie,24,Herzchirurgie,7.0,15.0,06:00,14:00,450,,13:30,21:30,450,F,21:15,06:15,495,F|S,11,10,8,10,30,45,8,38.5,30,0.05,0,2.0.0,20261169
PK-006,2026-12-05,plan,5,Samstag,6,49,1,0,,Pflegefachkraft,Pflegefachkraft,EXAM,1.0,38.5,9240,9240,8316,10164,5,2,2,8,1,1,Pflegefachkraft,0,0.0,-2130,16,16,0,3,2,3001,1,,,,,,0,,0,,3,3,3,0,1200,1,3,3,3,0,1050,1,2,2,2,0,750,0,ST-HCH1,Normalstation Herzchirurgie,24,Herzchirurgie,7.0,15.0,06:00,14:00,450,,13:30,21:30,450,F,21:15,06:15,495,F|S,11,10,8,10,30,45,8,38.5,30,0.05,0,2.0.0,20261169
PK-007,2026-12-05,plan,5,Samstag,6,49,1,0,,Pflegefachkraft,Pflegefachkraft,EXAM,1.0,38.5,9240,9240,8316,10164,5,2,2,8,1,1,Pflegefachkraft,0,0.0,1104,16,16,0,3,2,3001,1,,,,,,0,,0,,3,3,3,0,1200,1,3,3,3,0,1050,1,2,2,2,0,750,0,ST-HCH1,Normalstation Herzchirurgie,24,Herzchirurgie,7.0,15.0,06:00,14:00,450,,13:30,21:30,450,F,21:15,06:15,495,F|S,11,10,8,10,30,45,8,38.5,30,0.05,0,2.0.0,20261169
PK-008,2026-12-05,plan,5,Samstag,6,49,1,0,,Pflegefachkraft,Pflegefachkraft,EXAM|PRAXISANLEITUNG,1.0,38.5,9240,9240,8316,10164,5,2,2,8,1,1,Pflegefachkraft,0,0.0,-2265,16,16,0,3,2,3001,1,,,,,,0,,0,,3,3,3,0,1200,1,3,3,3,0,1050,1,2,2,2,0,750,0,ST-HCH1,Normalstation Herzchirurgie,24,Herzchirurgie,7.0,15.0,06:00,14:00,450,,13:30,21:30,450,F,21:15,06:15,495,F|S,11,10,8,10,30,45,8,38.5,30,0.05,0,2.0.0,20261169
PK-009,2026-12-05,plan,5,Samstag,6,49,1,0,,Pflegefachkraft,Pflegefachkraft,EXAM,0.9,34.65,8316,8316,7484,9148,5,2,2,8,1,1,Pflegefachkraft,0,0.0,-1881,16,16,0,3,2,3001,1,,,,,,0,,0,,3,3,3,0,1200,1,3,3,3,0,1050,1,2,2,2,0,750,0,ST-HCH1,Normalstation Herzchirurgie,24,Herzchirurgie,7.0,15.0,06:00,14:00,450,,13:30,21:30,450,F,21:15,06:15,495,F|S,11,10,8,10,30,45,8,38.5,30,0.05,0,2.0.0,20261169
PK-010,2026-12-05,plan,5,Samstag,6,49,1,0,,Pflegefachkraft,Pflegefachkraft,EXAM,0.75,28.88,6931,6931,6238,7624,5,2,2,8,1,1,Pflegefachkraft,0,0.0,-1845,16,16,0,3,2,3001,1,,,,,,0,,0,,3,3,3,0,1200,1,3,3,3,0,1050,1,2,2,2,0,750,0,ST-HCH1,Normalstation Herzchirurgie,24,Herzchirurgie,7.0,15.0,06:00,14:00,450,,13:30,21:30,450,F,21:15,06:15,495,F|S,11,10,8,10,30,45,8,38.5,30,0.05,0,2.0.0,20261169
PK-011,2026-12-05,plan,5,Samstag,6,49,1,0,,Pflegefachkraft,Pflegefachkraft,EXAM,0.8,30.8,7392,7392,6653,8131,5,2,2,8,1,1,Pflegefachkraft,0,0.0,-1947,16,16,0,3,2,3001,1,,,,,,0,,0,,3,3,3,0,1200,1,3,3,3,0,1050,1,2,2,2,0,750,0,ST-HCH1,Normalstation Herzchirurgie,24,Herzchirurgie,7.0,15.0,06:00,14:00,450,,13:30,21:30,450,F,21:15,06:15,495,F|S,11,10,8,10,30,45,8,38.5,30,0.05,0,2.0.0,20261169
PK-012,2026-12-05,plan,5,Samstag,6,49,1,0,,Pflegefachkraft,Pflegefachkraft,EXAM|KARDIO_MONITORING,0.7,26.95,6468,6468,5821,7115,5,2,2,8,1,1,Pflegefachkraft,0,0.0,-1473,16,16,0,3,2,3001,1,,,,,,0,,0,,3,3,3,0,1200,1,3,3,3,0,1050,1,2,2,2,0,750,0,ST-HCH1,Normalstation Herzchirurgie,24,Herzchirurgie,7.0,15.0,06:00,14:00,450,,13:30,21:30,450,F,21:15,06:15,495,F|S,11,10,8,10,30,45,8,38.5,30,0.05,0,2.0.0,20261169
PK-013,2026-12-05,plan,5,Samstag,6,49,1,0,,Pflegefachkraft,Pflegefachkraft,EXAM,1.0,38.5,9240,9240,8316,10164,5,2,2,8,1,1,Pflegefachkraft,0,0.0,-2445,16,16,0,3,2,3001,1,,,,,,0,,0,,3,3,3,0,1200,1,3,3,3,0,1050,1,2,2,2,0,750,0,ST-HCH1,Normalstation Herzchirurgie,24,Herzchirurgie,7.0,15.0,06:00,14:00,450,,13:30,21:30,450,F,21:15,06:15,495,F|S,11,10,8,10,30,45,8,38.5,30,0.05,0,2.0.0,20261169
PK-014,2026-12-05,plan,5,Samstag,6,49,1,0,,Pflegefachkraft,Pflegefachkraft,EXAM|KARDIO_MONITORING,0.5,19.25,4620,4620,4158,5082,5,2,2,8,1,1,Pflegefachkraft,0,0.0,-1020,16,16,0,3,2,3001,1,,,,,,0,,0,,3,3,3,0,1200,1,3,3,3,0,1050,1,2,2,2,0,750,0,ST-HCH1,Normalstation Herzchirurgie,24,Herzchirurgie,7.0,15.0,06:00,14:00,450,,13:30,21:30,450,F,21:15,06:15,495,F|S,11,10,8,10,30,45,8,38.5,30,0.05,0,2.0.0,20261169
PK-015,2026-12-05,plan,5,Samstag,6,49,1,0,,Pflegefachkraft,Pflegefachkraft,EXAM,1.0,38.5,9240,9240,8316,10164,5,2,2,8,1,1,Pflegefachkraft,0,0.0,-2490,16,16,0,3,2,3001,1,,,,,,0,,0,,3,3,3,0,1200,1,3,3,3,0,1050,1,2,2,2,0,750,0,ST-HCH1,Normalstation Herzchirurgie,24,Herzchirurgie,7.0,15.0,06:00,14:00,450,,13:30,21:30,450,F,21:15,06:15,495,F|S,11,10,8,10,30,45,8,38.5,30,0.05,0,2.0.0,20261169
PK-016,2026-12-05,plan,5,Samstag,6,49,1,0,,Pflegefachkraft,Pflegefachkraft,EXAM|PRAXISANLEITUNG,1.0,38.5,9240,9240,8316,10164,5,2,2,8,1,1,Pflegefachkraft,0,0.0,-2310,16,16,0,3,2,3001,1,,,S,1,,0,,0,,3,3,3,0,1200,1,3,3,3,0,1050,1,2,2,2,0,750,0,ST-HCH1,Normalstation Herzchirurgie,24,Herzchirurgie,7.0,15.0,06:00,14:00,450,,13:30,21:30,450,F,21:15,06:15,495,F|S,11,10,8,10,30,45,8,38.5,30,0.05,0,2.0.0,20261169
PK-017,2026-12-05,plan,5,Samstag,6,49,1,0,,Pflegefachkraft,Pflegefachkraft,EXAM,0.8,30.8,7392,7392,6653,8131,5,2,2,8,1,1,Pflegefachkraft,0,0.0,-1902,16,16,0,3,2,3001,1,,,,,,0,,0,,3,3,3,0,1200,1,3,3,3,0,1050,1,2,2,2,0,750,0,ST-HCH1,Normalstation Herzchirurgie,24,Herzchirurgie,7.0,15.0,06:00,14:00,450,,13:30,21:30,450,F,21:15,06:15,495,F|S,11,10,8,10,30,45,8,38.5,30,0.05,0,2.0.0,20261169
PK-018,2026-12-05,plan,5,Samstag,6,49,1,0,,Pflegefachkraft,Pflegefachkraft,EXAM,0.5,19.25,4620,4620,4158,5082,5,2,2,8,1,1,Pflegefachkraft,0,0.0,-1245,16,16,0,3,2,3001,0,LANGZEITABWESENHEIT,,,,,0,,0,,3,3,3,0,1200,1,3,3,3,0,1050,1,2,2,2,0,750,0,ST-HCH1,Normalstation Herzchirurgie,24,Herzchirurgie,7.0,15.0,06:00,14:00,450,,13:30,21:30,450,F,21:15,06:15,495,F|S,11,10,8,10,30,45,8,38.5,30,0.05,0,2.0.0,20261169
AZ-001,2026-12-06,plan,6,Sonntag,7,49,1,0,,Auszubildende_r_3_Ausbildungsjahr,Auszubildende,AUSZUBILDEND,1.0,38.5,9240,9240,8316,10164,5,2,2,8,1,0,nicht anrechenbar,0,0.0,-9240,15,13,4,1,0,2374,1,,,,,,0,,0,,3,3,3,0,950,1,3,3,3,0,831,1,2,1,2,0,594,0,ST-HCH1,Normalstation Herzchirurgie,24,Herzchirurgie,7.0,15.0,06:00,14:00,450,,13:30,21:30,450,F,21:15,06:15,495,F|S,11,10,8,10,30,45,8,38.5,30,0.05,0,2.0.0,20261169
AZ-002,2026-12-06,plan,6,Sonntag,7,49,1,0,,Auszubildende_r_2_Ausbildungsjahr,Auszubildende,AUSZUBILDEND,1.0,38.5,9240,9240,8316,10164,5,2,2,8,1,0,nicht anrechenbar,0,0.0,-6006,15,13,4,1,0,2374,1,,,,,,0,,0,,3,3,3,0,950,1,3,3,3,0,831,1,2,1,2,0,594,0,ST-HCH1,Normalstation Herzchirurgie,24,Herzchirurgie,7.0,15.0,06:00,14:00,450,,13:30,21:30,450,F,21:15,06:15,495,F|S,11,10,8,10,30,45,8,38.5,30,0.05,0,2.0.0,20261169
AZ-003,2026-12-06,plan,6,Sonntag,7,49,1,0,,Auszubildende_r_1_Ausbildungsjahr,Auszubildende,AUSZUBILDEND,1.0,38.5,9240,9240,8316,10164,5,2,2,0,0,0,nicht anrechenbar,0,0.0,-9240,15,13,4,1,0,2374,1,,,,,,0,,0,,3,3,3,0,950,1,3,3,3,0,831,1,2,1,2,0,594,0,ST-HCH1,Normalstation Herzchirurgie,24,Herzchirurgie,7.0,15.0,06:00,14:00,450,,13:30,21:30,450,F,21:15,06:15,495,F|S,11,10,8,10,30,45,8,38.5,30,0.05,0,2.0.0,20261169
PK-001,2026-12-06,plan,6,Sonntag,7,49,1,0,,Stationsleitung,Pflegefachkraft,EXAM|LEITUNG|PRAXISANLEITUNG,1.0,38.5,9240,4620,4158,5082,5,2,2,0,0,1,Pflegefachkraft,1,0.5,2130,15,13,4,1,0,2374,1,,,,,,0,,0,,3,3,3,0,950,1,3,3,3,0,831,1,2,1,2,0,594,0,ST-HCH1,Normalstation Herzchirurgie,24,Herzchirurgie,7.0,15.0,06:00,14:00,450,,13:30,21:30,450,F,21:15,06:15,495,F|S,11,10,8,10,30,45,8,38.5,30,0.05,0,2.0.0,20261169
PK-002,2026-12-06,plan,6,Sonntag,7,49,1,0,,Pflegefachkraft,Pflegefachkraft,EXAM,0.6,23.1,5544,5544,4990,6098,5,2,2,8,1,1,Pflegefachkraft,0,0.0,-1359,15,13,4,1,0,2374,1,,,,,,0,,0,,3,3,3,0,950,1,3,3,3,0,831,1,2,1,2,0,594,0,ST-HCH1,Normalstation Herzchirurgie,24,Herzchirurgie,7.0,15.0,06:00,14:00,450,,13:30,21:30,450,F,21:15,06:15,495,F|S,11,10,8,10,30,45,8,38.5,30,0.05,0,2.0.0,20261169
PK-003,2026-12-06,plan,6,Sonntag,7,49,1,0,,Pflegefachkraft,Pflegefachkraft,EXAM|KARDIO_MONITORING,1.0,38.5,9240,9240,8316,10164,5,2,2,8,1,1,Pflegefachkraft,0,0.0,-2130,15,13,4,1,0,2374,1,,,,,,0,,0,,3,3,3,0,950,1,3,3,3,0,831,1,2,1,2,0,594,0,ST-HCH1,Normalstation Herzchirurgie,24,Herzchirurgie,7.0,15.0,06:00,14:00,450,,13:30,21:30,450,F,21:15,06:15,495,F|S,11,10,8,10,30,45,8,38.5,30,0.05,0,2.0.0,20261169
PK-004,2026-12-06,plan,6,Sonntag,7,49,1,0,,Pflegefachkraft,Pflegefachkraft,EXAM|KARDIO_MONITORING,0.75,28.88,6931,6931,6238,7624,5,2,2,8,1,1,Pflegefachkraft,0,0.0,-1485,15,13,4,1,0,2374,1,,,,,,0,,0,,3,3,3,0,950,1,3,3,3,0,831,1,2,1,2,0,594,0,ST-HCH1,Normalstation Herzchirurgie,24,Herzchirurgie,7.0,15.0,06:00,14:00,450,,13:30,21:30,450,F,21:15,06:15,495,F|S,11,10,8,10,30,45,8,38.5,30,0.05,0,2.0.0,20261169
PK-005,2026-12-06,plan,6,Sonntag,7,49,1,0,,Pflegefachkraft,Pflegefachkraft,EXAM|PRAXISANLEITUNG,0.7,26.95,6468,6468,5821,7115,5,2,2,8,1,1,Pflegefachkraft,0,0.0,431,15,13,4,1,0,2374,1,,,,,,1,8,0,,3,3,3,0,950,1,3,3,3,0,831,1,2,1,2,0,594,0,ST-HCH1,Normalstation Herzchirurgie,24,Herzchirurgie,7.0,15.0,06:00,14:00,450,,13:30,21:30,450,F,21:15,06:15,495,F|S,11,10,8,10,30,45,8,38.5,30,0.05,0,2.0.0,20261169
PK-006,2026-12-06,plan,6,Sonntag,7,49,1,0,,Pflegefachkraft,Pflegefachkraft,EXAM,1.0,38.5,9240,9240,8316,10164,5,2,2,8,1,1,Pflegefachkraft,0,0.0,-2130,15,13,4,1,0,2374,1,,,,,,0,,0,,3,3,3,0,950,1,3,3,3,0,831,1,2,1,2,0,594,0,ST-HCH1,Normalstation Herzchirurgie,24,Herzchirurgie,7.0,15.0,06:00,14:00,450,,13:30,21:30,450,F,21:15,06:15,495,F|S,11,10,8,10,30,45,8,38.5,30,0.05,0,2.0.0,20261169
PK-007,2026-12-06,plan,6,Sonntag,7,49,1,0,,Pflegefachkraft,Pflegefachkraft,EXAM,1.0,38.5,9240,9240,8316,10164,5,2,2,8,1,1,Pflegefachkraft,0,0.0,1104,15,13,4,1,0,2374,1,,,,,,0,,0,,3,3,3,0,950,1,3,3,3,0,831,1,2,1,2,0,594,0,ST-HCH1,Normalstation Herzchirurgie,24,Herzchirurgie,7.0,15.0,06:00,14:00,450,,13:30,21:30,450,F,21:15,06:15,495,F|S,11,10,8,10,30,45,8,38.5,30,0.05,0,2.0.0,20261169
PK-008,2026-12-06,plan,6,Sonntag,7,49,1,0,,Pflegefachkraft,Pflegefachkraft,EXAM|PRAXISANLEITUNG,1.0,38.5,9240,9240,8316,10164,5,2,2,8,1,1,Pflegefachkraft,0,0.0,-2265,15,13,4,1,0,2374,1,,,,,,0,,0,,3,3,3,0,950,1,3,3,3,0,831,1,2,1,2,0,594,0,ST-HCH1,Normalstation Herzchirurgie,24,Herzchirurgie,7.0,15.0,06:00,14:00,450,,13:30,21:30,450,F,21:15,06:15,495,F|S,11,10,8,10,30,45,8,38.5,30,0.05,0,2.0.0,20261169
PK-009,2026-12-06,plan,6,Sonntag,7,49,1,0,,Pflegefachkraft,Pflegefachkraft,EXAM,0.9,34.65,8316,8316,7484,9148,5,2,2,8,1,1,Pflegefachkraft,0,0.0,-1881,15,13,4,1,0,2374,1,,,,,,1,4,0,,3,3,3,0,950,1,3,3,3,0,831,1,2,1,2,0,594,0,ST-HCH1,Normalstation Herzchirurgie,24,Herzchirurgie,7.0,15.0,06:00,14:00,450,,13:30,21:30,450,F,21:15,06:15,495,F|S,11,10,8,10,30,45,8,38.5,30,0.05,0,2.0.0,20261169
PK-010,2026-12-06,plan,6,Sonntag,7,49,1,0,,Pflegefachkraft,Pflegefachkraft,EXAM,0.75,28.88,6931,6931,6238,7624,5,2,2,8,1,1,Pflegefachkraft,0,0.0,-1845,15,13,4,1,0,2374,1,,,,,,1,8,0,,3,3,3,0,950,1,3,3,3,0,831,1,2,1,2,0,594,0,ST-HCH1,Normalstation Herzchirurgie,24,Herzchirurgie,7.0,15.0,06:00,14:00,450,,13:30,21:30,450,F,21:15,06:15,495,F|S,11,10,8,10,30,45,8,38.5,30,0.05,0,2.0.0,20261169
PK-011,2026-12-06,plan,6,Sonntag,7,49,1,0,,Pflegefachkraft,Pflegefachkraft,EXAM,0.8,30.8,7392,7392,6653,8131,5,2,2,8,1,1,Pflegefachkraft,0,0.0,-1947,15,13,4,1,0,2374,0,URLAUB,,,,,0,,0,,3,3,3,0,950,1,3,3,3,0,831,1,2,1,2,0,594,0,ST-HCH1,Normalstation Herzchirurgie,24,Herzchirurgie,7.0,15.0,06:00,14:00,450,,13:30,21:30,450,F,21:15,06:15,495,F|S,11,10,8,10,30,45,8,38.5,30,0.05,0,2.0.0,20261169
PK-012,2026-12-06,plan,6,Sonntag,7,49,1,0,,Pflegefachkraft,Pflegefachkraft,EXAM|KARDIO_MONITORING,0.7,26.95,6468,6468,5821,7115,5,2,2,8,1,1,Pflegefachkraft,0,0.0,-1473,15,13,4,1,0,2374,1,,,,,,0,,0,,3,3,3,0,950,1,3,3,3,0,831,1,2,1,2,0,594,0,ST-HCH1,Normalstation Herzchirurgie,24,Herzchirurgie,7.0,15.0,06:00,14:00,450,,13:30,21:30,450,F,21:15,06:15,495,F|S,11,10,8,10,30,45,8,38.5,30,0.05,0,2.0.0,20261169
PK-013,2026-12-06,plan,6,Sonntag,7,49,1,0,,Pflegefachkraft,Pflegefachkraft,EXAM,1.0,38.5,9240,9240,8316,10164,5,2,2,8,1,1,Pflegefachkraft,0,0.0,-2445,15,13,4,1,0,2374,1,,,,,,0,,0,,3,3,3,0,950,1,3,3,3,0,831,1,2,1,2,0,594,0,ST-HCH1,Normalstation Herzchirurgie,24,Herzchirurgie,7.0,15.0,06:00,14:00,450,,13:30,21:30,450,F,21:15,06:15,495,F|S,11,10,8,10,30,45,8,38.5,30,0.05,0,2.0.0,20261169
PK-014,2026-12-06,plan,6,Sonntag,7,49,1,0,,Pflegefachkraft,Pflegefachkraft,EXAM|KARDIO_MONITORING,0.5,19.25,4620,4620,4158,5082,5,2,2,8,1,1,Pflegefachkraft,0,0.0,-1020,15,13,4,1,0,2374,1,,,,,,0,,0,,3,3,3,0,950,1,3,3,3,0,831,1,2,1,2,0,594,0,ST-HCH1,Normalstation Herzchirurgie,24,Herzchirurgie,7.0,15.0,06:00,14:00,450,,13:30,21:30,450,F,21:15,06:15,495,F|S,11,10,8,10,30,45,8,38.5,30,0.05,0,2.0.0,20261169
PK-015,2026-12-06,plan,6,Sonntag,7,49,1,0,,Pflegefachkraft,Pflegefachkraft,EXAM,1.0,38.5,9240,9240,8316,10164,5,2,2,8,1,1,Pflegefachkraft,0,0.0,-2490,15,13,4,1,0,2374,1,,,,,,0,,0,,3,3,3,0,950,1,3,3,3,0,831,1,2,1,2,0,594,0,ST-HCH1,Normalstation Herzchirurgie,24,Herzchirurgie,7.0,15.0,06:00,14:00,450,,13:30,21:30,450,F,21:15,06:15,495,F|S,11,10,8,10,30,45,8,38.5,30,0.05,0,2.0.0,20261169
PK-016,2026-12-06,plan,6,Sonntag,7,49,1,0,,Pflegefachkraft,Pflegefachkraft,EXAM|PRAXISANLEITUNG,1.0,38.5,9240,9240,8316,10164,5,2,2,8,1,1,Pflegefachkraft,0,0.0,-2310,15,13,4,1,0,2374,1,,,,,,0,,0,,3,3,3,0,950,1,3,3,3,0,831,1,2,1,2,0,594,0,ST-HCH1,Normalstation Herzchirurgie,24,Herzchirurgie,7.0,15.0,06:00,14:00,450,,13:30,21:30,450,F,21:15,06:15,495,F|S,11,10,8,10,30,45,8,38.5,30,0.05,0,2.0.0,20261169
PK-017,2026-12-06,plan,6,Sonntag,7,49,1,0,,Pflegefachkraft,Pflegefachkraft,EXAM,0.8,30.8,7392,7392,6653,8131,5,2,2,8,1,1,Pflegefachkraft,0,0.0,-1902,15,13,4,1,0,2374,1,,,,,,0,,0,,3,3,3,0,950,1,3,3,3,0,831,1,2,1,2,0,594,0,ST-HCH1,Normalstation Herzchirurgie,24,Herzchirurgie,7.0,15.0,06:00,14:00,450,,13:30,21:30,450,F,21:15,06:15,495,F|S,11,10,8,10,30,45,8,38.5,30,0.05,0,2.0.0,20261169
PK-018,2026-12-06,plan,6,Sonntag,7,49,1,0,,Pflegefachkraft,Pflegefachkraft,EXAM,0.5,19.25,4620,4620,4158,5082,5,2,2,8,1,1,Pflegefachkraft,0,0.0,-1245,15,13,4,1,0,2374,0,LANGZEITABWESENHEIT,,,,,0,,0,,3,3,3,0,950,1,3,3,3,0,831,1,2,1,2,0,594,0,ST-HCH1,Normalstation Herzchirurgie,24,Herzchirurgie,7.0,15.0,06:00,14:00,450,,13:30,21:30,450,F,21:15,06:15,495,F|S,11,10,8,10,30,45,8,38.5,30,0.05,0,2.0.0,20261169
AZ-001,2026-12-07,plan,7,Montag,1,50,0,0,,Auszubildende_r_3_Ausbildungsjahr,Auszubildende,AUSZUBILDEND,1.0,38.5,9240,9240,8316,10164,5,2,2,8,1,0,nicht anrechenbar,0,0.0,-9240,19,19,6,2,1,3601,1,,,,,,0,,0,,3,3,3,0,1440,1,3,3,3,0,1260,1,2,2,2,0,900,0,ST-HCH1,Normalstation Herzchirurgie,24,Herzchirurgie,7.0,15.0,06:00,14:00,450,,13:30,21:30,450,F,21:15,06:15,495,F|S,11,10,8,10,30,45,8,38.5,30,0.05,0,2.0.0,20261169
AZ-002,2026-12-07,plan,7,Montag,1,50,0,0,,Auszubildende_r_2_Ausbildungsjahr,Auszubildende,AUSZUBILDEND,1.0,38.5,9240,9240,8316,10164,5,2,2,8,1,0,nicht anrechenbar,0,0.0,-6006,19,19,6,2,1,3601,1,,,,,,0,,0,,3,3,3,0,1440,1,3,3,3,0,1260,1,2,2,2,0,900,0,ST-HCH1,Normalstation Herzchirurgie,24,Herzchirurgie,7.0,15.0,06:00,14:00,450,,13:30,21:30,450,F,21:15,06:15,495,F|S,11,10,8,10,30,45,8,38.5,30,0.05,0,2.0.0,20261169
AZ-003,2026-12-07,plan,7,Montag,1,50,0,0,,Auszubildende_r_1_Ausbildungsjahr,Auszubildende,AUSZUBILDEND,1.0,38.5,9240,9240,8316,10164,5,2,2,0,0,0,nicht anrechenbar,0,0.0,-9240,19,19,6,2,1,3601,1,,,,,,0,,0,,3,3,3,0,1440,1,3,3,3,0,1260,1,2,2,2,0,900,0,ST-HCH1,Normalstation Herzchirurgie,24,Herzchirurgie,7.0,15.0,06:00,14:00,450,,13:30,21:30,450,F,21:15,06:15,495,F|S,11,10,8,10,30,45,8,38.5,30,0.05,0,2.0.0,20261169
PK-001,2026-12-07,plan,7,Montag,1,50,0,0,,Stationsleitung,Pflegefachkraft,EXAM|LEITUNG|PRAXISANLEITUNG,1.0,38.5,9240,4620,4158,5082,5,2,2,0,0,1,Pflegefachkraft,1,0.5,2130,19,19,6,2,1,3601,1,,,,,,0,,0,,3,3,3,0,1440,1,3,3,3,0,1260,1,2,2,2,0,900,0,ST-HCH1,Normalstation Herzchirurgie,24,Herzchirurgie,7.0,15.0,06:00,14:00,450,,13:30,21:30,450,F,21:15,06:15,495,F|S,11,10,8,10,30,45,8,38.5,30,0.05,0,2.0.0,20261169
PK-002,2026-12-07,plan,7,Montag,1,50,0,0,,Pflegefachkraft,Pflegefachkraft,EXAM,0.6,23.1,5544,5544,4990,6098,5,2,2,8,1,1,Pflegefachkraft,0,0.0,-1359,19,19,6,2,1,3601,1,,,,,,0,,0,,3,3,3,0,1440,1,3,3,3,0,1260,1,2,2,2,0,900,0,ST-HCH1,Normalstation Herzchirurgie,24,Herzchirurgie,7.0,15.0,06:00,14:00,450,,13:30,21:30,450,F,21:15,06:15,495,F|S,11,10,8,10,30,45,8,38.5,30,0.05,0,2.0.0,20261169
PK-003,2026-12-07,plan,7,Montag,1,50,0,0,,Pflegefachkraft,Pflegefachkraft,EXAM|KARDIO_MONITORING,1.0,38.5,9240,9240,8316,10164,5,2,2,8,1,1,Pflegefachkraft,0,0.0,-2130,19,19,6,2,1,3601,1,,,,,,0,,0,,3,3,3,0,1440,1,3,3,3,0,1260,1,2,2,2,0,900,0,ST-HCH1,Normalstation Herzchirurgie,24,Herzchirurgie,7.0,15.0,06:00,14:00,450,,13:30,21:30,450,F,21:15,06:15,495,F|S,11,10,8,10,30,45,8,38.5,30,0.05,0,2.0.0,20261169
PK-004,2026-12-07,plan,7,Montag,1,50,0,0,,Pflegefachkraft,Pflegefachkraft,EXAM|KARDIO_MONITORING,0.75,28.88,6931,6931,6238,7624,5,2,2,8,1,1,Pflegefachkraft,0,0.0,-1485,19,19,6,2,1,3601,1,,,,,,0,,0,,3,3,3,0,1440,1,3,3,3,0,1260,1,2,2,2,0,900,0,ST-HCH1,Normalstation Herzchirurgie,24,Herzchirurgie,7.0,15.0,06:00,14:00,450,,13:30,21:30,450,F,21:15,06:15,495,F|S,11,10,8,10,30,45,8,38.5,30,0.05,0,2.0.0,20261169
PK-005,2026-12-07,plan,7,Montag,1,50,0,0,,Pflegefachkraft,Pflegefachkraft,EXAM|PRAXISANLEITUNG,0.7,26.95,6468,6468,5821,7115,5,2,2,8,1,1,Pflegefachkraft,0,0.0,431,19,19,6,2,1,3601,1,,,,,,0,,0,,3,3,3,0,1440,1,3,3,3,0,1260,1,2,2,2,0,900,0,ST-HCH1,Normalstation Herzchirurgie,24,Herzchirurgie,7.0,15.0,06:00,14:00,450,,13:30,21:30,450,F,21:15,06:15,495,F|S,11,10,8,10,30,45,8,38.5,30,0.05,0,2.0.0,20261169
PK-006,2026-12-07,plan,7,Montag,1,50,0,0,,Pflegefachkraft,Pflegefachkraft,EXAM,1.0,38.5,9240,9240,8316,10164,5,2,2,8,1,1,Pflegefachkraft,0,0.0,-2130,19,19,6,2,1,3601,1,,,,,,0,,0,,3,3,3,0,1440,1,3,3,3,0,1260,1,2,2,2,0,900,0,ST-HCH1,Normalstation Herzchirurgie,24,Herzchirurgie,7.0,15.0,06:00,14:00,450,,13:30,21:30,450,F,21:15,06:15,495,F|S,11,10,8,10,30,45,8,38.5,30,0.05,0,2.0.0,20261169
PK-007,2026-12-07,plan,7,Montag,1,50,0,0,,Pflegefachkraft,Pflegefachkraft,EXAM,1.0,38.5,9240,9240,8316,10164,5,2,2,8,1,1,Pflegefachkraft,0,0.0,1104,19,19,6,2,1,3601,1,,,,,,0,,0,,3,3,3,0,1440,1,3,3,3,0,1260,1,2,2,2,0,900,0,ST-HCH1,Normalstation Herzchirurgie,24,Herzchirurgie,7.0,15.0,06:00,14:00,450,,13:30,21:30,450,F,21:15,06:15,495,F|S,11,10,8,10,30,45,8,38.5,30,0.05,0,2.0.0,20261169
PK-008,2026-12-07,plan,7,Montag,1,50,0,0,,Pflegefachkraft,Pflegefachkraft,EXAM|PRAXISANLEITUNG,1.0,38.5,9240,9240,8316,10164,5,2,2,8,1,1,Pflegefachkraft,0,0.0,-2265,19,19,6,2,1,3601,1,,,,,,0,,0,,3,3,3,0,1440,1,3,3,3,0,1260,1,2,2,2,0,900,0,ST-HCH1,Normalstation Herzchirurgie,24,Herzchirurgie,7.0,15.0,06:00,14:00,450,,13:30,21:30,450,F,21:15,06:15,495,F|S,11,10,8,10,30,45,8,38.5,30,0.05,0,2.0.0,20261169
PK-009,2026-12-07,plan,7,Montag,1,50,0,0,,Pflegefachkraft,Pflegefachkraft,EXAM,0.9,34.65,8316,8316,7484,9148,5,2,2,8,1,1,Pflegefachkraft,0,0.0,-1881,19,19,6,2,1,3601,1,,,,,,0,,0,,3,3,3,0,1440,1,3,3,3,0,1260,1,2,2,2,0,900,0,ST-HCH1,Normalstation Herzchirurgie,24,Herzchirurgie,7.0,15.0,06:00,14:00,450,,13:30,21:30,450,F,21:15,06:15,495,F|S,11,10,8,10,30,45,8,38.5,30,0.05,0,2.0.0,20261169
PK-010,2026-12-07,plan,7,Montag,1,50,0,0,,Pflegefachkraft,Pflegefachkraft,EXAM,0.75,28.88,6931,6931,6238,7624,5,2,2,8,1,1,Pflegefachkraft,0,0.0,-1845,19,19,6,2,1,3601,1,,3,,,,0,,0,,3,3,3,0,1440,1,3,3,3,0,1260,1,2,2,2,0,900,0,ST-HCH1,Normalstation Herzchirurgie,24,Herzchirurgie,7.0,15.0,06:00,14:00,450,,13:30,21:30,450,F,21:15,06:15,495,F|S,11,10,8,10,30,45,8,38.5,30,0.05,0,2.0.0,20261169
PK-011,2026-12-07,plan,7,Montag,1,50,0,0,,Pflegefachkraft,Pflegefachkraft,EXAM,0.8,30.8,7392,7392,6653,8131,5,2,2,8,1,1,Pflegefachkraft,0,0.0,-1947,19,19,6,2,1,3601,0,URLAUB,,,,,0,,0,,3,3,3,0,1440,1,3,3,3,0,1260,1,2,2,2,0,900,0,ST-HCH1,Normalstation Herzchirurgie,24,Herzchirurgie,7.0,15.0,06:00,14:00,450,,13:30,21:30,450,F,21:15,06:15,495,F|S,11,10,8,10,30,45,8,38.5,30,0.05,0,2.0.0,20261169
PK-012,2026-12-07,plan,7,Montag,1,50,0,0,,Pflegefachkraft,Pflegefachkraft,EXAM|KARDIO_MONITORING,0.7,26.95,6468,6468,5821,7115,5,2,2,8,1,1,Pflegefachkraft,0,0.0,-1473,19,19,6,2,1,3601,1,,,,,,0,,0,,3,3,3,0,1440,1,3,3,3,0,1260,1,2,2,2,0,900,0,ST-HCH1,Normalstation Herzchirurgie,24,Herzchirurgie,7.0,15.0,06:00,14:00,450,,13:30,21:30,450,F,21:15,06:15,495,F|S,11,10,8,10,30,45,8,38.5,30,0.05,0,2.0.0,20261169
PK-013,2026-12-07,plan,7,Montag,1,50,0,0,,Pflegefachkraft,Pflegefachkraft,EXAM,1.0,38.5,9240,9240,8316,10164,5,2,2,8,1,1,Pflegefachkraft,0,0.0,-2445,19,19,6,2,1,3601,1,,,,,,0,,0,,3,3,3,0,1440,1,3,3,3,0,1260,1,2,2,2,0,900,0,ST-HCH1,Normalstation Herzchirurgie,24,Herzchirurgie,7.0,15.0,06:00,14:00,450,,13:30,21:30,450,F,21:15,06:15,495,F|S,11,10,8,10,30,45,8,38.5,30,0.05,0,2.0.0,20261169
PK-014,2026-12-07,plan,7,Montag,1,50,0,0,,Pflegefachkraft,Pflegefachkraft,EXAM|KARDIO_MONITORING,0.5,19.25,4620,4620,4158,5082,5,2,2,8,1,1,Pflegefachkraft,0,0.0,-1020,19,19,6,2,1,3601,1,,,,,,0,,0,,3,3,3,0,1440,1,3,3,3,0,1260,1,2,2,2,0,900,0,ST-HCH1,Normalstation Herzchirurgie,24,Herzchirurgie,7.0,15.0,06:00,14:00,450,,13:30,21:30,450,F,21:15,06:15,495,F|S,11,10,8,10,30,45,8,38.5,30,0.05,0,2.0.0,20261169
PK-015,2026-12-07,plan,7,Montag,1,50,0,0,,Pflegefachkraft,Pflegefachkraft,EXAM,1.0,38.5,9240,9240,8316,10164,5,2,2,8,1,1,Pflegefachkraft,0,0.0,-2490,19,19,6,2,1,3601,1,,,,,,0,,0,,3,3,3,0,1440,1,3,3,3,0,1260,1,2,2,2,0,900,0,ST-HCH1,Normalstation Herzchirurgie,24,Herzchirurgie,7.0,15.0,06:00,14:00,450,,13:30,21:30,450,F,21:15,06:15,495,F|S,11,10,8,10,30,45,8,38.5,30,0.05,0,2.0.0,20261169
PK-016,2026-12-07,plan,7,Montag,1,50,0,0,,Pflegefachkraft,Pflegefachkraft,EXAM|PRAXISANLEITUNG,1.0,38.5,9240,9240,8316,10164,5,2,2,8,1,1,Pflegefachkraft,0,0.0,-2310,19,19,6,2,1,3601,1,,,,,,0,,0,,3,3,3,0,1440,1,3,3,3,0,1260,1,2,2,2,0,900,0,ST-HCH1,Normalstation Herzchirurgie,24,Herzchirurgie,7.0,15.0,06:00,14:00,450,,13:30,21:30,450,F,21:15,06:15,495,F|S,11,10,8,10,30,45,8,38.5,30,0.05,0,2.0.0,20261169
PK-017,2026-12-07,plan,7,Montag,1,50,0,0,,Pflegefachkraft,Pflegefachkraft,EXAM,0.8,30.8,7392,7392,6653,8131,5,2,2,8,1,1,Pflegefachkraft,0,0.0,-1902,19,19,6,2,1,3601,1,,,,,,0,,0,,3,3,3,0,1440,1,3,3,3,0,1260,1,2,2,2,0,900,0,ST-HCH1,Normalstation Herzchirurgie,24,Herzchirurgie,7.0,15.0,06:00,14:00,450,,13:30,21:30,450,F,21:15,06:15,495,F|S,11,10,8,10,30,45,8,38.5,30,0.05,0,2.0.0,20261169
PK-018,2026-12-07,plan,7,Montag,1,50,0,0,,Pflegefachkraft,Pflegefachkraft,EXAM,0.5,19.25,4620,4620,4158,5082,5,2,2,8,1,1,Pflegefachkraft,0,0.0,-1245,19,19,6,2,1,3601,0,LANGZEITABWESENHEIT,,,,,0,,0,,3,3,3,0,1440,1,3,3,3,0,1260,1,2,2,2,0,900,0,ST-HCH1,Normalstation Herzchirurgie,24,Herzchirurgie,7.0,15.0,06:00,14:00,450,,13:30,21:30,450,F,21:15,06:15,495,F|S,11,10,8,10,30,45,8,38.5,30,0.05,0,2.0.0,20261169
AZ-001,2026-12-08,plan,8,Dienstag,2,50,0,0,,Auszubildende_r_3_Ausbildungsjahr,Auszubildende,AUSZUBILDEND,1.0,38.5,9240,9240,8316,10164,5,2,2,8,1,0,nicht anrechenbar,0,0.0,-9240,19,18,4,5,2,3798,1,,,,,,0,,0,,3,3,3,0,1519,1,3,3,3,0,1329,1,2,2,2,0,950,0,ST-HCH1,Normalstation Herzchirurgie,24,Herzchirurgie,7.0,15.0,06:00,14:00,450,,13:30,21:30,450,F,21:15,06:15,495,F|S,11,10,8,10,30,45,8,38.5,30,0.05,0,2.0.0,20261169
AZ-002,2026-12-08,plan,8,Dienstag,2,50,0,0,,Auszubildende_r_2_Ausbildungsjahr,Auszubildende,AUSZUBILDEND,1.0,38.5,9240,9240,8316,10164,5,2,2,8,1,0,nicht anrechenbar,0,0.0,-6006,19,18,4,5,2,3798,1,,,,,,0,,0,,3,3,3,0,1519,1,3,3,3,0,1329,1,2,2,2,0,950,0,ST-HCH1,Normalstation Herzchirurgie,24,Herzchirurgie,7.0,15.0,06:00,14:00,450,,13:30,21:30,450,F,21:15,06:15,495,F|S,11,10,8,10,30,45,8,38.5,30,0.05,0,2.0.0,20261169
AZ-003,2026-12-08,plan,8,Dienstag,2,50,0,0,,Auszubildende_r_1_Ausbildungsjahr,Auszubildende,AUSZUBILDEND,1.0,38.5,9240,9240,8316,10164,5,2,2,0,0,0,nicht anrechenbar,0,0.0,-9240,19,18,4,5,2,3798,1,,,,,,0,,0,,3,3,3,0,1519,1,3,3,3,0,1329,1,2,2,2,0,950,0,ST-HCH1,Normalstation Herzchirurgie,24,Herzchirurgie,7.0,15.0,06:00,14:00,450,,13:30,21:30,450,F,21:15,06:15,495,F|S,11,10,8,10,30,45,8,38.5,30,0.05,0,2.0.0,20261169
PK-001,2026-12-08,plan,8,Dienstag,2,50,0,0,,Stationsleitung,Pflegefachkraft,EXAM|LEITUNG|PRAXISANLEITUNG,1.0,38.5,9240,4620,4158,5082,5,2,2,0,0,1,Pflegefachkraft,1,0.5,2130,19,18,4,5,2,3798,1,,,,,,0,,0,,3,3,3,0,1519,1,3,3,3,0,1329,1,2,2,2,0,950,0,ST-HCH1,Normalstation Herzchirurgie,24,Herzchirurgie,7.0,15.0,06:00,14:00,450,,13:30,21:30,450,F,21:15,06:15,495,F|S,11,10,8,10,30,45,8,38.5,30,0.05,0,2.0.0,20261169
PK-002,2026-12-08,plan,8,Dienstag,2,50,0,0,,Pflegefachkraft,Pflegefachkraft,EXAM,0.6,23.1,5544,5544,4990,6098,5,2,2,8,1,1,Pflegefachkraft,0,0.0,-1359,19,18,4,5,2,3798,1,,,,,,0,,0,,3,3,3,0,1519,1,3,3,3,0,1329,1,2,2,2,0,950,0,ST-HCH1,Normalstation Herzchirurgie,24,Herzchirurgie,7.0,15.0,06:00,14:00,450,,13:30,21:30,450,F,21:15,06:15,495,F|S,11,10,8,10,30,45,8,38.5,30,0.05,0,2.0.0,20261169
PK-003,2026-12-08,plan,8,Dienstag,2,50,0,0,,Pflegefachkraft,Pflegefachkraft,EXAM|KARDIO_MONITORING,1.0,38.5,9240,9240,8316,10164,5,2,2,8,1,1,Pflegefachkraft,0,0.0,-2130,19,18,4,5,2,3798,1,,,,,,0,,0,,3,3,3,0,1519,1,3,3,3,0,1329,1,2,2,2,0,950,0,ST-HCH1,Normalstation Herzchirurgie,24,Herzchirurgie,7.0,15.0,06:00,14:00,450,,13:30,21:30,450,F,21:15,06:15,495,F|S,11,10,8,10,30,45,8,38.5,30,0.05,0,2.0.0,20261169
PK-004,2026-12-08,plan,8,Dienstag,2,50,0,0,,Pflegefachkraft,Pflegefachkraft,EXAM|KARDIO_MONITORING,0.75,28.88,6931,6931,6238,7624,5,2,2,8,1,1,Pflegefachkraft,0,0.0,-1485,19,18,4,5,2,3798,1,,,,,,0,,0,,3,3,3,0,1519,1,3,3,3,0,1329,1,2,2,2,0,950,0,ST-HCH1,Normalstation Herzchirurgie,24,Herzchirurgie,7.0,15.0,06:00,14:00,450,,13:30,21:30,450,F,21:15,06:15,495,F|S,11,10,8,10,30,45,8,38.5,30,0.05,0,2.0.0,20261169
PK-005,2026-12-08,plan,8,Dienstag,2,50,0,0,,Pflegefachkraft,Pflegefachkraft,EXAM|PRAXISANLEITUNG,0.7,26.95,6468,6468,5821,7115,5,2,2,8,1,1,Pflegefachkraft,0,0.0,431,19,18,4,5,2,3798,1,,,,,,0,,0,,3,3,3,0,1519,1,3,3,3,0,1329,1,2,2,2,0,950,0,ST-HCH1,Normalstation Herzchirurgie,24,Herzchirurgie,7.0,15.0,06:00,14:00,450,,13:30,21:30,450,F,21:15,06:15,495,F|S,11,10,8,10,30,45,8,38.5,30,0.05,0,2.0.0,20261169
PK-006,2026-12-08,plan,8,Dienstag,2,50,0,0,,Pflegefachkraft,Pflegefachkraft,EXAM,1.0,38.5,9240,9240,8316,10164,5,2,2,8,1,1,Pflegefachkraft,0,0.0,-2130,19,18,4,5,2,3798,1,,2,,,,0,,0,,3,3,3,0,1519,1,3,3,3,0,1329,1,2,2,2,0,950,0,ST-HCH1,Normalstation Herzchirurgie,24,Herzchirurgie,7.0,15.0,06:00,14:00,450,,13:30,21:30,450,F,21:15,06:15,495,F|S,11,10,8,10,30,45,8,38.5,30,0.05,0,2.0.0,20261169
PK-007,2026-12-08,plan,8,Dienstag,2,50,0,0,,Pflegefachkraft,Pflegefachkraft,EXAM,1.0,38.5,9240,9240,8316,10164,5,2,2,8,1,1,Pflegefachkraft,0,0.0,1104,19,18,4,5,2,3798,1,,,,,,0,,0,,3,3,3,0,1519,1,3,3,3,0,1329,1,2,2,2,0,950,0,ST-HCH1,Normalstation Herzchirurgie,24,Herzchirurgie,7.0,15.0,06:00,14:00,450,,13:30,21:30,450,F,21:15,06:15,495,F|S,11,10,8,10,30,45,8,38.5,30,0.05,0,2.0.0,20261169
PK-008,2026-12-08,plan,8,Dienstag,2,50,0,0,,Pflegefachkraft,Pflegefachkraft,EXAM|PRAXISANLEITUNG,1.0,38.5,9240,9240,8316,10164,5,2,2,8,1,1,Pflegefachkraft,0,0.0,-2265,19,18,4,5,2,3798,1,,,,,,0,,0,,3,3,3,0,1519,1,3,3,3,0,1329,1,2,2,2,0,950,0,ST-HCH1,Normalstation Herzchirurgie,24,Herzchirurgie,7.0,15.0,06:00,14:00,450,,13:30,21:30,450,F,21:15,06:15,495,F|S,11,10,8,10,30,45,8,38.5,30,0.05,0,2.0.0,20261169
PK-009,2026-12-08,plan,8,Dienstag,2,50,0,0,,Pflegefachkraft,Pflegefachkraft,EXAM,0.9,34.65,8316,8316,7484,9148,5,2,2,8,1,1,Pflegefachkraft,0,0.0,-1881,19,18,4,5,2,3798,1,,,,,,0,,0,,3,3,3,0,1519,1,3,3,3,0,1329,1,2,2,2,0,950,0,ST-HCH1,Normalstation Herzchirurgie,24,Herzchirurgie,7.0,15.0,06:00,14:00,450,,13:30,21:30,450,F,21:15,06:15,495,F|S,11,10,8,10,30,45,8,38.5,30,0.05,0,2.0.0,20261169
PK-010,2026-12-08,plan,8,Dienstag,2,50,0,0,,Pflegefachkraft,Pflegefachkraft,EXAM,0.75,28.88,6931,6931,6238,7624,5,2,2,8,1,1,Pflegefachkraft,0,0.0,-1845,19,18,4,5,2,3798,1,,,,,,0,,0,,3,3,3,0,1519,1,3,3,3,0,1329,1,2,2,2,0,950,0,ST-HCH1,Normalstation Herzchirurgie,24,Herzchirurgie,7.0,15.0,06:00,14:00,450,,13:30,21:30,450,F,21:15,06:15,495,F|S,11,10,8,10,30,45,8,38.5,30,0.05,0,2.0.0,20261169
PK-011,2026-12-08,plan,8,Dienstag,2,50,0,0,,Pflegefachkraft,Pflegefachkraft,EXAM,0.8,30.8,7392,7392,6653,8131,5,2,2,8,1,1,Pflegefachkraft,0,0.0,-1947,19,18,4,5,2,3798,0,URLAUB,,,,,0,,0,,3,3,3,0,1519,1,3,3,3,0,1329,1,2,2,2,0,950,0,ST-HCH1,Normalstation Herzchirurgie,24,Herzchirurgie,7.0,15.0,06:00,14:00,450,,13:30,21:30,450,F,21:15,06:15,495,F|S,11,10,8,10,30,45,8,38.5,30,0.05,0,2.0.0,20261169
PK-012,2026-12-08,plan,8,Dienstag,2,50,0,0,,Pflegefachkraft,Pflegefachkraft,EXAM|KARDIO_MONITORING,0.7,26.95,6468,6468,5821,7115,5,2,2,8,1,1,Pflegefachkraft,0,0.0,-1473,19,18,4,5,2,3798,1,,,,,,0,,0,,3,3,3,0,1519,1,3,3,3,0,1329,1,2,2,2,0,950,0,ST-HCH1,Normalstation Herzchirurgie,24,Herzchirurgie,7.0,15.0,06:00,14:00,450,,13:30,21:30,450,F,21:15,06:15,495,F|S,11,10,8,10,30,45,8,38.5,30,0.05,0,2.0.0,20261169
PK-013,2026-12-08,plan,8,Dienstag,2,50,0,0,,Pflegefachkraft,Pflegefachkraft,EXAM,1.0,38.5,9240,9240,8316,10164,5,2,2,8,1,1,Pflegefachkraft,0,0.0,-2445,19,18,4,5,2,3798,1,,,,,,0,,0,,3,3,3,0,1519,1,3,3,3,0,1329,1,2,2,2,0,950,0,ST-HCH1,Normalstation Herzchirurgie,24,Herzchirurgie,7.0,15.0,06:00,14:00,450,,13:30,21:30,450,F,21:15,06:15,495,F|S,11,10,8,10,30,45,8,38.5,30,0.05,0,2.0.0,20261169
PK-014,2026-12-08,plan,8,Dienstag,2,50,0,0,,Pflegefachkraft,Pflegefachkraft,EXAM|KARDIO_MONITORING,0.5,19.25,4620,4620,4158,5082,5,2,2,8,1,1,Pflegefachkraft,0,0.0,-1020,19,18,4,5,2,3798,1,,,,,,0,,0,,3,3,3,0,1519,1,3,3,3,0,1329,1,2,2,2,0,950,0,ST-HCH1,Normalstation Herzchirurgie,24,Herzchirurgie,7.0,15.0,06:00,14:00,450,,13:30,21:30,450,F,21:15,06:15,495,F|S,11,10,8,10,30,45,8,38.5,30,0.05,0,2.0.0,20261169
PK-015,2026-12-08,plan,8,Dienstag,2,50,0,0,,Pflegefachkraft,Pflegefachkraft,EXAM,1.0,38.5,9240,9240,8316,10164,5,2,2,8,1,1,Pflegefachkraft,0,0.0,-2490,19,18,4,5,2,3798,1,,,F,1,,0,,0,,3,3,3,0,1519,1,3,3,3,0,1329,1,2,2,2,0,950,0,ST-HCH1,Normalstation Herzchirurgie,24,Herzchirurgie,7.0,15.0,06:00,14:00,450,,13:30,21:30,450,F,21:15,06:15,495,F|S,11,10,8,10,30,45,8,38.5,30,0.05,0,2.0.0,20261169
PK-016,2026-12-08,plan,8,Dienstag,2,50,0,0,,Pflegefachkraft,Pflegefachkraft,EXAM|PRAXISANLEITUNG,1.0,38.5,9240,9240,8316,10164,5,2,2,8,1,1,Pflegefachkraft,0,0.0,-2310,19,18,4,5,2,3798,1,,,,,,0,,0,,3,3,3,0,1519,1,3,3,3,0,1329,1,2,2,2,0,950,0,ST-HCH1,Normalstation Herzchirurgie,24,Herzchirurgie,7.0,15.0,06:00,14:00,450,,13:30,21:30,450,F,21:15,06:15,495,F|S,11,10,8,10,30,45,8,38.5,30,0.05,0,2.0.0,20261169
PK-017,2026-12-08,plan,8,Dienstag,2,50,0,0,,Pflegefachkraft,Pflegefachkraft,EXAM,0.8,30.8,7392,7392,6653,8131,5,2,2,8,1,1,Pflegefachkraft,0,0.0,-1902,19,18,4,5,2,3798,1,,3,,,,0,,0,,3,3,3,0,1519,1,3,3,3,0,1329,1,2,2,2,0,950,0,ST-HCH1,Normalstation Herzchirurgie,24,Herzchirurgie,7.0,15.0,06:00,14:00,450,,13:30,21:30,450,F,21:15,06:15,495,F|S,11,10,8,10,30,45,8,38.5,30,0.05,0,2.0.0,20261169
PK-018,2026-12-08,plan,8,Dienstag,2,50,0,0,,Pflegefachkraft,Pflegefachkraft,EXAM,0.5,19.25,4620,4620,4158,5082,5,2,2,8,1,1,Pflegefachkraft,0,0.0,-1245,19,18,4,5,2,3798,0,LANGZEITABWESENHEIT,,,,,0,,0,,3,3,3,0,1519,1,3,3,3,0,1329,1,2,2,2,0,950,0,ST-HCH1,Normalstation Herzchirurgie,24,Herzchirurgie,7.0,15.0,06:00,14:00,450,,13:30,21:30,450,F,21:15,06:15,495,F|S,11,10,8,10,30,45,8,38.5,30,0.05,0,2.0.0,20261169
AZ-001,2026-12-09,plan,9,Mittwoch,3,50,0,0,,Auszubildende_r_3_Ausbildungsjahr,Auszubildende,AUSZUBILDEND,1.0,38.5,9240,9240,8316,10164,5,2,2,8,1,0,nicht anrechenbar,0,0.0,-9240,20,19,5,3,1,3876,0,URLAUB,,,,,0,,0,,3,3,3,0,1550,1,3,3,3,0,1357,1,2,2,2,0,969,0,ST-HCH1,Normalstation Herzchirurgie,24,Herzchirurgie,7.0,15.0,06:00,14:00,450,,13:30,21:30,450,F,21:15,06:15,495,F|S,11,10,8,10,30,45,8,38.5,30,0.05,0,2.0.0,20261169
AZ-002,2026-12-09,plan,9,Mittwoch,3,50,0,0,,Auszubildende_r_2_Ausbildungsjahr,Auszubildende,AUSZUBILDEND,1.0,38.5,9240,9240,8316,10164,5,2,2,8,1,0,nicht anrechenbar,0,0.0,-6006,20,19,5,3,1,3876,1,,,,,,0,,0,,3,3,3,0,1550,1,3,3,3,0,1357,1,2,2,2,0,969,0,ST-HCH1,Normalstation Herzchirurgie,24,Herzchirurgie,7.0,15.0,06:00,14:00,450,,13:30,21:30,450,F,21:15,06:15,495,F|S,11,10,8,10,30,45,8,38.5,30,0.05,0,2.0.0,20261169
AZ-003,2026-12-09,plan,9,Mittwoch,3,50,0,0,,Auszubildende_r_1_Ausbildungsjahr,Auszubildende,AUSZUBILDEND,1.0,38.5,9240,9240,8316,10164,5,2,2,0,0,0,nicht anrechenbar,0,0.0,-9240,20,19,5,3,1,3876,1,,,,,,0,,0,,3,3,3,0,1550,1,3,3,3,0,1357,1,2,2,2,0,969,0,ST-HCH1,Normalstation Herzchirurgie,24,Herzchirurgie,7.0,15.0,06:00,14:00,450,,13:30,21:30,450,F,21:15,06:15,495,F|S,11,10,8,10,30,45,8,38.5,30,0.05,0,2.0.0,20261169
PK-001,2026-12-09,plan,9,Mittwoch,3,50,0,0,,Stationsleitung,Pflegefachkraft,EXAM|LEITUNG|PRAXISANLEITUNG,1.0,38.5,9240,4620,4158,5082,5,2,2,0,0,1,Pflegefachkraft,1,0.5,2130,20,19,5,3,1,3876,1,,,,,,0,,0,,3,3,3,0,1550,1,3,3,3,0,1357,1,2,2,2,0,969,0,ST-HCH1,Normalstation Herzchirurgie,24,Herzchirurgie,7.0,15.0,06:00,14:00,450,,13:30,21:30,450,F,21:15,06:15,495,F|S,11,10,8,10,30,45,8,38.5,30,0.05,0,2.0.0,20261169
PK-002,2026-12-09,plan,9,Mittwoch,3,50,0,0,,Pflegefachkraft,Pflegefachkraft,EXAM,0.6,23.1,5544,5544,4990,6098,5,2,2,8,1,1,Pflegefachkraft,0,0.0,-1359,20,19,5,3,1,3876,1,,,,,,0,,0,,3,3,3,0,1550,1,3,3,3,0,1357,1,2,2,2,0,969,0,ST-HCH1,Normalstation Herzchirurgie,24,Herzchirurgie,7.0,15.0,06:00,14:00,450,,13:30,21:30,450,F,21:15,06:15,495,F|S,11,10,8,10,30,45,8,38.5,30,0.05,0,2.0.0,20261169
PK-003,2026-12-09,plan,9,Mittwoch,3,50,0,0,,Pflegefachkraft,Pflegefachkraft,EXAM|KARDIO_MONITORING,1.0,38.5,9240,9240,8316,10164,5,2,2,8,1,1,Pflegefachkraft,0,0.0,-2130,20,19,5,3,1,3876,1,,,,,,0,,0,,3,3,3,0,1550,1,3,3,3,0,1357,1,2,2,2,0,969,0,ST-HCH1,Normalstation Herzchirurgie,24,Herzchirurgie,7.0,15.0,06:00,14:00,450,,13:30,21:30,450,F,21:15,06:15,495,F|S,11,10,8,10,30,45,8,38.5,30,0.05,0,2.0.0,20261169
PK-004,2026-12-09,plan,9,Mittwoch,3,50,0,0,,Pflegefachkraft,Pflegefachkraft,EXAM|KARDIO_MONITORING,0.75,28.88,6931,6931,6238,7624,5,2,2,8,1,1,Pflegefachkraft,0,0.0,-1485,20,19,5,3,1,3876,1,,,,,,0,,0,,3,3,3,0,1550,1,3,3,3,0,1357,1,2,2,2,0,969,0,ST-HCH1,Normalstation Herzchirurgie,24,Herzchirurgie,7.0,15.0,06:00,14:00,450,,13:30,21:30,450,F,21:15,06:15,495,F|S,11,10,8,10,30,45,8,38.5,30,0.05,0,2.0.0,20261169
PK-005,2026-12-09,plan,9,Mittwoch,3,50,0,0,,Pflegefachkraft,Pflegefachkraft,EXAM|PRAXISANLEITUNG,0.7,26.95,6468,6468,5821,7115,5,2,2,8,1,1,Pflegefachkraft,0,0.0,431,20,19,5,3,1,3876,1,,,,,,0,,0,,3,3,3,0,1550,1,3,3,3,0,1357,1,2,2,2,0,969,0,ST-HCH1,Normalstation Herzchirurgie,24,Herzchirurgie,7.0,15.0,06:00,14:00,450,,13:30,21:30,450,F,21:15,06:15,495,F|S,11,10,8,10,30,45,8,38.5,30,0.05,0,2.0.0,20261169
PK-006,2026-12-09,plan,9,Mittwoch,3,50,0,0,,Pflegefachkraft,Pflegefachkraft,EXAM,1.0,38.5,9240,9240,8316,10164,5,2,2,8,1,1,Pflegefachkraft,0,0.0,-2130,20,19,5,3,1,3876,1,,,,,,0,,0,,3,3,3,0,1550,1,3,3,3,0,1357,1,2,2,2,0,969,0,ST-HCH1,Normalstation Herzchirurgie,24,Herzchirurgie,7.0,15.0,06:00,14:00,450,,13:30,21:30,450,F,21:15,06:15,495,F|S,11,10,8,10,30,45,8,38.5,30,0.05,0,2.0.0,20261169
PK-007,2026-12-09,plan,9,Mittwoch,3,50,0,0,,Pflegefachkraft,Pflegefachkraft,EXAM,1.0,38.5,9240,9240,8316,10164,5,2,2,8,1,1,Pflegefachkraft,0,0.0,1104,20,19,5,3,1,3876,1,,,,,,0,,0,,3,3,3,0,1550,1,3,3,3,0,1357,1,2,2,2,0,969,0,ST-HCH1,Normalstation Herzchirurgie,24,Herzchirurgie,7.0,15.0,06:00,14:00,450,,13:30,21:30,450,F,21:15,06:15,495,F|S,11,10,8,10,30,45,8,38.5,30,0.05,0,2.0.0,20261169
PK-008,2026-12-09,plan,9,Mittwoch,3,50,0,0,,Pflegefachkraft,Pflegefachkraft,EXAM|PRAXISANLEITUNG,1.0,38.5,9240,9240,8316,10164,5,2,2,8,1,1,Pflegefachkraft,0,0.0,-2265,20,19,5,3,1,3876,1,,,,,,0,,0,,3,3,3,0,1550,1,3,3,3,0,1357,1,2,2,2,0,969,0,ST-HCH1,Normalstation Herzchirurgie,24,Herzchirurgie,7.0,15.0,06:00,14:00,450,,13:30,21:30,450,F,21:15,06:15,495,F|S,11,10,8,10,30,45,8,38.5,30,0.05,0,2.0.0,20261169
PK-009,2026-12-09,plan,9,Mittwoch,3,50,0,0,,Pflegefachkraft,Pflegefachkraft,EXAM,0.9,34.65,8316,8316,7484,9148,5,2,2,8,1,1,Pflegefachkraft,0,0.0,-1881,20,19,5,3,1,3876,1,,,,,,0,,0,,3,3,3,0,1550,1,3,3,3,0,1357,1,2,2,2,0,969,0,ST-HCH1,Normalstation Herzchirurgie,24,Herzchirurgie,7.0,15.0,06:00,14:00,450,,13:30,21:30,450,F,21:15,06:15,495,F|S,11,10,8,10,30,45,8,38.5,30,0.05,0,2.0.0,20261169
PK-010,2026-12-09,plan,9,Mittwoch,3,50,0,0,,Pflegefachkraft,Pflegefachkraft,EXAM,0.75,28.88,6931,6931,6238,7624,5,2,2,8,1,1,Pflegefachkraft,0,0.0,-1845,20,19,5,3,1,3876,1,,,,,,0,,0,,3,3,3,0,1550,1,3,3,3,0,1357,1,2,2,2,0,969,0,ST-HCH1,Normalstation Herzchirurgie,24,Herzchirurgie,7.0,15.0,06:00,14:00,450,,13:30,21:30,450,F,21:15,06:15,495,F|S,11,10,8,10,30,45,8,38.5,30,0.05,0,2.0.0,20261169
PK-011,2026-12-09,plan,9,Mittwoch,3,50,0,0,,Pflegefachkraft,Pflegefachkraft,EXAM,0.8,30.8,7392,7392,6653,8131,5,2,2,8,1,1,Pflegefachkraft,0,0.0,-1947,20,19,5,3,1,3876,0,URLAUB,,,,,0,,0,,3,3,3,0,1550,1,3,3,3,0,1357,1,2,2,2,0,969,0,ST-HCH1,Normalstation Herzchirurgie,24,Herzchirurgie,7.0,15.0,06:00,14:00,450,,13:30,21:30,450,F,21:15,06:15,495,F|S,11,10,8,10,30,45,8,38.5,30,0.05,0,2.0.0,20261169
PK-012,2026-12-09,plan,9,Mittwoch,3,50,0,0,,Pflegefachkraft,Pflegefachkraft,EXAM|KARDIO_MONITORING,0.7,26.95,6468,6468,5821,7115,5,2,2,8,1,1,Pflegefachkraft,0,0.0,-1473,20,19,5,3,1,3876,1,,,,,,1,2,0,,3,3,3,0,1550,1,3,3,3,0,1357,1,2,2,2,0,969,0,ST-HCH1,Normalstation Herzchirurgie,24,Herzchirurgie,7.0,15.0,06:00,14:00,450,,13:30,21:30,450,F,21:15,06:15,495,F|S,11,10,8,10,30,45,8,38.5,30,0.05,0,2.0.0,20261169
PK-013,2026-12-09,plan,9,Mittwoch,3,50,0,0,,Pflegefachkraft,Pflegefachkraft,EXAM,1.0,38.5,9240,9240,8316,10164,5,2,2,8,1,1,Pflegefachkraft,0,0.0,-2445,20,19,5,3,1,3876,1,,,,,,0,,0,,3,3,3,0,1550,1,3,3,3,0,1357,1,2,2,2,0,969,0,ST-HCH1,Normalstation Herzchirurgie,24,Herzchirurgie,7.0,15.0,06:00,14:00,450,,13:30,21:30,450,F,21:15,06:15,495,F|S,11,10,8,10,30,45,8,38.5,30,0.05,0,2.0.0,20261169
PK-014,2026-12-09,plan,9,Mittwoch,3,50,0,0,,Pflegefachkraft,Pflegefachkraft,EXAM|KARDIO_MONITORING,0.5,19.25,4620,4620,4158,5082,5,2,2,8,1,1,Pflegefachkraft,0,0.0,-1020,20,19,5,3,1,3876,1,,,N,2,,0,,0,,3,3,3,0,1550,1,3,3,3,0,1357,1,2,2,2,0,969,0,ST-HCH1,Normalstation Herzchirurgie,24,Herzchirurgie,7.0,15.0,06:00,14:00,450,,13:30,21:30,450,F,21:15,06:15,495,F|S,11,10,8,10,30,45,8,38.5,30,0.05,0,2.0.0,20261169
PK-015,2026-12-09,plan,9,Mittwoch,3,50,0,0,,Pflegefachkraft,Pflegefachkraft,EXAM,1.0,38.5,9240,9240,8316,10164,5,2,2,8,1,1,Pflegefachkraft,0,0.0,-2490,20,19,5,3,1,3876,1,,,,,,0,,0,,3,3,3,0,1550,1,3,3,3,0,1357,1,2,2,2,0,969,0,ST-HCH1,Normalstation Herzchirurgie,24,Herzchirurgie,7.0,15.0,06:00,14:00,450,,13:30,21:30,450,F,21:15,06:15,495,F|S,11,10,8,10,30,45,8,38.5,30,0.05,0,2.0.0,20261169
PK-016,2026-12-09,plan,9,Mittwoch,3,50,0,0,,Pflegefachkraft,Pflegefachkraft,EXAM|PRAXISANLEITUNG,1.0,38.5,9240,9240,8316,10164,5,2,2,8,1,1,Pflegefachkraft,0,0.0,-2310,20,19,5,3,1,3876,1,,,,,,0,,0,,3,3,3,0,1550,1,3,3,3,0,1357,1,2,2,2,0,969,0,ST-HCH1,Normalstation Herzchirurgie,24,Herzchirurgie,7.0,15.0,06:00,14:00,450,,13:30,21:30,450,F,21:15,06:15,495,F|S,11,10,8,10,30,45,8,38.5,30,0.05,0,2.0.0,20261169
PK-017,2026-12-09,plan,9,Mittwoch,3,50,0,0,,Pflegefachkraft,Pflegefachkraft,EXAM,0.8,30.8,7392,7392,6653,8131,5,2,2,8,1,1,Pflegefachkraft,0,0.0,-1902,20,19,5,3,1,3876,1,,3,,,,0,,0,,3,3,3,0,1550,1,3,3,3,0,1357,1,2,2,2,0,969,0,ST-HCH1,Normalstation Herzchirurgie,24,Herzchirurgie,7.0,15.0,06:00,14:00,450,,13:30,21:30,450,F,21:15,06:15,495,F|S,11,10,8,10,30,45,8,38.5,30,0.05,0,2.0.0,20261169
PK-018,2026-12-09,plan,9,Mittwoch,3,50,0,0,,Pflegefachkraft,Pflegefachkraft,EXAM,0.5,19.25,4620,4620,4158,5082,5,2,2,8,1,1,Pflegefachkraft,0,0.0,-1245,20,19,5,3,1,3876,0,LANGZEITABWESENHEIT,,,,,0,,0,,3,3,3,0,1550,1,3,3,3,0,1357,1,2,2,2,0,969,0,ST-HCH1,Normalstation Herzchirurgie,24,Herzchirurgie,7.0,15.0,06:00,14:00,450,,13:30,21:30,450,F,21:15,06:15,495,F|S,11,10,8,10,30,45,8,38.5,30,0.05,0,2.0.0,20261169
AZ-001,2026-12-10,plan,10,Donnerstag,4,50,0,0,,Auszubildende_r_3_Ausbildungsjahr,Auszubildende,AUSZUBILDEND,1.0,38.5,9240,9240,8316,10164,5,2,2,8,1,0,nicht anrechenbar,0,0.0,-9240,19,17,6,3,1,3572,0,URLAUB,,,,,0,,0,,3,3,3,0,1429,1,3,3,3,0,1250,1,2,2,2,0,893,0,ST-HCH1,Normalstation Herzchirurgie,24,Herzchirurgie,7.0,15.0,06:00,14:00,450,,13:30,21:30,450,F,21:15,06:15,495,F|S,11,10,8,10,30,45,8,38.5,30,0.05,0,2.0.0,20261169
AZ-002,2026-12-10,plan,10,Donnerstag,4,50,0,0,,Auszubildende_r_2_Ausbildungsjahr,Auszubildende,AUSZUBILDEND,1.0,38.5,9240,9240,8316,10164,5,2,2,8,1,0,nicht anrechenbar,0,0.0,-6006,19,17,6,3,1,3572,1,,,,,,0,,0,,3,3,3,0,1429,1,3,3,3,0,1250,1,2,2,2,0,893,0,ST-HCH1,Normalstation Herzchirurgie,24,Herzchirurgie,7.0,15.0,06:00,14:00,450,,13:30,21:30,450,F,21:15,06:15,495,F|S,11,10,8,10,30,45,8,38.5,30,0.05,0,2.0.0,20261169
AZ-003,2026-12-10,plan,10,Donnerstag,4,50,0,0,,Auszubildende_r_1_Ausbildungsjahr,Auszubildende,AUSZUBILDEND,1.0,38.5,9240,9240,8316,10164,5,2,2,0,0,0,nicht anrechenbar,0,0.0,-9240,19,17,6,3,1,3572,1,,,,,,0,,0,,3,3,3,0,1429,1,3,3,3,0,1250,1,2,2,2,0,893,0,ST-HCH1,Normalstation Herzchirurgie,24,Herzchirurgie,7.0,15.0,06:00,14:00,450,,13:30,21:30,450,F,21:15,06:15,495,F|S,11,10,8,10,30,45,8,38.5,30,0.05,0,2.0.0,20261169
PK-001,2026-12-10,plan,10,Donnerstag,4,50,0,0,,Stationsleitung,Pflegefachkraft,EXAM|LEITUNG|PRAXISANLEITUNG,1.0,38.5,9240,4620,4158,5082,5,2,2,0,0,1,Pflegefachkraft,1,0.5,2130,19,17,6,3,1,3572,1,,,,,,0,,0,,3,3,3,0,1429,1,3,3,3,0,1250,1,2,2,2,0,893,0,ST-HCH1,Normalstation Herzchirurgie,24,Herzchirurgie,7.0,15.0,06:00,14:00,450,,13:30,21:30,450,F,21:15,06:15,495,F|S,11,10,8,10,30,45,8,38.5,30,0.05,0,2.0.0,20261169
PK-002,2026-12-10,plan,10,Donnerstag,4,50,0,0,,Pflegefachkraft,Pflegefachkraft,EXAM,0.6,23.1,5544,5544,4990,6098,5,2,2,8,1,1,Pflegefachkraft,0,0.0,-1359,19,17,6,3,1,3572,1,,,,,,0,,0,,3,3,3,0,1429,1,3,3,3,0,1250,1,2,2,2,0,893,0,ST-HCH1,Normalstation Herzchirurgie,24,Herzchirurgie,7.0,15.0,06:00,14:00,450,,13:30,21:30,450,F,21:15,06:15,495,F|S,11,10,8,10,30,45,8,38.5,30,0.05,0,2.0.0,20261169
PK-003,2026-12-10,plan,10,Donnerstag,4,50,0,0,,Pflegefachkraft,Pflegefachkraft,EXAM|KARDIO_MONITORING,1.0,38.5,9240,9240,8316,10164,5,2,2,8,1,1,Pflegefachkraft,0,0.0,-2130,19,17,6,3,1,3572,1,,2,,,,0,,0,,3,3,3,0,1429,1,3,3,3,0,1250,1,2,2,2,0,893,0,ST-HCH1,Normalstation Herzchirurgie,24,Herzchirurgie,7.0,15.0,06:00,14:00,450,,13:30,21:30,450,F,21:15,06:15,495,F|S,11,10,8,10,30,45,8,38.5,30,0.05,0,2.0.0,20261169
PK-004,2026-12-10,plan,10,Donnerstag,4,50,0,0,,Pflegefachkraft,Pflegefachkraft,EXAM|KARDIO_MONITORING,0.75,28.88,6931,6931,6238,7624,5,2,2,8,1,1,Pflegefachkraft,0,0.0,-1485,19,17,6,3,1,3572,1,,,,,,0,,0,,3,3,3,0,1429,1,3,3,3,0,1250,1,2,2,2,0,893,0,ST-HCH1,Normalstation Herzchirurgie,24,Herzchirurgie,7.0,15.0,06:00,14:00,450,,13:30,21:30,450,F,21:15,06:15,495,F|S,11,10,8,10,30,45,8,38.5,30,0.05,0,2.0.0,20261169
PK-005,2026-12-10,plan,10,Donnerstag,4,50,0,0,,Pflegefachkraft,Pflegefachkraft,EXAM|PRAXISANLEITUNG,0.7,26.95,6468,6468,5821,7115,5,2,2,8,1,1,Pflegefachkraft,0,0.0,431,19,17,6,3,1,3572,1,,,,,,0,,0,,3,3,3,0,1429,1,3,3,3,0,1250,1,2,2,2,0,893,0,ST-HCH1,Normalstation Herzchirurgie,24,Herzchirurgie,7.0,15.0,06:00,14:00,450,,13:30,21:30,450,F,21:15,06:15,495,F|S,11,10,8,10,30,45,8,38.5,30,0.05,0,2.0.0,20261169
PK-006,2026-12-10,plan,10,Donnerstag,4,50,0,0,,Pflegefachkraft,Pflegefachkraft,EXAM,1.0,38.5,9240,9240,8316,10164,5,2,2,8,1,1,Pflegefachkraft,0,0.0,-2130,19,17,6,3,1,3572,1,,,,,,0,,0,,3,3,3,0,1429,1,3,3,3,0,1250,1,2,2,2,0,893,0,ST-HCH1,Normalstation Herzchirurgie,24,Herzchirurgie,7.0,15.0,06:00,14:00,450,,13:30,21:30,450,F,21:15,06:15,495,F|S,11,10,8,10,30,45,8,38.5,30,0.05,0,2.0.0,20261169
PK-007,2026-12-10,plan,10,Donnerstag,4,50,0,0,,Pflegefachkraft,Pflegefachkraft,EXAM,1.0,38.5,9240,9240,8316,10164,5,2,2,8,1,1,Pflegefachkraft,0,0.0,1104,19,17,6,3,1,3572,1,,,,,,0,,0,,3,3,3,0,1429,1,3,3,3,0,1250,1,2,2,2,0,893,0,ST-HCH1,Normalstation Herzchirurgie,24,Herzchirurgie,7.0,15.0,06:00,14:00,450,,13:30,21:30,450,F,21:15,06:15,495,F|S,11,10,8,10,30,45,8,38.5,30,0.05,0,2.0.0,20261169
PK-008,2026-12-10,plan,10,Donnerstag,4,50,0,0,,Pflegefachkraft,Pflegefachkraft,EXAM|PRAXISANLEITUNG,1.0,38.5,9240,9240,8316,10164,5,2,2,8,1,1,Pflegefachkraft,0,0.0,-2265,19,17,6,3,1,3572,1,,,,,,0,,0,,3,3,3,0,1429,1,3,3,3,0,1250,1,2,2,2,0,893,0,ST-HCH1,Normalstation Herzchirurgie,24,Herzchirurgie,7.0,15.0,06:00,14:00,450,,13:30,21:30,450,F,21:15,06:15,495,F|S,11,10,8,10,30,45,8,38.5,30,0.05,0,2.0.0,20261169
PK-009,2026-12-10,plan,10,Donnerstag,4,50,0,0,,Pflegefachkraft,Pflegefachkraft,EXAM,0.9,34.65,8316,8316,7484,9148,5,2,2,8,1,1,Pflegefachkraft,0,0.0,-1881,19,17,6,3,1,3572,1,,,,,,0,,0,,3,3,3,0,1429,1,3,3,3,0,1250,1,2,2,2,0,893,0,ST-HCH1,Normalstation Herzchirurgie,24,Herzchirurgie,7.0,15.0,06:00,14:00,450,,13:30,21:30,450,F,21:15,06:15,495,F|S,11,10,8,10,30,45,8,38.5,30,0.05,0,2.0.0,20261169
PK-010,2026-12-10,plan,10,Donnerstag,4,50,0,0,,Pflegefachkraft,Pflegefachkraft,EXAM,0.75,28.88,6931,6931,6238,7624,5,2,2,8,1,1,Pflegefachkraft,0,0.0,-1845,19,17,6,3,1,3572,1,,,,,,0,,0,,3,3,3,0,1429,1,3,3,3,0,1250,1,2,2,2,0,893,0,ST-HCH1,Normalstation Herzchirurgie,24,Herzchirurgie,7.0,15.0,06:00,14:00,450,,13:30,21:30,450,F,21:15,06:15,495,F|S,11,10,8,10,30,45,8,38.5,30,0.05,0,2.0.0,20261169
PK-011,2026-12-10,plan,10,Donnerstag,4,50,0,0,,Pflegefachkraft,Pflegefachkraft,EXAM,0.8,30.8,7392,7392,6653,8131,5,2,2,8,1,1,Pflegefachkraft,0,0.0,-1947,19,17,6,3,1,3572,0,URLAUB,,,,,0,,0,,3,3,3,0,1429,1,3,3,3,0,1250,1,2,2,2,0,893,0,ST-HCH1,Normalstation Herzchirurgie,24,Herzchirurgie,7.0,15.0,06:00,14:00,450,,13:30,21:30,450,F,21:15,06:15,495,F|S,11,10,8,10,30,45,8,38.5,30,0.05,0,2.0.0,20261169
PK-012,2026-12-10,plan,10,Donnerstag,4,50,0,0,,Pflegefachkraft,Pflegefachkraft,EXAM|KARDIO_MONITORING,0.7,26.95,6468,6468,5821,7115,5,2,2,8,1,1,Pflegefachkraft,0,0.0,-1473,19,17,6,3,1,3572,1,,,,,,0,,0,,3,3,3,0,1429,1,3,3,3,0,1250,1,2,2,2,0,893,0,ST-HCH1,Normalstation Herzchirurgie,24,Herzchirurgie,7.0,15.0,06:00,14:00,450,,13:30,21:30,450,F,21:15,06:15,495,F|S,11,10,8,10,30,45,8,38.5,30,0.05,0,2.0.0,20261169
PK-013,2026-12-10,plan,10,Donnerstag,4,50,0,0,,Pflegefachkraft,Pflegefachkraft,EXAM,1.0,38.5,9240,9240,8316,10164,5,2,2,8,1,1,Pflegefachkraft,0,0.0,-2445,19,17,6,3,1,3572,1,,,,,,0,,0,,3,3,3,0,1429,1,3,3,3,0,1250,1,2,2,2,0,893,0,ST-HCH1,Normalstation Herzchirurgie,24,Herzchirurgie,7.0,15.0,06:00,14:00,450,,13:30,21:30,450,F,21:15,06:15,495,F|S,11,10,8,10,30,45,8,38.5,30,0.05,0,2.0.0,20261169
PK-014,2026-12-10,plan,10,Donnerstag,4,50,0,0,,Pflegefachkraft,Pflegefachkraft,EXAM|KARDIO_MONITORING,0.5,19.25,4620,4620,4158,5082,5,2,2,8,1,1,Pflegefachkraft,0,0.0,-1020,19,17,6,3,1,3572,1,,,,,,0,,0,,3,3,3,0,1429,1,3,3,3,0,1250,1,2,2,2,0,893,0,ST-HCH1,Normalstation Herzchirurgie,24,Herzchirurgie,7.0,15.0,06:00,14:00,450,,13:30,21:30,450,F,21:15,06:15,495,F|S,11,10,8,10,30,45,8,38.5,30,0.05,0,2.0.0,20261169
PK-015,2026-12-10,plan,10,Donnerstag,4,50,0,0,,Pflegefachkraft,Pflegefachkraft,EXAM,1.0,38.5,9240,9240,8316,10164,5,2,2,8,1,1,Pflegefachkraft,0,0.0,-2490,19,17,6,3,1,3572,1,,,,,,0,,0,,3,3,3,0,1429,1,3,3,3,0,1250,1,2,2,2,0,893,0,ST-HCH1,Normalstation Herzchirurgie,24,Herzchirurgie,7.0,15.0,06:00,14:00,450,,13:30,21:30,450,F,21:15,06:15,495,F|S,11,10,8,10,30,45,8,38.5,30,0.05,0,2.0.0,20261169
PK-016,2026-12-10,plan,10,Donnerstag,4,50,0,0,,Pflegefachkraft,Pflegefachkraft,EXAM|PRAXISANLEITUNG,1.0,38.5,9240,9240,8316,10164,5,2,2,8,1,1,Pflegefachkraft,0,0.0,-2310,19,17,6,3,1,3572,1,,,,,,0,,0,,3,3,3,0,1429,1,3,3,3,0,1250,1,2,2,2,0,893,0,ST-HCH1,Normalstation Herzchirurgie,24,Herzchirurgie,7.0,15.0,06:00,14:00,450,,13:30,21:30,450,F,21:15,06:15,495,F|S,11,10,8,10,30,45,8,38.5,30,0.05,0,2.0.0,20261169
PK-017,2026-12-10,plan,10,Donnerstag,4,50,0,0,,Pflegefachkraft,Pflegefachkraft,EXAM,0.8,30.8,7392,7392,6653,8131,5,2,2,8,1,1,Pflegefachkraft,0,0.0,-1902,19,17,6,3,1,3572,0,FORTBILDUNG,,,,,0,,0,,3,3,3,0,1429,1,3,3,3,0,1250,1,2,2,2,0,893,0,ST-HCH1,Normalstation Herzchirurgie,24,Herzchirurgie,7.0,15.0,06:00,14:00,450,,13:30,21:30,450,F,21:15,06:15,495,F|S,11,10,8,10,30,45,8,38.5,30,0.05,0,2.0.0,20261169
PK-018,2026-12-10,plan,10,Donnerstag,4,50,0,0,,Pflegefachkraft,Pflegefachkraft,EXAM,0.5,19.25,4620,4620,4158,5082,5,2,2,8,1,1,Pflegefachkraft,0,0.0,-1245,19,17,6,3,1,3572,0,LANGZEITABWESENHEIT,,,,,0,,0,,3,3,3,0,1429,1,3,3,3,0,1250,1,2,2,2,0,893,0,ST-HCH1,Normalstation Herzchirurgie,24,Herzchirurgie,7.0,15.0,06:00,14:00,450,,13:30,21:30,450,F,21:15,06:15,495,F|S,11,10,8,10,30,45,8,38.5,30,0.05,0,2.0.0,20261169
AZ-001,2026-12-11,plan,11,Freitag,5,50,0,0,,Auszubildende_r_3_Ausbildungsjahr,Auszubildende,AUSZUBILDEND,1.0,38.5,9240,9240,8316,10164,5,2,2,8,1,0,nicht anrechenbar,0,0.0,-9240,17,17,0,0,0,3147,0,URLAUB,,,,,0,,0,,3,3,3,0,1259,1,3,3,3,0,1101,1,2,2,2,0,787,0,ST-HCH1,Normalstation Herzchirurgie,24,Herzchirurgie,7.0,15.0,06:00,14:00,450,,13:30,21:30,450,F,21:15,06:15,495,F|S,11,10,8,10,30,45,8,38.5,30,0.05,0,2.0.0,20261169
AZ-002,2026-12-11,plan,11,Freitag,5,50,0,0,,Auszubildende_r_2_Ausbildungsjahr,Auszubildende,AUSZUBILDEND,1.0,38.5,9240,9240,8316,10164,5,2,2,8,1,0,nicht anrechenbar,0,0.0,-6006,17,17,0,0,0,3147,0,URLAUB,,,,,0,,0,,3,3,3,0,1259,1,3,3,3,0,1101,1,2,2,2,0,787,0,ST-HCH1,Normalstation Herzchirurgie,24,Herzchirurgie,7.0,15.0,06:00,14:00,450,,13:30,21:30,450,F,21:15,06:15,495,F|S,11,10,8,10,30,45,8,38.5,30,0.05,0,2.0.0,20261169
AZ-003,2026-12-11,plan,11,Freitag,5,50,0,0,,Auszubildende_r_1_Ausbildungsjahr,Auszubildende,AUSZUBILDEND,1.0,38.5,9240,9240,8316,10164,5,2,2,0,0,0,nicht anrechenbar,0,0.0,-9240,17,17,0,0,0,3147,1,,2,,,,0,,0,,3,3,3,0,1259,1,3,3,3,0,1101,1,2,2,2,0,787,0,ST-HCH1,Normalstation Herzchirurgie,24,Herzchirurgie,7.0,15.0,06:00,14:00,450,,13:30,21:30,450,F,21:15,06:15,495,F|S,11,10,8,10,30,45,8,38.5,30,0.05,0,2.0.0,20261169
PK-001,2026-12-11,plan,11,Freitag,5,50,0,0,,Stationsleitung,Pflegefachkraft,EXAM|LEITUNG|PRAXISANLEITUNG,1.0,38.5,9240,4620,4158,5082,5,2,2,0,0,1,Pflegefachkraft,1,0.5,2130,17,17,0,0,0,3147,1,,,,,,0,,0,,3,3,3,0,1259,1,3,3,3,0,1101,1,2,2,2,0,787,0,ST-HCH1,Normalstation Herzchirurgie,24,Herzchirurgie,7.0,15.0,06:00,14:00,450,,13:30,21:30,450,F,21:15,06:15,495,F|S,11,10,8,10,30,45,8,38.5,30,0.05,0,2.0.0,20261169
PK-002,2026-12-11,plan,11,Freitag,5,50,0,0,,Pflegefachkraft,Pflegefachkraft,EXAM,0.6,23.1,5544,5544,4990,6098,5,2,2,8,1,1,Pflegefachkraft,0,0.0,-1359,17,17,0,0,0,3147,1,,,,,,0,,0,,3,3,3,0,1259,1,3,3,3,0,1101,1,2,2,2,0,787,0,ST-HCH1,Normalstation Herzchirurgie,24,Herzchirurgie,7.0,15.0,06:00,14:00,450,,13:30,21:30,450,F,21:15,06:15,495,F|S,11,10,8,10,30,45,8,38.5,30,0.05,0,2.0.0,20261169
PK-003,2026-12-11,plan,11,Freitag,5,50,0,0,,Pflegefachkraft,Pflegefachkraft,EXAM|KARDIO_MONITORING,1.0,38.5,9240,9240,8316,10164,5,2,2,8,1,1,Pflegefachkraft,0,0.0,-2130,17,17,0,0,0,3147,1,,,,,,0,,0,,3,3,3,0,1259,1,3,3,3,0,1101,1,2,2,2,0,787,0,ST-HCH1,Normalstation Herzchirurgie,24,Herzchirurgie,7.0,15.0,06:00,14:00,450,,13:30,21:30,450,F,21:15,06:15,495,F|S,11,10,8,10,30,45,8,38.5,30,0.05,0,2.0.0,20261169
PK-004,2026-12-11,plan,11,Freitag,5,50,0,0,,Pflegefachkraft,Pflegefachkraft,EXAM|KARDIO_MONITORING,0.75,28.88,6931,6931,6238,7624,5,2,2,8,1,1,Pflegefachkraft,0,0.0,-1485,17,17,0,0,0,3147,1,,,,,,0,,0,,3,3,3,0,1259,1,3,3,3,0,1101,1,2,2,2,0,787,0,ST-HCH1,Normalstation Herzchirurgie,24,Herzchirurgie,7.0,15.0,06:00,14:00,450,,13:30,21:30,450,F,21:15,06:15,495,F|S,11,10,8,10,30,45,8,38.5,30,0.05,0,2.0.0,20261169
PK-005,2026-12-11,plan,11,Freitag,5,50,0,0,,Pflegefachkraft,Pflegefachkraft,EXAM|PRAXISANLEITUNG,0.7,26.95,6468,6468,5821,7115,5,2,2,8,1,1,Pflegefachkraft,0,0.0,431,17,17,0,0,0,3147,1,,,,,,0,,0,,3,3,3,0,1259,1,3,3,3,0,1101,1,2,2,2,0,787,0,ST-HCH1,Normalstation Herzchirurgie,24,Herzchirurgie,7.0,15.0,06:00,14:00,450,,13:30,21:30,450,F,21:15,06:15,495,F|S,11,10,8,10,30,45,8,38.5,30,0.05,0,2.0.0,20261169
PK-006,2026-12-11,plan,11,Freitag,5,50,0,0,,Pflegefachkraft,Pflegefachkraft,EXAM,1.0,38.5,9240,9240,8316,10164,5,2,2,8,1,1,Pflegefachkraft,0,0.0,-2130,17,17,0,0,0,3147,1,,,,,,0,,0,,3,3,3,0,1259,1,3,3,3,0,1101,1,2,2,2,0,787,0,ST-HCH1,Normalstation Herzchirurgie,24,Herzchirurgie,7.0,15.0,06:00,14:00,450,,13:30,21:30,450,F,21:15,06:15,495,F|S,11,10,8,10,30,45,8,38.5,30,0.05,0,2.0.0,20261169
PK-007,2026-12-11,plan,11,Freitag,5,50,0,0,,Pflegefachkraft,Pflegefachkraft,EXAM,1.0,38.5,9240,9240,8316,10164,5,2,2,8,1,1,Pflegefachkraft,0,0.0,1104,17,17,0,0,0,3147,1,,,,,,0,,0,,3,3,3,0,1259,1,3,3,3,0,1101,1,2,2,2,0,787,0,ST-HCH1,Normalstation Herzchirurgie,24,Herzchirurgie,7.0,15.0,06:00,14:00,450,,13:30,21:30,450,F,21:15,06:15,495,F|S,11,10,8,10,30,45,8,38.5,30,0.05,0,2.0.0,20261169
PK-008,2026-12-11,plan,11,Freitag,5,50,0,0,,Pflegefachkraft,Pflegefachkraft,EXAM|PRAXISANLEITUNG,1.0,38.5,9240,9240,8316,10164,5,2,2,8,1,1,Pflegefachkraft,0,0.0,-2265,17,17,0,0,0,3147,1,,,,,,0,,0,,3,3,3,0,1259,1,3,3,3,0,1101,1,2,2,2,0,787,0,ST-HCH1,Normalstation Herzchirurgie,24,Herzchirurgie,7.0,15.0,06:00,14:00,450,,13:30,21:30,450,F,21:15,06:15,495,F|S,11,10,8,10,30,45,8,38.5,30,0.05,0,2.0.0,20261169
PK-009,2026-12-11,plan,11,Freitag,5,50,0,0,,Pflegefachkraft,Pflegefachkraft,EXAM,0.9,34.65,8316,8316,7484,9148,5,2,2,8,1,1,Pflegefachkraft,0,0.0,-1881,17,17,0,0,0,3147,1,,,,,,0,,0,,3,3,3,0,1259,1,3,3,3,0,1101,1,2,2,2,0,787,0,ST-HCH1,Normalstation Herzchirurgie,24,Herzchirurgie,7.0,15.0,06:00,14:00,450,,13:30,21:30,450,F,21:15,06:15,495,F|S,11,10,8,10,30,45,8,38.5,30,0.05,0,2.0.0,20261169
PK-010,2026-12-11,plan,11,Freitag,5,50,0,0,,Pflegefachkraft,Pflegefachkraft,EXAM,0.75,28.88,6931,6931,6238,7624,5,2,2,8,1,1,Pflegefachkraft,0,0.0,-1845,17,17,0,0,0,3147,1,,,,,,0,,0,,3,3,3,0,1259,1,3,3,3,0,1101,1,2,2,2,0,787,0,ST-HCH1,Normalstation Herzchirurgie,24,Herzchirurgie,7.0,15.0,06:00,14:00,450,,13:30,21:30,450,F,21:15,06:15,495,F|S,11,10,8,10,30,45,8,38.5,30,0.05,0,2.0.0,20261169
PK-011,2026-12-11,plan,11,Freitag,5,50,0,0,,Pflegefachkraft,Pflegefachkraft,EXAM,0.8,30.8,7392,7392,6653,8131,5,2,2,8,1,1,Pflegefachkraft,0,0.0,-1947,17,17,0,0,0,3147,0,URLAUB,,,,,0,,0,,3,3,3,0,1259,1,3,3,3,0,1101,1,2,2,2,0,787,0,ST-HCH1,Normalstation Herzchirurgie,24,Herzchirurgie,7.0,15.0,06:00,14:00,450,,13:30,21:30,450,F,21:15,06:15,495,F|S,11,10,8,10,30,45,8,38.5,30,0.05,0,2.0.0,20261169
PK-012,2026-12-11,plan,11,Freitag,5,50,0,0,,Pflegefachkraft,Pflegefachkraft,EXAM|KARDIO_MONITORING,0.7,26.95,6468,6468,5821,7115,5,2,2,8,1,1,Pflegefachkraft,0,0.0,-1473,17,17,0,0,0,3147,1,,,,,,0,,1,4,3,3,3,0,1259,1,3,3,3,0,1101,1,2,2,2,0,787,0,ST-HCH1,Normalstation Herzchirurgie,24,Herzchirurgie,7.0,15.0,06:00,14:00,450,,13:30,21:30,450,F,21:15,06:15,495,F|S,11,10,8,10,30,45,8,38.5,30,0.05,0,2.0.0,20261169
PK-013,2026-12-11,plan,11,Freitag,5,50,0,0,,Pflegefachkraft,Pflegefachkraft,EXAM,1.0,38.5,9240,9240,8316,10164,5,2,2,8,1,1,Pflegefachkraft,0,0.0,-2445,17,17,0,0,0,3147,1,,,,,,0,,0,,3,3,3,0,1259,1,3,3,3,0,1101,1,2,2,2,0,787,0,ST-HCH1,Normalstation Herzchirurgie,24,Herzchirurgie,7.0,15.0,06:00,14:00,450,,13:30,21:30,450,F,21:15,06:15,495,F|S,11,10,8,10,30,45,8,38.5,30,0.05,0,2.0.0,20261169
PK-014,2026-12-11,plan,11,Freitag,5,50,0,0,,Pflegefachkraft,Pflegefachkraft,EXAM|KARDIO_MONITORING,0.5,19.25,4620,4620,4158,5082,5,2,2,8,1,1,Pflegefachkraft,0,0.0,-1020,17,17,0,0,0,3147,1,,,,,,0,,0,,3,3,3,0,1259,1,3,3,3,0,1101,1,2,2,2,0,787,0,ST-HCH1,Normalstation Herzchirurgie,24,Herzchirurgie,7.0,15.0,06:00,14:00,450,,13:30,21:30,450,F,21:15,06:15,495,F|S,11,10,8,10,30,45,8,38.5,30,0.05,0,2.0.0,20261169
PK-015,2026-12-11,plan,11,Freitag,5,50,0,0,,Pflegefachkraft,Pflegefachkraft,EXAM,1.0,38.5,9240,9240,8316,10164,5,2,2,8,1,1,Pflegefachkraft,0,0.0,-2490,17,17,0,0,0,3147,1,,,,,,0,,0,,3,3,3,0,1259,1,3,3,3,0,1101,1,2,2,2,0,787,0,ST-HCH1,Normalstation Herzchirurgie,24,Herzchirurgie,7.0,15.0,06:00,14:00,450,,13:30,21:30,450,F,21:15,06:15,495,F|S,11,10,8,10,30,45,8,38.5,30,0.05,0,2.0.0,20261169
PK-016,2026-12-11,plan,11,Freitag,5,50,0,0,,Pflegefachkraft,Pflegefachkraft,EXAM|PRAXISANLEITUNG,1.0,38.5,9240,9240,8316,10164,5,2,2,8,1,1,Pflegefachkraft,0,0.0,-2310,17,17,0,0,0,3147,1,,,,,,0,,0,,3,3,3,0,1259,1,3,3,3,0,1101,1,2,2,2,0,787,0,ST-HCH1,Normalstation Herzchirurgie,24,Herzchirurgie,7.0,15.0,06:00,14:00,450,,13:30,21:30,450,F,21:15,06:15,495,F|S,11,10,8,10,30,45,8,38.5,30,0.05,0,2.0.0,20261169
PK-017,2026-12-11,plan,11,Freitag,5,50,0,0,,Pflegefachkraft,Pflegefachkraft,EXAM,0.8,30.8,7392,7392,6653,8131,5,2,2,8,1,1,Pflegefachkraft,0,0.0,-1902,17,17,0,0,0,3147,1,,,,,,0,,0,,3,3,3,0,1259,1,3,3,3,0,1101,1,2,2,2,0,787,0,ST-HCH1,Normalstation Herzchirurgie,24,Herzchirurgie,7.0,15.0,06:00,14:00,450,,13:30,21:30,450,F,21:15,06:15,495,F|S,11,10,8,10,30,45,8,38.5,30,0.05,0,2.0.0,20261169
PK-018,2026-12-11,plan,11,Freitag,5,50,0,0,,Pflegefachkraft,Pflegefachkraft,EXAM,0.5,19.25,4620,4620,4158,5082,5,2,2,8,1,1,Pflegefachkraft,0,0.0,-1245,17,17,0,0,0,3147,0,LANGZEITABWESENHEIT,,,,,0,,0,,3,3,3,0,1259,1,3,3,3,0,1101,1,2,2,2,0,787,0,ST-HCH1,Normalstation Herzchirurgie,24,Herzchirurgie,7.0,15.0,06:00,14:00,450,,13:30,21:30,450,F,21:15,06:15,495,F|S,11,10,8,10,30,45,8,38.5,30,0.05,0,2.0.0,20261169
AZ-001,2026-12-12,plan,12,Samstag,6,50,1,0,,Auszubildende_r_3_Ausbildungsjahr,Auszubildende,AUSZUBILDEND,1.0,38.5,9240,9240,8316,10164,5,2,2,8,1,0,nicht anrechenbar,0,0.0,-9240,16,15,3,2,0,2554,0,URLAUB,,,,,0,,0,,3,3,3,0,1022,1,3,3,3,0,894,1,2,1,2,0,638,0,ST-HCH1,Normalstation Herzchirurgie,24,Herzchirurgie,7.0,15.0,06:00,14:00,450,,13:30,21:30,450,F,21:15,06:15,495,F|S,11,10,8,10,30,45,8,38.5,30,0.05,0,2.0.0,20261169
AZ-002,2026-12-12,plan,12,Samstag,6,50,1,0,,Auszubildende_r_2_Ausbildungsjahr,Auszubildende,AUSZUBILDEND,1.0,38.5,9240,9240,8316,10164,5,2,2,8,1,0,nicht anrechenbar,0,0.0,-6006,16,15,3,2,0,2554,0,URLAUB,,,,,0,,0,,3,3,3,0,1022,1,3,3,3,0,894,1,2,1,2,0,638,0,ST-HCH1,Normalstation Herzchirurgie,24,Herzchirurgie,7.0,15.0,06:00,14:00,450,,13:30,21:30,450,F,21:15,06:15,495,F|S,11,10,8,10,30,45,8,38.5,30,0.05,0,2.0.0,20261169
AZ-003,2026-12-12,plan,12,Samstag,6,50,1,0,,Auszubildende_r_1_Ausbildungsjahr,Auszubildende,AUSZUBILDEND,1.0,38.5,9240,9240,8316,10164,5,2,2,0,0,0,nicht anrechenbar,0,0.0,-9240,16,15,3,2,0,2554,1,,,,,,0,,0,,3,3,3,0,1022,1,3,3,3,0,894,1,2,1,2,0,638,0,ST-HCH1,Normalstation Herzchirurgie,24,Herzchirurgie,7.0,15.0,06:00,14:00,450,,13:30,21:30,450,F,21:15,06:15,495,F|S,11,10,8,10,30,45,8,38.5,30,0.05,0,2.0.0,20261169
PK-001,2026-12-12,plan,12,Samstag,6,50,1,0,,Stationsleitung,Pflegefachkraft,EXAM|LEITUNG|PRAXISANLEITUNG,1.0,38.5,9240,4620,4158,5082,5,2,2,0,0,1,Pflegefachkraft,1,0.5,2130,16,15,3,2,0,2554,1,,,,,,0,,0,,3,3,3,0,1022,1,3,3,3,0,894,1,2,1,2,0,638,0,ST-HCH1,Normalstation Herzchirurgie,24,Herzchirurgie,7.0,15.0,06:00,14:00,450,,13:30,21:30,450,F,21:15,06:15,495,F|S,11,10,8,10,30,45,8,38.5,30,0.05,0,2.0.0,20261169
PK-002,2026-12-12,plan,12,Samstag,6,50,1,0,,Pflegefachkraft,Pflegefachkraft,EXAM,0.6,23.1,5544,5544,4990,6098,5,2,2,8,1,1,Pflegefachkraft,0,0.0,-1359,16,15,3,2,0,2554,1,,,,,,0,,0,,3,3,3,0,1022,1,3,3,3,0,894,1,2,1,2,0,638,0,ST-HCH1,Normalstation Herzchirurgie,24,Herzchirurgie,7.0,15.0,06:00,14:00,450,,13:30,21:30,450,F,21:15,06:15,495,F|S,11,10,8,10,30,45,8,38.5,30,0.05,0,2.0.0,20261169
PK-003,2026-12-12,plan,12,Samstag,6,50,1,0,,Pflegefachkraft,Pflegefachkraft,EXAM|KARDIO_MONITORING,1.0,38.5,9240,9240,8316,10164,5,2,2,8,1,1,Pflegefachkraft,0,0.0,-2130,16,15,3,2,0,2554,1,,,,,,0,,0,,3,3,3,0,1022,1,3,3,3,0,894,1,2,1,2,0,638,0,ST-HCH1,Normalstation Herzchirurgie,24,Herzchirurgie,7.0,15.0,06:00,14:00,450,,13:30,21:30,450,F,21:15,06:15,495,F|S,11,10,8,10,30,45,8,38.5,30,0.05,0,2.0.0,20261169
PK-004,2026-12-12,plan,12,Samstag,6,50,1,0,,Pflegefachkraft,Pflegefachkraft,EXAM|KARDIO_MONITORING,0.75,28.88,6931,6931,6238,7624,5,2,2,8,1,1,Pflegefachkraft,0,0.0,-1485,16,15,3,2,0,2554,1,,,,,,0,,0,,3,3,3,0,1022,1,3,3,3,0,894,1,2,1,2,0,638,0,ST-HCH1,Normalstation Herzchirurgie,24,Herzchirurgie,7.0,15.0,06:00,14:00,450,,13:30,21:30,450,F,21:15,06:15,495,F|S,11,10,8,10,30,45,8,38.5,30,0.05,0,2.0.0,20261169
PK-005,2026-12-12,plan,12,Samstag,6,50,1,0,,Pflegefachkraft,Pflegefachkraft,EXAM|PRAXISANLEITUNG,0.7,26.95,6468,6468,5821,7115,5,2,2,8,1,1,Pflegefachkraft,0,0.0,431,16,15,3,2,0,2554,1,,,,,,0,,0,,3,3,3,0,1022,1,3,3,3,0,894,1,2,1,2,0,638,0,ST-HCH1,Normalstation Herzchirurgie,24,Herzchirurgie,7.0,15.0,06:00,14:00,450,,13:30,21:30,450,F,21:15,06:15,495,F|S,11,10,8,10,30,45,8,38.5,30,0.05,0,2.0.0,20261169
PK-006,2026-12-12,plan,12,Samstag,6,50,1,0,,Pflegefachkraft,Pflegefachkraft,EXAM,1.0,38.5,9240,9240,8316,10164,5,2,2,8,1,1,Pflegefachkraft,0,0.0,-2130,16,15,3,2,0,2554,1,,,,,,1,12,0,,3,3,3,0,1022,1,3,3,3,0,894,1,2,1,2,0,638,0,ST-HCH1,Normalstation Herzchirurgie,24,Herzchirurgie,7.0,15.0,06:00,14:00,450,,13:30,21:30,450,F,21:15,06:15,495,F|S,11,10,8,10,30,45,8,38.5,30,0.05,0,2.0.0,20261169
PK-007,2026-12-12,plan,12,Samstag,6,50,1,0,,Pflegefachkraft,Pflegefachkraft,EXAM,1.0,38.5,9240,9240,8316,10164,5,2,2,8,1,1,Pflegefachkraft,0,0.0,1104,16,15,3,2,0,2554,1,,,,,,0,,0,,3,3,3,0,1022,1,3,3,3,0,894,1,2,1,2,0,638,0,ST-HCH1,Normalstation Herzchirurgie,24,Herzchirurgie,7.0,15.0,06:00,14:00,450,,13:30,21:30,450,F,21:15,06:15,495,F|S,11,10,8,10,30,45,8,38.5,30,0.05,0,2.0.0,20261169
PK-008,2026-12-12,plan,12,Samstag,6,50,1,0,,Pflegefachkraft,Pflegefachkraft,EXAM|PRAXISANLEITUNG,1.0,38.5,9240,9240,8316,10164,5,2,2,8,1,1,Pflegefachkraft,0,0.0,-2265,16,15,3,2,0,2554,1,,,,,,0,,0,,3,3,3,0,1022,1,3,3,3,0,894,1,2,1,2,0,638,0,ST-HCH1,Normalstation Herzchirurgie,24,Herzchirurgie,7.0,15.0,06:00,14:00,450,,13:30,21:30,450,F,21:15,06:15,495,F|S,11,10,8,10,30,45,8,38.5,30,0.05,0,2.0.0,20261169
PK-009,2026-12-12,plan,12,Samstag,6,50,1,0,,Pflegefachkraft,Pflegefachkraft,EXAM,0.9,34.65,8316,8316,7484,9148,5,2,2,8,1,1,Pflegefachkraft,0,0.0,-1881,16,15,3,2,0,2554,1,,,,,,0,,0,,3,3,3,0,1022,1,3,3,3,0,894,1,2,1,2,0,638,0,ST-HCH1,Normalstation Herzchirurgie,24,Herzchirurgie,7.0,15.0,06:00,14:00,450,,13:30,21:30,450,F,21:15,06:15,495,F|S,11,10,8,10,30,45,8,38.5,30,0.05,0,2.0.0,20261169
PK-010,2026-12-12,plan,12,Samstag,6,50,1,0,,Pflegefachkraft,Pflegefachkraft,EXAM,0.75,28.88,6931,6931,6238,7624,5,2,2,8,1,1,Pflegefachkraft,0,0.0,-1845,16,15,3,2,0,2554,1,,,,,,1,24,0,,3,3,3,0,1022,1,3,3,3,0,894,1,2,1,2,0,638,0,ST-HCH1,Normalstation Herzchirurgie,24,Herzchirurgie,7.0,15.0,06:00,14:00,450,,13:30,21:30,450,F,21:15,06:15,495,F|S,11,10,8,10,30,45,8,38.5,30,0.05,0,2.0.0,20261169
PK-011,2026-12-12,plan,12,Samstag,6,50,1,0,,Pflegefachkraft,Pflegefachkraft,EXAM,0.8,30.8,7392,7392,6653,8131,5,2,2,8,1,1,Pflegefachkraft,0,0.0,-1947,16,15,3,2,0,2554,0,URLAUB,,,,,0,,0,,3,3,3,0,1022,1,3,3,3,0,894,1,2,1,2,0,638,0,ST-HCH1,Normalstation Herzchirurgie,24,Herzchirurgie,7.0,15.0,06:00,14:00,450,,13:30,21:30,450,F,21:15,06:15,495,F|S,11,10,8,10,30,45,8,38.5,30,0.05,0,2.0.0,20261169
PK-012,2026-12-12,plan,12,Samstag,6,50,1,0,,Pflegefachkraft,Pflegefachkraft,EXAM|KARDIO_MONITORING,0.7,26.95,6468,6468,5821,7115,5,2,2,8,1,1,Pflegefachkraft,0,0.0,-1473,16,15,3,2,0,2554,1,,,,,,0,,1,24,3,3,3,0,1022,1,3,3,3,0,894,1,2,1,2,0,638,0,ST-HCH1,Normalstation Herzchirurgie,24,Herzchirurgie,7.0,15.0,06:00,14:00,450,,13:30,21:30,450,F,21:15,06:15,495,F|S,11,10,8,10,30,45,8,38.5,30,0.05,0,2.0.0,20261169
PK-013,2026-12-12,plan,12,Samstag,6,50,1,0,,Pflegefachkraft,Pflegefachkraft,EXAM,1.0,38.5,9240,9240,8316,10164,5,2,2,8,1,1,Pflegefachkraft,0,0.0,-2445,16,15,3,2,0,2554,1,,,,,,0,,0,,3,3,3,0,1022,1,3,3,3,0,894,1,2,1,2,0,638,0,ST-HCH1,Normalstation Herzchirurgie,24,Herzchirurgie,7.0,15.0,06:00,14:00,450,,13:30,21:30,450,F,21:15,06:15,495,F|S,11,10,8,10,30,45,8,38.5,30,0.05,0,2.0.0,20261169
PK-014,2026-12-12,plan,12,Samstag,6,50,1,0,,Pflegefachkraft,Pflegefachkraft,EXAM|KARDIO_MONITORING,0.5,19.25,4620,4620,4158,5082,5,2,2,8,1,1,Pflegefachkraft,0,0.0,-1020,16,15,3,2,0,2554,1,,,,,,0,,0,,3,3,3,0,1022,1,3,3,3,0,894,1,2,1,2,0,638,0,ST-HCH1,Normalstation Herzchirurgie,24,Herzchirurgie,7.0,15.0,06:00,14:00,450,,13:30,21:30,450,F,21:15,06:15,495,F|S,11,10,8,10,30,45,8,38.5,30,0.05,0,2.0.0,20261169
PK-015,2026-12-12,plan,12,Samstag,6,50,1,0,,Pflegefachkraft,Pflegefachkraft,EXAM,1.0,38.5,9240,9240,8316,10164,5,2,2,8,1,1,Pflegefachkraft,0,0.0,-2490,16,15,3,2,0,2554,1,,,,,,0,,0,,3,3,3,0,1022,1,3,3,3,0,894,1,2,1,2,0,638,0,ST-HCH1,Normalstation Herzchirurgie,24,Herzchirurgie,7.0,15.0,06:00,14:00,450,,13:30,21:30,450,F,21:15,06:15,495,F|S,11,10,8,10,30,45,8,38.5,30,0.05,0,2.0.0,20261169
PK-016,2026-12-12,plan,12,Samstag,6,50,1,0,,Pflegefachkraft,Pflegefachkraft,EXAM|PRAXISANLEITUNG,1.0,38.5,9240,9240,8316,10164,5,2,2,8,1,1,Pflegefachkraft,0,0.0,-2310,16,15,3,2,0,2554,1,,,,,,0,,0,,3,3,3,0,1022,1,3,3,3,0,894,1,2,1,2,0,638,0,ST-HCH1,Normalstation Herzchirurgie,24,Herzchirurgie,7.0,15.0,06:00,14:00,450,,13:30,21:30,450,F,21:15,06:15,495,F|S,11,10,8,10,30,45,8,38.5,30,0.05,0,2.0.0,20261169
PK-017,2026-12-12,plan,12,Samstag,6,50,1,0,,Pflegefachkraft,Pflegefachkraft,EXAM,0.8,30.8,7392,7392,6653,8131,5,2,2,8,1,1,Pflegefachkraft,0,0.0,-1902,16,15,3,2,0,2554,1,,,,,,0,,0,,3,3,3,0,1022,1,3,3,3,0,894,1,2,1,2,0,638,0,ST-HCH1,Normalstation Herzchirurgie,24,Herzchirurgie,7.0,15.0,06:00,14:00,450,,13:30,21:30,450,F,21:15,06:15,495,F|S,11,10,8,10,30,45,8,38.5,30,0.05,0,2.0.0,20261169
PK-018,2026-12-12,plan,12,Samstag,6,50,1,0,,Pflegefachkraft,Pflegefachkraft,EXAM,0.5,19.25,4620,4620,4158,5082,5,2,2,8,1,1,Pflegefachkraft,0,0.0,-1245,16,15,3,2,0,2554,0,LANGZEITABWESENHEIT,,,,,0,,0,,3,3,3,0,1022,1,3,3,3,0,894,1,2,1,2,0,638,0,ST-HCH1,Normalstation Herzchirurgie,24,Herzchirurgie,7.0,15.0,06:00,14:00,450,,13:30,21:30,450,F,21:15,06:15,495,F|S,11,10,8,10,30,45,8,38.5,30,0.05,0,2.0.0,20261169
AZ-001,2026-12-13,plan,13,Sonntag,7,50,1,0,,Auszubildende_r_3_Ausbildungsjahr,Auszubildende,AUSZUBILDEND,1.0,38.5,9240,9240,8316,10164,5,2,2,8,1,0,nicht anrechenbar,0,0.0,-9240,16,16,3,3,0,3048,0,URLAUB,,,,,0,,0,,3,3,3,0,1219,1,3,3,3,0,1067,1,2,2,2,0,762,0,ST-HCH1,Normalstation Herzchirurgie,24,Herzchirurgie,7.0,15.0,06:00,14:00,450,,13:30,21:30,450,F,21:15,06:15,495,F|S,11,10,8,10,30,45,8,38.5,30,0.05,0,2.0.0,20261169
AZ-002,2026-12-13,plan,13,Sonntag,7,50,1,0,,Auszubildende_r_2_Ausbildungsjahr,Auszubildende,AUSZUBILDEND,1.0,38.5,9240,9240,8316,10164,5,2,2,8,1,0,nicht anrechenbar,0,0.0,-6006,16,16,3,3,0,3048,0,URLAUB,,,,,0,,0,,3,3,3,0,1219,1,3,3,3,0,1067,1,2,2,2,0,762,0,ST-HCH1,Normalstation Herzchirurgie,24,Herzchirurgie,7.0,15.0,06:00,14:00,450,,13:30,21:30,450,F,21:15,06:15,495,F|S,11,10,8,10,30,45,8,38.5,30,0.05,0,2.0.0,20261169
AZ-003,2026-12-13,plan,13,Sonntag,7,50,1,0,,Auszubildende_r_1_Ausbildungsjahr,Auszubildende,AUSZUBILDEND,1.0,38.5,9240,9240,8316,10164,5,2,2,0,0,0,nicht anrechenbar,0,0.0,-9240,16,16,3,3,0,3048,1,,,,,,0,,0,,3,3,3,0,1219,1,3,3,3,0,1067,1,2,2,2,0,762,0,ST-HCH1,Normalstation Herzchirurgie,24,Herzchirurgie,7.0,15.0,06:00,14:00,450,,13:30,21:30,450,F,21:15,06:15,495,F|S,11,10,8,10,30,45,8,38.5,30,0.05,0,2.0.0,20261169
PK-001,2026-12-13,plan,13,Sonntag,7,50,1,0,,Stationsleitung,Pflegefachkraft,EXAM|LEITUNG|PRAXISANLEITUNG,1.0,38.5,9240,4620,4158,5082,5,2,2,0,0,1,Pflegefachkraft,1,0.5,2130,16,16,3,3,0,3048,1,,,,,,0,,0,,3,3,3,0,1219,1,3,3,3,0,1067,1,2,2,2,0,762,0,ST-HCH1,Normalstation Herzchirurgie,24,Herzchirurgie,7.0,15.0,06:00,14:00,450,,13:30,21:30,450,F,21:15,06:15,495,F|S,11,10,8,10,30,45,8,38.5,30,0.05,0,2.0.0,20261169
PK-002,2026-12-13,plan,13,Sonntag,7,50,1,0,,Pflegefachkraft,Pflegefachkraft,EXAM,0.6,23.1,5544,5544,4990,6098,5,2,2,8,1,1,Pflegefachkraft,0,0.0,-1359,16,16,3,3,0,3048,1,,,,,,0,,0,,3,3,3,0,1219,1,3,3,3,0,1067,1,2,2,2,0,762,0,ST-HCH1,Normalstation Herzchirurgie,24,Herzchirurgie,7.0,15.0,06:00,14:00,450,,13:30,21:30,450,F,21:15,06:15,495,F|S,11,10,8,10,30,45,8,38.5,30,0.05,0,2.0.0,20261169
PK-003,2026-12-13,plan,13,Sonntag,7,50,1,0,,Pflegefachkraft,Pflegefachkraft,EXAM|KARDIO_MONITORING,1.0,38.5,9240,9240,8316,10164,5,2,2,8,1,1,Pflegefachkraft,0,0.0,-2130,16,16,3,3,0,3048,1,,,,,,0,,0,,3,3,3,0,1219,1,3,3,3,0,1067,1,2,2,2,0,762,0,ST-HCH1,Normalstation Herzchirurgie,24,Herzchirurgie,7.0,15.0,06:00,14:00,450,,13:30,21:30,450,F,21:15,06:15,495,F|S,11,10,8,10,30,45,8,38.5,30,0.05,0,2.0.0,20261169
PK-004,2026-12-13,plan,13,Sonntag,7,50,1,0,,Pflegefachkraft,Pflegefachkraft,EXAM|KARDIO_MONITORING,0.75,28.88,6931,6931,6238,7624,5,2,2,8,1,1,Pflegefachkraft,0,0.0,-1485,16,16,3,3,0,3048,1,,,,,,0,,0,,3,3,3,0,1219,1,3,3,3,0,1067,1,2,2,2,0,762,0,ST-HCH1,Normalstation Herzchirurgie,24,Herzchirurgie,7.0,15.0,06:00,14:00,450,,13:30,21:30,450,F,21:15,06:15,495,F|S,11,10,8,10,30,45,8,38.5,30,0.05,0,2.0.0,20261169
PK-005,2026-12-13,plan,13,Sonntag,7,50,1,0,,Pflegefachkraft,Pflegefachkraft,EXAM|PRAXISANLEITUNG,0.7,26.95,6468,6468,5821,7115,5,2,2,8,1,1,Pflegefachkraft,0,0.0,431,16,16,3,3,0,3048,1,,,,,,0,,0,,3,3,3,0,1219,1,3,3,3,0,1067,1,2,2,2,0,762,0,ST-HCH1,Normalstation Herzchirurgie,24,Herzchirurgie,7.0,15.0,06:00,14:00,450,,13:30,21:30,450,F,21:15,06:15,495,F|S,11,10,8,10,30,45,8,38.5,30,0.05,0,2.0.0,20261169
PK-006,2026-12-13,plan,13,Sonntag,7,50,1,0,,Pflegefachkraft,Pflegefachkraft,EXAM,1.0,38.5,9240,9240,8316,10164,5,2,2,8,1,1,Pflegefachkraft,0,0.0,-2130,16,16,3,3,0,3048,1,,,,,,0,,0,,3,3,3,0,1219,1,3,3,3,0,1067,1,2,2,2,0,762,0,ST-HCH1,Normalstation Herzchirurgie,24,Herzchirurgie,7.0,15.0,06:00,14:00,450,,13:30,21:30,450,F,21:15,06:15,495,F|S,11,10,8,10,30,45,8,38.5,30,0.05,0,2.0.0,20261169
PK-007,2026-12-13,plan,13,Sonntag,7,50,1,0,,Pflegefachkraft,Pflegefachkraft,EXAM,1.0,38.5,9240,9240,8316,10164,5,2,2,8,1,1,Pflegefachkraft,0,0.0,1104,16,16,3,3,0,3048,1,,,,,,0,,0,,3,3,3,0,1219,1,3,3,3,0,1067,1,2,2,2,0,762,0,ST-HCH1,Normalstation Herzchirurgie,24,Herzchirurgie,7.0,15.0,06:00,14:00,450,,13:30,21:30,450,F,21:15,06:15,495,F|S,11,10,8,10,30,45,8,38.5,30,0.05,0,2.0.0,20261169
PK-008,2026-12-13,plan,13,Sonntag,7,50,1,0,,Pflegefachkraft,Pflegefachkraft,EXAM|PRAXISANLEITUNG,1.0,38.5,9240,9240,8316,10164,5,2,2,8,1,1,Pflegefachkraft,0,0.0,-2265,16,16,3,3,0,3048,1,,,,,,0,,0,,3,3,3,0,1219,1,3,3,3,0,1067,1,2,2,2,0,762,0,ST-HCH1,Normalstation Herzchirurgie,24,Herzchirurgie,7.0,15.0,06:00,14:00,450,,13:30,21:30,450,F,21:15,06:15,495,F|S,11,10,8,10,30,45,8,38.5,30,0.05,0,2.0.0,20261169
PK-009,2026-12-13,plan,13,Sonntag,7,50,1,0,,Pflegefachkraft,Pflegefachkraft,EXAM,0.9,34.65,8316,8316,7484,9148,5,2,2,8,1,1,Pflegefachkraft,0,0.0,-1881,16,16,3,3,0,3048,1,,,,,,0,,0,,3,3,3,0,1219,1,3,3,3,0,1067,1,2,2,2,0,762,0,ST-HCH1,Normalstation Herzchirurgie,24,Herzchirurgie,7.0,15.0,06:00,14:00,450,,13:30,21:30,450,F,21:15,06:15,495,F|S,11,10,8,10,30,45,8,38.5,30,0.05,0,2.0.0,20261169
PK-010,2026-12-13,plan,13,Sonntag,7,50,1,0,,Pflegefachkraft,Pflegefachkraft,EXAM,0.75,28.88,6931,6931,6238,7624,5,2,2,8,1,1,Pflegefachkraft,0,0.0,-1845,16,16,3,3,0,3048,1,,,,,,0,,0,,3,3,3,0,1219,1,3,3,3,0,1067,1,2,2,2,0,762,0,ST-HCH1,Normalstation Herzchirurgie,24,Herzchirurgie,7.0,15.0,06:00,14:00,450,,13:30,21:30,450,F,21:15,06:15,495,F|S,11,10,8,10,30,45,8,38.5,30,0.05,0,2.0.0,20261169
PK-011,2026-12-13,plan,13,Sonntag,7,50,1,0,,Pflegefachkraft,Pflegefachkraft,EXAM,0.8,30.8,7392,7392,6653,8131,5,2,2,8,1,1,Pflegefachkraft,0,0.0,-1947,16,16,3,3,0,3048,1,,,,,,0,,0,,3,3,3,0,1219,1,3,3,3,0,1067,1,2,2,2,0,762,0,ST-HCH1,Normalstation Herzchirurgie,24,Herzchirurgie,7.0,15.0,06:00,14:00,450,,13:30,21:30,450,F,21:15,06:15,495,F|S,11,10,8,10,30,45,8,38.5,30,0.05,0,2.0.0,20261169
PK-012,2026-12-13,plan,13,Sonntag,7,50,1,0,,Pflegefachkraft,Pflegefachkraft,EXAM|KARDIO_MONITORING,0.7,26.95,6468,6468,5821,7115,5,2,2,8,1,1,Pflegefachkraft,0,0.0,-1473,16,16,3,3,0,3048,1,,,,,,0,,0,,3,3,3,0,1219,1,3,3,3,0,1067,1,2,2,2,0,762,0,ST-HCH1,Normalstation Herzchirurgie,24,Herzchirurgie,7.0,15.0,06:00,14:00,450,,13:30,21:30,450,F,21:15,06:15,495,F|S,11,10,8,10,30,45,8,38.5,30,0.05,0,2.0.0,20261169
PK-013,2026-12-13,plan,13,Sonntag,7,50,1,0,,Pflegefachkraft,Pflegefachkraft,EXAM,1.0,38.5,9240,9240,8316,10164,5,2,2,8,1,1,Pflegefachkraft,0,0.0,-2445,16,16,3,3,0,3048,1,,,,,,0,,0,,3,3,3,0,1219,1,3,3,3,0,1067,1,2,2,2,0,762,0,ST-HCH1,Normalstation Herzchirurgie,24,Herzchirurgie,7.0,15.0,06:00,14:00,450,,13:30,21:30,450,F,21:15,06:15,495,F|S,11,10,8,10,30,45,8,38.5,30,0.05,0,2.0.0,20261169
PK-014,2026-12-13,plan,13,Sonntag,7,50,1,0,,Pflegefachkraft,Pflegefachkraft,EXAM|KARDIO_MONITORING,0.5,19.25,4620,4620,4158,5082,5,2,2,8,1,1,Pflegefachkraft,0,0.0,-1020,16,16,3,3,0,3048,1,,,,,,0,,0,,3,3,3,0,1219,1,3,3,3,0,1067,1,2,2,2,0,762,0,ST-HCH1,Normalstation Herzchirurgie,24,Herzchirurgie,7.0,15.0,06:00,14:00,450,,13:30,21:30,450,F,21:15,06:15,495,F|S,11,10,8,10,30,45,8,38.5,30,0.05,0,2.0.0,20261169
PK-015,2026-12-13,plan,13,Sonntag,7,50,1,0,,Pflegefachkraft,Pflegefachkraft,EXAM,1.0,38.5,9240,9240,8316,10164,5,2,2,8,1,1,Pflegefachkraft,0,0.0,-2490,16,16,3,3,0,3048,1,,,,,,0,,0,,3,3,3,0,1219,1,3,3,3,0,1067,1,2,2,2,0,762,0,ST-HCH1,Normalstation Herzchirurgie,24,Herzchirurgie,7.0,15.0,06:00,14:00,450,,13:30,21:30,450,F,21:15,06:15,495,F|S,11,10,8,10,30,45,8,38.5,30,0.05,0,2.0.0,20261169
PK-016,2026-12-13,plan,13,Sonntag,7,50,1,0,,Pflegefachkraft,Pflegefachkraft,EXAM|PRAXISANLEITUNG,1.0,38.5,9240,9240,8316,10164,5,2,2,8,1,1,Pflegefachkraft,0,0.0,-2310,16,16,3,3,0,3048,1,,,,,,0,,0,,3,3,3,0,1219,1,3,3,3,0,1067,1,2,2,2,0,762,0,ST-HCH1,Normalstation Herzchirurgie,24,Herzchirurgie,7.0,15.0,06:00,14:00,450,,13:30,21:30,450,F,21:15,06:15,495,F|S,11,10,8,10,30,45,8,38.5,30,0.05,0,2.0.0,20261169
PK-017,2026-12-13,plan,13,Sonntag,7,50,1,0,,Pflegefachkraft,Pflegefachkraft,EXAM,0.8,30.8,7392,7392,6653,8131,5,2,2,8,1,1,Pflegefachkraft,0,0.0,-1902,16,16,3,3,0,3048,1,,,,,,0,,0,,3,3,3,0,1219,1,3,3,3,0,1067,1,2,2,2,0,762,0,ST-HCH1,Normalstation Herzchirurgie,24,Herzchirurgie,7.0,15.0,06:00,14:00,450,,13:30,21:30,450,F,21:15,06:15,495,F|S,11,10,8,10,30,45,8,38.5,30,0.05,0,2.0.0,20261169
PK-018,2026-12-13,plan,13,Sonntag,7,50,1,0,,Pflegefachkraft,Pflegefachkraft,EXAM,0.5,19.25,4620,4620,4158,5082,5,2,2,8,1,1,Pflegefachkraft,0,0.0,-1245,16,16,3,3,0,3048,0,LANGZEITABWESENHEIT,,,,,0,,0,,3,3,3,0,1219,1,3,3,3,0,1067,1,2,2,2,0,762,0,ST-HCH1,Normalstation Herzchirurgie,24,Herzchirurgie,7.0,15.0,06:00,14:00,450,,13:30,21:30,450,F,21:15,06:15,495,F|S,11,10,8,10,30,45,8,38.5,30,0.05,0,2.0.0,20261169
AZ-001,2026-12-14,plan,14,Montag,1,51,0,0,,Auszubildende_r_3_Ausbildungsjahr,Auszubildende,AUSZUBILDEND,1.0,38.5,9240,9240,8316,10164,5,2,2,8,1,0,nicht anrechenbar,0,0.0,-9240,20,18,7,2,0,3987,0,URLAUB,,,,,0,,0,,4,3,4,0,1595,1,3,3,3,0,1395,1,2,2,2,0,997,0,ST-HCH1,Normalstation Herzchirurgie,24,Herzchirurgie,7.0,15.0,06:00,14:00,450,,13:30,21:30,450,F,21:15,06:15,495,F|S,11,10,8,10,30,45,8,38.5,30,0.05,0,2.0.0,20261169
AZ-002,2026-12-14,plan,14,Montag,1,51,0,0,,Auszubildende_r_2_Ausbildungsjahr,Auszubildende,AUSZUBILDEND,1.0,38.5,9240,9240,8316,10164,5,2,2,8,1,0,nicht anrechenbar,0,0.0,-6006,20,18,7,2,0,3987,0,URLAUB,,,,,0,,0,,4,3,4,0,1595,1,3,3,3,0,1395,1,2,2,2,0,997,0,ST-HCH1,Normalstation Herzchirurgie,24,Herzchirurgie,7.0,15.0,06:00,14:00,450,,13:30,21:30,450,F,21:15,06:15,495,F|S,11,10,8,10,30,45,8,38.5,30,0.05,0,2.0.0,20261169
AZ-003,2026-12-14,plan,14,Montag,1,51,0,0,,Auszubildende_r_1_Ausbildungsjahr,Auszubildende,AUSZUBILDEND,1.0,38.5,9240,9240,8316,10164,5,2,2,0,0,0,nicht anrechenbar,0,0.0,-9240,20,18,7,2,0,3987,1,,,,,,0,,0,,4,3,4,0,1595,1,3,3,3,0,1395,1,2,2,2,0,997,0,ST-HCH1,Normalstation Herzchirurgie,24,Herzchirurgie,7.0,15.0,06:00,14:00,450,,13:30,21:30,450,F,21:15,06:15,495,F|S,11,10,8,10,30,45,8,38.5,30,0.05,0,2.0.0,20261169
PK-001,2026-12-14,plan,14,Montag,1,51,0,0,,Stationsleitung,Pflegefachkraft,EXAM|LEITUNG|PRAXISANLEITUNG,1.0,38.5,9240,4620,4158,5082,5,2,2,0,0,1,Pflegefachkraft,1,0.5,2130,20,18,7,2,0,3987,1,,,,,,0,,0,,4,3,4,0,1595,1,3,3,3,0,1395,1,2,2,2,0,997,0,ST-HCH1,Normalstation Herzchirurgie,24,Herzchirurgie,7.0,15.0,06:00,14:00,450,,13:30,21:30,450,F,21:15,06:15,495,F|S,11,10,8,10,30,45,8,38.5,30,0.05,0,2.0.0,20261169
PK-002,2026-12-14,plan,14,Montag,1,51,0,0,,Pflegefachkraft,Pflegefachkraft,EXAM,0.6,23.1,5544,5544,4990,6098,5,2,2,8,1,1,Pflegefachkraft,0,0.0,-1359,20,18,7,2,0,3987,1,,,,,,1,12,0,,4,3,4,0,1595,1,3,3,3,0,1395,1,2,2,2,0,997,0,ST-HCH1,Normalstation Herzchirurgie,24,Herzchirurgie,7.0,15.0,06:00,14:00,450,,13:30,21:30,450,F,21:15,06:15,495,F|S,11,10,8,10,30,45,8,38.5,30,0.05,0,2.0.0,20261169
PK-003,2026-12-14,plan,14,Montag,1,51,0,0,,Pflegefachkraft,Pflegefachkraft,EXAM|KARDIO_MONITORING,1.0,38.5,9240,9240,8316,10164,5,2,2,8,1,1,Pflegefachkraft,0,0.0,-2130,20,18,7,2,0,3987,1,,,,,,0,,0,,4,3,4,0,1595,1,3,3,3,0,1395,1,2,2,2,0,997,0,ST-HCH1,Normalstation Herzchirurgie,24,Herzchirurgie,7.0,15.0,06:00,14:00,450,,13:30,21:30,450,F,21:15,06:15,495,F|S,11,10,8,10,30,45,8,38.5,30,0.05,0,2.0.0,20261169
PK-004,2026-12-14,plan,14,Montag,1,51,0,0,,Pflegefachkraft,Pflegefachkraft,EXAM|KARDIO_MONITORING,0.75,28.88,6931,6931,6238,7624,5,2,2,8,1,1,Pflegefachkraft,0,0.0,-1485,20,18,7,2,0,3987,1,,,,,,0,,0,,4,3,4,0,1595,1,3,3,3,0,1395,1,2,2,2,0,997,0,ST-HCH1,Normalstation Herzchirurgie,24,Herzchirurgie,7.0,15.0,06:00,14:00,450,,13:30,21:30,450,F,21:15,06:15,495,F|S,11,10,8,10,30,45,8,38.5,30,0.05,0,2.0.0,20261169
PK-005,2026-12-14,plan,14,Montag,1,51,0,0,,Pflegefachkraft,Pflegefachkraft,EXAM|PRAXISANLEITUNG,0.7,26.95,6468,6468,5821,7115,5,2,2,8,1,1,Pflegefachkraft,0,0.0,431,20,18,7,2,0,3987,1,,,,,,0,,0,,4,3,4,0,1595,1,3,3,3,0,1395,1,2,2,2,0,997,0,ST-HCH1,Normalstation Herzchirurgie,24,Herzchirurgie,7.0,15.0,06:00,14:00,450,,13:30,21:30,450,F,21:15,06:15,495,F|S,11,10,8,10,30,45,8,38.5,30,0.05,0,2.0.0,20261169
PK-006,2026-12-14,plan,14,Montag,1,51,0,0,,Pflegefachkraft,Pflegefachkraft,EXAM,1.0,38.5,9240,9240,8316,10164,5,2,2,8,1,1,Pflegefachkraft,0,0.0,-2130,20,18,7,2,0,3987,1,,,,,,0,,0,,4,3,4,0,1595,1,3,3,3,0,1395,1,2,2,2,0,997,0,ST-HCH1,Normalstation Herzchirurgie,24,Herzchirurgie,7.0,15.0,06:00,14:00,450,,13:30,21:30,450,F,21:15,06:15,495,F|S,11,10,8,10,30,45,8,38.5,30,0.05,0,2.0.0,20261169
PK-007,2026-12-14,plan,14,Montag,1,51,0,0,,Pflegefachkraft,Pflegefachkraft,EXAM,1.0,38.5,9240,9240,8316,10164,5,2,2,8,1,1,Pflegefachkraft,0,0.0,1104,20,18,7,2,0,3987,1,,,,,,0,,0,,4,3,4,0,1595,1,3,3,3,0,1395,1,2,2,2,0,997,0,ST-HCH1,Normalstation Herzchirurgie,24,Herzchirurgie,7.0,15.0,06:00,14:00,450,,13:30,21:30,450,F,21:15,06:15,495,F|S,11,10,8,10,30,45,8,38.5,30,0.05,0,2.0.0,20261169
PK-008,2026-12-14,plan,14,Montag,1,51,0,0,,Pflegefachkraft,Pflegefachkraft,EXAM|PRAXISANLEITUNG,1.0,38.5,9240,9240,8316,10164,5,2,2,8,1,1,Pflegefachkraft,0,0.0,-2265,20,18,7,2,0,3987,1,,,,,,0,,0,,4,3,4,0,1595,1,3,3,3,0,1395,1,2,2,2,0,997,0,ST-HCH1,Normalstation Herzchirurgie,24,Herzchirurgie,7.0,15.0,06:00,14:00,450,,13:30,21:30,450,F,21:15,06:15,495,F|S,11,10,8,10,30,45,8,38.5,30,0.05,0,2.0.0,20261169
PK-009,2026-12-14,plan,14,Montag,1,51,0,0,,Pflegefachkraft,Pflegefachkraft,EXAM,0.9,34.65,8316,8316,7484,9148,5,2,2,8,1,1,Pflegefachkraft,0,0.0,-1881,20,18,7,2,0,3987,1,,,,,,0,,0,,4,3,4,0,1595,1,3,3,3,0,1395,1,2,2,2,0,997,0,ST-HCH1,Normalstation Herzchirurgie,24,Herzchirurgie,7.0,15.0,06:00,14:00,450,,13:30,21:30,450,F,21:15,06:15,495,F|S,11,10,8,10,30,45,8,38.5,30,0.05,0,2.0.0,20261169
PK-010,2026-12-14,plan,14,Montag,1,51,0,0,,Pflegefachkraft,Pflegefachkraft,EXAM,0.75,28.88,6931,6931,6238,7624,5,2,2,8,1,1,Pflegefachkraft,0,0.0,-1845,20,18,7,2,0,3987,1,,,,,,0,,0,,4,3,4,0,1595,1,3,3,3,0,1395,1,2,2,2,0,997,0,ST-HCH1,Normalstation Herzchirurgie,24,Herzchirurgie,7.0,15.0,06:00,14:00,450,,13:30,21:30,450,F,21:15,06:15,495,F|S,11,10,8,10,30,45,8,38.5,30,0.05,0,2.0.0,20261169
PK-011,2026-12-14,plan,14,Montag,1,51,0,0,,Pflegefachkraft,Pflegefachkraft,EXAM,0.8,30.8,7392,7392,6653,8131,5,2,2,8,1,1,Pflegefachkraft,0,0.0,-1947,20,18,7,2,0,3987,1,,,,,,0,,0,,4,3,4,0,1595,1,3,3,3,0,1395,1,2,2,2,0,997,0,ST-HCH1,Normalstation Herzchirurgie,24,Herzchirurgie,7.0,15.0,06:00,14:00,450,,13:30,21:30,450,F,21:15,06:15,495,F|S,11,10,8,10,30,45,8,38.5,30,0.05,0,2.0.0,20261169
PK-012,2026-12-14,plan,14,Montag,1,51,0,0,,Pflegefachkraft,Pflegefachkraft,EXAM|KARDIO_MONITORING,0.7,26.95,6468,6468,5821,7115,5,2,2,8,1,1,Pflegefachkraft,0,0.0,-1473,20,18,7,2,0,3987,1,,,,,,0,,0,,4,3,4,0,1595,1,3,3,3,0,1395,1,2,2,2,0,997,0,ST-HCH1,Normalstation Herzchirurgie,24,Herzchirurgie,7.0,15.0,06:00,14:00,450,,13:30,21:30,450,F,21:15,06:15,495,F|S,11,10,8,10,30,45,8,38.5,30,0.05,0,2.0.0,20261169
PK-013,2026-12-14,plan,14,Montag,1,51,0,0,,Pflegefachkraft,Pflegefachkraft,EXAM,1.0,38.5,9240,9240,8316,10164,5,2,2,8,1,1,Pflegefachkraft,0,0.0,-2445,20,18,7,2,0,3987,1,,,,,,0,,0,,4,3,4,0,1595,1,3,3,3,0,1395,1,2,2,2,0,997,0,ST-HCH1,Normalstation Herzchirurgie,24,Herzchirurgie,7.0,15.0,06:00,14:00,450,,13:30,21:30,450,F,21:15,06:15,495,F|S,11,10,8,10,30,45,8,38.5,30,0.05,0,2.0.0,20261169
PK-014,2026-12-14,plan,14,Montag,1,51,0,0,,Pflegefachkraft,Pflegefachkraft,EXAM|KARDIO_MONITORING,0.5,19.25,4620,4620,4158,5082,5,2,2,8,1,1,Pflegefachkraft,0,0.0,-1020,20,18,7,2,0,3987,1,,,,,,0,,0,,4,3,4,0,1595,1,3,3,3,0,1395,1,2,2,2,0,997,0,ST-HCH1,Normalstation Herzchirurgie,24,Herzchirurgie,7.0,15.0,06:00,14:00,450,,13:30,21:30,450,F,21:15,06:15,495,F|S,11,10,8,10,30,45,8,38.5,30,0.05,0,2.0.0,20261169
PK-015,2026-12-14,plan,14,Montag,1,51,0,0,,Pflegefachkraft,Pflegefachkraft,EXAM,1.0,38.5,9240,9240,8316,10164,5,2,2,8,1,1,Pflegefachkraft,0,0.0,-2490,20,18,7,2,0,3987,1,,,,,,0,,0,,4,3,4,0,1595,1,3,3,3,0,1395,1,2,2,2,0,997,0,ST-HCH1,Normalstation Herzchirurgie,24,Herzchirurgie,7.0,15.0,06:00,14:00,450,,13:30,21:30,450,F,21:15,06:15,495,F|S,11,10,8,10,30,45,8,38.5,30,0.05,0,2.0.0,20261169
PK-016,2026-12-14,plan,14,Montag,1,51,0,0,,Pflegefachkraft,Pflegefachkraft,EXAM|PRAXISANLEITUNG,1.0,38.5,9240,9240,8316,10164,5,2,2,8,1,1,Pflegefachkraft,0,0.0,-2310,20,18,7,2,0,3987,1,,,,,,0,,0,,4,3,4,0,1595,1,3,3,3,0,1395,1,2,2,2,0,997,0,ST-HCH1,Normalstation Herzchirurgie,24,Herzchirurgie,7.0,15.0,06:00,14:00,450,,13:30,21:30,450,F,21:15,06:15,495,F|S,11,10,8,10,30,45,8,38.5,30,0.05,0,2.0.0,20261169
PK-017,2026-12-14,plan,14,Montag,1,51,0,0,,Pflegefachkraft,Pflegefachkraft,EXAM,0.8,30.8,7392,7392,6653,8131,5,2,2,8,1,1,Pflegefachkraft,0,0.0,-1902,20,18,7,2,0,3987,1,,,,,,0,,0,,4,3,4,0,1595,1,3,3,3,0,1395,1,2,2,2,0,997,0,ST-HCH1,Normalstation Herzchirurgie,24,Herzchirurgie,7.0,15.0,06:00,14:00,450,,13:30,21:30,450,F,21:15,06:15,495,F|S,11,10,8,10,30,45,8,38.5,30,0.05,0,2.0.0,20261169
PK-018,2026-12-14,plan,14,Montag,1,51,0,0,,Pflegefachkraft,Pflegefachkraft,EXAM,0.5,19.25,4620,4620,4158,5082,5,2,2,8,1,1,Pflegefachkraft,0,0.0,-1245,20,18,7,2,0,3987,0,LANGZEITABWESENHEIT,,,,,0,,0,,4,3,4,0,1595,1,3,3,3,0,1395,1,2,2,2,0,997,0,ST-HCH1,Normalstation Herzchirurgie,24,Herzchirurgie,7.0,15.0,06:00,14:00,450,,13:30,21:30,450,F,21:15,06:15,495,F|S,11,10,8,10,30,45,8,38.5,30,0.05,0,2.0.0,20261169
AZ-001,2026-12-15,plan,15,Dienstag,2,51,0,0,,Auszubildende_r_3_Ausbildungsjahr,Auszubildende,AUSZUBILDEND,1.0,38.5,9240,9240,8316,10164,5,2,2,8,1,0,nicht anrechenbar,0,0.0,-9240,20,18,6,3,1,3485,0,URLAUB,,,,,0,,0,,3,3,3,0,1394,1,3,3,3,0,1220,1,2,2,2,0,871,0,ST-HCH1,Normalstation Herzchirurgie,24,Herzchirurgie,7.0,15.0,06:00,14:00,450,,13:30,21:30,450,F,21:15,06:15,495,F|S,11,10,8,10,30,45,8,38.5,30,0.05,0,2.0.0,20261169
AZ-002,2026-12-15,plan,15,Dienstag,2,51,0,0,,Auszubildende_r_2_Ausbildungsjahr,Auszubildende,AUSZUBILDEND,1.0,38.5,9240,9240,8316,10164,5,2,2,8,1,0,nicht anrechenbar,0,0.0,-6006,20,18,6,3,1,3485,0,URLAUB,,,,,0,,0,,3,3,3,0,1394,1,3,3,3,0,1220,1,2,2,2,0,871,0,ST-HCH1,Normalstation Herzchirurgie,24,Herzchirurgie,7.0,15.0,06:00,14:00,450,,13:30,21:30,450,F,21:15,06:15,495,F|S,11,10,8,10,30,45,8,38.5,30,0.05,0,2.0.0,20261169
AZ-003,2026-12-15,plan,15,Dienstag,2,51,0,0,,Auszubildende_r_1_Ausbildungsjahr,Auszubildende,AUSZUBILDEND,1.0,38.5,9240,9240,8316,10164,5,2,2,0,0,0,nicht anrechenbar,0,0.0,-9240,20,18,6,3,1,3485,1,,,,,,0,,0,,3,3,3,0,1394,1,3,3,3,0,1220,1,2,2,2,0,871,0,ST-HCH1,Normalstation Herzchirurgie,24,Herzchirurgie,7.0,15.0,06:00,14:00,450,,13:30,21:30,450,F,21:15,06:15,495,F|S,11,10,8,10,30,45,8,38.5,30,0.05,0,2.0.0,20261169
PK-001,2026-12-15,plan,15,Dienstag,2,51,0,0,,Stationsleitung,Pflegefachkraft,EXAM|LEITUNG|PRAXISANLEITUNG,1.0,38.5,9240,4620,4158,5082,5,2,2,0,0,1,Pflegefachkraft,1,0.5,2130,20,18,6,3,1,3485,1,,,,,,0,,1,12,3,3,3,0,1394,1,3,3,3,0,1220,1,2,2,2,0,871,0,ST-HCH1,Normalstation Herzchirurgie,24,Herzchirurgie,7.0,15.0,06:00,14:00,450,,13:30,21:30,450,F,21:15,06:15,495,F|S,11,10,8,10,30,45,8,38.5,30,0.05,0,2.0.0,20261169
PK-002,2026-12-15,plan,15,Dienstag,2,51,0,0,,Pflegefachkraft,Pflegefachkraft,EXAM,0.6,23.1,5544,5544,4990,6098,5,2,2,8,1,1,Pflegefachkraft,0,0.0,-1359,20,18,6,3,1,3485,1,,3,,,,0,,0,,3,3,3,0,1394,1,3,3,3,0,1220,1,2,2,2,0,871,0,ST-HCH1,Normalstation Herzchirurgie,24,Herzchirurgie,7.0,15.0,06:00,14:00,450,,13:30,21:30,450,F,21:15,06:15,495,F|S,11,10,8,10,30,45,8,38.5,30,0.05,0,2.0.0,20261169
PK-003,2026-12-15,plan,15,Dienstag,2,51,0,0,,Pflegefachkraft,Pflegefachkraft,EXAM|KARDIO_MONITORING,1.0,38.5,9240,9240,8316,10164,5,2,2,8,1,1,Pflegefachkraft,0,0.0,-2130,20,18,6,3,1,3485,0,FORTBILDUNG,,,,,0,,0,,3,3,3,0,1394,1,3,3,3,0,1220,1,2,2,2,0,871,0,ST-HCH1,Normalstation Herzchirurgie,24,Herzchirurgie,7.0,15.0,06:00,14:00,450,,13:30,21:30,450,F,21:15,06:15,495,F|S,11,10,8,10,30,45,8,38.5,30,0.05,0,2.0.0,20261169
PK-004,2026-12-15,plan,15,Dienstag,2,51,0,0,,Pflegefachkraft,Pflegefachkraft,EXAM|KARDIO_MONITORING,0.75,28.88,6931,6931,6238,7624,5,2,2,8,1,1,Pflegefachkraft,0,0.0,-1485,20,18,6,3,1,3485,1,,,,,,0,,0,,3,3,3,0,1394,1,3,3,3,0,1220,1,2,2,2,0,871,0,ST-HCH1,Normalstation Herzchirurgie,24,Herzchirurgie,7.0,15.0,06:00,14:00,450,,13:30,21:30,450,F,21:15,06:15,495,F|S,11,10,8,10,30,45,8,38.5,30,0.05,0,2.0.0,20261169
PK-005,2026-12-15,plan,15,Dienstag,2,51,0,0,,Pflegefachkraft,Pflegefachkraft,EXAM|PRAXISANLEITUNG,0.7,26.95,6468,6468,5821,7115,5,2,2,8,1,1,Pflegefachkraft,0,0.0,431,20,18,6,3,1,3485,1,,,,,,0,,0,,3,3,3,0,1394,1,3,3,3,0,1220,1,2,2,2,0,871,0,ST-HCH1,Normalstation Herzchirurgie,24,Herzchirurgie,7.0,15.0,06:00,14:00,450,,13:30,21:30,450,F,21:15,06:15,495,F|S,11,10,8,10,30,45,8,38.5,30,0.05,0,2.0.0,20261169
PK-006,2026-12-15,plan,15,Dienstag,2,51,0,0,,Pflegefachkraft,Pflegefachkraft,EXAM,1.0,38.5,9240,9240,8316,10164,5,2,2,8,1,1,Pflegefachkraft,0,0.0,-2130,20,18,6,3,1,3485,1,,,,,,0,,0,,3,3,3,0,1394,1,3,3,3,0,1220,1,2,2,2,0,871,0,ST-HCH1,Normalstation Herzchirurgie,24,Herzchirurgie,7.0,15.0,06:00,14:00,450,,13:30,21:30,450,F,21:15,06:15,495,F|S,11,10,8,10,30,45,8,38.5,30,0.05,0,2.0.0,20261169
PK-007,2026-12-15,plan,15,Dienstag,2,51,0,0,,Pflegefachkraft,Pflegefachkraft,EXAM,1.0,38.5,9240,9240,8316,10164,5,2,2,8,1,1,Pflegefachkraft,0,0.0,1104,20,18,6,3,1,3485,1,,,,,,0,,0,,3,3,3,0,1394,1,3,3,3,0,1220,1,2,2,2,0,871,0,ST-HCH1,Normalstation Herzchirurgie,24,Herzchirurgie,7.0,15.0,06:00,14:00,450,,13:30,21:30,450,F,21:15,06:15,495,F|S,11,10,8,10,30,45,8,38.5,30,0.05,0,2.0.0,20261169
PK-008,2026-12-15,plan,15,Dienstag,2,51,0,0,,Pflegefachkraft,Pflegefachkraft,EXAM|PRAXISANLEITUNG,1.0,38.5,9240,9240,8316,10164,5,2,2,8,1,1,Pflegefachkraft,0,0.0,-2265,20,18,6,3,1,3485,1,,,,,,0,,0,,3,3,3,0,1394,1,3,3,3,0,1220,1,2,2,2,0,871,0,ST-HCH1,Normalstation Herzchirurgie,24,Herzchirurgie,7.0,15.0,06:00,14:00,450,,13:30,21:30,450,F,21:15,06:15,495,F|S,11,10,8,10,30,45,8,38.5,30,0.05,0,2.0.0,20261169
PK-009,2026-12-15,plan,15,Dienstag,2,51,0,0,,Pflegefachkraft,Pflegefachkraft,EXAM,0.9,34.65,8316,8316,7484,9148,5,2,2,8,1,1,Pflegefachkraft,0,0.0,-1881,20,18,6,3,1,3485,1,,,,,,0,,0,,3,3,3,0,1394,1,3,3,3,0,1220,1,2,2,2,0,871,0,ST-HCH1,Normalstation Herzchirurgie,24,Herzchirurgie,7.0,15.0,06:00,14:00,450,,13:30,21:30,450,F,21:15,06:15,495,F|S,11,10,8,10,30,45,8,38.5,30,0.05,0,2.0.0,20261169
PK-010,2026-12-15,plan,15,Dienstag,2,51,0,0,,Pflegefachkraft,Pflegefachkraft,EXAM,0.75,28.88,6931,6931,6238,7624,5,2,2,8,1,1,Pflegefachkraft,0,0.0,-1845,20,18,6,3,1,3485,1,,,,,,0,,0,,3,3,3,0,1394,1,3,3,3,0,1220,1,2,2,2,0,871,0,ST-HCH1,Normalstation Herzchirurgie,24,Herzchirurgie,7.0,15.0,06:00,14:00,450,,13:30,21:30,450,F,21:15,06:15,495,F|S,11,10,8,10,30,45,8,38.5,30,0.05,0,2.0.0,20261169
PK-011,2026-12-15,plan,15,Dienstag,2,51,0,0,,Pflegefachkraft,Pflegefachkraft,EXAM,0.8,30.8,7392,7392,6653,8131,5,2,2,8,1,1,Pflegefachkraft,0,0.0,-1947,20,18,6,3,1,3485,1,,,,,,0,,0,,3,3,3,0,1394,1,3,3,3,0,1220,1,2,2,2,0,871,0,ST-HCH1,Normalstation Herzchirurgie,24,Herzchirurgie,7.0,15.0,06:00,14:00,450,,13:30,21:30,450,F,21:15,06:15,495,F|S,11,10,8,10,30,45,8,38.5,30,0.05,0,2.0.0,20261169
PK-012,2026-12-15,plan,15,Dienstag,2,51,0,0,,Pflegefachkraft,Pflegefachkraft,EXAM|KARDIO_MONITORING,0.7,26.95,6468,6468,5821,7115,5,2,2,8,1,1,Pflegefachkraft,0,0.0,-1473,20,18,6,3,1,3485,1,,,,,,0,,0,,3,3,3,0,1394,1,3,3,3,0,1220,1,2,2,2,0,871,0,ST-HCH1,Normalstation Herzchirurgie,24,Herzchirurgie,7.0,15.0,06:00,14:00,450,,13:30,21:30,450,F,21:15,06:15,495,F|S,11,10,8,10,30,45,8,38.5,30,0.05,0,2.0.0,20261169
PK-013,2026-12-15,plan,15,Dienstag,2,51,0,0,,Pflegefachkraft,Pflegefachkraft,EXAM,1.0,38.5,9240,9240,8316,10164,5,2,2,8,1,1,Pflegefachkraft,0,0.0,-2445,20,18,6,3,1,3485,1,,,,,,0,,0,,3,3,3,0,1394,1,3,3,3,0,1220,1,2,2,2,0,871,0,ST-HCH1,Normalstation Herzchirurgie,24,Herzchirurgie,7.0,15.0,06:00,14:00,450,,13:30,21:30,450,F,21:15,06:15,495,F|S,11,10,8,10,30,45,8,38.5,30,0.05,0,2.0.0,20261169
PK-014,2026-12-15,plan,15,Dienstag,2,51,0,0,,Pflegefachkraft,Pflegefachkraft,EXAM|KARDIO_MONITORING,0.5,19.25,4620,4620,4158,5082,5,2,2,8,1,1,Pflegefachkraft,0,0.0,-1020,20,18,6,3,1,3485,1,,,,,,0,,0,,3,3,3,0,1394,1,3,3,3,0,1220,1,2,2,2,0,871,0,ST-HCH1,Normalstation Herzchirurgie,24,Herzchirurgie,7.0,15.0,06:00,14:00,450,,13:30,21:30,450,F,21:15,06:15,495,F|S,11,10,8,10,30,45,8,38.5,30,0.05,0,2.0.0,20261169
PK-015,2026-12-15,plan,15,Dienstag,2,51,0,0,,Pflegefachkraft,Pflegefachkraft,EXAM,1.0,38.5,9240,9240,8316,10164,5,2,2,8,1,1,Pflegefachkraft,0,0.0,-2490,20,18,6,3,1,3485,1,,,,,,0,,0,,3,3,3,0,1394,1,3,3,3,0,1220,1,2,2,2,0,871,0,ST-HCH1,Normalstation Herzchirurgie,24,Herzchirurgie,7.0,15.0,06:00,14:00,450,,13:30,21:30,450,F,21:15,06:15,495,F|S,11,10,8,10,30,45,8,38.5,30,0.05,0,2.0.0,20261169
PK-016,2026-12-15,plan,15,Dienstag,2,51,0,0,,Pflegefachkraft,Pflegefachkraft,EXAM|PRAXISANLEITUNG,1.0,38.5,9240,9240,8316,10164,5,2,2,8,1,1,Pflegefachkraft,0,0.0,-2310,20,18,6,3,1,3485,1,,,,,,0,,0,,3,3,3,0,1394,1,3,3,3,0,1220,1,2,2,2,0,871,0,ST-HCH1,Normalstation Herzchirurgie,24,Herzchirurgie,7.0,15.0,06:00,14:00,450,,13:30,21:30,450,F,21:15,06:15,495,F|S,11,10,8,10,30,45,8,38.5,30,0.05,0,2.0.0,20261169
PK-017,2026-12-15,plan,15,Dienstag,2,51,0,0,,Pflegefachkraft,Pflegefachkraft,EXAM,0.8,30.8,7392,7392,6653,8131,5,2,2,8,1,1,Pflegefachkraft,0,0.0,-1902,20,18,6,3,1,3485,1,,,,,,1,2,0,,3,3,3,0,1394,1,3,3,3,0,1220,1,2,2,2,0,871,0,ST-HCH1,Normalstation Herzchirurgie,24,Herzchirurgie,7.0,15.0,06:00,14:00,450,,13:30,21:30,450,F,21:15,06:15,495,F|S,11,10,8,10,30,45,8,38.5,30,0.05,0,2.0.0,20261169
PK-018,2026-12-15,plan,15,Dienstag,2,51,0,0,,Pflegefachkraft,Pflegefachkraft,EXAM,0.5,19.25,4620,4620,4158,5082,5,2,2,8,1,1,Pflegefachkraft,0,0.0,-1245,20,18,6,3,1,3485,0,LANGZEITABWESENHEIT,,,,,0,,0,,3,3,3,0,1394,1,3,3,3,0,1220,1,2,2,2,0,871,0,ST-HCH1,Normalstation Herzchirurgie,24,Herzchirurgie,7.0,15.0,06:00,14:00,450,,13:30,21:30,450,F,21:15,06:15,495,F|S,11,10,8,10,30,45,8,38.5,30,0.05,0,2.0.0,20261169
AZ-001,2026-12-16,plan,16,Mittwoch,3,51,0,0,,Auszubildende_r_3_Ausbildungsjahr,Auszubildende,AUSZUBILDEND,1.0,38.5,9240,9240,8316,10164,5,2,2,8,1,0,nicht anrechenbar,0,0.0,-9240,18,16,1,7,1,3127,1,,,,,,0,,0,,3,3,3,0,1251,1,3,3,3,0,1094,1,2,2,2,0,782,0,ST-HCH1,Normalstation Herzchirurgie,24,Herzchirurgie,7.0,15.0,06:00,14:00,450,,13:30,21:30,450,F,21:15,06:15,495,F|S,11,10,8,10,30,45,8,38.5,30,0.05,0,2.0.0,20261169
AZ-002,2026-12-16,plan,16,Mittwoch,3,51,0,0,,Auszubildende_r_2_Ausbildungsjahr,Auszubildende,AUSZUBILDEND,1.0,38.5,9240,9240,8316,10164,5,2,2,8,1,0,nicht anrechenbar,0,0.0,-6006,18,16,1,7,1,3127,0,URLAUB,,,,,0,,0,,3,3,3,0,1251,1,3,3,3,0,1094,1,2,2,2,0,782,0,ST-HCH1,Normalstation Herzchirurgie,24,Herzchirurgie,7.0,15.0,06:00,14:00,450,,13:30,21:30,450,F,21:15,06:15,495,F|S,11,10,8,10,30,45,8,38.5,30,0.05,0,2.0.0,20261169
AZ-003,2026-12-16,plan,16,Mittwoch,3,51,0,0,,Auszubildende_r_1_Ausbildungsjahr,Auszubildende,AUSZUBILDEND,1.0,38.5,9240,9240,8316,10164,5,2,2,0,0,0,nicht anrechenbar,0,0.0,-9240,18,16,1,7,1,3127,1,,,,,,1,12,0,,3,3,3,0,1251,1,3,3,3,0,1094,1,2,2,2,0,782,0,ST-HCH1,Normalstation Herzchirurgie,24,Herzchirurgie,7.0,15.0,06:00,14:00,450,,13:30,21:30,450,F,21:15,06:15,495,F|S,11,10,8,10,30,45,8,38.5,30,0.05,0,2.0.0,20261169
PK-001,2026-12-16,plan,16,Mittwoch,3,51,0,0,,Stationsleitung,Pflegefachkraft,EXAM|LEITUNG|PRAXISANLEITUNG,1.0,38.5,9240,4620,4158,5082,5,2,2,0,0,1,Pflegefachkraft,1,0.5,2130,18,16,1,7,1,3127,1,,,,,,0,,1,24,3,3,3,0,1251,1,3,3,3,0,1094,1,2,2,2,0,782,0,ST-HCH1,Normalstation Herzchirurgie,24,Herzchirurgie,7.0,15.0,06:00,14:00,450,,13:30,21:30,450,F,21:15,06:15,495,F|S,11,10,8,10,30,45,8,38.5,30,0.05,0,2.0.0,20261169
PK-002,2026-12-16,plan,16,Mittwoch,3,51,0,0,,Pflegefachkraft,Pflegefachkraft,EXAM,0.6,23.1,5544,5544,4990,6098,5,2,2,8,1,1,Pflegefachkraft,0,0.0,-1359,18,16,1,7,1,3127,1,,,,,,0,,0,,3,3,3,0,1251,1,3,3,3,0,1094,1,2,2,2,0,782,0,ST-HCH1,Normalstation Herzchirurgie,24,Herzchirurgie,7.0,15.0,06:00,14:00,450,,13:30,21:30,450,F,21:15,06:15,495,F|S,11,10,8,10,30,45,8,38.5,30,0.05,0,2.0.0,20261169
PK-003,2026-12-16,plan,16,Mittwoch,3,51,0,0,,Pflegefachkraft,Pflegefachkraft,EXAM|KARDIO_MONITORING,1.0,38.5,9240,9240,8316,10164,5,2,2,8,1,1,Pflegefachkraft,0,0.0,-2130,18,16,1,7,1,3127,1,,,,,,0,,0,,3,3,3,0,1251,1,3,3,3,0,1094,1,2,2,2,0,782,0,ST-HCH1,Normalstation Herzchirurgie,24,Herzchirurgie,7.0,15.0,06:00,14:00,450,,13:30,21:30,450,F,21:15,06:15,495,F|S,11,10,8,10,30,45,8,38.5,30,0.05,0,2.0.0,20261169
PK-004,2026-12-16,plan,16,Mittwoch,3,51,0,0,,Pflegefachkraft,Pflegefachkraft,EXAM|KARDIO_MONITORING,0.75,28.88,6931,6931,6238,7624,5,2,2,8,1,1,Pflegefachkraft,0,0.0,-1485,18,16,1,7,1,3127,1,,,,,,0,,0,,3,3,3,0,1251,1,3,3,3,0,1094,1,2,2,2,0,782,0,ST-HCH1,Normalstation Herzchirurgie,24,Herzchirurgie,7.0,15.0,06:00,14:00,450,,13:30,21:30,450,F,21:15,06:15,495,F|S,11,10,8,10,30,45,8,38.5,30,0.05,0,2.0.0,20261169
PK-005,2026-12-16,plan,16,Mittwoch,3,51,0,0,,Pflegefachkraft,Pflegefachkraft,EXAM|PRAXISANLEITUNG,0.7,26.95,6468,6468,5821,7115,5,2,2,8,1,1,Pflegefachkraft,0,0.0,431,18,16,1,7,1,3127,1,,,,,,0,,1,2,3,3,3,0,1251,1,3,3,3,0,1094,1,2,2,2,0,782,0,ST-HCH1,Normalstation Herzchirurgie,24,Herzchirurgie,7.0,15.0,06:00,14:00,450,,13:30,21:30,450,F,21:15,06:15,495,F|S,11,10,8,10,30,45,8,38.5,30,0.05,0,2.0.0,20261169
PK-006,2026-12-16,plan,16,Mittwoch,3,51,0,0,,Pflegefachkraft,Pflegefachkraft,EXAM,1.0,38.5,9240,9240,8316,10164,5,2,2,8,1,1,Pflegefachkraft,0,0.0,-2130,18,16,1,7,1,3127,1,,2,,,,0,,0,,3,3,3,0,1251,1,3,3,3,0,1094,1,2,2,2,0,782,0,ST-HCH1,Normalstation Herzchirurgie,24,Herzchirurgie,7.0,15.0,06:00,14:00,450,,13:30,21:30,450,F,21:15,06:15,495,F|S,11,10,8,10,30,45,8,38.5,30,0.05,0,2.0.0,20261169
PK-007,2026-12-16,plan,16,Mittwoch,3,51,0,0,,Pflegefachkraft,Pflegefachkraft,EXAM,1.0,38.5,9240,9240,8316,10164,5,2,2,8,1,1,Pflegefachkraft,0,0.0,1104,18,16,1,7,1,3127,1,,,,,,0,,0,,3,3,3,0,1251,1,3,3,3,0,1094,1,2,2,2,0,782,0,ST-HCH1,Normalstation Herzchirurgie,24,Herzchirurgie,7.0,15.0,06:00,14:00,450,,13:30,21:30,450,F,21:15,06:15,495,F|S,11,10,8,10,30,45,8,38.5,30,0.05,0,2.0.0,20261169
PK-008,2026-12-16,plan,16,Mittwoch,3,51,0,0,,Pflegefachkraft,Pflegefachkraft,EXAM|PRAXISANLEITUNG,1.0,38.5,9240,9240,8316,10164,5,2,2,8,1,1,Pflegefachkraft,0,0.0,-2265,18,16,1,7,1,3127,1,,,,,,0,,0,,3,3,3,0,1251,1,3,3,3,0,1094,1,2,2,2,0,782,0,ST-HCH1,Normalstation Herzchirurgie,24,Herzchirurgie,7.0,15.0,06:00,14:00,450,,13:30,21:30,450,F,21:15,06:15,495,F|S,11,10,8,10,30,45,8,38.5,30,0.05,0,2.0.0,20261169
PK-009,2026-12-16,plan,16,Mittwoch,3,51,0,0,,Pflegefachkraft,Pflegefachkraft,EXAM,0.9,34.65,8316,8316,7484,9148,5,2,2,8,1,1,Pflegefachkraft,0,0.0,-1881,18,16,1,7,1,3127,1,,,,,,0,,0,,3,3,3,0,1251,1,3,3,3,0,1094,1,2,2,2,0,782,0,ST-HCH1,Normalstation Herzchirurgie,24,Herzchirurgie,7.0,15.0,06:00,14:00,450,,13:30,21:30,450,F,21:15,06:15,495,F|S,11,10,8,10,30,45,8,38.5,30,0.05,0,2.0.0,20261169
PK-010,2026-12-16,plan,16,Mittwoch,3,51,0,0,,Pflegefachkraft,Pflegefachkraft,EXAM,0.75,28.88,6931,6931,6238,7624,5,2,2,8,1,1,Pflegefachkraft,0,0.0,-1845,18,16,1,7,1,3127,1,,,,,,0,,0,,3,3,3,0,1251,1,3,3,3,0,1094,1,2,2,2,0,782,0,ST-HCH1,Normalstation Herzchirurgie,24,Herzchirurgie,7.0,15.0,06:00,14:00,450,,13:30,21:30,450,F,21:15,06:15,495,F|S,11,10,8,10,30,45,8,38.5,30,0.05,0,2.0.0,20261169
PK-011,2026-12-16,plan,16,Mittwoch,3,51,0,0,,Pflegefachkraft,Pflegefachkraft,EXAM,0.8,30.8,7392,7392,6653,8131,5,2,2,8,1,1,Pflegefachkraft,0,0.0,-1947,18,16,1,7,1,3127,1,,,,,,0,,0,,3,3,3,0,1251,1,3,3,3,0,1094,1,2,2,2,0,782,0,ST-HCH1,Normalstation Herzchirurgie,24,Herzchirurgie,7.0,15.0,06:00,14:00,450,,13:30,21:30,450,F,21:15,06:15,495,F|S,11,10,8,10,30,45,8,38.5,30,0.05,0,2.0.0,20261169
PK-012,2026-12-16,plan,16,Mittwoch,3,51,0,0,,Pflegefachkraft,Pflegefachkraft,EXAM|KARDIO_MONITORING,0.7,26.95,6468,6468,5821,7115,5,2,2,8,1,1,Pflegefachkraft,0,0.0,-1473,18,16,1,7,1,3127,1,,,,,,0,,0,,3,3,3,0,1251,1,3,3,3,0,1094,1,2,2,2,0,782,0,ST-HCH1,Normalstation Herzchirurgie,24,Herzchirurgie,7.0,15.0,06:00,14:00,450,,13:30,21:30,450,F,21:15,06:15,495,F|S,11,10,8,10,30,45,8,38.5,30,0.05,0,2.0.0,20261169
PK-013,2026-12-16,plan,16,Mittwoch,3,51,0,0,,Pflegefachkraft,Pflegefachkraft,EXAM,1.0,38.5,9240,9240,8316,10164,5,2,2,8,1,1,Pflegefachkraft,0,0.0,-2445,18,16,1,7,1,3127,1,,,,,,1,12,0,,3,3,3,0,1251,1,3,3,3,0,1094,1,2,2,2,0,782,0,ST-HCH1,Normalstation Herzchirurgie,24,Herzchirurgie,7.0,15.0,06:00,14:00,450,,13:30,21:30,450,F,21:15,06:15,495,F|S,11,10,8,10,30,45,8,38.5,30,0.05,0,2.0.0,20261169
PK-014,2026-12-16,plan,16,Mittwoch,3,51,0,0,,Pflegefachkraft,Pflegefachkraft,EXAM|KARDIO_MONITORING,0.5,19.25,4620,4620,4158,5082,5,2,2,8,1,1,Pflegefachkraft,0,0.0,-1020,18,16,1,7,1,3127,1,,,,,,0,,0,,3,3,3,0,1251,1,3,3,3,0,1094,1,2,2,2,0,782,0,ST-HCH1,Normalstation Herzchirurgie,24,Herzchirurgie,7.0,15.0,06:00,14:00,450,,13:30,21:30,450,F,21:15,06:15,495,F|S,11,10,8,10,30,45,8,38.5,30,0.05,0,2.0.0,20261169
PK-015,2026-12-16,plan,16,Mittwoch,3,51,0,0,,Pflegefachkraft,Pflegefachkraft,EXAM,1.0,38.5,9240,9240,8316,10164,5,2,2,8,1,1,Pflegefachkraft,0,0.0,-2490,18,16,1,7,1,3127,1,,,,,,0,,0,,3,3,3,0,1251,1,3,3,3,0,1094,1,2,2,2,0,782,0,ST-HCH1,Normalstation Herzchirurgie,24,Herzchirurgie,7.0,15.0,06:00,14:00,450,,13:30,21:30,450,F,21:15,06:15,495,F|S,11,10,8,10,30,45,8,38.5,30,0.05,0,2.0.0,20261169
PK-016,2026-12-16,plan,16,Mittwoch,3,51,0,0,,Pflegefachkraft,Pflegefachkraft,EXAM|PRAXISANLEITUNG,1.0,38.5,9240,9240,8316,10164,5,2,2,8,1,1,Pflegefachkraft,0,0.0,-2310,18,16,1,7,1,3127,1,,,,,,0,,0,,3,3,3,0,1251,1,3,3,3,0,1094,1,2,2,2,0,782,0,ST-HCH1,Normalstation Herzchirurgie,24,Herzchirurgie,7.0,15.0,06:00,14:00,450,,13:30,21:30,450,F,21:15,06:15,495,F|S,11,10,8,10,30,45,8,38.5,30,0.05,0,2.0.0,20261169
PK-017,2026-12-16,plan,16,Mittwoch,3,51,0,0,,Pflegefachkraft,Pflegefachkraft,EXAM,0.8,30.8,7392,7392,6653,8131,5,2,2,8,1,1,Pflegefachkraft,0,0.0,-1902,18,16,1,7,1,3127,1,,,,,,0,,0,,3,3,3,0,1251,1,3,3,3,0,1094,1,2,2,2,0,782,0,ST-HCH1,Normalstation Herzchirurgie,24,Herzchirurgie,7.0,15.0,06:00,14:00,450,,13:30,21:30,450,F,21:15,06:15,495,F|S,11,10,8,10,30,45,8,38.5,30,0.05,0,2.0.0,20261169
PK-018,2026-12-16,plan,16,Mittwoch,3,51,0,0,,Pflegefachkraft,Pflegefachkraft,EXAM,0.5,19.25,4620,4620,4158,5082,5,2,2,8,1,1,Pflegefachkraft,0,0.0,-1245,18,16,1,7,1,3127,0,LANGZEITABWESENHEIT,,,,,0,,0,,3,3,3,0,1251,1,3,3,3,0,1094,1,2,2,2,0,782,0,ST-HCH1,Normalstation Herzchirurgie,24,Herzchirurgie,7.0,15.0,06:00,14:00,450,,13:30,21:30,450,F,21:15,06:15,495,F|S,11,10,8,10,30,45,8,38.5,30,0.05,0,2.0.0,20261169
AZ-001,2026-12-17,plan,17,Donnerstag,4,51,0,0,,Auszubildende_r_3_Ausbildungsjahr,Auszubildende,AUSZUBILDEND,1.0,38.5,9240,9240,8316,10164,5,2,2,8,1,0,nicht anrechenbar,0,0.0,-9240,16,16,5,3,2,2931,1,,,,,,0,,0,,3,3,3,0,1172,1,3,3,3,0,1026,1,2,2,2,0,733,0,ST-HCH1,Normalstation Herzchirurgie,24,Herzchirurgie,7.0,15.0,06:00,14:00,450,,13:30,21:30,450,F,21:15,06:15,495,F|S,11,10,8,10,30,45,8,38.5,30,0.05,0,2.0.0,20261169
AZ-002,2026-12-17,plan,17,Donnerstag,4,51,0,0,,Auszubildende_r_2_Ausbildungsjahr,Auszubildende,AUSZUBILDEND,1.0,38.5,9240,9240,8316,10164,5,2,2,8,1,0,nicht anrechenbar,0,0.0,-6006,16,16,5,3,2,2931,0,URLAUB,,,,,0,,0,,3,3,3,0,1172,1,3,3,3,0,1026,1,2,2,2,0,733,0,ST-HCH1,Normalstation Herzchirurgie,24,Herzchirurgie,7.0,15.0,06:00,14:00,450,,13:30,21:30,450,F,21:15,06:15,495,F|S,11,10,8,10,30,45,8,38.5,30,0.05,0,2.0.0,20261169
AZ-003,2026-12-17,plan,17,Donnerstag,4,51,0,0,,Auszubildende_r_1_Ausbildungsjahr,Auszubildende,AUSZUBILDEND,1.0,38.5,9240,9240,8316,10164,5,2,2,0,0,0,nicht anrechenbar,0,0.0,-9240,16,16,5,3,2,2931,1,,3,,,,0,,0,,3,3,3,0,1172,1,3,3,3,0,1026,1,2,2,2,0,733,0,ST-HCH1,Normalstation Herzchirurgie,24,Herzchirurgie,7.0,15.0,06:00,14:00,450,,13:30,21:30,450,F,21:15,06:15,495,F|S,11,10,8,10,30,45,8,38.5,30,0.05,0,2.0.0,20261169
PK-001,2026-12-17,plan,17,Donnerstag,4,51,0,0,,Stationsleitung,Pflegefachkraft,EXAM|LEITUNG|PRAXISANLEITUNG,1.0,38.5,9240,4620,4158,5082,5,2,2,0,0,1,Pflegefachkraft,1,0.5,2130,16,16,5,3,2,2931,1,,,,,,0,,1,24,3,3,3,0,1172,1,3,3,3,0,1026,1,2,2,2,0,733,0,ST-HCH1,Normalstation Herzchirurgie,24,Herzchirurgie,7.0,15.0,06:00,14:00,450,,13:30,21:30,450,F,21:15,06:15,495,F|S,11,10,8,10,30,45,8,38.5,30,0.05,0,2.0.0,20261169
PK-002,2026-12-17,plan,17,Donnerstag,4,51,0,0,,Pflegefachkraft,Pflegefachkraft,EXAM,0.6,23.1,5544,5544,4990,6098,5,2,2,8,1,1,Pflegefachkraft,0,0.0,-1359,16,16,5,3,2,2931,1,,,,,,0,,0,,3,3,3,0,1172,1,3,3,3,0,1026,1,2,2,2,0,733,0,ST-HCH1,Normalstation Herzchirurgie,24,Herzchirurgie,7.0,15.0,06:00,14:00,450,,13:30,21:30,450,F,21:15,06:15,495,F|S,11,10,8,10,30,45,8,38.5,30,0.05,0,2.0.0,20261169
PK-003,2026-12-17,plan,17,Donnerstag,4,51,0,0,,Pflegefachkraft,Pflegefachkraft,EXAM|KARDIO_MONITORING,1.0,38.5,9240,9240,8316,10164,5,2,2,8,1,1,Pflegefachkraft,0,0.0,-2130,16,16,5,3,2,2931,1,,,,,,0,,0,,3,3,3,0,1172,1,3,3,3,0,1026,1,2,2,2,0,733,0,ST-HCH1,Normalstation Herzchirurgie,24,Herzchirurgie,7.0,15.0,06:00,14:00,450,,13:30,21:30,450,F,21:15,06:15,495,F|S,11,10,8,10,30,45,8,38.5,30,0.05,0,2.0.0,20261169
PK-004,2026-12-17,plan,17,Donnerstag,4,51,0,0,,Pflegefachkraft,Pflegefachkraft,EXAM|KARDIO_MONITORING,0.75,28.88,6931,6931,6238,7624,5,2,2,8,1,1,Pflegefachkraft,0,0.0,-1485,16,16,5,3,2,2931,1,,,,,,0,,0,,3,3,3,0,1172,1,3,3,3,0,1026,1,2,2,2,0,733,0,ST-HCH1,Normalstation Herzchirurgie,24,Herzchirurgie,7.0,15.0,06:00,14:00,450,,13:30,21:30,450,F,21:15,06:15,495,F|S,11,10,8,10,30,45,8,38.5,30,0.05,0,2.0.0,20261169
PK-005,2026-12-17,plan,17,Donnerstag,4,51,0,0,,Pflegefachkraft,Pflegefachkraft,EXAM|PRAXISANLEITUNG,0.7,26.95,6468,6468,5821,7115,5,2,2,8,1,1,Pflegefachkraft,0,0.0,431,16,16,5,3,2,2931,1,,,,,,0,,1,24,3,3,3,0,1172,1,3,3,3,0,1026,1,2,2,2,0,733,0,ST-HCH1,Normalstation Herzchirurgie,24,Herzchirurgie,7.0,15.0,06:00,14:00,450,,13:30,21:30,450,F,21:15,06:15,495,F|S,11,10,8,10,30,45,8,38.5,30,0.05,0,2.0.0,20261169
PK-006,2026-12-17,plan,17,Donnerstag,4,51,0,0,,Pflegefachkraft,Pflegefachkraft,EXAM,1.0,38.5,9240,9240,8316,10164,5,2,2,8,1,1,Pflegefachkraft,0,0.0,-2130,16,16,5,3,2,2931,1,,,,,,1,8,0,,3,3,3,0,1172,1,3,3,3,0,1026,1,2,2,2,0,733,0,ST-HCH1,Normalstation Herzchirurgie,24,Herzchirurgie,7.0,15.0,06:00,14:00,450,,13:30,21:30,450,F,21:15,06:15,495,F|S,11,10,8,10,30,45,8,38.5,30,0.05,0,2.0.0,20261169
PK-007,2026-12-17,plan,17,Donnerstag,4,51,0,0,,Pflegefachkraft,Pflegefachkraft,EXAM,1.0,38.5,9240,9240,8316,10164,5,2,2,8,1,1,Pflegefachkraft,0,0.0,1104,16,16,5,3,2,2931,1,,,,,,0,,0,,3,3,3,0,1172,1,3,3,3,0,1026,1,2,2,2,0,733,0,ST-HCH1,Normalstation Herzchirurgie,24,Herzchirurgie,7.0,15.0,06:00,14:00,450,,13:30,21:30,450,F,21:15,06:15,495,F|S,11,10,8,10,30,45,8,38.5,30,0.05,0,2.0.0,20261169
PK-008,2026-12-17,plan,17,Donnerstag,4,51,0,0,,Pflegefachkraft,Pflegefachkraft,EXAM|PRAXISANLEITUNG,1.0,38.5,9240,9240,8316,10164,5,2,2,8,1,1,Pflegefachkraft,0,0.0,-2265,16,16,5,3,2,2931,1,,,,,,0,,0,,3,3,3,0,1172,1,3,3,3,0,1026,1,2,2,2,0,733,0,ST-HCH1,Normalstation Herzchirurgie,24,Herzchirurgie,7.0,15.0,06:00,14:00,450,,13:30,21:30,450,F,21:15,06:15,495,F|S,11,10,8,10,30,45,8,38.5,30,0.05,0,2.0.0,20261169
PK-009,2026-12-17,plan,17,Donnerstag,4,51,0,0,,Pflegefachkraft,Pflegefachkraft,EXAM,0.9,34.65,8316,8316,7484,9148,5,2,2,8,1,1,Pflegefachkraft,0,0.0,-1881,16,16,5,3,2,2931,1,,,,,,0,,0,,3,3,3,0,1172,1,3,3,3,0,1026,1,2,2,2,0,733,0,ST-HCH1,Normalstation Herzchirurgie,24,Herzchirurgie,7.0,15.0,06:00,14:00,450,,13:30,21:30,450,F,21:15,06:15,495,F|S,11,10,8,10,30,45,8,38.5,30,0.05,0,2.0.0,20261169
PK-010,2026-12-17,plan,17,Donnerstag,4,51,0,0,,Pflegefachkraft,Pflegefachkraft,EXAM,0.75,28.88,6931,6931,6238,7624,5,2,2,8,1,1,Pflegefachkraft,0,0.0,-1845,16,16,5,3,2,2931,1,,,,,,0,,0,,3,3,3,0,1172,1,3,3,3,0,1026,1,2,2,2,0,733,0,ST-HCH1,Normalstation Herzchirurgie,24,Herzchirurgie,7.0,15.0,06:00,14:00,450,,13:30,21:30,450,F,21:15,06:15,495,F|S,11,10,8,10,30,45,8,38.5,30,0.05,0,2.0.0,20261169
PK-011,2026-12-17,plan,17,Donnerstag,4,51,0,0,,Pflegefachkraft,Pflegefachkraft,EXAM,0.8,30.8,7392,7392,6653,8131,5,2,2,8,1,1,Pflegefachkraft,0,0.0,-1947,16,16,5,3,2,2931,1,,,,,,0,,0,,3,3,3,0,1172,1,3,3,3,0,1026,1,2,2,2,0,733,0,ST-HCH1,Normalstation Herzchirurgie,24,Herzchirurgie,7.0,15.0,06:00,14:00,450,,13:30,21:30,450,F,21:15,06:15,495,F|S,11,10,8,10,30,45,8,38.5,30,0.05,0,2.0.0,20261169
PK-012,2026-12-17,plan,17,Donnerstag,4,51,0,0,,Pflegefachkraft,Pflegefachkraft,EXAM|KARDIO_MONITORING,0.7,26.95,6468,6468,5821,7115,5,2,2,8,1,1,Pflegefachkraft,0,0.0,-1473,16,16,5,3,2,2931,1,,3,,,,0,,0,,3,3,3,0,1172,1,3,3,3,0,1026,1,2,2,2,0,733,0,ST-HCH1,Normalstation Herzchirurgie,24,Herzchirurgie,7.0,15.0,06:00,14:00,450,,13:30,21:30,450,F,21:15,06:15,495,F|S,11,10,8,10,30,45,8,38.5,30,0.05,0,2.0.0,20261169
PK-013,2026-12-17,plan,17,Donnerstag,4,51,0,0,,Pflegefachkraft,Pflegefachkraft,EXAM,1.0,38.5,9240,9240,8316,10164,5,2,2,8,1,1,Pflegefachkraft,0,0.0,-2445,16,16,5,3,2,2931,1,,,,,,0,,1,8,3,3,3,0,1172,1,3,3,3,0,1026,1,2,2,2,0,733,0,ST-HCH1,Normalstation Herzchirurgie,24,Herzchirurgie,7.0,15.0,06:00,14:00,450,,13:30,21:30,450,F,21:15,06:15,495,F|S,11,10,8,10,30,45,8,38.5,30,0.05,0,2.0.0,20261169
PK-014,2026-12-17,plan,17,Donnerstag,4,51,0,0,,Pflegefachkraft,Pflegefachkraft,EXAM|KARDIO_MONITORING,0.5,19.25,4620,4620,4158,5082,5,2,2,8,1,1,Pflegefachkraft,0,0.0,-1020,16,16,5,3,2,2931,1,,,,,,0,,0,,3,3,3,0,1172,1,3,3,3,0,1026,1,2,2,2,0,733,0,ST-HCH1,Normalstation Herzchirurgie,24,Herzchirurgie,7.0,15.0,06:00,14:00,450,,13:30,21:30,450,F,21:15,06:15,495,F|S,11,10,8,10,30,45,8,38.5,30,0.05,0,2.0.0,20261169
PK-015,2026-12-17,plan,17,Donnerstag,4,51,0,0,,Pflegefachkraft,Pflegefachkraft,EXAM,1.0,38.5,9240,9240,8316,10164,5,2,2,8,1,1,Pflegefachkraft,0,0.0,-2490,16,16,5,3,2,2931,1,,,,,,0,,0,,3,3,3,0,1172,1,3,3,3,0,1026,1,2,2,2,0,733,0,ST-HCH1,Normalstation Herzchirurgie,24,Herzchirurgie,7.0,15.0,06:00,14:00,450,,13:30,21:30,450,F,21:15,06:15,495,F|S,11,10,8,10,30,45,8,38.5,30,0.05,0,2.0.0,20261169
PK-016,2026-12-17,plan,17,Donnerstag,4,51,0,0,,Pflegefachkraft,Pflegefachkraft,EXAM|PRAXISANLEITUNG,1.0,38.5,9240,9240,8316,10164,5,2,2,8,1,1,Pflegefachkraft,0,0.0,-2310,16,16,5,3,2,2931,1,,,,,,0,,0,,3,3,3,0,1172,1,3,3,3,0,1026,1,2,2,2,0,733,0,ST-HCH1,Normalstation Herzchirurgie,24,Herzchirurgie,7.0,15.0,06:00,14:00,450,,13:30,21:30,450,F,21:15,06:15,495,F|S,11,10,8,10,30,45,8,38.5,30,0.05,0,2.0.0,20261169
PK-017,2026-12-17,plan,17,Donnerstag,4,51,0,0,,Pflegefachkraft,Pflegefachkraft,EXAM,0.8,30.8,7392,7392,6653,8131,5,2,2,8,1,1,Pflegefachkraft,0,0.0,-1902,16,16,5,3,2,2931,1,,,,,,0,,0,,3,3,3,0,1172,1,3,3,3,0,1026,1,2,2,2,0,733,0,ST-HCH1,Normalstation Herzchirurgie,24,Herzchirurgie,7.0,15.0,06:00,14:00,450,,13:30,21:30,450,F,21:15,06:15,495,F|S,11,10,8,10,30,45,8,38.5,30,0.05,0,2.0.0,20261169
PK-018,2026-12-17,plan,17,Donnerstag,4,51,0,0,,Pflegefachkraft,Pflegefachkraft,EXAM,0.5,19.25,4620,4620,4158,5082,5,2,2,8,1,1,Pflegefachkraft,0,0.0,-1245,16,16,5,3,2,2931,0,LANGZEITABWESENHEIT,,,,,0,,0,,3,3,3,0,1172,1,3,3,3,0,1026,1,2,2,2,0,733,0,ST-HCH1,Normalstation Herzchirurgie,24,Herzchirurgie,7.0,15.0,06:00,14:00,450,,13:30,21:30,450,F,21:15,06:15,495,F|S,11,10,8,10,30,45,8,38.5,30,0.05,0,2.0.0,20261169
AZ-001,2026-12-18,plan,18,Freitag,5,51,0,0,,Auszubildende_r_3_Ausbildungsjahr,Auszubildende,AUSZUBILDEND,1.0,38.5,9240,9240,8316,10164,5,2,2,8,1,0,nicht anrechenbar,0,0.0,-9240,17,17,2,3,1,2918,1,,,,,,0,,0,,3,3,3,0,1167,1,3,3,3,0,1021,1,2,2,2,0,730,0,ST-HCH1,Normalstation Herzchirurgie,24,Herzchirurgie,7.0,15.0,06:00,14:00,450,,13:30,21:30,450,F,21:15,06:15,495,F|S,11,10,8,10,30,45,8,38.5,30,0.05,0,2.0.0,20261169
AZ-002,2026-12-18,plan,18,Freitag,5,51,0,0,,Auszubildende_r_2_Ausbildungsjahr,Auszubildende,AUSZUBILDEND,1.0,38.5,9240,9240,8316,10164,5,2,2,8,1,0,nicht anrechenbar,0,0.0,-6006,17,17,2,3,1,2918,0,URLAUB,,,,,0,,0,,3,3,3,0,1167,1,3,3,3,0,1021,1,2,2,2,0,730,0,ST-HCH1,Normalstation Herzchirurgie,24,Herzchirurgie,7.0,15.0,06:00,14:00,450,,13:30,21:30,450,F,21:15,06:15,495,F|S,11,10,8,10,30,45,8,38.5,30,0.05,0,2.0.0,20261169
AZ-003,2026-12-18,plan,18,Freitag,5,51,0,0,,Auszubildende_r_1_Ausbildungsjahr,Auszubildende,AUSZUBILDEND,1.0,38.5,9240,9240,8316,10164,5,2,2,0,0,0,nicht anrechenbar,0,0.0,-9240,17,17,2,3,1,2918,1,,,,,,0,,0,,3,3,3,0,1167,1,3,3,3,0,1021,1,2,2,2,0,730,0,ST-HCH1,Normalstation Herzchirurgie,24,Herzchirurgie,7.0,15.0,06:00,14:00,450,,13:30,21:30,450,F,21:15,06:15,495,F|S,11,10,8,10,30,45,8,38.5,30,0.05,0,2.0.0,20261169
PK-001,2026-12-18,plan,18,Freitag,5,51,0,0,,Stationsleitung,Pflegefachkraft,EXAM|LEITUNG|PRAXISANLEITUNG,1.0,38.5,9240,4620,4158,5082,5,2,2,0,0,1,Pflegefachkraft,1,0.5,2130,17,17,2,3,1,2918,1,,,,,,0,,1,24,3,3,3,0,1167,1,3,3,3,0,1021,1,2,2,2,0,730,0,ST-HCH1,Normalstation Herzchirurgie,24,Herzchirurgie,7.0,15.0,06:00,14:00,450,,13:30,21:30,450,F,21:15,06:15,495,F|S,11,10,8,10,30,45,8,38.5,30,0.05,0,2.0.0,20261169
PK-002,2026-12-18,plan,18,Freitag,5,51,0,0,,Pflegefachkraft,Pflegefachkraft,EXAM,0.6,23.1,5544,5544,4990,6098,5,2,2,8,1,1,Pflegefachkraft,0,0.0,-1359,17,17,2,3,1,2918,1,,,,,,0,,1,2,3,3,3,0,1167,1,3,3,3,0,1021,1,2,2,2,0,730,0,ST-HCH1,Normalstation Herzchirurgie,24,Herzchirurgie,7.0,15.0,06:00,14:00,450,,13:30,21:30,450,F,21:15,06:15,495,F|S,11,10,8,10,30,45,8,38.5,30,0.05,0,2.0.0,20261169
PK-003,2026-12-18,plan,18,Freitag,5,51,0,0,,Pflegefachkraft,Pflegefachkraft,EXAM|KARDIO_MONITORING,1.0,38.5,9240,9240,8316,10164,5,2,2,8,1,1,Pflegefachkraft,0,0.0,-2130,17,17,2,3,1,2918,1,,,,,,0,,0,,3,3,3,0,1167,1,3,3,3,0,1021,1,2,2,2,0,730,0,ST-HCH1,Normalstation Herzchirurgie,24,Herzchirurgie,7.0,15.0,06:00,14:00,450,,13:30,21:30,450,F,21:15,06:15,495,F|S,11,10,8,10,30,45,8,38.5,30,0.05,0,2.0.0,20261169
PK-004,2026-12-18,plan,18,Freitag,5,51,0,0,,Pflegefachkraft,Pflegefachkraft,EXAM|KARDIO_MONITORING,0.75,28.88,6931,6931,6238,7624,5,2,2,8,1,1,Pflegefachkraft,0,0.0,-1485,17,17,2,3,1,2918,1,,,,,,0,,0,,3,3,3,0,1167,1,3,3,3,0,1021,1,2,2,2,0,730,0,ST-HCH1,Normalstation Herzchirurgie,24,Herzchirurgie,7.0,15.0,06:00,14:00,450,,13:30,21:30,450,F,21:15,06:15,495,F|S,11,10,8,10,30,45,8,38.5,30,0.05,0,2.0.0,20261169
PK-005,2026-12-18,plan,18,Freitag,5,51,0,0,,Pflegefachkraft,Pflegefachkraft,EXAM|PRAXISANLEITUNG,0.7,26.95,6468,6468,5821,7115,5,2,2,8,1,1,Pflegefachkraft,0,0.0,431,17,17,2,3,1,2918,1,,,,,,0,,1,24,3,3,3,0,1167,1,3,3,3,0,1021,1,2,2,2,0,730,0,ST-HCH1,Normalstation Herzchirurgie,24,Herzchirurgie,7.0,15.0,06:00,14:00,450,,13:30,21:30,450,F,21:15,06:15,495,F|S,11,10,8,10,30,45,8,38.5,30,0.05,0,2.0.0,20261169
PK-006,2026-12-18,plan,18,Freitag,5,51,0,0,,Pflegefachkraft,Pflegefachkraft,EXAM,1.0,38.5,9240,9240,8316,10164,5,2,2,8,1,1,Pflegefachkraft,0,0.0,-2130,17,17,2,3,1,2918,1,,3,,,,0,,0,,3,3,3,0,1167,1,3,3,3,0,1021,1,2,2,2,0,730,0,ST-HCH1,Normalstation Herzchirurgie,24,Herzchirurgie,7.0,15.0,06:00,14:00,450,,13:30,21:30,450,F,21:15,06:15,495,F|S,11,10,8,10,30,45,8,38.5,30,0.05,0,2.0.0,20261169
PK-007,2026-12-18,plan,18,Freitag,5,51,0,0,,Pflegefachkraft,Pflegefachkraft,EXAM,1.0,38.5,9240,9240,8316,10164,5,2,2,8,1,1,Pflegefachkraft,0,0.0,1104,17,17,2,3,1,2918,1,,,,,,0,,0,,3,3,3,0,1167,1,3,3,3,0,1021,1,2,2,2,0,730,0,ST-HCH1,Normalstation Herzchirurgie,24,Herzchirurgie,7.0,15.0,06:00,14:00,450,,13:30,21:30,450,F,21:15,06:15,495,F|S,11,10,8,10,30,45,8,38.5,30,0.05,0,2.0.0,20261169
PK-008,2026-12-18,plan,18,Freitag,5,51,0,0,,Pflegefachkraft,Pflegefachkraft,EXAM|PRAXISANLEITUNG,1.0,38.5,9240,9240,8316,10164,5,2,2,8,1,1,Pflegefachkraft,0,0.0,-2265,17,17,2,3,1,2918,1,,,,,,0,,0,,3,3,3,0,1167,1,3,3,3,0,1021,1,2,2,2,0,730,0,ST-HCH1,Normalstation Herzchirurgie,24,Herzchirurgie,7.0,15.0,06:00,14:00,450,,13:30,21:30,450,F,21:15,06:15,495,F|S,11,10,8,10,30,45,8,38.5,30,0.05,0,2.0.0,20261169
PK-009,2026-12-18,plan,18,Freitag,5,51,0,0,,Pflegefachkraft,Pflegefachkraft,EXAM,0.9,34.65,8316,8316,7484,9148,5,2,2,8,1,1,Pflegefachkraft,0,0.0,-1881,17,17,2,3,1,2918,1,,,,,,0,,0,,3,3,3,0,1167,1,3,3,3,0,1021,1,2,2,2,0,730,0,ST-HCH1,Normalstation Herzchirurgie,24,Herzchirurgie,7.0,15.0,06:00,14:00,450,,13:30,21:30,450,F,21:15,06:15,495,F|S,11,10,8,10,30,45,8,38.5,30,0.05,0,2.0.0,20261169
PK-010,2026-12-18,plan,18,Freitag,5,51,0,0,,Pflegefachkraft,Pflegefachkraft,EXAM,0.75,28.88,6931,6931,6238,7624,5,2,2,8,1,1,Pflegefachkraft,0,0.0,-1845,17,17,2,3,1,2918,1,,,,,,0,,0,,3,3,3,0,1167,1,3,3,3,0,1021,1,2,2,2,0,730,0,ST-HCH1,Normalstation Herzchirurgie,24,Herzchirurgie,7.0,15.0,06:00,14:00,450,,13:30,21:30,450,F,21:15,06:15,495,F|S,11,10,8,10,30,45,8,38.5,30,0.05,0,2.0.0,20261169
PK-011,2026-12-18,plan,18,Freitag,5,51,0,0,,Pflegefachkraft,Pflegefachkraft,EXAM,0.8,30.8,7392,7392,6653,8131,5,2,2,8,1,1,Pflegefachkraft,0,0.0,-1947,17,17,2,3,1,2918,1,,,,,,0,,0,,3,3,3,0,1167,1,3,3,3,0,1021,1,2,2,2,0,730,0,ST-HCH1,Normalstation Herzchirurgie,24,Herzchirurgie,7.0,15.0,06:00,14:00,450,,13:30,21:30,450,F,21:15,06:15,495,F|S,11,10,8,10,30,45,8,38.5,30,0.05,0,2.0.0,20261169
PK-012,2026-12-18,plan,18,Freitag,5,51,0,0,,Pflegefachkraft,Pflegefachkraft,EXAM|KARDIO_MONITORING,0.7,26.95,6468,6468,5821,7115,5,2,2,8,1,1,Pflegefachkraft,0,0.0,-1473,17,17,2,3,1,2918,1,,2,,,,0,,0,,3,3,3,0,1167,1,3,3,3,0,1021,1,2,2,2,0,730,0,ST-HCH1,Normalstation Herzchirurgie,24,Herzchirurgie,7.0,15.0,06:00,14:00,450,,13:30,21:30,450,F,21:15,06:15,495,F|S,11,10,8,10,30,45,8,38.5,30,0.05,0,2.0.0,20261169
PK-013,2026-12-18,plan,18,Freitag,5,51,0,0,,Pflegefachkraft,Pflegefachkraft,EXAM,1.0,38.5,9240,9240,8316,10164,5,2,2,8,1,1,Pflegefachkraft,0,0.0,-2445,17,17,2,3,1,2918,1,,,,,,0,,1,24,3,3,3,0,1167,1,3,3,3,0,1021,1,2,2,2,0,730,0,ST-HCH1,Normalstation Herzchirurgie,24,Herzchirurgie,7.0,15.0,06:00,14:00,450,,13:30,21:30,450,F,21:15,06:15,495,F|S,11,10,8,10,30,45,8,38.5,30,0.05,0,2.0.0,20261169
PK-014,2026-12-18,plan,18,Freitag,5,51,0,0,,Pflegefachkraft,Pflegefachkraft,EXAM|KARDIO_MONITORING,0.5,19.25,4620,4620,4158,5082,5,2,2,8,1,1,Pflegefachkraft,0,0.0,-1020,17,17,2,3,1,2918,1,,,,,,0,,0,,3,3,3,0,1167,1,3,3,3,0,1021,1,2,2,2,0,730,0,ST-HCH1,Normalstation Herzchirurgie,24,Herzchirurgie,7.0,15.0,06:00,14:00,450,,13:30,21:30,450,F,21:15,06:15,495,F|S,11,10,8,10,30,45,8,38.5,30,0.05,0,2.0.0,20261169
PK-015,2026-12-18,plan,18,Freitag,5,51,0,0,,Pflegefachkraft,Pflegefachkraft,EXAM,1.0,38.5,9240,9240,8316,10164,5,2,2,8,1,1,Pflegefachkraft,0,0.0,-2490,17,17,2,3,1,2918,1,,,,,,0,,0,,3,3,3,0,1167,1,3,3,3,0,1021,1,2,2,2,0,730,0,ST-HCH1,Normalstation Herzchirurgie,24,Herzchirurgie,7.0,15.0,06:00,14:00,450,,13:30,21:30,450,F,21:15,06:15,495,F|S,11,10,8,10,30,45,8,38.5,30,0.05,0,2.0.0,20261169
PK-016,2026-12-18,plan,18,Freitag,5,51,0,0,,Pflegefachkraft,Pflegefachkraft,EXAM|PRAXISANLEITUNG,1.0,38.5,9240,9240,8316,10164,5,2,2,8,1,1,Pflegefachkraft,0,0.0,-2310,17,17,2,3,1,2918,1,,,,,,0,,0,,3,3,3,0,1167,1,3,3,3,0,1021,1,2,2,2,0,730,0,ST-HCH1,Normalstation Herzchirurgie,24,Herzchirurgie,7.0,15.0,06:00,14:00,450,,13:30,21:30,450,F,21:15,06:15,495,F|S,11,10,8,10,30,45,8,38.5,30,0.05,0,2.0.0,20261169
PK-017,2026-12-18,plan,18,Freitag,5,51,0,0,,Pflegefachkraft,Pflegefachkraft,EXAM,0.8,30.8,7392,7392,6653,8131,5,2,2,8,1,1,Pflegefachkraft,0,0.0,-1902,17,17,2,3,1,2918,1,,,,,,0,,0,,3,3,3,0,1167,1,3,3,3,0,1021,1,2,2,2,0,730,0,ST-HCH1,Normalstation Herzchirurgie,24,Herzchirurgie,7.0,15.0,06:00,14:00,450,,13:30,21:30,450,F,21:15,06:15,495,F|S,11,10,8,10,30,45,8,38.5,30,0.05,0,2.0.0,20261169
PK-018,2026-12-18,plan,18,Freitag,5,51,0,0,,Pflegefachkraft,Pflegefachkraft,EXAM,0.5,19.25,4620,4620,4158,5082,5,2,2,8,1,1,Pflegefachkraft,0,0.0,-1245,17,17,2,3,1,2918,0,LANGZEITABWESENHEIT,,,,,0,,0,,3,3,3,0,1167,1,3,3,3,0,1021,1,2,2,2,0,730,0,ST-HCH1,Normalstation Herzchirurgie,24,Herzchirurgie,7.0,15.0,06:00,14:00,450,,13:30,21:30,450,F,21:15,06:15,495,F|S,11,10,8,10,30,45,8,38.5,30,0.05,0,2.0.0,20261169
AZ-001,2026-12-19,plan,19,Samstag,6,51,1,0,,Auszubildende_r_3_Ausbildungsjahr,Auszubildende,AUSZUBILDEND,1.0,38.5,9240,9240,8316,10164,5,2,2,8,1,0,nicht anrechenbar,0,0.0,-9240,16,14,1,1,0,2619,1,,,,,,0,,0,,3,3,3,0,1048,1,3,3,3,0,917,1,2,1,2,0,655,0,ST-HCH1,Normalstation Herzchirurgie,24,Herzchirurgie,7.0,15.0,06:00,14:00,450,,13:30,21:30,450,F,21:15,06:15,495,F|S,11,10,8,10,30,45,8,38.5,30,0.05,0,2.0.0,20261169
AZ-002,2026-12-19,plan,19,Samstag,6,51,1,0,,Auszubildende_r_2_Ausbildungsjahr,Auszubildende,AUSZUBILDEND,1.0,38.5,9240,9240,8316,10164,5,2,2,8,1,0,nicht anrechenbar,0,0.0,-6006,16,14,1,1,0,2619,0,URLAUB,,,,,0,,0,,3,3,3,0,1048,1,3,3,3,0,917,1,2,1,2,0,655,0,ST-HCH1,Normalstation Herzchirurgie,24,Herzchirurgie,7.0,15.0,06:00,14:00,450,,13:30,21:30,450,F,21:15,06:15,495,F|S,11,10,8,10,30,45,8,38.5,30,0.05,0,2.0.0,20261169
AZ-003,2026-12-19,plan,19,Samstag,6,51,1,0,,Auszubildende_r_1_Ausbildungsjahr,Auszubildende,AUSZUBILDEND,1.0,38.5,9240,9240,8316,10164,5,2,2,0,0,0,nicht anrechenbar,0,0.0,-9240,16,14,1,1,0,2619,1,,,,,,0,,0,,3,3,3,0,1048,1,3,3,3,0,917,1,2,1,2,0,655,0,ST-HCH1,Normalstation Herzchirurgie,24,Herzchirurgie,7.0,15.0,06:00,14:00,450,,13:30,21:30,450,F,21:15,06:15,495,F|S,11,10,8,10,30,45,8,38.5,30,0.05,0,2.0.0,20261169
PK-001,2026-12-19,plan,19,Samstag,6,51,1,0,,Stationsleitung,Pflegefachkraft,EXAM|LEITUNG|PRAXISANLEITUNG,1.0,38.5,9240,4620,4158,5082,5,2,2,0,0,1,Pflegefachkraft,1,0.5,2130,16,14,1,1,0,2619,1,,,,,,0,,0,,3,3,3,0,1048,1,3,3,3,0,917,1,2,1,2,0,655,0,ST-HCH1,Normalstation Herzchirurgie,24,Herzchirurgie,7.0,15.0,06:00,14:00,450,,13:30,21:30,450,F,21:15,06:15,495,F|S,11,10,8,10,30,45,8,38.5,30,0.05,0,2.0.0,20261169
PK-002,2026-12-19,plan,19,Samstag,6,51,1,0,,Pflegefachkraft,Pflegefachkraft,EXAM,0.6,23.1,5544,5544,4990,6098,5,2,2,8,1,1,Pflegefachkraft,0,0.0,-1359,16,14,1,1,0,2619,1,,,,,,0,,1,24,3,3,3,0,1048,1,3,3,3,0,917,1,2,1,2,0,655,0,ST-HCH1,Normalstation Herzchirurgie,24,Herzchirurgie,7.0,15.0,06:00,14:00,450,,13:30,21:30,450,F,21:15,06:15,495,F|S,11,10,8,10,30,45,8,38.5,30,0.05,0,2.0.0,20261169
PK-003,2026-12-19,plan,19,Samstag,6,51,1,0,,Pflegefachkraft,Pflegefachkraft,EXAM|KARDIO_MONITORING,1.0,38.5,9240,9240,8316,10164,5,2,2,8,1,1,Pflegefachkraft,0,0.0,-2130,16,14,1,1,0,2619,1,,,,,,0,,0,,3,3,3,0,1048,1,3,3,3,0,917,1,2,1,2,0,655,0,ST-HCH1,Normalstation Herzchirurgie,24,Herzchirurgie,7.0,15.0,06:00,14:00,450,,13:30,21:30,450,F,21:15,06:15,495,F|S,11,10,8,10,30,45,8,38.5,30,0.05,0,2.0.0,20261169
PK-004,2026-12-19,plan,19,Samstag,6,51,1,0,,Pflegefachkraft,Pflegefachkraft,EXAM|KARDIO_MONITORING,0.75,28.88,6931,6931,6238,7624,5,2,2,8,1,1,Pflegefachkraft,0,0.0,-1485,16,14,1,1,0,2619,1,,,,,,0,,0,,3,3,3,0,1048,1,3,3,3,0,917,1,2,1,2,0,655,0,ST-HCH1,Normalstation Herzchirurgie,24,Herzchirurgie,7.0,15.0,06:00,14:00,450,,13:30,21:30,450,F,21:15,06:15,495,F|S,11,10,8,10,30,45,8,38.5,30,0.05,0,2.0.0,20261169
PK-005,2026-12-19,plan,19,Samstag,6,51,1,0,,Pflegefachkraft,Pflegefachkraft,EXAM|PRAXISANLEITUNG,0.7,26.95,6468,6468,5821,7115,5,2,2,8,1,1,Pflegefachkraft,0,0.0,431,16,14,1,1,0,2619,1,,,,,,0,,1,24,3,3,3,0,1048,1,3,3,3,0,917,1,2,1,2,0,655,0,ST-HCH1,Normalstation Herzchirurgie,24,Herzchirurgie,7.0,15.0,06:00,14:00,450,,13:30,21:30,450,F,21:15,06:15,495,F|S,11,10,8,10,30,45,8,38.5,30,0.05,0,2.0.0,20261169
PK-006,2026-12-19,plan,19,Samstag,6,51,1,0,,Pflegefachkraft,Pflegefachkraft,EXAM,1.0,38.5,9240,9240,8316,10164,5,2,2,8,1,1,Pflegefachkraft,0,0.0,-2130,16,14,1,1,0,2619,1,,,,,,0,,0,,3,3,3,0,1048,1,3,3,3,0,917,1,2,1,2,0,655,0,ST-HCH1,Normalstation Herzchirurgie,24,Herzchirurgie,7.0,15.0,06:00,14:00,450,,13:30,21:30,450,F,21:15,06:15,495,F|S,11,10,8,10,30,45,8,38.5,30,0.05,0,2.0.0,20261169
PK-007,2026-12-19,plan,19,Samstag,6,51,1,0,,Pflegefachkraft,Pflegefachkraft,EXAM,1.0,38.5,9240,9240,8316,10164,5,2,2,8,1,1,Pflegefachkraft,0,0.0,1104,16,14,1,1,0,2619,1,,,,,,0,,0,,3,3,3,0,1048,1,3,3,3,0,917,1,2,1,2,0,655,0,ST-HCH1,Normalstation Herzchirurgie,24,Herzchirurgie,7.0,15.0,06:00,14:00,450,,13:30,21:30,450,F,21:15,06:15,495,F|S,11,10,8,10,30,45,8,38.5,30,0.05,0,2.0.0,20261169
PK-008,2026-12-19,plan,19,Samstag,6,51,1,0,,Pflegefachkraft,Pflegefachkraft,EXAM|PRAXISANLEITUNG,1.0,38.5,9240,9240,8316,10164,5,2,2,8,1,1,Pflegefachkraft,0,0.0,-2265,16,14,1,1,0,2619,1,,,,,,0,,0,,3,3,3,0,1048,1,3,3,3,0,917,1,2,1,2,0,655,0,ST-HCH1,Normalstation Herzchirurgie,24,Herzchirurgie,7.0,15.0,06:00,14:00,450,,13:30,21:30,450,F,21:15,06:15,495,F|S,11,10,8,10,30,45,8,38.5,30,0.05,0,2.0.0,20261169
PK-009,2026-12-19,plan,19,Samstag,6,51,1,0,,Pflegefachkraft,Pflegefachkraft,EXAM,0.9,34.65,8316,8316,7484,9148,5,2,2,8,1,1,Pflegefachkraft,0,0.0,-1881,16,14,1,1,0,2619,1,,,,,,0,,0,,3,3,3,0,1048,1,3,3,3,0,917,1,2,1,2,0,655,0,ST-HCH1,Normalstation Herzchirurgie,24,Herzchirurgie,7.0,15.0,06:00,14:00,450,,13:30,21:30,450,F,21:15,06:15,495,F|S,11,10,8,10,30,45,8,38.5,30,0.05,0,2.0.0,20261169
PK-010,2026-12-19,plan,19,Samstag,6,51,1,0,,Pflegefachkraft,Pflegefachkraft,EXAM,0.75,28.88,6931,6931,6238,7624,5,2,2,8,1,1,Pflegefachkraft,0,0.0,-1845,16,14,1,1,0,2619,1,,,,,,0,,0,,3,3,3,0,1048,1,3,3,3,0,917,1,2,1,2,0,655,0,ST-HCH1,Normalstation Herzchirurgie,24,Herzchirurgie,7.0,15.0,06:00,14:00,450,,13:30,21:30,450,F,21:15,06:15,495,F|S,11,10,8,10,30,45,8,38.5,30,0.05,0,2.0.0,20261169
PK-011,2026-12-19,plan,19,Samstag,6,51,1,0,,Pflegefachkraft,Pflegefachkraft,EXAM,0.8,30.8,7392,7392,6653,8131,5,2,2,8,1,1,Pflegefachkraft,0,0.0,-1947,16,14,1,1,0,2619,1,,,,,,0,,0,,3,3,3,0,1048,1,3,3,3,0,917,1,2,1,2,0,655,0,ST-HCH1,Normalstation Herzchirurgie,24,Herzchirurgie,7.0,15.0,06:00,14:00,450,,13:30,21:30,450,F,21:15,06:15,495,F|S,11,10,8,10,30,45,8,38.5,30,0.05,0,2.0.0,20261169
PK-012,2026-12-19,plan,19,Samstag,6,51,1,0,,Pflegefachkraft,Pflegefachkraft,EXAM|KARDIO_MONITORING,0.7,26.95,6468,6468,5821,7115,5,2,2,8,1,1,Pflegefachkraft,0,0.0,-1473,16,14,1,1,0,2619,1,,,,,,0,,0,,3,3,3,0,1048,1,3,3,3,0,917,1,2,1,2,0,655,0,ST-HCH1,Normalstation Herzchirurgie,24,Herzchirurgie,7.0,15.0,06:00,14:00,450,,13:30,21:30,450,F,21:15,06:15,495,F|S,11,10,8,10,30,45,8,38.5,30,0.05,0,2.0.0,20261169
PK-013,2026-12-19,plan,19,Samstag,6,51,1,0,,Pflegefachkraft,Pflegefachkraft,EXAM,1.0,38.5,9240,9240,8316,10164,5,2,2,8,1,1,Pflegefachkraft,0,0.0,-2445,16,14,1,1,0,2619,1,,,,,,0,,1,24,3,3,3,0,1048,1,3,3,3,0,917,1,2,1,2,0,655,0,ST-HCH1,Normalstation Herzchirurgie,24,Herzchirurgie,7.0,15.0,06:00,14:00,450,,13:30,21:30,450,F,21:15,06:15,495,F|S,11,10,8,10,30,45,8,38.5,30,0.05,0,2.0.0,20261169
PK-014,2026-12-19,plan,19,Samstag,6,51,1,0,,Pflegefachkraft,Pflegefachkraft,EXAM|KARDIO_MONITORING,0.5,19.25,4620,4620,4158,5082,5,2,2,8,1,1,Pflegefachkraft,0,0.0,-1020,16,14,1,1,0,2619,1,,,,,,0,,0,,3,3,3,0,1048,1,3,3,3,0,917,1,2,1,2,0,655,0,ST-HCH1,Normalstation Herzchirurgie,24,Herzchirurgie,7.0,15.0,06:00,14:00,450,,13:30,21:30,450,F,21:15,06:15,495,F|S,11,10,8,10,30,45,8,38.5,30,0.05,0,2.0.0,20261169
PK-015,2026-12-19,plan,19,Samstag,6,51,1,0,,Pflegefachkraft,Pflegefachkraft,EXAM,1.0,38.5,9240,9240,8316,10164,5,2,2,8,1,1,Pflegefachkraft,0,0.0,-2490,16,14,1,1,0,2619,1,,,,,,0,,0,,3,3,3,0,1048,1,3,3,3,0,917,1,2,1,2,0,655,0,ST-HCH1,Normalstation Herzchirurgie,24,Herzchirurgie,7.0,15.0,06:00,14:00,450,,13:30,21:30,450,F,21:15,06:15,495,F|S,11,10,8,10,30,45,8,38.5,30,0.05,0,2.0.0,20261169
PK-016,2026-12-19,plan,19,Samstag,6,51,1,0,,Pflegefachkraft,Pflegefachkraft,EXAM|PRAXISANLEITUNG,1.0,38.5,9240,9240,8316,10164,5,2,2,8,1,1,Pflegefachkraft,0,0.0,-2310,16,14,1,1,0,2619,1,,,,,,0,,0,,3,3,3,0,1048,1,3,3,3,0,917,1,2,1,2,0,655,0,ST-HCH1,Normalstation Herzchirurgie,24,Herzchirurgie,7.0,15.0,06:00,14:00,450,,13:30,21:30,450,F,21:15,06:15,495,F|S,11,10,8,10,30,45,8,38.5,30,0.05,0,2.0.0,20261169
PK-017,2026-12-19,plan,19,Samstag,6,51,1,0,,Pflegefachkraft,Pflegefachkraft,EXAM,0.8,30.8,7392,7392,6653,8131,5,2,2,8,1,1,Pflegefachkraft,0,0.0,-1902,16,14,1,1,0,2619,1,,,,,,0,,0,,3,3,3,0,1048,1,3,3,3,0,917,1,2,1,2,0,655,0,ST-HCH1,Normalstation Herzchirurgie,24,Herzchirurgie,7.0,15.0,06:00,14:00,450,,13:30,21:30,450,F,21:15,06:15,495,F|S,11,10,8,10,30,45,8,38.5,30,0.05,0,2.0.0,20261169
PK-018,2026-12-19,plan,19,Samstag,6,51,1,0,,Pflegefachkraft,Pflegefachkraft,EXAM,0.5,19.25,4620,4620,4158,5082,5,2,2,8,1,1,Pflegefachkraft,0,0.0,-1245,16,14,1,1,0,2619,0,LANGZEITABWESENHEIT,,,,,0,,0,,3,3,3,0,1048,1,3,3,3,0,917,1,2,1,2,0,655,0,ST-HCH1,Normalstation Herzchirurgie,24,Herzchirurgie,7.0,15.0,06:00,14:00,450,,13:30,21:30,450,F,21:15,06:15,495,F|S,11,10,8,10,30,45,8,38.5,30,0.05,0,2.0.0,20261169
AZ-001,2026-12-20,plan,20,Sonntag,7,51,1,0,,Auszubildende_r_3_Ausbildungsjahr,Auszubildende,AUSZUBILDEND,1.0,38.5,9240,9240,8316,10164,5,2,2,8,1,0,nicht anrechenbar,0,0.0,-9240,16,15,2,0,1,2865,1,,2,,,,0,,0,,3,3,3,0,1146,1,3,3,3,0,1003,1,2,1,2,0,716,0,ST-HCH1,Normalstation Herzchirurgie,24,Herzchirurgie,7.0,15.0,06:00,14:00,450,,13:30,21:30,450,F,21:15,06:15,495,F|S,11,10,8,10,30,45,8,38.5,30,0.05,0,2.0.0,20261169
AZ-002,2026-12-20,plan,20,Sonntag,7,51,1,0,,Auszubildende_r_2_Ausbildungsjahr,Auszubildende,AUSZUBILDEND,1.0,38.5,9240,9240,8316,10164,5,2,2,8,1,0,nicht anrechenbar,0,0.0,-6006,16,15,2,0,1,2865,0,URLAUB,,,,,0,,0,,3,3,3,0,1146,1,3,3,3,0,1003,1,2,1,2,0,716,0,ST-HCH1,Normalstation Herzchirurgie,24,Herzchirurgie,7.0,15.0,06:00,14:00,450,,13:30,21:30,450,F,21:15,06:15,495,F|S,11,10,8,10,30,45,8,38.5,30,0.05,0,2.0.0,20261169
AZ-003,2026-12-20,plan,20,Sonntag,7,51,1,0,,Auszubildende_r_1_Ausbildungsjahr,Auszubildende,AUSZUBILDEND,1.0,38.5,9240,9240,8316,10164,5,2,2,0,0,0,nicht anrechenbar,0,0.0,-9240,16,15,2,0,1,2865,1,,,,,,0,,0,,3,3,3,0,1146,1,3,3,3,0,1003,1,2,1,2,0,716,0,ST-HCH1,Normalstation Herzchirurgie,24,Herzchirurgie,7.0,15.0,06:00,14:00,450,,13:30,21:30,450,F,21:15,06:15,495,F|S,11,10,8,10,30,45,8,38.5,30,0.05,0,2.0.0,20261169
PK-001,2026-12-20,plan,20,Sonntag,7,51,1,0,,Stationsleitung,Pflegefachkraft,EXAM|LEITUNG|PRAXISANLEITUNG,1.0,38.5,9240,4620,4158,5082,5,2,2,0,0,1,Pflegefachkraft,1,0.5,2130,16,15,2,0,1,2865,1,,,,,,0,,0,,3,3,3,0,1146,1,3,3,3,0,1003,1,2,1,2,0,716,0,ST-HCH1,Normalstation Herzchirurgie,24,Herzchirurgie,7.0,15.0,06:00,14:00,450,,13:30,21:30,450,F,21:15,06:15,495,F|S,11,10,8,10,30,45,8,38.5,30,0.05,0,2.0.0,20261169
PK-002,2026-12-20,plan,20,Sonntag,7,51,1,0,,Pflegefachkraft,Pflegefachkraft,EXAM,0.6,23.1,5544,5544,4990,6098,5,2,2,8,1,1,Pflegefachkraft,0,0.0,-1359,16,15,2,0,1,2865,1,,,,,,0,,1,24,3,3,3,0,1146,1,3,3,3,0,1003,1,2,1,2,0,716,0,ST-HCH1,Normalstation Herzchirurgie,24,Herzchirurgie,7.0,15.0,06:00,14:00,450,,13:30,21:30,450,F,21:15,06:15,495,F|S,11,10,8,10,30,45,8,38.5,30,0.05,0,2.0.0,20261169
PK-003,2026-12-20,plan,20,Sonntag,7,51,1,0,,Pflegefachkraft,Pflegefachkraft,EXAM|KARDIO_MONITORING,1.0,38.5,9240,9240,8316,10164,5,2,2,8,1,1,Pflegefachkraft,0,0.0,-2130,16,15,2,0,1,2865,1,,,,,,0,,0,,3,3,3,0,1146,1,3,3,3,0,1003,1,2,1,2,0,716,0,ST-HCH1,Normalstation Herzchirurgie,24,Herzchirurgie,7.0,15.0,06:00,14:00,450,,13:30,21:30,450,F,21:15,06:15,495,F|S,11,10,8,10,30,45,8,38.5,30,0.05,0,2.0.0,20261169
PK-004,2026-12-20,plan,20,Sonntag,7,51,1,0,,Pflegefachkraft,Pflegefachkraft,EXAM|KARDIO_MONITORING,0.75,28.88,6931,6931,6238,7624,5,2,2,8,1,1,Pflegefachkraft,0,0.0,-1485,16,15,2,0,1,2865,1,,,,,,0,,0,,3,3,3,0,1146,1,3,3,3,0,1003,1,2,1,2,0,716,0,ST-HCH1,Normalstation Herzchirurgie,24,Herzchirurgie,7.0,15.0,06:00,14:00,450,,13:30,21:30,450,F,21:15,06:15,495,F|S,11,10,8,10,30,45,8,38.5,30,0.05,0,2.0.0,20261169
PK-005,2026-12-20,plan,20,Sonntag,7,51,1,0,,Pflegefachkraft,Pflegefachkraft,EXAM|PRAXISANLEITUNG,0.7,26.95,6468,6468,5821,7115,5,2,2,8,1,1,Pflegefachkraft,0,0.0,431,16,15,2,0,1,2865,1,,2,,,,0,,0,,3,3,3,0,1146,1,3,3,3,0,1003,1,2,1,2,0,716,0,ST-HCH1,Normalstation Herzchirurgie,24,Herzchirurgie,7.0,15.0,06:00,14:00,450,,13:30,21:30,450,F,21:15,06:15,495,F|S,11,10,8,10,30,45,8,38.5,30,0.05,0,2.0.0,20261169
PK-006,2026-12-20,plan,20,Sonntag,7,51,1,0,,Pflegefachkraft,Pflegefachkraft,EXAM,1.0,38.5,9240,9240,8316,10164,5,2,2,8,1,1,Pflegefachkraft,0,0.0,-2130,16,15,2,0,1,2865,1,,,,,,0,,0,,3,3,3,0,1146,1,3,3,3,0,1003,1,2,1,2,0,716,0,ST-HCH1,Normalstation Herzchirurgie,24,Herzchirurgie,7.0,15.0,06:00,14:00,450,,13:30,21:30,450,F,21:15,06:15,495,F|S,11,10,8,10,30,45,8,38.5,30,0.05,0,2.0.0,20261169
PK-007,2026-12-20,plan,20,Sonntag,7,51,1,0,,Pflegefachkraft,Pflegefachkraft,EXAM,1.0,38.5,9240,9240,8316,10164,5,2,2,8,1,1,Pflegefachkraft,0,0.0,1104,16,15,2,0,1,2865,1,,,,,,0,,0,,3,3,3,0,1146,1,3,3,3,0,1003,1,2,1,2,0,716,0,ST-HCH1,Normalstation Herzchirurgie,24,Herzchirurgie,7.0,15.0,06:00,14:00,450,,13:30,21:30,450,F,21:15,06:15,495,F|S,11,10,8,10,30,45,8,38.5,30,0.05,0,2.0.0,20261169
PK-008,2026-12-20,plan,20,Sonntag,7,51,1,0,,Pflegefachkraft,Pflegefachkraft,EXAM|PRAXISANLEITUNG,1.0,38.5,9240,9240,8316,10164,5,2,2,8,1,1,Pflegefachkraft,0,0.0,-2265,16,15,2,0,1,2865,1,,,,,,0,,0,,3,3,3,0,1146,1,3,3,3,0,1003,1,2,1,2,0,716,0,ST-HCH1,Normalstation Herzchirurgie,24,Herzchirurgie,7.0,15.0,06:00,14:00,450,,13:30,21:30,450,F,21:15,06:15,495,F|S,11,10,8,10,30,45,8,38.5,30,0.05,0,2.0.0,20261169
PK-009,2026-12-20,plan,20,Sonntag,7,51,1,0,,Pflegefachkraft,Pflegefachkraft,EXAM,0.9,34.65,8316,8316,7484,9148,5,2,2,8,1,1,Pflegefachkraft,0,0.0,-1881,16,15,2,0,1,2865,1,,,,,,0,,0,,3,3,3,0,1146,1,3,3,3,0,1003,1,2,1,2,0,716,0,ST-HCH1,Normalstation Herzchirurgie,24,Herzchirurgie,7.0,15.0,06:00,14:00,450,,13:30,21:30,450,F,21:15,06:15,495,F|S,11,10,8,10,30,45,8,38.5,30,0.05,0,2.0.0,20261169
PK-010,2026-12-20,plan,20,Sonntag,7,51,1,0,,Pflegefachkraft,Pflegefachkraft,EXAM,0.75,28.88,6931,6931,6238,7624,5,2,2,8,1,1,Pflegefachkraft,0,0.0,-1845,16,15,2,0,1,2865,1,,,,,,0,,0,,3,3,3,0,1146,1,3,3,3,0,1003,1,2,1,2,0,716,0,ST-HCH1,Normalstation Herzchirurgie,24,Herzchirurgie,7.0,15.0,06:00,14:00,450,,13:30,21:30,450,F,21:15,06:15,495,F|S,11,10,8,10,30,45,8,38.5,30,0.05,0,2.0.0,20261169
PK-011,2026-12-20,plan,20,Sonntag,7,51,1,0,,Pflegefachkraft,Pflegefachkraft,EXAM,0.8,30.8,7392,7392,6653,8131,5,2,2,8,1,1,Pflegefachkraft,0,0.0,-1947,16,15,2,0,1,2865,1,,,,,,0,,0,,3,3,3,0,1146,1,3,3,3,0,1003,1,2,1,2,0,716,0,ST-HCH1,Normalstation Herzchirurgie,24,Herzchirurgie,7.0,15.0,06:00,14:00,450,,13:30,21:30,450,F,21:15,06:15,495,F|S,11,10,8,10,30,45,8,38.5,30,0.05,0,2.0.0,20261169
PK-012,2026-12-20,plan,20,Sonntag,7,51,1,0,,Pflegefachkraft,Pflegefachkraft,EXAM|KARDIO_MONITORING,0.7,26.95,6468,6468,5821,7115,5,2,2,8,1,1,Pflegefachkraft,0,0.0,-1473,16,15,2,0,1,2865,1,,1,,,,0,,0,,3,3,3,0,1146,1,3,3,3,0,1003,1,2,1,2,0,716,0,ST-HCH1,Normalstation Herzchirurgie,24,Herzchirurgie,7.0,15.0,06:00,14:00,450,,13:30,21:30,450,F,21:15,06:15,495,F|S,11,10,8,10,30,45,8,38.5,30,0.05,0,2.0.0,20261169
PK-013,2026-12-20,plan,20,Sonntag,7,51,1,0,,Pflegefachkraft,Pflegefachkraft,EXAM,1.0,38.5,9240,9240,8316,10164,5,2,2,8,1,1,Pflegefachkraft,0,0.0,-2445,16,15,2,0,1,2865,1,,,,,,0,,0,,3,3,3,0,1146,1,3,3,3,0,1003,1,2,1,2,0,716,0,ST-HCH1,Normalstation Herzchirurgie,24,Herzchirurgie,7.0,15.0,06:00,14:00,450,,13:30,21:30,450,F,21:15,06:15,495,F|S,11,10,8,10,30,45,8,38.5,30,0.05,0,2.0.0,20261169
PK-014,2026-12-20,plan,20,Sonntag,7,51,1,0,,Pflegefachkraft,Pflegefachkraft,EXAM|KARDIO_MONITORING,0.5,19.25,4620,4620,4158,5082,5,2,2,8,1,1,Pflegefachkraft,0,0.0,-1020,16,15,2,0,1,2865,1,,,,,,0,,0,,3,3,3,0,1146,1,3,3,3,0,1003,1,2,1,2,0,716,0,ST-HCH1,Normalstation Herzchirurgie,24,Herzchirurgie,7.0,15.0,06:00,14:00,450,,13:30,21:30,450,F,21:15,06:15,495,F|S,11,10,8,10,30,45,8,38.5,30,0.05,0,2.0.0,20261169
PK-015,2026-12-20,plan,20,Sonntag,7,51,1,0,,Pflegefachkraft,Pflegefachkraft,EXAM,1.0,38.5,9240,9240,8316,10164,5,2,2,8,1,1,Pflegefachkraft,0,0.0,-2490,16,15,2,0,1,2865,1,,,,,,0,,0,,3,3,3,0,1146,1,3,3,3,0,1003,1,2,1,2,0,716,0,ST-HCH1,Normalstation Herzchirurgie,24,Herzchirurgie,7.0,15.0,06:00,14:00,450,,13:30,21:30,450,F,21:15,06:15,495,F|S,11,10,8,10,30,45,8,38.5,30,0.05,0,2.0.0,20261169
PK-016,2026-12-20,plan,20,Sonntag,7,51,1,0,,Pflegefachkraft,Pflegefachkraft,EXAM|PRAXISANLEITUNG,1.0,38.5,9240,9240,8316,10164,5,2,2,8,1,1,Pflegefachkraft,0,0.0,-2310,16,15,2,0,1,2865,1,,,,,,0,,0,,3,3,3,0,1146,1,3,3,3,0,1003,1,2,1,2,0,716,0,ST-HCH1,Normalstation Herzchirurgie,24,Herzchirurgie,7.0,15.0,06:00,14:00,450,,13:30,21:30,450,F,21:15,06:15,495,F|S,11,10,8,10,30,45,8,38.5,30,0.05,0,2.0.0,20261169
PK-017,2026-12-20,plan,20,Sonntag,7,51,1,0,,Pflegefachkraft,Pflegefachkraft,EXAM,0.8,30.8,7392,7392,6653,8131,5,2,2,8,1,1,Pflegefachkraft,0,0.0,-1902,16,15,2,0,1,2865,1,,,,,,0,,0,,3,3,3,0,1146,1,3,3,3,0,1003,1,2,1,2,0,716,0,ST-HCH1,Normalstation Herzchirurgie,24,Herzchirurgie,7.0,15.0,06:00,14:00,450,,13:30,21:30,450,F,21:15,06:15,495,F|S,11,10,8,10,30,45,8,38.5,30,0.05,0,2.0.0,20261169
PK-018,2026-12-20,plan,20,Sonntag,7,51,1,0,,Pflegefachkraft,Pflegefachkraft,EXAM,0.5,19.25,4620,4620,4158,5082,5,2,2,8,1,1,Pflegefachkraft,0,0.0,-1245,16,15,2,0,1,2865,0,LANGZEITABWESENHEIT,,,,,0,,0,,3,3,3,0,1146,1,3,3,3,0,1003,1,2,1,2,0,716,0,ST-HCH1,Normalstation Herzchirurgie,24,Herzchirurgie,7.0,15.0,06:00,14:00,450,,13:30,21:30,450,F,21:15,06:15,495,F|S,11,10,8,10,30,45,8,38.5,30,0.05,0,2.0.0,20261169
AZ-001,2026-12-21,plan,21,Montag,1,52,0,0,,Auszubildende_r_3_Ausbildungsjahr,Auszubildende,AUSZUBILDEND,1.0,38.5,9240,9240,8316,10164,5,2,2,8,1,0,nicht anrechenbar,0,0.0,-9240,20,20,4,4,0,3786,1,,,,,,0,,0,,3,3,3,0,1514,1,3,3,3,0,1325,1,2,2,2,0,946,0,ST-HCH1,Normalstation Herzchirurgie,24,Herzchirurgie,7.0,15.0,06:00,14:00,450,,13:30,21:30,450,F,21:15,06:15,495,F|S,11,10,8,10,30,45,8,38.5,30,0.05,0,2.0.0,20261169
AZ-002,2026-12-21,plan,21,Montag,1,52,0,0,,Auszubildende_r_2_Ausbildungsjahr,Auszubildende,AUSZUBILDEND,1.0,38.5,9240,9240,8316,10164,5,2,2,8,1,0,nicht anrechenbar,0,0.0,-6006,20,20,4,4,0,3786,1,,,,,,0,,0,,3,3,3,0,1514,1,3,3,3,0,1325,1,2,2,2,0,946,0,ST-HCH1,Normalstation Herzchirurgie,24,Herzchirurgie,7.0,15.0,06:00,14:00,450,,13:30,21:30,450,F,21:15,06:15,495,F|S,11,10,8,10,30,45,8,38.5,30,0.05,0,2.0.0,20261169
AZ-003,2026-12-21,plan,21,Montag,1,52,0,0,,Auszubildende_r_1_Ausbildungsjahr,Auszubildende,AUSZUBILDEND,1.0,38.5,9240,9240,8316,10164,5,2,2,0,0,0,nicht anrechenbar,0,0.0,-9240,20,20,4,4,0,3786,0,URLAUB,,,,,0,,0,,3,3,3,0,1514,1,3,3,3,0,1325,1,2,2,2,0,946,0,ST-HCH1,Normalstation Herzchirurgie,24,Herzchirurgie,7.0,15.0,06:00,14:00,450,,13:30,21:30,450,F,21:15,06:15,495,F|S,11,10,8,10,30,45,8,38.5,30,0.05,0,2.0.0,20261169
PK-001,2026-12-21,plan,21,Montag,1,52,0,0,,Stationsleitung,Pflegefachkraft,EXAM|LEITUNG|PRAXISANLEITUNG,1.0,38.5,9240,4620,4158,5082,5,2,2,0,0,1,Pflegefachkraft,1,0.5,2130,20,20,4,4,0,3786,1,,,,,,0,,0,,3,3,3,0,1514,1,3,3,3,0,1325,1,2,2,2,0,946,0,ST-HCH1,Normalstation Herzchirurgie,24,Herzchirurgie,7.0,15.0,06:00,14:00,450,,13:30,21:30,450,F,21:15,06:15,495,F|S,11,10,8,10,30,45,8,38.5,30,0.05,0,2.0.0,20261169
PK-002,2026-12-21,plan,21,Montag,1,52,0,0,,Pflegefachkraft,Pflegefachkraft,EXAM,0.6,23.1,5544,5544,4990,6098,5,2,2,8,1,1,Pflegefachkraft,0,0.0,-1359,20,20,4,4,0,3786,1,,,,,,0,,1,24,3,3,3,0,1514,1,3,3,3,0,1325,1,2,2,2,0,946,0,ST-HCH1,Normalstation Herzchirurgie,24,Herzchirurgie,7.0,15.0,06:00,14:00,450,,13:30,21:30,450,F,21:15,06:15,495,F|S,11,10,8,10,30,45,8,38.5,30,0.05,0,2.0.0,20261169
PK-003,2026-12-21,plan,21,Montag,1,52,0,0,,Pflegefachkraft,Pflegefachkraft,EXAM|KARDIO_MONITORING,1.0,38.5,9240,9240,8316,10164,5,2,2,8,1,1,Pflegefachkraft,0,0.0,-2130,20,20,4,4,0,3786,1,,,,,,0,,0,,3,3,3,0,1514,1,3,3,3,0,1325,1,2,2,2,0,946,0,ST-HCH1,Normalstation Herzchirurgie,24,Herzchirurgie,7.0,15.0,06:00,14:00,450,,13:30,21:30,450,F,21:15,06:15,495,F|S,11,10,8,10,30,45,8,38.5,30,0.05,0,2.0.0,20261169
PK-004,2026-12-21,plan,21,Montag,1,52,0,0,,Pflegefachkraft,Pflegefachkraft,EXAM|KARDIO_MONITORING,0.75,28.88,6931,6931,6238,7624,5,2,2,8,1,1,Pflegefachkraft,0,0.0,-1485,20,20,4,4,0,3786,1,,,,,,0,,0,,3,3,3,0,1514,1,3,3,3,0,1325,1,2,2,2,0,946,0,ST-HCH1,Normalstation Herzchirurgie,24,Herzchirurgie,7.0,15.0,06:00,14:00,450,,13:30,21:30,450,F,21:15,06:15,495,F|S,11,10,8,10,30,45,8,38.5,30,0.05,0,2.0.0,20261169
PK-005,2026-12-21,plan,21,Montag,1,52,0,0,,Pflegefachkraft,Pflegefachkraft,EXAM|PRAXISANLEITUNG,0.7,26.95,6468,6468,5821,7115,5,2,2,8,1,1,Pflegefachkraft,0,0.0,431,20,20,4,4,0,3786,1,,,,,,0,,0,,3,3,3,0,1514,1,3,3,3,0,1325,1,2,2,2,0,946,0,ST-HCH1,Normalstation Herzchirurgie,24,Herzchirurgie,7.0,15.0,06:00,14:00,450,,13:30,21:30,450,F,21:15,06:15,495,F|S,11,10,8,10,30,45,8,38.5,30,0.05,0,2.0.0,20261169
PK-006,2026-12-21,plan,21,Montag,1,52,0,0,,Pflegefachkraft,Pflegefachkraft,EXAM,1.0,38.5,9240,9240,8316,10164,5,2,2,8,1,1,Pflegefachkraft,0,0.0,-2130,20,20,4,4,0,3786,1,,,,,,0,,0,,3,3,3,0,1514,1,3,3,3,0,1325,1,2,2,2,0,946,0,ST-HCH1,Normalstation Herzchirurgie,24,Herzchirurgie,7.0,15.0,06:00,14:00,450,,13:30,21:30,450,F,21:15,06:15,495,F|S,11,10,8,10,30,45,8,38.5,30,0.05,0,2.0.0,20261169
PK-007,2026-12-21,plan,21,Montag,1,52,0,0,,Pflegefachkraft,Pflegefachkraft,EXAM,1.0,38.5,9240,9240,8316,10164,5,2,2,8,1,1,Pflegefachkraft,0,0.0,1104,20,20,4,4,0,3786,1,,,,,,0,,0,,3,3,3,0,1514,1,3,3,3,0,1325,1,2,2,2,0,946,0,ST-HCH1,Normalstation Herzchirurgie,24,Herzchirurgie,7.0,15.0,06:00,14:00,450,,13:30,21:30,450,F,21:15,06:15,495,F|S,11,10,8,10,30,45,8,38.5,30,0.05,0,2.0.0,20261169
PK-008,2026-12-21,plan,21,Montag,1,52,0,0,,Pflegefachkraft,Pflegefachkraft,EXAM|PRAXISANLEITUNG,1.0,38.5,9240,9240,8316,10164,5,2,2,8,1,1,Pflegefachkraft,0,0.0,-2265,20,20,4,4,0,3786,1,,,,,,0,,0,,3,3,3,0,1514,1,3,3,3,0,1325,1,2,2,2,0,946,0,ST-HCH1,Normalstation Herzchirurgie,24,Herzchirurgie,7.0,15.0,06:00,14:00,450,,13:30,21:30,450,F,21:15,06:15,495,F|S,11,10,8,10,30,45,8,38.5,30,0.05,0,2.0.0,20261169
PK-009,2026-12-21,plan,21,Montag,1,52,0,0,,Pflegefachkraft,Pflegefachkraft,EXAM,0.9,34.65,8316,8316,7484,9148,5,2,2,8,1,1,Pflegefachkraft,0,0.0,-1881,20,20,4,4,0,3786,1,,,,,,0,,0,,3,3,3,0,1514,1,3,3,3,0,1325,1,2,2,2,0,946,0,ST-HCH1,Normalstation Herzchirurgie,24,Herzchirurgie,7.0,15.0,06:00,14:00,450,,13:30,21:30,450,F,21:15,06:15,495,F|S,11,10,8,10,30,45,8,38.5,30,0.05,0,2.0.0,20261169
PK-010,2026-12-21,plan,21,Montag,1,52,0,0,,Pflegefachkraft,Pflegefachkraft,EXAM,0.75,28.88,6931,6931,6238,7624,5,2,2,8,1,1,Pflegefachkraft,0,0.0,-1845,20,20,4,4,0,3786,1,,,,,,0,,0,,3,3,3,0,1514,1,3,3,3,0,1325,1,2,2,2,0,946,0,ST-HCH1,Normalstation Herzchirurgie,24,Herzchirurgie,7.0,15.0,06:00,14:00,450,,13:30,21:30,450,F,21:15,06:15,495,F|S,11,10,8,10,30,45,8,38.5,30,0.05,0,2.0.0,20261169
PK-011,2026-12-21,plan,21,Montag,1,52,0,0,,Pflegefachkraft,Pflegefachkraft,EXAM,0.8,30.8,7392,7392,6653,8131,5,2,2,8,1,1,Pflegefachkraft,0,0.0,-1947,20,20,4,4,0,3786,1,,,,,,0,,0,,3,3,3,0,1514,1,3,3,3,0,1325,1,2,2,2,0,946,0,ST-HCH1,Normalstation Herzchirurgie,24,Herzchirurgie,7.0,15.0,06:00,14:00,450,,13:30,21:30,450,F,21:15,06:15,495,F|S,11,10,8,10,30,45,8,38.5,30,0.05,0,2.0.0,20261169
PK-012,2026-12-21,plan,21,Montag,1,52,0,0,,Pflegefachkraft,Pflegefachkraft,EXAM|KARDIO_MONITORING,0.7,26.95,6468,6468,5821,7115,5,2,2,8,1,1,Pflegefachkraft,0,0.0,-1473,20,20,4,4,0,3786,1,,,,,,0,,0,,3,3,3,0,1514,1,3,3,3,0,1325,1,2,2,2,0,946,0,ST-HCH1,Normalstation Herzchirurgie,24,Herzchirurgie,7.0,15.0,06:00,14:00,450,,13:30,21:30,450,F,21:15,06:15,495,F|S,11,10,8,10,30,45,8,38.5,30,0.05,0,2.0.0,20261169
PK-013,2026-12-21,plan,21,Montag,1,52,0,0,,Pflegefachkraft,Pflegefachkraft,EXAM,1.0,38.5,9240,9240,8316,10164,5,2,2,8,1,1,Pflegefachkraft,0,0.0,-2445,20,20,4,4,0,3786,1,,,,,,0,,0,,3,3,3,0,1514,1,3,3,3,0,1325,1,2,2,2,0,946,0,ST-HCH1,Normalstation Herzchirurgie,24,Herzchirurgie,7.0,15.0,06:00,14:00,450,,13:30,21:30,450,F,21:15,06:15,495,F|S,11,10,8,10,30,45,8,38.5,30,0.05,0,2.0.0,20261169
PK-014,2026-12-21,plan,21,Montag,1,52,0,0,,Pflegefachkraft,Pflegefachkraft,EXAM|KARDIO_MONITORING,0.5,19.25,4620,4620,4158,5082,5,2,2,8,1,1,Pflegefachkraft,0,0.0,-1020,20,20,4,4,0,3786,1,,,,,,0,,0,,3,3,3,0,1514,1,3,3,3,0,1325,1,2,2,2,0,946,0,ST-HCH1,Normalstation Herzchirurgie,24,Herzchirurgie,7.0,15.0,06:00,14:00,450,,13:30,21:30,450,F,21:15,06:15,495,F|S,11,10,8,10,30,45,8,38.5,30,0.05,0,2.0.0,20261169
PK-015,2026-12-21,plan,21,Montag,1,52,0,0,,Pflegefachkraft,Pflegefachkraft,EXAM,1.0,38.5,9240,9240,8316,10164,5,2,2,8,1,1,Pflegefachkraft,0,0.0,-2490,20,20,4,4,0,3786,1,,,,,,0,,0,,3,3,3,0,1514,1,3,3,3,0,1325,1,2,2,2,0,946,0,ST-HCH1,Normalstation Herzchirurgie,24,Herzchirurgie,7.0,15.0,06:00,14:00,450,,13:30,21:30,450,F,21:15,06:15,495,F|S,11,10,8,10,30,45,8,38.5,30,0.05,0,2.0.0,20261169
PK-016,2026-12-21,plan,21,Montag,1,52,0,0,,Pflegefachkraft,Pflegefachkraft,EXAM|PRAXISANLEITUNG,1.0,38.5,9240,9240,8316,10164,5,2,2,8,1,1,Pflegefachkraft,0,0.0,-2310,20,20,4,4,0,3786,1,,,,,,0,,0,,3,3,3,0,1514,1,3,3,3,0,1325,1,2,2,2,0,946,0,ST-HCH1,Normalstation Herzchirurgie,24,Herzchirurgie,7.0,15.0,06:00,14:00,450,,13:30,21:30,450,F,21:15,06:15,495,F|S,11,10,8,10,30,45,8,38.5,30,0.05,0,2.0.0,20261169
PK-017,2026-12-21,plan,21,Montag,1,52,0,0,,Pflegefachkraft,Pflegefachkraft,EXAM,0.8,30.8,7392,7392,6653,8131,5,2,2,8,1,1,Pflegefachkraft,0,0.0,-1902,20,20,4,4,0,3786,1,,,,,,0,,0,,3,3,3,0,1514,1,3,3,3,0,1325,1,2,2,2,0,946,0,ST-HCH1,Normalstation Herzchirurgie,24,Herzchirurgie,7.0,15.0,06:00,14:00,450,,13:30,21:30,450,F,21:15,06:15,495,F|S,11,10,8,10,30,45,8,38.5,30,0.05,0,2.0.0,20261169
PK-018,2026-12-21,plan,21,Montag,1,52,0,0,,Pflegefachkraft,Pflegefachkraft,EXAM,0.5,19.25,4620,4620,4158,5082,5,2,2,8,1,1,Pflegefachkraft,0,0.0,-1245,20,20,4,4,0,3786,0,LANGZEITABWESENHEIT,,,,,0,,0,,3,3,3,0,1514,1,3,3,3,0,1325,1,2,2,2,0,946,0,ST-HCH1,Normalstation Herzchirurgie,24,Herzchirurgie,7.0,15.0,06:00,14:00,450,,13:30,21:30,450,F,21:15,06:15,495,F|S,11,10,8,10,30,45,8,38.5,30,0.05,0,2.0.0,20261169
AZ-001,2026-12-22,plan,22,Dienstag,2,52,0,0,,Auszubildende_r_3_Ausbildungsjahr,Auszubildende,AUSZUBILDEND,1.0,38.5,9240,9240,8316,10164,5,2,2,8,1,0,nicht anrechenbar,0,0.0,-9240,19,17,5,1,1,3656,1,,,,,,0,,0,,3,3,3,0,1462,1,3,3,3,0,1280,1,2,2,2,0,914,0,ST-HCH1,Normalstation Herzchirurgie,24,Herzchirurgie,7.0,15.0,06:00,14:00,450,,13:30,21:30,450,F,21:15,06:15,495,F|S,11,10,8,10,30,45,8,38.5,30,0.05,0,2.0.0,20261169
AZ-002,2026-12-22,plan,22,Dienstag,2,52,0,0,,Auszubildende_r_2_Ausbildungsjahr,Auszubildende,AUSZUBILDEND,1.0,38.5,9240,9240,8316,10164,5,2,2,8,1,0,nicht anrechenbar,0,0.0,-6006,19,17,5,1,1,3656,1,,,,,,0,,0,,3,3,3,0,1462,1,3,3,3,0,1280,1,2,2,2,0,914,0,ST-HCH1,Normalstation Herzchirurgie,24,Herzchirurgie,7.0,15.0,06:00,14:00,450,,13:30,21:30,450,F,21:15,06:15,495,F|S,11,10,8,10,30,45,8,38.5,30,0.05,0,2.0.0,20261169
AZ-003,2026-12-22,plan,22,Dienstag,2,52,0,0,,Auszubildende_r_1_Ausbildungsjahr,Auszubildende,AUSZUBILDEND,1.0,38.5,9240,9240,8316,10164,5,2,2,0,0,0,nicht anrechenbar,0,0.0,-9240,19,17,5,1,1,3656,0,URLAUB,,,,,0,,0,,3,3,3,0,1462,1,3,3,3,0,1280,1,2,2,2,0,914,0,ST-HCH1,Normalstation Herzchirurgie,24,Herzchirurgie,7.0,15.0,06:00,14:00,450,,13:30,21:30,450,F,21:15,06:15,495,F|S,11,10,8,10,30,45,8,38.5,30,0.05,0,2.0.0,20261169
PK-001,2026-12-22,plan,22,Dienstag,2,52,0,0,,Stationsleitung,Pflegefachkraft,EXAM|LEITUNG|PRAXISANLEITUNG,1.0,38.5,9240,4620,4158,5082,5,2,2,0,0,1,Pflegefachkraft,1,0.5,2130,19,17,5,1,1,3656,1,,,,,,0,,0,,3,3,3,0,1462,1,3,3,3,0,1280,1,2,2,2,0,914,0,ST-HCH1,Normalstation Herzchirurgie,24,Herzchirurgie,7.0,15.0,06:00,14:00,450,,13:30,21:30,450,F,21:15,06:15,495,F|S,11,10,8,10,30,45,8,38.5,30,0.05,0,2.0.0,20261169
PK-002,2026-12-22,plan,22,Dienstag,2,52,0,0,,Pflegefachkraft,Pflegefachkraft,EXAM,0.6,23.1,5544,5544,4990,6098,5,2,2,8,1,1,Pflegefachkraft,0,0.0,-1359,19,17,5,1,1,3656,1,,,,,,0,,0,,3,3,3,0,1462,1,3,3,3,0,1280,1,2,2,2,0,914,0,ST-HCH1,Normalstation Herzchirurgie,24,Herzchirurgie,7.0,15.0,06:00,14:00,450,,13:30,21:30,450,F,21:15,06:15,495,F|S,11,10,8,10,30,45,8,38.5,30,0.05,0,2.0.0,20261169
PK-003,2026-12-22,plan,22,Dienstag,2,52,0,0,,Pflegefachkraft,Pflegefachkraft,EXAM|KARDIO_MONITORING,1.0,38.5,9240,9240,8316,10164,5,2,2,8,1,1,Pflegefachkraft,0,0.0,-2130,19,17,5,1,1,3656,1,,,,,,0,,0,,3,3,3,0,1462,1,3,3,3,0,1280,1,2,2,2,0,914,0,ST-HCH1,Normalstation Herzchirurgie,24,Herzchirurgie,7.0,15.0,06:00,14:00,450,,13:30,21:30,450,F,21:15,06:15,495,F|S,11,10,8,10,30,45,8,38.5,30,0.05,0,2.0.0,20261169
PK-004,2026-12-22,plan,22,Dienstag,2,52,0,0,,Pflegefachkraft,Pflegefachkraft,EXAM|KARDIO_MONITORING,0.75,28.88,6931,6931,6238,7624,5,2,2,8,1,1,Pflegefachkraft,0,0.0,-1485,19,17,5,1,1,3656,1,,,,,,0,,0,,3,3,3,0,1462,1,3,3,3,0,1280,1,2,2,2,0,914,0,ST-HCH1,Normalstation Herzchirurgie,24,Herzchirurgie,7.0,15.0,06:00,14:00,450,,13:30,21:30,450,F,21:15,06:15,495,F|S,11,10,8,10,30,45,8,38.5,30,0.05,0,2.0.0,20261169
PK-005,2026-12-22,plan,22,Dienstag,2,52,0,0,,Pflegefachkraft,Pflegefachkraft,EXAM|PRAXISANLEITUNG,0.7,26.95,6468,6468,5821,7115,5,2,2,8,1,1,Pflegefachkraft,0,0.0,431,19,17,5,1,1,3656,1,,,,,,0,,0,,3,3,3,0,1462,1,3,3,3,0,1280,1,2,2,2,0,914,0,ST-HCH1,Normalstation Herzchirurgie,24,Herzchirurgie,7.0,15.0,06:00,14:00,450,,13:30,21:30,450,F,21:15,06:15,495,F|S,11,10,8,10,30,45,8,38.5,30,0.05,0,2.0.0,20261169
PK-006,2026-12-22,plan,22,Dienstag,2,52,0,0,,Pflegefachkraft,Pflegefachkraft,EXAM,1.0,38.5,9240,9240,8316,10164,5,2,2,8,1,1,Pflegefachkraft,0,0.0,-2130,19,17,5,1,1,3656,1,,,,,,0,,0,,3,3,3,0,1462,1,3,3,3,0,1280,1,2,2,2,0,914,0,ST-HCH1,Normalstation Herzchirurgie,24,Herzchirurgie,7.0,15.0,06:00,14:00,450,,13:30,21:30,450,F,21:15,06:15,495,F|S,11,10,8,10,30,45,8,38.5,30,0.05,0,2.0.0,20261169
PK-007,2026-12-22,plan,22,Dienstag,2,52,0,0,,Pflegefachkraft,Pflegefachkraft,EXAM,1.0,38.5,9240,9240,8316,10164,5,2,2,8,1,1,Pflegefachkraft,0,0.0,1104,19,17,5,1,1,3656,1,,,,,,0,,0,,3,3,3,0,1462,1,3,3,3,0,1280,1,2,2,2,0,914,0,ST-HCH1,Normalstation Herzchirurgie,24,Herzchirurgie,7.0,15.0,06:00,14:00,450,,13:30,21:30,450,F,21:15,06:15,495,F|S,11,10,8,10,30,45,8,38.5,30,0.05,0,2.0.0,20261169
PK-008,2026-12-22,plan,22,Dienstag,2,52,0,0,,Pflegefachkraft,Pflegefachkraft,EXAM|PRAXISANLEITUNG,1.0,38.5,9240,9240,8316,10164,5,2,2,8,1,1,Pflegefachkraft,0,0.0,-2265,19,17,5,1,1,3656,1,,,,,,0,,0,,3,3,3,0,1462,1,3,3,3,0,1280,1,2,2,2,0,914,0,ST-HCH1,Normalstation Herzchirurgie,24,Herzchirurgie,7.0,15.0,06:00,14:00,450,,13:30,21:30,450,F,21:15,06:15,495,F|S,11,10,8,10,30,45,8,38.5,30,0.05,0,2.0.0,20261169
PK-009,2026-12-22,plan,22,Dienstag,2,52,0,0,,Pflegefachkraft,Pflegefachkraft,EXAM,0.9,34.65,8316,8316,7484,9148,5,2,2,8,1,1,Pflegefachkraft,0,0.0,-1881,19,17,5,1,1,3656,1,,,,,,0,,0,,3,3,3,0,1462,1,3,3,3,0,1280,1,2,2,2,0,914,0,ST-HCH1,Normalstation Herzchirurgie,24,Herzchirurgie,7.0,15.0,06:00,14:00,450,,13:30,21:30,450,F,21:15,06:15,495,F|S,11,10,8,10,30,45,8,38.5,30,0.05,0,2.0.0,20261169
PK-010,2026-12-22,plan,22,Dienstag,2,52,0,0,,Pflegefachkraft,Pflegefachkraft,EXAM,0.75,28.88,6931,6931,6238,7624,5,2,2,8,1,1,Pflegefachkraft,0,0.0,-1845,19,17,5,1,1,3656,1,,,,,,1,12,0,,3,3,3,0,1462,1,3,3,3,0,1280,1,2,2,2,0,914,0,ST-HCH1,Normalstation Herzchirurgie,24,Herzchirurgie,7.0,15.0,06:00,14:00,450,,13:30,21:30,450,F,21:15,06:15,495,F|S,11,10,8,10,30,45,8,38.5,30,0.05,0,2.0.0,20261169
PK-011,2026-12-22,plan,22,Dienstag,2,52,0,0,,Pflegefachkraft,Pflegefachkraft,EXAM,0.8,30.8,7392,7392,6653,8131,5,2,2,8,1,1,Pflegefachkraft,0,0.0,-1947,19,17,5,1,1,3656,1,,,,,,0,,0,,3,3,3,0,1462,1,3,3,3,0,1280,1,2,2,2,0,914,0,ST-HCH1,Normalstation Herzchirurgie,24,Herzchirurgie,7.0,15.0,06:00,14:00,450,,13:30,21:30,450,F,21:15,06:15,495,F|S,11,10,8,10,30,45,8,38.5,30,0.05,0,2.0.0,20261169
PK-012,2026-12-22,plan,22,Dienstag,2,52,0,0,,Pflegefachkraft,Pflegefachkraft,EXAM|KARDIO_MONITORING,0.7,26.95,6468,6468,5821,7115,5,2,2,8,1,1,Pflegefachkraft,0,0.0,-1473,19,17,5,1,1,3656,1,,,,,,0,,0,,3,3,3,0,1462,1,3,3,3,0,1280,1,2,2,2,0,914,0,ST-HCH1,Normalstation Herzchirurgie,24,Herzchirurgie,7.0,15.0,06:00,14:00,450,,13:30,21:30,450,F,21:15,06:15,495,F|S,11,10,8,10,30,45,8,38.5,30,0.05,0,2.0.0,20261169
PK-013,2026-12-22,plan,22,Dienstag,2,52,0,0,,Pflegefachkraft,Pflegefachkraft,EXAM,1.0,38.5,9240,9240,8316,10164,5,2,2,8,1,1,Pflegefachkraft,0,0.0,-2445,19,17,5,1,1,3656,1,,,,,,0,,0,,3,3,3,0,1462,1,3,3,3,0,1280,1,2,2,2,0,914,0,ST-HCH1,Normalstation Herzchirurgie,24,Herzchirurgie,7.0,15.0,06:00,14:00,450,,13:30,21:30,450,F,21:15,06:15,495,F|S,11,10,8,10,30,45,8,38.5,30,0.05,0,2.0.0,20261169
PK-014,2026-12-22,plan,22,Dienstag,2,52,0,0,,Pflegefachkraft,Pflegefachkraft,EXAM|KARDIO_MONITORING,0.5,19.25,4620,4620,4158,5082,5,2,2,8,1,1,Pflegefachkraft,0,0.0,-1020,19,17,5,1,1,3656,1,,,,,,0,,0,,3,3,3,0,1462,1,3,3,3,0,1280,1,2,2,2,0,914,0,ST-HCH1,Normalstation Herzchirurgie,24,Herzchirurgie,7.0,15.0,06:00,14:00,450,,13:30,21:30,450,F,21:15,06:15,495,F|S,11,10,8,10,30,45,8,38.5,30,0.05,0,2.0.0,20261169
PK-015,2026-12-22,plan,22,Dienstag,2,52,0,0,,Pflegefachkraft,Pflegefachkraft,EXAM,1.0,38.5,9240,9240,8316,10164,5,2,2,8,1,1,Pflegefachkraft,0,0.0,-2490,19,17,5,1,1,3656,1,,,,,,0,,0,,3,3,3,0,1462,1,3,3,3,0,1280,1,2,2,2,0,914,0,ST-HCH1,Normalstation Herzchirurgie,24,Herzchirurgie,7.0,15.0,06:00,14:00,450,,13:30,21:30,450,F,21:15,06:15,495,F|S,11,10,8,10,30,45,8,38.5,30,0.05,0,2.0.0,20261169
PK-016,2026-12-22,plan,22,Dienstag,2,52,0,0,,Pflegefachkraft,Pflegefachkraft,EXAM|PRAXISANLEITUNG,1.0,38.5,9240,9240,8316,10164,5,2,2,8,1,1,Pflegefachkraft,0,0.0,-2310,19,17,5,1,1,3656,1,,1,,,,0,,0,,3,3,3,0,1462,1,3,3,3,0,1280,1,2,2,2,0,914,0,ST-HCH1,Normalstation Herzchirurgie,24,Herzchirurgie,7.0,15.0,06:00,14:00,450,,13:30,21:30,450,F,21:15,06:15,495,F|S,11,10,8,10,30,45,8,38.5,30,0.05,0,2.0.0,20261169
PK-017,2026-12-22,plan,22,Dienstag,2,52,0,0,,Pflegefachkraft,Pflegefachkraft,EXAM,0.8,30.8,7392,7392,6653,8131,5,2,2,8,1,1,Pflegefachkraft,0,0.0,-1902,19,17,5,1,1,3656,1,,,,,,0,,0,,3,3,3,0,1462,1,3,3,3,0,1280,1,2,2,2,0,914,0,ST-HCH1,Normalstation Herzchirurgie,24,Herzchirurgie,7.0,15.0,06:00,14:00,450,,13:30,21:30,450,F,21:15,06:15,495,F|S,11,10,8,10,30,45,8,38.5,30,0.05,0,2.0.0,20261169
PK-018,2026-12-22,plan,22,Dienstag,2,52,0,0,,Pflegefachkraft,Pflegefachkraft,EXAM,0.5,19.25,4620,4620,4158,5082,5,2,2,8,1,1,Pflegefachkraft,0,0.0,-1245,19,17,5,1,1,3656,0,LANGZEITABWESENHEIT,,,,,0,,0,,3,3,3,0,1462,1,3,3,3,0,1280,1,2,2,2,0,914,0,ST-HCH1,Normalstation Herzchirurgie,24,Herzchirurgie,7.0,15.0,06:00,14:00,450,,13:30,21:30,450,F,21:15,06:15,495,F|S,11,10,8,10,30,45,8,38.5,30,0.05,0,2.0.0,20261169
AZ-001,2026-12-23,plan,23,Mittwoch,3,52,0,0,,Auszubildende_r_3_Ausbildungsjahr,Auszubildende,AUSZUBILDEND,1.0,38.5,9240,9240,8316,10164,5,2,2,8,1,0,nicht anrechenbar,0,0.0,-9240,19,17,3,5,0,3011,1,,,,,,0,,0,,3,3,3,0,1204,1,3,3,3,0,1054,1,2,2,2,0,753,0,ST-HCH1,Normalstation Herzchirurgie,24,Herzchirurgie,7.0,15.0,06:00,14:00,450,,13:30,21:30,450,F,21:15,06:15,495,F|S,11,10,8,10,30,45,8,38.5,30,0.05,0,2.0.0,20261169
AZ-002,2026-12-23,plan,23,Mittwoch,3,52,0,0,,Auszubildende_r_2_Ausbildungsjahr,Auszubildende,AUSZUBILDEND,1.0,38.5,9240,9240,8316,10164,5,2,2,8,1,0,nicht anrechenbar,0,0.0,-6006,19,17,3,5,0,3011,1,,,,,,0,,0,,3,3,3,0,1204,1,3,3,3,0,1054,1,2,2,2,0,753,0,ST-HCH1,Normalstation Herzchirurgie,24,Herzchirurgie,7.0,15.0,06:00,14:00,450,,13:30,21:30,450,F,21:15,06:15,495,F|S,11,10,8,10,30,45,8,38.5,30,0.05,0,2.0.0,20261169
AZ-003,2026-12-23,plan,23,Mittwoch,3,52,0,0,,Auszubildende_r_1_Ausbildungsjahr,Auszubildende,AUSZUBILDEND,1.0,38.5,9240,9240,8316,10164,5,2,2,0,0,0,nicht anrechenbar,0,0.0,-9240,19,17,3,5,0,3011,0,URLAUB,,,,,0,,0,,3,3,3,0,1204,1,3,3,3,0,1054,1,2,2,2,0,753,0,ST-HCH1,Normalstation Herzchirurgie,24,Herzchirurgie,7.0,15.0,06:00,14:00,450,,13:30,21:30,450,F,21:15,06:15,495,F|S,11,10,8,10,30,45,8,38.5,30,0.05,0,2.0.0,20261169
PK-001,2026-12-23,plan,23,Mittwoch,3,52,0,0,,Stationsleitung,Pflegefachkraft,EXAM|LEITUNG|PRAXISANLEITUNG,1.0,38.5,9240,4620,4158,5082,5,2,2,0,0,1,Pflegefachkraft,1,0.5,2130,19,17,3,5,0,3011,1,,,,,,0,,0,,3,3,3,0,1204,1,3,3,3,0,1054,1,2,2,2,0,753,0,ST-HCH1,Normalstation Herzchirurgie,24,Herzchirurgie,7.0,15.0,06:00,14:00,450,,13:30,21:30,450,F,21:15,06:15,495,F|S,11,10,8,10,30,45,8,38.5,30,0.05,0,2.0.0,20261169
PK-002,2026-12-23,plan,23,Mittwoch,3,52,0,0,,Pflegefachkraft,Pflegefachkraft,EXAM,0.6,23.1,5544,5544,4990,6098,5,2,2,8,1,1,Pflegefachkraft,0,0.0,-1359,19,17,3,5,0,3011,1,,2,,,,0,,0,,3,3,3,0,1204,1,3,3,3,0,1054,1,2,2,2,0,753,0,ST-HCH1,Normalstation Herzchirurgie,24,Herzchirurgie,7.0,15.0,06:00,14:00,450,,13:30,21:30,450,F,21:15,06:15,495,F|S,11,10,8,10,30,45,8,38.5,30,0.05,0,2.0.0,20261169
PK-003,2026-12-23,plan,23,Mittwoch,3,52,0,0,,Pflegefachkraft,Pflegefachkraft,EXAM|KARDIO_MONITORING,1.0,38.5,9240,9240,8316,10164,5,2,2,8,1,1,Pflegefachkraft,0,0.0,-2130,19,17,3,5,0,3011,1,,,,,,0,,0,,3,3,3,0,1204,1,3,3,3,0,1054,1,2,2,2,0,753,0,ST-HCH1,Normalstation Herzchirurgie,24,Herzchirurgie,7.0,15.0,06:00,14:00,450,,13:30,21:30,450,F,21:15,06:15,495,F|S,11,10,8,10,30,45,8,38.5,30,0.05,0,2.0.0,20261169
PK-004,2026-12-23,plan,23,Mittwoch,3,52,0,0,,Pflegefachkraft,Pflegefachkraft,EXAM|KARDIO_MONITORING,0.75,28.88,6931,6931,6238,7624,5,2,2,8,1,1,Pflegefachkraft,0,0.0,-1485,19,17,3,5,0,3011,1,,,,,,0,,0,,3,3,3,0,1204,1,3,3,3,0,1054,1,2,2,2,0,753,0,ST-HCH1,Normalstation Herzchirurgie,24,Herzchirurgie,7.0,15.0,06:00,14:00,450,,13:30,21:30,450,F,21:15,06:15,495,F|S,11,10,8,10,30,45,8,38.5,30,0.05,0,2.0.0,20261169
PK-005,2026-12-23,plan,23,Mittwoch,3,52,0,0,,Pflegefachkraft,Pflegefachkraft,EXAM|PRAXISANLEITUNG,0.7,26.95,6468,6468,5821,7115,5,2,2,8,1,1,Pflegefachkraft,0,0.0,431,19,17,3,5,0,3011,1,,,,,,0,,0,,3,3,3,0,1204,1,3,3,3,0,1054,1,2,2,2,0,753,0,ST-HCH1,Normalstation Herzchirurgie,24,Herzchirurgie,7.0,15.0,06:00,14:00,450,,13:30,21:30,450,F,21:15,06:15,495,F|S,11,10,8,10,30,45,8,38.5,30,0.05,0,2.0.0,20261169
PK-006,2026-12-23,plan,23,Mittwoch,3,52,0,0,,Pflegefachkraft,Pflegefachkraft,EXAM,1.0,38.5,9240,9240,8316,10164,5,2,2,8,1,1,Pflegefachkraft,0,0.0,-2130,19,17,3,5,0,3011,1,,,,,,0,,0,,3,3,3,0,1204,1,3,3,3,0,1054,1,2,2,2,0,753,0,ST-HCH1,Normalstation Herzchirurgie,24,Herzchirurgie,7.0,15.0,06:00,14:00,450,,13:30,21:30,450,F,21:15,06:15,495,F|S,11,10,8,10,30,45,8,38.5,30,0.05,0,2.0.0,20261169
PK-007,2026-12-23,plan,23,Mittwoch,3,52,0,0,,Pflegefachkraft,Pflegefachkraft,EXAM,1.0,38.5,9240,9240,8316,10164,5,2,2,8,1,1,Pflegefachkraft,0,0.0,1104,19,17,3,5,0,3011,1,,,,,,0,,0,,3,3,3,0,1204,1,3,3,3,0,1054,1,2,2,2,0,753,0,ST-HCH1,Normalstation Herzchirurgie,24,Herzchirurgie,7.0,15.0,06:00,14:00,450,,13:30,21:30,450,F,21:15,06:15,495,F|S,11,10,8,10,30,45,8,38.5,30,0.05,0,2.0.0,20261169
PK-008,2026-12-23,plan,23,Mittwoch,3,52,0,0,,Pflegefachkraft,Pflegefachkraft,EXAM|PRAXISANLEITUNG,1.0,38.5,9240,9240,8316,10164,5,2,2,8,1,1,Pflegefachkraft,0,0.0,-2265,19,17,3,5,0,3011,1,,,,,,0,,0,,3,3,3,0,1204,1,3,3,3,0,1054,1,2,2,2,0,753,0,ST-HCH1,Normalstation Herzchirurgie,24,Herzchirurgie,7.0,15.0,06:00,14:00,450,,13:30,21:30,450,F,21:15,06:15,495,F|S,11,10,8,10,30,45,8,38.5,30,0.05,0,2.0.0,20261169
PK-009,2026-12-23,plan,23,Mittwoch,3,52,0,0,,Pflegefachkraft,Pflegefachkraft,EXAM,0.9,34.65,8316,8316,7484,9148,5,2,2,8,1,1,Pflegefachkraft,0,0.0,-1881,19,17,3,5,0,3011,1,,,,,,0,,0,,3,3,3,0,1204,1,3,3,3,0,1054,1,2,2,2,0,753,0,ST-HCH1,Normalstation Herzchirurgie,24,Herzchirurgie,7.0,15.0,06:00,14:00,450,,13:30,21:30,450,F,21:15,06:15,495,F|S,11,10,8,10,30,45,8,38.5,30,0.05,0,2.0.0,20261169
PK-010,2026-12-23,plan,23,Mittwoch,3,52,0,0,,Pflegefachkraft,Pflegefachkraft,EXAM,0.75,28.88,6931,6931,6238,7624,5,2,2,8,1,1,Pflegefachkraft,0,0.0,-1845,19,17,3,5,0,3011,1,,,,,,0,,0,,3,3,3,0,1204,1,3,3,3,0,1054,1,2,2,2,0,753,0,ST-HCH1,Normalstation Herzchirurgie,24,Herzchirurgie,7.0,15.0,06:00,14:00,450,,13:30,21:30,450,F,21:15,06:15,495,F|S,11,10,8,10,30,45,8,38.5,30,0.05,0,2.0.0,20261169
PK-011,2026-12-23,plan,23,Mittwoch,3,52,0,0,,Pflegefachkraft,Pflegefachkraft,EXAM,0.8,30.8,7392,7392,6653,8131,5,2,2,8,1,1,Pflegefachkraft,0,0.0,-1947,19,17,3,5,0,3011,1,,,,,,0,,0,,3,3,3,0,1204,1,3,3,3,0,1054,1,2,2,2,0,753,0,ST-HCH1,Normalstation Herzchirurgie,24,Herzchirurgie,7.0,15.0,06:00,14:00,450,,13:30,21:30,450,F,21:15,06:15,495,F|S,11,10,8,10,30,45,8,38.5,30,0.05,0,2.0.0,20261169
PK-012,2026-12-23,plan,23,Mittwoch,3,52,0,0,,Pflegefachkraft,Pflegefachkraft,EXAM|KARDIO_MONITORING,0.7,26.95,6468,6468,5821,7115,5,2,2,8,1,1,Pflegefachkraft,0,0.0,-1473,19,17,3,5,0,3011,1,,,,,,0,,0,,3,3,3,0,1204,1,3,3,3,0,1054,1,2,2,2,0,753,0,ST-HCH1,Normalstation Herzchirurgie,24,Herzchirurgie,7.0,15.0,06:00,14:00,450,,13:30,21:30,450,F,21:15,06:15,495,F|S,11,10,8,10,30,45,8,38.5,30,0.05,0,2.0.0,20261169
PK-013,2026-12-23,plan,23,Mittwoch,3,52,0,0,,Pflegefachkraft,Pflegefachkraft,EXAM,1.0,38.5,9240,9240,8316,10164,5,2,2,8,1,1,Pflegefachkraft,0,0.0,-2445,19,17,3,5,0,3011,1,,,F,2,,0,,0,,3,3,3,0,1204,1,3,3,3,0,1054,1,2,2,2,0,753,0,ST-HCH1,Normalstation Herzchirurgie,24,Herzchirurgie,7.0,15.0,06:00,14:00,450,,13:30,21:30,450,F,21:15,06:15,495,F|S,11,10,8,10,30,45,8,38.5,30,0.05,0,2.0.0,20261169
PK-014,2026-12-23,plan,23,Mittwoch,3,52,0,0,,Pflegefachkraft,Pflegefachkraft,EXAM|KARDIO_MONITORING,0.5,19.25,4620,4620,4158,5082,5,2,2,8,1,1,Pflegefachkraft,0,0.0,-1020,19,17,3,5,0,3011,1,,,,,,0,,0,,3,3,3,0,1204,1,3,3,3,0,1054,1,2,2,2,0,753,0,ST-HCH1,Normalstation Herzchirurgie,24,Herzchirurgie,7.0,15.0,06:00,14:00,450,,13:30,21:30,450,F,21:15,06:15,495,F|S,11,10,8,10,30,45,8,38.5,30,0.05,0,2.0.0,20261169
PK-015,2026-12-23,plan,23,Mittwoch,3,52,0,0,,Pflegefachkraft,Pflegefachkraft,EXAM,1.0,38.5,9240,9240,8316,10164,5,2,2,8,1,1,Pflegefachkraft,0,0.0,-2490,19,17,3,5,0,3011,1,,,,,,0,,0,,3,3,3,0,1204,1,3,3,3,0,1054,1,2,2,2,0,753,0,ST-HCH1,Normalstation Herzchirurgie,24,Herzchirurgie,7.0,15.0,06:00,14:00,450,,13:30,21:30,450,F,21:15,06:15,495,F|S,11,10,8,10,30,45,8,38.5,30,0.05,0,2.0.0,20261169
PK-016,2026-12-23,plan,23,Mittwoch,3,52,0,0,,Pflegefachkraft,Pflegefachkraft,EXAM|PRAXISANLEITUNG,1.0,38.5,9240,9240,8316,10164,5,2,2,8,1,1,Pflegefachkraft,0,0.0,-2310,19,17,3,5,0,3011,1,,,,,,0,,0,,3,3,3,0,1204,1,3,3,3,0,1054,1,2,2,2,0,753,0,ST-HCH1,Normalstation Herzchirurgie,24,Herzchirurgie,7.0,15.0,06:00,14:00,450,,13:30,21:30,450,F,21:15,06:15,495,F|S,11,10,8,10,30,45,8,38.5,30,0.05,0,2.0.0,20261169
PK-017,2026-12-23,plan,23,Mittwoch,3,52,0,0,,Pflegefachkraft,Pflegefachkraft,EXAM,0.8,30.8,7392,7392,6653,8131,5,2,2,8,1,1,Pflegefachkraft,0,0.0,-1902,19,17,3,5,0,3011,1,,,,,,0,,0,,3,3,3,0,1204,1,3,3,3,0,1054,1,2,2,2,0,753,0,ST-HCH1,Normalstation Herzchirurgie,24,Herzchirurgie,7.0,15.0,06:00,14:00,450,,13:30,21:30,450,F,21:15,06:15,495,F|S,11,10,8,10,30,45,8,38.5,30,0.05,0,2.0.0,20261169
PK-018,2026-12-23,plan,23,Mittwoch,3,52,0,0,,Pflegefachkraft,Pflegefachkraft,EXAM,0.5,19.25,4620,4620,4158,5082,5,2,2,8,1,1,Pflegefachkraft,0,0.0,-1245,19,17,3,5,0,3011,0,LANGZEITABWESENHEIT,,,,,0,,0,,3,3,3,0,1204,1,3,3,3,0,1054,1,2,2,2,0,753,0,ST-HCH1,Normalstation Herzchirurgie,24,Herzchirurgie,7.0,15.0,06:00,14:00,450,,13:30,21:30,450,F,21:15,06:15,495,F|S,11,10,8,10,30,45,8,38.5,30,0.05,0,2.0.0,20261169
AZ-001,2026-12-24,plan,24,Donnerstag,4,52,0,0,,Auszubildende_r_3_Ausbildungsjahr,Auszubildende,AUSZUBILDEND,1.0,38.5,9240,9240,8316,10164,5,2,2,8,1,0,nicht anrechenbar,0,0.0,-9240,16,14,0,1,1,3297,1,,,,,,0,,0,,3,3,3,0,1319,1,3,3,3,0,1154,1,2,1,2,0,824,0,ST-HCH1,Normalstation Herzchirurgie,24,Herzchirurgie,7.0,15.0,06:00,14:00,450,,13:30,21:30,450,F,21:15,06:15,495,F|S,11,10,8,10,30,45,8,38.5,30,0.05,0,2.0.0,20261169
AZ-002,2026-12-24,plan,24,Donnerstag,4,52,0,0,,Auszubildende_r_2_Ausbildungsjahr,Auszubildende,AUSZUBILDEND,1.0,38.5,9240,9240,8316,10164,5,2,2,8,1,0,nicht anrechenbar,0,0.0,-6006,16,14,0,1,1,3297,0,FORTBILDUNG,,,,,0,,0,,3,3,3,0,1319,1,3,3,3,0,1154,1,2,1,2,0,824,0,ST-HCH1,Normalstation Herzchirurgie,24,Herzchirurgie,7.0,15.0,06:00,14:00,450,,13:30,21:30,450,F,21:15,06:15,495,F|S,11,10,8,10,30,45,8,38.5,30,0.05,0,2.0.0,20261169
AZ-003,2026-12-24,plan,24,Donnerstag,4,52,0,0,,Auszubildende_r_1_Ausbildungsjahr,Auszubildende,AUSZUBILDEND,1.0,38.5,9240,9240,8316,10164,5,2,2,0,0,0,nicht anrechenbar,0,0.0,-9240,16,14,0,1,1,3297,0,URLAUB,,,,,0,,0,,3,3,3,0,1319,1,3,3,3,0,1154,1,2,1,2,0,824,0,ST-HCH1,Normalstation Herzchirurgie,24,Herzchirurgie,7.0,15.0,06:00,14:00,450,,13:30,21:30,450,F,21:15,06:15,495,F|S,11,10,8,10,30,45,8,38.5,30,0.05,0,2.0.0,20261169
PK-001,2026-12-24,plan,24,Donnerstag,4,52,0,0,,Stationsleitung,Pflegefachkraft,EXAM|LEITUNG|PRAXISANLEITUNG,1.0,38.5,9240,4620,4158,5082,5,2,2,0,0,1,Pflegefachkraft,1,0.5,2130,16,14,0,1,1,3297,1,,,,,,0,,0,,3,3,3,0,1319,1,3,3,3,0,1154,1,2,1,2,0,824,0,ST-HCH1,Normalstation Herzchirurgie,24,Herzchirurgie,7.0,15.0,06:00,14:00,450,,13:30,21:30,450,F,21:15,06:15,495,F|S,11,10,8,10,30,45,8,38.5,30,0.05,0,2.0.0,20261169
PK-002,2026-12-24,plan,24,Donnerstag,4,52,0,0,,Pflegefachkraft,Pflegefachkraft,EXAM,0.6,23.1,5544,5544,4990,6098,5,2,2,8,1,1,Pflegefachkraft,0,0.0,-1359,16,14,0,1,1,3297,1,,,,,,0,,0,,3,3,3,0,1319,1,3,3,3,0,1154,1,2,1,2,0,824,0,ST-HCH1,Normalstation Herzchirurgie,24,Herzchirurgie,7.0,15.0,06:00,14:00,450,,13:30,21:30,450,F,21:15,06:15,495,F|S,11,10,8,10,30,45,8,38.5,30,0.05,0,2.0.0,20261169
PK-003,2026-12-24,plan,24,Donnerstag,4,52,0,0,,Pflegefachkraft,Pflegefachkraft,EXAM|KARDIO_MONITORING,1.0,38.5,9240,9240,8316,10164,5,2,2,8,1,1,Pflegefachkraft,0,0.0,-2130,16,14,0,1,1,3297,1,,,,,,0,,0,,3,3,3,0,1319,1,3,3,3,0,1154,1,2,1,2,0,824,0,ST-HCH1,Normalstation Herzchirurgie,24,Herzchirurgie,7.0,15.0,06:00,14:00,450,,13:30,21:30,450,F,21:15,06:15,495,F|S,11,10,8,10,30,45,8,38.5,30,0.05,0,2.0.0,20261169
PK-004,2026-12-24,plan,24,Donnerstag,4,52,0,0,,Pflegefachkraft,Pflegefachkraft,EXAM|KARDIO_MONITORING,0.75,28.88,6931,6931,6238,7624,5,2,2,8,1,1,Pflegefachkraft,0,0.0,-1485,16,14,0,1,1,3297,1,,,,,,0,,0,,3,3,3,0,1319,1,3,3,3,0,1154,1,2,1,2,0,824,0,ST-HCH1,Normalstation Herzchirurgie,24,Herzchirurgie,7.0,15.0,06:00,14:00,450,,13:30,21:30,450,F,21:15,06:15,495,F|S,11,10,8,10,30,45,8,38.5,30,0.05,0,2.0.0,20261169
PK-005,2026-12-24,plan,24,Donnerstag,4,52,0,0,,Pflegefachkraft,Pflegefachkraft,EXAM|PRAXISANLEITUNG,0.7,26.95,6468,6468,5821,7115,5,2,2,8,1,1,Pflegefachkraft,0,0.0,431,16,14,0,1,1,3297,0,URLAUB,,,,,0,,0,,3,3,3,0,1319,1,3,3,3,0,1154,1,2,1,2,0,824,0,ST-HCH1,Normalstation Herzchirurgie,24,Herzchirurgie,7.0,15.0,06:00,14:00,450,,13:30,21:30,450,F,21:15,06:15,495,F|S,11,10,8,10,30,45,8,38.5,30,0.05,0,2.0.0,20261169
PK-006,2026-12-24,plan,24,Donnerstag,4,52,0,0,,Pflegefachkraft,Pflegefachkraft,EXAM,1.0,38.5,9240,9240,8316,10164,5,2,2,8,1,1,Pflegefachkraft,0,0.0,-2130,16,14,0,1,1,3297,1,,,,,,0,,0,,3,3,3,0,1319,1,3,3,3,0,1154,1,2,1,2,0,824,0,ST-HCH1,Normalstation Herzchirurgie,24,Herzchirurgie,7.0,15.0,06:00,14:00,450,,13:30,21:30,450,F,21:15,06:15,495,F|S,11,10,8,10,30,45,8,38.5,30,0.05,0,2.0.0,20261169
PK-007,2026-12-24,plan,24,Donnerstag,4,52,0,0,,Pflegefachkraft,Pflegefachkraft,EXAM,1.0,38.5,9240,9240,8316,10164,5,2,2,8,1,1,Pflegefachkraft,0,0.0,1104,16,14,0,1,1,3297,1,,,,,,1,12,0,,3,3,3,0,1319,1,3,3,3,0,1154,1,2,1,2,0,824,0,ST-HCH1,Normalstation Herzchirurgie,24,Herzchirurgie,7.0,15.0,06:00,14:00,450,,13:30,21:30,450,F,21:15,06:15,495,F|S,11,10,8,10,30,45,8,38.5,30,0.05,0,2.0.0,20261169
PK-008,2026-12-24,plan,24,Donnerstag,4,52,0,0,,Pflegefachkraft,Pflegefachkraft,EXAM|PRAXISANLEITUNG,1.0,38.5,9240,9240,8316,10164,5,2,2,8,1,1,Pflegefachkraft,0,0.0,-2265,16,14,0,1,1,3297,1,,,,,,0,,0,,3,3,3,0,1319,1,3,3,3,0,1154,1,2,1,2,0,824,0,ST-HCH1,Normalstation Herzchirurgie,24,Herzchirurgie,7.0,15.0,06:00,14:00,450,,13:30,21:30,450,F,21:15,06:15,495,F|S,11,10,8,10,30,45,8,38.5,30,0.05,0,2.0.0,20261169
PK-009,2026-12-24,plan,24,Donnerstag,4,52,0,0,,Pflegefachkraft,Pflegefachkraft,EXAM,0.9,34.65,8316,8316,7484,9148,5,2,2,8,1,1,Pflegefachkraft,0,0.0,-1881,16,14,0,1,1,3297,1,,,,,,0,,0,,3,3,3,0,1319,1,3,3,3,0,1154,1,2,1,2,0,824,0,ST-HCH1,Normalstation Herzchirurgie,24,Herzchirurgie,7.0,15.0,06:00,14:00,450,,13:30,21:30,450,F,21:15,06:15,495,F|S,11,10,8,10,30,45,8,38.5,30,0.05,0,2.0.0,20261169
PK-010,2026-12-24,plan,24,Donnerstag,4,52,0,0,,Pflegefachkraft,Pflegefachkraft,EXAM,0.75,28.88,6931,6931,6238,7624,5,2,2,8,1,1,Pflegefachkraft,0,0.0,-1845,16,14,0,1,1,3297,1,,,,,,0,,0,,3,3,3,0,1319,1,3,3,3,0,1154,1,2,1,2,0,824,0,ST-HCH1,Normalstation Herzchirurgie,24,Herzchirurgie,7.0,15.0,06:00,14:00,450,,13:30,21:30,450,F,21:15,06:15,495,F|S,11,10,8,10,30,45,8,38.5,30,0.05,0,2.0.0,20261169
PK-011,2026-12-24,plan,24,Donnerstag,4,52,0,0,,Pflegefachkraft,Pflegefachkraft,EXAM,0.8,30.8,7392,7392,6653,8131,5,2,2,8,1,1,Pflegefachkraft,0,0.0,-1947,16,14,0,1,1,3297,1,,,,,,0,,0,,3,3,3,0,1319,1,3,3,3,0,1154,1,2,1,2,0,824,0,ST-HCH1,Normalstation Herzchirurgie,24,Herzchirurgie,7.0,15.0,06:00,14:00,450,,13:30,21:30,450,F,21:15,06:15,495,F|S,11,10,8,10,30,45,8,38.5,30,0.05,0,2.0.0,20261169
PK-012,2026-12-24,plan,24,Donnerstag,4,52,0,0,,Pflegefachkraft,Pflegefachkraft,EXAM|KARDIO_MONITORING,0.7,26.95,6468,6468,5821,7115,5,2,2,8,1,1,Pflegefachkraft,0,0.0,-1473,16,14,0,1,1,3297,1,,,,,,1,24,0,,3,3,3,0,1319,1,3,3,3,0,1154,1,2,1,2,0,824,0,ST-HCH1,Normalstation Herzchirurgie,24,Herzchirurgie,7.0,15.0,06:00,14:00,450,,13:30,21:30,450,F,21:15,06:15,495,F|S,11,10,8,10,30,45,8,38.5,30,0.05,0,2.0.0,20261169
PK-013,2026-12-24,plan,24,Donnerstag,4,52,0,0,,Pflegefachkraft,Pflegefachkraft,EXAM,1.0,38.5,9240,9240,8316,10164,5,2,2,8,1,1,Pflegefachkraft,0,0.0,-2445,16,14,0,1,1,3297,1,,,,,,0,,0,,3,3,3,0,1319,1,3,3,3,0,1154,1,2,1,2,0,824,0,ST-HCH1,Normalstation Herzchirurgie,24,Herzchirurgie,7.0,15.0,06:00,14:00,450,,13:30,21:30,450,F,21:15,06:15,495,F|S,11,10,8,10,30,45,8,38.5,30,0.05,0,2.0.0,20261169
PK-014,2026-12-24,plan,24,Donnerstag,4,52,0,0,,Pflegefachkraft,Pflegefachkraft,EXAM|KARDIO_MONITORING,0.5,19.25,4620,4620,4158,5082,5,2,2,8,1,1,Pflegefachkraft,0,0.0,-1020,16,14,0,1,1,3297,1,,,,,,0,,0,,3,3,3,0,1319,1,3,3,3,0,1154,1,2,1,2,0,824,0,ST-HCH1,Normalstation Herzchirurgie,24,Herzchirurgie,7.0,15.0,06:00,14:00,450,,13:30,21:30,450,F,21:15,06:15,495,F|S,11,10,8,10,30,45,8,38.5,30,0.05,0,2.0.0,20261169
PK-015,2026-12-24,plan,24,Donnerstag,4,52,0,0,,Pflegefachkraft,Pflegefachkraft,EXAM,1.0,38.5,9240,9240,8316,10164,5,2,2,8,1,1,Pflegefachkraft,0,0.0,-2490,16,14,0,1,1,3297,1,,,,,,0,,0,,3,3,3,0,1319,1,3,3,3,0,1154,1,2,1,2,0,824,0,ST-HCH1,Normalstation Herzchirurgie,24,Herzchirurgie,7.0,15.0,06:00,14:00,450,,13:30,21:30,450,F,21:15,06:15,495,F|S,11,10,8,10,30,45,8,38.5,30,0.05,0,2.0.0,20261169
PK-016,2026-12-24,plan,24,Donnerstag,4,52,0,0,,Pflegefachkraft,Pflegefachkraft,EXAM|PRAXISANLEITUNG,1.0,38.5,9240,9240,8316,10164,5,2,2,8,1,1,Pflegefachkraft,0,0.0,-2310,16,14,0,1,1,3297,1,,,,,,0,,0,,3,3,3,0,1319,1,3,3,3,0,1154,1,2,1,2,0,824,0,ST-HCH1,Normalstation Herzchirurgie,24,Herzchirurgie,7.0,15.0,06:00,14:00,450,,13:30,21:30,450,F,21:15,06:15,495,F|S,11,10,8,10,30,45,8,38.5,30,0.05,0,2.0.0,20261169
PK-017,2026-12-24,plan,24,Donnerstag,4,52,0,0,,Pflegefachkraft,Pflegefachkraft,EXAM,0.8,30.8,7392,7392,6653,8131,5,2,2,8,1,1,Pflegefachkraft,0,0.0,-1902,16,14,0,1,1,3297,1,,,,,,0,,0,,3,3,3,0,1319,1,3,3,3,0,1154,1,2,1,2,0,824,0,ST-HCH1,Normalstation Herzchirurgie,24,Herzchirurgie,7.0,15.0,06:00,14:00,450,,13:30,21:30,450,F,21:15,06:15,495,F|S,11,10,8,10,30,45,8,38.5,30,0.05,0,2.0.0,20261169
PK-018,2026-12-24,plan,24,Donnerstag,4,52,0,0,,Pflegefachkraft,Pflegefachkraft,EXAM,0.5,19.25,4620,4620,4158,5082,5,2,2,8,1,1,Pflegefachkraft,0,0.0,-1245,16,14,0,1,1,3297,0,LANGZEITABWESENHEIT,,,,,0,,0,,3,3,3,0,1319,1,3,3,3,0,1154,1,2,1,2,0,824,0,ST-HCH1,Normalstation Herzchirurgie,24,Herzchirurgie,7.0,15.0,06:00,14:00,450,,13:30,21:30,450,F,21:15,06:15,495,F|S,11,10,8,10,30,45,8,38.5,30,0.05,0,2.0.0,20261169
AZ-001,2026-12-25,plan,25,Freitag,5,52,0,1,1. Weihnachtsfeiertag,Auszubildende_r_3_Ausbildungsjahr,Auszubildende,AUSZUBILDEND,1.0,38.5,9240,9240,8316,10164,5,2,2,8,1,0,nicht anrechenbar,0,0.0,-9240,12,10,1,0,1,2037,1,,,,,,0,,0,,3,2,3,0,815,1,3,2,3,0,713,1,2,1,2,0,509,0,ST-HCH1,Normalstation Herzchirurgie,24,Herzchirurgie,7.0,15.0,06:00,14:00,450,,13:30,21:30,450,F,21:15,06:15,495,F|S,11,10,8,10,30,45,8,38.5,30,0.05,0,2.0.0,20261169
AZ-002,2026-12-25,plan,25,Freitag,5,52,0,1,1. Weihnachtsfeiertag,Auszubildende_r_2_Ausbildungsjahr,Auszubildende,AUSZUBILDEND,1.0,38.5,9240,9240,8316,10164,5,2,2,8,1,0,nicht anrechenbar,0,0.0,-6006,12,10,1,0,1,2037,1,,1,,,,0,,0,,3,2,3,0,815,1,3,2,3,0,713,1,2,1,2,0,509,0,ST-HCH1,Normalstation Herzchirurgie,24,Herzchirurgie,7.0,15.0,06:00,14:00,450,,13:30,21:30,450,F,21:15,06:15,495,F|S,11,10,8,10,30,45,8,38.5,30,0.05,0,2.0.0,20261169
AZ-003,2026-12-25,plan,25,Freitag,5,52,0,1,1. Weihnachtsfeiertag,Auszubildende_r_1_Ausbildungsjahr,Auszubildende,AUSZUBILDEND,1.0,38.5,9240,9240,8316,10164,5,2,2,0,0,0,nicht anrechenbar,0,0.0,-9240,12,10,1,0,1,2037,0,URLAUB,,,,,0,,0,,3,2,3,0,815,1,3,2,3,0,713,1,2,1,2,0,509,0,ST-HCH1,Normalstation Herzchirurgie,24,Herzchirurgie,7.0,15.0,06:00,14:00,450,,13:30,21:30,450,F,21:15,06:15,495,F|S,11,10,8,10,30,45,8,38.5,30,0.05,0,2.0.0,20261169
PK-001,2026-12-25,plan,25,Freitag,5,52,0,1,1. Weihnachtsfeiertag,Stationsleitung,Pflegefachkraft,EXAM|LEITUNG|PRAXISANLEITUNG,1.0,38.5,9240,4620,4158,5082,5,2,2,0,0,1,Pflegefachkraft,1,0.5,2130,12,10,1,0,1,2037,1,,,,,,0,,0,,3,2,3,0,815,1,3,2,3,0,713,1,2,1,2,0,509,0,ST-HCH1,Normalstation Herzchirurgie,24,Herzchirurgie,7.0,15.0,06:00,14:00,450,,13:30,21:30,450,F,21:15,06:15,495,F|S,11,10,8,10,30,45,8,38.5,30,0.05,0,2.0.0,20261169
PK-002,2026-12-25,plan,25,Freitag,5,52,0,1,1. Weihnachtsfeiertag,Pflegefachkraft,Pflegefachkraft,EXAM,0.6,23.1,5544,5544,4990,6098,5,2,2,8,1,1,Pflegefachkraft,0,0.0,-1359,12,10,1,0,1,2037,1,,,,,,0,,0,,3,2,3,0,815,1,3,2,3,0,713,1,2,1,2,0,509,0,ST-HCH1,Normalstation Herzchirurgie,24,Herzchirurgie,7.0,15.0,06:00,14:00,450,,13:30,21:30,450,F,21:15,06:15,495,F|S,11,10,8,10,30,45,8,38.5,30,0.05,0,2.0.0,20261169
PK-003,2026-12-25,plan,25,Freitag,5,52,0,1,1. Weihnachtsfeiertag,Pflegefachkraft,Pflegefachkraft,EXAM|KARDIO_MONITORING,1.0,38.5,9240,9240,8316,10164,5,2,2,8,1,1,Pflegefachkraft,0,0.0,-2130,12,10,1,0,1,2037,1,,,,,,0,,0,,3,2,3,0,815,1,3,2,3,0,713,1,2,1,2,0,509,0,ST-HCH1,Normalstation Herzchirurgie,24,Herzchirurgie,7.0,15.0,06:00,14:00,450,,13:30,21:30,450,F,21:15,06:15,495,F|S,11,10,8,10,30,45,8,38.5,30,0.05,0,2.0.0,20261169
PK-004,2026-12-25,plan,25,Freitag,5,52,0,1,1. Weihnachtsfeiertag,Pflegefachkraft,Pflegefachkraft,EXAM|KARDIO_MONITORING,0.75,28.88,6931,6931,6238,7624,5,2,2,8,1,1,Pflegefachkraft,0,0.0,-1485,12,10,1,0,1,2037,1,,,,,,0,,0,,3,2,3,0,815,1,3,2,3,0,713,1,2,1,2,0,509,0,ST-HCH1,Normalstation Herzchirurgie,24,Herzchirurgie,7.0,15.0,06:00,14:00,450,,13:30,21:30,450,F,21:15,06:15,495,F|S,11,10,8,10,30,45,8,38.5,30,0.05,0,2.0.0,20261169
PK-005,2026-12-25,plan,25,Freitag,5,52,0,1,1. Weihnachtsfeiertag,Pflegefachkraft,Pflegefachkraft,EXAM|PRAXISANLEITUNG,0.7,26.95,6468,6468,5821,7115,5,2,2,8,1,1,Pflegefachkraft,0,0.0,431,12,10,1,0,1,2037,0,URLAUB,,,,,0,,0,,3,2,3,0,815,1,3,2,3,0,713,1,2,1,2,0,509,0,ST-HCH1,Normalstation Herzchirurgie,24,Herzchirurgie,7.0,15.0,06:00,14:00,450,,13:30,21:30,450,F,21:15,06:15,495,F|S,11,10,8,10,30,45,8,38.5,30,0.05,0,2.0.0,20261169
PK-006,2026-12-25,plan,25,Freitag,5,52,0,1,1. Weihnachtsfeiertag,Pflegefachkraft,Pflegefachkraft,EXAM,1.0,38.5,9240,9240,8316,10164,5,2,2,8,1,1,Pflegefachkraft,0,0.0,-2130,12,10,1,0,1,2037,1,,,,,,0,,0,,3,2,3,0,815,1,3,2,3,0,713,1,2,1,2,0,509,0,ST-HCH1,Normalstation Herzchirurgie,24,Herzchirurgie,7.0,15.0,06:00,14:00,450,,13:30,21:30,450,F,21:15,06:15,495,F|S,11,10,8,10,30,45,8,38.5,30,0.05,0,2.0.0,20261169
PK-007,2026-12-25,plan,25,Freitag,5,52,0,1,1. Weihnachtsfeiertag,Pflegefachkraft,Pflegefachkraft,EXAM,1.0,38.5,9240,9240,8316,10164,5,2,2,8,1,1,Pflegefachkraft,0,0.0,1104,12,10,1,0,1,2037,1,,,,,,0,,0,,3,2,3,0,815,1,3,2,3,0,713,1,2,1,2,0,509,0,ST-HCH1,Normalstation Herzchirurgie,24,Herzchirurgie,7.0,15.0,06:00,14:00,450,,13:30,21:30,450,F,21:15,06:15,495,F|S,11,10,8,10,30,45,8,38.5,30,0.05,0,2.0.0,20261169
PK-008,2026-12-25,plan,25,Freitag,5,52,0,1,1. Weihnachtsfeiertag,Pflegefachkraft,Pflegefachkraft,EXAM|PRAXISANLEITUNG,1.0,38.5,9240,9240,8316,10164,5,2,2,8,1,1,Pflegefachkraft,0,0.0,-2265,12,10,1,0,1,2037,1,,,,,,0,,0,,3,2,3,0,815,1,3,2,3,0,713,1,2,1,2,0,509,0,ST-HCH1,Normalstation Herzchirurgie,24,Herzchirurgie,7.0,15.0,06:00,14:00,450,,13:30,21:30,450,F,21:15,06:15,495,F|S,11,10,8,10,30,45,8,38.5,30,0.05,0,2.0.0,20261169
PK-009,2026-12-25,plan,25,Freitag,5,52,0,1,1. Weihnachtsfeiertag,Pflegefachkraft,Pflegefachkraft,EXAM,0.9,34.65,8316,8316,7484,9148,5,2,2,8,1,1,Pflegefachkraft,0,0.0,-1881,12,10,1,0,1,2037,1,,,,,,0,,0,,3,2,3,0,815,1,3,2,3,0,713,1,2,1,2,0,509,0,ST-HCH1,Normalstation Herzchirurgie,24,Herzchirurgie,7.0,15.0,06:00,14:00,450,,13:30,21:30,450,F,21:15,06:15,495,F|S,11,10,8,10,30,45,8,38.5,30,0.05,0,2.0.0,20261169
PK-010,2026-12-25,plan,25,Freitag,5,52,0,1,1. Weihnachtsfeiertag,Pflegefachkraft,Pflegefachkraft,EXAM,0.75,28.88,6931,6931,6238,7624,5,2,2,8,1,1,Pflegefachkraft,0,0.0,-1845,12,10,1,0,1,2037,1,,,,,,0,,0,,3,2,3,0,815,1,3,2,3,0,713,1,2,1,2,0,509,0,ST-HCH1,Normalstation Herzchirurgie,24,Herzchirurgie,7.0,15.0,06:00,14:00,450,,13:30,21:30,450,F,21:15,06:15,495,F|S,11,10,8,10,30,45,8,38.5,30,0.05,0,2.0.0,20261169
PK-011,2026-12-25,plan,25,Freitag,5,52,0,1,1. Weihnachtsfeiertag,Pflegefachkraft,Pflegefachkraft,EXAM,0.8,30.8,7392,7392,6653,8131,5,2,2,8,1,1,Pflegefachkraft,0,0.0,-1947,12,10,1,0,1,2037,1,,,,,,0,,0,,3,2,3,0,815,1,3,2,3,0,713,1,2,1,2,0,509,0,ST-HCH1,Normalstation Herzchirurgie,24,Herzchirurgie,7.0,15.0,06:00,14:00,450,,13:30,21:30,450,F,21:15,06:15,495,F|S,11,10,8,10,30,45,8,38.5,30,0.05,0,2.0.0,20261169
PK-012,2026-12-25,plan,25,Freitag,5,52,0,1,1. Weihnachtsfeiertag,Pflegefachkraft,Pflegefachkraft,EXAM|KARDIO_MONITORING,0.7,26.95,6468,6468,5821,7115,5,2,2,8,1,1,Pflegefachkraft,0,0.0,-1473,12,10,1,0,1,2037,1,,,,,,0,,0,,3,2,3,0,815,1,3,2,3,0,713,1,2,1,2,0,509,0,ST-HCH1,Normalstation Herzchirurgie,24,Herzchirurgie,7.0,15.0,06:00,14:00,450,,13:30,21:30,450,F,21:15,06:15,495,F|S,11,10,8,10,30,45,8,38.5,30,0.05,0,2.0.0,20261169
PK-013,2026-12-25,plan,25,Freitag,5,52,0,1,1. Weihnachtsfeiertag,Pflegefachkraft,Pflegefachkraft,EXAM,1.0,38.5,9240,9240,8316,10164,5,2,2,8,1,1,Pflegefachkraft,0,0.0,-2445,12,10,1,0,1,2037,1,,,,,,0,,0,,3,2,3,0,815,1,3,2,3,0,713,1,2,1,2,0,509,0,ST-HCH1,Normalstation Herzchirurgie,24,Herzchirurgie,7.0,15.0,06:00,14:00,450,,13:30,21:30,450,F,21:15,06:15,495,F|S,11,10,8,10,30,45,8,38.5,30,0.05,0,2.0.0,20261169
PK-014,2026-12-25,plan,25,Freitag,5,52,0,1,1. Weihnachtsfeiertag,Pflegefachkraft,Pflegefachkraft,EXAM|KARDIO_MONITORING,0.5,19.25,4620,4620,4158,5082,5,2,2,8,1,1,Pflegefachkraft,0,0.0,-1020,12,10,1,0,1,2037,1,,,,,,0,,0,,3,2,3,0,815,1,3,2,3,0,713,1,2,1,2,0,509,0,ST-HCH1,Normalstation Herzchirurgie,24,Herzchirurgie,7.0,15.0,06:00,14:00,450,,13:30,21:30,450,F,21:15,06:15,495,F|S,11,10,8,10,30,45,8,38.5,30,0.05,0,2.0.0,20261169
PK-015,2026-12-25,plan,25,Freitag,5,52,0,1,1. Weihnachtsfeiertag,Pflegefachkraft,Pflegefachkraft,EXAM,1.0,38.5,9240,9240,8316,10164,5,2,2,8,1,1,Pflegefachkraft,0,0.0,-2490,12,10,1,0,1,2037,1,,,,,,0,,0,,3,2,3,0,815,1,3,2,3,0,713,1,2,1,2,0,509,0,ST-HCH1,Normalstation Herzchirurgie,24,Herzchirurgie,7.0,15.0,06:00,14:00,450,,13:30,21:30,450,F,21:15,06:15,495,F|S,11,10,8,10,30,45,8,38.5,30,0.05,0,2.0.0,20261169
PK-016,2026-12-25,plan,25,Freitag,5,52,0,1,1. Weihnachtsfeiertag,Pflegefachkraft,Pflegefachkraft,EXAM|PRAXISANLEITUNG,1.0,38.5,9240,9240,8316,10164,5,2,2,8,1,1,Pflegefachkraft,0,0.0,-2310,12,10,1,0,1,2037,1,,,,,,0,,0,,3,2,3,0,815,1,3,2,3,0,713,1,2,1,2,0,509,0,ST-HCH1,Normalstation Herzchirurgie,24,Herzchirurgie,7.0,15.0,06:00,14:00,450,,13:30,21:30,450,F,21:15,06:15,495,F|S,11,10,8,10,30,45,8,38.5,30,0.05,0,2.0.0,20261169
PK-017,2026-12-25,plan,25,Freitag,5,52,0,1,1. Weihnachtsfeiertag,Pflegefachkraft,Pflegefachkraft,EXAM,0.8,30.8,7392,7392,6653,8131,5,2,2,8,1,1,Pflegefachkraft,0,0.0,-1902,12,10,1,0,1,2037,1,,,,,,0,,0,,3,2,3,0,815,1,3,2,3,0,713,1,2,1,2,0,509,0,ST-HCH1,Normalstation Herzchirurgie,24,Herzchirurgie,7.0,15.0,06:00,14:00,450,,13:30,21:30,450,F,21:15,06:15,495,F|S,11,10,8,10,30,45,8,38.5,30,0.05,0,2.0.0,20261169
PK-018,2026-12-25,plan,25,Freitag,5,52,0,1,1. Weihnachtsfeiertag,Pflegefachkraft,Pflegefachkraft,EXAM,0.5,19.25,4620,4620,4158,5082,5,2,2,8,1,1,Pflegefachkraft,0,0.0,-1245,12,10,1,0,1,2037,0,LANGZEITABWESENHEIT,,,,,0,,0,,3,2,3,0,815,1,3,2,3,0,713,1,2,1,2,0,509,0,ST-HCH1,Normalstation Herzchirurgie,24,Herzchirurgie,7.0,15.0,06:00,14:00,450,,13:30,21:30,450,F,21:15,06:15,495,F|S,11,10,8,10,30,45,8,38.5,30,0.05,0,2.0.0,20261169
AZ-001,2026-12-26,plan,26,Samstag,6,52,1,1,2. Weihnachtsfeiertag,Auszubildende_r_3_Ausbildungsjahr,Auszubildende,AUSZUBILDEND,1.0,38.5,9240,9240,8316,10164,5,2,2,8,1,0,nicht anrechenbar,0,0.0,-9240,11,11,0,0,0,1739,1,,,,,,0,,0,,2,2,2,0,696,1,2,2,2,0,609,1,2,1,2,0,435,0,ST-HCH1,Normalstation Herzchirurgie,24,Herzchirurgie,7.0,15.0,06:00,14:00,450,,13:30,21:30,450,F,21:15,06:15,495,F|S,11,10,8,10,30,45,8,38.5,30,0.05,0,2.0.0,20261169
AZ-002,2026-12-26,plan,26,Samstag,6,52,1,1,2. Weihnachtsfeiertag,Auszubildende_r_2_Ausbildungsjahr,Auszubildende,AUSZUBILDEND,1.0,38.5,9240,9240,8316,10164,5,2,2,8,1,0,nicht anrechenbar,0,0.0,-6006,11,11,0,0,0,1739,1,,,,,,0,,0,,2,2,2,0,696,1,2,2,2,0,609,1,2,1,2,0,435,0,ST-HCH1,Normalstation Herzchirurgie,24,Herzchirurgie,7.0,15.0,06:00,14:00,450,,13:30,21:30,450,F,21:15,06:15,495,F|S,11,10,8,10,30,45,8,38.5,30,0.05,0,2.0.0,20261169
AZ-003,2026-12-26,plan,26,Samstag,6,52,1,1,2. Weihnachtsfeiertag,Auszubildende_r_1_Ausbildungsjahr,Auszubildende,AUSZUBILDEND,1.0,38.5,9240,9240,8316,10164,5,2,2,0,0,0,nicht anrechenbar,0,0.0,-9240,11,11,0,0,0,1739,0,URLAUB,,,,,0,,0,,2,2,2,0,696,1,2,2,2,0,609,1,2,1,2,0,435,0,ST-HCH1,Normalstation Herzchirurgie,24,Herzchirurgie,7.0,15.0,06:00,14:00,450,,13:30,21:30,450,F,21:15,06:15,495,F|S,11,10,8,10,30,45,8,38.5,30,0.05,0,2.0.0,20261169
PK-001,2026-12-26,plan,26,Samstag,6,52,1,1,2. Weihnachtsfeiertag,Stationsleitung,Pflegefachkraft,EXAM|LEITUNG|PRAXISANLEITUNG,1.0,38.5,9240,4620,4158,5082,5,2,2,0,0,1,Pflegefachkraft,1,0.5,2130,11,11,0,0,0,1739,1,,,,,,0,,0,,2,2,2,0,696,1,2,2,2,0,609,1,2,1,2,0,435,0,ST-HCH1,Normalstation Herzchirurgie,24,Herzchirurgie,7.0,15.0,06:00,14:00,450,,13:30,21:30,450,F,21:15,06:15,495,F|S,11,10,8,10,30,45,8,38.5,30,0.05,0,2.0.0,20261169
PK-002,2026-12-26,plan,26,Samstag,6,52,1,1,2. Weihnachtsfeiertag,Pflegefachkraft,Pflegefachkraft,EXAM,0.6,23.1,5544,5544,4990,6098,5,2,2,8,1,1,Pflegefachkraft,0,0.0,-1359,11,11,0,0,0,1739,1,,,,,,0,,0,,2,2,2,0,696,1,2,2,2,0,609,1,2,1,2,0,435,0,ST-HCH1,Normalstation Herzchirurgie,24,Herzchirurgie,7.0,15.0,06:00,14:00,450,,13:30,21:30,450,F,21:15,06:15,495,F|S,11,10,8,10,30,45,8,38.5,30,0.05,0,2.0.0,20261169
PK-003,2026-12-26,plan,26,Samstag,6,52,1,1,2. Weihnachtsfeiertag,Pflegefachkraft,Pflegefachkraft,EXAM|KARDIO_MONITORING,1.0,38.5,9240,9240,8316,10164,5,2,2,8,1,1,Pflegefachkraft,0,0.0,-2130,11,11,0,0,0,1739,1,,,,,,0,,0,,2,2,2,0,696,1,2,2,2,0,609,1,2,1,2,0,435,0,ST-HCH1,Normalstation Herzchirurgie,24,Herzchirurgie,7.0,15.0,06:00,14:00,450,,13:30,21:30,450,F,21:15,06:15,495,F|S,11,10,8,10,30,45,8,38.5,30,0.05,0,2.0.0,20261169
PK-004,2026-12-26,plan,26,Samstag,6,52,1,1,2. Weihnachtsfeiertag,Pflegefachkraft,Pflegefachkraft,EXAM|KARDIO_MONITORING,0.75,28.88,6931,6931,6238,7624,5,2,2,8,1,1,Pflegefachkraft,0,0.0,-1485,11,11,0,0,0,1739,1,,,,,,0,,0,,2,2,2,0,696,1,2,2,2,0,609,1,2,1,2,0,435,0,ST-HCH1,Normalstation Herzchirurgie,24,Herzchirurgie,7.0,15.0,06:00,14:00,450,,13:30,21:30,450,F,21:15,06:15,495,F|S,11,10,8,10,30,45,8,38.5,30,0.05,0,2.0.0,20261169
PK-005,2026-12-26,plan,26,Samstag,6,52,1,1,2. Weihnachtsfeiertag,Pflegefachkraft,Pflegefachkraft,EXAM|PRAXISANLEITUNG,0.7,26.95,6468,6468,5821,7115,5,2,2,8,1,1,Pflegefachkraft,0,0.0,431,11,11,0,0,0,1739,0,URLAUB,,,,,0,,0,,2,2,2,0,696,1,2,2,2,0,609,1,2,1,2,0,435,0,ST-HCH1,Normalstation Herzchirurgie,24,Herzchirurgie,7.0,15.0,06:00,14:00,450,,13:30,21:30,450,F,21:15,06:15,495,F|S,11,10,8,10,30,45,8,38.5,30,0.05,0,2.0.0,20261169
PK-006,2026-12-26,plan,26,Samstag,6,52,1,1,2. Weihnachtsfeiertag,Pflegefachkraft,Pflegefachkraft,EXAM,1.0,38.5,9240,9240,8316,10164,5,2,2,8,1,1,Pflegefachkraft,0,0.0,-2130,11,11,0,0,0,1739,1,,,,,,0,,0,,2,2,2,0,696,1,2,2,2,0,609,1,2,1,2,0,435,0,ST-HCH1,Normalstation Herzchirurgie,24,Herzchirurgie,7.0,15.0,06:00,14:00,450,,13:30,21:30,450,F,21:15,06:15,495,F|S,11,10,8,10,30,45,8,38.5,30,0.05,0,2.0.0,20261169
PK-007,2026-12-26,plan,26,Samstag,6,52,1,1,2. Weihnachtsfeiertag,Pflegefachkraft,Pflegefachkraft,EXAM,1.0,38.5,9240,9240,8316,10164,5,2,2,8,1,1,Pflegefachkraft,0,0.0,1104,11,11,0,0,0,1739,1,,,,,,0,,0,,2,2,2,0,696,1,2,2,2,0,609,1,2,1,2,0,435,0,ST-HCH1,Normalstation Herzchirurgie,24,Herzchirurgie,7.0,15.0,06:00,14:00,450,,13:30,21:30,450,F,21:15,06:15,495,F|S,11,10,8,10,30,45,8,38.5,30,0.05,0,2.0.0,20261169
PK-008,2026-12-26,plan,26,Samstag,6,52,1,1,2. Weihnachtsfeiertag,Pflegefachkraft,Pflegefachkraft,EXAM|PRAXISANLEITUNG,1.0,38.5,9240,9240,8316,10164,5,2,2,8,1,1,Pflegefachkraft,0,0.0,-2265,11,11,0,0,0,1739,1,,,,,,0,,0,,2,2,2,0,696,1,2,2,2,0,609,1,2,1,2,0,435,0,ST-HCH1,Normalstation Herzchirurgie,24,Herzchirurgie,7.0,15.0,06:00,14:00,450,,13:30,21:30,450,F,21:15,06:15,495,F|S,11,10,8,10,30,45,8,38.5,30,0.05,0,2.0.0,20261169
PK-009,2026-12-26,plan,26,Samstag,6,52,1,1,2. Weihnachtsfeiertag,Pflegefachkraft,Pflegefachkraft,EXAM,0.9,34.65,8316,8316,7484,9148,5,2,2,8,1,1,Pflegefachkraft,0,0.0,-1881,11,11,0,0,0,1739,1,,,,,,0,,0,,2,2,2,0,696,1,2,2,2,0,609,1,2,1,2,0,435,0,ST-HCH1,Normalstation Herzchirurgie,24,Herzchirurgie,7.0,15.0,06:00,14:00,450,,13:30,21:30,450,F,21:15,06:15,495,F|S,11,10,8,10,30,45,8,38.5,30,0.05,0,2.0.0,20261169
PK-010,2026-12-26,plan,26,Samstag,6,52,1,1,2. Weihnachtsfeiertag,Pflegefachkraft,Pflegefachkraft,EXAM,0.75,28.88,6931,6931,6238,7624,5,2,2,8,1,1,Pflegefachkraft,0,0.0,-1845,11,11,0,0,0,1739,1,,,,,,0,,0,,2,2,2,0,696,1,2,2,2,0,609,1,2,1,2,0,435,0,ST-HCH1,Normalstation Herzchirurgie,24,Herzchirurgie,7.0,15.0,06:00,14:00,450,,13:30,21:30,450,F,21:15,06:15,495,F|S,11,10,8,10,30,45,8,38.5,30,0.05,0,2.0.0,20261169
PK-011,2026-12-26,plan,26,Samstag,6,52,1,1,2. Weihnachtsfeiertag,Pflegefachkraft,Pflegefachkraft,EXAM,0.8,30.8,7392,7392,6653,8131,5,2,2,8,1,1,Pflegefachkraft,0,0.0,-1947,11,11,0,0,0,1739,1,,,,,,1,12,0,,2,2,2,0,696,1,2,2,2,0,609,1,2,1,2,0,435,0,ST-HCH1,Normalstation Herzchirurgie,24,Herzchirurgie,7.0,15.0,06:00,14:00,450,,13:30,21:30,450,F,21:15,06:15,495,F|S,11,10,8,10,30,45,8,38.5,30,0.05,0,2.0.0,20261169
PK-012,2026-12-26,plan,26,Samstag,6,52,1,1,2. Weihnachtsfeiertag,Pflegefachkraft,Pflegefachkraft,EXAM|KARDIO_MONITORING,0.7,26.95,6468,6468,5821,7115,5,2,2,8,1,1,Pflegefachkraft,0,0.0,-1473,11,11,0,0,0,1739,1,,,,,,0,,0,,2,2,2,0,696,1,2,2,2,0,609,1,2,1,2,0,435,0,ST-HCH1,Normalstation Herzchirurgie,24,Herzchirurgie,7.0,15.0,06:00,14:00,450,,13:30,21:30,450,F,21:15,06:15,495,F|S,11,10,8,10,30,45,8,38.5,30,0.05,0,2.0.0,20261169
PK-013,2026-12-26,plan,26,Samstag,6,52,1,1,2. Weihnachtsfeiertag,Pflegefachkraft,Pflegefachkraft,EXAM,1.0,38.5,9240,9240,8316,10164,5,2,2,8,1,1,Pflegefachkraft,0,0.0,-2445,11,11,0,0,0,1739,1,,,,,,0,,0,,2,2,2,0,696,1,2,2,2,0,609,1,2,1,2,0,435,0,ST-HCH1,Normalstation Herzchirurgie,24,Herzchirurgie,7.0,15.0,06:00,14:00,450,,13:30,21:30,450,F,21:15,06:15,495,F|S,11,10,8,10,30,45,8,38.5,30,0.05,0,2.0.0,20261169
PK-014,2026-12-26,plan,26,Samstag,6,52,1,1,2. Weihnachtsfeiertag,Pflegefachkraft,Pflegefachkraft,EXAM|KARDIO_MONITORING,0.5,19.25,4620,4620,4158,5082,5,2,2,8,1,1,Pflegefachkraft,0,0.0,-1020,11,11,0,0,0,1739,1,,,,,,0,,0,,2,2,2,0,696,1,2,2,2,0,609,1,2,1,2,0,435,0,ST-HCH1,Normalstation Herzchirurgie,24,Herzchirurgie,7.0,15.0,06:00,14:00,450,,13:30,21:30,450,F,21:15,06:15,495,F|S,11,10,8,10,30,45,8,38.5,30,0.05,0,2.0.0,20261169
PK-015,2026-12-26,plan,26,Samstag,6,52,1,1,2. Weihnachtsfeiertag,Pflegefachkraft,Pflegefachkraft,EXAM,1.0,38.5,9240,9240,8316,10164,5,2,2,8,1,1,Pflegefachkraft,0,0.0,-2490,11,11,0,0,0,1739,1,,,,,,0,,0,,2,2,2,0,696,1,2,2,2,0,609,1,2,1,2,0,435,0,ST-HCH1,Normalstation Herzchirurgie,24,Herzchirurgie,7.0,15.0,06:00,14:00,450,,13:30,21:30,450,F,21:15,06:15,495,F|S,11,10,8,10,30,45,8,38.5,30,0.05,0,2.0.0,20261169
PK-016,2026-12-26,plan,26,Samstag,6,52,1,1,2. Weihnachtsfeiertag,Pflegefachkraft,Pflegefachkraft,EXAM|PRAXISANLEITUNG,1.0,38.5,9240,9240,8316,10164,5,2,2,8,1,1,Pflegefachkraft,0,0.0,-2310,11,11,0,0,0,1739,1,,,,,,0,,0,,2,2,2,0,696,1,2,2,2,0,609,1,2,1,2,0,435,0,ST-HCH1,Normalstation Herzchirurgie,24,Herzchirurgie,7.0,15.0,06:00,14:00,450,,13:30,21:30,450,F,21:15,06:15,495,F|S,11,10,8,10,30,45,8,38.5,30,0.05,0,2.0.0,20261169
PK-017,2026-12-26,plan,26,Samstag,6,52,1,1,2. Weihnachtsfeiertag,Pflegefachkraft,Pflegefachkraft,EXAM,0.8,30.8,7392,7392,6653,8131,5,2,2,8,1,1,Pflegefachkraft,0,0.0,-1902,11,11,0,0,0,1739,1,,,,,,0,,0,,2,2,2,0,696,1,2,2,2,0,609,1,2,1,2,0,435,0,ST-HCH1,Normalstation Herzchirurgie,24,Herzchirurgie,7.0,15.0,06:00,14:00,450,,13:30,21:30,450,F,21:15,06:15,495,F|S,11,10,8,10,30,45,8,38.5,30,0.05,0,2.0.0,20261169
PK-018,2026-12-26,plan,26,Samstag,6,52,1,1,2. Weihnachtsfeiertag,Pflegefachkraft,Pflegefachkraft,EXAM,0.5,19.25,4620,4620,4158,5082,5,2,2,8,1,1,Pflegefachkraft,0,0.0,-1245,11,11,0,0,0,1739,0,LANGZEITABWESENHEIT,,,,,0,,0,,2,2,2,0,696,1,2,2,2,0,609,1,2,1,2,0,435,0,ST-HCH1,Normalstation Herzchirurgie,24,Herzchirurgie,7.0,15.0,06:00,14:00,450,,13:30,21:30,450,F,21:15,06:15,495,F|S,11,10,8,10,30,45,8,38.5,30,0.05,0,2.0.0,20261169
AZ-001,2026-12-27,plan,27,Sonntag,7,52,1,0,,Auszubildende_r_3_Ausbildungsjahr,Auszubildende,AUSZUBILDEND,1.0,38.5,9240,9240,8316,10164,5,2,2,8,1,0,nicht anrechenbar,0,0.0,-9240,12,12,0,0,0,1824,1,,,,,,0,,0,,3,2,3,0,730,1,3,2,3,0,638,1,2,1,2,0,456,0,ST-HCH1,Normalstation Herzchirurgie,24,Herzchirurgie,7.0,15.0,06:00,14:00,450,,13:30,21:30,450,F,21:15,06:15,495,F|S,11,10,8,10,30,45,8,38.5,30,0.05,0,2.0.0,20261169
AZ-002,2026-12-27,plan,27,Sonntag,7,52,1,0,,Auszubildende_r_2_Ausbildungsjahr,Auszubildende,AUSZUBILDEND,1.0,38.5,9240,9240,8316,10164,5,2,2,8,1,0,nicht anrechenbar,0,0.0,-6006,12,12,0,0,0,1824,1,,,,,,0,,0,,3,2,3,0,730,1,3,2,3,0,638,1,2,1,2,0,456,0,ST-HCH1,Normalstation Herzchirurgie,24,Herzchirurgie,7.0,15.0,06:00,14:00,450,,13:30,21:30,450,F,21:15,06:15,495,F|S,11,10,8,10,30,45,8,38.5,30,0.05,0,2.0.0,20261169
AZ-003,2026-12-27,plan,27,Sonntag,7,52,1,0,,Auszubildende_r_1_Ausbildungsjahr,Auszubildende,AUSZUBILDEND,1.0,38.5,9240,9240,8316,10164,5,2,2,0,0,0,nicht anrechenbar,0,0.0,-9240,12,12,0,0,0,1824,0,URLAUB,,,,,0,,0,,3,2,3,0,730,1,3,2,3,0,638,1,2,1,2,0,456,0,ST-HCH1,Normalstation Herzchirurgie,24,Herzchirurgie,7.0,15.0,06:00,14:00,450,,13:30,21:30,450,F,21:15,06:15,495,F|S,11,10,8,10,30,45,8,38.5,30,0.05,0,2.0.0,20261169
PK-001,2026-12-27,plan,27,Sonntag,7,52,1,0,,Stationsleitung,Pflegefachkraft,EXAM|LEITUNG|PRAXISANLEITUNG,1.0,38.5,9240,4620,4158,5082,5,2,2,0,0,1,Pflegefachkraft,1,0.5,2130,12,12,0,0,0,1824,1,,,,,,0,,0,,3,2,3,0,730,1,3,2,3,0,638,1,2,1,2,0,456,0,ST-HCH1,Normalstation Herzchirurgie,24,Herzchirurgie,7.0,15.0,06:00,14:00,450,,13:30,21:30,450,F,21:15,06:15,495,F|S,11,10,8,10,30,45,8,38.5,30,0.05,0,2.0.0,20261169
PK-002,2026-12-27,plan,27,Sonntag,7,52,1,0,,Pflegefachkraft,Pflegefachkraft,EXAM,0.6,23.1,5544,5544,4990,6098,5,2,2,8,1,1,Pflegefachkraft,0,0.0,-1359,12,12,0,0,0,1824,1,,,,,,0,,0,,3,2,3,0,730,1,3,2,3,0,638,1,2,1,2,0,456,0,ST-HCH1,Normalstation Herzchirurgie,24,Herzchirurgie,7.0,15.0,06:00,14:00,450,,13:30,21:30,450,F,21:15,06:15,495,F|S,11,10,8,10,30,45,8,38.5,30,0.05,0,2.0.0,20261169
PK-003,2026-12-27,plan,27,Sonntag,7,52,1,0,,Pflegefachkraft,Pflegefachkraft,EXAM|KARDIO_MONITORING,1.0,38.5,9240,9240,8316,10164,5,2,2,8,1,1,Pflegefachkraft,0,0.0,-2130,12,12,0,0,0,1824,1,,,,,,0,,0,,3,2,3,0,730,1,3,2,3,0,638,1,2,1,2,0,456,0,ST-HCH1,Normalstation Herzchirurgie,24,Herzchirurgie,7.0,15.0,06:00,14:00,450,,13:30,21:30,450,F,21:15,06:15,495,F|S,11,10,8,10,30,45,8,38.5,30,0.05,0,2.0.0,20261169
PK-004,2026-12-27,plan,27,Sonntag,7,52,1,0,,Pflegefachkraft,Pflegefachkraft,EXAM|KARDIO_MONITORING,0.75,28.88,6931,6931,6238,7624,5,2,2,8,1,1,Pflegefachkraft,0,0.0,-1485,12,12,0,0,0,1824,1,,,,,,0,,0,,3,2,3,0,730,1,3,2,3,0,638,1,2,1,2,0,456,0,ST-HCH1,Normalstation Herzchirurgie,24,Herzchirurgie,7.0,15.0,06:00,14:00,450,,13:30,21:30,450,F,21:15,06:15,495,F|S,11,10,8,10,30,45,8,38.5,30,0.05,0,2.0.0,20261169
PK-005,2026-12-27,plan,27,Sonntag,7,52,1,0,,Pflegefachkraft,Pflegefachkraft,EXAM|PRAXISANLEITUNG,0.7,26.95,6468,6468,5821,7115,5,2,2,8,1,1,Pflegefachkraft,0,0.0,431,12,12,0,0,0,1824,0,URLAUB,,,,,0,,0,,3,2,3,0,730,1,3,2,3,0,638,1,2,1,2,0,456,0,ST-HCH1,Normalstation Herzchirurgie,24,Herzchirurgie,7.0,15.0,06:00,14:00,450,,13:30,21:30,450,F,21:15,06:15,495,F|S,11,10,8,10,30,45,8,38.5,30,0.05,0,2.0.0,20261169
PK-006,2026-12-27,plan,27,Sonntag,7,52,1,0,,Pflegefachkraft,Pflegefachkraft,EXAM,1.0,38.5,9240,9240,8316,10164,5,2,2,8,1,1,Pflegefachkraft,0,0.0,-2130,12,12,0,0,0,1824,1,,,,,,0,,0,,3,2,3,0,730,1,3,2,3,0,638,1,2,1,2,0,456,0,ST-HCH1,Normalstation Herzchirurgie,24,Herzchirurgie,7.0,15.0,06:00,14:00,450,,13:30,21:30,450,F,21:15,06:15,495,F|S,11,10,8,10,30,45,8,38.5,30,0.05,0,2.0.0,20261169
PK-007,2026-12-27,plan,27,Sonntag,7,52,1,0,,Pflegefachkraft,Pflegefachkraft,EXAM,1.0,38.5,9240,9240,8316,10164,5,2,2,8,1,1,Pflegefachkraft,0,0.0,1104,12,12,0,0,0,1824,1,,,,,,0,,0,,3,2,3,0,730,1,3,2,3,0,638,1,2,1,2,0,456,0,ST-HCH1,Normalstation Herzchirurgie,24,Herzchirurgie,7.0,15.0,06:00,14:00,450,,13:30,21:30,450,F,21:15,06:15,495,F|S,11,10,8,10,30,45,8,38.5,30,0.05,0,2.0.0,20261169
PK-008,2026-12-27,plan,27,Sonntag,7,52,1,0,,Pflegefachkraft,Pflegefachkraft,EXAM|PRAXISANLEITUNG,1.0,38.5,9240,9240,8316,10164,5,2,2,8,1,1,Pflegefachkraft,0,0.0,-2265,12,12,0,0,0,1824,1,,,,,,0,,0,,3,2,3,0,730,1,3,2,3,0,638,1,2,1,2,0,456,0,ST-HCH1,Normalstation Herzchirurgie,24,Herzchirurgie,7.0,15.0,06:00,14:00,450,,13:30,21:30,450,F,21:15,06:15,495,F|S,11,10,8,10,30,45,8,38.5,30,0.05,0,2.0.0,20261169
PK-009,2026-12-27,plan,27,Sonntag,7,52,1,0,,Pflegefachkraft,Pflegefachkraft,EXAM,0.9,34.65,8316,8316,7484,9148,5,2,2,8,1,1,Pflegefachkraft,0,0.0,-1881,12,12,0,0,0,1824,1,,,,,,0,,0,,3,2,3,0,730,1,3,2,3,0,638,1,2,1,2,0,456,0,ST-HCH1,Normalstation Herzchirurgie,24,Herzchirurgie,7.0,15.0,06:00,14:00,450,,13:30,21:30,450,F,21:15,06:15,495,F|S,11,10,8,10,30,45,8,38.5,30,0.05,0,2.0.0,20261169
PK-010,2026-12-27,plan,27,Sonntag,7,52,1,0,,Pflegefachkraft,Pflegefachkraft,EXAM,0.75,28.88,6931,6931,6238,7624,5,2,2,8,1,1,Pflegefachkraft,0,0.0,-1845,12,12,0,0,0,1824,1,,,,,,0,,0,,3,2,3,0,730,1,3,2,3,0,638,1,2,1,2,0,456,0,ST-HCH1,Normalstation Herzchirurgie,24,Herzchirurgie,7.0,15.0,06:00,14:00,450,,13:30,21:30,450,F,21:15,06:15,495,F|S,11,10,8,10,30,45,8,38.5,30,0.05,0,2.0.0,20261169
PK-011,2026-12-27,plan,27,Sonntag,7,52,1,0,,Pflegefachkraft,Pflegefachkraft,EXAM,0.8,30.8,7392,7392,6653,8131,5,2,2,8,1,1,Pflegefachkraft,0,0.0,-1947,12,12,0,0,0,1824,1,,2,,,,0,,0,,3,2,3,0,730,1,3,2,3,0,638,1,2,1,2,0,456,0,ST-HCH1,Normalstation Herzchirurgie,24,Herzchirurgie,7.0,15.0,06:00,14:00,450,,13:30,21:30,450,F,21:15,06:15,495,F|S,11,10,8,10,30,45,8,38.5,30,0.05,0,2.0.0,20261169
PK-012,2026-12-27,plan,27,Sonntag,7,52,1,0,,Pflegefachkraft,Pflegefachkraft,EXAM|KARDIO_MONITORING,0.7,26.95,6468,6468,5821,7115,5,2,2,8,1,1,Pflegefachkraft,0,0.0,-1473,12,12,0,0,0,1824,1,,,,,,0,,0,,3,2,3,0,730,1,3,2,3,0,638,1,2,1,2,0,456,0,ST-HCH1,Normalstation Herzchirurgie,24,Herzchirurgie,7.0,15.0,06:00,14:00,450,,13:30,21:30,450,F,21:15,06:15,495,F|S,11,10,8,10,30,45,8,38.5,30,0.05,0,2.0.0,20261169
PK-013,2026-12-27,plan,27,Sonntag,7,52,1,0,,Pflegefachkraft,Pflegefachkraft,EXAM,1.0,38.5,9240,9240,8316,10164,5,2,2,8,1,1,Pflegefachkraft,0,0.0,-2445,12,12,0,0,0,1824,1,,,,,,0,,0,,3,2,3,0,730,1,3,2,3,0,638,1,2,1,2,0,456,0,ST-HCH1,Normalstation Herzchirurgie,24,Herzchirurgie,7.0,15.0,06:00,14:00,450,,13:30,21:30,450,F,21:15,06:15,495,F|S,11,10,8,10,30,45,8,38.5,30,0.05,0,2.0.0,20261169
PK-014,2026-12-27,plan,27,Sonntag,7,52,1,0,,Pflegefachkraft,Pflegefachkraft,EXAM|KARDIO_MONITORING,0.5,19.25,4620,4620,4158,5082,5,2,2,8,1,1,Pflegefachkraft,0,0.0,-1020,12,12,0,0,0,1824,1,,,,,,0,,0,,3,2,3,0,730,1,3,2,3,0,638,1,2,1,2,0,456,0,ST-HCH1,Normalstation Herzchirurgie,24,Herzchirurgie,7.0,15.0,06:00,14:00,450,,13:30,21:30,450,F,21:15,06:15,495,F|S,11,10,8,10,30,45,8,38.5,30,0.05,0,2.0.0,20261169
PK-015,2026-12-27,plan,27,Sonntag,7,52,1,0,,Pflegefachkraft,Pflegefachkraft,EXAM,1.0,38.5,9240,9240,8316,10164,5,2,2,8,1,1,Pflegefachkraft,0,0.0,-2490,12,12,0,0,0,1824,1,,,,,,0,,0,,3,2,3,0,730,1,3,2,3,0,638,1,2,1,2,0,456,0,ST-HCH1,Normalstation Herzchirurgie,24,Herzchirurgie,7.0,15.0,06:00,14:00,450,,13:30,21:30,450,F,21:15,06:15,495,F|S,11,10,8,10,30,45,8,38.5,30,0.05,0,2.0.0,20261169
PK-016,2026-12-27,plan,27,Sonntag,7,52,1,0,,Pflegefachkraft,Pflegefachkraft,EXAM|PRAXISANLEITUNG,1.0,38.5,9240,9240,8316,10164,5,2,2,8,1,1,Pflegefachkraft,0,0.0,-2310,12,12,0,0,0,1824,1,,,,,,0,,0,,3,2,3,0,730,1,3,2,3,0,638,1,2,1,2,0,456,0,ST-HCH1,Normalstation Herzchirurgie,24,Herzchirurgie,7.0,15.0,06:00,14:00,450,,13:30,21:30,450,F,21:15,06:15,495,F|S,11,10,8,10,30,45,8,38.5,30,0.05,0,2.0.0,20261169
PK-017,2026-12-27,plan,27,Sonntag,7,52,1,0,,Pflegefachkraft,Pflegefachkraft,EXAM,0.8,30.8,7392,7392,6653,8131,5,2,2,8,1,1,Pflegefachkraft,0,0.0,-1902,12,12,0,0,0,1824,1,,,,,,1,12,0,,3,2,3,0,730,1,3,2,3,0,638,1,2,1,2,0,456,0,ST-HCH1,Normalstation Herzchirurgie,24,Herzchirurgie,7.0,15.0,06:00,14:00,450,,13:30,21:30,450,F,21:15,06:15,495,F|S,11,10,8,10,30,45,8,38.5,30,0.05,0,2.0.0,20261169
PK-018,2026-12-27,plan,27,Sonntag,7,52,1,0,,Pflegefachkraft,Pflegefachkraft,EXAM,0.5,19.25,4620,4620,4158,5082,5,2,2,8,1,1,Pflegefachkraft,0,0.0,-1245,12,12,0,0,0,1824,0,LANGZEITABWESENHEIT,,,,,0,,0,,3,2,3,0,730,1,3,2,3,0,638,1,2,1,2,0,456,0,ST-HCH1,Normalstation Herzchirurgie,24,Herzchirurgie,7.0,15.0,06:00,14:00,450,,13:30,21:30,450,F,21:15,06:15,495,F|S,11,10,8,10,30,45,8,38.5,30,0.05,0,2.0.0,20261169
