employee_id,date,period,day_index,weekday,weekday_num,iso_week,is_weekend,is_holiday,holiday_name,role,role_group,skills,employment_pct,weekly_hours,contract_minutes_horizon,planable_minutes_horizon,min_total_minutes,max_total_minutes,max_consecutive_shifts,min_consecutive_days_off,max_weekends,max_night_shifts,night_eligible,ppug_countable,ppug_category,is_ward_lead,lead_release_pct,time_account_start_min,census_1200,census_0000,admissions,discharges,isolation_patients,care_minutes_total,available,availability_type,request_off_weight,request_on_shift,request_on_weight,history_shift,absence_s1,absence_s1_notice_h,absence_s2,absence_s2_notice_h,required_F,ppug_min_F,min_fachkraft_F,max_hilfskraft_F,care_minutes_F,azubi_slots_F,required_S,ppug_min_S,min_fachkraft_S,max_hilfskraft_S,care_minutes_S,azubi_slots_S,required_N,ppug_min_N,min_fachkraft_N,max_hilfskraft_N,care_minutes_N,azubi_slots_N,ward_id,ward_name,beds,ppug_bereich,ppug_ratio_day,ppug_ratio_night,shift_F_start,shift_F_end,shift_F_net_min,shift_F_forbidden_next,shift_S_start,shift_S_end,shift_S_net_min,shift_S_forbidden_next,shift_N_start,shift_N_end,shift_N_net_min,shift_N_forbidden_next,rule_min_rest_h,rule_min_rest_h_with_compensation,rule_max_daily_h,rule_max_daily_h_with_compensation,rule_break_min_6_to_9h,rule_break_min_over_9h,rule_max_night_h,rule_weekly_hours_fulltime,rule_annual_leave_days,rule_max_helper_share,rule_azubi_counts_towards_minimum,dataset_version,seed
AZ-001,2026-11-02,history,-28,Montag,1,45,0,0,,Auszubildende_r_3_Ausbildungsjahr,Auszubildende,AUSZUBILDEND,1.0,38.5,9240,9240,8316,10164,5,2,2,8,1,0,nicht anrechenbar,0,0.0,-9240,23,21,2,7,1,3800,1,,,,,,0,,0,,3,3,2,1,1520,1,3,3,2,1,1330,1,2,1,2,0,950,0,ST-IK1,Normalstation Innere Medizin / Kardiologie,30,Innere Medizin und Kardiologie,10.0,22.0,06:00,14:00,450,,13:30,21:30,450,F,21:15,06:15,495,F|S,11,10,8,10,30,45,8,38.5,30,0.1,0,2.0.0,20261130
AZ-002,2026-11-02,history,-28,Montag,1,45,0,0,,Auszubildende_r_2_Ausbildungsjahr,Auszubildende,AUSZUBILDEND,1.0,38.5,9240,9240,8316,10164,5,2,2,8,1,0,nicht anrechenbar,0,0.0,-9240,23,21,2,7,1,3800,1,,,,,,0,,0,,3,3,2,1,1520,1,3,3,2,1,1330,1,2,1,2,0,950,0,ST-IK1,Normalstation Innere Medizin / Kardiologie,30,Innere Medizin und Kardiologie,10.0,22.0,06:00,14:00,450,,13:30,21:30,450,F,21:15,06:15,495,F|S,11,10,8,10,30,45,8,38.5,30,0.1,0,2.0.0,20261130
AZ-003,2026-11-02,history,-28,Montag,1,45,0,0,,Auszubildende_r_1_Ausbildungsjahr,Auszubildende,AUSZUBILDEND,1.0,38.5,9240,9240,8316,10164,5,2,2,0,0,0,nicht anrechenbar,0,0.0,-9240,23,21,2,7,1,3800,1,,,,,,0,,0,,3,3,2,1,1520,1,3,3,2,1,1330,1,2,1,2,0,950,0,ST-IK1,Normalstation Innere Medizin / Kardiologie,30,Innere Medizin und Kardiologie,10.0,22.0,06:00,14:00,450,,13:30,21:30,450,F,21:15,06:15,495,F|S,11,10,8,10,30,45,8,38.5,30,0.1,0,2.0.0,20261130
PH-001,2026-11-02,history,-28,Montag,1,45,0,0,,Pflegehilfskraft,Pflegehilfskraft,PFLEGEHILFE,0.75,28.88,6931,6931,6238,7624,5,2,2,0,0,1,Pflegehilfskraft,0,0.0,-1530,23,21,2,7,1,3800,1,,,,,F,0,,0,,3,3,2,1,1520,1,3,3,2,1,1330,1,2,1,2,0,950,0,ST-IK1,Normalstation Innere Medizin / Kardiologie,30,Innere Medizin und Kardiologie,10.0,22.0,06:00,14:00,450,,13:30,21:30,450,F,21:15,06:15,495,F|S,11,10,8,10,30,45,8,38.5,30,0.1,0,2.0.0,20261130
PH-002,2026-11-02,history,-28,Montag,1,45,0,0,,Pflegehilfskraft,Pflegehilfskraft,PFLEGEHILFE,0.5,19.25,4620,4620,4158,5082,5,2,2,0,0,1,Pflegehilfskraft,0,0.0,597,23,21,2,7,1,3800,1,,,,,S,0,,0,,3,3,2,1,1520,1,3,3,2,1,1330,1,2,1,2,0,950,0,ST-IK1,Normalstation Innere Medizin / Kardiologie,30,Innere Medizin und Kardiologie,10.0,22.0,06:00,14:00,450,,13:30,21:30,450,F,21:15,06:15,495,F|S,11,10,8,10,30,45,8,38.5,30,0.1,0,2.0.0,20261130
PK-001,2026-11-02,history,-28,Montag,1,45,0,0,,Stationsleitung,Pflegefachkraft,EXAM|LEITUNG|PRAXISANLEITUNG,1.0,38.5,9240,4620,4158,5082,5,2,2,0,0,1,Pflegefachkraft,1,0.5,2130,23,21,2,7,1,3800,1,,,,,F,0,,0,,3,3,2,1,1520,1,3,3,2,1,1330,1,2,1,2,0,950,0,ST-IK1,Normalstation Innere Medizin / Kardiologie,30,Innere Medizin und Kardiologie,10.0,22.0,06:00,14:00,450,,13:30,21:30,450,F,21:15,06:15,495,F|S,11,10,8,10,30,45,8,38.5,30,0.1,0,2.0.0,20261130
PK-002,2026-11-02,history,-28,Montag,1,45,0,0,,Pflegefachkraft,Pflegefachkraft,EXAM|PRAXISANLEITUNG|KARDIO_MONITORING,0.5,19.25,4620,4620,4158,5082,5,2,2,8,1,1,Pflegefachkraft,0,0.0,-885,23,21,2,7,1,3800,1,,,,,N,0,,0,,3,3,2,1,1520,1,3,3,2,1,1330,1,2,1,2,0,950,0,ST-IK1,Normalstation Innere Medizin / Kardiologie,30,Innere Medizin und Kardiologie,10.0,22.0,06:00,14:00,450,,13:30,21:30,450,F,21:15,06:15,495,F|S,11,10,8,10,30,45,8,38.5,30,0.1,0,2.0.0,20261130
PK-003,2026-11-02,history,-28,Montag,1,45,0,0,,Pflegefachkraft,Pflegefachkraft,EXAM,0.75,28.88,6931,6931,6238,7624,5,2,2,8,1,1,Pflegefachkraft,0,0.0,-1890,23,21,2,7,1,3800,1,,,,,N,0,,0,,3,3,2,1,1520,1,3,3,2,1,1330,1,2,1,2,0,950,0,ST-IK1,Normalstation Innere Medizin / Kardiologie,30,Innere Medizin und Kardiologie,10.0,22.0,06:00,14:00,450,,13:30,21:30,450,F,21:15,06:15,495,F|S,11,10,8,10,30,45,8,38.5,30,0.1,0,2.0.0,20261130
PK-004,2026-11-02,history,-28,Montag,1,45,0,0,,Pflegefachkraft,Pflegefachkraft,EXAM,0.75,28.88,6931,6931,6238,7624,5,2,2,8,1,1,Pflegefachkraft,0,0.0,-1890,23,21,2,7,1,3800,1,,,,,F,0,,0,,3,3,2,1,1520,1,3,3,2,1,1330,1,2,1,2,0,950,0,ST-IK1,Normalstation Innere Medizin / Kardiologie,30,Innere Medizin und Kardiologie,10.0,22.0,06:00,14:00,450,,13:30,21:30,450,F,21:15,06:15,495,F|S,11,10,8,10,30,45,8,38.5,30,0.1,0,2.0.0,20261130
PK-005,2026-11-02,history,-28,Montag,1,45,0,0,,Pflegefachkraft,Pflegefachkraft,EXAM,0.6,23.1,5544,5544,4990,6098,5,2,2,8,1,1,Pflegefachkraft,0,0.0,-1449,23,21,2,7,1,3800,1,,,,,S,0,,0,,3,3,2,1,1520,1,3,3,2,1,1330,1,2,1,2,0,950,0,ST-IK1,Normalstation Innere Medizin / Kardiologie,30,Innere Medizin und Kardiologie,10.0,22.0,06:00,14:00,450,,13:30,21:30,450,F,21:15,06:15,495,F|S,11,10,8,10,30,45,8,38.5,30,0.1,0,2.0.0,20261130
PK-006,2026-11-02,history,-28,Montag,1,45,0,0,,Pflegefachkraft,Pflegefachkraft,EXAM,1.0,38.5,9240,9240,8316,10164,5,2,2,8,1,1,Pflegefachkraft,0,0.0,-2670,23,21,2,7,1,3800,1,,,,,S,0,,0,,3,3,2,1,1520,1,3,3,2,1,1330,1,2,1,2,0,950,0,ST-IK1,Normalstation Innere Medizin / Kardiologie,30,Innere Medizin und Kardiologie,10.0,22.0,06:00,14:00,450,,13:30,21:30,450,F,21:15,06:15,495,F|S,11,10,8,10,30,45,8,38.5,30,0.1,0,2.0.0,20261130
PK-007,2026-11-02,history,-28,Montag,1,45,0,0,,Pflegefachkraft,Pflegefachkraft,EXAM|PRAXISANLEITUNG,1.0,38.5,9240,9240,8316,10164,5,2,2,8,1,1,Pflegefachkraft,0,0.0,-2175,23,21,2,7,1,3800,1,,,,,,0,,0,,3,3,2,1,1520,1,3,3,2,1,1330,1,2,1,2,0,950,0,ST-IK1,Normalstation Innere Medizin / Kardiologie,30,Innere Medizin und Kardiologie,10.0,22.0,06:00,14:00,450,,13:30,21:30,450,F,21:15,06:15,495,F|S,11,10,8,10,30,45,8,38.5,30,0.1,0,2.0.0,20261130
PK-008,2026-11-02,history,-28,Montag,1,45,0,0,,Pflegefachkraft,Pflegefachkraft,EXAM,0.6,23.1,5544,5544,4990,6098,5,2,2,8,1,1,Pflegefachkraft,0,0.0,-1449,23,21,2,7,1,3800,1,,,,,,0,,0,,3,3,2,1,1520,1,3,3,2,1,1330,1,2,1,2,0,950,0,ST-IK1,Normalstation Innere Medizin / Kardiologie,30,Innere Medizin und Kardiologie,10.0,22.0,06:00,14:00,450,,13:30,21:30,450,F,21:15,06:15,495,F|S,11,10,8,10,30,45,8,38.5,30,0.1,0,2.0.0,20261130
PK-009,2026-11-02,history,-28,Montag,1,45,0,0,,Pflegefachkraft,Pflegefachkraft,EXAM,1.0,38.5,9240,9240,8316,10164,5,2,2,8,1,1,Pflegefachkraft,0,0.0,-2445,23,21,2,7,1,3800,1,,,,,,0,,0,,3,3,2,1,1520,1,3,3,2,1,1330,1,2,1,2,0,950,0,ST-IK1,Normalstation Innere Medizin / Kardiologie,30,Innere Medizin und Kardiologie,10.0,22.0,06:00,14:00,450,,13:30,21:30,450,F,21:15,06:15,495,F|S,11,10,8,10,30,45,8,38.5,30,0.1,0,2.0.0,20261130
PK-010,2026-11-02,history,-28,Montag,1,45,0,0,,Pflegefachkraft,Pflegefachkraft,EXAM,0.8,30.8,7392,7392,6653,8131,5,2,2,8,1,1,Pflegefachkraft,0,0.0,-1947,23,21,2,7,1,3800,1,,,,,,0,,0,,3,3,2,1,1520,1,3,3,2,1,1330,1,2,1,2,0,950,0,ST-IK1,Normalstation Innere Medizin / Kardiologie,30,Innere Medizin und Kardiologie,10.0,22.0,06:00,14:00,450,,13:30,21:30,450,F,21:15,06:15,495,F|S,11,10,8,10,30,45,8,38.5,30,0.1,0,2.0.0,20261130
PK-011,2026-11-02,history,-28,Montag,1,45,0,0,,Pflegefachkraft,Pflegefachkraft,EXAM|PRAXISANLEITUNG|KARDIO_MONITORING,1.0,38.5,9240,9240,8316,10164,5,2,2,8,1,1,Pflegefachkraft,0,0.0,-2445,23,21,2,7,1,3800,1,,,,,,0,,0,,3,3,2,1,1520,1,3,3,2,1,1330,1,2,1,2,0,950,0,ST-IK1,Normalstation Innere Medizin / Kardiologie,30,Innere Medizin und Kardiologie,10.0,22.0,06:00,14:00,450,,13:30,21:30,450,F,21:15,06:15,495,F|S,11,10,8,10,30,45,8,38.5,30,0.1,0,2.0.0,20261130
PK-012,2026-11-02,history,-28,Montag,1,45,0,0,,Pflegefachkraft,Pflegefachkraft,EXAM,1.0,38.5,9240,9240,8316,10164,5,2,2,8,1,1,Pflegefachkraft,0,0.0,1104,23,21,2,7,1,3800,1,,,,,,0,,0,,3,3,2,1,1520,1,3,3,2,1,1330,1,2,1,2,0,950,0,ST-IK1,Normalstation Innere Medizin / Kardiologie,30,Innere Medizin und Kardiologie,10.0,22.0,06:00,14:00,450,,13:30,21:30,450,F,21:15,06:15,495,F|S,11,10,8,10,30,45,8,38.5,30,0.1,0,2.0.0,20261130
PK-013,2026-11-02,history,-28,Montag,1,45,0,0,,Pflegefachkraft,Pflegefachkraft,EXAM|PRAXISANLEITUNG|KARDIO_MONITORING,1.0,38.5,9240,9240,8316,10164,5,2,2,8,1,1,Pflegefachkraft,0,0.0,1104,23,21,2,7,1,3800,1,,,,,,0,,0,,3,3,2,1,1520,1,3,3,2,1,1330,1,2,1,2,0,950,0,ST-IK1,Normalstation Innere Medizin / Kardiologie,30,Innere Medizin und Kardiologie,10.0,22.0,06:00,14:00,450,,13:30,21:30,450,F,21:15,06:15,495,F|S,11,10,8,10,30,45,8,38.5,30,0.1,0,2.0.0,20261130
PK-014,2026-11-02,history,-28,Montag,1,45,0,0,,Pflegefachkraft,Pflegefachkraft,EXAM|PRAXISANLEITUNG,0.9,34.65,8316,8316,7484,9148,5,2,2,8,1,1,Pflegefachkraft,0,0.0,-1926,23,21,2,7,1,3800,1,,,,,,0,,0,,3,3,2,1,1520,1,3,3,2,1,1330,1,2,1,2,0,950,0,ST-IK1,Normalstation Innere Medizin / Kardiologie,30,Innere Medizin und Kardiologie,10.0,22.0,06:00,14:00,450,,13:30,21:30,450,F,21:15,06:15,495,F|S,11,10,8,10,30,45,8,38.5,30,0.1,0,2.0.0,20261130
PK-015,2026-11-02,history,-28,Montag,1,45,0,0,,Pflegefachkraft,Pflegefachkraft,EXAM|KARDIO_MONITORING,1.0,38.5,9240,9240,8316,10164,5,2,2,8,1,1,Pflegefachkraft,0,0.0,-2355,23,21,2,7,1,3800,1,,,,,,0,,0,,3,3,2,1,1520,1,3,3,2,1,1330,1,2,1,2,0,950,0,ST-IK1,Normalstation Innere Medizin / Kardiologie,30,Innere Medizin und Kardiologie,10.0,22.0,06:00,14:00,450,,13:30,21:30,450,F,21:15,06:15,495,F|S,11,10,8,10,30,45,8,38.5,30,0.1,0,2.0.0,20261130
PK-016,2026-11-02,history,-28,Montag,1,45,0,0,,Pflegefachkraft,Pflegefachkraft,EXAM|KARDIO_MONITORING,1.0,38.5,9240,9240,8316,10164,5,2,2,8,1,1,Pflegefachkraft,0,0.0,-2625,23,21,2,7,1,3800,1,,,,,,0,,0,,3,3,2,1,1520,1,3,3,2,1,1330,1,2,1,2,0,950,0,ST-IK1,Normalstation Innere Medizin / Kardiologie,30,Innere Medizin und Kardiologie,10.0,22.0,06:00,14:00,450,,13:30,21:30,450,F,21:15,06:15,495,F|S,11,10,8,10,30,45,8,38.5,30,0.1,0,2.0.0,20261130
PK-017,2026-11-02,history,-28,Montag,1,45,0,0,,Pflegefachkraft,Pflegefachkraft,EXAM,0.5,19.25,4620,4620,4158,5082,5,2,2,8,1,1,Pflegefachkraft,0,0.0,-885,23,21,2,7,1,3800,1,,,,,,0,,0,,3,3,2,1,1520,1,3,3,2,1,1330,1,2,1,2,0,950,0,ST-IK1,Normalstation Innere Medizin / Kardiologie,30,Innere Medizin und Kardiologie,10.0,22.0,06:00,14:00,450,,13:30,21:30,450,F,21:15,06:15,495,F|S,11,10,8,10,30,45,8,38.5,30,0.1,0,2.0.0,20261130
AZ-001,2026-11-03,history,-27,Dienstag,2,45,0,0,,Auszubildende_r_3_Ausbildungsjahr,Auszubildende,AUSZUBILDEND,1.0,38.5,9240,9240,8316,10164,5,2,2,8,1,0,nicht anrechenbar,0,0.0,-9240,21,19,4,5,1,3622,1,,,,,,0,,0,,3,3,2,1,1449,1,3,3,2,1,1268,1,2,1,2,0,906,0,ST-IK1,Normalstation Innere Medizin / Kardiologie,30,Innere Medizin und Kardiologie,10.0,22.0,06:00,14:00,450,,13:30,21:30,450,F,21:15,06:15,495,F|S,11,10,8,10,30,45,8,38.5,30,0.1,0,2.0.0,20261130
AZ-002,2026-11-03,history,-27,Dienstag,2,45,0,0,,Auszubildende_r_2_Ausbildungsjahr,Auszubildende,AUSZUBILDEND,1.0,38.5,9240,9240,8316,10164,5,2,2,8,1,0,nicht anrechenbar,0,0.0,-9240,21,19,4,5,1,3622,1,,,,,,0,,0,,3,3,2,1,1449,1,3,3,2,1,1268,1,2,1,2,0,906,0,ST-IK1,Normalstation Innere Medizin / Kardiologie,30,Innere Medizin und Kardiologie,10.0,22.0,06:00,14:00,450,,13:30,21:30,450,F,21:15,06:15,495,F|S,11,10,8,10,30,45,8,38.5,30,0.1,0,2.0.0,20261130
AZ-003,2026-11-03,history,-27,Dienstag,2,45,0,0,,Auszubildende_r_1_Ausbildungsjahr,Auszubildende,AUSZUBILDEND,1.0,38.5,9240,9240,8316,10164,5,2,2,0,0,0,nicht anrechenbar,0,0.0,-9240,21,19,4,5,1,3622,1,,,,,,0,,0,,3,3,2,1,1449,1,3,3,2,1,1268,1,2,1,2,0,906,0,ST-IK1,Normalstation Innere Medizin / Kardiologie,30,Innere Medizin und Kardiologie,10.0,22.0,06:00,14:00,450,,13:30,21:30,450,F,21:15,06:15,495,F|S,11,10,8,10,30,45,8,38.5,30,0.1,0,2.0.0,20261130
PH-001,2026-11-03,history,-27,Dienstag,2,45,0,0,,Pflegehilfskraft,Pflegehilfskraft,PFLEGEHILFE,0.75,28.88,6931,6931,6238,7624,5,2,2,0,0,1,Pflegehilfskraft,0,0.0,-1530,21,19,4,5,1,3622,1,,,,,,0,,0,,3,3,2,1,1449,1,3,3,2,1,1268,1,2,1,2,0,906,0,ST-IK1,Normalstation Innere Medizin / Kardiologie,30,Innere Medizin und Kardiologie,10.0,22.0,06:00,14:00,450,,13:30,21:30,450,F,21:15,06:15,495,F|S,11,10,8,10,30,45,8,38.5,30,0.1,0,2.0.0,20261130
PH-002,2026-11-03,history,-27,Dienstag,2,45,0,0,,Pflegehilfskraft,Pflegehilfskraft,PFLEGEHILFE,0.5,19.25,4620,4620,4158,5082,5,2,2,0,0,1,Pflegehilfskraft,0,0.0,597,21,19,4,5,1,3622,1,,,,,,0,,0,,3,3,2,1,1449,1,3,3,2,1,1268,1,2,1,2,0,906,0,ST-IK1,Normalstation Innere Medizin / Kardiologie,30,Innere Medizin und Kardiologie,10.0,22.0,06:00,14:00,450,,13:30,21:30,450,F,21:15,06:15,495,F|S,11,10,8,10,30,45,8,38.5,30,0.1,0,2.0.0,20261130
PK-001,2026-11-03,history,-27,Dienstag,2,45,0,0,,Stationsleitung,Pflegefachkraft,EXAM|LEITUNG|PRAXISANLEITUNG,1.0,38.5,9240,4620,4158,5082,5,2,2,0,0,1,Pflegefachkraft,1,0.5,2130,21,19,4,5,1,3622,1,,,,,,0,,0,,3,3,2,1,1449,1,3,3,2,1,1268,1,2,1,2,0,906,0,ST-IK1,Normalstation Innere Medizin / Kardiologie,30,Innere Medizin und Kardiologie,10.0,22.0,06:00,14:00,450,,13:30,21:30,450,F,21:15,06:15,495,F|S,11,10,8,10,30,45,8,38.5,30,0.1,0,2.0.0,20261130
PK-002,2026-11-03,history,-27,Dienstag,2,45,0,0,,Pflegefachkraft,Pflegefachkraft,EXAM|PRAXISANLEITUNG|KARDIO_MONITORING,0.5,19.25,4620,4620,4158,5082,5,2,2,8,1,1,Pflegefachkraft,0,0.0,-885,21,19,4,5,1,3622,1,,,,,,0,,0,,3,3,2,1,1449,1,3,3,2,1,1268,1,2,1,2,0,906,0,ST-IK1,Normalstation Innere Medizin / Kardiologie,30,Innere Medizin und Kardiologie,10.0,22.0,06:00,14:00,450,,13:30,21:30,450,F,21:15,06:15,495,F|S,11,10,8,10,30,45,8,38.5,30,0.1,0,2.0.0,20261130
PK-003,2026-11-03,history,-27,Dienstag,2,45,0,0,,Pflegefachkraft,Pflegefachkraft,EXAM,0.75,28.88,6931,6931,6238,7624,5,2,2,8,1,1,Pflegefachkraft,0,0.0,-1890,21,19,4,5,1,3622,1,,,,,,0,,0,,3,3,2,1,1449,1,3,3,2,1,1268,1,2,1,2,0,906,0,ST-IK1,Normalstation Innere Medizin / Kardiologie,30,Innere Medizin und Kardiologie,10.0,22.0,06:00,14:00,450,,13:30,21:30,450,F,21:15,06:15,495,F|S,11,10,8,10,30,45,8,38.5,30,0.1,0,2.0.0,20261130
PK-004,2026-11-03,history,-27,Dienstag,2,45,0,0,,Pflegefachkraft,Pflegefachkraft,EXAM,0.75,28.88,6931,6931,6238,7624,5,2,2,8,1,1,Pflegefachkraft,0,0.0,-1890,21,19,4,5,1,3622,1,,,,,,0,,0,,3,3,2,1,1449,1,3,3,2,1,1268,1,2,1,2,0,906,0,ST-IK1,Normalstation Innere Medizin / Kardiologie,30,Innere Medizin und Kardiologie,10.0,22.0,06:00,14:00,450,,13:30,21:30,450,F,21:15,06:15,495,F|S,11,10,8,10,30,45,8,38.5,30,0.1,0,2.0.0,20261130
PK-005,2026-11-03,history,-27,Dienstag,2,45,0,0,,Pflegefachkraft,Pflegefachkraft,EXAM,0.6,23.1,5544,5544,4990,6098,5,2,2,8,1,1,Pflegefachkraft,0,0.0,-1449,21,19,4,5,1,3622,1,,,,,,0,,0,,3,3,2,1,1449,1,3,3,2,1,1268,1,2,1,2,0,906,0,ST-IK1,Normalstation Innere Medizin / Kardiologie,30,Innere Medizin und Kardiologie,10.0,22.0,06:00,14:00,450,,13:30,21:30,450,F,21:15,06:15,495,F|S,11,10,8,10,30,45,8,38.5,30,0.1,0,2.0.0,20261130
PK-006,2026-11-03,history,-27,Dienstag,2,45,0,0,,Pflegefachkraft,Pflegefachkraft,EXAM,1.0,38.5,9240,9240,8316,10164,5,2,2,8,1,1,Pflegefachkraft,0,0.0,-2670,21,19,4,5,1,3622,1,,,,,,0,,0,,3,3,2,1,1449,1,3,3,2,1,1268,1,2,1,2,0,906,0,ST-IK1,Normalstation Innere Medizin / Kardiologie,30,Innere Medizin und Kardiologie,10.0,22.0,06:00,14:00,450,,13:30,21:30,450,F,21:15,06:15,495,F|S,11,10,8,10,30,45,8,38.5,30,0.1,0,2.0.0,20261130
PK-007,2026-11-03,history,-27,Dienstag,2,45,0,0,,Pflegefachkraft,Pflegefachkraft,EXAM|PRAXISANLEITUNG,1.0,38.5,9240,9240,8316,10164,5,2,2,8,1,1,Pflegefachkraft,0,0.0,-2175,21,19,4,5,1,3622,1,,,,,N,0,,0,,3,3,2,1,1449,1,3,3,2,1,1268,1,2,1,2,0,906,0,ST-IK1,Normalstation Innere Medizin / Kardiologie,30,Innere Medizin und Kardiologie,10.0,22.0,06:00,14:00,450,,13:30,21:30,450,F,21:15,06:15,495,F|S,11,10,8,10,30,45,8,38.5,30,0.1,0,2.0.0,20261130
PK-008,2026-11-03,history,-27,Dienstag,2,45,0,0,,Pflegefachkraft,Pflegefachkraft,EXAM,0.6,23.1,5544,5544,4990,6098,5,2,2,8,1,1,Pflegefachkraft,0,0.0,-1449,21,19,4,5,1,3622,1,,,,,N,0,,0,,3,3,2,1,1449,1,3,3,2,1,1268,1,2,1,2,0,906,0,ST-IK1,Normalstation Innere Medizin / Kardiologie,30,Innere Medizin und Kardiologie,10.0,22.0,06:00,14:00,450,,13:30,21:30,450,F,21:15,06:15,495,F|S,11,10,8,10,30,45,8,38.5,30,0.1,0,2.0.0,20261130
PK-009,2026-11-03,history,-27,Dienstag,2,45,0,0,,Pflegefachkraft,Pflegefachkraft,EXAM,1.0,38.5,9240,9240,8316,10164,5,2,2,8,1,1,Pflegefachkraft,0,0.0,-2445,21,19,4,5,1,3622,1,,,,,F,0,,0,,3,3,2,1,1449,1,3,3,2,1,1268,1,2,1,2,0,906,0,ST-IK1,Normalstation Innere Medizin / Kardiologie,30,Innere Medizin und Kardiologie,10.0,22.0,06:00,14:00,450,,13:30,21:30,450,F,21:15,06:15,495,F|S,11,10,8,10,30,45,8,38.5,30,0.1,0,2.0.0,20261130
PK-010,2026-11-03,history,-27,Dienstag,2,45,0,0,,Pflegefachkraft,Pflegefachkraft,EXAM,0.8,30.8,7392,7392,6653,8131,5,2,2,8,1,1,Pflegefachkraft,0,0.0,-1947,21,19,4,5,1,3622,1,,,,,F,0,,0,,3,3,2,1,1449,1,3,3,2,1,1268,1,2,1,2,0,906,0,ST-IK1,Normalstation Innere Medizin / Kardiologie,30,Innere Medizin und Kardiologie,10.0,22.0,06:00,14:00,450,,13:30,21:30,450,F,21:15,06:15,495,F|S,11,10,8,10,30,45,8,38.5,30,0.1,0,2.0.0,20261130
PK-011,2026-11-03,history,-27,Dienstag,2,45,0,0,,Pflegefachkraft,Pflegefachkraft,EXAM|PRAXISANLEITUNG|KARDIO_MONITORING,1.0,38.5,9240,9240,8316,10164,5,2,2,8,1,1,Pflegefachkraft,0,0.0,-2445,21,19,4,5,1,3622,1,,,,,F,0,,0,,3,3,2,1,1449,1,3,3,2,1,1268,1,2,1,2,0,906,0,ST-IK1,Normalstation Innere Medizin / Kardiologie,30,Innere Medizin und Kardiologie,10.0,22.0,06:00,14:00,450,,13:30,21:30,450,F,21:15,06:15,495,F|S,11,10,8,10,30,45,8,38.5,30,0.1,0,2.0.0,20261130
PK-012,2026-11-03,history,-27,Dienstag,2,45,0,0,,Pflegefachkraft,Pflegefachkraft,EXAM,1.0,38.5,9240,9240,8316,10164,5,2,2,8,1,1,Pflegefachkraft,0,0.0,1104,21,19,4,5,1,3622,0,URLAUB,,,,,0,,0,,3,3,2,1,1449,1,3,3,2,1,1268,1,2,1,2,0,906,0,ST-IK1,Normalstation Innere Medizin / Kardiologie,30,Innere Medizin und Kardiologie,10.0,22.0,06:00,14:00,450,,13:30,21:30,450,F,21:15,06:15,495,F|S,11,10,8,10,30,45,8,38.5,30,0.1,0,2.0.0,20261130
PK-013,2026-11-03,history,-27,Dienstag,2,45,0,0,,Pflegefachkraft,Pflegefachkraft,EXAM|PRAXISANLEITUNG|KARDIO_MONITORING,1.0,38.5,9240,9240,8316,10164,5,2,2,8,1,1,Pflegefachkraft,0,0.0,1104,21,19,4,5,1,3622,1,,,,,S,0,,0,,3,3,2,1,1449,1,3,3,2,1,1268,1,2,1,2,0,906,0,ST-IK1,Normalstation Innere Medizin / Kardiologie,30,Innere Medizin und Kardiologie,10.0,22.0,06:00,14:00,450,,13:30,21:30,450,F,21:15,06:15,495,F|S,11,10,8,10,30,45,8,38.5,30,0.1,0,2.0.0,20261130
PK-014,2026-11-03,history,-27,Dienstag,2,45,0,0,,Pflegefachkraft,Pflegefachkraft,EXAM|PRAXISANLEITUNG,0.9,34.65,8316,8316,7484,9148,5,2,2,8,1,1,Pflegefachkraft,0,0.0,-1926,21,19,4,5,1,3622,1,,,,,S,0,,0,,3,3,2,1,1449,1,3,3,2,1,1268,1,2,1,2,0,906,0,ST-IK1,Normalstation Innere Medizin / Kardiologie,30,Innere Medizin und Kardiologie,10.0,22.0,06:00,14:00,450,,13:30,21:30,450,F,21:15,06:15,495,F|S,11,10,8,10,30,45,8,38.5,30,0.1,0,2.0.0,20261130
PK-015,2026-11-03,history,-27,Dienstag,2,45,0,0,,Pflegefachkraft,Pflegefachkraft,EXAM|KARDIO_MONITORING,1.0,38.5,9240,9240,8316,10164,5,2,2,8,1,1,Pflegefachkraft,0,0.0,-2355,21,19,4,5,1,3622,1,,,,,S,0,,0,,3,3,2,1,1449,1,3,3,2,1,1268,1,2,1,2,0,906,0,ST-IK1,Normalstation Innere Medizin / Kardiologie,30,Innere Medizin und Kardiologie,10.0,22.0,06:00,14:00,450,,13:30,21:30,450,F,21:15,06:15,495,F|S,11,10,8,10,30,45,8,38.5,30,0.1,0,2.0.0,20261130
PK-016,2026-11-03,history,-27,Dienstag,2,45,0,0,,Pflegefachkraft,Pflegefachkraft,EXAM|KARDIO_MONITORING,1.0,38.5,9240,9240,8316,10164,5,2,2,8,1,1,Pflegefachkraft,0,0.0,-2625,21,19,4,5,1,3622,1,,,,,,0,,0,,3,3,2,1,1449,1,3,3,2,1,1268,1,2,1,2,0,906,0,ST-IK1,Normalstation Innere Medizin / Kardiologie,30,Innere Medizin und Kardiologie,10.0,22.0,06:00,14:00,450,,13:30,21:30,450,F,21:15,06:15,495,F|S,11,10,8,10,30,45,8,38.5,30,0.1,0,2.0.0,20261130
PK-017,2026-11-03,history,-27,Dienstag,2,45,0,0,,Pflegefachkraft,Pflegefachkraft,EXAM,0.5,19.25,4620,4620,4158,5082,5,2,2,8,1,1,Pflegefachkraft,0,0.0,-885,21,19,4,5,1,3622,1,,,,,,0,,0,,3,3,2,1,1449,1,3,3,2,1,1268,1,2,1,2,0,906,0,ST-IK1,Normalstation Innere Medizin / Kardiologie,30,Innere Medizin und Kardiologie,10.0,22.0,06:00,14:00,450,,13:30,21:30,450,F,21:15,06:15,495,F|S,11,10,8,10,30,45,8,38.5,30,0.1,0,2.0.0,20261130
AZ-001,2026-11-04,history,-26,Mittwoch,3,45,0,0,,Auszubildende_r_3_Ausbildungsjahr,Auszubildende,AUSZUBILDEND,1.0,38.5,9240,9240,8316,10164,5,2,2,8,1,0,nicht anrechenbar,0,0.0,-9240,24,24,2,1,0,4014,1,,,,,,0,,0,,4,3,3,1,1606,1,3,3,2,1,1405,1,2,2,2,0,1004,0,ST-IK1,Normalstation Innere Medizin / Kardiologie,30,Innere Medizin und Kardiologie,10.0,22.0,06:00,14:00,450,,13:30,21:30,450,F,21:15,06:15,495,F|S,11,10,8,10,30,45,8,38.5,30,0.1,0,2.0.0,20261130
AZ-002,2026-11-04,history,-26,Mittwoch,3,45,0,0,,Auszubildende_r_2_Ausbildungsjahr,Auszubildende,AUSZUBILDEND,1.0,38.5,9240,9240,8316,10164,5,2,2,8,1,0,nicht anrechenbar,0,0.0,-9240,24,24,2,1,0,4014,1,,,,,,0,,0,,4,3,3,1,1606,1,3,3,2,1,1405,1,2,2,2,0,1004,0,ST-IK1,Normalstation Innere Medizin / Kardiologie,30,Innere Medizin und Kardiologie,10.0,22.0,06:00,14:00,450,,13:30,21:30,450,F,21:15,06:15,495,F|S,11,10,8,10,30,45,8,38.5,30,0.1,0,2.0.0,20261130
AZ-003,2026-11-04,history,-26,Mittwoch,3,45,0,0,,Auszubildende_r_1_Ausbildungsjahr,Auszubildende,AUSZUBILDEND,1.0,38.5,9240,9240,8316,10164,5,2,2,0,0,0,nicht anrechenbar,0,0.0,-9240,24,24,2,1,0,4014,1,,,,,,0,,0,,4,3,3,1,1606,1,3,3,2,1,1405,1,2,2,2,0,1004,0,ST-IK1,Normalstation Innere Medizin / Kardiologie,30,Innere Medizin und Kardiologie,10.0,22.0,06:00,14:00,450,,13:30,21:30,450,F,21:15,06:15,495,F|S,11,10,8,10,30,45,8,38.5,30,0.1,0,2.0.0,20261130
PH-001,2026-11-04,history,-26,Mittwoch,3,45,0,0,,Pflegehilfskraft,Pflegehilfskraft,PFLEGEHILFE,0.75,28.88,6931,6931,6238,7624,5,2,2,0,0,1,Pflegehilfskraft,0,0.0,-1530,24,24,2,1,0,4014,1,,,,,,0,,0,,4,3,3,1,1606,1,3,3,2,1,1405,1,2,2,2,0,1004,0,ST-IK1,Normalstation Innere Medizin / Kardiologie,30,Innere Medizin und Kardiologie,10.0,22.0,06:00,14:00,450,,13:30,21:30,450,F,21:15,06:15,495,F|S,11,10,8,10,30,45,8,38.5,30,0.1,0,2.0.0,20261130
PH-002,2026-11-04,history,-26,Mittwoch,3,45,0,0,,Pflegehilfskraft,Pflegehilfskraft,PFLEGEHILFE,0.5,19.25,4620,4620,4158,5082,5,2,2,0,0,1,Pflegehilfskraft,0,0.0,597,24,24,2,1,0,4014,1,,,,,,0,,0,,4,3,3,1,1606,1,3,3,2,1,1405,1,2,2,2,0,1004,0,ST-IK1,Normalstation Innere Medizin / Kardiologie,30,Innere Medizin und Kardiologie,10.0,22.0,06:00,14:00,450,,13:30,21:30,450,F,21:15,06:15,495,F|S,11,10,8,10,30,45,8,38.5,30,0.1,0,2.0.0,20261130
PK-001,2026-11-04,history,-26,Mittwoch,3,45,0,0,,Stationsleitung,Pflegefachkraft,EXAM|LEITUNG|PRAXISANLEITUNG,1.0,38.5,9240,4620,4158,5082,5,2,2,0,0,1,Pflegefachkraft,1,0.5,2130,24,24,2,1,0,4014,1,,,,,F,0,,0,,4,3,3,1,1606,1,3,3,2,1,1405,1,2,2,2,0,1004,0,ST-IK1,Normalstation Innere Medizin / Kardiologie,30,Innere Medizin und Kardiologie,10.0,22.0,06:00,14:00,450,,13:30,21:30,450,F,21:15,06:15,495,F|S,11,10,8,10,30,45,8,38.5,30,0.1,0,2.0.0,20261130
PK-002,2026-11-04,history,-26,Mittwoch,3,45,0,0,,Pflegefachkraft,Pflegefachkraft,EXAM|PRAXISANLEITUNG|KARDIO_MONITORING,0.5,19.25,4620,4620,4158,5082,5,2,2,8,1,1,Pflegefachkraft,0,0.0,-885,24,24,2,1,0,4014,1,,,,,,0,,0,,4,3,3,1,1606,1,3,3,2,1,1405,1,2,2,2,0,1004,0,ST-IK1,Normalstation Innere Medizin / Kardiologie,30,Innere Medizin und Kardiologie,10.0,22.0,06:00,14:00,450,,13:30,21:30,450,F,21:15,06:15,495,F|S,11,10,8,10,30,45,8,38.5,30,0.1,0,2.0.0,20261130
PK-003,2026-11-04,history,-26,Mittwoch,3,45,0,0,,Pflegefachkraft,Pflegefachkraft,EXAM,0.75,28.88,6931,6931,6238,7624,5,2,2,8,1,1,Pflegefachkraft,0,0.0,-1890,24,24,2,1,0,4014,1,,,,,,0,,0,,4,3,3,1,1606,1,3,3,2,1,1405,1,2,2,2,0,1004,0,ST-IK1,Normalstation Innere Medizin / Kardiologie,30,Innere Medizin und Kardiologie,10.0,22.0,06:00,14:00,450,,13:30,21:30,450,F,21:15,06:15,495,F|S,11,10,8,10,30,45,8,38.5,30,0.1,0,2.0.0,20261130
PK-004,2026-11-04,history,-26,Mittwoch,3,45,0,0,,Pflegefachkraft,Pflegefachkraft,EXAM,0.75,28.88,6931,6931,6238,7624,5,2,2,8,1,1,Pflegefachkraft,0,0.0,-1890,24,24,2,1,0,4014,1,,,,,,0,,0,,4,3,3,1,1606,1,3,3,2,1,1405,1,2,2,2,0,1004,0,ST-IK1,Normalstation Innere Medizin / Kardiologie,30,Innere Medizin und Kardiologie,10.0,22.0,06:00,14:00,450,,13:30,21:30,450,F,21:15,06:15,495,F|S,11,10,8,10,30,45,8,38.5,30,0.1,0,2.0.0,20261130
PK-005,2026-11-04,history,-26,Mittwoch,3,45,0,0,,Pflegefachkraft,Pflegefachkraft,EXAM,0.6,23.1,5544,5544,4990,6098,5,2,2,8,1,1,Pflegefachkraft,0,0.0,-1449,24,24,2,1,0,4014,1,,,,,,0,,0,,4,3,3,1,1606,1,3,3,2,1,1405,1,2,2,2,0,1004,0,ST-IK1,Normalstation Innere Medizin / Kardiologie,30,Innere Medizin und Kardiologie,10.0,22.0,06:00,14:00,450,,13:30,21:30,450,F,21:15,06:15,495,F|S,11,10,8,10,30,45,8,38.5,30,0.1,0,2.0.0,20261130
PK-006,2026-11-04,history,-26,Mittwoch,3,45,0,0,,Pflegefachkraft,Pflegefachkraft,EXAM,1.0,38.5,9240,9240,8316,10164,5,2,2,8,1,1,Pflegefachkraft,0,0.0,-2670,24,24,2,1,0,4014,1,,,,,F,0,,0,,4,3,3,1,1606,1,3,3,2,1,1405,1,2,2,2,0,1004,0,ST-IK1,Normalstation Innere Medizin / Kardiologie,30,Innere Medizin und Kardiologie,10.0,22.0,06:00,14:00,450,,13:30,21:30,450,F,21:15,06:15,495,F|S,11,10,8,10,30,45,8,38.5,30,0.1,0,2.0.0,20261130
PK-007,2026-11-04,history,-26,Mittwoch,3,45,0,0,,Pflegefachkraft,Pflegefachkraft,EXAM|PRAXISANLEITUNG,1.0,38.5,9240,9240,8316,10164,5,2,2,8,1,1,Pflegefachkraft,0,0.0,-2175,24,24,2,1,0,4014,1,,,,,,0,,0,,4,3,3,1,1606,1,3,3,2,1,1405,1,2,2,2,0,1004,0,ST-IK1,Normalstation Innere Medizin / Kardiologie,30,Innere Medizin und Kardiologie,10.0,22.0,06:00,14:00,450,,13:30,21:30,450,F,21:15,06:15,495,F|S,11,10,8,10,30,45,8,38.5,30,0.1,0,2.0.0,20261130
PK-008,2026-11-04,history,-26,Mittwoch,3,45,0,0,,Pflegefachkraft,Pflegefachkraft,EXAM,0.6,23.1,5544,5544,4990,6098,5,2,2,8,1,1,Pflegefachkraft,0,0.0,-1449,24,24,2,1,0,4014,1,,,,,,0,,0,,4,3,3,1,1606,1,3,3,2,1,1405,1,2,2,2,0,1004,0,ST-IK1,Normalstation Innere Medizin / Kardiologie,30,Innere Medizin und Kardiologie,10.0,22.0,06:00,14:00,450,,13:30,21:30,450,F,21:15,06:15,495,F|S,11,10,8,10,30,45,8,38.5,30,0.1,0,2.0.0,20261130
PK-009,2026-11-04,history,-26,Mittwoch,3,45,0,0,,Pflegefachkraft,Pflegefachkraft,EXAM,1.0,38.5,9240,9240,8316,10164,5,2,2,8,1,1,Pflegefachkraft,0,0.0,-2445,24,24,2,1,0,4014,1,,,,,F,0,,0,,4,3,3,1,1606,1,3,3,2,1,1405,1,2,2,2,0,1004,0,ST-IK1,Normalstation Innere Medizin / Kardiologie,30,Innere Medizin und Kardiologie,10.0,22.0,06:00,14:00,450,,13:30,21:30,450,F,21:15,06:15,495,F|S,11,10,8,10,30,45,8,38.5,30,0.1,0,2.0.0,20261130
PK-010,2026-11-04,history,-26,Mittwoch,3,45,0,0,,Pflegefachkraft,Pflegefachkraft,EXAM,0.8,30.8,7392,7392,6653,8131,5,2,2,8,1,1,Pflegefachkraft,0,0.0,-1947,24,24,2,1,0,4014,1,,,,,,0,,0,,4,3,3,1,1606,1,3,3,2,1,1405,1,2,2,2,0,1004,0,ST-IK1,Normalstation Innere Medizin / Kardiologie,30,Innere Medizin und Kardiologie,10.0,22.0,06:00,14:00,450,,13:30,21:30,450,F,21:15,06:15,495,F|S,11,10,8,10,30,45,8,38.5,30,0.1,0,2.0.0,20261130
PK-011,2026-11-04,history,-26,Mittwoch,3,45,0,0,,Pflegefachkraft,Pflegefachkraft,EXAM|PRAXISANLEITUNG|KARDIO_MONITORING,1.0,38.5,9240,9240,8316,10164,5,2,2,8,1,1,Pflegefachkraft,0,0.0,-2445,24,24,2,1,0,4014,1,,,,,F,0,,0,,4,3,3,1,1606,1,3,3,2,1,1405,1,2,2,2,0,1004,0,ST-IK1,Normalstation Innere Medizin / Kardiologie,30,Innere Medizin und Kardiologie,10.0,22.0,06:00,14:00,450,,13:30,21:30,450,F,21:15,06:15,495,F|S,11,10,8,10,30,45,8,38.5,30,0.1,0,2.0.0,20261130
PK-012,2026-11-04,history,-26,Mittwoch,3,45,0,0,,Pflegefachkraft,Pflegefachkraft,EXAM,1.0,38.5,9240,9240,8316,10164,5,2,2,8,1,1,Pflegefachkraft,0,0.0,1104,24,24,2,1,0,4014,0,URLAUB,,,,,0,,0,,4,3,3,1,1606,1,3,3,2,1,1405,1,2,2,2,0,1004,0,ST-IK1,Normalstation Innere Medizin / Kardiologie,30,Innere Medizin und Kardiologie,10.0,22.0,06:00,14:00,450,,13:30,21:30,450,F,21:15,06:15,495,F|S,11,10,8,10,30,45,8,38.5,30,0.1,0,2.0.0,20261130
PK-013,2026-11-04,history,-26,Mittwoch,3,45,0,0,,Pflegefachkraft,Pflegefachkraft,EXAM|PRAXISANLEITUNG|KARDIO_MONITORING,1.0,38.5,9240,9240,8316,10164,5,2,2,8,1,1,Pflegefachkraft,0,0.0,1104,24,24,2,1,0,4014,1,,,,,S,0,,0,,4,3,3,1,1606,1,3,3,2,1,1405,1,2,2,2,0,1004,0,ST-IK1,Normalstation Innere Medizin / Kardiologie,30,Innere Medizin und Kardiologie,10.0,22.0,06:00,14:00,450,,13:30,21:30,450,F,21:15,06:15,495,F|S,11,10,8,10,30,45,8,38.5,30,0.1,0,2.0.0,20261130
PK-014,2026-11-04,history,-26,Mittwoch,3,45,0,0,,Pflegefachkraft,Pflegefachkraft,EXAM|PRAXISANLEITUNG,0.9,34.65,8316,8316,7484,9148,5,2,2,8,1,1,Pflegefachkraft,0,0.0,-1926,24,24,2,1,0,4014,1,,,,,S,0,,0,,4,3,3,1,1606,1,3,3,2,1,1405,1,2,2,2,0,1004,0,ST-IK1,Normalstation Innere Medizin / Kardiologie,30,Innere Medizin und Kardiologie,10.0,22.0,06:00,14:00,450,,13:30,21:30,450,F,21:15,06:15,495,F|S,11,10,8,10,30,45,8,38.5,30,0.1,0,2.0.0,20261130
PK-015,2026-11-04,history,-26,Mittwoch,3,45,0,0,,Pflegefachkraft,Pflegefachkraft,EXAM|KARDIO_MONITORING,1.0,38.5,9240,9240,8316,10164,5,2,2,8,1,1,Pflegefachkraft,0,0.0,-2355,24,24,2,1,0,4014,1,,,,,S,0,,0,,4,3,3,1,1606,1,3,3,2,1,1405,1,2,2,2,0,1004,0,ST-IK1,Normalstation Innere Medizin / Kardiologie,30,Innere Medizin und Kardiologie,10.0,22.0,06:00,14:00,450,,13:30,21:30,450,F,21:15,06:15,495,F|S,11,10,8,10,30,45,8,38.5,30,0.1,0,2.0.0,20261130
PK-016,2026-11-04,history,-26,Mittwoch,3,45,0,0,,Pflegefachkraft,Pflegefachkraft,EXAM|KARDIO_MONITORING,1.0,38.5,9240,9240,8316,10164,5,2,2,8,1,1,Pflegefachkraft,0,0.0,-2625,24,24,2,1,0,4014,1,,,,,N,0,,0,,4,3,3,1,1606,1,3,3,2,1,1405,1,2,2,2,0,1004,0,ST-IK1,Normalstation Innere Medizin / Kardiologie,30,Innere Medizin und Kardiologie,10.0,22.0,06:00,14:00,450,,13:30,21:30,450,F,21:15,06:15,495,F|S,11,10,8,10,30,45,8,38.5,30,0.1,0,2.0.0,20261130
PK-017,2026-11-04,history,-26,Mittwoch,3,45,0,0,,Pflegefachkraft,Pflegefachkraft,EXAM,0.5,19.25,4620,4620,4158,5082,5,2,2,8,1,1,Pflegefachkraft,0,0.0,-885,24,24,2,1,0,4014,1,,,,,N,0,,0,,4,3,3,1,1606,1,3,3,2,1,1405,1,2,2,2,0,1004,0,ST-IK1,Normalstation Innere Medizin / Kardiologie,30,Innere Medizin und Kardiologie,10.0,22.0,06:00,14:00,450,,13:30,21:30,450,F,21:15,06:15,495,F|S,11,10,8,10,30,45,8,38.5,30,0.1,0,2.0.0,20261130
AZ-001,2026-11-05,history,-25,Donnerstag,4,45,0,0,,Auszubildende_r_3_Ausbildungsjahr,Auszubildende,AUSZUBILDEND,1.0,38.5,9240,9240,8316,10164,5,2,2,8,1,0,nicht anrechenbar,0,0.0,-9240,22,22,2,4,1,4138,1,,,,,,0,,0,,4,3,3,1,1655,1,3,3,2,1,1448,1,2,1,2,0,1034,0,ST-IK1,Normalstation Innere Medizin / Kardiologie,30,Innere Medizin und Kardiologie,10.0,22.0,06:00,14:00,450,,13:30,21:30,450,F,21:15,06:15,495,F|S,11,10,8,10,30,45,8,38.5,30,0.1,0,2.0.0,20261130
AZ-002,2026-11-05,history,-25,Donnerstag,4,45,0,0,,Auszubildende_r_2_Ausbildungsjahr,Auszubildende,AUSZUBILDEND,1.0,38.5,9240,9240,8316,10164,5,2,2,8,1,0,nicht anrechenbar,0,0.0,-9240,22,22,2,4,1,4138,1,,,,,,0,,0,,4,3,3,1,1655,1,3,3,2,1,1448,1,2,1,2,0,1034,0,ST-IK1,Normalstation Innere Medizin / Kardiologie,30,Innere Medizin und Kardiologie,10.0,22.0,06:00,14:00,450,,13:30,21:30,450,F,21:15,06:15,495,F|S,11,10,8,10,30,45,8,38.5,30,0.1,0,2.0.0,20261130
AZ-003,2026-11-05,history,-25,Donnerstag,4,45,0,0,,Auszubildende_r_1_Ausbildungsjahr,Auszubildende,AUSZUBILDEND,1.0,38.5,9240,9240,8316,10164,5,2,2,0,0,0,nicht anrechenbar,0,0.0,-9240,22,22,2,4,1,4138,1,,,,,,0,,0,,4,3,3,1,1655,1,3,3,2,1,1448,1,2,1,2,0,1034,0,ST-IK1,Normalstation Innere Medizin / Kardiologie,30,Innere Medizin und Kardiologie,10.0,22.0,06:00,14:00,450,,13:30,21:30,450,F,21:15,06:15,495,F|S,11,10,8,10,30,45,8,38.5,30,0.1,0,2.0.0,20261130
PH-001,2026-11-05,history,-25,Donnerstag,4,45,0,0,,Pflegehilfskraft,Pflegehilfskraft,PFLEGEHILFE,0.75,28.88,6931,6931,6238,7624,5,2,2,0,0,1,Pflegehilfskraft,0,0.0,-1530,22,22,2,4,1,4138,1,,,,,F,0,,0,,4,3,3,1,1655,1,3,3,2,1,1448,1,2,1,2,0,1034,0,ST-IK1,Normalstation Innere Medizin / Kardiologie,30,Innere Medizin und Kardiologie,10.0,22.0,06:00,14:00,450,,13:30,21:30,450,F,21:15,06:15,495,F|S,11,10,8,10,30,45,8,38.5,30,0.1,0,2.0.0,20261130
PH-002,2026-11-05,history,-25,Donnerstag,4,45,0,0,,Pflegehilfskraft,Pflegehilfskraft,PFLEGEHILFE,0.5,19.25,4620,4620,4158,5082,5,2,2,0,0,1,Pflegehilfskraft,0,0.0,597,22,22,2,4,1,4138,1,,,,,S,0,,0,,4,3,3,1,1655,1,3,3,2,1,1448,1,2,1,2,0,1034,0,ST-IK1,Normalstation Innere Medizin / Kardiologie,30,Innere Medizin und Kardiologie,10.0,22.0,06:00,14:00,450,,13:30,21:30,450,F,21:15,06:15,495,F|S,11,10,8,10,30,45,8,38.5,30,0.1,0,2.0.0,20261130
PK-001,2026-11-05,history,-25,Donnerstag,4,45,0,0,,Stationsleitung,Pflegefachkraft,EXAM|LEITUNG|PRAXISANLEITUNG,1.0,38.5,9240,4620,4158,5082,5,2,2,0,0,1,Pflegefachkraft,1,0.5,2130,22,22,2,4,1,4138,1,,,,,,0,,0,,4,3,3,1,1655,1,3,3,2,1,1448,1,2,1,2,0,1034,0,ST-IK1,Normalstation Innere Medizin / Kardiologie,30,Innere Medizin und Kardiologie,10.0,22.0,06:00,14:00,450,,13:30,21:30,450,F,21:15,06:15,495,F|S,11,10,8,10,30,45,8,38.5,30,0.1,0,2.0.0,20261130
PK-002,2026-11-05,history,-25,Donnerstag,4,45,0,0,,Pflegefachkraft,Pflegefachkraft,EXAM|PRAXISANLEITUNG|KARDIO_MONITORING,0.5,19.25,4620,4620,4158,5082,5,2,2,8,1,1,Pflegefachkraft,0,0.0,-885,22,22,2,4,1,4138,1,,,,,,0,,0,,4,3,3,1,1655,1,3,3,2,1,1448,1,2,1,2,0,1034,0,ST-IK1,Normalstation Innere Medizin / Kardiologie,30,Innere Medizin und Kardiologie,10.0,22.0,06:00,14:00,450,,13:30,21:30,450,F,21:15,06:15,495,F|S,11,10,8,10,30,45,8,38.5,30,0.1,0,2.0.0,20261130
PK-003,2026-11-05,history,-25,Donnerstag,4,45,0,0,,Pflegefachkraft,Pflegefachkraft,EXAM,0.75,28.88,6931,6931,6238,7624,5,2,2,8,1,1,Pflegefachkraft,0,0.0,-1890,22,22,2,4,1,4138,1,,,,,F,0,,0,,4,3,3,1,1655,1,3,3,2,1,1448,1,2,1,2,0,1034,0,ST-IK1,Normalstation Innere Medizin / Kardiologie,30,Innere Medizin und Kardiologie,10.0,22.0,06:00,14:00,450,,13:30,21:30,450,F,21:15,06:15,495,F|S,11,10,8,10,30,45,8,38.5,30,0.1,0,2.0.0,20261130
PK-004,2026-11-05,history,-25,Donnerstag,4,45,0,0,,Pflegefachkraft,Pflegefachkraft,EXAM,0.75,28.88,6931,6931,6238,7624,5,2,2,8,1,1,Pflegefachkraft,0,0.0,-1890,22,22,2,4,1,4138,1,,,,,F,0,,0,,4,3,3,1,1655,1,3,3,2,1,1448,1,2,1,2,0,1034,0,ST-IK1,Normalstation Innere Medizin / Kardiologie,30,Innere Medizin und Kardiologie,10.0,22.0,06:00,14:00,450,,13:30,21:30,450,F,21:15,06:15,495,F|S,11,10,8,10,30,45,8,38.5,30,0.1,0,2.0.0,20261130
PK-005,2026-11-05,history,-25,Donnerstag,4,45,0,0,,Pflegefachkraft,Pflegefachkraft,EXAM,0.6,23.1,5544,5544,4990,6098,5,2,2,8,1,1,Pflegefachkraft,0,0.0,-1449,22,22,2,4,1,4138,1,,,,,S,0,,0,,4,3,3,1,1655,1,3,3,2,1,1448,1,2,1,2,0,1034,0,ST-IK1,Normalstation Innere Medizin / Kardiologie,30,Innere Medizin und Kardiologie,10.0,22.0,06:00,14:00,450,,13:30,21:30,450,F,21:15,06:15,495,F|S,11,10,8,10,30,45,8,38.5,30,0.1,0,2.0.0,20261130
PK-006,2026-11-05,history,-25,Donnerstag,4,45,0,0,,Pflegefachkraft,Pflegefachkraft,EXAM,1.0,38.5,9240,9240,8316,10164,5,2,2,8,1,1,Pflegefachkraft,0,0.0,-2670,22,22,2,4,1,4138,1,,,,,,0,,0,,4,3,3,1,1655,1,3,3,2,1,1448,1,2,1,2,0,1034,0,ST-IK1,Normalstation Innere Medizin / Kardiologie,30,Innere Medizin und Kardiologie,10.0,22.0,06:00,14:00,450,,13:30,21:30,450,F,21:15,06:15,495,F|S,11,10,8,10,30,45,8,38.5,30,0.1,0,2.0.0,20261130
PK-007,2026-11-05,history,-25,Donnerstag,4,45,0,0,,Pflegefachkraft,Pflegefachkraft,EXAM|PRAXISANLEITUNG,1.0,38.5,9240,9240,8316,10164,5,2,2,8,1,1,Pflegefachkraft,0,0.0,-2175,22,22,2,4,1,4138,1,,,,,N,0,,0,,4,3,3,1,1655,1,3,3,2,1,1448,1,2,1,2,0,1034,0,ST-IK1,Normalstation Innere Medizin / Kardiologie,30,Innere Medizin und Kardiologie,10.0,22.0,06:00,14:00,450,,13:30,21:30,450,F,21:15,06:15,495,F|S,11,10,8,10,30,45,8,38.5,30,0.1,0,2.0.0,20261130
PK-008,2026-11-05,history,-25,Donnerstag,4,45,0,0,,Pflegefachkraft,Pflegefachkraft,EXAM,0.6,23.1,5544,5544,4990,6098,5,2,2,8,1,1,Pflegefachkraft,0,0.0,-1449,22,22,2,4,1,4138,1,,,,,S,0,,0,,4,3,3,1,1655,1,3,3,2,1,1448,1,2,1,2,0,1034,0,ST-IK1,Normalstation Innere Medizin / Kardiologie,30,Innere Medizin und Kardiologie,10.0,22.0,06:00,14:00,450,,13:30,21:30,450,F,21:15,06:15,495,F|S,11,10,8,10,30,45,8,38.5,30,0.1,0,2.0.0,20261130
PK-009,2026-11-05,history,-25,Donnerstag,4,45,0,0,,Pflegefachkraft,Pflegefachkraft,EXAM,1.0,38.5,9240,9240,8316,10164,5,2,2,8,1,1,Pflegefachkraft,0,0.0,-2445,22,22,2,4,1,4138,1,,,,,,0,,0,,4,3,3,1,1655,1,3,3,2,1,1448,1,2,1,2,0,1034,0,ST-IK1,Normalstation Innere Medizin / Kardiologie,30,Innere Medizin und Kardiologie,10.0,22.0,06:00,14:00,450,,13:30,21:30,450,F,21:15,06:15,495,F|S,11,10,8,10,30,45,8,38.5,30,0.1,0,2.0.0,20261130
PK-010,2026-11-05,history,-25,Donnerstag,4,45,0,0,,Pflegefachkraft,Pflegefachkraft,EXAM,0.8,30.8,7392,7392,6653,8131,5,2,2,8,1,1,Pflegefachkraft,0,0.0,-1947,22,22,2,4,1,4138,1,,,,,F,0,,0,,4,3,3,1,1655,1,3,3,2,1,1448,1,2,1,2,0,1034,0,ST-IK1,Normalstation Innere Medizin / Kardiologie,30,Innere Medizin und Kardiologie,10.0,22.0,06:00,14:00,450,,13:30,21:30,450,F,21:15,06:15,495,F|S,11,10,8,10,30,45,8,38.5,30,0.1,0,2.0.0,20261130
PK-011,2026-11-05,history,-25,Donnerstag,4,45,0,0,,Pflegefachkraft,Pflegefachkraft,EXAM|PRAXISANLEITUNG|KARDIO_MONITORING,1.0,38.5,9240,9240,8316,10164,5,2,2,8,1,1,Pflegefachkraft,0,0.0,-2445,22,22,2,4,1,4138,1,,,,,,0,,0,,4,3,3,1,1655,1,3,3,2,1,1448,1,2,1,2,0,1034,0,ST-IK1,Normalstation Innere Medizin / Kardiologie,30,Innere Medizin und Kardiologie,10.0,22.0,06:00,14:00,450,,13:30,21:30,450,F,21:15,06:15,495,F|S,11,10,8,10,30,45,8,38.5,30,0.1,0,2.0.0,20261130
PK-012,2026-11-05,history,-25,Donnerstag,4,45,0,0,,Pflegefachkraft,Pflegefachkraft,EXAM,1.0,38.5,9240,9240,8316,10164,5,2,2,8,1,1,Pflegefachkraft,0,0.0,1104,22,22,2,4,1,4138,0,URLAUB,,,,,0,,0,,4,3,3,1,1655,1,3,3,2,1,1448,1,2,1,2,0,1034,0,ST-IK1,Normalstation Innere Medizin / Kardiologie,30,Innere Medizin und Kardiologie,10.0,22.0,06:00,14:00,450,,13:30,21:30,450,F,21:15,06:15,495,F|S,11,10,8,10,30,45,8,38.5,30,0.1,0,2.0.0,20261130
PK-013,2026-11-05,history,-25,Donnerstag,4,45,0,0,,Pflegefachkraft,Pflegefachkraft,EXAM|PRAXISANLEITUNG|KARDIO_MONITORING,1.0,38.5,9240,9240,8316,10164,5,2,2,8,1,1,Pflegefachkraft,0,0.0,1104,22,22,2,4,1,4138,1,,,,,,0,,0,,4,3,3,1,1655,1,3,3,2,1,1448,1,2,1,2,0,1034,0,ST-IK1,Normalstation Innere Medizin / Kardiologie,30,Innere Medizin und Kardiologie,10.0,22.0,06:00,14:00,450,,13:30,21:30,450,F,21:15,06:15,495,F|S,11,10,8,10,30,45,8,38.5,30,0.1,0,2.0.0,20261130
PK-014,2026-11-05,history,-25,Donnerstag,4,45,0,0,,Pflegefachkraft,Pflegefachkraft,EXAM|PRAXISANLEITUNG,0.9,34.65,8316,8316,7484,9148,5,2,2,8,1,1,Pflegefachkraft,0,0.0,-1926,22,22,2,4,1,4138,1,,,,,,0,,0,,4,3,3,1,1655,1,3,3,2,1,1448,1,2,1,2,0,1034,0,ST-IK1,Normalstation Innere Medizin / Kardiologie,30,Innere Medizin und Kardiologie,10.0,22.0,06:00,14:00,450,,13:30,21:30,450,F,21:15,06:15,495,F|S,11,10,8,10,30,45,8,38.5,30,0.1,0,2.0.0,20261130
PK-015,2026-11-05,history,-25,Donnerstag,4,45,0,0,,Pflegefachkraft,Pflegefachkraft,EXAM|KARDIO_MONITORING,1.0,38.5,9240,9240,8316,10164,5,2,2,8,1,1,Pflegefachkraft,0,0.0,-2355,22,22,2,4,1,4138,1,,,,,,0,,0,,4,3,3,1,1655,1,3,3,2,1,1448,1,2,1,2,0,1034,0,ST-IK1,Normalstation Innere Medizin / Kardiologie,30,Innere Medizin und Kardiologie,10.0,22.0,06:00,14:00,450,,13:30,21:30,450,F,21:15,06:15,495,F|S,11,10,8,10,30,45,8,38.5,30,0.1,0,2.0.0,20261130
PK-016,2026-11-05,history,-25,Donnerstag,4,45,0,0,,Pflegefachkraft,Pflegefachkraft,EXAM|KARDIO_MONITORING,1.0,38.5,9240,9240,8316,10164,5,2,2,8,1,1,Pflegefachkraft,0,0.0,-2625,22,22,2,4,1,4138,1,,,,,N,0,,0,,4,3,3,1,1655,1,3,3,2,1,1448,1,2,1,2,0,1034,0,ST-IK1,Normalstation Innere Medizin / Kardiologie,30,Innere Medizin und Kardiologie,10.0,22.0,06:00,14:00,450,,13:30,21:30,450,F,21:15,06:15,495,F|S,11,10,8,10,30,45,8,38.5,30,0.1,0,2.0.0,20261130
PK-017,2026-11-05,history,-25,Donnerstag,4,45,0,0,,Pflegefachkraft,Pflegefachkraft,EXAM,0.5,19.25,4620,4620,4158,5082,5,2,2,8,1,1,Pflegefachkraft,0,0.0,-885,22,22,2,4,1,4138,1,,,,,,0,,0,,4,3,3,1,1655,1,3,3,2,1,1448,1,2,1,2,0,1034,0,ST-IK1,Normalstation Innere Medizin / Kardiologie,30,Innere Medizin und Kardiologie,10.0,22.0,06:00,14:00,450,,13:30,21:30,450,F,21:15,06:15,495,F|S,11,10,8,10,30,45,8,38.5,30,0.1,0,2.0.0,20261130
AZ-001,2026-11-06,history,-24,Freitag,5,45,0,0,,Auszubildende_r_3_Ausbildungsjahr,Auszubildende,AUSZUBILDEND,1.0,38.5,9240,9240,8316,10164,5,2,2,8,1,0,nicht anrechenbar,0,0.0,-9240,21,21,1,2,1,3416,1,,,,,,0,,0,,3,3,2,1,1366,1,3,3,2,1,1196,1,2,1,2,0,854,0,ST-IK1,Normalstation Innere Medizin / Kardiologie,30,Innere Medizin und Kardiologie,10.0,22.0,06:00,14:00,450,,13:30,21:30,450,F,21:15,06:15,495,F|S,11,10,8,10,30,45,8,38.5,30,0.1,0,2.0.0,20261130
AZ-002,2026-11-06,history,-24,Freitag,5,45,0,0,,Auszubildende_r_2_Ausbildungsjahr,Auszubildende,AUSZUBILDEND,1.0,38.5,9240,9240,8316,10164,5,2,2,8,1,0,nicht anrechenbar,0,0.0,-9240,21,21,1,2,1,3416,1,,,,,,0,,0,,3,3,2,1,1366,1,3,3,2,1,1196,1,2,1,2,0,854,0,ST-IK1,Normalstation Innere Medizin / Kardiologie,30,Innere Medizin und Kardiologie,10.0,22.0,06:00,14:00,450,,13:30,21:30,450,F,21:15,06:15,495,F|S,11,10,8,10,30,45,8,38.5,30,0.1,0,2.0.0,20261130
AZ-003,2026-11-06,history,-24,Freitag,5,45,0,0,,Auszubildende_r_1_Ausbildungsjahr,Auszubildende,AUSZUBILDEND,1.0,38.5,9240,9240,8316,10164,5,2,2,0,0,0,nicht anrechenbar,0,0.0,-9240,21,21,1,2,1,3416,1,,,,,,0,,0,,3,3,2,1,1366,1,3,3,2,1,1196,1,2,1,2,0,854,0,ST-IK1,Normalstation Innere Medizin / Kardiologie,30,Innere Medizin und Kardiologie,10.0,22.0,06:00,14:00,450,,13:30,21:30,450,F,21:15,06:15,495,F|S,11,10,8,10,30,45,8,38.5,30,0.1,0,2.0.0,20261130
PH-001,2026-11-06,history,-24,Freitag,5,45,0,0,,Pflegehilfskraft,Pflegehilfskraft,PFLEGEHILFE,0.75,28.88,6931,6931,6238,7624,5,2,2,0,0,1,Pflegehilfskraft,0,0.0,-1530,21,21,1,2,1,3416,1,,,,,,0,,0,,3,3,2,1,1366,1,3,3,2,1,1196,1,2,1,2,0,854,0,ST-IK1,Normalstation Innere Medizin / Kardiologie,30,Innere Medizin und Kardiologie,10.0,22.0,06:00,14:00,450,,13:30,21:30,450,F,21:15,06:15,495,F|S,11,10,8,10,30,45,8,38.5,30,0.1,0,2.0.0,20261130
PH-002,2026-11-06,history,-24,Freitag,5,45,0,0,,Pflegehilfskraft,Pflegehilfskraft,PFLEGEHILFE,0.5,19.25,4620,4620,4158,5082,5,2,2,0,0,1,Pflegehilfskraft,0,0.0,597,21,21,1,2,1,3416,1,,,,,,0,,0,,3,3,2,1,1366,1,3,3,2,1,1196,1,2,1,2,0,854,0,ST-IK1,Normalstation Innere Medizin / Kardiologie,30,Innere Medizin und Kardiologie,10.0,22.0,06:00,14:00,450,,13:30,21:30,450,F,21:15,06:15,495,F|S,11,10,8,10,30,45,8,38.5,30,0.1,0,2.0.0,20261130
PK-001,2026-11-06,history,-24,Freitag,5,45,0,0,,Stationsleitung,Pflegefachkraft,EXAM|LEITUNG|PRAXISANLEITUNG,1.0,38.5,9240,4620,4158,5082,5,2,2,0,0,1,Pflegefachkraft,1,0.5,2130,21,21,1,2,1,3416,1,,,,,F,0,,0,,3,3,2,1,1366,1,3,3,2,1,1196,1,2,1,2,0,854,0,ST-IK1,Normalstation Innere Medizin / Kardiologie,30,Innere Medizin und Kardiologie,10.0,22.0,06:00,14:00,450,,13:30,21:30,450,F,21:15,06:15,495,F|S,11,10,8,10,30,45,8,38.5,30,0.1,0,2.0.0,20261130
PK-002,2026-11-06,history,-24,Freitag,5,45,0,0,,Pflegefachkraft,Pflegefachkraft,EXAM|PRAXISANLEITUNG|KARDIO_MONITORING,0.5,19.25,4620,4620,4158,5082,5,2,2,8,1,1,Pflegefachkraft,0,0.0,-885,21,21,1,2,1,3416,1,,,,,S,0,,0,,3,3,2,1,1366,1,3,3,2,1,1196,1,2,1,2,0,854,0,ST-IK1,Normalstation Innere Medizin / Kardiologie,30,Innere Medizin und Kardiologie,10.0,22.0,06:00,14:00,450,,13:30,21:30,450,F,21:15,06:15,495,F|S,11,10,8,10,30,45,8,38.5,30,0.1,0,2.0.0,20261130
PK-003,2026-11-06,history,-24,Freitag,5,45,0,0,,Pflegefachkraft,Pflegefachkraft,EXAM,0.75,28.88,6931,6931,6238,7624,5,2,2,8,1,1,Pflegefachkraft,0,0.0,-1890,21,21,1,2,1,3416,1,,,,,,0,,0,,3,3,2,1,1366,1,3,3,2,1,1196,1,2,1,2,0,854,0,ST-IK1,Normalstation Innere Medizin / Kardiologie,30,Innere Medizin und Kardiologie,10.0,22.0,06:00,14:00,450,,13:30,21:30,450,F,21:15,06:15,495,F|S,11,10,8,10,30,45,8,38.5,30,0.1,0,2.0.0,20261130
PK-004,2026-11-06,history,-24,Freitag,5,45,0,0,,Pflegefachkraft,Pflegefachkraft,EXAM,0.75,28.88,6931,6931,6238,7624,5,2,2,8,1,1,Pflegefachkraft,0,0.0,-1890,21,21,1,2,1,3416,1,,,,,,0,,0,,3,3,2,1,1366,1,3,3,2,1,1196,1,2,1,2,0,854,0,ST-IK1,Normalstation Innere Medizin / Kardiologie,30,Innere Medizin und Kardiologie,10.0,22.0,06:00,14:00,450,,13:30,21:30,450,F,21:15,06:15,495,F|S,11,10,8,10,30,45,8,38.5,30,0.1,0,2.0.0,20261130
PK-005,2026-11-06,history,-24,Freitag,5,45,0,0,,Pflegefachkraft,Pflegefachkraft,EXAM,0.6,23.1,5544,5544,4990,6098,5,2,2,8,1,1,Pflegefachkraft,0,0.0,-1449,21,21,1,2,1,3416,1,,,,,,0,,0,,3,3,2,1,1366,1,3,3,2,1,1196,1,2,1,2,0,854,0,ST-IK1,Normalstation Innere Medizin / Kardiologie,30,Innere Medizin und Kardiologie,10.0,22.0,06:00,14:00,450,,13:30,21:30,450,F,21:15,06:15,495,F|S,11,10,8,10,30,45,8,38.5,30,0.1,0,2.0.0,20261130
PK-006,2026-11-06,history,-24,Freitag,5,45,0,0,,Pflegefachkraft,Pflegefachkraft,EXAM,1.0,38.5,9240,9240,8316,10164,5,2,2,8,1,1,Pflegefachkraft,0,0.0,-2670,21,21,1,2,1,3416,1,,,,,N,0,,0,,3,3,2,1,1366,1,3,3,2,1,1196,1,2,1,2,0,854,0,ST-IK1,Normalstation Innere Medizin / Kardiologie,30,Innere Medizin und Kardiologie,10.0,22.0,06:00,14:00,450,,13:30,21:30,450,F,21:15,06:15,495,F|S,11,10,8,10,30,45,8,38.5,30,0.1,0,2.0.0,20261130
PK-007,2026-11-06,history,-24,Freitag,5,45,0,0,,Pflegefachkraft,Pflegefachkraft,EXAM|PRAXISANLEITUNG,1.0,38.5,9240,9240,8316,10164,5,2,2,8,1,1,Pflegefachkraft,0,0.0,-2175,21,21,1,2,1,3416,1,,,,,,0,,0,,3,3,2,1,1366,1,3,3,2,1,1196,1,2,1,2,0,854,0,ST-IK1,Normalstation Innere Medizin / Kardiologie,30,Innere Medizin und Kardiologie,10.0,22.0,06:00,14:00,450,,13:30,21:30,450,F,21:15,06:15,495,F|S,11,10,8,10,30,45,8,38.5,30,0.1,0,2.0.0,20261130
PK-008,2026-11-06,history,-24,Freitag,5,45,0,0,,Pflegefachkraft,Pflegefachkraft,EXAM,0.6,23.1,5544,5544,4990,6098,5,2,2,8,1,1,Pflegefachkraft,0,0.0,-1449,21,21,1,2,1,3416,1,,,,,,0,,0,,3,3,2,1,1366,1,3,3,2,1,1196,1,2,1,2,0,854,0,ST-IK1,Normalstation Innere Medizin / Kardiologie,30,Innere Medizin und Kardiologie,10.0,22.0,06:00,14:00,450,,13:30,21:30,450,F,21:15,06:15,495,F|S,11,10,8,10,30,45,8,38.5,30,0.1,0,2.0.0,20261130
PK-009,2026-11-06,history,-24,Freitag,5,45,0,0,,Pflegefachkraft,Pflegefachkraft,EXAM,1.0,38.5,9240,9240,8316,10164,5,2,2,8,1,1,Pflegefachkraft,0,0.0,-2445,21,21,1,2,1,3416,1,,,,,N,0,,0,,3,3,2,1,1366,1,3,3,2,1,1196,1,2,1,2,0,854,0,ST-IK1,Normalstation Innere Medizin / Kardiologie,30,Innere Medizin und Kardiologie,10.0,22.0,06:00,14:00,450,,13:30,21:30,450,F,21:15,06:15,495,F|S,11,10,8,10,30,45,8,38.5,30,0.1,0,2.0.0,20261130
PK-010,2026-11-06,history,-24,Freitag,5,45,0,0,,Pflegefachkraft,Pflegefachkraft,EXAM,0.8,30.8,7392,7392,6653,8131,5,2,2,8,1,1,Pflegefachkraft,0,0.0,-1947,21,21,1,2,1,3416,1,,,,,,0,,0,,3,3,2,1,1366,1,3,3,2,1,1196,1,2,1,2,0,854,0,ST-IK1,Normalstation Innere Medizin / Kardiologie,30,Innere Medizin und Kardiologie,10.0,22.0,06:00,14:00,450,,13:30,21:30,450,F,21:15,06:15,495,F|S,11,10,8,10,30,45,8,38.5,30,0.1,0,2.0.0,20261130
PK-011,2026-11-06,history,-24,Freitag,5,45,0,0,,Pflegefachkraft,Pflegefachkraft,EXAM|PRAXISANLEITUNG|KARDIO_MONITORING,1.0,38.5,9240,9240,8316,10164,5,2,2,8,1,1,Pflegefachkraft,0,0.0,-2445,21,21,1,2,1,3416,1,,,,,F,0,,0,,3,3,2,1,1366,1,3,3,2,1,1196,1,2,1,2,0,854,0,ST-IK1,Normalstation Innere Medizin / Kardiologie,30,Innere Medizin und Kardiologie,10.0,22.0,06:00,14:00,450,,13:30,21:30,450,F,21:15,06:15,495,F|S,11,10,8,10,30,45,8,38.5,30,0.1,0,2.0.0,20261130
PK-012,2026-11-06,history,-24,Freitag,5,45,0,0,,Pflegefachkraft,Pflegefachkraft,EXAM,1.0,38.5,9240,9240,8316,10164,5,2,2,8,1,1,Pflegefachkraft,0,0.0,1104,21,21,1,2,1,3416,0,URLAUB,,,,,0,,0,,3,3,2,1,1366,1,3,3,2,1,1196,1,2,1,2,0,854,0,ST-IK1,Normalstation Innere Medizin / Kardiologie,30,Innere Medizin und Kardiologie,10.0,22.0,06:00,14:00,450,,13:30,21:30,450,F,21:15,06:15,495,F|S,11,10,8,10,30,45,8,38.5,30,0.1,0,2.0.0,20261130
PK-013,2026-11-06,history,-24,Freitag,5,45,0,0,,Pflegefachkraft,Pflegefachkraft,EXAM|PRAXISANLEITUNG|KARDIO_MONITORING,1.0,38.5,9240,9240,8316,10164,5,2,2,8,1,1,Pflegefachkraft,0,0.0,1104,21,21,1,2,1,3416,1,,,,,F,0,,0,,3,3,2,1,1366,1,3,3,2,1,1196,1,2,1,2,0,854,0,ST-IK1,Normalstation Innere Medizin / Kardiologie,30,Innere Medizin und Kardiologie,10.0,22.0,06:00,14:00,450,,13:30,21:30,450,F,21:15,06:15,495,F|S,11,10,8,10,30,45,8,38.5,30,0.1,0,2.0.0,20261130
PK-014,2026-11-06,history,-24,Freitag,5,45,0,0,,Pflegefachkraft,Pflegefachkraft,EXAM|PRAXISANLEITUNG,0.9,34.65,8316,8316,7484,9148,5,2,2,8,1,1,Pflegefachkraft,0,0.0,-1926,21,21,1,2,1,3416,1,,,,,,0,,0,,3,3,2,1,1366,1,3,3,2,1,1196,1,2,1,2,0,854,0,ST-IK1,Normalstation Innere Medizin / Kardiologie,30,Innere Medizin und Kardiologie,10.0,22.0,06:00,14:00,450,,13:30,21:30,450,F,21:15,06:15,495,F|S,11,10,8,10,30,45,8,38.5,30,0.1,0,2.0.0,20261130
PK-015,2026-11-06,history,-24,Freitag,5,45,0,0,,Pflegefachkraft,Pflegefachkraft,EXAM|KARDIO_MONITORING,1.0,38.5,9240,9240,8316,10164,5,2,2,8,1,1,Pflegefachkraft,0,0.0,-2355,21,21,1,2,1,3416,1,,,,,S,0,,0,,3,3,2,1,1366,1,3,3,2,1,1196,1,2,1,2,0,854,0,ST-IK1,Normalstation Innere Medizin / Kardiologie,30,Innere Medizin und Kardiologie,10.0,22.0,06:00,14:00,450,,13:30,21:30,450,F,21:15,06:15,495,F|S,11,10,8,10,30,45,8,38.5,30,0.1,0,2.0.0,20261130
PK-016,2026-11-06,history,-24,Freitag,5,45,0,0,,Pflegefachkraft,Pflegefachkraft,EXAM|KARDIO_MONITORING,1.0,38.5,9240,9240,8316,10164,5,2,2,8,1,1,Pflegefachkraft,0,0.0,-2625,21,21,1,2,1,3416,1,,,,,,0,,0,,3,3,2,1,1366,1,3,3,2,1,1196,1,2,1,2,0,854,0,ST-IK1,Normalstation Innere Medizin / Kardiologie,30,Innere Medizin und Kardiologie,10.0,22.0,06:00,14:00,450,,13:30,21:30,450,F,21:15,06:15,495,F|S,11,10,8,10,30,45,8,38.5,30,0.1,0,2.0.0,20261130
PK-017,2026-11-06,history,-24,Freitag,5,45,0,0,,Pflegefachkraft,Pflegefachkraft,EXAM,0.5,19.25,4620,4620,4158,5082,5,2,2,8,1,1,Pflegefachkraft,0,0.0,-885,21,21,1,2,1,3416,1,,,,,S,0,,0,,3,3,2,1,1366,1,3,3,2,1,1196,1,2,1,2,0,854,0,ST-IK1,Normalstation Innere Medizin / Kardiologie,30,Innere Medizin und Kardiologie,10.0,22.0,06:00,14:00,450,,13:30,21:30,450,F,21:15,06:15,495,F|S,11,10,8,10,30,45,8,38.5,30,0.1,0,2.0.0,20261130
AZ-001,2026-11-07,history,-23,Samstag,6,45,1,0,,Auszubildende_r_3_Ausbildungsjahr,Auszubildende,AUSZUBILDEND,1.0,38.5,9240,9240,8316,10164,5,2,2,8,1,0,nicht anrechenbar,0,0.0,-9240,19,18,0,3,2,3291,1,,,,,,0,,0,,3,2,2,1,1316,1,3,2,2,1,1152,1,2,1,2,0,823,0,ST-IK1,Normalstation Innere Medizin / Kardiologie,30,Innere Medizin und Kardiologie,10.0,22.0,06:00,14:00,450,,13:30,21:30,450,F,21:15,06:15,495,F|S,11,10,8,10,30,45,8,38.5,30,0.1,0,2.0.0,20261130
AZ-002,2026-11-07,history,-23,Samstag,6,45,1,0,,Auszubildende_r_2_Ausbildungsjahr,Auszubildende,AUSZUBILDEND,1.0,38.5,9240,9240,8316,10164,5,2,2,8,1,0,nicht anrechenbar,0,0.0,-9240,19,18,0,3,2,3291,1,,,,,,0,,0,,3,2,2,1,1316,1,3,2,2,1,1152,1,2,1,2,0,823,0,ST-IK1,Normalstation Innere Medizin / Kardiologie,30,Innere Medizin und Kardiologie,10.0,22.0,06:00,14:00,450,,13:30,21:30,450,F,21:15,06:15,495,F|S,11,10,8,10,30,45,8,38.5,30,0.1,0,2.0.0,20261130
AZ-003,2026-11-07,history,-23,Samstag,6,45,1,0,,Auszubildende_r_1_Ausbildungsjahr,Auszubildende,AUSZUBILDEND,1.0,38.5,9240,9240,8316,10164,5,2,2,0,0,0,nicht anrechenbar,0,0.0,-9240,19,18,0,3,2,3291,1,,,,,,0,,0,,3,2,2,1,1316,1,3,2,2,1,1152,1,2,1,2,0,823,0,ST-IK1,Normalstation Innere Medizin / Kardiologie,30,Innere Medizin und Kardiologie,10.0,22.0,06:00,14:00,450,,13:30,21:30,450,F,21:15,06:15,495,F|S,11,10,8,10,30,45,8,38.5,30,0.1,0,2.0.0,20261130
PH-001,2026-11-07,history,-23,Samstag,6,45,1,0,,Pflegehilfskraft,Pflegehilfskraft,PFLEGEHILFE,0.75,28.88,6931,6931,6238,7624,5,2,2,0,0,1,Pflegehilfskraft,0,0.0,-1530,19,18,0,3,2,3291,1,,,,,F,0,,0,,3,2,2,1,1316,1,3,2,2,1,1152,1,2,1,2,0,823,0,ST-IK1,Normalstation Innere Medizin / Kardiologie,30,Innere Medizin und Kardiologie,10.0,22.0,06:00,14:00,450,,13:30,21:30,450,F,21:15,06:15,495,F|S,11,10,8,10,30,45,8,38.5,30,0.1,0,2.0.0,20261130
PH-002,2026-11-07,history,-23,Samstag,6,45,1,0,,Pflegehilfskraft,Pflegehilfskraft,PFLEGEHILFE,0.5,19.25,4620,4620,4158,5082,5,2,2,0,0,1,Pflegehilfskraft,0,0.0,597,19,18,0,3,2,3291,1,,,,,,0,,0,,3,2,2,1,1316,1,3,2,2,1,1152,1,2,1,2,0,823,0,ST-IK1,Normalstation Innere Medizin / Kardiologie,30,Innere Medizin und Kardiologie,10.0,22.0,06:00,14:00,450,,13:30,21:30,450,F,21:15,06:15,495,F|S,11,10,8,10,30,45,8,38.5,30,0.1,0,2.0.0,20261130
PK-001,2026-11-07,history,-23,Samstag,6,45,1,0,,Stationsleitung,Pflegefachkraft,EXAM|LEITUNG|PRAXISANLEITUNG,1.0,38.5,9240,4620,4158,5082,5,2,2,0,0,1,Pflegefachkraft,1,0.5,2130,19,18,0,3,2,3291,1,,,,,,0,,0,,3,2,2,1,1316,1,3,2,2,1,1152,1,2,1,2,0,823,0,ST-IK1,Normalstation Innere Medizin / Kardiologie,30,Innere Medizin und Kardiologie,10.0,22.0,06:00,14:00,450,,13:30,21:30,450,F,21:15,06:15,495,F|S,11,10,8,10,30,45,8,38.5,30,0.1,0,2.0.0,20261130
PK-002,2026-11-07,history,-23,Samstag,6,45,1,0,,Pflegefachkraft,Pflegefachkraft,EXAM|PRAXISANLEITUNG|KARDIO_MONITORING,0.5,19.25,4620,4620,4158,5082,5,2,2,8,1,1,Pflegefachkraft,0,0.0,-885,19,18,0,3,2,3291,1,,,,,,0,,0,,3,2,2,1,1316,1,3,2,2,1,1152,1,2,1,2,0,823,0,ST-IK1,Normalstation Innere Medizin / Kardiologie,30,Innere Medizin und Kardiologie,10.0,22.0,06:00,14:00,450,,13:30,21:30,450,F,21:15,06:15,495,F|S,11,10,8,10,30,45,8,38.5,30,0.1,0,2.0.0,20261130
PK-003,2026-11-07,history,-23,Samstag,6,45,1,0,,Pflegefachkraft,Pflegefachkraft,EXAM,0.75,28.88,6931,6931,6238,7624,5,2,2,8,1,1,Pflegefachkraft,0,0.0,-1890,19,18,0,3,2,3291,1,,,,,S,0,,0,,3,2,2,1,1316,1,3,2,2,1,1152,1,2,1,2,0,823,0,ST-IK1,Normalstation Innere Medizin / Kardiologie,30,Innere Medizin und Kardiologie,10.0,22.0,06:00,14:00,450,,13:30,21:30,450,F,21:15,06:15,495,F|S,11,10,8,10,30,45,8,38.5,30,0.1,0,2.0.0,20261130
PK-004,2026-11-07,history,-23,Samstag,6,45,1,0,,Pflegefachkraft,Pflegefachkraft,EXAM,0.75,28.88,6931,6931,6238,7624,5,2,2,8,1,1,Pflegefachkraft,0,0.0,-1890,19,18,0,3,2,3291,1,,,,,S,0,,0,,3,2,2,1,1316,1,3,2,2,1,1152,1,2,1,2,0,823,0,ST-IK1,Normalstation Innere Medizin / Kardiologie,30,Innere Medizin und Kardiologie,10.0,22.0,06:00,14:00,450,,13:30,21:30,450,F,21:15,06:15,495,F|S,11,10,8,10,30,45,8,38.5,30,0.1,0,2.0.0,20261130
PK-005,2026-11-07,history,-23,Samstag,6,45,1,0,,Pflegefachkraft,Pflegefachkraft,EXAM,0.6,23.1,5544,5544,4990,6098,5,2,2,8,1,1,Pflegefachkraft,0,0.0,-1449,19,18,0,3,2,3291,1,,,,,,0,,0,,3,2,2,1,1316,1,3,2,2,1,1152,1,2,1,2,0,823,0,ST-IK1,Normalstation Innere Medizin / Kardiologie,30,Innere Medizin und Kardiologie,10.0,22.0,06:00,14:00,450,,13:30,21:30,450,F,21:15,06:15,495,F|S,11,10,8,10,30,45,8,38.5,30,0.1,0,2.0.0,20261130
PK-006,2026-11-07,history,-23,Samstag,6,45,1,0,,Pflegefachkraft,Pflegefachkraft,EXAM,1.0,38.5,9240,9240,8316,10164,5,2,2,8,1,1,Pflegefachkraft,0,0.0,-2670,19,18,0,3,2,3291,1,,,,,,0,,0,,3,2,2,1,1316,1,3,2,2,1,1152,1,2,1,2,0,823,0,ST-IK1,Normalstation Innere Medizin / Kardiologie,30,Innere Medizin und Kardiologie,10.0,22.0,06:00,14:00,450,,13:30,21:30,450,F,21:15,06:15,495,F|S,11,10,8,10,30,45,8,38.5,30,0.1,0,2.0.0,20261130
PK-007,2026-11-07,history,-23,Samstag,6,45,1,0,,Pflegefachkraft,Pflegefachkraft,EXAM|PRAXISANLEITUNG,1.0,38.5,9240,9240,8316,10164,5,2,2,8,1,1,Pflegefachkraft,0,0.0,-2175,19,18,0,3,2,3291,1,,,,,N,0,,0,,3,2,2,1,1316,1,3,2,2,1,1152,1,2,1,2,0,823,0,ST-IK1,Normalstation Innere Medizin / Kardiologie,30,Innere Medizin und Kardiologie,10.0,22.0,06:00,14:00,450,,13:30,21:30,450,F,21:15,06:15,495,F|S,11,10,8,10,30,45,8,38.5,30,0.1,0,2.0.0,20261130
PK-008,2026-11-07,history,-23,Samstag,6,45,1,0,,Pflegefachkraft,Pflegefachkraft,EXAM,0.6,23.1,5544,5544,4990,6098,5,2,2,8,1,1,Pflegefachkraft,0,0.0,-1449,19,18,0,3,2,3291,1,,,,,,0,,0,,3,2,2,1,1316,1,3,2,2,1,1152,1,2,1,2,0,823,0,ST-IK1,Normalstation Innere Medizin / Kardiologie,30,Innere Medizin und Kardiologie,10.0,22.0,06:00,14:00,450,,13:30,21:30,450,F,21:15,06:15,495,F|S,11,10,8,10,30,45,8,38.5,30,0.1,0,2.0.0,20261130
PK-009,2026-11-07,history,-23,Samstag,6,45,1,0,,Pflegefachkraft,Pflegefachkraft,EXAM,1.0,38.5,9240,9240,8316,10164,5,2,2,8,1,1,Pflegefachkraft,0,0.0,-2445,19,18,0,3,2,3291,1,,,,,,0,,0,,3,2,2,1,1316,1,3,2,2,1,1152,1,2,1,2,0,823,0,ST-IK1,Normalstation Innere Medizin / Kardiologie,30,Innere Medizin und Kardiologie,10.0,22.0,06:00,14:00,450,,13:30,21:30,450,F,21:15,06:15,495,F|S,11,10,8,10,30,45,8,38.5,30,0.1,0,2.0.0,20261130
PK-010,2026-11-07,history,-23,Samstag,6,45,1,0,,Pflegefachkraft,Pflegefachkraft,EXAM,0.8,30.8,7392,7392,6653,8131,5,2,2,8,1,1,Pflegefachkraft,0,0.0,-1947,19,18,0,3,2,3291,1,,,,,F,0,,0,,3,2,2,1,1316,1,3,2,2,1,1152,1,2,1,2,0,823,0,ST-IK1,Normalstation Innere Medizin / Kardiologie,30,Innere Medizin und Kardiologie,10.0,22.0,06:00,14:00,450,,13:30,21:30,450,F,21:15,06:15,495,F|S,11,10,8,10,30,45,8,38.5,30,0.1,0,2.0.0,20261130
PK-011,2026-11-07,history,-23,Samstag,6,45,1,0,,Pflegefachkraft,Pflegefachkraft,EXAM|PRAXISANLEITUNG|KARDIO_MONITORING,1.0,38.5,9240,9240,8316,10164,5,2,2,8,1,1,Pflegefachkraft,0,0.0,-2445,19,18,0,3,2,3291,1,,,,,S,0,,0,,3,2,2,1,1316,1,3,2,2,1,1152,1,2,1,2,0,823,0,ST-IK1,Normalstation Innere Medizin / Kardiologie,30,Innere Medizin und Kardiologie,10.0,22.0,06:00,14:00,450,,13:30,21:30,450,F,21:15,06:15,495,F|S,11,10,8,10,30,45,8,38.5,30,0.1,0,2.0.0,20261130
PK-012,2026-11-07,history,-23,Samstag,6,45,1,0,,Pflegefachkraft,Pflegefachkraft,EXAM,1.0,38.5,9240,9240,8316,10164,5,2,2,8,1,1,Pflegefachkraft,0,0.0,1104,19,18,0,3,2,3291,0,URLAUB,,,,,0,,0,,3,2,2,1,1316,1,3,2,2,1,1152,1,2,1,2,0,823,0,ST-IK1,Normalstation Innere Medizin / Kardiologie,30,Innere Medizin und Kardiologie,10.0,22.0,06:00,14:00,450,,13:30,21:30,450,F,21:15,06:15,495,F|S,11,10,8,10,30,45,8,38.5,30,0.1,0,2.0.0,20261130
PK-013,2026-11-07,history,-23,Samstag,6,45,1,0,,Pflegefachkraft,Pflegefachkraft,EXAM|PRAXISANLEITUNG|KARDIO_MONITORING,1.0,38.5,9240,9240,8316,10164,5,2,2,8,1,1,Pflegefachkraft,0,0.0,1104,19,18,0,3,2,3291,0,URLAUB,,,,,0,,0,,3,2,2,1,1316,1,3,2,2,1,1152,1,2,1,2,0,823,0,ST-IK1,Normalstation Innere Medizin / Kardiologie,30,Innere Medizin und Kardiologie,10.0,22.0,06:00,14:00,450,,13:30,21:30,450,F,21:15,06:15,495,F|S,11,10,8,10,30,45,8,38.5,30,0.1,0,2.0.0,20261130
PK-014,2026-11-07,history,-23,Samstag,6,45,1,0,,Pflegefachkraft,Pflegefachkraft,EXAM|PRAXISANLEITUNG,0.9,34.65,8316,8316,7484,9148,5,2,2,8,1,1,Pflegefachkraft,0,0.0,-1926,19,18,0,3,2,3291,1,,,,,F,0,,0,,3,2,2,1,1316,1,3,2,2,1,1152,1,2,1,2,0,823,0,ST-IK1,Normalstation Innere Medizin / Kardiologie,30,Innere Medizin und Kardiologie,10.0,22.0,06:00,14:00,450,,13:30,21:30,450,F,21:15,06:15,495,F|S,11,10,8,10,30,45,8,38.5,30,0.1,0,2.0.0,20261130
PK-015,2026-11-07,history,-23,Samstag,6,45,1,0,,Pflegefachkraft,Pflegefachkraft,EXAM|KARDIO_MONITORING,1.0,38.5,9240,9240,8316,10164,5,2,2,8,1,1,Pflegefachkraft,0,0.0,-2355,19,18,0,3,2,3291,1,,,,,,0,,0,,3,2,2,1,1316,1,3,2,2,1,1152,1,2,1,2,0,823,0,ST-IK1,Normalstation Innere Medizin / Kardiologie,30,Innere Medizin und Kardiologie,10.0,22.0,06:00,14:00,450,,13:30,21:30,450,F,21:15,06:15,495,F|S,11,10,8,10,30,45,8,38.5,30,0.1,0,2.0.0,20261130
PK-016,2026-11-07,history,-23,Samstag,6,45,1,0,,Pflegefachkraft,Pflegefachkraft,EXAM|KARDIO_MONITORING,1.0,38.5,9240,9240,8316,10164,5,2,2,8,1,1,Pflegefachkraft,0,0.0,-2625,19,18,0,3,2,3291,1,,,,,N,0,,0,,3,2,2,1,1316,1,3,2,2,1,1152,1,2,1,2,0,823,0,ST-IK1,Normalstation Innere Medizin / Kardiologie,30,Innere Medizin und Kardiologie,10.0,22.0,06:00,14:00,450,,13:30,21:30,450,F,21:15,06:15,495,F|S,11,10,8,10,30,45,8,38.5,30,0.1,0,2.0.0,20261130
PK-017,2026-11-07,history,-23,Samstag,6,45,1,0,,Pflegefachkraft,Pflegefachkraft,EXAM,0.5,19.25,4620,4620,4158,5082,5,2,2,8,1,1,Pflegefachkraft,0,0.0,-885,19,18,0,3,2,3291,1,,,,,,0,,0,,3,2,2,1,1316,1,3,2,2,1,1152,1,2,1,2,0,823,0,ST-IK1,Normalstation Innere Medizin / Kardiologie,30,Innere Medizin und Kardiologie,10.0,22.0,06:00,14:00,450,,13:30,21:30,450,F,21:15,06:15,495,F|S,11,10,8,10,30,45,8,38.5,30,0.1,0,2.0.0,20261130
AZ-001,2026-11-08,history,-22,Sonntag,7,45,1,0,,Auszubildende_r_3_Ausbildungsjahr,Auszubildende,AUSZUBILDEND,1.0,38.5,9240,9240,8316,10164,5,2,2,8,1,0,nicht anrechenbar,0,0.0,-9240,17,17,2,1,1,2962,1,,,,,,0,,0,,3,2,2,1,1185,1,3,2,2,1,1037,1,2,1,2,0,740,0,ST-IK1,Normalstation Innere Medizin / Kardiologie,30,Innere Medizin und Kardiologie,10.0,22.0,06:00,14:00,450,,13:30,21:30,450,F,21:15,06:15,495,F|S,11,10,8,10,30,45,8,38.5,30,0.1,0,2.0.0,20261130
AZ-002,2026-11-08,history,-22,Sonntag,7,45,1,0,,Auszubildende_r_2_Ausbildungsjahr,Auszubildende,AUSZUBILDEND,1.0,38.5,9240,9240,8316,10164,5,2,2,8,1,0,nicht anrechenbar,0,0.0,-9240,17,17,2,1,1,2962,1,,,,,,0,,0,,3,2,2,1,1185,1,3,2,2,1,1037,1,2,1,2,0,740,0,ST-IK1,Normalstation Innere Medizin / Kardiologie,30,Innere Medizin und Kardiologie,10.0,22.0,06:00,14:00,450,,13:30,21:30,450,F,21:15,06:15,495,F|S,11,10,8,10,30,45,8,38.5,30,0.1,0,2.0.0,20261130
AZ-003,2026-11-08,history,-22,Sonntag,7,45,1,0,,Auszubildende_r_1_Ausbildungsjahr,Auszubildende,AUSZUBILDEND,1.0,38.5,9240,9240,8316,10164,5,2,2,0,0,0,nicht anrechenbar,0,0.0,-9240,17,17,2,1,1,2962,1,,,,,,0,,0,,3,2,2,1,1185,1,3,2,2,1,1037,1,2,1,2,0,740,0,ST-IK1,Normalstation Innere Medizin / Kardiologie,30,Innere Medizin und Kardiologie,10.0,22.0,06:00,14:00,450,,13:30,21:30,450,F,21:15,06:15,495,F|S,11,10,8,10,30,45,8,38.5,30,0.1,0,2.0.0,20261130
PH-001,2026-11-08,history,-22,Sonntag,7,45,1,0,,Pflegehilfskraft,Pflegehilfskraft,PFLEGEHILFE,0.75,28.88,6931,6931,6238,7624,5,2,2,0,0,1,Pflegehilfskraft,0,0.0,-1530,17,17,2,1,1,2962,1,,,,,,0,,0,,3,2,2,1,1185,1,3,2,2,1,1037,1,2,1,2,0,740,0,ST-IK1,Normalstation Innere Medizin / Kardiologie,30,Innere Medizin und Kardiologie,10.0,22.0,06:00,14:00,450,,13:30,21:30,450,F,21:15,06:15,495,F|S,11,10,8,10,30,45,8,38.5,30,0.1,0,2.0.0,20261130
PH-002,2026-11-08,history,-22,Sonntag,7,45,1,0,,Pflegehilfskraft,Pflegehilfskraft,PFLEGEHILFE,0.5,19.25,4620,4620,4158,5082,5,2,2,0,0,1,Pflegehilfskraft,0,0.0,597,17,17,2,1,1,2962,1,,,,,,0,,0,,3,2,2,1,1185,1,3,2,2,1,1037,1,2,1,2,0,740,0,ST-IK1,Normalstation Innere Medizin / Kardiologie,30,Innere Medizin und Kardiologie,10.0,22.0,06:00,14:00,450,,13:30,21:30,450,F,21:15,06:15,495,F|S,11,10,8,10,30,45,8,38.5,30,0.1,0,2.0.0,20261130
PK-001,2026-11-08,history,-22,Sonntag,7,45,1,0,,Stationsleitung,Pflegefachkraft,EXAM|LEITUNG|PRAXISANLEITUNG,1.0,38.5,9240,4620,4158,5082,5,2,2,0,0,1,Pflegefachkraft,1,0.5,2130,17,17,2,1,1,2962,1,,,,,F,0,,0,,3,2,2,1,1185,1,3,2,2,1,1037,1,2,1,2,0,740,0,ST-IK1,Normalstation Innere Medizin / Kardiologie,30,Innere Medizin und Kardiologie,10.0,22.0,06:00,14:00,450,,13:30,21:30,450,F,21:15,06:15,495,F|S,11,10,8,10,30,45,8,38.5,30,0.1,0,2.0.0,20261130
PK-002,2026-11-08,history,-22,Sonntag,7,45,1,0,,Pflegefachkraft,Pflegefachkraft,EXAM|PRAXISANLEITUNG|KARDIO_MONITORING,0.5,19.25,4620,4620,4158,5082,5,2,2,8,1,1,Pflegefachkraft,0,0.0,-885,17,17,2,1,1,2962,1,,,,,,0,,0,,3,2,2,1,1185,1,3,2,2,1,1037,1,2,1,2,0,740,0,ST-IK1,Normalstation Innere Medizin / Kardiologie,30,Innere Medizin und Kardiologie,10.0,22.0,06:00,14:00,450,,13:30,21:30,450,F,21:15,06:15,495,F|S,11,10,8,10,30,45,8,38.5,30,0.1,0,2.0.0,20261130
PK-003,2026-11-08,history,-22,Sonntag,7,45,1,0,,Pflegefachkraft,Pflegefachkraft,EXAM,0.75,28.88,6931,6931,6238,7624,5,2,2,8,1,1,Pflegefachkraft,0,0.0,-1890,17,17,2,1,1,2962,1,,,,,,0,,0,,3,2,2,1,1185,1,3,2,2,1,1037,1,2,1,2,0,740,0,ST-IK1,Normalstation Innere Medizin / Kardiologie,30,Innere Medizin und Kardiologie,10.0,22.0,06:00,14:00,450,,13:30,21:30,450,F,21:15,06:15,495,F|S,11,10,8,10,30,45,8,38.5,30,0.1,0,2.0.0,20261130
PK-004,2026-11-08,history,-22,Sonntag,7,45,1,0,,Pflegefachkraft,Pflegefachkraft,EXAM,0.75,28.88,6931,6931,6238,7624,5,2,2,8,1,1,Pflegefachkraft,0,0.0,-1890,17,17,2,1,1,2962,1,,,,,,0,,0,,3,2,2,1,1185,1,3,2,2,1,1037,1,2,1,2,0,740,0,ST-IK1,Normalstation Innere Medizin / Kardiologie,30,Innere Medizin und Kardiologie,10.0,22.0,06:00,14:00,450,,13:30,21:30,450,F,21:15,06:15,495,F|S,11,10,8,10,30,45,8,38.5,30,0.1,0,2.0.0,20261130
PK-005,2026-11-08,history,-22,Sonntag,7,45,1,0,,Pflegefachkraft,Pflegefachkraft,EXAM,0.6,23.1,5544,5544,4990,6098,5,2,2,8,1,1,Pflegefachkraft,0,0.0,-1449,17,17,2,1,1,2962,1,,,,,F,0,,0,,3,2,2,1,1185,1,3,2,2,1,1037,1,2,1,2,0,740,0,ST-IK1,Normalstation Innere Medizin / Kardiologie,30,Innere Medizin und Kardiologie,10.0,22.0,06:00,14:00,450,,13:30,21:30,450,F,21:15,06:15,495,F|S,11,10,8,10,30,45,8,38.5,30,0.1,0,2.0.0,20261130
PK-006,2026-11-08,history,-22,Sonntag,7,45,1,0,,Pflegefachkraft,Pflegefachkraft,EXAM,1.0,38.5,9240,9240,8316,10164,5,2,2,8,1,1,Pflegefachkraft,0,0.0,-2670,17,17,2,1,1,2962,1,,,,,N,0,,0,,3,2,2,1,1185,1,3,2,2,1,1037,1,2,1,2,0,740,0,ST-IK1,Normalstation Innere Medizin / Kardiologie,30,Innere Medizin und Kardiologie,10.0,22.0,06:00,14:00,450,,13:30,21:30,450,F,21:15,06:15,495,F|S,11,10,8,10,30,45,8,38.5,30,0.1,0,2.0.0,20261130
PK-007,2026-11-08,history,-22,Sonntag,7,45,1,0,,Pflegefachkraft,Pflegefachkraft,EXAM|PRAXISANLEITUNG,1.0,38.5,9240,9240,8316,10164,5,2,2,8,1,1,Pflegefachkraft,0,0.0,-2175,17,17,2,1,1,2962,1,,,,,,0,,0,,3,2,2,1,1185,1,3,2,2,1,1037,1,2,1,2,0,740,0,ST-IK1,Normalstation Innere Medizin / Kardiologie,30,Innere Medizin und Kardiologie,10.0,22.0,06:00,14:00,450,,13:30,21:30,450,F,21:15,06:15,495,F|S,11,10,8,10,30,45,8,38.5,30,0.1,0,2.0.0,20261130
PK-008,2026-11-08,history,-22,Sonntag,7,45,1,0,,Pflegefachkraft,Pflegefachkraft,EXAM,0.6,23.1,5544,5544,4990,6098,5,2,2,8,1,1,Pflegefachkraft,0,0.0,-1449,17,17,2,1,1,2962,1,,,,,S,0,,0,,3,2,2,1,1185,1,3,2,2,1,1037,1,2,1,2,0,740,0,ST-IK1,Normalstation Innere Medizin / Kardiologie,30,Innere Medizin und Kardiologie,10.0,22.0,06:00,14:00,450,,13:30,21:30,450,F,21:15,06:15,495,F|S,11,10,8,10,30,45,8,38.5,30,0.1,0,2.0.0,20261130
PK-009,2026-11-08,history,-22,Sonntag,7,45,1,0,,Pflegefachkraft,Pflegefachkraft,EXAM,1.0,38.5,9240,9240,8316,10164,5,2,2,8,1,1,Pflegefachkraft,0,0.0,-2445,17,17,2,1,1,2962,1,,,,,F,0,,0,,3,2,2,1,1185,1,3,2,2,1,1037,1,2,1,2,0,740,0,ST-IK1,Normalstation Innere Medizin / Kardiologie,30,Innere Medizin und Kardiologie,10.0,22.0,06:00,14:00,450,,13:30,21:30,450,F,21:15,06:15,495,F|S,11,10,8,10,30,45,8,38.5,30,0.1,0,2.0.0,20261130
PK-010,2026-11-08,history,-22,Sonntag,7,45,1,0,,Pflegefachkraft,Pflegefachkraft,EXAM,0.8,30.8,7392,7392,6653,8131,5,2,2,8,1,1,Pflegefachkraft,0,0.0,-1947,17,17,2,1,1,2962,1,,,,,S,0,,0,,3,2,2,1,1185,1,3,2,2,1,1037,1,2,1,2,0,740,0,ST-IK1,Normalstation Innere Medizin / Kardiologie,30,Innere Medizin und Kardiologie,10.0,22.0,06:00,14:00,450,,13:30,21:30,450,F,21:15,06:15,495,F|S,11,10,8,10,30,45,8,38.5,30,0.1,0,2.0.0,20261130
PK-011,2026-11-08,history,-22,Sonntag,7,45,1,0,,Pflegefachkraft,Pflegefachkraft,EXAM|PRAXISANLEITUNG|KARDIO_MONITORING,1.0,38.5,9240,9240,8316,10164,5,2,2,8,1,1,Pflegefachkraft,0,0.0,-2445,17,17,2,1,1,2962,1,,,,,,0,,0,,3,2,2,1,1185,1,3,2,2,1,1037,1,2,1,2,0,740,0,ST-IK1,Normalstation Innere Medizin / Kardiologie,30,Innere Medizin und Kardiologie,10.0,22.0,06:00,14:00,450,,13:30,21:30,450,F,21:15,06:15,495,F|S,11,10,8,10,30,45,8,38.5,30,0.1,0,2.0.0,20261130
PK-012,2026-11-08,history,-22,Sonntag,7,45,1,0,,Pflegefachkraft,Pflegefachkraft,EXAM,1.0,38.5,9240,9240,8316,10164,5,2,2,8,1,1,Pflegefachkraft,0,0.0,1104,17,17,2,1,1,2962,0,URLAUB,,,,,0,,0,,3,2,2,1,1185,1,3,2,2,1,1037,1,2,1,2,0,740,0,ST-IK1,Normalstation Innere Medizin / Kardiologie,30,Innere Medizin und Kardiologie,10.0,22.0,06:00,14:00,450,,13:30,21:30,450,F,21:15,06:15,495,F|S,11,10,8,10,30,45,8,38.5,30,0.1,0,2.0.0,20261130
PK-013,2026-11-08,history,-22,Sonntag,7,45,1,0,,Pflegefachkraft,Pflegefachkraft,EXAM|PRAXISANLEITUNG|KARDIO_MONITORING,1.0,38.5,9240,9240,8316,10164,5,2,2,8,1,1,Pflegefachkraft,0,0.0,1104,17,17,2,1,1,2962,0,URLAUB,,,,,0,,0,,3,2,2,1,1185,1,3,2,2,1,1037,1,2,1,2,0,740,0,ST-IK1,Normalstation Innere Medizin / Kardiologie,30,Innere Medizin und Kardiologie,10.0,22.0,06:00,14:00,450,,13:30,21:30,450,F,21:15,06:15,495,F|S,11,10,8,10,30,45,8,38.5,30,0.1,0,2.0.0,20261130
PK-014,2026-11-08,history,-22,Sonntag,7,45,1,0,,Pflegefachkraft,Pflegefachkraft,EXAM|PRAXISANLEITUNG,0.9,34.65,8316,8316,7484,9148,5,2,2,8,1,1,Pflegefachkraft,0,0.0,-1926,17,17,2,1,1,2962,1,,,,,S,0,,0,,3,2,2,1,1185,1,3,2,2,1,1037,1,2,1,2,0,740,0,ST-IK1,Normalstation Innere Medizin / Kardiologie,30,Innere Medizin und Kardiologie,10.0,22.0,06:00,14:00,450,,13:30,21:30,450,F,21:15,06:15,495,F|S,11,10,8,10,30,45,8,38.5,30,0.1,0,2.0.0,20261130
PK-015,2026-11-08,history,-22,Sonntag,7,45,1,0,,Pflegefachkraft,Pflegefachkraft,EXAM|KARDIO_MONITORING,1.0,38.5,9240,9240,8316,10164,5,2,2,8,1,1,Pflegefachkraft,0,0.0,-2355,17,17,2,1,1,2962,1,,,,,N,0,,0,,3,2,2,1,1185,1,3,2,2,1,1037,1,2,1,2,0,740,0,ST-IK1,Normalstation Innere Medizin / Kardiologie,30,Innere Medizin und Kardiologie,10.0,22.0,06:00,14:00,450,,13:30,21:30,450,F,21:15,06:15,495,F|S,11,10,8,10,30,45,8,38.5,30,0.1,0,2.0.0,20261130
PK-016,2026-11-08,history,-22,Sonntag,7,45,1,0,,Pflegefachkraft,Pflegefachkraft,EXAM|KARDIO_MONITORING,1.0,38.5,9240,9240,8316,10164,5,2,2,8,1,1,Pflegefachkraft,0,0.0,-2625,17,17,2,1,1,2962,1,,,,,,0,,0,,3,2,2,1,1185,1,3,2,2,1,1037,1,2,1,2,0,740,0,ST-IK1,Normalstation Innere Medizin / Kardiologie,30,Innere Medizin und Kardiologie,10.0,22.0,06:00,14:00,450,,13:30,21:30,450,F,21:15,06:15,495,F|S,11,10,8,10,30,45,8,38.5,30,0.1,0,2.0.0,20261130
PK-017,2026-11-08,history,-22,Sonntag,7,45,1,0,,Pflegefachkraft,Pflegefachkraft,EXAM,0.5,19.25,4620,4620,4158,5082,5,2,2,8,1,1,Pflegefachkraft,0,0.0,-885,17,17,2,1,1,2962,1,,,,,,0,,0,,3,2,2,1,1185,1,3,2,2,1,1037,1,2,1,2,0,740,0,ST-IK1,Normalstation Innere Medizin / Kardiologie,30,Innere Medizin und Kardiologie,10.0,22.0,06:00,14:00,450,,13:30,21:30,450,F,21:15,06:15,495,F|S,11,10,8,10,30,45,8,38.5,30,0.1,0,2.0.0,20261130
AZ-001,2026-11-09,history,-21,Montag,1,46,0,0,,Auszubildende_r_3_Ausbildungsjahr,Auszubildende,AUSZUBILDEND,1.0,38.5,9240,9240,8316,10164,5,2,2,8,1,0,nicht anrechenbar,0,0.0,-9240,24,24,2,5,0,3932,1,,,,,,0,,0,,3,3,2,1,1573,1,3,3,2,1,1376,1,2,2,2,0,983,0,ST-IK1,Normalstation Innere Medizin / Kardiologie,30,Innere Medizin und Kardiologie,10.0,22.0,06:00,14:00,450,,13:30,21:30,450,F,21:15,06:15,495,F|S,11,10,8,10,30,45,8,38.5,30,0.1,0,2.0.0,20261130
AZ-002,2026-11-09,history,-21,Montag,1,46,0,0,,Auszubildende_r_2_Ausbildungsjahr,Auszubildende,AUSZUBILDEND,1.0,38.5,9240,9240,8316,10164,5,2,2,8,1,0,nicht anrechenbar,0,0.0,-9240,24,24,2,5,0,3932,1,,,,,,0,,0,,3,3,2,1,1573,1,3,3,2,1,1376,1,2,2,2,0,983,0,ST-IK1,Normalstation Innere Medizin / Kardiologie,30,Innere Medizin und Kardiologie,10.0,22.0,06:00,14:00,450,,13:30,21:30,450,F,21:15,06:15,495,F|S,11,10,8,10,30,45,8,38.5,30,0.1,0,2.0.0,20261130
AZ-003,2026-11-09,history,-21,Montag,1,46,0,0,,Auszubildende_r_1_Ausbildungsjahr,Auszubildende,AUSZUBILDEND,1.0,38.5,9240,9240,8316,10164,5,2,2,0,0,0,nicht anrechenbar,0,0.0,-9240,24,24,2,5,0,3932,1,,,,,,0,,0,,3,3,2,1,1573,1,3,3,2,1,1376,1,2,2,2,0,983,0,ST-IK1,Normalstation Innere Medizin / Kardiologie,30,Innere Medizin und Kardiologie,10.0,22.0,06:00,14:00,450,,13:30,21:30,450,F,21:15,06:15,495,F|S,11,10,8,10,30,45,8,38.5,30,0.1,0,2.0.0,20261130
PH-001,2026-11-09,history,-21,Montag,1,46,0,0,,Pflegehilfskraft,Pflegehilfskraft,PFLEGEHILFE,0.75,28.88,6931,6931,6238,7624,5,2,2,0,0,1,Pflegehilfskraft,0,0.0,-1530,24,24,2,5,0,3932,1,,,,,F,0,,0,,3,3,2,1,1573,1,3,3,2,1,1376,1,2,2,2,0,983,0,ST-IK1,Normalstation Innere Medizin / Kardiologie,30,Innere Medizin und Kardiologie,10.0,22.0,06:00,14:00,450,,13:30,21:30,450,F,21:15,06:15,495,F|S,11,10,8,10,30,45,8,38.5,30,0.1,0,2.0.0,20261130
PH-002,2026-11-09,history,-21,Montag,1,46,0,0,,Pflegehilfskraft,Pflegehilfskraft,PFLEGEHILFE,0.5,19.25,4620,4620,4158,5082,5,2,2,0,0,1,Pflegehilfskraft,0,0.0,597,24,24,2,5,0,3932,1,,,,,S,0,,0,,3,3,2,1,1573,1,3,3,2,1,1376,1,2,2,2,0,983,0,ST-IK1,Normalstation Innere Medizin / Kardiologie,30,Innere Medizin und Kardiologie,10.0,22.0,06:00,14:00,450,,13:30,21:30,450,F,21:15,06:15,495,F|S,11,10,8,10,30,45,8,38.5,30,0.1,0,2.0.0,20261130
PK-001,2026-11-09,history,-21,Montag,1,46,0,0,,Stationsleitung,Pflegefachkraft,EXAM|LEITUNG|PRAXISANLEITUNG,1.0,38.5,9240,4620,4158,5082,5,2,2,0,0,1,Pflegefachkraft,1,0.5,2130,24,24,2,5,0,3932,1,,,,,F,0,,0,,3,3,2,1,1573,1,3,3,2,1,1376,1,2,2,2,0,983,0,ST-IK1,Normalstation Innere Medizin / Kardiologie,30,Innere Medizin und Kardiologie,10.0,22.0,06:00,14:00,450,,13:30,21:30,450,F,21:15,06:15,495,F|S,11,10,8,10,30,45,8,38.5,30,0.1,0,2.0.0,20261130
PK-002,2026-11-09,history,-21,Montag,1,46,0,0,,Pflegefachkraft,Pflegefachkraft,EXAM|PRAXISANLEITUNG|KARDIO_MONITORING,0.5,19.25,4620,4620,4158,5082,5,2,2,8,1,1,Pflegefachkraft,0,0.0,-885,24,24,2,5,0,3932,1,,,,,,0,,0,,3,3,2,1,1573,1,3,3,2,1,1376,1,2,2,2,0,983,0,ST-IK1,Normalstation Innere Medizin / Kardiologie,30,Innere Medizin und Kardiologie,10.0,22.0,06:00,14:00,450,,13:30,21:30,450,F,21:15,06:15,495,F|S,11,10,8,10,30,45,8,38.5,30,0.1,0,2.0.0,20261130
PK-003,2026-11-09,history,-21,Montag,1,46,0,0,,Pflegefachkraft,Pflegefachkraft,EXAM,0.75,28.88,6931,6931,6238,7624,5,2,2,8,1,1,Pflegefachkraft,0,0.0,-1890,24,24,2,5,0,3932,1,,,,,,0,,0,,3,3,2,1,1573,1,3,3,2,1,1376,1,2,2,2,0,983,0,ST-IK1,Normalstation Innere Medizin / Kardiologie,30,Innere Medizin und Kardiologie,10.0,22.0,06:00,14:00,450,,13:30,21:30,450,F,21:15,06:15,495,F|S,11,10,8,10,30,45,8,38.5,30,0.1,0,2.0.0,20261130
PK-004,2026-11-09,history,-21,Montag,1,46,0,0,,Pflegefachkraft,Pflegefachkraft,EXAM,0.75,28.88,6931,6931,6238,7624,5,2,2,8,1,1,Pflegefachkraft,0,0.0,-1890,24,24,2,5,0,3932,1,,,,,F,0,,0,,3,3,2,1,1573,1,3,3,2,1,1376,1,2,2,2,0,983,0,ST-IK1,Normalstation Innere Medizin / Kardiologie,30,Innere Medizin und Kardiologie,10.0,22.0,06:00,14:00,450,,13:30,21:30,450,F,21:15,06:15,495,F|S,11,10,8,10,30,45,8,38.5,30,0.1,0,2.0.0,20261130
PK-005,2026-11-09,history,-21,Montag,1,46,0,0,,Pflegefachkraft,Pflegefachkraft,EXAM,0.6,23.1,5544,5544,4990,6098,5,2,2,8,1,1,Pflegefachkraft,0,0.0,-1449,24,24,2,5,0,3932,1,,,,,,0,,0,,3,3,2,1,1573,1,3,3,2,1,1376,1,2,2,2,0,983,0,ST-IK1,Normalstation Innere Medizin / Kardiologie,30,Innere Medizin und Kardiologie,10.0,22.0,06:00,14:00,450,,13:30,21:30,450,F,21:15,06:15,495,F|S,11,10,8,10,30,45,8,38.5,30,0.1,0,2.0.0,20261130
PK-006,2026-11-09,history,-21,Montag,1,46,0,0,,Pflegefachkraft,Pflegefachkraft,EXAM,1.0,38.5,9240,9240,8316,10164,5,2,2,8,1,1,Pflegefachkraft,0,0.0,-2670,24,24,2,5,0,3932,1,,,,,,0,,0,,3,3,2,1,1573,1,3,3,2,1,1376,1,2,2,2,0,983,0,ST-IK1,Normalstation Innere Medizin / Kardiologie,30,Innere Medizin und Kardiologie,10.0,22.0,06:00,14:00,450,,13:30,21:30,450,F,21:15,06:15,495,F|S,11,10,8,10,30,45,8,38.5,30,0.1,0,2.0.0,20261130
PK-007,2026-11-09,history,-21,Montag,1,46,0,0,,Pflegefachkraft,Pflegefachkraft,EXAM|PRAXISANLEITUNG,1.0,38.5,9240,9240,8316,10164,5,2,2,8,1,1,Pflegefachkraft,0,0.0,-2175,24,24,2,5,0,3932,1,,,,,N,0,,0,,3,3,2,1,1573,1,3,3,2,1,1376,1,2,2,2,0,983,0,ST-IK1,Normalstation Innere Medizin / Kardiologie,30,Innere Medizin und Kardiologie,10.0,22.0,06:00,14:00,450,,13:30,21:30,450,F,21:15,06:15,495,F|S,11,10,8,10,30,45,8,38.5,30,0.1,0,2.0.0,20261130
PK-008,2026-11-09,history,-21,Montag,1,46,0,0,,Pflegefachkraft,Pflegefachkraft,EXAM,0.6,23.1,5544,5544,4990,6098,5,2,2,8,1,1,Pflegefachkraft,0,0.0,-1449,24,24,2,5,0,3932,1,,,,,,0,,0,,3,3,2,1,1573,1,3,3,2,1,1376,1,2,2,2,0,983,0,ST-IK1,Normalstation Innere Medizin / Kardiologie,30,Innere Medizin und Kardiologie,10.0,22.0,06:00,14:00,450,,13:30,21:30,450,F,21:15,06:15,495,F|S,11,10,8,10,30,45,8,38.5,30,0.1,0,2.0.0,20261130
PK-009,2026-11-09,history,-21,Montag,1,46,0,0,,Pflegefachkraft,Pflegefachkraft,EXAM,1.0,38.5,9240,9240,8316,10164,5,2,2,8,1,1,Pflegefachkraft,0,0.0,-2445,24,24,2,5,0,3932,1,,,,,S,0,,0,,3,3,2,1,1573,1,3,3,2,1,1376,1,2,2,2,0,983,0,ST-IK1,Normalstation Innere Medizin / Kardiologie,30,Innere Medizin und Kardiologie,10.0,22.0,06:00,14:00,450,,13:30,21:30,450,F,21:15,06:15,495,F|S,11,10,8,10,30,45,8,38.5,30,0.1,0,2.0.0,20261130
PK-010,2026-11-09,history,-21,Montag,1,46,0,0,,Pflegefachkraft,Pflegefachkraft,EXAM,0.8,30.8,7392,7392,6653,8131,5,2,2,8,1,1,Pflegefachkraft,0,0.0,-1947,24,24,2,5,0,3932,1,,,,,,0,,0,,3,3,2,1,1573,1,3,3,2,1,1376,1,2,2,2,0,983,0,ST-IK1,Normalstation Innere Medizin / Kardiologie,30,Innere Medizin und Kardiologie,10.0,22.0,06:00,14:00,450,,13:30,21:30,450,F,21:15,06:15,495,F|S,11,10,8,10,30,45,8,38.5,30,0.1,0,2.0.0,20261130
PK-011,2026-11-09,history,-21,Montag,1,46,0,0,,Pflegefachkraft,Pflegefachkraft,EXAM|PRAXISANLEITUNG|KARDIO_MONITORING,1.0,38.5,9240,9240,8316,10164,5,2,2,8,1,1,Pflegefachkraft,0,0.0,-2445,24,24,2,5,0,3932,1,,,,,S,0,,0,,3,3,2,1,1573,1,3,3,2,1,1376,1,2,2,2,0,983,0,ST-IK1,Normalstation Innere Medizin / Kardiologie,30,Innere Medizin und Kardiologie,10.0,22.0,06:00,14:00,450,,13:30,21:30,450,F,21:15,06:15,495,F|S,11,10,8,10,30,45,8,38.5,30,0.1,0,2.0.0,20261130
PK-012,2026-11-09,history,-21,Montag,1,46,0,0,,Pflegefachkraft,Pflegefachkraft,EXAM,1.0,38.5,9240,9240,8316,10164,5,2,2,8,1,1,Pflegefachkraft,0,0.0,1104,24,24,2,5,0,3932,0,URLAUB,,,,,0,,0,,3,3,2,1,1573,1,3,3,2,1,1376,1,2,2,2,0,983,0,ST-IK1,Normalstation Innere Medizin / Kardiologie,30,Innere Medizin und Kardiologie,10.0,22.0,06:00,14:00,450,,13:30,21:30,450,F,21:15,06:15,495,F|S,11,10,8,10,30,45,8,38.5,30,0.1,0,2.0.0,20261130
PK-013,2026-11-09,history,-21,Montag,1,46,0,0,,Pflegefachkraft,Pflegefachkraft,EXAM|PRAXISANLEITUNG|KARDIO_MONITORING,1.0,38.5,9240,9240,8316,10164,5,2,2,8,1,1,Pflegefachkraft,0,0.0,1104,24,24,2,5,0,3932,0,URLAUB,,,,,0,,0,,3,3,2,1,1573,1,3,3,2,1,1376,1,2,2,2,0,983,0,ST-IK1,Normalstation Innere Medizin / Kardiologie,30,Innere Medizin und Kardiologie,10.0,22.0,06:00,14:00,450,,13:30,21:30,450,F,21:15,06:15,495,F|S,11,10,8,10,30,45,8,38.5,30,0.1,0,2.0.0,20261130
PK-014,2026-11-09,history,-21,Montag,1,46,0,0,,Pflegefachkraft,Pflegefachkraft,EXAM|PRAXISANLEITUNG,0.9,34.65,8316,8316,7484,9148,5,2,2,8,1,1,Pflegefachkraft,0,0.0,-1926,24,24,2,5,0,3932,1,,,,,,0,,0,,3,3,2,1,1573,1,3,3,2,1,1376,1,2,2,2,0,983,0,ST-IK1,Normalstation Innere Medizin / Kardiologie,30,Innere Medizin und Kardiologie,10.0,22.0,06:00,14:00,450,,13:30,21:30,450,F,21:15,06:15,495,F|S,11,10,8,10,30,45,8,38.5,30,0.1,0,2.0.0,20261130
PK-015,2026-11-09,history,-21,Montag,1,46,0,0,,Pflegefachkraft,Pflegefachkraft,EXAM|KARDIO_MONITORING,1.0,38.5,9240,9240,8316,10164,5,2,2,8,1,1,Pflegefachkraft,0,0.0,-2355,24,24,2,5,0,3932,1,,,,,,0,,0,,3,3,2,1,1573,1,3,3,2,1,1376,1,2,2,2,0,983,0,ST-IK1,Normalstation Innere Medizin / Kardiologie,30,Innere Medizin und Kardiologie,10.0,22.0,06:00,14:00,450,,13:30,21:30,450,F,21:15,06:15,495,F|S,11,10,8,10,30,45,8,38.5,30,0.1,0,2.0.0,20261130
PK-016,2026-11-09,history,-21,Montag,1,46,0,0,,Pflegefachkraft,Pflegefachkraft,EXAM|KARDIO_MONITORING,1.0,38.5,9240,9240,8316,10164,5,2,2,8,1,1,Pflegefachkraft,0,0.0,-2625,24,24,2,5,0,3932,1,,,,,N,0,,0,,3,3,2,1,1573,1,3,3,2,1,1376,1,2,2,2,0,983,0,ST-IK1,Normalstation Innere Medizin / Kardiologie,30,Innere Medizin und Kardiologie,10.0,22.0,06:00,14:00,450,,13:30,21:30,450,F,21:15,06:15,495,F|S,11,10,8,10,30,45,8,38.5,30,0.1,0,2.0.0,20261130
PK-017,2026-11-09,history,-21,Montag,1,46,0,0,,Pflegefachkraft,Pflegefachkraft,EXAM,0.5,19.25,4620,4620,4158,5082,5,2,2,8,1,1,Pflegefachkraft,0,0.0,-885,24,24,2,5,0,3932,1,,,,,,0,,0,,3,3,2,1,1573,1,3,3,2,1,1376,1,2,2,2,0,983,0,ST-IK1,Normalstation Innere Medizin / Kardiologie,30,Innere Medizin und Kardiologie,10.0,22.0,06:00,14:00,450,,13:30,21:30,450,F,21:15,06:15,495,F|S,11,10,8,10,30,45,8,38.5,30,0.1,0,2.0.0,20261130
AZ-001,2026-11-10,history,-20,Dienstag,2,46,0,0,,Auszubildende_r_3_Ausbildungsjahr,Auszubildende,AUSZUBILDEND,1.0,38.5,9240,9240,8316,10164,5,2,2,8,1,0,nicht anrechenbar,0,0.0,-9240,24,23,6,3,3,4940,1,,,,,,0,,0,,4,3,3,1,1976,1,4,3,3,1,1729,1,2,2,2,0,1235,0,ST-IK1,Normalstation Innere Medizin / Kardiologie,30,Innere Medizin und Kardiologie,10.0,22.0,06:00,14:00,450,,13:30,21:30,450,F,21:15,06:15,495,F|S,11,10,8,10,30,45,8,38.5,30,0.1,0,2.0.0,20261130
AZ-002,2026-11-10,history,-20,Dienstag,2,46,0,0,,Auszubildende_r_2_Ausbildungsjahr,Auszubildende,AUSZUBILDEND,1.0,38.5,9240,9240,8316,10164,5,2,2,8,1,0,nicht anrechenbar,0,0.0,-9240,24,23,6,3,3,4940,1,,,,,,0,,0,,4,3,3,1,1976,1,4,3,3,1,1729,1,2,2,2,0,1235,0,ST-IK1,Normalstation Innere Medizin / Kardiologie,30,Innere Medizin und Kardiologie,10.0,22.0,06:00,14:00,450,,13:30,21:30,450,F,21:15,06:15,495,F|S,11,10,8,10,30,45,8,38.5,30,0.1,0,2.0.0,20261130
AZ-003,2026-11-10,history,-20,Dienstag,2,46,0,0,,Auszubildende_r_1_Ausbildungsjahr,Auszubildende,AUSZUBILDEND,1.0,38.5,9240,9240,8316,10164,5,2,2,0,0,0,nicht anrechenbar,0,0.0,-9240,24,23,6,3,3,4940,1,,,,,,0,,0,,4,3,3,1,1976,1,4,3,3,1,1729,1,2,2,2,0,1235,0,ST-IK1,Normalstation Innere Medizin / Kardiologie,30,Innere Medizin und Kardiologie,10.0,22.0,06:00,14:00,450,,13:30,21:30,450,F,21:15,06:15,495,F|S,11,10,8,10,30,45,8,38.5,30,0.1,0,2.0.0,20261130
PH-001,2026-11-10,history,-20,Dienstag,2,46,0,0,,Pflegehilfskraft,Pflegehilfskraft,PFLEGEHILFE,0.75,28.88,6931,6931,6238,7624,5,2,2,0,0,1,Pflegehilfskraft,0,0.0,-1530,24,23,6,3,3,4940,1,,,,,,0,,0,,4,3,3,1,1976,1,4,3,3,1,1729,1,2,2,2,0,1235,0,ST-IK1,Normalstation Innere Medizin / Kardiologie,30,Innere Medizin und Kardiologie,10.0,22.0,06:00,14:00,450,,13:30,21:30,450,F,21:15,06:15,495,F|S,11,10,8,10,30,45,8,38.5,30,0.1,0,2.0.0,20261130
PH-002,2026-11-10,history,-20,Dienstag,2,46,0,0,,Pflegehilfskraft,Pflegehilfskraft,PFLEGEHILFE,0.5,19.25,4620,4620,4158,5082,5,2,2,0,0,1,Pflegehilfskraft,0,0.0,597,24,23,6,3,3,4940,1,,,,,,0,,0,,4,3,3,1,1976,1,4,3,3,1,1729,1,2,2,2,0,1235,0,ST-IK1,Normalstation Innere Medizin / Kardiologie,30,Innere Medizin und Kardiologie,10.0,22.0,06:00,14:00,450,,13:30,21:30,450,F,21:15,06:15,495,F|S,11,10,8,10,30,45,8,38.5,30,0.1,0,2.0.0,20261130
PK-001,2026-11-10,history,-20,Dienstag,2,46,0,0,,Stationsleitung,Pflegefachkraft,EXAM|LEITUNG|PRAXISANLEITUNG,1.0,38.5,9240,4620,4158,5082,5,2,2,0,0,1,Pflegefachkraft,1,0.5,2130,24,23,6,3,3,4940,1,,,,,,0,,0,,4,3,3,1,1976,1,4,3,3,1,1729,1,2,2,2,0,1235,0,ST-IK1,Normalstation Innere Medizin / Kardiologie,30,Innere Medizin und Kardiologie,10.0,22.0,06:00,14:00,450,,13:30,21:30,450,F,21:15,06:15,495,F|S,11,10,8,10,30,45,8,38.5,30,0.1,0,2.0.0,20261130
PK-002,2026-11-10,history,-20,Dienstag,2,46,0,0,,Pflegefachkraft,Pflegefachkraft,EXAM|PRAXISANLEITUNG|KARDIO_MONITORING,0.5,19.25,4620,4620,4158,5082,5,2,2,8,1,1,Pflegefachkraft,0,0.0,-885,24,23,6,3,3,4940,1,,,,,F,0,,0,,4,3,3,1,1976,1,4,3,3,1,1729,1,2,2,2,0,1235,0,ST-IK1,Normalstation Innere Medizin / Kardiologie,30,Innere Medizin und Kardiologie,10.0,22.0,06:00,14:00,450,,13:30,21:30,450,F,21:15,06:15,495,F|S,11,10,8,10,30,45,8,38.5,30,0.1,0,2.0.0,20261130
PK-003,2026-11-10,history,-20,Dienstag,2,46,0,0,,Pflegefachkraft,Pflegefachkraft,EXAM,0.75,28.88,6931,6931,6238,7624,5,2,2,8,1,1,Pflegefachkraft,0,0.0,-1890,24,23,6,3,3,4940,1,,,,,F,0,,0,,4,3,3,1,1976,1,4,3,3,1,1729,1,2,2,2,0,1235,0,ST-IK1,Normalstation Innere Medizin / Kardiologie,30,Innere Medizin und Kardiologie,10.0,22.0,06:00,14:00,450,,13:30,21:30,450,F,21:15,06:15,495,F|S,11,10,8,10,30,45,8,38.5,30,0.1,0,2.0.0,20261130
PK-004,2026-11-10,history,-20,Dienstag,2,46,0,0,,Pflegefachkraft,Pflegefachkraft,EXAM,0.75,28.88,6931,6931,6238,7624,5,2,2,8,1,1,Pflegefachkraft,0,0.0,-1890,24,23,6,3,3,4940,1,,,,,,0,,0,,4,3,3,1,1976,1,4,3,3,1,1729,1,2,2,2,0,1235,0,ST-IK1,Normalstation Innere Medizin / Kardiologie,30,Innere Medizin und Kardiologie,10.0,22.0,06:00,14:00,450,,13:30,21:30,450,F,21:15,06:15,495,F|S,11,10,8,10,30,45,8,38.5,30,0.1,0,2.0.0,20261130
PK-005,2026-11-10,history,-20,Dienstag,2,46,0,0,,Pflegefachkraft,Pflegefachkraft,EXAM,0.6,23.1,5544,5544,4990,6098,5,2,2,8,1,1,Pflegefachkraft,0,0.0,-1449,24,23,6,3,3,4940,1,,,,,S,0,,0,,4,3,3,1,1976,1,4,3,3,1,1729,1,2,2,2,0,1235,0,ST-IK1,Normalstation Innere Medizin / Kardiologie,30,Innere Medizin und Kardiologie,10.0,22.0,06:00,14:00,450,,13:30,21:30,450,F,21:15,06:15,495,F|S,11,10,8,10,30,45,8,38.5,30,0.1,0,2.0.0,20261130
PK-006,2026-11-10,history,-20,Dienstag,2,46,0,0,,Pflegefachkraft,Pflegefachkraft,EXAM,1.0,38.5,9240,9240,8316,10164,5,2,2,8,1,1,Pflegefachkraft,0,0.0,-2670,24,23,6,3,3,4940,1,,,,,F,0,,0,,4,3,3,1,1976,1,4,3,3,1,1729,1,2,2,2,0,1235,0,ST-IK1,Normalstation Innere Medizin / Kardiologie,30,Innere Medizin und Kardiologie,10.0,22.0,06:00,14:00,450,,13:30,21:30,450,F,21:15,06:15,495,F|S,11,10,8,10,30,45,8,38.5,30,0.1,0,2.0.0,20261130
PK-007,2026-11-10,history,-20,Dienstag,2,46,0,0,,Pflegefachkraft,Pflegefachkraft,EXAM|PRAXISANLEITUNG,1.0,38.5,9240,9240,8316,10164,5,2,2,8,1,1,Pflegefachkraft,0,0.0,-2175,24,23,6,3,3,4940,1,,,,,,0,,0,,4,3,3,1,1976,1,4,3,3,1,1729,1,2,2,2,0,1235,0,ST-IK1,Normalstation Innere Medizin / Kardiologie,30,Innere Medizin und Kardiologie,10.0,22.0,06:00,14:00,450,,13:30,21:30,450,F,21:15,06:15,495,F|S,11,10,8,10,30,45,8,38.5,30,0.1,0,2.0.0,20261130
PK-008,2026-11-10,history,-20,Dienstag,2,46,0,0,,Pflegefachkraft,Pflegefachkraft,EXAM,0.6,23.1,5544,5544,4990,6098,5,2,2,8,1,1,Pflegefachkraft,0,0.0,-1449,24,23,6,3,3,4940,1,,,,,,0,,0,,4,3,3,1,1976,1,4,3,3,1,1729,1,2,2,2,0,1235,0,ST-IK1,Normalstation Innere Medizin / Kardiologie,30,Innere Medizin und Kardiologie,10.0,22.0,06:00,14:00,450,,13:30,21:30,450,F,21:15,06:15,495,F|S,11,10,8,10,30,45,8,38.5,30,0.1,0,2.0.0,20261130
PK-009,2026-11-10,history,-20,Dienstag,2,46,0,0,,Pflegefachkraft,Pflegefachkraft,EXAM,1.0,38.5,9240,9240,8316,10164,5,2,2,8,1,1,Pflegefachkraft,0,0.0,-2445,24,23,6,3,3,4940,1,,,,,,0,,0,,4,3,3,1,1976,1,4,3,3,1,1729,1,2,2,2,0,1235,0,ST-IK1,Normalstation Innere Medizin / Kardiologie,30,Innere Medizin und Kardiologie,10.0,22.0,06:00,14:00,450,,13:30,21:30,450,F,21:15,06:15,495,F|S,11,10,8,10,30,45,8,38.5,30,0.1,0,2.0.0,20261130
PK-010,2026-11-10,history,-20,Dienstag,2,46,0,0,,Pflegefachkraft,Pflegefachkraft,EXAM,0.8,30.8,7392,7392,6653,8131,5,2,2,8,1,1,Pflegefachkraft,0,0.0,-1947,24,23,6,3,3,4940,1,,,,,S,0,,0,,4,3,3,1,1976,1,4,3,3,1,1729,1,2,2,2,0,1235,0,ST-IK1,Normalstation Innere Medizin / Kardiologie,30,Innere Medizin und Kardiologie,10.0,22.0,06:00,14:00,450,,13:30,21:30,450,F,21:15,06:15,495,F|S,11,10,8,10,30,45,8,38.5,30,0.1,0,2.0.0,20261130
PK-011,2026-11-10,history,-20,Dienstag,2,46,0,0,,Pflegefachkraft,Pflegefachkraft,EXAM|PRAXISANLEITUNG|KARDIO_MONITORING,1.0,38.5,9240,9240,8316,10164,5,2,2,8,1,1,Pflegefachkraft,0,0.0,-2445,24,23,6,3,3,4940,1,,,,,S,0,,0,,4,3,3,1,1976,1,4,3,3,1,1729,1,2,2,2,0,1235,0,ST-IK1,Normalstation Innere Medizin / Kardiologie,30,Innere Medizin und Kardiologie,10.0,22.0,06:00,14:00,450,,13:30,21:30,450,F,21:15,06:15,495,F|S,11,10,8,10,30,45,8,38.5,30,0.1,0,2.0.0,20261130
PK-012,2026-11-10,history,-20,Dienstag,2,46,0,0,,Pflegefachkraft,Pflegefachkraft,EXAM,1.0,38.5,9240,9240,8316,10164,5,2,2,8,1,1,Pflegefachkraft,0,0.0,1104,24,23,6,3,3,4940,1,,,,,N,0,,0,,4,3,3,1,1976,1,4,3,3,1,1729,1,2,2,2,0,1235,0,ST-IK1,Normalstation Innere Medizin / Kardiologie,30,Innere Medizin und Kardiologie,10.0,22.0,06:00,14:00,450,,13:30,21:30,450,F,21:15,06:15,495,F|S,11,10,8,10,30,45,8,38.5,30,0.1,0,2.0.0,20261130
PK-013,2026-11-10,history,-20,Dienstag,2,46,0,0,,Pflegefachkraft,Pflegefachkraft,EXAM|PRAXISANLEITUNG|KARDIO_MONITORING,1.0,38.5,9240,9240,8316,10164,5,2,2,8,1,1,Pflegefachkraft,0,0.0,1104,24,23,6,3,3,4940,0,URLAUB,,,,,0,,0,,4,3,3,1,1976,1,4,3,3,1,1729,1,2,2,2,0,1235,0,ST-IK1,Normalstation Innere Medizin / Kardiologie,30,Innere Medizin und Kardiologie,10.0,22.0,06:00,14:00,450,,13:30,21:30,450,F,21:15,06:15,495,F|S,11,10,8,10,30,45,8,38.5,30,0.1,0,2.0.0,20261130
PK-014,2026-11-10,history,-20,Dienstag,2,46,0,0,,Pflegefachkraft,Pflegefachkraft,EXAM|PRAXISANLEITUNG,0.9,34.65,8316,8316,7484,9148,5,2,2,8,1,1,Pflegefachkraft,0,0.0,-1926,24,23,6,3,3,4940,1,,,,,S,0,,0,,4,3,3,1,1976,1,4,3,3,1,1729,1,2,2,2,0,1235,0,ST-IK1,Normalstation Innere Medizin / Kardiologie,30,Innere Medizin und Kardiologie,10.0,22.0,06:00,14:00,450,,13:30,21:30,450,F,21:15,06:15,495,F|S,11,10,8,10,30,45,8,38.5,30,0.1,0,2.0.0,20261130
PK-015,2026-11-10,history,-20,Dienstag,2,46,0,0,,Pflegefachkraft,Pflegefachkraft,EXAM|KARDIO_MONITORING,1.0,38.5,9240,9240,8316,10164,5,2,2,8,1,1,Pflegefachkraft,0,0.0,-2355,24,23,6,3,3,4940,1,,,,,N,0,,0,,4,3,3,1,1976,1,4,3,3,1,1729,1,2,2,2,0,1235,0,ST-IK1,Normalstation Innere Medizin / Kardiologie,30,Innere Medizin und Kardiologie,10.0,22.0,06:00,14:00,450,,13:30,21:30,450,F,21:15,06:15,495,F|S,11,10,8,10,30,45,8,38.5,30,0.1,0,2.0.0,20261130
PK-016,2026-11-10,history,-20,Dienstag,2,46,0,0,,Pflegefachkraft,Pflegefachkraft,EXAM|KARDIO_MONITORING,1.0,38.5,9240,9240,8316,10164,5,2,2,8,1,1,Pflegefachkraft,0,0.0,-2625,24,23,6,3,3,4940,1,,,,,,0,,0,,4,3,3,1,1976,1,4,3,3,1,1729,1,2,2,2,0,1235,0,ST-IK1,Normalstation Innere Medizin / Kardiologie,30,Innere Medizin und Kardiologie,10.0,22.0,06:00,14:00,450,,13:30,21:30,450,F,21:15,06:15,495,F|S,11,10,8,10,30,45,8,38.5,30,0.1,0,2.0.0,20261130
PK-017,2026-11-10,history,-20,Dienstag,2,46,0,0,,Pflegefachkraft,Pflegefachkraft,EXAM,0.5,19.25,4620,4620,4158,5082,5,2,2,8,1,1,Pflegefachkraft,0,0.0,-885,24,23,6,3,3,4940,1,,,,,F,0,,0,,4,3,3,1,1976,1,4,3,3,1,1729,1,2,2,2,0,1235,0,ST-IK1,Normalstation Innere Medizin / Kardiologie,30,Innere Medizin und Kardiologie,10.0,22.0,06:00,14:00,450,,13:30,21:30,450,F,21:15,06:15,495,F|S,11,10,8,10,30,45,8,38.5,30,0.1,0,2.0.0,20261130
AZ-001,2026-11-11,history,-19,Mittwoch,3,46,0,0,,Auszubildende_r_3_Ausbildungsjahr,Auszubildende,AUSZUBILDEND,1.0,38.5,9240,9240,8316,10164,5,2,2,8,1,0,nicht anrechenbar,0,0.0,-9240,21,21,5,8,3,3778,1,,,,,,0,,0,,3,3,2,1,1511,1,3,3,2,1,1322,1,2,1,2,0,944,0,ST-IK1,Normalstation Innere Medizin / Kardiologie,30,Innere Medizin und Kardiologie,10.0,22.0,06:00,14:00,450,,13:30,21:30,450,F,21:15,06:15,495,F|S,11,10,8,10,30,45,8,38.5,30,0.1,0,2.0.0,20261130
AZ-002,2026-11-11,history,-19,Mittwoch,3,46,0,0,,Auszubildende_r_2_Ausbildungsjahr,Auszubildende,AUSZUBILDEND,1.0,38.5,9240,9240,8316,10164,5,2,2,8,1,0,nicht anrechenbar,0,0.0,-9240,21,21,5,8,3,3778,1,,,,,,0,,0,,3,3,2,1,1511,1,3,3,2,1,1322,1,2,1,2,0,944,0,ST-IK1,Normalstation Innere Medizin / Kardiologie,30,Innere Medizin und Kardiologie,10.0,22.0,06:00,14:00,450,,13:30,21:30,450,F,21:15,06:15,495,F|S,11,10,8,10,30,45,8,38.5,30,0.1,0,2.0.0,20261130
AZ-003,2026-11-11,history,-19,Mittwoch,3,46,0,0,,Auszubildende_r_1_Ausbildungsjahr,Auszubildende,AUSZUBILDEND,1.0,38.5,9240,9240,8316,10164,5,2,2,0,0,0,nicht anrechenbar,0,0.0,-9240,21,21,5,8,3,3778,1,,,,,,0,,0,,3,3,2,1,1511,1,3,3,2,1,1322,1,2,1,2,0,944,0,ST-IK1,Normalstation Innere Medizin / Kardiologie,30,Innere Medizin und Kardiologie,10.0,22.0,06:00,14:00,450,,13:30,21:30,450,F,21:15,06:15,495,F|S,11,10,8,10,30,45,8,38.5,30,0.1,0,2.0.0,20261130
PH-001,2026-11-11,history,-19,Mittwoch,3,46,0,0,,Pflegehilfskraft,Pflegehilfskraft,PFLEGEHILFE,0.75,28.88,6931,6931,6238,7624,5,2,2,0,0,1,Pflegehilfskraft,0,0.0,-1530,21,21,5,8,3,3778,1,,,,,S,0,,0,,3,3,2,1,1511,1,3,3,2,1,1322,1,2,1,2,0,944,0,ST-IK1,Normalstation Innere Medizin / Kardiologie,30,Innere Medizin und Kardiologie,10.0,22.0,06:00,14:00,450,,13:30,21:30,450,F,21:15,06:15,495,F|S,11,10,8,10,30,45,8,38.5,30,0.1,0,2.0.0,20261130
PH-002,2026-11-11,history,-19,Mittwoch,3,46,0,0,,Pflegehilfskraft,Pflegehilfskraft,PFLEGEHILFE,0.5,19.25,4620,4620,4158,5082,5,2,2,0,0,1,Pflegehilfskraft,0,0.0,597,21,21,5,8,3,3778,1,,,,,,0,,0,,3,3,2,1,1511,1,3,3,2,1,1322,1,2,1,2,0,944,0,ST-IK1,Normalstation Innere Medizin / Kardiologie,30,Innere Medizin und Kardiologie,10.0,22.0,06:00,14:00,450,,13:30,21:30,450,F,21:15,06:15,495,F|S,11,10,8,10,30,45,8,38.5,30,0.1,0,2.0.0,20261130
PK-001,2026-11-11,history,-19,Mittwoch,3,46,0,0,,Stationsleitung,Pflegefachkraft,EXAM|LEITUNG|PRAXISANLEITUNG,1.0,38.5,9240,4620,4158,5082,5,2,2,0,0,1,Pflegefachkraft,1,0.5,2130,21,21,5,8,3,3778,1,,,,,F,0,,0,,3,3,2,1,1511,1,3,3,2,1,1322,1,2,1,2,0,944,0,ST-IK1,Normalstation Innere Medizin / Kardiologie,30,Innere Medizin und Kardiologie,10.0,22.0,06:00,14:00,450,,13:30,21:30,450,F,21:15,06:15,495,F|S,11,10,8,10,30,45,8,38.5,30,0.1,0,2.0.0,20261130
PK-002,2026-11-11,history,-19,Mittwoch,3,46,0,0,,Pflegefachkraft,Pflegefachkraft,EXAM|PRAXISANLEITUNG|KARDIO_MONITORING,0.5,19.25,4620,4620,4158,5082,5,2,2,8,1,1,Pflegefachkraft,0,0.0,-885,21,21,5,8,3,3778,1,,,,,,0,,0,,3,3,2,1,1511,1,3,3,2,1,1322,1,2,1,2,0,944,0,ST-IK1,Normalstation Innere Medizin / Kardiologie,30,Innere Medizin und Kardiologie,10.0,22.0,06:00,14:00,450,,13:30,21:30,450,F,21:15,06:15,495,F|S,11,10,8,10,30,45,8,38.5,30,0.1,0,2.0.0,20261130
PK-003,2026-11-11,history,-19,Mittwoch,3,46,0,0,,Pflegefachkraft,Pflegefachkraft,EXAM,0.75,28.88,6931,6931,6238,7624,5,2,2,8,1,1,Pflegefachkraft,0,0.0,-1890,21,21,5,8,3,3778,1,,,,,,0,,0,,3,3,2,1,1511,1,3,3,2,1,1322,1,2,1,2,0,944,0,ST-IK1,Normalstation Innere Medizin / Kardiologie,30,Innere Medizin und Kardiologie,10.0,22.0,06:00,14:00,450,,13:30,21:30,450,F,21:15,06:15,495,F|S,11,10,8,10,30,45,8,38.5,30,0.1,0,2.0.0,20261130
PK-004,2026-11-11,history,-19,Mittwoch,3,46,0,0,,Pflegefachkraft,Pflegefachkraft,EXAM,0.75,28.88,6931,6931,6238,7624,5,2,2,8,1,1,Pflegefachkraft,0,0.0,-1890,21,21,5,8,3,3778,1,,,,,,0,,0,,3,3,2,1,1511,1,3,3,2,1,1322,1,2,1,2,0,944,0,ST-IK1,Normalstation Innere Medizin / Kardiologie,30,Innere Medizin und Kardiologie,10.0,22.0,06:00,14:00,450,,13:30,21:30,450,F,21:15,06:15,495,F|S,11,10,8,10,30,45,8,38.5,30,0.1,0,2.0.0,20261130
PK-005,2026-11-11,history,-19,Mittwoch,3,46,0,0,,Pflegefachkraft,Pflegefachkraft,EXAM,0.6,23.1,5544,5544,4990,6098,5,2,2,8,1,1,Pflegefachkraft,0,0.0,-1449,21,21,5,8,3,3778,1,,,,,,0,,0,,3,3,2,1,1511,1,3,3,2,1,1322,1,2,1,2,0,944,0,ST-IK1,Normalstation Innere Medizin / Kardiologie,30,Innere Medizin und Kardiologie,10.0,22.0,06:00,14:00,450,,13:30,21:30,450,F,21:15,06:15,495,F|S,11,10,8,10,30,45,8,38.5,30,0.1,0,2.0.0,20261130
PK-006,2026-11-11,history,-19,Mittwoch,3,46,0,0,,Pflegefachkraft,Pflegefachkraft,EXAM,1.0,38.5,9240,9240,8316,10164,5,2,2,8,1,1,Pflegefachkraft,0,0.0,-2670,21,21,5,8,3,3778,1,,,,,S,0,,0,,3,3,2,1,1511,1,3,3,2,1,1322,1,2,1,2,0,944,0,ST-IK1,Normalstation Innere Medizin / Kardiologie,30,Innere Medizin und Kardiologie,10.0,22.0,06:00,14:00,450,,13:30,21:30,450,F,21:15,06:15,495,F|S,11,10,8,10,30,45,8,38.5,30,0.1,0,2.0.0,20261130
PK-007,2026-11-11,history,-19,Mittwoch,3,46,0,0,,Pflegefachkraft,Pflegefachkraft,EXAM|PRAXISANLEITUNG,1.0,38.5,9240,9240,8316,10164,5,2,2,8,1,1,Pflegefachkraft,0,0.0,-2175,21,21,5,8,3,3778,1,,,,,N,0,,0,,3,3,2,1,1511,1,3,3,2,1,1322,1,2,1,2,0,944,0,ST-IK1,Normalstation Innere Medizin / Kardiologie,30,Innere Medizin und Kardiologie,10.0,22.0,06:00,14:00,450,,13:30,21:30,450,F,21:15,06:15,495,F|S,11,10,8,10,30,45,8,38.5,30,0.1,0,2.0.0,20261130
PK-008,2026-11-11,history,-19,Mittwoch,3,46,0,0,,Pflegefachkraft,Pflegefachkraft,EXAM,0.6,23.1,5544,5544,4990,6098,5,2,2,8,1,1,Pflegefachkraft,0,0.0,-1449,21,21,5,8,3,3778,1,,,,,S,0,,0,,3,3,2,1,1511,1,3,3,2,1,1322,1,2,1,2,0,944,0,ST-IK1,Normalstation Innere Medizin / Kardiologie,30,Innere Medizin und Kardiologie,10.0,22.0,06:00,14:00,450,,13:30,21:30,450,F,21:15,06:15,495,F|S,11,10,8,10,30,45,8,38.5,30,0.1,0,2.0.0,20261130
PK-009,2026-11-11,history,-19,Mittwoch,3,46,0,0,,Pflegefachkraft,Pflegefachkraft,EXAM,1.0,38.5,9240,9240,8316,10164,5,2,2,8,1,1,Pflegefachkraft,0,0.0,-2445,21,21,5,8,3,3778,1,,,,,F,0,,0,,3,3,2,1,1511,1,3,3,2,1,1322,1,2,1,2,0,944,0,ST-IK1,Normalstation Innere Medizin / Kardiologie,30,Innere Medizin und Kardiologie,10.0,22.0,06:00,14:00,450,,13:30,21:30,450,F,21:15,06:15,495,F|S,11,10,8,10,30,45,8,38.5,30,0.1,0,2.0.0,20261130
PK-010,2026-11-11,history,-19,Mittwoch,3,46,0,0,,Pflegefachkraft,Pflegefachkraft,EXAM,0.8,30.8,7392,7392,6653,8131,5,2,2,8,1,1,Pflegefachkraft,0,0.0,-1947,21,21,5,8,3,3778,1,,,,,,0,,0,,3,3,2,1,1511,1,3,3,2,1,1322,1,2,1,2,0,944,0,ST-IK1,Normalstation Innere Medizin / Kardiologie,30,Innere Medizin und Kardiologie,10.0,22.0,06:00,14:00,450,,13:30,21:30,450,F,21:15,06:15,495,F|S,11,10,8,10,30,45,8,38.5,30,0.1,0,2.0.0,20261130
PK-011,2026-11-11,history,-19,Mittwoch,3,46,0,0,,Pflegefachkraft,Pflegefachkraft,EXAM|PRAXISANLEITUNG|KARDIO_MONITORING,1.0,38.5,9240,9240,8316,10164,5,2,2,8,1,1,Pflegefachkraft,0,0.0,-2445,21,21,5,8,3,3778,1,,,,,,0,,0,,3,3,2,1,1511,1,3,3,2,1,1322,1,2,1,2,0,944,0,ST-IK1,Normalstation Innere Medizin / Kardiologie,30,Innere Medizin und Kardiologie,10.0,22.0,06:00,14:00,450,,13:30,21:30,450,F,21:15,06:15,495,F|S,11,10,8,10,30,45,8,38.5,30,0.1,0,2.0.0,20261130
PK-012,2026-11-11,history,-19,Mittwoch,3,46,0,0,,Pflegefachkraft,Pflegefachkraft,EXAM,1.0,38.5,9240,9240,8316,10164,5,2,2,8,1,1,Pflegefachkraft,0,0.0,1104,21,21,5,8,3,3778,1,,,,,N,0,,0,,3,3,2,1,1511,1,3,3,2,1,1322,1,2,1,2,0,944,0,ST-IK1,Normalstation Innere Medizin / Kardiologie,30,Innere Medizin und Kardiologie,10.0,22.0,06:00,14:00,450,,13:30,21:30,450,F,21:15,06:15,495,F|S,11,10,8,10,30,45,8,38.5,30,0.1,0,2.0.0,20261130
PK-013,2026-11-11,history,-19,Mittwoch,3,46,0,0,,Pflegefachkraft,Pflegefachkraft,EXAM|PRAXISANLEITUNG|KARDIO_MONITORING,1.0,38.5,9240,9240,8316,10164,5,2,2,8,1,1,Pflegefachkraft,0,0.0,1104,21,21,5,8,3,3778,0,URLAUB,,,,,0,,0,,3,3,2,1,1511,1,3,3,2,1,1322,1,2,1,2,0,944,0,ST-IK1,Normalstation Innere Medizin / Kardiologie,30,Innere Medizin und Kardiologie,10.0,22.0,06:00,14:00,450,,13:30,21:30,450,F,21:15,06:15,495,F|S,11,10,8,10,30,45,8,38.5,30,0.1,0,2.0.0,20261130
PK-014,2026-11-11,history,-19,Mittwoch,3,46,0,0,,Pflegefachkraft,Pflegefachkraft,EXAM|PRAXISANLEITUNG,0.9,34.65,8316,8316,7484,9148,5,2,2,8,1,1,Pflegefachkraft,0,0.0,-1926,21,21,5,8,3,3778,1,,,,,,0,,0,,3,3,2,1,1511,1,3,3,2,1,1322,1,2,1,2,0,944,0,ST-IK1,Normalstation Innere Medizin / Kardiologie,30,Innere Medizin und Kardiologie,10.0,22.0,06:00,14:00,450,,13:30,21:30,450,F,21:15,06:15,495,F|S,11,10,8,10,30,45,8,38.5,30,0.1,0,2.0.0,20261130
PK-015,2026-11-11,history,-19,Mittwoch,3,46,0,0,,Pflegefachkraft,Pflegefachkraft,EXAM|KARDIO_MONITORING,1.0,38.5,9240,9240,8316,10164,5,2,2,8,1,1,Pflegefachkraft,0,0.0,-2355,21,21,5,8,3,3778,1,,,,,,0,,0,,3,3,2,1,1511,1,3,3,2,1,1322,1,2,1,2,0,944,0,ST-IK1,Normalstation Innere Medizin / Kardiologie,30,Innere Medizin und Kardiologie,10.0,22.0,06:00,14:00,450,,13:30,21:30,450,F,21:15,06:15,495,F|S,11,10,8,10,30,45,8,38.5,30,0.1,0,2.0.0,20261130
PK-016,2026-11-11,history,-19,Mittwoch,3,46,0,0,,Pflegefachkraft,Pflegefachkraft,EXAM|KARDIO_MONITORING,1.0,38.5,9240,9240,8316,10164,5,2,2,8,1,1,Pflegefachkraft,0,0.0,-2625,21,21,5,8,3,3778,1,,,,,F,0,,0,,3,3,2,1,1511,1,3,3,2,1,1322,1,2,1,2,0,944,0,ST-IK1,Normalstation Innere Medizin / Kardiologie,30,Innere Medizin und Kardiologie,10.0,22.0,06:00,14:00,450,,13:30,21:30,450,F,21:15,06:15,495,F|S,11,10,8,10,30,45,8,38.5,30,0.1,0,2.0.0,20261130
PK-017,2026-11-11,history,-19,Mittwoch,3,46,0,0,,Pflegefachkraft,Pflegefachkraft,EXAM,0.5,19.25,4620,4620,4158,5082,5,2,2,8,1,1,Pflegefachkraft,0,0.0,-885,21,21,5,8,3,3778,1,,,,,,0,,0,,3,3,2,1,1511,1,3,3,2,1,1322,1,2,1,2,0,944,0,ST-IK1,Normalstation Innere Medizin / Kardiologie,30,Innere Medizin und Kardiologie,10.0,22.0,06:00,14:00,450,,13:30,21:30,450,F,21:15,06:15,495,F|S,11,10,8,10,30,45,8,38.5,30,0.1,0,2.0.0,20261130
AZ-001,2026-11-12,history,-18,Donnerstag,4,46,0,0,,Auszubildende_r_3_Ausbildungsjahr,Auszubildende,AUSZUBILDEND,1.0,38.5,9240,9240,8316,10164,5,2,2,8,1,0,nicht anrechenbar,0,0.0,-9240,23,23,3,7,1,3872,1,,,,,,0,,0,,3,3,2,1,1549,1,3,3,2,1,1355,1,2,2,2,0,968,0,ST-IK1,Normalstation Innere Medizin / Kardiologie,30,Innere Medizin und Kardiologie,10.0,22.0,06:00,14:00,450,,13:30,21:30,450,F,21:15,06:15,495,F|S,11,10,8,10,30,45,8,38.5,30,0.1,0,2.0.0,20261130
AZ-002,2026-11-12,history,-18,Donnerstag,4,46,0,0,,Auszubildende_r_2_Ausbildungsjahr,Auszubildende,AUSZUBILDEND,1.0,38.5,9240,9240,8316,10164,5,2,2,8,1,0,nicht anrechenbar,0,0.0,-9240,23,23,3,7,1,3872,1,,,,,,0,,0,,3,3,2,1,1549,1,3,3,2,1,1355,1,2,2,2,0,968,0,ST-IK1,Normalstation Innere Medizin / Kardiologie,30,Innere Medizin und Kardiologie,10.0,22.0,06:00,14:00,450,,13:30,21:30,450,F,21:15,06:15,495,F|S,11,10,8,10,30,45,8,38.5,30,0.1,0,2.0.0,20261130
AZ-003,2026-11-12,history,-18,Donnerstag,4,46,0,0,,Auszubildende_r_1_Ausbildungsjahr,Auszubildende,AUSZUBILDEND,1.0,38.5,9240,9240,8316,10164,5,2,2,0,0,0,nicht anrechenbar,0,0.0,-9240,23,23,3,7,1,3872,1,,,,,,0,,0,,3,3,2,1,1549,1,3,3,2,1,1355,1,2,2,2,0,968,0,ST-IK1,Normalstation Innere Medizin / Kardiologie,30,Innere Medizin und Kardiologie,10.0,22.0,06:00,14:00,450,,13:30,21:30,450,F,21:15,06:15,495,F|S,11,10,8,10,30,45,8,38.5,30,0.1,0,2.0.0,20261130
PH-001,2026-11-12,history,-18,Donnerstag,4,46,0,0,,Pflegehilfskraft,Pflegehilfskraft,PFLEGEHILFE,0.75,28.88,6931,6931,6238,7624,5,2,2,0,0,1,Pflegehilfskraft,0,0.0,-1530,23,23,3,7,1,3872,1,,,,,,0,,0,,3,3,2,1,1549,1,3,3,2,1,1355,1,2,2,2,0,968,0,ST-IK1,Normalstation Innere Medizin / Kardiologie,30,Innere Medizin und Kardiologie,10.0,22.0,06:00,14:00,450,,13:30,21:30,450,F,21:15,06:15,495,F|S,11,10,8,10,30,45,8,38.5,30,0.1,0,2.0.0,20261130
PH-002,2026-11-12,history,-18,Donnerstag,4,46,0,0,,Pflegehilfskraft,Pflegehilfskraft,PFLEGEHILFE,0.5,19.25,4620,4620,4158,5082,5,2,2,0,0,1,Pflegehilfskraft,0,0.0,597,23,23,3,7,1,3872,1,,,,,S,0,,0,,3,3,2,1,1549,1,3,3,2,1,1355,1,2,2,2,0,968,0,ST-IK1,Normalstation Innere Medizin / Kardiologie,30,Innere Medizin und Kardiologie,10.0,22.0,06:00,14:00,450,,13:30,21:30,450,F,21:15,06:15,495,F|S,11,10,8,10,30,45,8,38.5,30,0.1,0,2.0.0,20261130
PK-001,2026-11-12,history,-18,Donnerstag,4,46,0,0,,Stationsleitung,Pflegefachkraft,EXAM|LEITUNG|PRAXISANLEITUNG,1.0,38.5,9240,4620,4158,5082,5,2,2,0,0,1,Pflegefachkraft,1,0.5,2130,23,23,3,7,1,3872,1,,,,,,0,,0,,3,3,2,1,1549,1,3,3,2,1,1355,1,2,2,2,0,968,0,ST-IK1,Normalstation Innere Medizin / Kardiologie,30,Innere Medizin und Kardiologie,10.0,22.0,06:00,14:00,450,,13:30,21:30,450,F,21:15,06:15,495,F|S,11,10,8,10,30,45,8,38.5,30,0.1,0,2.0.0,20261130
PK-002,2026-11-12,history,-18,Donnerstag,4,46,0,0,,Pflegefachkraft,Pflegefachkraft,EXAM|PRAXISANLEITUNG|KARDIO_MONITORING,0.5,19.25,4620,4620,4158,5082,5,2,2,8,1,1,Pflegefachkraft,0,0.0,-885,23,23,3,7,1,3872,1,,,,,,0,,0,,3,3,2,1,1549,1,3,3,2,1,1355,1,2,2,2,0,968,0,ST-IK1,Normalstation Innere Medizin / Kardiologie,30,Innere Medizin und Kardiologie,10.0,22.0,06:00,14:00,450,,13:30,21:30,450,F,21:15,06:15,495,F|S,11,10,8,10,30,45,8,38.5,30,0.1,0,2.0.0,20261130
PK-003,2026-11-12,history,-18,Donnerstag,4,46,0,0,,Pflegefachkraft,Pflegefachkraft,EXAM,0.75,28.88,6931,6931,6238,7624,5,2,2,8,1,1,Pflegefachkraft,0,0.0,-1890,23,23,3,7,1,3872,1,,,,,F,0,,0,,3,3,2,1,1549,1,3,3,2,1,1355,1,2,2,2,0,968,0,ST-IK1,Normalstation Innere Medizin / Kardiologie,30,Innere Medizin und Kardiologie,10.0,22.0,06:00,14:00,450,,13:30,21:30,450,F,21:15,06:15,495,F|S,11,10,8,10,30,45,8,38.5,30,0.1,0,2.0.0,20261130
PK-004,2026-11-12,history,-18,Donnerstag,4,46,0,0,,Pflegefachkraft,Pflegefachkraft,EXAM,0.75,28.88,6931,6931,6238,7624,5,2,2,8,1,1,Pflegefachkraft,0,0.0,-1890,23,23,3,7,1,3872,1,,,,,F,0,,0,,3,3,2,1,1549,1,3,3,2,1,1355,1,2,2,2,0,968,0,ST-IK1,Normalstation Innere Medizin / Kardiologie,30,Innere Medizin und Kardiologie,10.0,22.0,06:00,14:00,450,,13:30,21:30,450,F,21:15,06:15,495,F|S,11,10,8,10,30,45,8,38.5,30,0.1,0,2.0.0,20261130
PK-005,2026-11-12,history,-18,Donnerstag,4,46,0,0,,Pflegefachkraft,Pflegefachkraft,EXAM,0.6,23.1,5544,5544,4990,6098,5,2,2,8,1,1,Pflegefachkraft,0,0.0,-1449,23,23,3,7,1,3872,1,,,,,,0,,0,,3,3,2,1,1549,1,3,3,2,1,1355,1,2,2,2,0,968,0,ST-IK1,Normalstation Innere Medizin / Kardiologie,30,Innere Medizin und Kardiologie,10.0,22.0,06:00,14:00,450,,13:30,21:30,450,F,21:15,06:15,495,F|S,11,10,8,10,30,45,8,38.5,30,0.1,0,2.0.0,20261130
PK-006,2026-11-12,history,-18,Donnerstag,4,46,0,0,,Pflegefachkraft,Pflegefachkraft,EXAM,1.0,38.5,9240,9240,8316,10164,5,2,2,8,1,1,Pflegefachkraft,0,0.0,-2670,23,23,3,7,1,3872,1,,,,,,0,,0,,3,3,2,1,1549,1,3,3,2,1,1355,1,2,2,2,0,968,0,ST-IK1,Normalstation Innere Medizin / Kardiologie,30,Innere Medizin und Kardiologie,10.0,22.0,06:00,14:00,450,,13:30,21:30,450,F,21:15,06:15,495,F|S,11,10,8,10,30,45,8,38.5,30,0.1,0,2.0.0,20261130
PK-007,2026-11-12,history,-18,Donnerstag,4,46,0,0,,Pflegefachkraft,Pflegefachkraft,EXAM|PRAXISANLEITUNG,1.0,38.5,9240,9240,8316,10164,5,2,2,8,1,1,Pflegefachkraft,0,0.0,-2175,23,23,3,7,1,3872,1,,,,,,0,,0,,3,3,2,1,1549,1,3,3,2,1,1355,1,2,2,2,0,968,0,ST-IK1,Normalstation Innere Medizin / Kardiologie,30,Innere Medizin und Kardiologie,10.0,22.0,06:00,14:00,450,,13:30,21:30,450,F,21:15,06:15,495,F|S,11,10,8,10,30,45,8,38.5,30,0.1,0,2.0.0,20261130
PK-008,2026-11-12,history,-18,Donnerstag,4,46,0,0,,Pflegefachkraft,Pflegefachkraft,EXAM,0.6,23.1,5544,5544,4990,6098,5,2,2,8,1,1,Pflegefachkraft,0,0.0,-1449,23,23,3,7,1,3872,1,,,,,,0,,0,,3,3,2,1,1549,1,3,3,2,1,1355,1,2,2,2,0,968,0,ST-IK1,Normalstation Innere Medizin / Kardiologie,30,Innere Medizin und Kardiologie,10.0,22.0,06:00,14:00,450,,13:30,21:30,450,F,21:15,06:15,495,F|S,11,10,8,10,30,45,8,38.5,30,0.1,0,2.0.0,20261130
PK-009,2026-11-12,history,-18,Donnerstag,4,46,0,0,,Pflegefachkraft,Pflegefachkraft,EXAM,1.0,38.5,9240,9240,8316,10164,5,2,2,8,1,1,Pflegefachkraft,0,0.0,-2445,23,23,3,7,1,3872,1,,,,,,0,,0,,3,3,2,1,1549,1,3,3,2,1,1355,1,2,2,2,0,968,0,ST-IK1,Normalstation Innere Medizin / Kardiologie,30,Innere Medizin und Kardiologie,10.0,22.0,06:00,14:00,450,,13:30,21:30,450,F,21:15,06:15,495,F|S,11,10,8,10,30,45,8,38.5,30,0.1,0,2.0.0,20261130
PK-010,2026-11-12,history,-18,Donnerstag,4,46,0,0,,Pflegefachkraft,Pflegefachkraft,EXAM,0.8,30.8,7392,7392,6653,8131,5,2,2,8,1,1,Pflegefachkraft,0,0.0,-1947,23,23,3,7,1,3872,1,,,,,,0,,0,,3,3,2,1,1549,1,3,3,2,1,1355,1,2,2,2,0,968,0,ST-IK1,Normalstation Innere Medizin / Kardiologie,30,Innere Medizin und Kardiologie,10.0,22.0,06:00,14:00,450,,13:30,21:30,450,F,21:15,06:15,495,F|S,11,10,8,10,30,45,8,38.5,30,0.1,0,2.0.0,20261130
PK-011,2026-11-12,history,-18,Donnerstag,4,46,0,0,,Pflegefachkraft,Pflegefachkraft,EXAM|PRAXISANLEITUNG|KARDIO_MONITORING,1.0,38.5,9240,9240,8316,10164,5,2,2,8,1,1,Pflegefachkraft,0,0.0,-2445,23,23,3,7,1,3872,1,,,,,S,0,,0,,3,3,2,1,1549,1,3,3,2,1,1355,1,2,2,2,0,968,0,ST-IK1,Normalstation Innere Medizin / Kardiologie,30,Innere Medizin und Kardiologie,10.0,22.0,06:00,14:00,450,,13:30,21:30,450,F,21:15,06:15,495,F|S,11,10,8,10,30,45,8,38.5,30,0.1,0,2.0.0,20261130
PK-012,2026-11-12,history,-18,Donnerstag,4,46,0,0,,Pflegefachkraft,Pflegefachkraft,EXAM,1.0,38.5,9240,9240,8316,10164,5,2,2,8,1,1,Pflegefachkraft,0,0.0,1104,23,23,3,7,1,3872,1,,,,,N,0,,0,,3,3,2,1,1549,1,3,3,2,1,1355,1,2,2,2,0,968,0,ST-IK1,Normalstation Innere Medizin / Kardiologie,30,Innere Medizin und Kardiologie,10.0,22.0,06:00,14:00,450,,13:30,21:30,450,F,21:15,06:15,495,F|S,11,10,8,10,30,45,8,38.5,30,0.1,0,2.0.0,20261130
PK-013,2026-11-12,history,-18,Donnerstag,4,46,0,0,,Pflegefachkraft,Pflegefachkraft,EXAM|PRAXISANLEITUNG|KARDIO_MONITORING,1.0,38.5,9240,9240,8316,10164,5,2,2,8,1,1,Pflegefachkraft,0,0.0,1104,23,23,3,7,1,3872,0,URLAUB,,,,,0,,0,,3,3,2,1,1549,1,3,3,2,1,1355,1,2,2,2,0,968,0,ST-IK1,Normalstation Innere Medizin / Kardiologie,30,Innere Medizin und Kardiologie,10.0,22.0,06:00,14:00,450,,13:30,21:30,450,F,21:15,06:15,495,F|S,11,10,8,10,30,45,8,38.5,30,0.1,0,2.0.0,20261130
PK-014,2026-11-12,history,-18,Donnerstag,4,46,0,0,,Pflegefachkraft,Pflegefachkraft,EXAM|PRAXISANLEITUNG,0.9,34.65,8316,8316,7484,9148,5,2,2,8,1,1,Pflegefachkraft,0,0.0,-1926,23,23,3,7,1,3872,1,,,,,S,0,,0,,3,3,2,1,1549,1,3,3,2,1,1355,1,2,2,2,0,968,0,ST-IK1,Normalstation Innere Medizin / Kardiologie,30,Innere Medizin und Kardiologie,10.0,22.0,06:00,14:00,450,,13:30,21:30,450,F,21:15,06:15,495,F|S,11,10,8,10,30,45,8,38.5,30,0.1,0,2.0.0,20261130
PK-015,2026-11-12,history,-18,Donnerstag,4,46,0,0,,Pflegefachkraft,Pflegefachkraft,EXAM|KARDIO_MONITORING,1.0,38.5,9240,9240,8316,10164,5,2,2,8,1,1,Pflegefachkraft,0,0.0,-2355,23,23,3,7,1,3872,1,,,,,N,0,,0,,3,3,2,1,1549,1,3,3,2,1,1355,1,2,2,2,0,968,0,ST-IK1,Normalstation Innere Medizin / Kardiologie,30,Innere Medizin und Kardiologie,10.0,22.0,06:00,14:00,450,,13:30,21:30,450,F,21:15,06:15,495,F|S,11,10,8,10,30,45,8,38.5,30,0.1,0,2.0.0,20261130
PK-016,2026-11-12,history,-18,Donnerstag,4,46,0,0,,Pflegefachkraft,Pflegefachkraft,EXAM|KARDIO_MONITORING,1.0,38.5,9240,9240,8316,10164,5,2,2,8,1,1,Pflegefachkraft,0,0.0,-2625,23,23,3,7,1,3872,1,,,,,F,0,,0,,3,3,2,1,1549,1,3,3,2,1,1355,1,2,2,2,0,968,0,ST-IK1,Normalstation Innere Medizin / Kardiologie,30,Innere Medizin und Kardiologie,10.0,22.0,06:00,14:00,450,,13:30,21:30,450,F,21:15,06:15,495,F|S,11,10,8,10,30,45,8,38.5,30,0.1,0,2.0.0,20261130
PK-017,2026-11-12,history,-18,Donnerstag,4,46,0,0,,Pflegefachkraft,Pflegefachkraft,EXAM,0.5,19.25,4620,4620,4158,5082,5,2,2,8,1,1,Pflegefachkraft,0,0.0,-885,23,23,3,7,1,3872,1,,,,,,0,,0,,3,3,2,1,1549,1,3,3,2,1,1355,1,2,2,2,0,968,0,ST-IK1,Normalstation Innere Medizin / Kardiologie,30,Innere Medizin und Kardiologie,10.0,22.0,06:00,14:00,450,,13:30,21:30,450,F,21:15,06:15,495,F|S,11,10,8,10,30,45,8,38.5,30,0.1,0,2.0.0,20261130
AZ-001,2026-11-13,history,-17,Freitag,5,46,0,0,,Auszubildende_r_3_Ausbildungsjahr,Auszubildende,AUSZUBILDEND,1.0,38.5,9240,9240,8316,10164,5,2,2,8,1,0,nicht anrechenbar,0,0.0,-9240,21,19,4,2,0,3911,1,,,,,,0,,0,,3,3,2,1,1564,1,3,3,2,1,1369,1,2,1,2,0,978,0,ST-IK1,Normalstation Innere Medizin / Kardiologie,30,Innere Medizin und Kardiologie,10.0,22.0,06:00,14:00,450,,13:30,21:30,450,F,21:15,06:15,495,F|S,11,10,8,10,30,45,8,38.5,30,0.1,0,2.0.0,20261130
AZ-002,2026-11-13,history,-17,Freitag,5,46,0,0,,Auszubildende_r_2_Ausbildungsjahr,Auszubildende,AUSZUBILDEND,1.0,38.5,9240,9240,8316,10164,5,2,2,8,1,0,nicht anrechenbar,0,0.0,-9240,21,19,4,2,0,3911,1,,,,,,0,,0,,3,3,2,1,1564,1,3,3,2,1,1369,1,2,1,2,0,978,0,ST-IK1,Normalstation Innere Medizin / Kardiologie,30,Innere Medizin und Kardiologie,10.0,22.0,06:00,14:00,450,,13:30,21:30,450,F,21:15,06:15,495,F|S,11,10,8,10,30,45,8,38.5,30,0.1,0,2.0.0,20261130
AZ-003,2026-11-13,history,-17,Freitag,5,46,0,0,,Auszubildende_r_1_Ausbildungsjahr,Auszubildende,AUSZUBILDEND,1.0,38.5,9240,9240,8316,10164,5,2,2,0,0,0,nicht anrechenbar,0,0.0,-9240,21,19,4,2,0,3911,1,,,,,,0,,0,,3,3,2,1,1564,1,3,3,2,1,1369,1,2,1,2,0,978,0,ST-IK1,Normalstation Innere Medizin / Kardiologie,30,Innere Medizin und Kardiologie,10.0,22.0,06:00,14:00,450,,13:30,21:30,450,F,21:15,06:15,495,F|S,11,10,8,10,30,45,8,38.5,30,0.1,0,2.0.0,20261130
PH-001,2026-11-13,history,-17,Freitag,5,46,0,0,,Pflegehilfskraft,Pflegehilfskraft,PFLEGEHILFE,0.75,28.88,6931,6931,6238,7624,5,2,2,0,0,1,Pflegehilfskraft,0,0.0,-1530,21,19,4,2,0,3911,1,,,,,,0,,0,,3,3,2,1,1564,1,3,3,2,1,1369,1,2,1,2,0,978,0,ST-IK1,Normalstation Innere Medizin / Kardiologie,30,Innere Medizin und Kardiologie,10.0,22.0,06:00,14:00,450,,13:30,21:30,450,F,21:15,06:15,495,F|S,11,10,8,10,30,45,8,38.5,30,0.1,0,2.0.0,20261130
PH-002,2026-11-13,history,-17,Freitag,5,46,0,0,,Pflegehilfskraft,Pflegehilfskraft,PFLEGEHILFE,0.5,19.25,4620,4620,4158,5082,5,2,2,0,0,1,Pflegehilfskraft,0,0.0,597,21,19,4,2,0,3911,1,,,,,,0,,0,,3,3,2,1,1564,1,3,3,2,1,1369,1,2,1,2,0,978,0,ST-IK1,Normalstation Innere Medizin / Kardiologie,30,Innere Medizin und Kardiologie,10.0,22.0,06:00,14:00,450,,13:30,21:30,450,F,21:15,06:15,495,F|S,11,10,8,10,30,45,8,38.5,30,0.1,0,2.0.0,20261130
PK-001,2026-11-13,history,-17,Freitag,5,46,0,0,,Stationsleitung,Pflegefachkraft,EXAM|LEITUNG|PRAXISANLEITUNG,1.0,38.5,9240,4620,4158,5082,5,2,2,0,0,1,Pflegefachkraft,1,0.5,2130,21,19,4,2,0,3911,1,,,,,F,0,,0,,3,3,2,1,1564,1,3,3,2,1,1369,1,2,1,2,0,978,0,ST-IK1,Normalstation Innere Medizin / Kardiologie,30,Innere Medizin und Kardiologie,10.0,22.0,06:00,14:00,450,,13:30,21:30,450,F,21:15,06:15,495,F|S,11,10,8,10,30,45,8,38.5,30,0.1,0,2.0.0,20261130
PK-002,2026-11-13,history,-17,Freitag,5,46,0,0,,Pflegefachkraft,Pflegefachkraft,EXAM|PRAXISANLEITUNG|KARDIO_MONITORING,0.5,19.25,4620,4620,4158,5082,5,2,2,8,1,1,Pflegefachkraft,0,0.0,-885,21,19,4,2,0,3911,1,,,,,F,0,,0,,3,3,2,1,1564,1,3,3,2,1,1369,1,2,1,2,0,978,0,ST-IK1,Normalstation Innere Medizin / Kardiologie,30,Innere Medizin und Kardiologie,10.0,22.0,06:00,14:00,450,,13:30,21:30,450,F,21:15,06:15,495,F|S,11,10,8,10,30,45,8,38.5,30,0.1,0,2.0.0,20261130
PK-003,2026-11-13,history,-17,Freitag,5,46,0,0,,Pflegefachkraft,Pflegefachkraft,EXAM,0.75,28.88,6931,6931,6238,7624,5,2,2,8,1,1,Pflegefachkraft,0,0.0,-1890,21,19,4,2,0,3911,1,,,,,,0,,0,,3,3,2,1,1564,1,3,3,2,1,1369,1,2,1,2,0,978,0,ST-IK1,Normalstation Innere Medizin / Kardiologie,30,Innere Medizin und Kardiologie,10.0,22.0,06:00,14:00,450,,13:30,21:30,450,F,21:15,06:15,495,F|S,11,10,8,10,30,45,8,38.5,30,0.1,0,2.0.0,20261130
PK-004,2026-11-13,history,-17,Freitag,5,46,0,0,,Pflegefachkraft,Pflegefachkraft,EXAM,0.75,28.88,6931,6931,6238,7624,5,2,2,8,1,1,Pflegefachkraft,0,0.0,-1890,21,19,4,2,0,3911,1,,,,,,0,,0,,3,3,2,1,1564,1,3,3,2,1,1369,1,2,1,2,0,978,0,ST-IK1,Normalstation Innere Medizin / Kardiologie,30,Innere Medizin und Kardiologie,10.0,22.0,06:00,14:00,450,,13:30,21:30,450,F,21:15,06:15,495,F|S,11,10,8,10,30,45,8,38.5,30,0.1,0,2.0.0,20261130
PK-005,2026-11-13,history,-17,Freitag,5,46,0,0,,Pflegefachkraft,Pflegefachkraft,EXAM,0.6,23.1,5544,5544,4990,6098,5,2,2,8,1,1,Pflegefachkraft,0,0.0,-1449,21,19,4,2,0,3911,1,,,,,,0,,0,,3,3,2,1,1564,1,3,3,2,1,1369,1,2,1,2,0,978,0,ST-IK1,Normalstation Innere Medizin / Kardiologie,30,Innere Medizin und Kardiologie,10.0,22.0,06:00,14:00,450,,13:30,21:30,450,F,21:15,06:15,495,F|S,11,10,8,10,30,45,8,38.5,30,0.1,0,2.0.0,20261130
PK-006,2026-11-13,history,-17,Freitag,5,46,0,0,,Pflegefachkraft,Pflegefachkraft,EXAM,1.0,38.5,9240,9240,8316,10164,5,2,2,8,1,1,Pflegefachkraft,0,0.0,-2670,21,19,4,2,0,3911,1,,,,,S,0,,0,,3,3,2,1,1564,1,3,3,2,1,1369,1,2,1,2,0,978,0,ST-IK1,Normalstation Innere Medizin / Kardiologie,30,Innere Medizin und Kardiologie,10.0,22.0,06:00,14:00,450,,13:30,21:30,450,F,21:15,06:15,495,F|S,11,10,8,10,30,45,8,38.5,30,0.1,0,2.0.0,20261130
PK-007,2026-11-13,history,-17,Freitag,5,46,0,0,,Pflegefachkraft,Pflegefachkraft,EXAM|PRAXISANLEITUNG,1.0,38.5,9240,9240,8316,10164,5,2,2,8,1,1,Pflegefachkraft,0,0.0,-2175,21,19,4,2,0,3911,1,,,,,N,0,,0,,3,3,2,1,1564,1,3,3,2,1,1369,1,2,1,2,0,978,0,ST-IK1,Normalstation Innere Medizin / Kardiologie,30,Innere Medizin und Kardiologie,10.0,22.0,06:00,14:00,450,,13:30,21:30,450,F,21:15,06:15,495,F|S,11,10,8,10,30,45,8,38.5,30,0.1,0,2.0.0,20261130
PK-008,2026-11-13,history,-17,Freitag,5,46,0,0,,Pflegefachkraft,Pflegefachkraft,EXAM,0.6,23.1,5544,5544,4990,6098,5,2,2,8,1,1,Pflegefachkraft,0,0.0,-1449,21,19,4,2,0,3911,1,,,,,,0,,0,,3,3,2,1,1564,1,3,3,2,1,1369,1,2,1,2,0,978,0,ST-IK1,Normalstation Innere Medizin / Kardiologie,30,Innere Medizin und Kardiologie,10.0,22.0,06:00,14:00,450,,13:30,21:30,450,F,21:15,06:15,495,F|S,11,10,8,10,30,45,8,38.5,30,0.1,0,2.0.0,20261130
PK-009,2026-11-13,history,-17,Freitag,5,46,0,0,,Pflegefachkraft,Pflegefachkraft,EXAM,1.0,38.5,9240,9240,8316,10164,5,2,2,8,1,1,Pflegefachkraft,0,0.0,-2445,21,19,4,2,0,3911,1,,,,,F,0,,0,,3,3,2,1,1564,1,3,3,2,1,1369,1,2,1,2,0,978,0,ST-IK1,Normalstation Innere Medizin / Kardiologie,30,Innere Medizin und Kardiologie,10.0,22.0,06:00,14:00,450,,13:30,21:30,450,F,21:15,06:15,495,F|S,11,10,8,10,30,45,8,38.5,30,0.1,0,2.0.0,20261130
PK-010,2026-11-13,history,-17,Freitag,5,46,0,0,,Pflegefachkraft,Pflegefachkraft,EXAM,0.8,30.8,7392,7392,6653,8131,5,2,2,8,1,1,Pflegefachkraft,0,0.0,-1947,21,19,4,2,0,3911,1,,,,,S,0,,0,,3,3,2,1,1564,1,3,3,2,1,1369,1,2,1,2,0,978,0,ST-IK1,Normalstation Innere Medizin / Kardiologie,30,Innere Medizin und Kardiologie,10.0,22.0,06:00,14:00,450,,13:30,21:30,450,F,21:15,06:15,495,F|S,11,10,8,10,30,45,8,38.5,30,0.1,0,2.0.0,20261130
PK-011,2026-11-13,history,-17,Freitag,5,46,0,0,,Pflegefachkraft,Pflegefachkraft,EXAM|PRAXISANLEITUNG|KARDIO_MONITORING,1.0,38.5,9240,9240,8316,10164,5,2,2,8,1,1,Pflegefachkraft,0,0.0,-2445,21,19,4,2,0,3911,1,,,,,,0,,0,,3,3,2,1,1564,1,3,3,2,1,1369,1,2,1,2,0,978,0,ST-IK1,Normalstation Innere Medizin / Kardiologie,30,Innere Medizin und Kardiologie,10.0,22.0,06:00,14:00,450,,13:30,21:30,450,F,21:15,06:15,495,F|S,11,10,8,10,30,45,8,38.5,30,0.1,0,2.0.0,20261130
PK-012,2026-11-13,history,-17,Freitag,5,46,0,0,,Pflegefachkraft,Pflegefachkraft,EXAM,1.0,38.5,9240,9240,8316,10164,5,2,2,8,1,1,Pflegefachkraft,0,0.0,1104,21,19,4,2,0,3911,1,,,,,N,0,,0,,3,3,2,1,1564,1,3,3,2,1,1369,1,2,1,2,0,978,0,ST-IK1,Normalstation Innere Medizin / Kardiologie,30,Innere Medizin und Kardiologie,10.0,22.0,06:00,14:00,450,,13:30,21:30,450,F,21:15,06:15,495,F|S,11,10,8,10,30,45,8,38.5,30,0.1,0,2.0.0,20261130
PK-013,2026-11-13,history,-17,Freitag,5,46,0,0,,Pflegefachkraft,Pflegefachkraft,EXAM|PRAXISANLEITUNG|KARDIO_MONITORING,1.0,38.5,9240,9240,8316,10164,5,2,2,8,1,1,Pflegefachkraft,0,0.0,1104,21,19,4,2,0,3911,0,URLAUB,,,,,0,,0,,3,3,2,1,1564,1,3,3,2,1,1369,1,2,1,2,0,978,0,ST-IK1,Normalstation Innere Medizin / Kardiologie,30,Innere Medizin und Kardiologie,10.0,22.0,06:00,14:00,450,,13:30,21:30,450,F,21:15,06:15,495,F|S,11,10,8,10,30,45,8,38.5,30,0.1,0,2.0.0,20261130
PK-014,2026-11-13,history,-17,Freitag,5,46,0,0,,Pflegefachkraft,Pflegefachkraft,EXAM|PRAXISANLEITUNG,0.9,34.65,8316,8316,7484,9148,5,2,2,8,1,1,Pflegefachkraft,0,0.0,-1926,21,19,4,2,0,3911,1,,,,,,0,,0,,3,3,2,1,1564,1,3,3,2,1,1369,1,2,1,2,0,978,0,ST-IK1,Normalstation Innere Medizin / Kardiologie,30,Innere Medizin und Kardiologie,10.0,22.0,06:00,14:00,450,,13:30,21:30,450,F,21:15,06:15,495,F|S,11,10,8,10,30,45,8,38.5,30,0.1,0,2.0.0,20261130
PK-015,2026-11-13,history,-17,Freitag,5,46,0,0,,Pflegefachkraft,Pflegefachkraft,EXAM|KARDIO_MONITORING,1.0,38.5,9240,9240,8316,10164,5,2,2,8,1,1,Pflegefachkraft,0,0.0,-2355,21,19,4,2,0,3911,1,,,,,,0,,0,,3,3,2,1,1564,1,3,3,2,1,1369,1,2,1,2,0,978,0,ST-IK1,Normalstation Innere Medizin / Kardiologie,30,Innere Medizin und Kardiologie,10.0,22.0,06:00,14:00,450,,13:30,21:30,450,F,21:15,06:15,495,F|S,11,10,8,10,30,45,8,38.5,30,0.1,0,2.0.0,20261130
PK-016,2026-11-13,history,-17,Freitag,5,46,0,0,,Pflegefachkraft,Pflegefachkraft,EXAM|KARDIO_MONITORING,1.0,38.5,9240,9240,8316,10164,5,2,2,8,1,1,Pflegefachkraft,0,0.0,-2625,21,19,4,2,0,3911,1,,,,,,0,,0,,3,3,2,1,1564,1,3,3,2,1,1369,1,2,1,2,0,978,0,ST-IK1,Normalstation Innere Medizin / Kardiologie,30,Innere Medizin und Kardiologie,10.0,22.0,06:00,14:00,450,,13:30,21:30,450,F,21:15,06:15,495,F|S,11,10,8,10,30,45,8,38.5,30,0.1,0,2.0.0,20261130
PK-017,2026-11-13,history,-17,Freitag,5,46,0,0,,Pflegefachkraft,Pflegefachkraft,EXAM,0.5,19.25,4620,4620,4158,5082,5,2,2,8,1,1,Pflegefachkraft,0,0.0,-885,21,19,4,2,0,3911,1,,,,,S,0,,0,,3,3,2,1,1564,1,3,3,2,1,1369,1,2,1,2,0,978,0,ST-IK1,Normalstation Innere Medizin / Kardiologie,30,Innere Medizin und Kardiologie,10.0,22.0,06:00,14:00,450,,13:30,21:30,450,F,21:15,06:15,495,F|S,11,10,8,10,30,45,8,38.5,30,0.1,0,2.0.0,20261130
AZ-001,2026-11-14,history,-16,Samstag,6,46,1,0,,Auszubildende_r_3_Ausbildungsjahr,Auszubildende,AUSZUBILDEND,1.0,38.5,9240,9240,8316,10164,5,2,2,8,1,0,nicht anrechenbar,0,0.0,-9240,20,19,2,3,0,3364,1,,,,,,0,,0,,3,2,2,1,1346,1,3,2,2,1,1177,1,2,1,2,0,841,0,ST-IK1,Normalstation Innere Medizin / Kardiologie,30,Innere Medizin und Kardiologie,10.0,22.0,06:00,14:00,450,,13:30,21:30,450,F,21:15,06:15,495,F|S,11,10,8,10,30,45,8,38.5,30,0.1,0,2.0.0,20261130
AZ-002,2026-11-14,history,-16,Samstag,6,46,1,0,,Auszubildende_r_2_Ausbildungsjahr,Auszubildende,AUSZUBILDEND,1.0,38.5,9240,9240,8316,10164,5,2,2,8,1,0,nicht anrechenbar,0,0.0,-9240,20,19,2,3,0,3364,1,,,,,,0,,0,,3,2,2,1,1346,1,3,2,2,1,1177,1,2,1,2,0,841,0,ST-IK1,Normalstation Innere Medizin / Kardiologie,30,Innere Medizin und Kardiologie,10.0,22.0,06:00,14:00,450,,13:30,21:30,450,F,21:15,06:15,495,F|S,11,10,8,10,30,45,8,38.5,30,0.1,0,2.0.0,20261130
AZ-003,2026-11-14,history,-16,Samstag,6,46,1,0,,Auszubildende_r_1_Ausbildungsjahr,Auszubildende,AUSZUBILDEND,1.0,38.5,9240,9240,8316,10164,5,2,2,0,0,0,nicht anrechenbar,0,0.0,-9240,20,19,2,3,0,3364,1,,,,,,0,,0,,3,2,2,1,1346,1,3,2,2,1,1177,1,2,1,2,0,841,0,ST-IK1,Normalstation Innere Medizin / Kardiologie,30,Innere Medizin und Kardiologie,10.0,22.0,06:00,14:00,450,,13:30,21:30,450,F,21:15,06:15,495,F|S,11,10,8,10,30,45,8,38.5,30,0.1,0,2.0.0,20261130
PH-001,2026-11-14,history,-16,Samstag,6,46,1,0,,Pflegehilfskraft,Pflegehilfskraft,PFLEGEHILFE,0.75,28.88,6931,6931,6238,7624,5,2,2,0,0,1,Pflegehilfskraft,0,0.0,-1530,20,19,2,3,0,3364,1,,,,,F,0,,0,,3,2,2,1,1346,1,3,2,2,1,1177,1,2,1,2,0,841,0,ST-IK1,Normalstation Innere Medizin / Kardiologie,30,Innere Medizin und Kardiologie,10.0,22.0,06:00,14:00,450,,13:30,21:30,450,F,21:15,06:15,495,F|S,11,10,8,10,30,45,8,38.5,30,0.1,0,2.0.0,20261130
PH-002,2026-11-14,history,-16,Samstag,6,46,1,0,,Pflegehilfskraft,Pflegehilfskraft,PFLEGEHILFE,0.5,19.25,4620,4620,4158,5082,5,2,2,0,0,1,Pflegehilfskraft,0,0.0,597,20,19,2,3,0,3364,1,,,,,,0,,0,,3,2,2,1,1346,1,3,2,2,1,1177,1,2,1,2,0,841,0,ST-IK1,Normalstation Innere Medizin / Kardiologie,30,Innere Medizin und Kardiologie,10.0,22.0,06:00,14:00,450,,13:30,21:30,450,F,21:15,06:15,495,F|S,11,10,8,10,30,45,8,38.5,30,0.1,0,2.0.0,20261130
PK-001,2026-11-14,history,-16,Samstag,6,46,1,0,,Stationsleitung,Pflegefachkraft,EXAM|LEITUNG|PRAXISANLEITUNG,1.0,38.5,9240,4620,4158,5082,5,2,2,0,0,1,Pflegefachkraft,1,0.5,2130,20,19,2,3,0,3364,1,,,,,,0,,0,,3,2,2,1,1346,1,3,2,2,1,1177,1,2,1,2,0,841,0,ST-IK1,Normalstation Innere Medizin / Kardiologie,30,Innere Medizin und Kardiologie,10.0,22.0,06:00,14:00,450,,13:30,21:30,450,F,21:15,06:15,495,F|S,11,10,8,10,30,45,8,38.5,30,0.1,0,2.0.0,20261130
PK-002,2026-11-14,history,-16,Samstag,6,46,1,0,,Pflegefachkraft,Pflegefachkraft,EXAM|PRAXISANLEITUNG|KARDIO_MONITORING,0.5,19.25,4620,4620,4158,5082,5,2,2,8,1,1,Pflegefachkraft,0,0.0,-885,20,19,2,3,0,3364,1,,,,,,0,,0,,3,2,2,1,1346,1,3,2,2,1,1177,1,2,1,2,0,841,0,ST-IK1,Normalstation Innere Medizin / Kardiologie,30,Innere Medizin und Kardiologie,10.0,22.0,06:00,14:00,450,,13:30,21:30,450,F,21:15,06:15,495,F|S,11,10,8,10,30,45,8,38.5,30,0.1,0,2.0.0,20261130
PK-003,2026-11-14,history,-16,Samstag,6,46,1,0,,Pflegefachkraft,Pflegefachkraft,EXAM,0.75,28.88,6931,6931,6238,7624,5,2,2,8,1,1,Pflegefachkraft,0,0.0,-1890,20,19,2,3,0,3364,1,,,,,,0,,0,,3,2,2,1,1346,1,3,2,2,1,1177,1,2,1,2,0,841,0,ST-IK1,Normalstation Innere Medizin / Kardiologie,30,Innere Medizin und Kardiologie,10.0,22.0,06:00,14:00,450,,13:30,21:30,450,F,21:15,06:15,495,F|S,11,10,8,10,30,45,8,38.5,30,0.1,0,2.0.0,20261130
PK-004,2026-11-14,history,-16,Samstag,6,46,1,0,,Pflegefachkraft,Pflegefachkraft,EXAM,0.75,28.88,6931,6931,6238,7624,5,2,2,8,1,1,Pflegefachkraft,0,0.0,-1890,20,19,2,3,0,3364,1,,,,,S,0,,0,,3,2,2,1,1346,1,3,2,2,1,1177,1,2,1,2,0,841,0,ST-IK1,Normalstation Innere Medizin / Kardiologie,30,Innere Medizin und Kardiologie,10.0,22.0,06:00,14:00,450,,13:30,21:30,450,F,21:15,06:15,495,F|S,11,10,8,10,30,45,8,38.5,30,0.1,0,2.0.0,20261130
PK-005,2026-11-14,history,-16,Samstag,6,46,1,0,,Pflegefachkraft,Pflegefachkraft,EXAM,0.6,23.1,5544,5544,4990,6098,5,2,2,8,1,1,Pflegefachkraft,0,0.0,-1449,20,19,2,3,0,3364,1,,,,,S,0,,0,,3,2,2,1,1346,1,3,2,2,1,1177,1,2,1,2,0,841,0,ST-IK1,Normalstation Innere Medizin / Kardiologie,30,Innere Medizin und Kardiologie,10.0,22.0,06:00,14:00,450,,13:30,21:30,450,F,21:15,06:15,495,F|S,11,10,8,10,30,45,8,38.5,30,0.1,0,2.0.0,20261130
PK-006,2026-11-14,history,-16,Samstag,6,46,1,0,,Pflegefachkraft,Pflegefachkraft,EXAM,1.0,38.5,9240,9240,8316,10164,5,2,2,8,1,1,Pflegefachkraft,0,0.0,-2670,20,19,2,3,0,3364,1,,,,,,0,,0,,3,2,2,1,1346,1,3,2,2,1,1177,1,2,1,2,0,841,0,ST-IK1,Normalstation Innere Medizin / Kardiologie,30,Innere Medizin und Kardiologie,10.0,22.0,06:00,14:00,450,,13:30,21:30,450,F,21:15,06:15,495,F|S,11,10,8,10,30,45,8,38.5,30,0.1,0,2.0.0,20261130
PK-007,2026-11-14,history,-16,Samstag,6,46,1,0,,Pflegefachkraft,Pflegefachkraft,EXAM|PRAXISANLEITUNG,1.0,38.5,9240,9240,8316,10164,5,2,2,8,1,1,Pflegefachkraft,0,0.0,-2175,20,19,2,3,0,3364,1,,,,,,0,,0,,3,2,2,1,1346,1,3,2,2,1,1177,1,2,1,2,0,841,0,ST-IK1,Normalstation Innere Medizin / Kardiologie,30,Innere Medizin und Kardiologie,10.0,22.0,06:00,14:00,450,,13:30,21:30,450,F,21:15,06:15,495,F|S,11,10,8,10,30,45,8,38.5,30,0.1,0,2.0.0,20261130
PK-008,2026-11-14,history,-16,Samstag,6,46,1,0,,Pflegefachkraft,Pflegefachkraft,EXAM,0.6,23.1,5544,5544,4990,6098,5,2,2,8,1,1,Pflegefachkraft,0,0.0,-1449,20,19,2,3,0,3364,1,,,,,,0,,0,,3,2,2,1,1346,1,3,2,2,1,1177,1,2,1,2,0,841,0,ST-IK1,Normalstation Innere Medizin / Kardiologie,30,Innere Medizin und Kardiologie,10.0,22.0,06:00,14:00,450,,13:30,21:30,450,F,21:15,06:15,495,F|S,11,10,8,10,30,45,8,38.5,30,0.1,0,2.0.0,20261130
PK-009,2026-11-14,history,-16,Samstag,6,46,1,0,,Pflegefachkraft,Pflegefachkraft,EXAM,1.0,38.5,9240,9240,8316,10164,5,2,2,8,1,1,Pflegefachkraft,0,0.0,-2445,20,19,2,3,0,3364,1,,,,,,0,,0,,3,2,2,1,1346,1,3,2,2,1,1177,1,2,1,2,0,841,0,ST-IK1,Normalstation Innere Medizin / Kardiologie,30,Innere Medizin und Kardiologie,10.0,22.0,06:00,14:00,450,,13:30,21:30,450,F,21:15,06:15,495,F|S,11,10,8,10,30,45,8,38.5,30,0.1,0,2.0.0,20261130
PK-010,2026-11-14,history,-16,Samstag,6,46,1,0,,Pflegefachkraft,Pflegefachkraft,EXAM,0.8,30.8,7392,7392,6653,8131,5,2,2,8,1,1,Pflegefachkraft,0,0.0,-1947,20,19,2,3,0,3364,1,,,,,,0,,0,,3,2,2,1,1346,1,3,2,2,1,1177,1,2,1,2,0,841,0,ST-IK1,Normalstation Innere Medizin / Kardiologie,30,Innere Medizin und Kardiologie,10.0,22.0,06:00,14:00,450,,13:30,21:30,450,F,21:15,06:15,495,F|S,11,10,8,10,30,45,8,38.5,30,0.1,0,2.0.0,20261130
PK-011,2026-11-14,history,-16,Samstag,6,46,1,0,,Pflegefachkraft,Pflegefachkraft,EXAM|PRAXISANLEITUNG|KARDIO_MONITORING,1.0,38.5,9240,9240,8316,10164,5,2,2,8,1,1,Pflegefachkraft,0,0.0,-2445,20,19,2,3,0,3364,1,,,,,,0,,0,,3,2,2,1,1346,1,3,2,2,1,1177,1,2,1,2,0,841,0,ST-IK1,Normalstation Innere Medizin / Kardiologie,30,Innere Medizin und Kardiologie,10.0,22.0,06:00,14:00,450,,13:30,21:30,450,F,21:15,06:15,495,F|S,11,10,8,10,30,45,8,38.5,30,0.1,0,2.0.0,20261130
PK-012,2026-11-14,history,-16,Samstag,6,46,1,0,,Pflegefachkraft,Pflegefachkraft,EXAM,1.0,38.5,9240,9240,8316,10164,5,2,2,8,1,1,Pflegefachkraft,0,0.0,1104,20,19,2,3,0,3364,1,,,,,N,0,,0,,3,2,2,1,1346,1,3,2,2,1,1177,1,2,1,2,0,841,0,ST-IK1,Normalstation Innere Medizin / Kardiologie,30,Innere Medizin und Kardiologie,10.0,22.0,06:00,14:00,450,,13:30,21:30,450,F,21:15,06:15,495,F|S,11,10,8,10,30,45,8,38.5,30,0.1,0,2.0.0,20261130
PK-013,2026-11-14,history,-16,Samstag,6,46,1,0,,Pflegefachkraft,Pflegefachkraft,EXAM|PRAXISANLEITUNG|KARDIO_MONITORING,1.0,38.5,9240,9240,8316,10164,5,2,2,8,1,1,Pflegefachkraft,0,0.0,1104,20,19,2,3,0,3364,1,,,,,N,0,,0,,3,2,2,1,1346,1,3,2,2,1,1177,1,2,1,2,0,841,0,ST-IK1,Normalstation Innere Medizin / Kardiologie,30,Innere Medizin und Kardiologie,10.0,22.0,06:00,14:00,450,,13:30,21:30,450,F,21:15,06:15,495,F|S,11,10,8,10,30,45,8,38.5,30,0.1,0,2.0.0,20261130
PK-014,2026-11-14,history,-16,Samstag,6,46,1,0,,Pflegefachkraft,Pflegefachkraft,EXAM|PRAXISANLEITUNG,0.9,34.65,8316,8316,7484,9148,5,2,2,8,1,1,Pflegefachkraft,0,0.0,-1926,20,19,2,3,0,3364,1,,,,,S,0,,0,,3,2,2,1,1346,1,3,2,2,1,1177,1,2,1,2,0,841,0,ST-IK1,Normalstation Innere Medizin / Kardiologie,30,Innere Medizin und Kardiologie,10.0,22.0,06:00,14:00,450,,13:30,21:30,450,F,21:15,06:15,495,F|S,11,10,8,10,30,45,8,38.5,30,0.1,0,2.0.0,20261130
PK-015,2026-11-14,history,-16,Samstag,6,46,1,0,,Pflegefachkraft,Pflegefachkraft,EXAM|KARDIO_MONITORING,1.0,38.5,9240,9240,8316,10164,5,2,2,8,1,1,Pflegefachkraft,0,0.0,-2355,20,19,2,3,0,3364,1,,,,,F,0,,0,,3,2,2,1,1346,1,3,2,2,1,1177,1,2,1,2,0,841,0,ST-IK1,Normalstation Innere Medizin / Kardiologie,30,Innere Medizin und Kardiologie,10.0,22.0,06:00,14:00,450,,13:30,21:30,450,F,21:15,06:15,495,F|S,11,10,8,10,30,45,8,38.5,30,0.1,0,2.0.0,20261130
PK-016,2026-11-14,history,-16,Samstag,6,46,1,0,,Pflegefachkraft,Pflegefachkraft,EXAM|KARDIO_MONITORING,1.0,38.5,9240,9240,8316,10164,5,2,2,8,1,1,Pflegefachkraft,0,0.0,-2625,20,19,2,3,0,3364,1,,,,,F,0,,0,,3,2,2,1,1346,1,3,2,2,1,1177,1,2,1,2,0,841,0,ST-IK1,Normalstation Innere Medizin / Kardiologie,30,Innere Medizin und Kardiologie,10.0,22.0,06:00,14:00,450,,13:30,21:30,450,F,21:15,06:15,495,F|S,11,10,8,10,30,45,8,38.5,30,0.1,0,2.0.0,20261130
PK-017,2026-11-14,history,-16,Samstag,6,46,1,0,,Pflegefachkraft,Pflegefachkraft,EXAM,0.5,19.25,4620,4620,4158,5082,5,2,2,8,1,1,Pflegefachkraft,0,0.0,-885,20,19,2,3,0,3364,1,,,,,,0,,0,,3,2,2,1,1346,1,3,2,2,1,1177,1,2,1,2,0,841,0,ST-IK1,Normalstation Innere Medizin / Kardiologie,30,Innere Medizin und Kardiologie,10.0,22.0,06:00,14:00,450,,13:30,21:30,450,F,21:15,06:15,495,F|S,11,10,8,10,30,45,8,38.5,30,0.1,0,2.0.0,20261130
AZ-001,2026-11-15,history,-15,Sonntag,7,46,1,0,,Auszubildende_r_3_Ausbildungsjahr,Auszubildende,AUSZUBILDEND,1.0,38.5,9240,9240,8316,10164,5,2,2,8,1,0,nicht anrechenbar,0,0.0,-9240,19,18,0,2,2,3069,1,,,,,,0,,0,,3,2,2,1,1228,1,3,2,2,1,1074,1,2,1,2,0,767,0,ST-IK1,Normalstation Innere Medizin / Kardiologie,30,Innere Medizin und Kardiologie,10.0,22.0,06:00,14:00,450,,13:30,21:30,450,F,21:15,06:15,495,F|S,11,10,8,10,30,45,8,38.5,30,0.1,0,2.0.0,20261130
AZ-002,2026-11-15,history,-15,Sonntag,7,46,1,0,,Auszubildende_r_2_Ausbildungsjahr,Auszubildende,AUSZUBILDEND,1.0,38.5,9240,9240,8316,10164,5,2,2,8,1,0,nicht anrechenbar,0,0.0,-9240,19,18,0,2,2,3069,1,,,,,,0,,0,,3,2,2,1,1228,1,3,2,2,1,1074,1,2,1,2,0,767,0,ST-IK1,Normalstation Innere Medizin / Kardiologie,30,Innere Medizin und Kardiologie,10.0,22.0,06:00,14:00,450,,13:30,21:30,450,F,21:15,06:15,495,F|S,11,10,8,10,30,45,8,38.5,30,0.1,0,2.0.0,20261130
AZ-003,2026-11-15,history,-15,Sonntag,7,46,1,0,,Auszubildende_r_1_Ausbildungsjahr,Auszubildende,AUSZUBILDEND,1.0,38.5,9240,9240,8316,10164,5,2,2,0,0,0,nicht anrechenbar,0,0.0,-9240,19,18,0,2,2,3069,1,,,,,,0,,0,,3,2,2,1,1228,1,3,2,2,1,1074,1,2,1,2,0,767,0,ST-IK1,Normalstation Innere Medizin / Kardiologie,30,Innere Medizin und Kardiologie,10.0,22.0,06:00,14:00,450,,13:30,21:30,450,F,21:15,06:15,495,F|S,11,10,8,10,30,45,8,38.5,30,0.1,0,2.0.0,20261130
PH-001,2026-11-15,history,-15,Sonntag,7,46,1,0,,Pflegehilfskraft,Pflegehilfskraft,PFLEGEHILFE,0.75,28.88,6931,6931,6238,7624,5,2,2,0,0,1,Pflegehilfskraft,0,0.0,-1530,19,18,0,2,2,3069,1,,,,,,0,,0,,3,2,2,1,1228,1,3,2,2,1,1074,1,2,1,2,0,767,0,ST-IK1,Normalstation Innere Medizin / Kardiologie,30,Innere Medizin und Kardiologie,10.0,22.0,06:00,14:00,450,,13:30,21:30,450,F,21:15,06:15,495,F|S,11,10,8,10,30,45,8,38.5,30,0.1,0,2.0.0,20261130
PH-002,2026-11-15,history,-15,Sonntag,7,46,1,0,,Pflegehilfskraft,Pflegehilfskraft,PFLEGEHILFE,0.5,19.25,4620,4620,4158,5082,5,2,2,0,0,1,Pflegehilfskraft,0,0.0,597,19,18,0,2,2,3069,1,,,,,,0,,0,,3,2,2,1,1228,1,3,2,2,1,1074,1,2,1,2,0,767,0,ST-IK1,Normalstation Innere Medizin / Kardiologie,30,Innere Medizin und Kardiologie,10.0,22.0,06:00,14:00,450,,13:30,21:30,450,F,21:15,06:15,495,F|S,11,10,8,10,30,45,8,38.5,30,0.1,0,2.0.0,20261130
PK-001,2026-11-15,history,-15,Sonntag,7,46,1,0,,Stationsleitung,Pflegefachkraft,EXAM|LEITUNG|PRAXISANLEITUNG,1.0,38.5,9240,4620,4158,5082,5,2,2,0,0,1,Pflegefachkraft,1,0.5,2130,19,18,0,2,2,3069,1,,,,,F,0,,0,,3,2,2,1,1228,1,3,2,2,1,1074,1,2,1,2,0,767,0,ST-IK1,Normalstation Innere Medizin / Kardiologie,30,Innere Medizin und Kardiologie,10.0,22.0,06:00,14:00,450,,13:30,21:30,450,F,21:15,06:15,495,F|S,11,10,8,10,30,45,8,38.5,30,0.1,0,2.0.0,20261130
PK-002,2026-11-15,history,-15,Sonntag,7,46,1,0,,Pflegefachkraft,Pflegefachkraft,EXAM|PRAXISANLEITUNG|KARDIO_MONITORING,0.5,19.25,4620,4620,4158,5082,5,2,2,8,1,1,Pflegefachkraft,0,0.0,-885,19,18,0,2,2,3069,1,,,,,,0,,0,,3,2,2,1,1228,1,3,2,2,1,1074,1,2,1,2,0,767,0,ST-IK1,Normalstation Innere Medizin / Kardiologie,30,Innere Medizin und Kardiologie,10.0,22.0,06:00,14:00,450,,13:30,21:30,450,F,21:15,06:15,495,F|S,11,10,8,10,30,45,8,38.5,30,0.1,0,2.0.0,20261130
PK-003,2026-11-15,history,-15,Sonntag,7,46,1,0,,Pflegefachkraft,Pflegefachkraft,EXAM,0.75,28.88,6931,6931,6238,7624,5,2,2,8,1,1,Pflegefachkraft,0,0.0,-1890,19,18,0,2,2,3069,1,,,,,F,0,,0,,3,2,2,1,1228,1,3,2,2,1,1074,1,2,1,2,0,767,0,ST-IK1,Normalstation Innere Medizin / Kardiologie,30,Innere Medizin und Kardiologie,10.0,22.0,06:00,14:00,450,,13:30,21:30,450,F,21:15,06:15,495,F|S,11,10,8,10,30,45,8,38.5,30,0.1,0,2.0.0,20261130
PK-004,2026-11-15,history,-15,Sonntag,7,46,1,0,,Pflegefachkraft,Pflegefachkraft,EXAM,0.75,28.88,6931,6931,6238,7624,5,2,2,8,1,1,Pflegefachkraft,0,0.0,-1890,19,18,0,2,2,3069,1,,,,,,0,,0,,3,2,2,1,1228,1,3,2,2,1,1074,1,2,1,2,0,767,0,ST-IK1,Normalstation Innere Medizin / Kardiologie,30,Innere Medizin und Kardiologie,10.0,22.0,06:00,14:00,450,,13:30,21:30,450,F,21:15,06:15,495,F|S,11,10,8,10,30,45,8,38.5,30,0.1,0,2.0.0,20261130
PK-005,2026-11-15,history,-15,Sonntag,7,46,1,0,,Pflegefachkraft,Pflegefachkraft,EXAM,0.6,23.1,5544,5544,4990,6098,5,2,2,8,1,1,Pflegefachkraft,0,0.0,-1449,19,18,0,2,2,3069,1,,,,,,0,,0,,3,2,2,1,1228,1,3,2,2,1,1074,1,2,1,2,0,767,0,ST-IK1,Normalstation Innere Medizin / Kardiologie,30,Innere Medizin und Kardiologie,10.0,22.0,06:00,14:00,450,,13:30,21:30,450,F,21:15,06:15,495,F|S,11,10,8,10,30,45,8,38.5,30,0.1,0,2.0.0,20261130
PK-006,2026-11-15,history,-15,Sonntag,7,46,1,0,,Pflegefachkraft,Pflegefachkraft,EXAM,1.0,38.5,9240,9240,8316,10164,5,2,2,8,1,1,Pflegefachkraft,0,0.0,-2670,19,18,0,2,2,3069,1,,,,,S,0,,0,,3,2,2,1,1228,1,3,2,2,1,1074,1,2,1,2,0,767,0,ST-IK1,Normalstation Innere Medizin / Kardiologie,30,Innere Medizin und Kardiologie,10.0,22.0,06:00,14:00,450,,13:30,21:30,450,F,21:15,06:15,495,F|S,11,10,8,10,30,45,8,38.5,30,0.1,0,2.0.0,20261130
PK-007,2026-11-15,history,-15,Sonntag,7,46,1,0,,Pflegefachkraft,Pflegefachkraft,EXAM|PRAXISANLEITUNG,1.0,38.5,9240,9240,8316,10164,5,2,2,8,1,1,Pflegefachkraft,0,0.0,-2175,19,18,0,2,2,3069,1,,,,,N,0,,0,,3,2,2,1,1228,1,3,2,2,1,1074,1,2,1,2,0,767,0,ST-IK1,Normalstation Innere Medizin / Kardiologie,30,Innere Medizin und Kardiologie,10.0,22.0,06:00,14:00,450,,13:30,21:30,450,F,21:15,06:15,495,F|S,11,10,8,10,30,45,8,38.5,30,0.1,0,2.0.0,20261130
PK-008,2026-11-15,history,-15,Sonntag,7,46,1,0,,Pflegefachkraft,Pflegefachkraft,EXAM,0.6,23.1,5544,5544,4990,6098,5,2,2,8,1,1,Pflegefachkraft,0,0.0,-1449,19,18,0,2,2,3069,1,,,,,F,0,,0,,3,2,2,1,1228,1,3,2,2,1,1074,1,2,1,2,0,767,0,ST-IK1,Normalstation Innere Medizin / Kardiologie,30,Innere Medizin und Kardiologie,10.0,22.0,06:00,14:00,450,,13:30,21:30,450,F,21:15,06:15,495,F|S,11,10,8,10,30,45,8,38.5,30,0.1,0,2.0.0,20261130
PK-009,2026-11-15,history,-15,Sonntag,7,46,1,0,,Pflegefachkraft,Pflegefachkraft,EXAM,1.0,38.5,9240,9240,8316,10164,5,2,2,8,1,1,Pflegefachkraft,0,0.0,-2445,19,18,0,2,2,3069,1,,,,,S,0,,0,,3,2,2,1,1228,1,3,2,2,1,1074,1,2,1,2,0,767,0,ST-IK1,Normalstation Innere Medizin / Kardiologie,30,Innere Medizin und Kardiologie,10.0,22.0,06:00,14:00,450,,13:30,21:30,450,F,21:15,06:15,495,F|S,11,10,8,10,30,45,8,38.5,30,0.1,0,2.0.0,20261130
PK-010,2026-11-15,history,-15,Sonntag,7,46,1,0,,Pflegefachkraft,Pflegefachkraft,EXAM,0.8,30.8,7392,7392,6653,8131,5,2,2,8,1,1,Pflegefachkraft,0,0.0,-1947,19,18,0,2,2,3069,1,,,,,,0,,0,,3,2,2,1,1228,1,3,2,2,1,1074,1,2,1,2,0,767,0,ST-IK1,Normalstation Innere Medizin / Kardiologie,30,Innere Medizin und Kardiologie,10.0,22.0,06:00,14:00,450,,13:30,21:30,450,F,21:15,06:15,495,F|S,11,10,8,10,30,45,8,38.5,30,0.1,0,2.0.0,20261130
PK-011,2026-11-15,history,-15,Sonntag,7,46,1,0,,Pflegefachkraft,Pflegefachkraft,EXAM|PRAXISANLEITUNG|KARDIO_MONITORING,1.0,38.5,9240,9240,8316,10164,5,2,2,8,1,1,Pflegefachkraft,0,0.0,-2445,19,18,0,2,2,3069,1,,,,,S,0,,0,,3,2,2,1,1228,1,3,2,2,1,1074,1,2,1,2,0,767,0,ST-IK1,Normalstation Innere Medizin / Kardiologie,30,Innere Medizin und Kardiologie,10.0,22.0,06:00,14:00,450,,13:30,21:30,450,F,21:15,06:15,495,F|S,11,10,8,10,30,45,8,38.5,30,0.1,0,2.0.0,20261130
PK-012,2026-11-15,history,-15,Sonntag,7,46,1,0,,Pflegefachkraft,Pflegefachkraft,EXAM,1.0,38.5,9240,9240,8316,10164,5,2,2,8,1,1,Pflegefachkraft,0,0.0,1104,19,18,0,2,2,3069,1,,,,,,0,,0,,3,2,2,1,1228,1,3,2,2,1,1074,1,2,1,2,0,767,0,ST-IK1,Normalstation Innere Medizin / Kardiologie,30,Innere Medizin und Kardiologie,10.0,22.0,06:00,14:00,450,,13:30,21:30,450,F,21:15,06:15,495,F|S,11,10,8,10,30,45,8,38.5,30,0.1,0,2.0.0,20261130
PK-013,2026-11-15,history,-15,Sonntag,7,46,1,0,,Pflegefachkraft,Pflegefachkraft,EXAM|PRAXISANLEITUNG|KARDIO_MONITORING,1.0,38.5,9240,9240,8316,10164,5,2,2,8,1,1,Pflegefachkraft,0,0.0,1104,19,18,0,2,2,3069,1,,,,,N,0,,0,,3,2,2,1,1228,1,3,2,2,1,1074,1,2,1,2,0,767,0,ST-IK1,Normalstation Innere Medizin / Kardiologie,30,Innere Medizin und Kardiologie,10.0,22.0,06:00,14:00,450,,13:30,21:30,450,F,21:15,06:15,495,F|S,11,10,8,10,30,45,8,38.5,30,0.1,0,2.0.0,20261130
PK-014,2026-11-15,history,-15,Sonntag,7,46,1,0,,Pflegefachkraft,Pflegefachkraft,EXAM|PRAXISANLEITUNG,0.9,34.65,8316,8316,7484,9148,5,2,2,8,1,1,Pflegefachkraft,0,0.0,-1926,19,18,0,2,2,3069,1,,,,,,0,,0,,3,2,2,1,1228,1,3,2,2,1,1074,1,2,1,2,0,767,0,ST-IK1,Normalstation Innere Medizin / Kardiologie,30,Innere Medizin und Kardiologie,10.0,22.0,06:00,14:00,450,,13:30,21:30,450,F,21:15,06:15,495,F|S,11,10,8,10,30,45,8,38.5,30,0.1,0,2.0.0,20261130
PK-015,2026-11-15,history,-15,Sonntag,7,46,1,0,,Pflegefachkraft,Pflegefachkraft,EXAM|KARDIO_MONITORING,1.0,38.5,9240,9240,8316,10164,5,2,2,8,1,1,Pflegefachkraft,0,0.0,-2355,19,18,0,2,2,3069,1,,,,,,0,,0,,3,2,2,1,1228,1,3,2,2,1,1074,1,2,1,2,0,767,0,ST-IK1,Normalstation Innere Medizin / Kardiologie,30,Innere Medizin und Kardiologie,10.0,22.0,06:00,14:00,450,,13:30,21:30,450,F,21:15,06:15,495,F|S,11,10,8,10,30,45,8,38.5,30,0.1,0,2.0.0,20261130
PK-016,2026-11-15,history,-15,Sonntag,7,46,1,0,,Pflegefachkraft,Pflegefachkraft,EXAM|KARDIO_MONITORING,1.0,38.5,9240,9240,8316,10164,5,2,2,8,1,1,Pflegefachkraft,0,0.0,-2625,19,18,0,2,2,3069,1,,,,,,0,,0,,3,2,2,1,1228,1,3,2,2,1,1074,1,2,1,2,0,767,0,ST-IK1,Normalstation Innere Medizin / Kardiologie,30,Innere Medizin und Kardiologie,10.0,22.0,06:00,14:00,450,,13:30,21:30,450,F,21:15,06:15,495,F|S,11,10,8,10,30,45,8,38.5,30,0.1,0,2.0.0,20261130
PK-017,2026-11-15,history,-15,Sonntag,7,46,1,0,,Pflegefachkraft,Pflegefachkraft,EXAM,0.5,19.25,4620,4620,4158,5082,5,2,2,8,1,1,Pflegefachkraft,0,0.0,-885,19,18,0,2,2,3069,1,,,,,,0,,0,,3,2,2,1,1228,1,3,2,2,1,1074,1,2,1,2,0,767,0,ST-IK1,Normalstation Innere Medizin / Kardiologie,30,Innere Medizin und Kardiologie,10.0,22.0,06:00,14:00,450,,13:30,21:30,450,F,21:15,06:15,495,F|S,11,10,8,10,30,45,8,38.5,30,0.1,0,2.0.0,20261130
AZ-001,2026-11-16,history,-14,Montag,1,47,0,0,,Auszubildende_r_3_Ausbildungsjahr,Auszubildende,AUSZUBILDEND,1.0,38.5,9240,9240,8316,10164,5,2,2,8,1,0,nicht anrechenbar,0,0.0,-9240,23,22,1,3,0,3669,1,,,,,,0,,0,,3,3,2,1,1468,1,3,3,2,1,1284,1,2,1,2,0,917,0,ST-IK1,Normalstation Innere Medizin / Kardiologie,30,Innere Medizin und Kardiologie,10.0,22.0,06:00,14:00,450,,13:30,21:30,450,F,21:15,06:15,495,F|S,11,10,8,10,30,45,8,38.5,30,0.1,0,2.0.0,20261130
AZ-002,2026-11-16,history,-14,Montag,1,47,0,0,,Auszubildende_r_2_Ausbildungsjahr,Auszubildende,AUSZUBILDEND,1.0,38.5,9240,9240,8316,10164,5,2,2,8,1,0,nicht anrechenbar,0,0.0,-9240,23,22,1,3,0,3669,1,,,,,,0,,0,,3,3,2,1,1468,1,3,3,2,1,1284,1,2,1,2,0,917,0,ST-IK1,Normalstation Innere Medizin / Kardiologie,30,Innere Medizin und Kardiologie,10.0,22.0,06:00,14:00,450,,13:30,21:30,450,F,21:15,06:15,495,F|S,11,10,8,10,30,45,8,38.5,30,0.1,0,2.0.0,20261130
AZ-003,2026-11-16,history,-14,Montag,1,47,0,0,,Auszubildende_r_1_Ausbildungsjahr,Auszubildende,AUSZUBILDEND,1.0,38.5,9240,9240,8316,10164,5,2,2,0,0,0,nicht anrechenbar,0,0.0,-9240,23,22,1,3,0,3669,1,,,,,,0,,0,,3,3,2,1,1468,1,3,3,2,1,1284,1,2,1,2,0,917,0,ST-IK1,Normalstation Innere Medizin / Kardiologie,30,Innere Medizin und Kardiologie,10.0,22.0,06:00,14:00,450,,13:30,21:30,450,F,21:15,06:15,495,F|S,11,10,8,10,30,45,8,38.5,30,0.1,0,2.0.0,20261130
PH-001,2026-11-16,history,-14,Montag,1,47,0,0,,Pflegehilfskraft,Pflegehilfskraft,PFLEGEHILFE,0.75,28.88,6931,6931,6238,7624,5,2,2,0,0,1,Pflegehilfskraft,0,0.0,-1530,23,22,1,3,0,3669,1,,,,,S,0,,0,,3,3,2,1,1468,1,3,3,2,1,1284,1,2,1,2,0,917,0,ST-IK1,Normalstation Innere Medizin / Kardiologie,30,Innere Medizin und Kardiologie,10.0,22.0,06:00,14:00,450,,13:30,21:30,450,F,21:15,06:15,495,F|S,11,10,8,10,30,45,8,38.5,30,0.1,0,2.0.0,20261130
PH-002,2026-11-16,history,-14,Montag,1,47,0,0,,Pflegehilfskraft,Pflegehilfskraft,PFLEGEHILFE,0.5,19.25,4620,4620,4158,5082,5,2,2,0,0,1,Pflegehilfskraft,0,0.0,597,23,22,1,3,0,3669,1,,,,,,0,,0,,3,3,2,1,1468,1,3,3,2,1,1284,1,2,1,2,0,917,0,ST-IK1,Normalstation Innere Medizin / Kardiologie,30,Innere Medizin und Kardiologie,10.0,22.0,06:00,14:00,450,,13:30,21:30,450,F,21:15,06:15,495,F|S,11,10,8,10,30,45,8,38.5,30,0.1,0,2.0.0,20261130
PK-001,2026-11-16,history,-14,Montag,1,47,0,0,,Stationsleitung,Pflegefachkraft,EXAM|LEITUNG|PRAXISANLEITUNG,1.0,38.5,9240,4620,4158,5082,5,2,2,0,0,1,Pflegefachkraft,1,0.5,2130,23,22,1,3,0,3669,1,,,,,,0,,0,,3,3,2,1,1468,1,3,3,2,1,1284,1,2,1,2,0,917,0,ST-IK1,Normalstation Innere Medizin / Kardiologie,30,Innere Medizin und Kardiologie,10.0,22.0,06:00,14:00,450,,13:30,21:30,450,F,21:15,06:15,495,F|S,11,10,8,10,30,45,8,38.5,30,0.1,0,2.0.0,20261130
PK-002,2026-11-16,history,-14,Montag,1,47,0,0,,Pflegefachkraft,Pflegefachkraft,EXAM|PRAXISANLEITUNG|KARDIO_MONITORING,0.5,19.25,4620,4620,4158,5082,5,2,2,8,1,1,Pflegefachkraft,0,0.0,-885,23,22,1,3,0,3669,1,,,,,,0,,0,,3,3,2,1,1468,1,3,3,2,1,1284,1,2,1,2,0,917,0,ST-IK1,Normalstation Innere Medizin / Kardiologie,30,Innere Medizin und Kardiologie,10.0,22.0,06:00,14:00,450,,13:30,21:30,450,F,21:15,06:15,495,F|S,11,10,8,10,30,45,8,38.5,30,0.1,0,2.0.0,20261130
PK-003,2026-11-16,history,-14,Montag,1,47,0,0,,Pflegefachkraft,Pflegefachkraft,EXAM,0.75,28.88,6931,6931,6238,7624,5,2,2,8,1,1,Pflegefachkraft,0,0.0,-1890,23,22,1,3,0,3669,1,,,,,,0,,0,,3,3,2,1,1468,1,3,3,2,1,1284,1,2,1,2,0,917,0,ST-IK1,Normalstation Innere Medizin / Kardiologie,30,Innere Medizin und Kardiologie,10.0,22.0,06:00,14:00,450,,13:30,21:30,450,F,21:15,06:15,495,F|S,11,10,8,10,30,45,8,38.5,30,0.1,0,2.0.0,20261130
PK-004,2026-11-16,history,-14,Montag,1,47,0,0,,Pflegefachkraft,Pflegefachkraft,EXAM,0.75,28.88,6931,6931,6238,7624,5,2,2,8,1,1,Pflegefachkraft,0,0.0,-1890,23,22,1,3,0,3669,1,,,,,S,0,,0,,3,3,2,1,1468,1,3,3,2,1,1284,1,2,1,2,0,917,0,ST-IK1,Normalstation Innere Medizin / Kardiologie,30,Innere Medizin und Kardiologie,10.0,22.0,06:00,14:00,450,,13:30,21:30,450,F,21:15,06:15,495,F|S,11,10,8,10,30,45,8,38.5,30,0.1,0,2.0.0,20261130
PK-005,2026-11-16,history,-14,Montag,1,47,0,0,,Pflegefachkraft,Pflegefachkraft,EXAM,0.6,23.1,5544,5544,4990,6098,5,2,2,8,1,1,Pflegefachkraft,0,0.0,-1449,23,22,1,3,0,3669,1,,,,,,0,,0,,3,3,2,1,1468,1,3,3,2,1,1284,1,2,1,2,0,917,0,ST-IK1,Normalstation Innere Medizin / Kardiologie,30,Innere Medizin und Kardiologie,10.0,22.0,06:00,14:00,450,,13:30,21:30,450,F,21:15,06:15,495,F|S,11,10,8,10,30,45,8,38.5,30,0.1,0,2.0.0,20261130
PK-006,2026-11-16,history,-14,Montag,1,47,0,0,,Pflegefachkraft,Pflegefachkraft,EXAM,1.0,38.5,9240,9240,8316,10164,5,2,2,8,1,1,Pflegefachkraft,0,0.0,-2670,23,22,1,3,0,3669,1,,,,,,0,,0,,3,3,2,1,1468,1,3,3,2,1,1284,1,2,1,2,0,917,0,ST-IK1,Normalstation Innere Medizin / Kardiologie,30,Innere Medizin und Kardiologie,10.0,22.0,06:00,14:00,450,,13:30,21:30,450,F,21:15,06:15,495,F|S,11,10,8,10,30,45,8,38.5,30,0.1,0,2.0.0,20261130
PK-007,2026-11-16,history,-14,Montag,1,47,0,0,,Pflegefachkraft,Pflegefachkraft,EXAM|PRAXISANLEITUNG,1.0,38.5,9240,9240,8316,10164,5,2,2,8,1,1,Pflegefachkraft,0,0.0,-2175,23,22,1,3,0,3669,1,,,,,,0,,0,,3,3,2,1,1468,1,3,3,2,1,1284,1,2,1,2,0,917,0,ST-IK1,Normalstation Innere Medizin / Kardiologie,30,Innere Medizin und Kardiologie,10.0,22.0,06:00,14:00,450,,13:30,21:30,450,F,21:15,06:15,495,F|S,11,10,8,10,30,45,8,38.5,30,0.1,0,2.0.0,20261130
PK-008,2026-11-16,history,-14,Montag,1,47,0,0,,Pflegefachkraft,Pflegefachkraft,EXAM,0.6,23.1,5544,5544,4990,6098,5,2,2,8,1,1,Pflegefachkraft,0,0.0,-1449,23,22,1,3,0,3669,1,,,,,,0,,0,,3,3,2,1,1468,1,3,3,2,1,1284,1,2,1,2,0,917,0,ST-IK1,Normalstation Innere Medizin / Kardiologie,30,Innere Medizin und Kardiologie,10.0,22.0,06:00,14:00,450,,13:30,21:30,450,F,21:15,06:15,495,F|S,11,10,8,10,30,45,8,38.5,30,0.1,0,2.0.0,20261130
PK-009,2026-11-16,history,-14,Montag,1,47,0,0,,Pflegefachkraft,Pflegefachkraft,EXAM,1.0,38.5,9240,9240,8316,10164,5,2,2,8,1,1,Pflegefachkraft,0,0.0,-2445,23,22,1,3,0,3669,1,,,,,,0,,0,,3,3,2,1,1468,1,3,3,2,1,1284,1,2,1,2,0,917,0,ST-IK1,Normalstation Innere Medizin / Kardiologie,30,Innere Medizin und Kardiologie,10.0,22.0,06:00,14:00,450,,13:30,21:30,450,F,21:15,06:15,495,F|S,11,10,8,10,30,45,8,38.5,30,0.1,0,2.0.0,20261130
PK-010,2026-11-16,history,-14,Montag,1,47,0,0,,Pflegefachkraft,Pflegefachkraft,EXAM,0.8,30.8,7392,7392,6653,8131,5,2,2,8,1,1,Pflegefachkraft,0,0.0,-1947,23,22,1,3,0,3669,1,,,,,F,0,,0,,3,3,2,1,1468,1,3,3,2,1,1284,1,2,1,2,0,917,0,ST-IK1,Normalstation Innere Medizin / Kardiologie,30,Innere Medizin und Kardiologie,10.0,22.0,06:00,14:00,450,,13:30,21:30,450,F,21:15,06:15,495,F|S,11,10,8,10,30,45,8,38.5,30,0.1,0,2.0.0,20261130
PK-011,2026-11-16,history,-14,Montag,1,47,0,0,,Pflegefachkraft,Pflegefachkraft,EXAM|PRAXISANLEITUNG|KARDIO_MONITORING,1.0,38.5,9240,9240,8316,10164,5,2,2,8,1,1,Pflegefachkraft,0,0.0,-2445,23,22,1,3,0,3669,1,,,,,,0,,0,,3,3,2,1,1468,1,3,3,2,1,1284,1,2,1,2,0,917,0,ST-IK1,Normalstation Innere Medizin / Kardiologie,30,Innere Medizin und Kardiologie,10.0,22.0,06:00,14:00,450,,13:30,21:30,450,F,21:15,06:15,495,F|S,11,10,8,10,30,45,8,38.5,30,0.1,0,2.0.0,20261130
PK-012,2026-11-16,history,-14,Montag,1,47,0,0,,Pflegefachkraft,Pflegefachkraft,EXAM,1.0,38.5,9240,9240,8316,10164,5,2,2,8,1,1,Pflegefachkraft,0,0.0,1104,23,22,1,3,0,3669,1,,,,,N,0,,0,,3,3,2,1,1468,1,3,3,2,1,1284,1,2,1,2,0,917,0,ST-IK1,Normalstation Innere Medizin / Kardiologie,30,Innere Medizin und Kardiologie,10.0,22.0,06:00,14:00,450,,13:30,21:30,450,F,21:15,06:15,495,F|S,11,10,8,10,30,45,8,38.5,30,0.1,0,2.0.0,20261130
PK-013,2026-11-16,history,-14,Montag,1,47,0,0,,Pflegefachkraft,Pflegefachkraft,EXAM|PRAXISANLEITUNG|KARDIO_MONITORING,1.0,38.5,9240,9240,8316,10164,5,2,2,8,1,1,Pflegefachkraft,0,0.0,1104,23,22,1,3,0,3669,1,,,,,N,0,,0,,3,3,2,1,1468,1,3,3,2,1,1284,1,2,1,2,0,917,0,ST-IK1,Normalstation Innere Medizin / Kardiologie,30,Innere Medizin und Kardiologie,10.0,22.0,06:00,14:00,450,,13:30,21:30,450,F,21:15,06:15,495,F|S,11,10,8,10,30,45,8,38.5,30,0.1,0,2.0.0,20261130
PK-014,2026-11-16,history,-14,Montag,1,47,0,0,,Pflegefachkraft,Pflegefachkraft,EXAM|PRAXISANLEITUNG,0.9,34.65,8316,8316,7484,9148,5,2,2,8,1,1,Pflegefachkraft,0,0.0,-1926,23,22,1,3,0,3669,1,,,,,S,0,,0,,3,3,2,1,1468,1,3,3,2,1,1284,1,2,1,2,0,917,0,ST-IK1,Normalstation Innere Medizin / Kardiologie,30,Innere Medizin und Kardiologie,10.0,22.0,06:00,14:00,450,,13:30,21:30,450,F,21:15,06:15,495,F|S,11,10,8,10,30,45,8,38.5,30,0.1,0,2.0.0,20261130
PK-015,2026-11-16,history,-14,Montag,1,47,0,0,,Pflegefachkraft,Pflegefachkraft,EXAM|KARDIO_MONITORING,1.0,38.5,9240,9240,8316,10164,5,2,2,8,1,1,Pflegefachkraft,0,0.0,-2355,23,22,1,3,0,3669,1,,,,,F,0,,0,,3,3,2,1,1468,1,3,3,2,1,1284,1,2,1,2,0,917,0,ST-IK1,Normalstation Innere Medizin / Kardiologie,30,Innere Medizin und Kardiologie,10.0,22.0,06:00,14:00,450,,13:30,21:30,450,F,21:15,06:15,495,F|S,11,10,8,10,30,45,8,38.5,30,0.1,0,2.0.0,20261130
PK-016,2026-11-16,history,-14,Montag,1,47,0,0,,Pflegefachkraft,Pflegefachkraft,EXAM|KARDIO_MONITORING,1.0,38.5,9240,9240,8316,10164,5,2,2,8,1,1,Pflegefachkraft,0,0.0,-2625,23,22,1,3,0,3669,1,,,,,F,0,,0,,3,3,2,1,1468,1,3,3,2,1,1284,1,2,1,2,0,917,0,ST-IK1,Normalstation Innere Medizin / Kardiologie,30,Innere Medizin und Kardiologie,10.0,22.0,06:00,14:00,450,,13:30,21:30,450,F,21:15,06:15,495,F|S,11,10,8,10,30,45,8,38.5,30,0.1,0,2.0.0,20261130
PK-017,2026-11-16,history,-14,Montag,1,47,0,0,,Pflegefachkraft,Pflegefachkraft,EXAM,0.5,19.25,4620,4620,4158,5082,5,2,2,8,1,1,Pflegefachkraft,0,0.0,-885,23,22,1,3,0,3669,1,,,,,,0,,0,,3,3,2,1,1468,1,3,3,2,1,1284,1,2,1,2,0,917,0,ST-IK1,Normalstation Innere Medizin / Kardiologie,30,Innere Medizin und Kardiologie,10.0,22.0,06:00,14:00,450,,13:30,21:30,450,F,21:15,06:15,495,F|S,11,10,8,10,30,45,8,38.5,30,0.1,0,2.0.0,20261130
AZ-001,2026-11-17,history,-13,Dienstag,2,47,0,0,,Auszubildende_r_3_Ausbildungsjahr,Auszubildende,AUSZUBILDEND,1.0,38.5,9240,9240,8316,10164,5,2,2,8,1,0,nicht anrechenbar,0,0.0,-9240,24,22,4,1,2,4296,1,,,,,,0,,0,,4,3,3,1,1718,1,3,3,2,1,1504,1,2,1,2,0,1074,0,ST-IK1,Normalstation Innere Medizin / Kardiologie,30,Innere Medizin und Kardiologie,10.0,22.0,06:00,14:00,450,,13:30,21:30,450,F,21:15,06:15,495,F|S,11,10,8,10,30,45,8,38.5,30,0.1,0,2.0.0,20261130
AZ-002,2026-11-17,history,-13,Dienstag,2,47,0,0,,Auszubildende_r_2_Ausbildungsjahr,Auszubildende,AUSZUBILDEND,1.0,38.5,9240,9240,8316,10164,5,2,2,8,1,0,nicht anrechenbar,0,0.0,-9240,24,22,4,1,2,4296,1,,,,,,0,,0,,4,3,3,1,1718,1,3,3,2,1,1504,1,2,1,2,0,1074,0,ST-IK1,Normalstation Innere Medizin / Kardiologie,30,Innere Medizin und Kardiologie,10.0,22.0,06:00,14:00,450,,13:30,21:30,450,F,21:15,06:15,495,F|S,11,10,8,10,30,45,8,38.5,30,0.1,0,2.0.0,20261130
AZ-003,2026-11-17,history,-13,Dienstag,2,47,0,0,,Auszubildende_r_1_Ausbildungsjahr,Auszubildende,AUSZUBILDEND,1.0,38.5,9240,9240,8316,10164,5,2,2,0,0,0,nicht anrechenbar,0,0.0,-9240,24,22,4,1,2,4296,1,,,,,,0,,0,,4,3,3,1,1718,1,3,3,2,1,1504,1,2,1,2,0,1074,0,ST-IK1,Normalstation Innere Medizin / Kardiologie,30,Innere Medizin und Kardiologie,10.0,22.0,06:00,14:00,450,,13:30,21:30,450,F,21:15,06:15,495,F|S,11,10,8,10,30,45,8,38.5,30,0.1,0,2.0.0,20261130
PH-001,2026-11-17,history,-13,Dienstag,2,47,0,0,,Pflegehilfskraft,Pflegehilfskraft,PFLEGEHILFE,0.75,28.88,6931,6931,6238,7624,5,2,2,0,0,1,Pflegehilfskraft,0,0.0,-1530,24,22,4,1,2,4296,1,,,,,,0,,0,,4,3,3,1,1718,1,3,3,2,1,1504,1,2,1,2,0,1074,0,ST-IK1,Normalstation Innere Medizin / Kardiologie,30,Innere Medizin und Kardiologie,10.0,22.0,06:00,14:00,450,,13:30,21:30,450,F,21:15,06:15,495,F|S,11,10,8,10,30,45,8,38.5,30,0.1,0,2.0.0,20261130
PH-002,2026-11-17,history,-13,Dienstag,2,47,0,0,,Pflegehilfskraft,Pflegehilfskraft,PFLEGEHILFE,0.5,19.25,4620,4620,4158,5082,5,2,2,0,0,1,Pflegehilfskraft,0,0.0,597,24,22,4,1,2,4296,1,,,,,F,0,,0,,4,3,3,1,1718,1,3,3,2,1,1504,1,2,1,2,0,1074,0,ST-IK1,Normalstation Innere Medizin / Kardiologie,30,Innere Medizin und Kardiologie,10.0,22.0,06:00,14:00,450,,13:30,21:30,450,F,21:15,06:15,495,F|S,11,10,8,10,30,45,8,38.5,30,0.1,0,2.0.0,20261130
PK-001,2026-11-17,history,-13,Dienstag,2,47,0,0,,Stationsleitung,Pflegefachkraft,EXAM|LEITUNG|PRAXISANLEITUNG,1.0,38.5,9240,4620,4158,5082,5,2,2,0,0,1,Pflegefachkraft,1,0.5,2130,24,22,4,1,2,4296,1,,,,,F,0,,0,,4,3,3,1,1718,1,3,3,2,1,1504,1,2,1,2,0,1074,0,ST-IK1,Normalstation Innere Medizin / Kardiologie,30,Innere Medizin und Kardiologie,10.0,22.0,06:00,14:00,450,,13:30,21:30,450,F,21:15,06:15,495,F|S,11,10,8,10,30,45,8,38.5,30,0.1,0,2.0.0,20261130
PK-002,2026-11-17,history,-13,Dienstag,2,47,0,0,,Pflegefachkraft,Pflegefachkraft,EXAM|PRAXISANLEITUNG|KARDIO_MONITORING,0.5,19.25,4620,4620,4158,5082,5,2,2,8,1,1,Pflegefachkraft,0,0.0,-885,24,22,4,1,2,4296,1,,,,,S,0,,0,,4,3,3,1,1718,1,3,3,2,1,1504,1,2,1,2,0,1074,0,ST-IK1,Normalstation Innere Medizin / Kardiologie,30,Innere Medizin und Kardiologie,10.0,22.0,06:00,14:00,450,,13:30,21:30,450,F,21:15,06:15,495,F|S,11,10,8,10,30,45,8,38.5,30,0.1,0,2.0.0,20261130
PK-003,2026-11-17,history,-13,Dienstag,2,47,0,0,,Pflegefachkraft,Pflegefachkraft,EXAM,0.75,28.88,6931,6931,6238,7624,5,2,2,8,1,1,Pflegefachkraft,0,0.0,-1890,24,22,4,1,2,4296,1,,,,,S,0,,0,,4,3,3,1,1718,1,3,3,2,1,1504,1,2,1,2,0,1074,0,ST-IK1,Normalstation Innere Medizin / Kardiologie,30,Innere Medizin und Kardiologie,10.0,22.0,06:00,14:00,450,,13:30,21:30,450,F,21:15,06:15,495,F|S,11,10,8,10,30,45,8,38.5,30,0.1,0,2.0.0,20261130
PK-004,2026-11-17,history,-13,Dienstag,2,47,0,0,,Pflegefachkraft,Pflegefachkraft,EXAM,0.75,28.88,6931,6931,6238,7624,5,2,2,8,1,1,Pflegefachkraft,0,0.0,-1890,24,22,4,1,2,4296,1,,,,,,0,,0,,4,3,3,1,1718,1,3,3,2,1,1504,1,2,1,2,0,1074,0,ST-IK1,Normalstation Innere Medizin / Kardiologie,30,Innere Medizin und Kardiologie,10.0,22.0,06:00,14:00,450,,13:30,21:30,450,F,21:15,06:15,495,F|S,11,10,8,10,30,45,8,38.5,30,0.1,0,2.0.0,20261130
PK-005,2026-11-17,history,-13,Dienstag,2,47,0,0,,Pflegefachkraft,Pflegefachkraft,EXAM,0.6,23.1,5544,5544,4990,6098,5,2,2,8,1,1,Pflegefachkraft,0,0.0,-1449,24,22,4,1,2,4296,1,,,,,,0,,0,,4,3,3,1,1718,1,3,3,2,1,1504,1,2,1,2,0,1074,0,ST-IK1,Normalstation Innere Medizin / Kardiologie,30,Innere Medizin und Kardiologie,10.0,22.0,06:00,14:00,450,,13:30,21:30,450,F,21:15,06:15,495,F|S,11,10,8,10,30,45,8,38.5,30,0.1,0,2.0.0,20261130
PK-006,2026-11-17,history,-13,Dienstag,2,47,0,0,,Pflegefachkraft,Pflegefachkraft,EXAM,1.0,38.5,9240,9240,8316,10164,5,2,2,8,1,1,Pflegefachkraft,0,0.0,-2670,24,22,4,1,2,4296,1,,,,,,0,,0,,4,3,3,1,1718,1,3,3,2,1,1504,1,2,1,2,0,1074,0,ST-IK1,Normalstation Innere Medizin / Kardiologie,30,Innere Medizin und Kardiologie,10.0,22.0,06:00,14:00,450,,13:30,21:30,450,F,21:15,06:15,495,F|S,11,10,8,10,30,45,8,38.5,30,0.1,0,2.0.0,20261130
PK-007,2026-11-17,history,-13,Dienstag,2,47,0,0,,Pflegefachkraft,Pflegefachkraft,EXAM|PRAXISANLEITUNG,1.0,38.5,9240,9240,8316,10164,5,2,2,8,1,1,Pflegefachkraft,0,0.0,-2175,24,22,4,1,2,4296,1,,,,,F,0,,0,,4,3,3,1,1718,1,3,3,2,1,1504,1,2,1,2,0,1074,0,ST-IK1,Normalstation Innere Medizin / Kardiologie,30,Innere Medizin und Kardiologie,10.0,22.0,06:00,14:00,450,,13:30,21:30,450,F,21:15,06:15,495,F|S,11,10,8,10,30,45,8,38.5,30,0.1,0,2.0.0,20261130
PK-008,2026-11-17,history,-13,Dienstag,2,47,0,0,,Pflegefachkraft,Pflegefachkraft,EXAM,0.6,23.1,5544,5544,4990,6098,5,2,2,8,1,1,Pflegefachkraft,0,0.0,-1449,24,22,4,1,2,4296,1,,,,,,0,,0,,4,3,3,1,1718,1,3,3,2,1,1504,1,2,1,2,0,1074,0,ST-IK1,Normalstation Innere Medizin / Kardiologie,30,Innere Medizin und Kardiologie,10.0,22.0,06:00,14:00,450,,13:30,21:30,450,F,21:15,06:15,495,F|S,11,10,8,10,30,45,8,38.5,30,0.1,0,2.0.0,20261130
PK-009,2026-11-17,history,-13,Dienstag,2,47,0,0,,Pflegefachkraft,Pflegefachkraft,EXAM,1.0,38.5,9240,9240,8316,10164,5,2,2,8,1,1,Pflegefachkraft,0,0.0,-2445,24,22,4,1,2,4296,1,,,,,S,0,,0,,4,3,3,1,1718,1,3,3,2,1,1504,1,2,1,2,0,1074,0,ST-IK1,Normalstation Innere Medizin / Kardiologie,30,Innere Medizin und Kardiologie,10.0,22.0,06:00,14:00,450,,13:30,21:30,450,F,21:15,06:15,495,F|S,11,10,8,10,30,45,8,38.5,30,0.1,0,2.0.0,20261130
PK-010,2026-11-17,history,-13,Dienstag,2,47,0,0,,Pflegefachkraft,Pflegefachkraft,EXAM,0.8,30.8,7392,7392,6653,8131,5,2,2,8,1,1,Pflegefachkraft,0,0.0,-1947,24,22,4,1,2,4296,1,,,,,,0,,0,,4,3,3,1,1718,1,3,3,2,1,1504,1,2,1,2,0,1074,0,ST-IK1,Normalstation Innere Medizin / Kardiologie,30,Innere Medizin und Kardiologie,10.0,22.0,06:00,14:00,450,,13:30,21:30,450,F,21:15,06:15,495,F|S,11,10,8,10,30,45,8,38.5,30,0.1,0,2.0.0,20261130
PK-011,2026-11-17,history,-13,Dienstag,2,47,0,0,,Pflegefachkraft,Pflegefachkraft,EXAM|PRAXISANLEITUNG|KARDIO_MONITORING,1.0,38.5,9240,9240,8316,10164,5,2,2,8,1,1,Pflegefachkraft,0,0.0,-2445,24,22,4,1,2,4296,1,,,,,F,0,,0,,4,3,3,1,1718,1,3,3,2,1,1504,1,2,1,2,0,1074,0,ST-IK1,Normalstation Innere Medizin / Kardiologie,30,Innere Medizin und Kardiologie,10.0,22.0,06:00,14:00,450,,13:30,21:30,450,F,21:15,06:15,495,F|S,11,10,8,10,30,45,8,38.5,30,0.1,0,2.0.0,20261130
PK-012,2026-11-17,history,-13,Dienstag,2,47,0,0,,Pflegefachkraft,Pflegefachkraft,EXAM,1.0,38.5,9240,9240,8316,10164,5,2,2,8,1,1,Pflegefachkraft,0,0.0,1104,24,22,4,1,2,4296,1,,,,,N,0,,0,,4,3,3,1,1718,1,3,3,2,1,1504,1,2,1,2,0,1074,0,ST-IK1,Normalstation Innere Medizin / Kardiologie,30,Innere Medizin und Kardiologie,10.0,22.0,06:00,14:00,450,,13:30,21:30,450,F,21:15,06:15,495,F|S,11,10,8,10,30,45,8,38.5,30,0.1,0,2.0.0,20261130
PK-013,2026-11-17,history,-13,Dienstag,2,47,0,0,,Pflegefachkraft,Pflegefachkraft,EXAM|PRAXISANLEITUNG|KARDIO_MONITORING,1.0,38.5,9240,9240,8316,10164,5,2,2,8,1,1,Pflegefachkraft,0,0.0,1104,24,22,4,1,2,4296,1,,,,,N,0,,0,,4,3,3,1,1718,1,3,3,2,1,1504,1,2,1,2,0,1074,0,ST-IK1,Normalstation Innere Medizin / Kardiologie,30,Innere Medizin und Kardiologie,10.0,22.0,06:00,14:00,450,,13:30,21:30,450,F,21:15,06:15,495,F|S,11,10,8,10,30,45,8,38.5,30,0.1,0,2.0.0,20261130
PK-014,2026-11-17,history,-13,Dienstag,2,47,0,0,,Pflegefachkraft,Pflegefachkraft,EXAM|PRAXISANLEITUNG,0.9,34.65,8316,8316,7484,9148,5,2,2,8,1,1,Pflegefachkraft,0,0.0,-1926,24,22,4,1,2,4296,1,,,,,,0,,0,,4,3,3,1,1718,1,3,3,2,1,1504,1,2,1,2,0,1074,0,ST-IK1,Normalstation Innere Medizin / Kardiologie,30,Innere Medizin und Kardiologie,10.0,22.0,06:00,14:00,450,,13:30,21:30,450,F,21:15,06:15,495,F|S,11,10,8,10,30,45,8,38.5,30,0.1,0,2.0.0,20261130
PK-015,2026-11-17,history,-13,Dienstag,2,47,0,0,,Pflegefachkraft,Pflegefachkraft,EXAM|KARDIO_MONITORING,1.0,38.5,9240,9240,8316,10164,5,2,2,8,1,1,Pflegefachkraft,0,0.0,-2355,24,22,4,1,2,4296,1,,,,,,0,,0,,4,3,3,1,1718,1,3,3,2,1,1504,1,2,1,2,0,1074,0,ST-IK1,Normalstation Innere Medizin / Kardiologie,30,Innere Medizin und Kardiologie,10.0,22.0,06:00,14:00,450,,13:30,21:30,450,F,21:15,06:15,495,F|S,11,10,8,10,30,45,8,38.5,30,0.1,0,2.0.0,20261130
PK-016,2026-11-17,history,-13,Dienstag,2,47,0,0,,Pflegefachkraft,Pflegefachkraft,EXAM|KARDIO_MONITORING,1.0,38.5,9240,9240,8316,10164,5,2,2,8,1,1,Pflegefachkraft,0,0.0,-2625,24,22,4,1,2,4296,1,,,,,,0,,0,,4,3,3,1,1718,1,3,3,2,1,1504,1,2,1,2,0,1074,0,ST-IK1,Normalstation Innere Medizin / Kardiologie,30,Innere Medizin und Kardiologie,10.0,22.0,06:00,14:00,450,,13:30,21:30,450,F,21:15,06:15,495,F|S,11,10,8,10,30,45,8,38.5,30,0.1,0,2.0.0,20261130
PK-017,2026-11-17,history,-13,Dienstag,2,47,0,0,,Pflegefachkraft,Pflegefachkraft,EXAM,0.5,19.25,4620,4620,4158,5082,5,2,2,8,1,1,Pflegefachkraft,0,0.0,-885,24,22,4,1,2,4296,1,,,,,,0,,0,,4,3,3,1,1718,1,3,3,2,1,1504,1,2,1,2,0,1074,0,ST-IK1,Normalstation Innere Medizin / Kardiologie,30,Innere Medizin und Kardiologie,10.0,22.0,06:00,14:00,450,,13:30,21:30,450,F,21:15,06:15,495,F|S,11,10,8,10,30,45,8,38.5,30,0.1,0,2.0.0,20261130
AZ-001,2026-11-18,history,-12,Mittwoch,3,47,0,0,,Auszubildende_r_3_Ausbildungsjahr,Auszubildende,AUSZUBILDEND,1.0,38.5,9240,9240,8316,10164,5,2,2,8,1,0,nicht anrechenbar,0,0.0,-9240,23,21,6,3,1,4127,1,,,,,,0,,0,,4,3,3,1,1651,1,3,3,2,1,1444,1,2,1,2,0,1032,0,ST-IK1,Normalstation Innere Medizin / Kardiologie,30,Innere Medizin und Kardiologie,10.0,22.0,06:00,14:00,450,,13:30,21:30,450,F,21:15,06:15,495,F|S,11,10,8,10,30,45,8,38.5,30,0.1,0,2.0.0,20261130
AZ-002,2026-11-18,history,-12,Mittwoch,3,47,0,0,,Auszubildende_r_2_Ausbildungsjahr,Auszubildende,AUSZUBILDEND,1.0,38.5,9240,9240,8316,10164,5,2,2,8,1,0,nicht anrechenbar,0,0.0,-9240,23,21,6,3,1,4127,1,,,,,,0,,0,,4,3,3,1,1651,1,3,3,2,1,1444,1,2,1,2,0,1032,0,ST-IK1,Normalstation Innere Medizin / Kardiologie,30,Innere Medizin und Kardiologie,10.0,22.0,06:00,14:00,450,,13:30,21:30,450,F,21:15,06:15,495,F|S,11,10,8,10,30,45,8,38.5,30,0.1,0,2.0.0,20261130
AZ-003,2026-11-18,history,-12,Mittwoch,3,47,0,0,,Auszubildende_r_1_Ausbildungsjahr,Auszubildende,AUSZUBILDEND,1.0,38.5,9240,9240,8316,10164,5,2,2,0,0,0,nicht anrechenbar,0,0.0,-9240,23,21,6,3,1,4127,1,,,,,,0,,0,,4,3,3,1,1651,1,3,3,2,1,1444,1,2,1,2,0,1032,0,ST-IK1,Normalstation Innere Medizin / Kardiologie,30,Innere Medizin und Kardiologie,10.0,22.0,06:00,14:00,450,,13:30,21:30,450,F,21:15,06:15,495,F|S,11,10,8,10,30,45,8,38.5,30,0.1,0,2.0.0,20261130
PH-001,2026-11-18,history,-12,Mittwoch,3,47,0,0,,Pflegehilfskraft,Pflegehilfskraft,PFLEGEHILFE,0.75,28.88,6931,6931,6238,7624,5,2,2,0,0,1,Pflegehilfskraft,0,0.0,-1530,23,21,6,3,1,4127,1,,,,,,0,,0,,4,3,3,1,1651,1,3,3,2,1,1444,1,2,1,2,0,1032,0,ST-IK1,Normalstation Innere Medizin / Kardiologie,30,Innere Medizin und Kardiologie,10.0,22.0,06:00,14:00,450,,13:30,21:30,450,F,21:15,06:15,495,F|S,11,10,8,10,30,45,8,38.5,30,0.1,0,2.0.0,20261130
PH-002,2026-11-18,history,-12,Mittwoch,3,47,0,0,,Pflegehilfskraft,Pflegehilfskraft,PFLEGEHILFE,0.5,19.25,4620,4620,4158,5082,5,2,2,0,0,1,Pflegehilfskraft,0,0.0,597,23,21,6,3,1,4127,1,,,,,,0,,0,,4,3,3,1,1651,1,3,3,2,1,1444,1,2,1,2,0,1032,0,ST-IK1,Normalstation Innere Medizin / Kardiologie,30,Innere Medizin und Kardiologie,10.0,22.0,06:00,14:00,450,,13:30,21:30,450,F,21:15,06:15,495,F|S,11,10,8,10,30,45,8,38.5,30,0.1,0,2.0.0,20261130
PK-001,2026-11-18,history,-12,Mittwoch,3,47,0,0,,Stationsleitung,Pflegefachkraft,EXAM|LEITUNG|PRAXISANLEITUNG,1.0,38.5,9240,4620,4158,5082,5,2,2,0,0,1,Pflegefachkraft,1,0.5,2130,23,21,6,3,1,4127,1,,,,,,0,,0,,4,3,3,1,1651,1,3,3,2,1,1444,1,2,1,2,0,1032,0,ST-IK1,Normalstation Innere Medizin / Kardiologie,30,Innere Medizin und Kardiologie,10.0,22.0,06:00,14:00,450,,13:30,21:30,450,F,21:15,06:15,495,F|S,11,10,8,10,30,45,8,38.5,30,0.1,0,2.0.0,20261130
PK-002,2026-11-18,history,-12,Mittwoch,3,47,0,0,,Pflegefachkraft,Pflegefachkraft,EXAM|PRAXISANLEITUNG|KARDIO_MONITORING,0.5,19.25,4620,4620,4158,5082,5,2,2,8,1,1,Pflegefachkraft,0,0.0,-885,23,21,6,3,1,4127,1,,,,,,0,,0,,4,3,3,1,1651,1,3,3,2,1,1444,1,2,1,2,0,1032,0,ST-IK1,Normalstation Innere Medizin / Kardiologie,30,Innere Medizin und Kardiologie,10.0,22.0,06:00,14:00,450,,13:30,21:30,450,F,21:15,06:15,495,F|S,11,10,8,10,30,45,8,38.5,30,0.1,0,2.0.0,20261130
PK-003,2026-11-18,history,-12,Mittwoch,3,47,0,0,,Pflegefachkraft,Pflegefachkraft,EXAM,0.75,28.88,6931,6931,6238,7624,5,2,2,8,1,1,Pflegefachkraft,0,0.0,-1890,23,21,6,3,1,4127,1,,,,,,0,,0,,4,3,3,1,1651,1,3,3,2,1,1444,1,2,1,2,0,1032,0,ST-IK1,Normalstation Innere Medizin / Kardiologie,30,Innere Medizin und Kardiologie,10.0,22.0,06:00,14:00,450,,13:30,21:30,450,F,21:15,06:15,495,F|S,11,10,8,10,30,45,8,38.5,30,0.1,0,2.0.0,20261130
PK-004,2026-11-18,history,-12,Mittwoch,3,47,0,0,,Pflegefachkraft,Pflegefachkraft,EXAM,0.75,28.88,6931,6931,6238,7624,5,2,2,8,1,1,Pflegefachkraft,0,0.0,-1890,23,21,6,3,1,4127,1,,,,,,0,,0,,4,3,3,1,1651,1,3,3,2,1,1444,1,2,1,2,0,1032,0,ST-IK1,Normalstation Innere Medizin / Kardiologie,30,Innere Medizin und Kardiologie,10.0,22.0,06:00,14:00,450,,13:30,21:30,450,F,21:15,06:15,495,F|S,11,10,8,10,30,45,8,38.5,30,0.1,0,2.0.0,20261130
PK-005,2026-11-18,history,-12,Mittwoch,3,47,0,0,,Pflegefachkraft,Pflegefachkraft,EXAM,0.6,23.1,5544,5544,4990,6098,5,2,2,8,1,1,Pflegefachkraft,0,0.0,-1449,23,21,6,3,1,4127,1,,,,,F,0,,0,,4,3,3,1,1651,1,3,3,2,1,1444,1,2,1,2,0,1032,0,ST-IK1,Normalstation Innere Medizin / Kardiologie,30,Innere Medizin und Kardiologie,10.0,22.0,06:00,14:00,450,,13:30,21:30,450,F,21:15,06:15,495,F|S,11,10,8,10,30,45,8,38.5,30,0.1,0,2.0.0,20261130
PK-006,2026-11-18,history,-12,Mittwoch,3,47,0,0,,Pflegefachkraft,Pflegefachkraft,EXAM,1.0,38.5,9240,9240,8316,10164,5,2,2,8,1,1,Pflegefachkraft,0,0.0,-2670,23,21,6,3,1,4127,1,,,,,F,0,,0,,4,3,3,1,1651,1,3,3,2,1,1444,1,2,1,2,0,1032,0,ST-IK1,Normalstation Innere Medizin / Kardiologie,30,Innere Medizin und Kardiologie,10.0,22.0,06:00,14:00,450,,13:30,21:30,450,F,21:15,06:15,495,F|S,11,10,8,10,30,45,8,38.5,30,0.1,0,2.0.0,20261130
PK-007,2026-11-18,history,-12,Mittwoch,3,47,0,0,,Pflegefachkraft,Pflegefachkraft,EXAM|PRAXISANLEITUNG,1.0,38.5,9240,9240,8316,10164,5,2,2,8,1,1,Pflegefachkraft,0,0.0,-2175,23,21,6,3,1,4127,1,,,,,S,0,,0,,4,3,3,1,1651,1,3,3,2,1,1444,1,2,1,2,0,1032,0,ST-IK1,Normalstation Innere Medizin / Kardiologie,30,Innere Medizin und Kardiologie,10.0,22.0,06:00,14:00,450,,13:30,21:30,450,F,21:15,06:15,495,F|S,11,10,8,10,30,45,8,38.5,30,0.1,0,2.0.0,20261130
PK-008,2026-11-18,history,-12,Mittwoch,3,47,0,0,,Pflegefachkraft,Pflegefachkraft,EXAM,0.6,23.1,5544,5544,4990,6098,5,2,2,8,1,1,Pflegefachkraft,0,0.0,-1449,23,21,6,3,1,4127,1,,,,,S,0,,0,,4,3,3,1,1651,1,3,3,2,1,1444,1,2,1,2,0,1032,0,ST-IK1,Normalstation Innere Medizin / Kardiologie,30,Innere Medizin und Kardiologie,10.0,22.0,06:00,14:00,450,,13:30,21:30,450,F,21:15,06:15,495,F|S,11,10,8,10,30,45,8,38.5,30,0.1,0,2.0.0,20261130
PK-009,2026-11-18,history,-12,Mittwoch,3,47,0,0,,Pflegefachkraft,Pflegefachkraft,EXAM,1.0,38.5,9240,9240,8316,10164,5,2,2,8,1,1,Pflegefachkraft,0,0.0,-2445,23,21,6,3,1,4127,1,,,,,,0,,0,,4,3,3,1,1651,1,3,3,2,1,1444,1,2,1,2,0,1032,0,ST-IK1,Normalstation Innere Medizin / Kardiologie,30,Innere Medizin und Kardiologie,10.0,22.0,06:00,14:00,450,,13:30,21:30,450,F,21:15,06:15,495,F|S,11,10,8,10,30,45,8,38.5,30,0.1,0,2.0.0,20261130
PK-010,2026-11-18,history,-12,Mittwoch,3,47,0,0,,Pflegefachkraft,Pflegefachkraft,EXAM,0.8,30.8,7392,7392,6653,8131,5,2,2,8,1,1,Pflegefachkraft,0,0.0,-1947,23,21,6,3,1,4127,1,,,,,,0,,0,,4,3,3,1,1651,1,3,3,2,1,1444,1,2,1,2,0,1032,0,ST-IK1,Normalstation Innere Medizin / Kardiologie,30,Innere Medizin und Kardiologie,10.0,22.0,06:00,14:00,450,,13:30,21:30,450,F,21:15,06:15,495,F|S,11,10,8,10,30,45,8,38.5,30,0.1,0,2.0.0,20261130
PK-011,2026-11-18,history,-12,Mittwoch,3,47,0,0,,Pflegefachkraft,Pflegefachkraft,EXAM|PRAXISANLEITUNG|KARDIO_MONITORING,1.0,38.5,9240,9240,8316,10164,5,2,2,8,1,1,Pflegefachkraft,0,0.0,-2445,23,21,6,3,1,4127,1,,,,,,0,,0,,4,3,3,1,1651,1,3,3,2,1,1444,1,2,1,2,0,1032,0,ST-IK1,Normalstation Innere Medizin / Kardiologie,30,Innere Medizin und Kardiologie,10.0,22.0,06:00,14:00,450,,13:30,21:30,450,F,21:15,06:15,495,F|S,11,10,8,10,30,45,8,38.5,30,0.1,0,2.0.0,20261130
PK-012,2026-11-18,history,-12,Mittwoch,3,47,0,0,,Pflegefachkraft,Pflegefachkraft,EXAM,1.0,38.5,9240,9240,8316,10164,5,2,2,8,1,1,Pflegefachkraft,0,0.0,1104,23,21,6,3,1,4127,1,,,,,N,0,,0,,4,3,3,1,1651,1,3,3,2,1,1444,1,2,1,2,0,1032,0,ST-IK1,Normalstation Innere Medizin / Kardiologie,30,Innere Medizin und Kardiologie,10.0,22.0,06:00,14:00,450,,13:30,21:30,450,F,21:15,06:15,495,F|S,11,10,8,10,30,45,8,38.5,30,0.1,0,2.0.0,20261130
PK-013,2026-11-18,history,-12,Mittwoch,3,47,0,0,,Pflegefachkraft,Pflegefachkraft,EXAM|PRAXISANLEITUNG|KARDIO_MONITORING,1.0,38.5,9240,9240,8316,10164,5,2,2,8,1,1,Pflegefachkraft,0,0.0,1104,23,21,6,3,1,4127,1,,,,,N,0,,0,,4,3,3,1,1651,1,3,3,2,1,1444,1,2,1,2,0,1032,0,ST-IK1,Normalstation Innere Medizin / Kardiologie,30,Innere Medizin und Kardiologie,10.0,22.0,06:00,14:00,450,,13:30,21:30,450,F,21:15,06:15,495,F|S,11,10,8,10,30,45,8,38.5,30,0.1,0,2.0.0,20261130
PK-014,2026-11-18,history,-12,Mittwoch,3,47,0,0,,Pflegefachkraft,Pflegefachkraft,EXAM|PRAXISANLEITUNG,0.9,34.65,8316,8316,7484,9148,5,2,2,8,1,1,Pflegefachkraft,0,0.0,-1926,23,21,6,3,1,4127,1,,,,,,0,,0,,4,3,3,1,1651,1,3,3,2,1,1444,1,2,1,2,0,1032,0,ST-IK1,Normalstation Innere Medizin / Kardiologie,30,Innere Medizin und Kardiologie,10.0,22.0,06:00,14:00,450,,13:30,21:30,450,F,21:15,06:15,495,F|S,11,10,8,10,30,45,8,38.5,30,0.1,0,2.0.0,20261130
PK-015,2026-11-18,history,-12,Mittwoch,3,47,0,0,,Pflegefachkraft,Pflegefachkraft,EXAM|KARDIO_MONITORING,1.0,38.5,9240,9240,8316,10164,5,2,2,8,1,1,Pflegefachkraft,0,0.0,-2355,23,21,6,3,1,4127,1,,,,,F,0,,0,,4,3,3,1,1651,1,3,3,2,1,1444,1,2,1,2,0,1032,0,ST-IK1,Normalstation Innere Medizin / Kardiologie,30,Innere Medizin und Kardiologie,10.0,22.0,06:00,14:00,450,,13:30,21:30,450,F,21:15,06:15,495,F|S,11,10,8,10,30,45,8,38.5,30,0.1,0,2.0.0,20261130
PK-016,2026-11-18,history,-12,Mittwoch,3,47,0,0,,Pflegefachkraft,Pflegefachkraft,EXAM|KARDIO_MONITORING,1.0,38.5,9240,9240,8316,10164,5,2,2,8,1,1,Pflegefachkraft,0,0.0,-2625,23,21,6,3,1,4127,1,,,,,S,0,,0,,4,3,3,1,1651,1,3,3,2,1,1444,1,2,1,2,0,1032,0,ST-IK1,Normalstation Innere Medizin / Kardiologie,30,Innere Medizin und Kardiologie,10.0,22.0,06:00,14:00,450,,13:30,21:30,450,F,21:15,06:15,495,F|S,11,10,8,10,30,45,8,38.5,30,0.1,0,2.0.0,20261130
PK-017,2026-11-18,history,-12,Mittwoch,3,47,0,0,,Pflegefachkraft,Pflegefachkraft,EXAM,0.5,19.25,4620,4620,4158,5082,5,2,2,8,1,1,Pflegefachkraft,0,0.0,-885,23,21,6,3,1,4127,1,,,,,F,0,,0,,4,3,3,1,1651,1,3,3,2,1,1444,1,2,1,2,0,1032,0,ST-IK1,Normalstation Innere Medizin / Kardiologie,30,Innere Medizin und Kardiologie,10.0,22.0,06:00,14:00,450,,13:30,21:30,450,F,21:15,06:15,495,F|S,11,10,8,10,30,45,8,38.5,30,0.1,0,2.0.0,20261130
AZ-001,2026-11-19,history,-11,Donnerstag,4,47,0,0,,Auszubildende_r_3_Ausbildungsjahr,Auszubildende,AUSZUBILDEND,1.0,38.5,9240,9240,8316,10164,5,2,2,8,1,0,nicht anrechenbar,0,0.0,-9240,21,21,2,5,2,3695,1,,,,,,0,,0,,3,3,2,1,1478,1,3,3,2,1,1293,1,2,1,2,0,924,0,ST-IK1,Normalstation Innere Medizin / Kardiologie,30,Innere Medizin und Kardiologie,10.0,22.0,06:00,14:00,450,,13:30,21:30,450,F,21:15,06:15,495,F|S,11,10,8,10,30,45,8,38.5,30,0.1,0,2.0.0,20261130
AZ-002,2026-11-19,history,-11,Donnerstag,4,47,0,0,,Auszubildende_r_2_Ausbildungsjahr,Auszubildende,AUSZUBILDEND,1.0,38.5,9240,9240,8316,10164,5,2,2,8,1,0,nicht anrechenbar,0,0.0,-9240,21,21,2,5,2,3695,1,,,,,,0,,0,,3,3,2,1,1478,1,3,3,2,1,1293,1,2,1,2,0,924,0,ST-IK1,Normalstation Innere Medizin / Kardiologie,30,Innere Medizin und Kardiologie,10.0,22.0,06:00,14:00,450,,13:30,21:30,450,F,21:15,06:15,495,F|S,11,10,8,10,30,45,8,38.5,30,0.1,0,2.0.0,20261130
AZ-003,2026-11-19,history,-11,Donnerstag,4,47,0,0,,Auszubildende_r_1_Ausbildungsjahr,Auszubildende,AUSZUBILDEND,1.0,38.5,9240,9240,8316,10164,5,2,2,0,0,0,nicht anrechenbar,0,0.0,-9240,21,21,2,5,2,3695,1,,,,,,0,,0,,3,3,2,1,1478,1,3,3,2,1,1293,1,2,1,2,0,924,0,ST-IK1,Normalstation Innere Medizin / Kardiologie,30,Innere Medizin und Kardiologie,10.0,22.0,06:00,14:00,450,,13:30,21:30,450,F,21:15,06:15,495,F|S,11,10,8,10,30,45,8,38.5,30,0.1,0,2.0.0,20261130
PH-001,2026-11-19,history,-11,Donnerstag,4,47,0,0,,Pflegehilfskraft,Pflegehilfskraft,PFLEGEHILFE,0.75,28.88,6931,6931,6238,7624,5,2,2,0,0,1,Pflegehilfskraft,0,0.0,-1530,21,21,2,5,2,3695,1,,,,,S,0,,0,,3,3,2,1,1478,1,3,3,2,1,1293,1,2,1,2,0,924,0,ST-IK1,Normalstation Innere Medizin / Kardiologie,30,Innere Medizin und Kardiologie,10.0,22.0,06:00,14:00,450,,13:30,21:30,450,F,21:15,06:15,495,F|S,11,10,8,10,30,45,8,38.5,30,0.1,0,2.0.0,20261130
PH-002,2026-11-19,history,-11,Donnerstag,4,47,0,0,,Pflegehilfskraft,Pflegehilfskraft,PFLEGEHILFE,0.5,19.25,4620,4620,4158,5082,5,2,2,0,0,1,Pflegehilfskraft,0,0.0,597,21,21,2,5,2,3695,1,,,,,,0,,0,,3,3,2,1,1478,1,3,3,2,1,1293,1,2,1,2,0,924,0,ST-IK1,Normalstation Innere Medizin / Kardiologie,30,Innere Medizin und Kardiologie,10.0,22.0,06:00,14:00,450,,13:30,21:30,450,F,21:15,06:15,495,F|S,11,10,8,10,30,45,8,38.5,30,0.1,0,2.0.0,20261130
PK-001,2026-11-19,history,-11,Donnerstag,4,47,0,0,,Stationsleitung,Pflegefachkraft,EXAM|LEITUNG|PRAXISANLEITUNG,1.0,38.5,9240,4620,4158,5082,5,2,2,0,0,1,Pflegefachkraft,1,0.5,2130,21,21,2,5,2,3695,1,,,,,F,0,,0,,3,3,2,1,1478,1,3,3,2,1,1293,1,2,1,2,0,924,0,ST-IK1,Normalstation Innere Medizin / Kardiologie,30,Innere Medizin und Kardiologie,10.0,22.0,06:00,14:00,450,,13:30,21:30,450,F,21:15,06:15,495,F|S,11,10,8,10,30,45,8,38.5,30,0.1,0,2.0.0,20261130
PK-002,2026-11-19,history,-11,Donnerstag,4,47,0,0,,Pflegefachkraft,Pflegefachkraft,EXAM|PRAXISANLEITUNG|KARDIO_MONITORING,0.5,19.25,4620,4620,4158,5082,5,2,2,8,1,1,Pflegefachkraft,0,0.0,-885,21,21,2,5,2,3695,1,,,,,,0,,0,,3,3,2,1,1478,1,3,3,2,1,1293,1,2,1,2,0,924,0,ST-IK1,Normalstation Innere Medizin / Kardiologie,30,Innere Medizin und Kardiologie,10.0,22.0,06:00,14:00,450,,13:30,21:30,450,F,21:15,06:15,495,F|S,11,10,8,10,30,45,8,38.5,30,0.1,0,2.0.0,20261130
PK-003,2026-11-19,history,-11,Donnerstag,4,47,0,0,,Pflegefachkraft,Pflegefachkraft,EXAM,0.75,28.88,6931,6931,6238,7624,5,2,2,8,1,1,Pflegefachkraft,0,0.0,-1890,21,21,2,5,2,3695,1,,,,,,0,,0,,3,3,2,1,1478,1,3,3,2,1,1293,1,2,1,2,0,924,0,ST-IK1,Normalstation Innere Medizin / Kardiologie,30,Innere Medizin und Kardiologie,10.0,22.0,06:00,14:00,450,,13:30,21:30,450,F,21:15,06:15,495,F|S,11,10,8,10,30,45,8,38.5,30,0.1,0,2.0.0,20261130
PK-004,2026-11-19,history,-11,Donnerstag,4,47,0,0,,Pflegefachkraft,Pflegefachkraft,EXAM,0.75,28.88,6931,6931,6238,7624,5,2,2,8,1,1,Pflegefachkraft,0,0.0,-1890,21,21,2,5,2,3695,1,,,,,,0,,0,,3,3,2,1,1478,1,3,3,2,1,1293,1,2,1,2,0,924,0,ST-IK1,Normalstation Innere Medizin / Kardiologie,30,Innere Medizin und Kardiologie,10.0,22.0,06:00,14:00,450,,13:30,21:30,450,F,21:15,06:15,495,F|S,11,10,8,10,30,45,8,38.5,30,0.1,0,2.0.0,20261130
PK-005,2026-11-19,history,-11,Donnerstag,4,47,0,0,,Pflegefachkraft,Pflegefachkraft,EXAM,0.6,23.1,5544,5544,4990,6098,5,2,2,8,1,1,Pflegefachkraft,0,0.0,-1449,21,21,2,5,2,3695,1,,,,,,0,,0,,3,3,2,1,1478,1,3,3,2,1,1293,1,2,1,2,0,924,0,ST-IK1,Normalstation Innere Medizin / Kardiologie,30,Innere Medizin und Kardiologie,10.0,22.0,06:00,14:00,450,,13:30,21:30,450,F,21:15,06:15,495,F|S,11,10,8,10,30,45,8,38.5,30,0.1,0,2.0.0,20261130
PK-006,2026-11-19,history,-11,Donnerstag,4,47,0,0,,Pflegefachkraft,Pflegefachkraft,EXAM,1.0,38.5,9240,9240,8316,10164,5,2,2,8,1,1,Pflegefachkraft,0,0.0,-2670,21,21,2,5,2,3695,1,,,,,S,0,,0,,3,3,2,1,1478,1,3,3,2,1,1293,1,2,1,2,0,924,0,ST-IK1,Normalstation Innere Medizin / Kardiologie,30,Innere Medizin und Kardiologie,10.0,22.0,06:00,14:00,450,,13:30,21:30,450,F,21:15,06:15,495,F|S,11,10,8,10,30,45,8,38.5,30,0.1,0,2.0.0,20261130
PK-007,2026-11-19,history,-11,Donnerstag,4,47,0,0,,Pflegefachkraft,Pflegefachkraft,EXAM|PRAXISANLEITUNG,1.0,38.5,9240,9240,8316,10164,5,2,2,8,1,1,Pflegefachkraft,0,0.0,-2175,21,21,2,5,2,3695,1,,,,,,0,,0,,3,3,2,1,1478,1,3,3,2,1,1293,1,2,1,2,0,924,0,ST-IK1,Normalstation Innere Medizin / Kardiologie,30,Innere Medizin und Kardiologie,10.0,22.0,06:00,14:00,450,,13:30,21:30,450,F,21:15,06:15,495,F|S,11,10,8,10,30,45,8,38.5,30,0.1,0,2.0.0,20261130
PK-008,2026-11-19,history,-11,Donnerstag,4,47,0,0,,Pflegefachkraft,Pflegefachkraft,EXAM,0.6,23.1,5544,5544,4990,6098,5,2,2,8,1,1,Pflegefachkraft,0,0.0,-1449,21,21,2,5,2,3695,1,,,,,,0,,0,,3,3,2,1,1478,1,3,3,2,1,1293,1,2,1,2,0,924,0,ST-IK1,Normalstation Innere Medizin / Kardiologie,30,Innere Medizin und Kardiologie,10.0,22.0,06:00,14:00,450,,13:30,21:30,450,F,21:15,06:15,495,F|S,11,10,8,10,30,45,8,38.5,30,0.1,0,2.0.0,20261130
PK-009,2026-11-19,history,-11,Donnerstag,4,47,0,0,,Pflegefachkraft,Pflegefachkraft,EXAM,1.0,38.5,9240,9240,8316,10164,5,2,2,8,1,1,Pflegefachkraft,0,0.0,-2445,21,21,2,5,2,3695,1,,,,,F,0,,0,,3,3,2,1,1478,1,3,3,2,1,1293,1,2,1,2,0,924,0,ST-IK1,Normalstation Innere Medizin / Kardiologie,30,Innere Medizin und Kardiologie,10.0,22.0,06:00,14:00,450,,13:30,21:30,450,F,21:15,06:15,495,F|S,11,10,8,10,30,45,8,38.5,30,0.1,0,2.0.0,20261130
PK-010,2026-11-19,history,-11,Donnerstag,4,47,0,0,,Pflegefachkraft,Pflegefachkraft,EXAM,0.8,30.8,7392,7392,6653,8131,5,2,2,8,1,1,Pflegefachkraft,0,0.0,-1947,21,21,2,5,2,3695,1,,,,,N,0,,0,,3,3,2,1,1478,1,3,3,2,1,1293,1,2,1,2,0,924,0,ST-IK1,Normalstation Innere Medizin / Kardiologie,30,Innere Medizin und Kardiologie,10.0,22.0,06:00,14:00,450,,13:30,21:30,450,F,21:15,06:15,495,F|S,11,10,8,10,30,45,8,38.5,30,0.1,0,2.0.0,20261130
PK-011,2026-11-19,history,-11,Donnerstag,4,47,0,0,,Pflegefachkraft,Pflegefachkraft,EXAM|PRAXISANLEITUNG|KARDIO_MONITORING,1.0,38.5,9240,9240,8316,10164,5,2,2,8,1,1,Pflegefachkraft,0,0.0,-2445,21,21,2,5,2,3695,1,,,,,F,0,,0,,3,3,2,1,1478,1,3,3,2,1,1293,1,2,1,2,0,924,0,ST-IK1,Normalstation Innere Medizin / Kardiologie,30,Innere Medizin und Kardiologie,10.0,22.0,06:00,14:00,450,,13:30,21:30,450,F,21:15,06:15,495,F|S,11,10,8,10,30,45,8,38.5,30,0.1,0,2.0.0,20261130
PK-012,2026-11-19,history,-11,Donnerstag,4,47,0,0,,Pflegefachkraft,Pflegefachkraft,EXAM,1.0,38.5,9240,9240,8316,10164,5,2,2,8,1,1,Pflegefachkraft,0,0.0,1104,21,21,2,5,2,3695,1,,,,,,0,,0,,3,3,2,1,1478,1,3,3,2,1,1293,1,2,1,2,0,924,0,ST-IK1,Normalstation Innere Medizin / Kardiologie,30,Innere Medizin und Kardiologie,10.0,22.0,06:00,14:00,450,,13:30,21:30,450,F,21:15,06:15,495,F|S,11,10,8,10,30,45,8,38.5,30,0.1,0,2.0.0,20261130
PK-013,2026-11-19,history,-11,Donnerstag,4,47,0,0,,Pflegefachkraft,Pflegefachkraft,EXAM|PRAXISANLEITUNG|KARDIO_MONITORING,1.0,38.5,9240,9240,8316,10164,5,2,2,8,1,1,Pflegefachkraft,0,0.0,1104,21,21,2,5,2,3695,1,,,,,,0,,0,,3,3,2,1,1478,1,3,3,2,1,1293,1,2,1,2,0,924,0,ST-IK1,Normalstation Innere Medizin / Kardiologie,30,Innere Medizin und Kardiologie,10.0,22.0,06:00,14:00,450,,13:30,21:30,450,F,21:15,06:15,495,F|S,11,10,8,10,30,45,8,38.5,30,0.1,0,2.0.0,20261130
PK-014,2026-11-19,history,-11,Donnerstag,4,47,0,0,,Pflegefachkraft,Pflegefachkraft,EXAM|PRAXISANLEITUNG,0.9,34.65,8316,8316,7484,9148,5,2,2,8,1,1,Pflegefachkraft,0,0.0,-1926,21,21,2,5,2,3695,1,,,,,N,0,,0,,3,3,2,1,1478,1,3,3,2,1,1293,1,2,1,2,0,924,0,ST-IK1,Normalstation Innere Medizin / Kardiologie,30,Innere Medizin und Kardiologie,10.0,22.0,06:00,14:00,450,,13:30,21:30,450,F,21:15,06:15,495,F|S,11,10,8,10,30,45,8,38.5,30,0.1,0,2.0.0,20261130
PK-015,2026-11-19,history,-11,Donnerstag,4,47,0,0,,Pflegefachkraft,Pflegefachkraft,EXAM|KARDIO_MONITORING,1.0,38.5,9240,9240,8316,10164,5,2,2,8,1,1,Pflegefachkraft,0,0.0,-2355,21,21,2,5,2,3695,1,,,,,S,0,,0,,3,3,2,1,1478,1,3,3,2,1,1293,1,2,1,2,0,924,0,ST-IK1,Normalstation Innere Medizin / Kardiologie,30,Innere Medizin und Kardiologie,10.0,22.0,06:00,14:00,450,,13:30,21:30,450,F,21:15,06:15,495,F|S,11,10,8,10,30,45,8,38.5,30,0.1,0,2.0.0,20261130
PK-016,2026-11-19,history,-11,Donnerstag,4,47,0,0,,Pflegefachkraft,Pflegefachkraft,EXAM|KARDIO_MONITORING,1.0,38.5,9240,9240,8316,10164,5,2,2,8,1,1,Pflegefachkraft,0,0.0,-2625,21,21,2,5,2,3695,1,,,,,,0,,0,,3,3,2,1,1478,1,3,3,2,1,1293,1,2,1,2,0,924,0,ST-IK1,Normalstation Innere Medizin / Kardiologie,30,Innere Medizin und Kardiologie,10.0,22.0,06:00,14:00,450,,13:30,21:30,450,F,21:15,06:15,495,F|S,11,10,8,10,30,45,8,38.5,30,0.1,0,2.0.0,20261130
PK-017,2026-11-19,history,-11,Donnerstag,4,47,0,0,,Pflegefachkraft,Pflegefachkraft,EXAM,0.5,19.25,4620,4620,4158,5082,5,2,2,8,1,1,Pflegefachkraft,0,0.0,-885,21,21,2,5,2,3695,1,,,,,,0,,0,,3,3,2,1,1478,1,3,3,2,1,1293,1,2,1,2,0,924,0,ST-IK1,Normalstation Innere Medizin / Kardiologie,30,Innere Medizin und Kardiologie,10.0,22.0,06:00,14:00,450,,13:30,21:30,450,F,21:15,06:15,495,F|S,11,10,8,10,30,45,8,38.5,30,0.1,0,2.0.0,20261130
AZ-001,2026-11-20,history,-10,Freitag,5,47,0,0,,Auszubildende_r_3_Ausbildungsjahr,Auszubildende,AUSZUBILDEND,1.0,38.5,9240,9240,8316,10164,5,2,2,8,1,0,nicht anrechenbar,0,0.0,-9240,22,22,3,1,3,3838,1,,,,,,0,,0,,3,3,2,1,1535,1,3,3,2,1,1343,1,2,1,2,0,960,0,ST-IK1,Normalstation Innere Medizin / Kardiologie,30,Innere Medizin und Kardiologie,10.0,22.0,06:00,14:00,450,,13:30,21:30,450,F,21:15,06:15,495,F|S,11,10,8,10,30,45,8,38.5,30,0.1,0,2.0.0,20261130
AZ-002,2026-11-20,history,-10,Freitag,5,47,0,0,,Auszubildende_r_2_Ausbildungsjahr,Auszubildende,AUSZUBILDEND,1.0,38.5,9240,9240,8316,10164,5,2,2,8,1,0,nicht anrechenbar,0,0.0,-9240,22,22,3,1,3,3838,1,,,,,,0,,0,,3,3,2,1,1535,1,3,3,2,1,1343,1,2,1,2,0,960,0,ST-IK1,Normalstation Innere Medizin / Kardiologie,30,Innere Medizin und Kardiologie,10.0,22.0,06:00,14:00,450,,13:30,21:30,450,F,21:15,06:15,495,F|S,11,10,8,10,30,45,8,38.5,30,0.1,0,2.0.0,20261130
AZ-003,2026-11-20,history,-10,Freitag,5,47,0,0,,Auszubildende_r_1_Ausbildungsjahr,Auszubildende,AUSZUBILDEND,1.0,38.5,9240,9240,8316,10164,5,2,2,0,0,0,nicht anrechenbar,0,0.0,-9240,22,22,3,1,3,3838,1,,,,,,0,,0,,3,3,2,1,1535,1,3,3,2,1,1343,1,2,1,2,0,960,0,ST-IK1,Normalstation Innere Medizin / Kardiologie,30,Innere Medizin und Kardiologie,10.0,22.0,06:00,14:00,450,,13:30,21:30,450,F,21:15,06:15,495,F|S,11,10,8,10,30,45,8,38.5,30,0.1,0,2.0.0,20261130
PH-001,2026-11-20,history,-10,Freitag,5,47,0,0,,Pflegehilfskraft,Pflegehilfskraft,PFLEGEHILFE,0.75,28.88,6931,6931,6238,7624,5,2,2,0,0,1,Pflegehilfskraft,0,0.0,-1530,22,22,3,1,3,3838,1,,,,,,0,,0,,3,3,2,1,1535,1,3,3,2,1,1343,1,2,1,2,0,960,0,ST-IK1,Normalstation Innere Medizin / Kardiologie,30,Innere Medizin und Kardiologie,10.0,22.0,06:00,14:00,450,,13:30,21:30,450,F,21:15,06:15,495,F|S,11,10,8,10,30,45,8,38.5,30,0.1,0,2.0.0,20261130
PH-002,2026-11-20,history,-10,Freitag,5,47,0,0,,Pflegehilfskraft,Pflegehilfskraft,PFLEGEHILFE,0.5,19.25,4620,4620,4158,5082,5,2,2,0,0,1,Pflegehilfskraft,0,0.0,597,22,22,3,1,3,3838,1,,,,,S,0,,0,,3,3,2,1,1535,1,3,3,2,1,1343,1,2,1,2,0,960,0,ST-IK1,Normalstation Innere Medizin / Kardiologie,30,Innere Medizin und Kardiologie,10.0,22.0,06:00,14:00,450,,13:30,21:30,450,F,21:15,06:15,495,F|S,11,10,8,10,30,45,8,38.5,30,0.1,0,2.0.0,20261130
PK-001,2026-11-20,history,-10,Freitag,5,47,0,0,,Stationsleitung,Pflegefachkraft,EXAM|LEITUNG|PRAXISANLEITUNG,1.0,38.5,9240,4620,4158,5082,5,2,2,0,0,1,Pflegefachkraft,1,0.5,2130,22,22,3,1,3,3838,1,,,,,,0,,0,,3,3,2,1,1535,1,3,3,2,1,1343,1,2,1,2,0,960,0,ST-IK1,Normalstation Innere Medizin / Kardiologie,30,Innere Medizin und Kardiologie,10.0,22.0,06:00,14:00,450,,13:30,21:30,450,F,21:15,06:15,495,F|S,11,10,8,10,30,45,8,38.5,30,0.1,0,2.0.0,20261130
PK-002,2026-11-20,history,-10,Freitag,5,47,0,0,,Pflegefachkraft,Pflegefachkraft,EXAM|PRAXISANLEITUNG|KARDIO_MONITORING,0.5,19.25,4620,4620,4158,5082,5,2,2,8,1,1,Pflegefachkraft,0,0.0,-885,22,22,3,1,3,3838,1,,,,,,0,,0,,3,3,2,1,1535,1,3,3,2,1,1343,1,2,1,2,0,960,0,ST-IK1,Normalstation Innere Medizin / Kardiologie,30,Innere Medizin und Kardiologie,10.0,22.0,06:00,14:00,450,,13:30,21:30,450,F,21:15,06:15,495,F|S,11,10,8,10,30,45,8,38.5,30,0.1,0,2.0.0,20261130
PK-003,2026-11-20,history,-10,Freitag,5,47,0,0,,Pflegefachkraft,Pflegefachkraft,EXAM,0.75,28.88,6931,6931,6238,7624,5,2,2,8,1,1,Pflegefachkraft,0,0.0,-1890,22,22,3,1,3,3838,1,,,,,F,0,,0,,3,3,2,1,1535,1,3,3,2,1,1343,1,2,1,2,0,960,0,ST-IK1,Normalstation Innere Medizin / Kardiologie,30,Innere Medizin und Kardiologie,10.0,22.0,06:00,14:00,450,,13:30,21:30,450,F,21:15,06:15,495,F|S,11,10,8,10,30,45,8,38.5,30,0.1,0,2.0.0,20261130
PK-004,2026-11-20,history,-10,Freitag,5,47,0,0,,Pflegefachkraft,Pflegefachkraft,EXAM,0.75,28.88,6931,6931,6238,7624,5,2,2,8,1,1,Pflegefachkraft,0,0.0,-1890,22,22,3,1,3,3838,1,,,,,N,0,,0,,3,3,2,1,1535,1,3,3,2,1,1343,1,2,1,2,0,960,0,ST-IK1,Normalstation Innere Medizin / Kardiologie,30,Innere Medizin und Kardiologie,10.0,22.0,06:00,14:00,450,,13:30,21:30,450,F,21:15,06:15,495,F|S,11,10,8,10,30,45,8,38.5,30,0.1,0,2.0.0,20261130
PK-005,2026-11-20,history,-10,Freitag,5,47,0,0,,Pflegefachkraft,Pflegefachkraft,EXAM,0.6,23.1,5544,5544,4990,6098,5,2,2,8,1,1,Pflegefachkraft,0,0.0,-1449,22,22,3,1,3,3838,1,,,,,S,0,,0,,3,3,2,1,1535,1,3,3,2,1,1343,1,2,1,2,0,960,0,ST-IK1,Normalstation Innere Medizin / Kardiologie,30,Innere Medizin und Kardiologie,10.0,22.0,06:00,14:00,450,,13:30,21:30,450,F,21:15,06:15,495,F|S,11,10,8,10,30,45,8,38.5,30,0.1,0,2.0.0,20261130
PK-006,2026-11-20,history,-10,Freitag,5,47,0,0,,Pflegefachkraft,Pflegefachkraft,EXAM,1.0,38.5,9240,9240,8316,10164,5,2,2,8,1,1,Pflegefachkraft,0,0.0,-2670,22,22,3,1,3,3838,1,,,,,,0,,0,,3,3,2,1,1535,1,3,3,2,1,1343,1,2,1,2,0,960,0,ST-IK1,Normalstation Innere Medizin / Kardiologie,30,Innere Medizin und Kardiologie,10.0,22.0,06:00,14:00,450,,13:30,21:30,450,F,21:15,06:15,495,F|S,11,10,8,10,30,45,8,38.5,30,0.1,0,2.0.0,20261130
PK-007,2026-11-20,history,-10,Freitag,5,47,0,0,,Pflegefachkraft,Pflegefachkraft,EXAM|PRAXISANLEITUNG,1.0,38.5,9240,9240,8316,10164,5,2,2,8,1,1,Pflegefachkraft,0,0.0,-2175,22,22,3,1,3,3838,1,,,,,S,0,,0,,3,3,2,1,1535,1,3,3,2,1,1343,1,2,1,2,0,960,0,ST-IK1,Normalstation Innere Medizin / Kardiologie,30,Innere Medizin und Kardiologie,10.0,22.0,06:00,14:00,450,,13:30,21:30,450,F,21:15,06:15,495,F|S,11,10,8,10,30,45,8,38.5,30,0.1,0,2.0.0,20261130
PK-008,2026-11-20,history,-10,Freitag,5,47,0,0,,Pflegefachkraft,Pflegefachkraft,EXAM,0.6,23.1,5544,5544,4990,6098,5,2,2,8,1,1,Pflegefachkraft,0,0.0,-1449,22,22,3,1,3,3838,1,,,,,,0,,0,,3,3,2,1,1535,1,3,3,2,1,1343,1,2,1,2,0,960,0,ST-IK1,Normalstation Innere Medizin / Kardiologie,30,Innere Medizin und Kardiologie,10.0,22.0,06:00,14:00,450,,13:30,21:30,450,F,21:15,06:15,495,F|S,11,10,8,10,30,45,8,38.5,30,0.1,0,2.0.0,20261130
PK-009,2026-11-20,history,-10,Freitag,5,47,0,0,,Pflegefachkraft,Pflegefachkraft,EXAM,1.0,38.5,9240,9240,8316,10164,5,2,2,8,1,1,Pflegefachkraft,0,0.0,-2445,22,22,3,1,3,3838,1,,,,,,0,,0,,3,3,2,1,1535,1,3,3,2,1,1343,1,2,1,2,0,960,0,ST-IK1,Normalstation Innere Medizin / Kardiologie,30,Innere Medizin und Kardiologie,10.0,22.0,06:00,14:00,450,,13:30,21:30,450,F,21:15,06:15,495,F|S,11,10,8,10,30,45,8,38.5,30,0.1,0,2.0.0,20261130
PK-010,2026-11-20,history,-10,Freitag,5,47,0,0,,Pflegefachkraft,Pflegefachkraft,EXAM,0.8,30.8,7392,7392,6653,8131,5,2,2,8,1,1,Pflegefachkraft,0,0.0,-1947,22,22,3,1,3,3838,1,,,,,,0,,0,,3,3,2,1,1535,1,3,3,2,1,1343,1,2,1,2,0,960,0,ST-IK1,Normalstation Innere Medizin / Kardiologie,30,Innere Medizin und Kardiologie,10.0,22.0,06:00,14:00,450,,13:30,21:30,450,F,21:15,06:15,495,F|S,11,10,8,10,30,45,8,38.5,30,0.1,0,2.0.0,20261130
PK-011,2026-11-20,history,-10,Freitag,5,47,0,0,,Pflegefachkraft,Pflegefachkraft,EXAM|PRAXISANLEITUNG|KARDIO_MONITORING,1.0,38.5,9240,9240,8316,10164,5,2,2,8,1,1,Pflegefachkraft,0,0.0,-2445,22,22,3,1,3,3838,1,,,,,,0,,0,,3,3,2,1,1535,1,3,3,2,1,1343,1,2,1,2,0,960,0,ST-IK1,Normalstation Innere Medizin / Kardiologie,30,Innere Medizin und Kardiologie,10.0,22.0,06:00,14:00,450,,13:30,21:30,450,F,21:15,06:15,495,F|S,11,10,8,10,30,45,8,38.5,30,0.1,0,2.0.0,20261130
PK-012,2026-11-20,history,-10,Freitag,5,47,0,0,,Pflegefachkraft,Pflegefachkraft,EXAM,1.0,38.5,9240,9240,8316,10164,5,2,2,8,1,1,Pflegefachkraft,0,0.0,1104,22,22,3,1,3,3838,1,,,,,F,0,,0,,3,3,2,1,1535,1,3,3,2,1,1343,1,2,1,2,0,960,0,ST-IK1,Normalstation Innere Medizin / Kardiologie,30,Innere Medizin und Kardiologie,10.0,22.0,06:00,14:00,450,,13:30,21:30,450,F,21:15,06:15,495,F|S,11,10,8,10,30,45,8,38.5,30,0.1,0,2.0.0,20261130
PK-013,2026-11-20,history,-10,Freitag,5,47,0,0,,Pflegefachkraft,Pflegefachkraft,EXAM|PRAXISANLEITUNG|KARDIO_MONITORING,1.0,38.5,9240,9240,8316,10164,5,2,2,8,1,1,Pflegefachkraft,0,0.0,1104,22,22,3,1,3,3838,1,,,,,N,0,,0,,3,3,2,1,1535,1,3,3,2,1,1343,1,2,1,2,0,960,0,ST-IK1,Normalstation Innere Medizin / Kardiologie,30,Innere Medizin und Kardiologie,10.0,22.0,06:00,14:00,450,,13:30,21:30,450,F,21:15,06:15,495,F|S,11,10,8,10,30,45,8,38.5,30,0.1,0,2.0.0,20261130
PK-014,2026-11-20,history,-10,Freitag,5,47,0,0,,Pflegefachkraft,Pflegefachkraft,EXAM|PRAXISANLEITUNG,0.9,34.65,8316,8316,7484,9148,5,2,2,8,1,1,Pflegefachkraft,0,0.0,-1926,22,22,3,1,3,3838,1,,,,,,0,,0,,3,3,2,1,1535,1,3,3,2,1,1343,1,2,1,2,0,960,0,ST-IK1,Normalstation Innere Medizin / Kardiologie,30,Innere Medizin und Kardiologie,10.0,22.0,06:00,14:00,450,,13:30,21:30,450,F,21:15,06:15,495,F|S,11,10,8,10,30,45,8,38.5,30,0.1,0,2.0.0,20261130
PK-015,2026-11-20,history,-10,Freitag,5,47,0,0,,Pflegefachkraft,Pflegefachkraft,EXAM|KARDIO_MONITORING,1.0,38.5,9240,9240,8316,10164,5,2,2,8,1,1,Pflegefachkraft,0,0.0,-2355,22,22,3,1,3,3838,1,,,,,,0,,0,,3,3,2,1,1535,1,3,3,2,1,1343,1,2,1,2,0,960,0,ST-IK1,Normalstation Innere Medizin / Kardiologie,30,Innere Medizin und Kardiologie,10.0,22.0,06:00,14:00,450,,13:30,21:30,450,F,21:15,06:15,495,F|S,11,10,8,10,30,45,8,38.5,30,0.1,0,2.0.0,20261130
PK-016,2026-11-20,history,-10,Freitag,5,47,0,0,,Pflegefachkraft,Pflegefachkraft,EXAM|KARDIO_MONITORING,1.0,38.5,9240,9240,8316,10164,5,2,2,8,1,1,Pflegefachkraft,0,0.0,-2625,22,22,3,1,3,3838,1,,,,,F,0,,0,,3,3,2,1,1535,1,3,3,2,1,1343,1,2,1,2,0,960,0,ST-IK1,Normalstation Innere Medizin / Kardiologie,30,Innere Medizin und Kardiologie,10.0,22.0,06:00,14:00,450,,13:30,21:30,450,F,21:15,06:15,495,F|S,11,10,8,10,30,45,8,38.5,30,0.1,0,2.0.0,20261130
PK-017,2026-11-20,history,-10,Freitag,5,47,0,0,,Pflegefachkraft,Pflegefachkraft,EXAM,0.5,19.25,4620,4620,4158,5082,5,2,2,8,1,1,Pflegefachkraft,0,0.0,-885,22,22,3,1,3,3838,1,,,,,,0,,0,,3,3,2,1,1535,1,3,3,2,1,1343,1,2,1,2,0,960,0,ST-IK1,Normalstation Innere Medizin / Kardiologie,30,Innere Medizin und Kardiologie,10.0,22.0,06:00,14:00,450,,13:30,21:30,450,F,21:15,06:15,495,F|S,11,10,8,10,30,45,8,38.5,30,0.1,0,2.0.0,20261130
AZ-001,2026-11-21,history,-9,Samstag,6,47,1,0,,Auszubildende_r_3_Ausbildungsjahr,Auszubildende,AUSZUBILDEND,1.0,38.5,9240,9240,8316,10164,5,2,2,8,1,0,nicht anrechenbar,0,0.0,-9240,20,19,1,1,1,3369,1,,,,,,0,,0,,3,2,2,1,1348,1,3,2,2,1,1179,1,2,1,2,0,842,0,ST-IK1,Normalstation Innere Medizin / Kardiologie,30,Innere Medizin und Kardiologie,10.0,22.0,06:00,14:00,450,,13:30,21:30,450,F,21:15,06:15,495,F|S,11,10,8,10,30,45,8,38.5,30,0.1,0,2.0.0,20261130
AZ-002,2026-11-21,history,-9,Samstag,6,47,1,0,,Auszubildende_r_2_Ausbildungsjahr,Auszubildende,AUSZUBILDEND,1.0,38.5,9240,9240,8316,10164,5,2,2,8,1,0,nicht anrechenbar,0,0.0,-9240,20,19,1,1,1,3369,1,,,,,,0,,0,,3,2,2,1,1348,1,3,2,2,1,1179,1,2,1,2,0,842,0,ST-IK1,Normalstation Innere Medizin / Kardiologie,30,Innere Medizin und Kardiologie,10.0,22.0,06:00,14:00,450,,13:30,21:30,450,F,21:15,06:15,495,F|S,11,10,8,10,30,45,8,38.5,30,0.1,0,2.0.0,20261130
AZ-003,2026-11-21,history,-9,Samstag,6,47,1,0,,Auszubildende_r_1_Ausbildungsjahr,Auszubildende,AUSZUBILDEND,1.0,38.5,9240,9240,8316,10164,5,2,2,0,0,0,nicht anrechenbar,0,0.0,-9240,20,19,1,1,1,3369,1,,,,,,0,,0,,3,2,2,1,1348,1,3,2,2,1,1179,1,2,1,2,0,842,0,ST-IK1,Normalstation Innere Medizin / Kardiologie,30,Innere Medizin und Kardiologie,10.0,22.0,06:00,14:00,450,,13:30,21:30,450,F,21:15,06:15,495,F|S,11,10,8,10,30,45,8,38.5,30,0.1,0,2.0.0,20261130
PH-001,2026-11-21,history,-9,Samstag,6,47,1,0,,Pflegehilfskraft,Pflegehilfskraft,PFLEGEHILFE,0.75,28.88,6931,6931,6238,7624,5,2,2,0,0,1,Pflegehilfskraft,0,0.0,-1530,20,19,1,1,1,3369,1,,,,,,0,,0,,3,2,2,1,1348,1,3,2,2,1,1179,1,2,1,2,0,842,0,ST-IK1,Normalstation Innere Medizin / Kardiologie,30,Innere Medizin und Kardiologie,10.0,22.0,06:00,14:00,450,,13:30,21:30,450,F,21:15,06:15,495,F|S,11,10,8,10,30,45,8,38.5,30,0.1,0,2.0.0,20261130
PH-002,2026-11-21,history,-9,Samstag,6,47,1,0,,Pflegehilfskraft,Pflegehilfskraft,PFLEGEHILFE,0.5,19.25,4620,4620,4158,5082,5,2,2,0,0,1,Pflegehilfskraft,0,0.0,597,20,19,1,1,1,3369,0,URLAUB,,,,,0,,0,,3,2,2,1,1348,1,3,2,2,1,1179,1,2,1,2,0,842,0,ST-IK1,Normalstation Innere Medizin / Kardiologie,30,Innere Medizin und Kardiologie,10.0,22.0,06:00,14:00,450,,13:30,21:30,450,F,21:15,06:15,495,F|S,11,10,8,10,30,45,8,38.5,30,0.1,0,2.0.0,20261130
PK-001,2026-11-21,history,-9,Samstag,6,47,1,0,,Stationsleitung,Pflegefachkraft,EXAM|LEITUNG|PRAXISANLEITUNG,1.0,38.5,9240,4620,4158,5082,5,2,2,0,0,1,Pflegefachkraft,1,0.5,2130,20,19,1,1,1,3369,1,,,,,F,0,,0,,3,2,2,1,1348,1,3,2,2,1,1179,1,2,1,2,0,842,0,ST-IK1,Normalstation Innere Medizin / Kardiologie,30,Innere Medizin und Kardiologie,10.0,22.0,06:00,14:00,450,,13:30,21:30,450,F,21:15,06:15,495,F|S,11,10,8,10,30,45,8,38.5,30,0.1,0,2.0.0,20261130
PK-002,2026-11-21,history,-9,Samstag,6,47,1,0,,Pflegefachkraft,Pflegefachkraft,EXAM|PRAXISANLEITUNG|KARDIO_MONITORING,0.5,19.25,4620,4620,4158,5082,5,2,2,8,1,1,Pflegefachkraft,0,0.0,-885,20,19,1,1,1,3369,1,,,,,,0,,0,,3,2,2,1,1348,1,3,2,2,1,1179,1,2,1,2,0,842,0,ST-IK1,Normalstation Innere Medizin / Kardiologie,30,Innere Medizin und Kardiologie,10.0,22.0,06:00,14:00,450,,13:30,21:30,450,F,21:15,06:15,495,F|S,11,10,8,10,30,45,8,38.5,30,0.1,0,2.0.0,20261130
PK-003,2026-11-21,history,-9,Samstag,6,47,1,0,,Pflegefachkraft,Pflegefachkraft,EXAM,0.75,28.88,6931,6931,6238,7624,5,2,2,8,1,1,Pflegefachkraft,0,0.0,-1890,20,19,1,1,1,3369,1,,,,,,0,,0,,3,2,2,1,1348,1,3,2,2,1,1179,1,2,1,2,0,842,0,ST-IK1,Normalstation Innere Medizin / Kardiologie,30,Innere Medizin und Kardiologie,10.0,22.0,06:00,14:00,450,,13:30,21:30,450,F,21:15,06:15,495,F|S,11,10,8,10,30,45,8,38.5,30,0.1,0,2.0.0,20261130
PK-004,2026-11-21,history,-9,Samstag,6,47,1,0,,Pflegefachkraft,Pflegefachkraft,EXAM,0.75,28.88,6931,6931,6238,7624,5,2,2,8,1,1,Pflegefachkraft,0,0.0,-1890,20,19,1,1,1,3369,1,,,,,,0,,0,,3,2,2,1,1348,1,3,2,2,1,1179,1,2,1,2,0,842,0,ST-IK1,Normalstation Innere Medizin / Kardiologie,30,Innere Medizin und Kardiologie,10.0,22.0,06:00,14:00,450,,13:30,21:30,450,F,21:15,06:15,495,F|S,11,10,8,10,30,45,8,38.5,30,0.1,0,2.0.0,20261130
PK-005,2026-11-21,history,-9,Samstag,6,47,1,0,,Pflegefachkraft,Pflegefachkraft,EXAM,0.6,23.1,5544,5544,4990,6098,5,2,2,8,1,1,Pflegefachkraft,0,0.0,-1449,20,19,1,1,1,3369,1,,,,,,0,,0,,3,2,2,1,1348,1,3,2,2,1,1179,1,2,1,2,0,842,0,ST-IK1,Normalstation Innere Medizin / Kardiologie,30,Innere Medizin und Kardiologie,10.0,22.0,06:00,14:00,450,,13:30,21:30,450,F,21:15,06:15,495,F|S,11,10,8,10,30,45,8,38.5,30,0.1,0,2.0.0,20261130
PK-006,2026-11-21,history,-9,Samstag,6,47,1,0,,Pflegefachkraft,Pflegefachkraft,EXAM,1.0,38.5,9240,9240,8316,10164,5,2,2,8,1,1,Pflegefachkraft,0,0.0,-2670,20,19,1,1,1,3369,1,,,,,,0,,0,,3,2,2,1,1348,1,3,2,2,1,1179,1,2,1,2,0,842,0,ST-IK1,Normalstation Innere Medizin / Kardiologie,30,Innere Medizin und Kardiologie,10.0,22.0,06:00,14:00,450,,13:30,21:30,450,F,21:15,06:15,495,F|S,11,10,8,10,30,45,8,38.5,30,0.1,0,2.0.0,20261130
PK-007,2026-11-21,history,-9,Samstag,6,47,1,0,,Pflegefachkraft,Pflegefachkraft,EXAM|PRAXISANLEITUNG,1.0,38.5,9240,9240,8316,10164,5,2,2,8,1,1,Pflegefachkraft,0,0.0,-2175,20,19,1,1,1,3369,1,,,,,,0,,0,,3,2,2,1,1348,1,3,2,2,1,1179,1,2,1,2,0,842,0,ST-IK1,Normalstation Innere Medizin / Kardiologie,30,Innere Medizin und Kardiologie,10.0,22.0,06:00,14:00,450,,13:30,21:30,450,F,21:15,06:15,495,F|S,11,10,8,10,30,45,8,38.5,30,0.1,0,2.0.0,20261130
PK-008,2026-11-21,history,-9,Samstag,6,47,1,0,,Pflegefachkraft,Pflegefachkraft,EXAM,0.6,23.1,5544,5544,4990,6098,5,2,2,8,1,1,Pflegefachkraft,0,0.0,-1449,20,19,1,1,1,3369,1,,,,,S,0,,0,,3,2,2,1,1348,1,3,2,2,1,1179,1,2,1,2,0,842,0,ST-IK1,Normalstation Innere Medizin / Kardiologie,30,Innere Medizin und Kardiologie,10.0,22.0,06:00,14:00,450,,13:30,21:30,450,F,21:15,06:15,495,F|S,11,10,8,10,30,45,8,38.5,30,0.1,0,2.0.0,20261130
PK-009,2026-11-21,history,-9,Samstag,6,47,1,0,,Pflegefachkraft,Pflegefachkraft,EXAM,1.0,38.5,9240,9240,8316,10164,5,2,2,8,1,1,Pflegefachkraft,0,0.0,-2445,20,19,1,1,1,3369,1,,,,,F,0,,0,,3,2,2,1,1348,1,3,2,2,1,1179,1,2,1,2,0,842,0,ST-IK1,Normalstation Innere Medizin / Kardiologie,30,Innere Medizin und Kardiologie,10.0,22.0,06:00,14:00,450,,13:30,21:30,450,F,21:15,06:15,495,F|S,11,10,8,10,30,45,8,38.5,30,0.1,0,2.0.0,20261130
PK-010,2026-11-21,history,-9,Samstag,6,47,1,0,,Pflegefachkraft,Pflegefachkraft,EXAM,0.8,30.8,7392,7392,6653,8131,5,2,2,8,1,1,Pflegefachkraft,0,0.0,-1947,20,19,1,1,1,3369,1,,,,,S,0,,0,,3,2,2,1,1348,1,3,2,2,1,1179,1,2,1,2,0,842,0,ST-IK1,Normalstation Innere Medizin / Kardiologie,30,Innere Medizin und Kardiologie,10.0,22.0,06:00,14:00,450,,13:30,21:30,450,F,21:15,06:15,495,F|S,11,10,8,10,30,45,8,38.5,30,0.1,0,2.0.0,20261130
PK-011,2026-11-21,history,-9,Samstag,6,47,1,0,,Pflegefachkraft,Pflegefachkraft,EXAM|PRAXISANLEITUNG|KARDIO_MONITORING,1.0,38.5,9240,9240,8316,10164,5,2,2,8,1,1,Pflegefachkraft,0,0.0,-2445,20,19,1,1,1,3369,1,,,,,N,0,,0,,3,2,2,1,1348,1,3,2,2,1,1179,1,2,1,2,0,842,0,ST-IK1,Normalstation Innere Medizin / Kardiologie,30,Innere Medizin und Kardiologie,10.0,22.0,06:00,14:00,450,,13:30,21:30,450,F,21:15,06:15,495,F|S,11,10,8,10,30,45,8,38.5,30,0.1,0,2.0.0,20261130
PK-012,2026-11-21,history,-9,Samstag,6,47,1,0,,Pflegefachkraft,Pflegefachkraft,EXAM,1.0,38.5,9240,9240,8316,10164,5,2,2,8,1,1,Pflegefachkraft,0,0.0,1104,20,19,1,1,1,3369,1,,,,,F,0,,0,,3,2,2,1,1348,1,3,2,2,1,1179,1,2,1,2,0,842,0,ST-IK1,Normalstation Innere Medizin / Kardiologie,30,Innere Medizin und Kardiologie,10.0,22.0,06:00,14:00,450,,13:30,21:30,450,F,21:15,06:15,495,F|S,11,10,8,10,30,45,8,38.5,30,0.1,0,2.0.0,20261130
PK-013,2026-11-21,history,-9,Samstag,6,47,1,0,,Pflegefachkraft,Pflegefachkraft,EXAM|PRAXISANLEITUNG|KARDIO_MONITORING,1.0,38.5,9240,9240,8316,10164,5,2,2,8,1,1,Pflegefachkraft,0,0.0,1104,20,19,1,1,1,3369,1,,,,,N,0,,0,,3,2,2,1,1348,1,3,2,2,1,1179,1,2,1,2,0,842,0,ST-IK1,Normalstation Innere Medizin / Kardiologie,30,Innere Medizin und Kardiologie,10.0,22.0,06:00,14:00,450,,13:30,21:30,450,F,21:15,06:15,495,F|S,11,10,8,10,30,45,8,38.5,30,0.1,0,2.0.0,20261130
PK-014,2026-11-21,history,-9,Samstag,6,47,1,0,,Pflegefachkraft,Pflegefachkraft,EXAM|PRAXISANLEITUNG,0.9,34.65,8316,8316,7484,9148,5,2,2,8,1,1,Pflegefachkraft,0,0.0,-1926,20,19,1,1,1,3369,1,,,,,S,0,,0,,3,2,2,1,1348,1,3,2,2,1,1179,1,2,1,2,0,842,0,ST-IK1,Normalstation Innere Medizin / Kardiologie,30,Innere Medizin und Kardiologie,10.0,22.0,06:00,14:00,450,,13:30,21:30,450,F,21:15,06:15,495,F|S,11,10,8,10,30,45,8,38.5,30,0.1,0,2.0.0,20261130
PK-015,2026-11-21,history,-9,Samstag,6,47,1,0,,Pflegefachkraft,Pflegefachkraft,EXAM|KARDIO_MONITORING,1.0,38.5,9240,9240,8316,10164,5,2,2,8,1,1,Pflegefachkraft,0,0.0,-2355,20,19,1,1,1,3369,1,,,,,,0,,0,,3,2,2,1,1348,1,3,2,2,1,1179,1,2,1,2,0,842,0,ST-IK1,Normalstation Innere Medizin / Kardiologie,30,Innere Medizin und Kardiologie,10.0,22.0,06:00,14:00,450,,13:30,21:30,450,F,21:15,06:15,495,F|S,11,10,8,10,30,45,8,38.5,30,0.1,0,2.0.0,20261130
PK-016,2026-11-21,history,-9,Samstag,6,47,1,0,,Pflegefachkraft,Pflegefachkraft,EXAM|KARDIO_MONITORING,1.0,38.5,9240,9240,8316,10164,5,2,2,8,1,1,Pflegefachkraft,0,0.0,-2625,20,19,1,1,1,3369,1,,,,,,0,,0,,3,2,2,1,1348,1,3,2,2,1,1179,1,2,1,2,0,842,0,ST-IK1,Normalstation Innere Medizin / Kardiologie,30,Innere Medizin und Kardiologie,10.0,22.0,06:00,14:00,450,,13:30,21:30,450,F,21:15,06:15,495,F|S,11,10,8,10,30,45,8,38.5,30,0.1,0,2.0.0,20261130
PK-017,2026-11-21,history,-9,Samstag,6,47,1,0,,Pflegefachkraft,Pflegefachkraft,EXAM,0.5,19.25,4620,4620,4158,5082,5,2,2,8,1,1,Pflegefachkraft,0,0.0,-885,20,19,1,1,1,3369,1,,,,,,0,,0,,3,2,2,1,1348,1,3,2,2,1,1179,1,2,1,2,0,842,0,ST-IK1,Normalstation Innere Medizin / Kardiologie,30,Innere Medizin und Kardiologie,10.0,22.0,06:00,14:00,450,,13:30,21:30,450,F,21:15,06:15,495,F|S,11,10,8,10,30,45,8,38.5,30,0.1,0,2.0.0,20261130
AZ-001,2026-11-22,history,-8,Sonntag,7,47,1,0,,Auszubildende_r_3_Ausbildungsjahr,Auszubildende,AUSZUBILDEND,1.0,38.5,9240,9240,8316,10164,5,2,2,8,1,0,nicht anrechenbar,0,0.0,-9240,19,17,1,0,0,3188,1,,,,,,0,,0,,3,2,2,1,1275,1,3,2,2,1,1116,1,2,1,2,0,797,0,ST-IK1,Normalstation Innere Medizin / Kardiologie,30,Innere Medizin und Kardiologie,10.0,22.0,06:00,14:00,450,,13:30,21:30,450,F,21:15,06:15,495,F|S,11,10,8,10,30,45,8,38.5,30,0.1,0,2.0.0,20261130
AZ-002,2026-11-22,history,-8,Sonntag,7,47,1,0,,Auszubildende_r_2_Ausbildungsjahr,Auszubildende,AUSZUBILDEND,1.0,38.5,9240,9240,8316,10164,5,2,2,8,1,0,nicht anrechenbar,0,0.0,-9240,19,17,1,0,0,3188,1,,,,,,0,,0,,3,2,2,1,1275,1,3,2,2,1,1116,1,2,1,2,0,797,0,ST-IK1,Normalstation Innere Medizin / Kardiologie,30,Innere Medizin und Kardiologie,10.0,22.0,06:00,14:00,450,,13:30,21:30,450,F,21:15,06:15,495,F|S,11,10,8,10,30,45,8,38.5,30,0.1,0,2.0.0,20261130
AZ-003,2026-11-22,history,-8,Sonntag,7,47,1,0,,Auszubildende_r_1_Ausbildungsjahr,Auszubildende,AUSZUBILDEND,1.0,38.5,9240,9240,8316,10164,5,2,2,0,0,0,nicht anrechenbar,0,0.0,-9240,19,17,1,0,0,3188,1,,,,,,0,,0,,3,2,2,1,1275,1,3,2,2,1,1116,1,2,1,2,0,797,0,ST-IK1,Normalstation Innere Medizin / Kardiologie,30,Innere Medizin und Kardiologie,10.0,22.0,06:00,14:00,450,,13:30,21:30,450,F,21:15,06:15,495,F|S,11,10,8,10,30,45,8,38.5,30,0.1,0,2.0.0,20261130
PH-001,2026-11-22,history,-8,Sonntag,7,47,1,0,,Pflegehilfskraft,Pflegehilfskraft,PFLEGEHILFE,0.75,28.88,6931,6931,6238,7624,5,2,2,0,0,1,Pflegehilfskraft,0,0.0,-1530,19,17,1,0,0,3188,1,,,,,S,0,,0,,3,2,2,1,1275,1,3,2,2,1,1116,1,2,1,2,0,797,0,ST-IK1,Normalstation Innere Medizin / Kardiologie,30,Innere Medizin und Kardiologie,10.0,22.0,06:00,14:00,450,,13:30,21:30,450,F,21:15,06:15,495,F|S,11,10,8,10,30,45,8,38.5,30,0.1,0,2.0.0,20261130
PH-002,2026-11-22,history,-8,Sonntag,7,47,1,0,,Pflegehilfskraft,Pflegehilfskraft,PFLEGEHILFE,0.5,19.25,4620,4620,4158,5082,5,2,2,0,0,1,Pflegehilfskraft,0,0.0,597,19,17,1,0,0,3188,0,URLAUB,,,,,0,,0,,3,2,2,1,1275,1,3,2,2,1,1116,1,2,1,2,0,797,0,ST-IK1,Normalstation Innere Medizin / Kardiologie,30,Innere Medizin und Kardiologie,10.0,22.0,06:00,14:00,450,,13:30,21:30,450,F,21:15,06:15,495,F|S,11,10,8,10,30,45,8,38.5,30,0.1,0,2.0.0,20261130
PK-001,2026-11-22,history,-8,Sonntag,7,47,1,0,,Stationsleitung,Pflegefachkraft,EXAM|LEITUNG|PRAXISANLEITUNG,1.0,38.5,9240,4620,4158,5082,5,2,2,0,0,1,Pflegefachkraft,1,0.5,2130,19,17,1,0,0,3188,1,,,,,,0,,0,,3,2,2,1,1275,1,3,2,2,1,1116,1,2,1,2,0,797,0,ST-IK1,Normalstation Innere Medizin / Kardiologie,30,Innere Medizin und Kardiologie,10.0,22.0,06:00,14:00,450,,13:30,21:30,450,F,21:15,06:15,495,F|S,11,10,8,10,30,45,8,38.5,30,0.1,0,2.0.0,20261130
PK-002,2026-11-22,history,-8,Sonntag,7,47,1,0,,Pflegefachkraft,Pflegefachkraft,EXAM|PRAXISANLEITUNG|KARDIO_MONITORING,0.5,19.25,4620,4620,4158,5082,5,2,2,8,1,1,Pflegefachkraft,0,0.0,-885,19,17,1,0,0,3188,1,,,,,N,0,,0,,3,2,2,1,1275,1,3,2,2,1,1116,1,2,1,2,0,797,0,ST-IK1,Normalstation Innere Medizin / Kardiologie,30,Innere Medizin und Kardiologie,10.0,22.0,06:00,14:00,450,,13:30,21:30,450,F,21:15,06:15,495,F|S,11,10,8,10,30,45,8,38.5,30,0.1,0,2.0.0,20261130
PK-003,2026-11-22,history,-8,Sonntag,7,47,1,0,,Pflegefachkraft,Pflegefachkraft,EXAM,0.75,28.88,6931,6931,6238,7624,5,2,2,8,1,1,Pflegefachkraft,0,0.0,-1890,19,17,1,0,0,3188,1,,,,,S,0,,0,,3,2,2,1,1275,1,3,2,2,1,1116,1,2,1,2,0,797,0,ST-IK1,Normalstation Innere Medizin / Kardiologie,30,Innere Medizin und Kardiologie,10.0,22.0,06:00,14:00,450,,13:30,21:30,450,F,21:15,06:15,495,F|S,11,10,8,10,30,45,8,38.5,30,0.1,0,2.0.0,20261130
PK-004,2026-11-22,history,-8,Sonntag,7,47,1,0,,Pflegefachkraft,Pflegefachkraft,EXAM,0.75,28.88,6931,6931,6238,7624,5,2,2,8,1,1,Pflegefachkraft,0,0.0,-1890,19,17,1,0,0,3188,1,,,,,,0,,0,,3,2,2,1,1275,1,3,2,2,1,1116,1,2,1,2,0,797,0,ST-IK1,Normalstation Innere Medizin / Kardiologie,30,Innere Medizin und Kardiologie,10.0,22.0,06:00,14:00,450,,13:30,21:30,450,F,21:15,06:15,495,F|S,11,10,8,10,30,45,8,38.5,30,0.1,0,2.0.0,20261130
PK-005,2026-11-22,history,-8,Sonntag,7,47,1,0,,Pflegefachkraft,Pflegefachkraft,EXAM,0.6,23.1,5544,5544,4990,6098,5,2,2,8,1,1,Pflegefachkraft,0,0.0,-1449,19,17,1,0,0,3188,1,,,,,,0,,0,,3,2,2,1,1275,1,3,2,2,1,1116,1,2,1,2,0,797,0,ST-IK1,Normalstation Innere Medizin / Kardiologie,30,Innere Medizin und Kardiologie,10.0,22.0,06:00,14:00,450,,13:30,21:30,450,F,21:15,06:15,495,F|S,11,10,8,10,30,45,8,38.5,30,0.1,0,2.0.0,20261130
PK-006,2026-11-22,history,-8,Sonntag,7,47,1,0,,Pflegefachkraft,Pflegefachkraft,EXAM,1.0,38.5,9240,9240,8316,10164,5,2,2,8,1,1,Pflegefachkraft,0,0.0,-2670,19,17,1,0,0,3188,1,,,,,N,0,,0,,3,2,2,1,1275,1,3,2,2,1,1116,1,2,1,2,0,797,0,ST-IK1,Normalstation Innere Medizin / Kardiologie,30,Innere Medizin und Kardiologie,10.0,22.0,06:00,14:00,450,,13:30,21:30,450,F,21:15,06:15,495,F|S,11,10,8,10,30,45,8,38.5,30,0.1,0,2.0.0,20261130
PK-007,2026-11-22,history,-8,Sonntag,7,47,1,0,,Pflegefachkraft,Pflegefachkraft,EXAM|PRAXISANLEITUNG,1.0,38.5,9240,9240,8316,10164,5,2,2,8,1,1,Pflegefachkraft,0,0.0,-2175,19,17,1,0,0,3188,1,,,,,S,0,,0,,3,2,2,1,1275,1,3,2,2,1,1116,1,2,1,2,0,797,0,ST-IK1,Normalstation Innere Medizin / Kardiologie,30,Innere Medizin und Kardiologie,10.0,22.0,06:00,14:00,450,,13:30,21:30,450,F,21:15,06:15,495,F|S,11,10,8,10,30,45,8,38.5,30,0.1,0,2.0.0,20261130
PK-008,2026-11-22,history,-8,Sonntag,7,47,1,0,,Pflegefachkraft,Pflegefachkraft,EXAM,0.6,23.1,5544,5544,4990,6098,5,2,2,8,1,1,Pflegefachkraft,0,0.0,-1449,19,17,1,0,0,3188,1,,,,,,0,,0,,3,2,2,1,1275,1,3,2,2,1,1116,1,2,1,2,0,797,0,ST-IK1,Normalstation Innere Medizin / Kardiologie,30,Innere Medizin und Kardiologie,10.0,22.0,06:00,14:00,450,,13:30,21:30,450,F,21:15,06:15,495,F|S,11,10,8,10,30,45,8,38.5,30,0.1,0,2.0.0,20261130
PK-009,2026-11-22,history,-8,Sonntag,7,47,1,0,,Pflegefachkraft,Pflegefachkraft,EXAM,1.0,38.5,9240,9240,8316,10164,5,2,2,8,1,1,Pflegefachkraft,0,0.0,-2445,19,17,1,0,0,3188,1,,,,,,0,,0,,3,2,2,1,1275,1,3,2,2,1,1116,1,2,1,2,0,797,0,ST-IK1,Normalstation Innere Medizin / Kardiologie,30,Innere Medizin und Kardiologie,10.0,22.0,06:00,14:00,450,,13:30,21:30,450,F,21:15,06:15,495,F|S,11,10,8,10,30,45,8,38.5,30,0.1,0,2.0.0,20261130
PK-010,2026-11-22,history,-8,Sonntag,7,47,1,0,,Pflegefachkraft,Pflegefachkraft,EXAM,0.8,30.8,7392,7392,6653,8131,5,2,2,8,1,1,Pflegefachkraft,0,0.0,-1947,19,17,1,0,0,3188,1,,,,,,0,,0,,3,2,2,1,1275,1,3,2,2,1,1116,1,2,1,2,0,797,0,ST-IK1,Normalstation Innere Medizin / Kardiologie,30,Innere Medizin und Kardiologie,10.0,22.0,06:00,14:00,450,,13:30,21:30,450,F,21:15,06:15,495,F|S,11,10,8,10,30,45,8,38.5,30,0.1,0,2.0.0,20261130
PK-011,2026-11-22,history,-8,Sonntag,7,47,1,0,,Pflegefachkraft,Pflegefachkraft,EXAM|PRAXISANLEITUNG|KARDIO_MONITORING,1.0,38.5,9240,9240,8316,10164,5,2,2,8,1,1,Pflegefachkraft,0,0.0,-2445,19,17,1,0,0,3188,1,,,,,,0,,0,,3,2,2,1,1275,1,3,2,2,1,1116,1,2,1,2,0,797,0,ST-IK1,Normalstation Innere Medizin / Kardiologie,30,Innere Medizin und Kardiologie,10.0,22.0,06:00,14:00,450,,13:30,21:30,450,F,21:15,06:15,495,F|S,11,10,8,10,30,45,8,38.5,30,0.1,0,2.0.0,20261130
PK-012,2026-11-22,history,-8,Sonntag,7,47,1,0,,Pflegefachkraft,Pflegefachkraft,EXAM,1.0,38.5,9240,9240,8316,10164,5,2,2,8,1,1,Pflegefachkraft,0,0.0,1104,19,17,1,0,0,3188,1,,,,,,0,,0,,3,2,2,1,1275,1,3,2,2,1,1116,1,2,1,2,0,797,0,ST-IK1,Normalstation Innere Medizin / Kardiologie,30,Innere Medizin und Kardiologie,10.0,22.0,06:00,14:00,450,,13:30,21:30,450,F,21:15,06:15,495,F|S,11,10,8,10,30,45,8,38.5,30,0.1,0,2.0.0,20261130
PK-013,2026-11-22,history,-8,Sonntag,7,47,1,0,,Pflegefachkraft,Pflegefachkraft,EXAM|PRAXISANLEITUNG|KARDIO_MONITORING,1.0,38.5,9240,9240,8316,10164,5,2,2,8,1,1,Pflegefachkraft,0,0.0,1104,19,17,1,0,0,3188,1,,,,,,0,,0,,3,2,2,1,1275,1,3,2,2,1,1116,1,2,1,2,0,797,0,ST-IK1,Normalstation Innere Medizin / Kardiologie,30,Innere Medizin und Kardiologie,10.0,22.0,06:00,14:00,450,,13:30,21:30,450,F,21:15,06:15,495,F|S,11,10,8,10,30,45,8,38.5,30,0.1,0,2.0.0,20261130
PK-014,2026-11-22,history,-8,Sonntag,7,47,1,0,,Pflegefachkraft,Pflegefachkraft,EXAM|PRAXISANLEITUNG,0.9,34.65,8316,8316,7484,9148,5,2,2,8,1,1,Pflegefachkraft,0,0.0,-1926,19,17,1,0,0,3188,1,,,,,,0,,0,,3,2,2,1,1275,1,3,2,2,1,1116,1,2,1,2,0,797,0,ST-IK1,Normalstation Innere Medizin / Kardiologie,30,Innere Medizin und Kardiologie,10.0,22.0,06:00,14:00,450,,13:30,21:30,450,F,21:15,06:15,495,F|S,11,10,8,10,30,45,8,38.5,30,0.1,0,2.0.0,20261130
PK-015,2026-11-22,history,-8,Sonntag,7,47,1,0,,Pflegefachkraft,Pflegefachkraft,EXAM|KARDIO_MONITORING,1.0,38.5,9240,9240,8316,10164,5,2,2,8,1,1,Pflegefachkraft,0,0.0,-2355,19,17,1,0,0,3188,1,,,,,F,0,,0,,3,2,2,1,1275,1,3,2,2,1,1116,1,2,1,2,0,797,0,ST-IK1,Normalstation Innere Medizin / Kardiologie,30,Innere Medizin und Kardiologie,10.0,22.0,06:00,14:00,450,,13:30,21:30,450,F,21:15,06:15,495,F|S,11,10,8,10,30,45,8,38.5,30,0.1,0,2.0.0,20261130
PK-016,2026-11-22,history,-8,Sonntag,7,47,1,0,,Pflegefachkraft,Pflegefachkraft,EXAM|KARDIO_MONITORING,1.0,38.5,9240,9240,8316,10164,5,2,2,8,1,1,Pflegefachkraft,0,0.0,-2625,19,17,1,0,0,3188,1,,,,,F,0,,0,,3,2,2,1,1275,1,3,2,2,1,1116,1,2,1,2,0,797,0,ST-IK1,Normalstation Innere Medizin / Kardiologie,30,Innere Medizin und Kardiologie,10.0,22.0,06:00,14:00,450,,13:30,21:30,450,F,21:15,06:15,495,F|S,11,10,8,10,30,45,8,38.5,30,0.1,0,2.0.0,20261130
PK-017,2026-11-22,history,-8,Sonntag,7,47,1,0,,Pflegefachkraft,Pflegefachkraft,EXAM,0.5,19.25,4620,4620,4158,5082,5,2,2,8,1,1,Pflegefachkraft,0,0.0,-885,19,17,1,0,0,3188,1,,,,,F,0,,0,,3,2,2,1,1275,1,3,2,2,1,1116,1,2,1,2,0,797,0,ST-IK1,Normalstation Innere Medizin / Kardiologie,30,Innere Medizin und Kardiologie,10.0,22.0,06:00,14:00,450,,13:30,21:30,450,F,21:15,06:15,495,F|S,11,10,8,10,30,45,8,38.5,30,0.1,0,2.0.0,20261130
AZ-001,2026-11-23,history,-7,Montag,1,48,0,0,,Auszubildende_r_3_Ausbildungsjahr,Auszubildende,AUSZUBILDEND,1.0,38.5,9240,9240,8316,10164,5,2,2,8,1,0,nicht anrechenbar,0,0.0,-9240,25,23,1,1,2,4401,1,,,,,,0,,0,,4,3,3,1,1760,1,3,3,2,1,1540,1,2,2,2,0,1100,0,ST-IK1,Normalstation Innere Medizin / Kardiologie,30,Innere Medizin und Kardiologie,10.0,22.0,06:00,14:00,450,,13:30,21:30,450,F,21:15,06:15,495,F|S,11,10,8,10,30,45,8,38.5,30,0.1,0,2.0.0,20261130
AZ-002,2026-11-23,history,-7,Montag,1,48,0,0,,Auszubildende_r_2_Ausbildungsjahr,Auszubildende,AUSZUBILDEND,1.0,38.5,9240,9240,8316,10164,5,2,2,8,1,0,nicht anrechenbar,0,0.0,-9240,25,23,1,1,2,4401,1,,,,,,0,,0,,4,3,3,1,1760,1,3,3,2,1,1540,1,2,2,2,0,1100,0,ST-IK1,Normalstation Innere Medizin / Kardiologie,30,Innere Medizin und Kardiologie,10.0,22.0,06:00,14:00,450,,13:30,21:30,450,F,21:15,06:15,495,F|S,11,10,8,10,30,45,8,38.5,30,0.1,0,2.0.0,20261130
AZ-003,2026-11-23,history,-7,Montag,1,48,0,0,,Auszubildende_r_1_Ausbildungsjahr,Auszubildende,AUSZUBILDEND,1.0,38.5,9240,9240,8316,10164,5,2,2,0,0,0,nicht anrechenbar,0,0.0,-9240,25,23,1,1,2,4401,1,,,,,,0,,0,,4,3,3,1,1760,1,3,3,2,1,1540,1,2,2,2,0,1100,0,ST-IK1,Normalstation Innere Medizin / Kardiologie,30,Innere Medizin und Kardiologie,10.0,22.0,06:00,14:00,450,,13:30,21:30,450,F,21:15,06:15,495,F|S,11,10,8,10,30,45,8,38.5,30,0.1,0,2.0.0,20261130
PH-001,2026-11-23,history,-7,Montag,1,48,0,0,,Pflegehilfskraft,Pflegehilfskraft,PFLEGEHILFE,0.75,28.88,6931,6931,6238,7624,5,2,2,0,0,1,Pflegehilfskraft,0,0.0,-1530,25,23,1,1,2,4401,1,,,,,,0,,0,,4,3,3,1,1760,1,3,3,2,1,1540,1,2,2,2,0,1100,0,ST-IK1,Normalstation Innere Medizin / Kardiologie,30,Innere Medizin und Kardiologie,10.0,22.0,06:00,14:00,450,,13:30,21:30,450,F,21:15,06:15,495,F|S,11,10,8,10,30,45,8,38.5,30,0.1,0,2.0.0,20261130
PH-002,2026-11-23,history,-7,Montag,1,48,0,0,,Pflegehilfskraft,Pflegehilfskraft,PFLEGEHILFE,0.5,19.25,4620,4620,4158,5082,5,2,2,0,0,1,Pflegehilfskraft,0,0.0,597,25,23,1,1,2,4401,0,URLAUB,,,,,0,,0,,4,3,3,1,1760,1,3,3,2,1,1540,1,2,2,2,0,1100,0,ST-IK1,Normalstation Innere Medizin / Kardiologie,30,Innere Medizin und Kardiologie,10.0,22.0,06:00,14:00,450,,13:30,21:30,450,F,21:15,06:15,495,F|S,11,10,8,10,30,45,8,38.5,30,0.1,0,2.0.0,20261130
PK-001,2026-11-23,history,-7,Montag,1,48,0,0,,Stationsleitung,Pflegefachkraft,EXAM|LEITUNG|PRAXISANLEITUNG,1.0,38.5,9240,4620,4158,5082,5,2,2,0,0,1,Pflegefachkraft,1,0.5,2130,25,23,1,1,2,4401,1,,,,,F,0,,0,,4,3,3,1,1760,1,3,3,2,1,1540,1,2,2,2,0,1100,0,ST-IK1,Normalstation Innere Medizin / Kardiologie,30,Innere Medizin und Kardiologie,10.0,22.0,06:00,14:00,450,,13:30,21:30,450,F,21:15,06:15,495,F|S,11,10,8,10,30,45,8,38.5,30,0.1,0,2.0.0,20261130
PK-002,2026-11-23,history,-7,Montag,1,48,0,0,,Pflegefachkraft,Pflegefachkraft,EXAM|PRAXISANLEITUNG|KARDIO_MONITORING,0.5,19.25,4620,4620,4158,5082,5,2,2,8,1,1,Pflegefachkraft,0,0.0,-885,25,23,1,1,2,4401,1,,,,,,0,,0,,4,3,3,1,1760,1,3,3,2,1,1540,1,2,2,2,0,1100,0,ST-IK1,Normalstation Innere Medizin / Kardiologie,30,Innere Medizin und Kardiologie,10.0,22.0,06:00,14:00,450,,13:30,21:30,450,F,21:15,06:15,495,F|S,11,10,8,10,30,45,8,38.5,30,0.1,0,2.0.0,20261130
PK-003,2026-11-23,history,-7,Montag,1,48,0,0,,Pflegefachkraft,Pflegefachkraft,EXAM,0.75,28.88,6931,6931,6238,7624,5,2,2,8,1,1,Pflegefachkraft,0,0.0,-1890,25,23,1,1,2,4401,1,,,,,,0,,0,,4,3,3,1,1760,1,3,3,2,1,1540,1,2,2,2,0,1100,0,ST-IK1,Normalstation Innere Medizin / Kardiologie,30,Innere Medizin und Kardiologie,10.0,22.0,06:00,14:00,450,,13:30,21:30,450,F,21:15,06:15,495,F|S,11,10,8,10,30,45,8,38.5,30,0.1,0,2.0.0,20261130
PK-004,2026-11-23,history,-7,Montag,1,48,0,0,,Pflegefachkraft,Pflegefachkraft,EXAM,0.75,28.88,6931,6931,6238,7624,5,2,2,8,1,1,Pflegefachkraft,0,0.0,-1890,25,23,1,1,2,4401,1,,,,,N,0,,0,,4,3,3,1,1760,1,3,3,2,1,1540,1,2,2,2,0,1100,0,ST-IK1,Normalstation Innere Medizin / Kardiologie,30,Innere Medizin und Kardiologie,10.0,22.0,06:00,14:00,450,,13:30,21:30,450,F,21:15,06:15,495,F|S,11,10,8,10,30,45,8,38.5,30,0.1,0,2.0.0,20261130
PK-005,2026-11-23,history,-7,Montag,1,48,0,0,,Pflegefachkraft,Pflegefachkraft,EXAM,0.6,23.1,5544,5544,4990,6098,5,2,2,8,1,1,Pflegefachkraft,0,0.0,-1449,25,23,1,1,2,4401,1,,,,,,0,,0,,4,3,3,1,1760,1,3,3,2,1,1540,1,2,2,2,0,1100,0,ST-IK1,Normalstation Innere Medizin / Kardiologie,30,Innere Medizin und Kardiologie,10.0,22.0,06:00,14:00,450,,13:30,21:30,450,F,21:15,06:15,495,F|S,11,10,8,10,30,45,8,38.5,30,0.1,0,2.0.0,20261130
PK-006,2026-11-23,history,-7,Montag,1,48,0,0,,Pflegefachkraft,Pflegefachkraft,EXAM,1.0,38.5,9240,9240,8316,10164,5,2,2,8,1,1,Pflegefachkraft,0,0.0,-2670,25,23,1,1,2,4401,1,,,,,,0,,0,,4,3,3,1,1760,1,3,3,2,1,1540,1,2,2,2,0,1100,0,ST-IK1,Normalstation Innere Medizin / Kardiologie,30,Innere Medizin und Kardiologie,10.0,22.0,06:00,14:00,450,,13:30,21:30,450,F,21:15,06:15,495,F|S,11,10,8,10,30,45,8,38.5,30,0.1,0,2.0.0,20261130
PK-007,2026-11-23,history,-7,Montag,1,48,0,0,,Pflegefachkraft,Pflegefachkraft,EXAM|PRAXISANLEITUNG,1.0,38.5,9240,9240,8316,10164,5,2,2,8,1,1,Pflegefachkraft,0,0.0,-2175,25,23,1,1,2,4401,1,,,,,,0,,0,,4,3,3,1,1760,1,3,3,2,1,1540,1,2,2,2,0,1100,0,ST-IK1,Normalstation Innere Medizin / Kardiologie,30,Innere Medizin und Kardiologie,10.0,22.0,06:00,14:00,450,,13:30,21:30,450,F,21:15,06:15,495,F|S,11,10,8,10,30,45,8,38.5,30,0.1,0,2.0.0,20261130
PK-008,2026-11-23,history,-7,Montag,1,48,0,0,,Pflegefachkraft,Pflegefachkraft,EXAM,0.6,23.1,5544,5544,4990,6098,5,2,2,8,1,1,Pflegefachkraft,0,0.0,-1449,25,23,1,1,2,4401,1,,,,,,0,,0,,4,3,3,1,1760,1,3,3,2,1,1540,1,2,2,2,0,1100,0,ST-IK1,Normalstation Innere Medizin / Kardiologie,30,Innere Medizin und Kardiologie,10.0,22.0,06:00,14:00,450,,13:30,21:30,450,F,21:15,06:15,495,F|S,11,10,8,10,30,45,8,38.5,30,0.1,0,2.0.0,20261130
PK-009,2026-11-23,history,-7,Montag,1,48,0,0,,Pflegefachkraft,Pflegefachkraft,EXAM,1.0,38.5,9240,9240,8316,10164,5,2,2,8,1,1,Pflegefachkraft,0,0.0,-2445,25,23,1,1,2,4401,1,,,,,F,0,,0,,4,3,3,1,1760,1,3,3,2,1,1540,1,2,2,2,0,1100,0,ST-IK1,Normalstation Innere Medizin / Kardiologie,30,Innere Medizin und Kardiologie,10.0,22.0,06:00,14:00,450,,13:30,21:30,450,F,21:15,06:15,495,F|S,11,10,8,10,30,45,8,38.5,30,0.1,0,2.0.0,20261130
PK-010,2026-11-23,history,-7,Montag,1,48,0,0,,Pflegefachkraft,Pflegefachkraft,EXAM,0.8,30.8,7392,7392,6653,8131,5,2,2,8,1,1,Pflegefachkraft,0,0.0,-1947,25,23,1,1,2,4401,1,,,,,S,0,,0,,4,3,3,1,1760,1,3,3,2,1,1540,1,2,2,2,0,1100,0,ST-IK1,Normalstation Innere Medizin / Kardiologie,30,Innere Medizin und Kardiologie,10.0,22.0,06:00,14:00,450,,13:30,21:30,450,F,21:15,06:15,495,F|S,11,10,8,10,30,45,8,38.5,30,0.1,0,2.0.0,20261130
PK-011,2026-11-23,history,-7,Montag,1,48,0,0,,Pflegefachkraft,Pflegefachkraft,EXAM|PRAXISANLEITUNG|KARDIO_MONITORING,1.0,38.5,9240,9240,8316,10164,5,2,2,8,1,1,Pflegefachkraft,0,0.0,-2445,25,23,1,1,2,4401,1,,,,,F,0,,0,,4,3,3,1,1760,1,3,3,2,1,1540,1,2,2,2,0,1100,0,ST-IK1,Normalstation Innere Medizin / Kardiologie,30,Innere Medizin und Kardiologie,10.0,22.0,06:00,14:00,450,,13:30,21:30,450,F,21:15,06:15,495,F|S,11,10,8,10,30,45,8,38.5,30,0.1,0,2.0.0,20261130
PK-012,2026-11-23,history,-7,Montag,1,48,0,0,,Pflegefachkraft,Pflegefachkraft,EXAM,1.0,38.5,9240,9240,8316,10164,5,2,2,8,1,1,Pflegefachkraft,0,0.0,1104,25,23,1,1,2,4401,1,,,,,F,0,,0,,4,3,3,1,1760,1,3,3,2,1,1540,1,2,2,2,0,1100,0,ST-IK1,Normalstation Innere Medizin / Kardiologie,30,Innere Medizin und Kardiologie,10.0,22.0,06:00,14:00,450,,13:30,21:30,450,F,21:15,06:15,495,F|S,11,10,8,10,30,45,8,38.5,30,0.1,0,2.0.0,20261130
PK-013,2026-11-23,history,-7,Montag,1,48,0,0,,Pflegefachkraft,Pflegefachkraft,EXAM|PRAXISANLEITUNG|KARDIO_MONITORING,1.0,38.5,9240,9240,8316,10164,5,2,2,8,1,1,Pflegefachkraft,0,0.0,1104,25,23,1,1,2,4401,1,,,,,N,0,,0,,4,3,3,1,1760,1,3,3,2,1,1540,1,2,2,2,0,1100,0,ST-IK1,Normalstation Innere Medizin / Kardiologie,30,Innere Medizin und Kardiologie,10.0,22.0,06:00,14:00,450,,13:30,21:30,450,F,21:15,06:15,495,F|S,11,10,8,10,30,45,8,38.5,30,0.1,0,2.0.0,20261130
PK-014,2026-11-23,history,-7,Montag,1,48,0,0,,Pflegefachkraft,Pflegefachkraft,EXAM|PRAXISANLEITUNG,0.9,34.65,8316,8316,7484,9148,5,2,2,8,1,1,Pflegefachkraft,0,0.0,-1926,25,23,1,1,2,4401,1,,,,,S,0,,0,,4,3,3,1,1760,1,3,3,2,1,1540,1,2,2,2,0,1100,0,ST-IK1,Normalstation Innere Medizin / Kardiologie,30,Innere Medizin und Kardiologie,10.0,22.0,06:00,14:00,450,,13:30,21:30,450,F,21:15,06:15,495,F|S,11,10,8,10,30,45,8,38.5,30,0.1,0,2.0.0,20261130
PK-015,2026-11-23,history,-7,Montag,1,48,0,0,,Pflegefachkraft,Pflegefachkraft,EXAM|KARDIO_MONITORING,1.0,38.5,9240,9240,8316,10164,5,2,2,8,1,1,Pflegefachkraft,0,0.0,-2355,25,23,1,1,2,4401,1,,,,,S,0,,0,,4,3,3,1,1760,1,3,3,2,1,1540,1,2,2,2,0,1100,0,ST-IK1,Normalstation Innere Medizin / Kardiologie,30,Innere Medizin und Kardiologie,10.0,22.0,06:00,14:00,450,,13:30,21:30,450,F,21:15,06:15,495,F|S,11,10,8,10,30,45,8,38.5,30,0.1,0,2.0.0,20261130
PK-016,2026-11-23,history,-7,Montag,1,48,0,0,,Pflegefachkraft,Pflegefachkraft,EXAM|KARDIO_MONITORING,1.0,38.5,9240,9240,8316,10164,5,2,2,8,1,1,Pflegefachkraft,0,0.0,-2625,25,23,1,1,2,4401,1,,,,,,0,,0,,4,3,3,1,1760,1,3,3,2,1,1540,1,2,2,2,0,1100,0,ST-IK1,Normalstation Innere Medizin / Kardiologie,30,Innere Medizin und Kardiologie,10.0,22.0,06:00,14:00,450,,13:30,21:30,450,F,21:15,06:15,495,F|S,11,10,8,10,30,45,8,38.5,30,0.1,0,2.0.0,20261130
PK-017,2026-11-23,history,-7,Montag,1,48,0,0,,Pflegefachkraft,Pflegefachkraft,EXAM,0.5,19.25,4620,4620,4158,5082,5,2,2,8,1,1,Pflegefachkraft,0,0.0,-885,25,23,1,1,2,4401,1,,,,,,0,,0,,4,3,3,1,1760,1,3,3,2,1,1540,1,2,2,2,0,1100,0,ST-IK1,Normalstation Innere Medizin / Kardiologie,30,Innere Medizin und Kardiologie,10.0,22.0,06:00,14:00,450,,13:30,21:30,450,F,21:15,06:15,495,F|S,11,10,8,10,30,45,8,38.5,30,0.1,0,2.0.0,20261130
AZ-001,2026-11-24,history,-6,Dienstag,2,48,0,0,,Auszubildende_r_3_Ausbildungsjahr,Auszubildende,AUSZUBILDEND,1.0,38.5,9240,9240,8316,10164,5,2,2,8,1,0,nicht anrechenbar,0,0.0,-9240,23,23,4,5,2,4123,1,,,,,,0,,0,,4,3,3,1,1649,1,3,3,2,1,1443,1,2,2,2,0,1031,0,ST-IK1,Normalstation Innere Medizin / Kardiologie,30,Innere Medizin und Kardiologie,10.0,22.0,06:00,14:00,450,,13:30,21:30,450,F,21:15,06:15,495,F|S,11,10,8,10,30,45,8,38.5,30,0.1,0,2.0.0,20261130
AZ-002,2026-11-24,history,-6,Dienstag,2,48,0,0,,Auszubildende_r_2_Ausbildungsjahr,Auszubildende,AUSZUBILDEND,1.0,38.5,9240,9240,8316,10164,5,2,2,8,1,0,nicht anrechenbar,0,0.0,-9240,23,23,4,5,2,4123,1,,,,,,0,,0,,4,3,3,1,1649,1,3,3,2,1,1443,1,2,2,2,0,1031,0,ST-IK1,Normalstation Innere Medizin / Kardiologie,30,Innere Medizin und Kardiologie,10.0,22.0,06:00,14:00,450,,13:30,21:30,450,F,21:15,06:15,495,F|S,11,10,8,10,30,45,8,38.5,30,0.1,0,2.0.0,20261130
AZ-003,2026-11-24,history,-6,Dienstag,2,48,0,0,,Auszubildende_r_1_Ausbildungsjahr,Auszubildende,AUSZUBILDEND,1.0,38.5,9240,9240,8316,10164,5,2,2,0,0,0,nicht anrechenbar,0,0.0,-9240,23,23,4,5,2,4123,1,,,,,,0,,0,,4,3,3,1,1649,1,3,3,2,1,1443,1,2,2,2,0,1031,0,ST-IK1,Normalstation Innere Medizin / Kardiologie,30,Innere Medizin und Kardiologie,10.0,22.0,06:00,14:00,450,,13:30,21:30,450,F,21:15,06:15,495,F|S,11,10,8,10,30,45,8,38.5,30,0.1,0,2.0.0,20261130
PH-001,2026-11-24,history,-6,Dienstag,2,48,0,0,,Pflegehilfskraft,Pflegehilfskraft,PFLEGEHILFE,0.75,28.88,6931,6931,6238,7624,5,2,2,0,0,1,Pflegehilfskraft,0,0.0,-1530,23,23,4,5,2,4123,1,,,,,S,0,,0,,4,3,3,1,1649,1,3,3,2,1,1443,1,2,2,2,0,1031,0,ST-IK1,Normalstation Innere Medizin / Kardiologie,30,Innere Medizin und Kardiologie,10.0,22.0,06:00,14:00,450,,13:30,21:30,450,F,21:15,06:15,495,F|S,11,10,8,10,30,45,8,38.5,30,0.1,0,2.0.0,20261130
PH-002,2026-11-24,history,-6,Dienstag,2,48,0,0,,Pflegehilfskraft,Pflegehilfskraft,PFLEGEHILFE,0.5,19.25,4620,4620,4158,5082,5,2,2,0,0,1,Pflegehilfskraft,0,0.0,597,23,23,4,5,2,4123,0,URLAUB,,,,,0,,0,,4,3,3,1,1649,1,3,3,2,1,1443,1,2,2,2,0,1031,0,ST-IK1,Normalstation Innere Medizin / Kardiologie,30,Innere Medizin und Kardiologie,10.0,22.0,06:00,14:00,450,,13:30,21:30,450,F,21:15,06:15,495,F|S,11,10,8,10,30,45,8,38.5,30,0.1,0,2.0.0,20261130
PK-001,2026-11-24,history,-6,Dienstag,2,48,0,0,,Stationsleitung,Pflegefachkraft,EXAM|LEITUNG|PRAXISANLEITUNG,1.0,38.5,9240,4620,4158,5082,5,2,2,0,0,1,Pflegefachkraft,1,0.5,2130,23,23,4,5,2,4123,1,,,,,,0,,0,,4,3,3,1,1649,1,3,3,2,1,1443,1,2,2,2,0,1031,0,ST-IK1,Normalstation Innere Medizin / Kardiologie,30,Innere Medizin und Kardiologie,10.0,22.0,06:00,14:00,450,,13:30,21:30,450,F,21:15,06:15,495,F|S,11,10,8,10,30,45,8,38.5,30,0.1,0,2.0.0,20261130
PK-002,2026-11-24,history,-6,Dienstag,2,48,0,0,,Pflegefachkraft,Pflegefachkraft,EXAM|PRAXISANLEITUNG|KARDIO_MONITORING,0.5,19.25,4620,4620,4158,5082,5,2,2,8,1,1,Pflegefachkraft,0,0.0,-885,23,23,4,5,2,4123,1,,,,,,0,,0,,4,3,3,1,1649,1,3,3,2,1,1443,1,2,2,2,0,1031,0,ST-IK1,Normalstation Innere Medizin / Kardiologie,30,Innere Medizin und Kardiologie,10.0,22.0,06:00,14:00,450,,13:30,21:30,450,F,21:15,06:15,495,F|S,11,10,8,10,30,45,8,38.5,30,0.1,0,2.0.0,20261130
PK-003,2026-11-24,history,-6,Dienstag,2,48,0,0,,Pflegefachkraft,Pflegefachkraft,EXAM,0.75,28.88,6931,6931,6238,7624,5,2,2,8,1,1,Pflegefachkraft,0,0.0,-1890,23,23,4,5,2,4123,1,,,,,,0,,0,,4,3,3,1,1649,1,3,3,2,1,1443,1,2,2,2,0,1031,0,ST-IK1,Normalstation Innere Medizin / Kardiologie,30,Innere Medizin und Kardiologie,10.0,22.0,06:00,14:00,450,,13:30,21:30,450,F,21:15,06:15,495,F|S,11,10,8,10,30,45,8,38.5,30,0.1,0,2.0.0,20261130
PK-004,2026-11-24,history,-6,Dienstag,2,48,0,0,,Pflegefachkraft,Pflegefachkraft,EXAM,0.75,28.88,6931,6931,6238,7624,5,2,2,8,1,1,Pflegefachkraft,0,0.0,-1890,23,23,4,5,2,4123,1,,,,,,0,,0,,4,3,3,1,1649,1,3,3,2,1,1443,1,2,2,2,0,1031,0,ST-IK1,Normalstation Innere Medizin / Kardiologie,30,Innere Medizin und Kardiologie,10.0,22.0,06:00,14:00,450,,13:30,21:30,450,F,21:15,06:15,495,F|S,11,10,8,10,30,45,8,38.5,30,0.1,0,2.0.0,20261130
PK-005,2026-11-24,history,-6,Dienstag,2,48,0,0,,Pflegefachkraft,Pflegefachkraft,EXAM,0.6,23.1,5544,5544,4990,6098,5,2,2,8,1,1,Pflegefachkraft,0,0.0,-1449,23,23,4,5,2,4123,1,,,,,F,0,,0,,4,3,3,1,1649,1,3,3,2,1,1443,1,2,2,2,0,1031,0,ST-IK1,Normalstation Innere Medizin / Kardiologie,30,Innere Medizin und Kardiologie,10.0,22.0,06:00,14:00,450,,13:30,21:30,450,F,21:15,06:15,495,F|S,11,10,8,10,30,45,8,38.5,30,0.1,0,2.0.0,20261130
PK-006,2026-11-24,history,-6,Dienstag,2,48,0,0,,Pflegefachkraft,Pflegefachkraft,EXAM,1.0,38.5,9240,9240,8316,10164,5,2,2,8,1,1,Pflegefachkraft,0,0.0,-2670,23,23,4,5,2,4123,1,,,,,N,0,,0,,4,3,3,1,1649,1,3,3,2,1,1443,1,2,2,2,0,1031,0,ST-IK1,Normalstation Innere Medizin / Kardiologie,30,Innere Medizin und Kardiologie,10.0,22.0,06:00,14:00,450,,13:30,21:30,450,F,21:15,06:15,495,F|S,11,10,8,10,30,45,8,38.5,30,0.1,0,2.0.0,20261130
PK-007,2026-11-24,history,-6,Dienstag,2,48,0,0,,Pflegefachkraft,Pflegefachkraft,EXAM|PRAXISANLEITUNG,1.0,38.5,9240,9240,8316,10164,5,2,2,8,1,1,Pflegefachkraft,0,0.0,-2175,23,23,4,5,2,4123,1,,,,,F,0,,0,,4,3,3,1,1649,1,3,3,2,1,1443,1,2,2,2,0,1031,0,ST-IK1,Normalstation Innere Medizin / Kardiologie,30,Innere Medizin und Kardiologie,10.0,22.0,06:00,14:00,450,,13:30,21:30,450,F,21:15,06:15,495,F|S,11,10,8,10,30,45,8,38.5,30,0.1,0,2.0.0,20261130
PK-008,2026-11-24,history,-6,Dienstag,2,48,0,0,,Pflegefachkraft,Pflegefachkraft,EXAM,0.6,23.1,5544,5544,4990,6098,5,2,2,8,1,1,Pflegefachkraft,0,0.0,-1449,23,23,4,5,2,4123,1,,,,,F,0,,0,,4,3,3,1,1649,1,3,3,2,1,1443,1,2,2,2,0,1031,0,ST-IK1,Normalstation Innere Medizin / Kardiologie,30,Innere Medizin und Kardiologie,10.0,22.0,06:00,14:00,450,,13:30,21:30,450,F,21:15,06:15,495,F|S,11,10,8,10,30,45,8,38.5,30,0.1,0,2.0.0,20261130
PK-009,2026-11-24,history,-6,Dienstag,2,48,0,0,,Pflegefachkraft,Pflegefachkraft,EXAM,1.0,38.5,9240,9240,8316,10164,5,2,2,8,1,1,Pflegefachkraft,0,0.0,-2445,23,23,4,5,2,4123,1,,,,,S,0,,0,,4,3,3,1,1649,1,3,3,2,1,1443,1,2,2,2,0,1031,0,ST-IK1,Normalstation Innere Medizin / Kardiologie,30,Innere Medizin und Kardiologie,10.0,22.0,06:00,14:00,450,,13:30,21:30,450,F,21:15,06:15,495,F|S,11,10,8,10,30,45,8,38.5,30,0.1,0,2.0.0,20261130
PK-010,2026-11-24,history,-6,Dienstag,2,48,0,0,,Pflegefachkraft,Pflegefachkraft,EXAM,0.8,30.8,7392,7392,6653,8131,5,2,2,8,1,1,Pflegefachkraft,0,0.0,-1947,23,23,4,5,2,4123,1,,,,,,0,,0,,4,3,3,1,1649,1,3,3,2,1,1443,1,2,2,2,0,1031,0,ST-IK1,Normalstation Innere Medizin / Kardiologie,30,Innere Medizin und Kardiologie,10.0,22.0,06:00,14:00,450,,13:30,21:30,450,F,21:15,06:15,495,F|S,11,10,8,10,30,45,8,38.5,30,0.1,0,2.0.0,20261130
PK-011,2026-11-24,history,-6,Dienstag,2,48,0,0,,Pflegefachkraft,Pflegefachkraft,EXAM|PRAXISANLEITUNG|KARDIO_MONITORING,1.0,38.5,9240,9240,8316,10164,5,2,2,8,1,1,Pflegefachkraft,0,0.0,-2445,23,23,4,5,2,4123,1,,,,,S,0,,0,,4,3,3,1,1649,1,3,3,2,1,1443,1,2,2,2,0,1031,0,ST-IK1,Normalstation Innere Medizin / Kardiologie,30,Innere Medizin und Kardiologie,10.0,22.0,06:00,14:00,450,,13:30,21:30,450,F,21:15,06:15,495,F|S,11,10,8,10,30,45,8,38.5,30,0.1,0,2.0.0,20261130
PK-012,2026-11-24,history,-6,Dienstag,2,48,0,0,,Pflegefachkraft,Pflegefachkraft,EXAM,1.0,38.5,9240,9240,8316,10164,5,2,2,8,1,1,Pflegefachkraft,0,0.0,1104,23,23,4,5,2,4123,1,,,,,F,0,,0,,4,3,3,1,1649,1,3,3,2,1,1443,1,2,2,2,0,1031,0,ST-IK1,Normalstation Innere Medizin / Kardiologie,30,Innere Medizin und Kardiologie,10.0,22.0,06:00,14:00,450,,13:30,21:30,450,F,21:15,06:15,495,F|S,11,10,8,10,30,45,8,38.5,30,0.1,0,2.0.0,20261130
PK-013,2026-11-24,history,-6,Dienstag,2,48,0,0,,Pflegefachkraft,Pflegefachkraft,EXAM|PRAXISANLEITUNG|KARDIO_MONITORING,1.0,38.5,9240,9240,8316,10164,5,2,2,8,1,1,Pflegefachkraft,0,0.0,1104,23,23,4,5,2,4123,1,,,,,,0,,0,,4,3,3,1,1649,1,3,3,2,1,1443,1,2,2,2,0,1031,0,ST-IK1,Normalstation Innere Medizin / Kardiologie,30,Innere Medizin und Kardiologie,10.0,22.0,06:00,14:00,450,,13:30,21:30,450,F,21:15,06:15,495,F|S,11,10,8,10,30,45,8,38.5,30,0.1,0,2.0.0,20261130
PK-014,2026-11-24,history,-6,Dienstag,2,48,0,0,,Pflegefachkraft,Pflegefachkraft,EXAM|PRAXISANLEITUNG,0.9,34.65,8316,8316,7484,9148,5,2,2,8,1,1,Pflegefachkraft,0,0.0,-1926,23,23,4,5,2,4123,1,,,,,,0,,0,,4,3,3,1,1649,1,3,3,2,1,1443,1,2,2,2,0,1031,0,ST-IK1,Normalstation Innere Medizin / Kardiologie,30,Innere Medizin und Kardiologie,10.0,22.0,06:00,14:00,450,,13:30,21:30,450,F,21:15,06:15,495,F|S,11,10,8,10,30,45,8,38.5,30,0.1,0,2.0.0,20261130
PK-015,2026-11-24,history,-6,Dienstag,2,48,0,0,,Pflegefachkraft,Pflegefachkraft,EXAM|KARDIO_MONITORING,1.0,38.5,9240,9240,8316,10164,5,2,2,8,1,1,Pflegefachkraft,0,0.0,-2355,23,23,4,5,2,4123,1,,,,,,0,,0,,4,3,3,1,1649,1,3,3,2,1,1443,1,2,2,2,0,1031,0,ST-IK1,Normalstation Innere Medizin / Kardiologie,30,Innere Medizin und Kardiologie,10.0,22.0,06:00,14:00,450,,13:30,21:30,450,F,21:15,06:15,495,F|S,11,10,8,10,30,45,8,38.5,30,0.1,0,2.0.0,20261130
PK-016,2026-11-24,history,-6,Dienstag,2,48,0,0,,Pflegefachkraft,Pflegefachkraft,EXAM|KARDIO_MONITORING,1.0,38.5,9240,9240,8316,10164,5,2,2,8,1,1,Pflegefachkraft,0,0.0,-2625,23,23,4,5,2,4123,1,,,,,N,0,,0,,4,3,3,1,1649,1,3,3,2,1,1443,1,2,2,2,0,1031,0,ST-IK1,Normalstation Innere Medizin / Kardiologie,30,Innere Medizin und Kardiologie,10.0,22.0,06:00,14:00,450,,13:30,21:30,450,F,21:15,06:15,495,F|S,11,10,8,10,30,45,8,38.5,30,0.1,0,2.0.0,20261130
PK-017,2026-11-24,history,-6,Dienstag,2,48,0,0,,Pflegefachkraft,Pflegefachkraft,EXAM,0.5,19.25,4620,4620,4158,5082,5,2,2,8,1,1,Pflegefachkraft,0,0.0,-885,23,23,4,5,2,4123,1,,,,,,0,,0,,4,3,3,1,1649,1,3,3,2,1,1443,1,2,2,2,0,1031,0,ST-IK1,Normalstation Innere Medizin / Kardiologie,30,Innere Medizin und Kardiologie,10.0,22.0,06:00,14:00,450,,13:30,21:30,450,F,21:15,06:15,495,F|S,11,10,8,10,30,45,8,38.5,30,0.1,0,2.0.0,20261130
AZ-001,2026-11-25,history,-5,Mittwoch,3,48,0,0,,Auszubildende_r_3_Ausbildungsjahr,Auszubildende,AUSZUBILDEND,1.0,38.5,9240,9240,8316,10164,5,2,2,8,1,0,nicht anrechenbar,0,0.0,-9240,25,23,2,7,0,4234,1,,,,,,0,,0,,4,3,3,1,1694,1,3,3,2,1,1482,1,2,2,2,0,1058,0,ST-IK1,Normalstation Innere Medizin / Kardiologie,30,Innere Medizin und Kardiologie,10.0,22.0,06:00,14:00,450,,13:30,21:30,450,F,21:15,06:15,495,F|S,11,10,8,10,30,45,8,38.5,30,0.1,0,2.0.0,20261130
AZ-002,2026-11-25,history,-5,Mittwoch,3,48,0,0,,Auszubildende_r_2_Ausbildungsjahr,Auszubildende,AUSZUBILDEND,1.0,38.5,9240,9240,8316,10164,5,2,2,8,1,0,nicht anrechenbar,0,0.0,-9240,25,23,2,7,0,4234,1,,,,,,0,,0,,4,3,3,1,1694,1,3,3,2,1,1482,1,2,2,2,0,1058,0,ST-IK1,Normalstation Innere Medizin / Kardiologie,30,Innere Medizin und Kardiologie,10.0,22.0,06:00,14:00,450,,13:30,21:30,450,F,21:15,06:15,495,F|S,11,10,8,10,30,45,8,38.5,30,0.1,0,2.0.0,20261130
AZ-003,2026-11-25,history,-5,Mittwoch,3,48,0,0,,Auszubildende_r_1_Ausbildungsjahr,Auszubildende,AUSZUBILDEND,1.0,38.5,9240,9240,8316,10164,5,2,2,0,0,0,nicht anrechenbar,0,0.0,-9240,25,23,2,7,0,4234,1,,,,,,0,,0,,4,3,3,1,1694,1,3,3,2,1,1482,1,2,2,2,0,1058,0,ST-IK1,Normalstation Innere Medizin / Kardiologie,30,Innere Medizin und Kardiologie,10.0,22.0,06:00,14:00,450,,13:30,21:30,450,F,21:15,06:15,495,F|S,11,10,8,10,30,45,8,38.5,30,0.1,0,2.0.0,20261130
PH-001,2026-11-25,history,-5,Mittwoch,3,48,0,0,,Pflegehilfskraft,Pflegehilfskraft,PFLEGEHILFE,0.75,28.88,6931,6931,6238,7624,5,2,2,0,0,1,Pflegehilfskraft,0,0.0,-1530,25,23,2,7,0,4234,1,,,,,,0,,0,,4,3,3,1,1694,1,3,3,2,1,1482,1,2,2,2,0,1058,0,ST-IK1,Normalstation Innere Medizin / Kardiologie,30,Innere Medizin und Kardiologie,10.0,22.0,06:00,14:00,450,,13:30,21:30,450,F,21:15,06:15,495,F|S,11,10,8,10,30,45,8,38.5,30,0.1,0,2.0.0,20261130
PH-002,2026-11-25,history,-5,Mittwoch,3,48,0,0,,Pflegehilfskraft,Pflegehilfskraft,PFLEGEHILFE,0.5,19.25,4620,4620,4158,5082,5,2,2,0,0,1,Pflegehilfskraft,0,0.0,597,25,23,2,7,0,4234,0,URLAUB,,,,,0,,0,,4,3,3,1,1694,1,3,3,2,1,1482,1,2,2,2,0,1058,0,ST-IK1,Normalstation Innere Medizin / Kardiologie,30,Innere Medizin und Kardiologie,10.0,22.0,06:00,14:00,450,,13:30,21:30,450,F,21:15,06:15,495,F|S,11,10,8,10,30,45,8,38.5,30,0.1,0,2.0.0,20261130
PK-001,2026-11-25,history,-5,Mittwoch,3,48,0,0,,Stationsleitung,Pflegefachkraft,EXAM|LEITUNG|PRAXISANLEITUNG,1.0,38.5,9240,4620,4158,5082,5,2,2,0,0,1,Pflegefachkraft,1,0.5,2130,25,23,2,7,0,4234,1,,,,,F,0,,0,,4,3,3,1,1694,1,3,3,2,1,1482,1,2,2,2,0,1058,0,ST-IK1,Normalstation Innere Medizin / Kardiologie,30,Innere Medizin und Kardiologie,10.0,22.0,06:00,14:00,450,,13:30,21:30,450,F,21:15,06:15,495,F|S,11,10,8,10,30,45,8,38.5,30,0.1,0,2.0.0,20261130
PK-002,2026-11-25,history,-5,Mittwoch,3,48,0,0,,Pflegefachkraft,Pflegefachkraft,EXAM|PRAXISANLEITUNG|KARDIO_MONITORING,0.5,19.25,4620,4620,4158,5082,5,2,2,8,1,1,Pflegefachkraft,0,0.0,-885,25,23,2,7,0,4234,1,,,,,S,0,,0,,4,3,3,1,1694,1,3,3,2,1,1482,1,2,2,2,0,1058,0,ST-IK1,Normalstation Innere Medizin / Kardiologie,30,Innere Medizin und Kardiologie,10.0,22.0,06:00,14:00,450,,13:30,21:30,450,F,21:15,06:15,495,F|S,11,10,8,10,30,45,8,38.5,30,0.1,0,2.0.0,20261130
PK-003,2026-11-25,history,-5,Mittwoch,3,48,0,0,,Pflegefachkraft,Pflegefachkraft,EXAM,0.75,28.88,6931,6931,6238,7624,5,2,2,8,1,1,Pflegefachkraft,0,0.0,-1890,25,23,2,7,0,4234,1,,,,,N,0,,0,,4,3,3,1,1694,1,3,3,2,1,1482,1,2,2,2,0,1058,0,ST-IK1,Normalstation Innere Medizin / Kardiologie,30,Innere Medizin und Kardiologie,10.0,22.0,06:00,14:00,450,,13:30,21:30,450,F,21:15,06:15,495,F|S,11,10,8,10,30,45,8,38.5,30,0.1,0,2.0.0,20261130
PK-004,2026-11-25,history,-5,Mittwoch,3,48,0,0,,Pflegefachkraft,Pflegefachkraft,EXAM,0.75,28.88,6931,6931,6238,7624,5,2,2,8,1,1,Pflegefachkraft,0,0.0,-1890,25,23,2,7,0,4234,1,,,,,F,0,,0,,4,3,3,1,1694,1,3,3,2,1,1482,1,2,2,2,0,1058,0,ST-IK1,Normalstation Innere Medizin / Kardiologie,30,Innere Medizin und Kardiologie,10.0,22.0,06:00,14:00,450,,13:30,21:30,450,F,21:15,06:15,495,F|S,11,10,8,10,30,45,8,38.5,30,0.1,0,2.0.0,20261130
PK-005,2026-11-25,history,-5,Mittwoch,3,48,0,0,,Pflegefachkraft,Pflegefachkraft,EXAM,0.6,23.1,5544,5544,4990,6098,5,2,2,8,1,1,Pflegefachkraft,0,0.0,-1449,25,23,2,7,0,4234,1,,,,,,0,,0,,4,3,3,1,1694,1,3,3,2,1,1482,1,2,2,2,0,1058,0,ST-IK1,Normalstation Innere Medizin / Kardiologie,30,Innere Medizin und Kardiologie,10.0,22.0,06:00,14:00,450,,13:30,21:30,450,F,21:15,06:15,495,F|S,11,10,8,10,30,45,8,38.5,30,0.1,0,2.0.0,20261130
PK-006,2026-11-25,history,-5,Mittwoch,3,48,0,0,,Pflegefachkraft,Pflegefachkraft,EXAM,1.0,38.5,9240,9240,8316,10164,5,2,2,8,1,1,Pflegefachkraft,0,0.0,-2670,25,23,2,7,0,4234,1,,,,,,0,,0,,4,3,3,1,1694,1,3,3,2,1,1482,1,2,2,2,0,1058,0,ST-IK1,Normalstation Innere Medizin / Kardiologie,30,Innere Medizin und Kardiologie,10.0,22.0,06:00,14:00,450,,13:30,21:30,450,F,21:15,06:15,495,F|S,11,10,8,10,30,45,8,38.5,30,0.1,0,2.0.0,20261130
PK-007,2026-11-25,history,-5,Mittwoch,3,48,0,0,,Pflegefachkraft,Pflegefachkraft,EXAM|PRAXISANLEITUNG,1.0,38.5,9240,9240,8316,10164,5,2,2,8,1,1,Pflegefachkraft,0,0.0,-2175,25,23,2,7,0,4234,1,,,,,,0,,0,,4,3,3,1,1694,1,3,3,2,1,1482,1,2,2,2,0,1058,0,ST-IK1,Normalstation Innere Medizin / Kardiologie,30,Innere Medizin und Kardiologie,10.0,22.0,06:00,14:00,450,,13:30,21:30,450,F,21:15,06:15,495,F|S,11,10,8,10,30,45,8,38.5,30,0.1,0,2.0.0,20261130
PK-008,2026-11-25,history,-5,Mittwoch,3,48,0,0,,Pflegefachkraft,Pflegefachkraft,EXAM,0.6,23.1,5544,5544,4990,6098,5,2,2,8,1,1,Pflegefachkraft,0,0.0,-1449,25,23,2,7,0,4234,1,,,,,,0,,0,,4,3,3,1,1694,1,3,3,2,1,1482,1,2,2,2,0,1058,0,ST-IK1,Normalstation Innere Medizin / Kardiologie,30,Innere Medizin und Kardiologie,10.0,22.0,06:00,14:00,450,,13:30,21:30,450,F,21:15,06:15,495,F|S,11,10,8,10,30,45,8,38.5,30,0.1,0,2.0.0,20261130
PK-009,2026-11-25,history,-5,Mittwoch,3,48,0,0,,Pflegefachkraft,Pflegefachkraft,EXAM,1.0,38.5,9240,9240,8316,10164,5,2,2,8,1,1,Pflegefachkraft,0,0.0,-2445,25,23,2,7,0,4234,1,,,,,,0,,0,,4,3,3,1,1694,1,3,3,2,1,1482,1,2,2,2,0,1058,0,ST-IK1,Normalstation Innere Medizin / Kardiologie,30,Innere Medizin und Kardiologie,10.0,22.0,06:00,14:00,450,,13:30,21:30,450,F,21:15,06:15,495,F|S,11,10,8,10,30,45,8,38.5,30,0.1,0,2.0.0,20261130
PK-010,2026-11-25,history,-5,Mittwoch,3,48,0,0,,Pflegefachkraft,Pflegefachkraft,EXAM,0.8,30.8,7392,7392,6653,8131,5,2,2,8,1,1,Pflegefachkraft,0,0.0,-1947,25,23,2,7,0,4234,1,,,,,S,0,,0,,4,3,3,1,1694,1,3,3,2,1,1482,1,2,2,2,0,1058,0,ST-IK1,Normalstation Innere Medizin / Kardiologie,30,Innere Medizin und Kardiologie,10.0,22.0,06:00,14:00,450,,13:30,21:30,450,F,21:15,06:15,495,F|S,11,10,8,10,30,45,8,38.5,30,0.1,0,2.0.0,20261130
PK-011,2026-11-25,history,-5,Mittwoch,3,48,0,0,,Pflegefachkraft,Pflegefachkraft,EXAM|PRAXISANLEITUNG|KARDIO_MONITORING,1.0,38.5,9240,9240,8316,10164,5,2,2,8,1,1,Pflegefachkraft,0,0.0,-2445,25,23,2,7,0,4234,1,,,,,,0,,0,,4,3,3,1,1694,1,3,3,2,1,1482,1,2,2,2,0,1058,0,ST-IK1,Normalstation Innere Medizin / Kardiologie,30,Innere Medizin und Kardiologie,10.0,22.0,06:00,14:00,450,,13:30,21:30,450,F,21:15,06:15,495,F|S,11,10,8,10,30,45,8,38.5,30,0.1,0,2.0.0,20261130
PK-012,2026-11-25,history,-5,Mittwoch,3,48,0,0,,Pflegefachkraft,Pflegefachkraft,EXAM,1.0,38.5,9240,9240,8316,10164,5,2,2,8,1,1,Pflegefachkraft,0,0.0,1104,25,23,2,7,0,4234,1,,,,,,0,,0,,4,3,3,1,1694,1,3,3,2,1,1482,1,2,2,2,0,1058,0,ST-IK1,Normalstation Innere Medizin / Kardiologie,30,Innere Medizin und Kardiologie,10.0,22.0,06:00,14:00,450,,13:30,21:30,450,F,21:15,06:15,495,F|S,11,10,8,10,30,45,8,38.5,30,0.1,0,2.0.0,20261130
PK-013,2026-11-25,history,-5,Mittwoch,3,48,0,0,,Pflegefachkraft,Pflegefachkraft,EXAM|PRAXISANLEITUNG|KARDIO_MONITORING,1.0,38.5,9240,9240,8316,10164,5,2,2,8,1,1,Pflegefachkraft,0,0.0,1104,25,23,2,7,0,4234,1,,,,,F,0,,0,,4,3,3,1,1694,1,3,3,2,1,1482,1,2,2,2,0,1058,0,ST-IK1,Normalstation Innere Medizin / Kardiologie,30,Innere Medizin und Kardiologie,10.0,22.0,06:00,14:00,450,,13:30,21:30,450,F,21:15,06:15,495,F|S,11,10,8,10,30,45,8,38.5,30,0.1,0,2.0.0,20261130
PK-014,2026-11-25,history,-5,Mittwoch,3,48,0,0,,Pflegefachkraft,Pflegefachkraft,EXAM|PRAXISANLEITUNG,0.9,34.65,8316,8316,7484,9148,5,2,2,8,1,1,Pflegefachkraft,0,0.0,-1926,25,23,2,7,0,4234,1,,,,,S,0,,0,,4,3,3,1,1694,1,3,3,2,1,1482,1,2,2,2,0,1058,0,ST-IK1,Normalstation Innere Medizin / Kardiologie,30,Innere Medizin und Kardiologie,10.0,22.0,06:00,14:00,450,,13:30,21:30,450,F,21:15,06:15,495,F|S,11,10,8,10,30,45,8,38.5,30,0.1,0,2.0.0,20261130
PK-015,2026-11-25,history,-5,Mittwoch,3,48,0,0,,Pflegefachkraft,Pflegefachkraft,EXAM|KARDIO_MONITORING,1.0,38.5,9240,9240,8316,10164,5,2,2,8,1,1,Pflegefachkraft,0,0.0,-2355,25,23,2,7,0,4234,1,,,,,F,0,,0,,4,3,3,1,1694,1,3,3,2,1,1482,1,2,2,2,0,1058,0,ST-IK1,Normalstation Innere Medizin / Kardiologie,30,Innere Medizin und Kardiologie,10.0,22.0,06:00,14:00,450,,13:30,21:30,450,F,21:15,06:15,495,F|S,11,10,8,10,30,45,8,38.5,30,0.1,0,2.0.0,20261130
PK-016,2026-11-25,history,-5,Mittwoch,3,48,0,0,,Pflegefachkraft,Pflegefachkraft,EXAM|KARDIO_MONITORING,1.0,38.5,9240,9240,8316,10164,5,2,2,8,1,1,Pflegefachkraft,0,0.0,-2625,25,23,2,7,0,4234,1,,,,,,0,,0,,4,3,3,1,1694,1,3,3,2,1,1482,1,2,2,2,0,1058,0,ST-IK1,Normalstation Innere Medizin / Kardiologie,30,Innere Medizin und Kardiologie,10.0,22.0,06:00,14:00,450,,13:30,21:30,450,F,21:15,06:15,495,F|S,11,10,8,10,30,45,8,38.5,30,0.1,0,2.0.0,20261130
PK-017,2026-11-25,history,-5,Mittwoch,3,48,0,0,,Pflegefachkraft,Pflegefachkraft,EXAM,0.5,19.25,4620,4620,4158,5082,5,2,2,8,1,1,Pflegefachkraft,0,0.0,-885,25,23,2,7,0,4234,1,,,,,N,0,,0,,4,3,3,1,1694,1,3,3,2,1,1482,1,2,2,2,0,1058,0,ST-IK1,Normalstation Innere Medizin / Kardiologie,30,Innere Medizin und Kardiologie,10.0,22.0,06:00,14:00,450,,13:30,21:30,450,F,21:15,06:15,495,F|S,11,10,8,10,30,45,8,38.5,30,0.1,0,2.0.0,20261130
AZ-001,2026-11-26,history,-4,Donnerstag,4,48,0,0,,Auszubildende_r_3_Ausbildungsjahr,Auszubildende,AUSZUBILDEND,1.0,38.5,9240,9240,8316,10164,5,2,2,8,1,0,nicht anrechenbar,0,0.0,-9240,23,21,8,4,1,4448,1,,,,,,0,,0,,4,3,3,1,1779,1,3,3,2,1,1557,1,2,1,2,0,1112,0,ST-IK1,Normalstation Innere Medizin / Kardiologie,30,Innere Medizin und Kardiologie,10.0,22.0,06:00,14:00,450,,13:30,21:30,450,F,21:15,06:15,495,F|S,11,10,8,10,30,45,8,38.5,30,0.1,0,2.0.0,20261130
AZ-002,2026-11-26,history,-4,Donnerstag,4,48,0,0,,Auszubildende_r_2_Ausbildungsjahr,Auszubildende,AUSZUBILDEND,1.0,38.5,9240,9240,8316,10164,5,2,2,8,1,0,nicht anrechenbar,0,0.0,-9240,23,21,8,4,1,4448,1,,,,,,0,,0,,4,3,3,1,1779,1,3,3,2,1,1557,1,2,1,2,0,1112,0,ST-IK1,Normalstation Innere Medizin / Kardiologie,30,Innere Medizin und Kardiologie,10.0,22.0,06:00,14:00,450,,13:30,21:30,450,F,21:15,06:15,495,F|S,11,10,8,10,30,45,8,38.5,30,0.1,0,2.0.0,20261130
AZ-003,2026-11-26,history,-4,Donnerstag,4,48,0,0,,Auszubildende_r_1_Ausbildungsjahr,Auszubildende,AUSZUBILDEND,1.0,38.5,9240,9240,8316,10164,5,2,2,0,0,0,nicht anrechenbar,0,0.0,-9240,23,21,8,4,1,4448,1,,,,,,0,,0,,4,3,3,1,1779,1,3,3,2,1,1557,1,2,1,2,0,1112,0,ST-IK1,Normalstation Innere Medizin / Kardiologie,30,Innere Medizin und Kardiologie,10.0,22.0,06:00,14:00,450,,13:30,21:30,450,F,21:15,06:15,495,F|S,11,10,8,10,30,45,8,38.5,30,0.1,0,2.0.0,20261130
PH-001,2026-11-26,history,-4,Donnerstag,4,48,0,0,,Pflegehilfskraft,Pflegehilfskraft,PFLEGEHILFE,0.75,28.88,6931,6931,6238,7624,5,2,2,0,0,1,Pflegehilfskraft,0,0.0,-1530,23,21,8,4,1,4448,1,,,,,,0,,0,,4,3,3,1,1779,1,3,3,2,1,1557,1,2,1,2,0,1112,0,ST-IK1,Normalstation Innere Medizin / Kardiologie,30,Innere Medizin und Kardiologie,10.0,22.0,06:00,14:00,450,,13:30,21:30,450,F,21:15,06:15,495,F|S,11,10,8,10,30,45,8,38.5,30,0.1,0,2.0.0,20261130
PH-002,2026-11-26,history,-4,Donnerstag,4,48,0,0,,Pflegehilfskraft,Pflegehilfskraft,PFLEGEHILFE,0.5,19.25,4620,4620,4158,5082,5,2,2,0,0,1,Pflegehilfskraft,0,0.0,597,23,21,8,4,1,4448,0,URLAUB,,,,,0,,0,,4,3,3,1,1779,1,3,3,2,1,1557,1,2,1,2,0,1112,0,ST-IK1,Normalstation Innere Medizin / Kardiologie,30,Innere Medizin und Kardiologie,10.0,22.0,06:00,14:00,450,,13:30,21:30,450,F,21:15,06:15,495,F|S,11,10,8,10,30,45,8,38.5,30,0.1,0,2.0.0,20261130
PK-001,2026-11-26,history,-4,Donnerstag,4,48,0,0,,Stationsleitung,Pflegefachkraft,EXAM|LEITUNG|PRAXISANLEITUNG,1.0,38.5,9240,4620,4158,5082,5,2,2,0,0,1,Pflegefachkraft,1,0.5,2130,23,21,8,4,1,4448,1,,,,,F,0,,0,,4,3,3,1,1779,1,3,3,2,1,1557,1,2,1,2,0,1112,0,ST-IK1,Normalstation Innere Medizin / Kardiologie,30,Innere Medizin und Kardiologie,10.0,22.0,06:00,14:00,450,,13:30,21:30,450,F,21:15,06:15,495,F|S,11,10,8,10,30,45,8,38.5,30,0.1,0,2.0.0,20261130
PK-002,2026-11-26,history,-4,Donnerstag,4,48,0,0,,Pflegefachkraft,Pflegefachkraft,EXAM|PRAXISANLEITUNG|KARDIO_MONITORING,0.5,19.25,4620,4620,4158,5082,5,2,2,8,1,1,Pflegefachkraft,0,0.0,-885,23,21,8,4,1,4448,1,,,,,,0,,0,,4,3,3,1,1779,1,3,3,2,1,1557,1,2,1,2,0,1112,0,ST-IK1,Normalstation Innere Medizin / Kardiologie,30,Innere Medizin und Kardiologie,10.0,22.0,06:00,14:00,450,,13:30,21:30,450,F,21:15,06:15,495,F|S,11,10,8,10,30,45,8,38.5,30,0.1,0,2.0.0,20261130
PK-003,2026-11-26,history,-4,Donnerstag,4,48,0,0,,Pflegefachkraft,Pflegefachkraft,EXAM,0.75,28.88,6931,6931,6238,7624,5,2,2,8,1,1,Pflegefachkraft,0,0.0,-1890,23,21,8,4,1,4448,1,,,,,,0,,0,,4,3,3,1,1779,1,3,3,2,1,1557,1,2,1,2,0,1112,0,ST-IK1,Normalstation Innere Medizin / Kardiologie,30,Innere Medizin und Kardiologie,10.0,22.0,06:00,14:00,450,,13:30,21:30,450,F,21:15,06:15,495,F|S,11,10,8,10,30,45,8,38.5,30,0.1,0,2.0.0,20261130
PK-004,2026-11-26,history,-4,Donnerstag,4,48,0,0,,Pflegefachkraft,Pflegefachkraft,EXAM,0.75,28.88,6931,6931,6238,7624,5,2,2,8,1,1,Pflegefachkraft,0,0.0,-1890,23,21,8,4,1,4448,1,,,,,,0,,0,,4,3,3,1,1779,1,3,3,2,1,1557,1,2,1,2,0,1112,0,ST-IK1,Normalstation Innere Medizin / Kardiologie,30,Innere Medizin und Kardiologie,10.0,22.0,06:00,14:00,450,,13:30,21:30,450,F,21:15,06:15,495,F|S,11,10,8,10,30,45,8,38.5,30,0.1,0,2.0.0,20261130
PK-005,2026-11-26,history,-4,Donnerstag,4,48,0,0,,Pflegefachkraft,Pflegefachkraft,EXAM,0.6,23.1,5544,5544,4990,6098,5,2,2,8,1,1,Pflegefachkraft,0,0.0,-1449,23,21,8,4,1,4448,1,,,,,,0,,0,,4,3,3,1,1779,1,3,3,2,1,1557,1,2,1,2,0,1112,0,ST-IK1,Normalstation Innere Medizin / Kardiologie,30,Innere Medizin und Kardiologie,10.0,22.0,06:00,14:00,450,,13:30,21:30,450,F,21:15,06:15,495,F|S,11,10,8,10,30,45,8,38.5,30,0.1,0,2.0.0,20261130
PK-006,2026-11-26,history,-4,Donnerstag,4,48,0,0,,Pflegefachkraft,Pflegefachkraft,EXAM,1.0,38.5,9240,9240,8316,10164,5,2,2,8,1,1,Pflegefachkraft,0,0.0,-2670,23,21,8,4,1,4448,1,,,,,N,0,,0,,4,3,3,1,1779,1,3,3,2,1,1557,1,2,1,2,0,1112,0,ST-IK1,Normalstation Innere Medizin / Kardiologie,30,Innere Medizin und Kardiologie,10.0,22.0,06:00,14:00,450,,13:30,21:30,450,F,21:15,06:15,495,F|S,11,10,8,10,30,45,8,38.5,30,0.1,0,2.0.0,20261130
PK-007,2026-11-26,history,-4,Donnerstag,4,48,0,0,,Pflegefachkraft,Pflegefachkraft,EXAM|PRAXISANLEITUNG,1.0,38.5,9240,9240,8316,10164,5,2,2,8,1,1,Pflegefachkraft,0,0.0,-2175,23,21,8,4,1,4448,1,,,,,F,0,,0,,4,3,3,1,1779,1,3,3,2,1,1557,1,2,1,2,0,1112,0,ST-IK1,Normalstation Innere Medizin / Kardiologie,30,Innere Medizin und Kardiologie,10.0,22.0,06:00,14:00,450,,13:30,21:30,450,F,21:15,06:15,495,F|S,11,10,8,10,30,45,8,38.5,30,0.1,0,2.0.0,20261130
PK-008,2026-11-26,history,-4,Donnerstag,4,48,0,0,,Pflegefachkraft,Pflegefachkraft,EXAM,0.6,23.1,5544,5544,4990,6098,5,2,2,8,1,1,Pflegefachkraft,0,0.0,-1449,23,21,8,4,1,4448,1,,,,,,0,,0,,4,3,3,1,1779,1,3,3,2,1,1557,1,2,1,2,0,1112,0,ST-IK1,Normalstation Innere Medizin / Kardiologie,30,Innere Medizin und Kardiologie,10.0,22.0,06:00,14:00,450,,13:30,21:30,450,F,21:15,06:15,495,F|S,11,10,8,10,30,45,8,38.5,30,0.1,0,2.0.0,20261130
PK-009,2026-11-26,history,-4,Donnerstag,4,48,0,0,,Pflegefachkraft,Pflegefachkraft,EXAM,1.0,38.5,9240,9240,8316,10164,5,2,2,8,1,1,Pflegefachkraft,0,0.0,-2445,23,21,8,4,1,4448,1,,,,,S,0,,0,,4,3,3,1,1779,1,3,3,2,1,1557,1,2,1,2,0,1112,0,ST-IK1,Normalstation Innere Medizin / Kardiologie,30,Innere Medizin und Kardiologie,10.0,22.0,06:00,14:00,450,,13:30,21:30,450,F,21:15,06:15,495,F|S,11,10,8,10,30,45,8,38.5,30,0.1,0,2.0.0,20261130
PK-010,2026-11-26,history,-4,Donnerstag,4,48,0,0,,Pflegefachkraft,Pflegefachkraft,EXAM,0.8,30.8,7392,7392,6653,8131,5,2,2,8,1,1,Pflegefachkraft,0,0.0,-1947,23,21,8,4,1,4448,1,,,,,,0,,0,,4,3,3,1,1779,1,3,3,2,1,1557,1,2,1,2,0,1112,0,ST-IK1,Normalstation Innere Medizin / Kardiologie,30,Innere Medizin und Kardiologie,10.0,22.0,06:00,14:00,450,,13:30,21:30,450,F,21:15,06:15,495,F|S,11,10,8,10,30,45,8,38.5,30,0.1,0,2.0.0,20261130
PK-011,2026-11-26,history,-4,Donnerstag,4,48,0,0,,Pflegefachkraft,Pflegefachkraft,EXAM|PRAXISANLEITUNG|KARDIO_MONITORING,1.0,38.5,9240,9240,8316,10164,5,2,2,8,1,1,Pflegefachkraft,0,0.0,-2445,23,21,8,4,1,4448,1,,,,,S,0,,0,,4,3,3,1,1779,1,3,3,2,1,1557,1,2,1,2,0,1112,0,ST-IK1,Normalstation Innere Medizin / Kardiologie,30,Innere Medizin und Kardiologie,10.0,22.0,06:00,14:00,450,,13:30,21:30,450,F,21:15,06:15,495,F|S,11,10,8,10,30,45,8,38.5,30,0.1,0,2.0.0,20261130
PK-012,2026-11-26,history,-4,Donnerstag,4,48,0,0,,Pflegefachkraft,Pflegefachkraft,EXAM,1.0,38.5,9240,9240,8316,10164,5,2,2,8,1,1,Pflegefachkraft,0,0.0,1104,23,21,8,4,1,4448,1,,,,,F,0,,0,,4,3,3,1,1779,1,3,3,2,1,1557,1,2,1,2,0,1112,0,ST-IK1,Normalstation Innere Medizin / Kardiologie,30,Innere Medizin und Kardiologie,10.0,22.0,06:00,14:00,450,,13:30,21:30,450,F,21:15,06:15,495,F|S,11,10,8,10,30,45,8,38.5,30,0.1,0,2.0.0,20261130
PK-013,2026-11-26,history,-4,Donnerstag,4,48,0,0,,Pflegefachkraft,Pflegefachkraft,EXAM|PRAXISANLEITUNG|KARDIO_MONITORING,1.0,38.5,9240,9240,8316,10164,5,2,2,8,1,1,Pflegefachkraft,0,0.0,1104,23,21,8,4,1,4448,1,,,,,F,0,,0,,4,3,3,1,1779,1,3,3,2,1,1557,1,2,1,2,0,1112,0,ST-IK1,Normalstation Innere Medizin / Kardiologie,30,Innere Medizin und Kardiologie,10.0,22.0,06:00,14:00,450,,13:30,21:30,450,F,21:15,06:15,495,F|S,11,10,8,10,30,45,8,38.5,30,0.1,0,2.0.0,20261130
PK-014,2026-11-26,history,-4,Donnerstag,4,48,0,0,,Pflegefachkraft,Pflegefachkraft,EXAM|PRAXISANLEITUNG,0.9,34.65,8316,8316,7484,9148,5,2,2,8,1,1,Pflegefachkraft,0,0.0,-1926,23,21,8,4,1,4448,1,,,,,,0,,0,,4,3,3,1,1779,1,3,3,2,1,1557,1,2,1,2,0,1112,0,ST-IK1,Normalstation Innere Medizin / Kardiologie,30,Innere Medizin und Kardiologie,10.0,22.0,06:00,14:00,450,,13:30,21:30,450,F,21:15,06:15,495,F|S,11,10,8,10,30,45,8,38.5,30,0.1,0,2.0.0,20261130
PK-015,2026-11-26,history,-4,Donnerstag,4,48,0,0,,Pflegefachkraft,Pflegefachkraft,EXAM|KARDIO_MONITORING,1.0,38.5,9240,9240,8316,10164,5,2,2,8,1,1,Pflegefachkraft,0,0.0,-2355,23,21,8,4,1,4448,1,,,,,S,0,,0,,4,3,3,1,1779,1,3,3,2,1,1557,1,2,1,2,0,1112,0,ST-IK1,Normalstation Innere Medizin / Kardiologie,30,Innere Medizin und Kardiologie,10.0,22.0,06:00,14:00,450,,13:30,21:30,450,F,21:15,06:15,495,F|S,11,10,8,10,30,45,8,38.5,30,0.1,0,2.0.0,20261130
PK-016,2026-11-26,history,-4,Donnerstag,4,48,0,0,,Pflegefachkraft,Pflegefachkraft,EXAM|KARDIO_MONITORING,1.0,38.5,9240,9240,8316,10164,5,2,2,8,1,1,Pflegefachkraft,0,0.0,-2625,23,21,8,4,1,4448,1,,,,,N,0,,0,,4,3,3,1,1779,1,3,3,2,1,1557,1,2,1,2,0,1112,0,ST-IK1,Normalstation Innere Medizin / Kardiologie,30,Innere Medizin und Kardiologie,10.0,22.0,06:00,14:00,450,,13:30,21:30,450,F,21:15,06:15,495,F|S,11,10,8,10,30,45,8,38.5,30,0.1,0,2.0.0,20261130
PK-017,2026-11-26,history,-4,Donnerstag,4,48,0,0,,Pflegefachkraft,Pflegefachkraft,EXAM,0.5,19.25,4620,4620,4158,5082,5,2,2,8,1,1,Pflegefachkraft,0,0.0,-885,23,21,8,4,1,4448,1,,,,,,0,,0,,4,3,3,1,1779,1,3,3,2,1,1557,1,2,1,2,0,1112,0,ST-IK1,Normalstation Innere Medizin / Kardiologie,30,Innere Medizin und Kardiologie,10.0,22.0,06:00,14:00,450,,13:30,21:30,450,F,21:15,06:15,495,F|S,11,10,8,10,30,45,8,38.5,30,0.1,0,2.0.0,20261130
AZ-001,2026-11-27,history,-3,Freitag,5,48,0,0,,Auszubildende_r_3_Ausbildungsjahr,Auszubildende,AUSZUBILDEND,1.0,38.5,9240,9240,8316,10164,5,2,2,8,1,0,nicht anrechenbar,0,0.0,-9240,23,23,5,1,1,4076,1,,,,,,0,,0,,4,3,3,1,1630,1,3,3,2,1,1427,1,2,2,2,0,1019,0,ST-IK1,Normalstation Innere Medizin / Kardiologie,30,Innere Medizin und Kardiologie,10.0,22.0,06:00,14:00,450,,13:30,21:30,450,F,21:15,06:15,495,F|S,11,10,8,10,30,45,8,38.5,30,0.1,0,2.0.0,20261130
AZ-002,2026-11-27,history,-3,Freitag,5,48,0,0,,Auszubildende_r_2_Ausbildungsjahr,Auszubildende,AUSZUBILDEND,1.0,38.5,9240,9240,8316,10164,5,2,2,8,1,0,nicht anrechenbar,0,0.0,-9240,23,23,5,1,1,4076,1,,,,,,0,,0,,4,3,3,1,1630,1,3,3,2,1,1427,1,2,2,2,0,1019,0,ST-IK1,Normalstation Innere Medizin / Kardiologie,30,Innere Medizin und Kardiologie,10.0,22.0,06:00,14:00,450,,13:30,21:30,450,F,21:15,06:15,495,F|S,11,10,8,10,30,45,8,38.5,30,0.1,0,2.0.0,20261130
AZ-003,2026-11-27,history,-3,Freitag,5,48,0,0,,Auszubildende_r_1_Ausbildungsjahr,Auszubildende,AUSZUBILDEND,1.0,38.5,9240,9240,8316,10164,5,2,2,0,0,0,nicht anrechenbar,0,0.0,-9240,23,23,5,1,1,4076,1,,,,,,0,,0,,4,3,3,1,1630,1,3,3,2,1,1427,1,2,2,2,0,1019,0,ST-IK1,Normalstation Innere Medizin / Kardiologie,30,Innere Medizin und Kardiologie,10.0,22.0,06:00,14:00,450,,13:30,21:30,450,F,21:15,06:15,495,F|S,11,10,8,10,30,45,8,38.5,30,0.1,0,2.0.0,20261130
PH-001,2026-11-27,history,-3,Freitag,5,48,0,0,,Pflegehilfskraft,Pflegehilfskraft,PFLEGEHILFE,0.75,28.88,6931,6931,6238,7624,5,2,2,0,0,1,Pflegehilfskraft,0,0.0,-1530,23,23,5,1,1,4076,1,,,,,F,0,,0,,4,3,3,1,1630,1,3,3,2,1,1427,1,2,2,2,0,1019,0,ST-IK1,Normalstation Innere Medizin / Kardiologie,30,Innere Medizin und Kardiologie,10.0,22.0,06:00,14:00,450,,13:30,21:30,450,F,21:15,06:15,495,F|S,11,10,8,10,30,45,8,38.5,30,0.1,0,2.0.0,20261130
PH-002,2026-11-27,history,-3,Freitag,5,48,0,0,,Pflegehilfskraft,Pflegehilfskraft,PFLEGEHILFE,0.5,19.25,4620,4620,4158,5082,5,2,2,0,0,1,Pflegehilfskraft,0,0.0,597,23,23,5,1,1,4076,0,URLAUB,,,,,0,,0,,4,3,3,1,1630,1,3,3,2,1,1427,1,2,2,2,0,1019,0,ST-IK1,Normalstation Innere Medizin / Kardiologie,30,Innere Medizin und Kardiologie,10.0,22.0,06:00,14:00,450,,13:30,21:30,450,F,21:15,06:15,495,F|S,11,10,8,10,30,45,8,38.5,30,0.1,0,2.0.0,20261130
PK-001,2026-11-27,history,-3,Freitag,5,48,0,0,,Stationsleitung,Pflegefachkraft,EXAM|LEITUNG|PRAXISANLEITUNG,1.0,38.5,9240,4620,4158,5082,5,2,2,0,0,1,Pflegefachkraft,1,0.5,2130,23,23,5,1,1,4076,1,,,,,,0,,0,,4,3,3,1,1630,1,3,3,2,1,1427,1,2,2,2,0,1019,0,ST-IK1,Normalstation Innere Medizin / Kardiologie,30,Innere Medizin und Kardiologie,10.0,22.0,06:00,14:00,450,,13:30,21:30,450,F,21:15,06:15,495,F|S,11,10,8,10,30,45,8,38.5,30,0.1,0,2.0.0,20261130
PK-002,2026-11-27,history,-3,Freitag,5,48,0,0,,Pflegefachkraft,Pflegefachkraft,EXAM|PRAXISANLEITUNG|KARDIO_MONITORING,0.5,19.25,4620,4620,4158,5082,5,2,2,8,1,1,Pflegefachkraft,0,0.0,-885,23,23,5,1,1,4076,1,,,,,,0,,0,,4,3,3,1,1630,1,3,3,2,1,1427,1,2,2,2,0,1019,0,ST-IK1,Normalstation Innere Medizin / Kardiologie,30,Innere Medizin und Kardiologie,10.0,22.0,06:00,14:00,450,,13:30,21:30,450,F,21:15,06:15,495,F|S,11,10,8,10,30,45,8,38.5,30,0.1,0,2.0.0,20261130
PK-003,2026-11-27,history,-3,Freitag,5,48,0,0,,Pflegefachkraft,Pflegefachkraft,EXAM,0.75,28.88,6931,6931,6238,7624,5,2,2,8,1,1,Pflegefachkraft,0,0.0,-1890,23,23,5,1,1,4076,1,,,,,F,0,,0,,4,3,3,1,1630,1,3,3,2,1,1427,1,2,2,2,0,1019,0,ST-IK1,Normalstation Innere Medizin / Kardiologie,30,Innere Medizin und Kardiologie,10.0,22.0,06:00,14:00,450,,13:30,21:30,450,F,21:15,06:15,495,F|S,11,10,8,10,30,45,8,38.5,30,0.1,0,2.0.0,20261130
PK-004,2026-11-27,history,-3,Freitag,5,48,0,0,,Pflegefachkraft,Pflegefachkraft,EXAM,0.75,28.88,6931,6931,6238,7624,5,2,2,8,1,1,Pflegefachkraft,0,0.0,-1890,23,23,5,1,1,4076,1,,,,,F,0,,0,,4,3,3,1,1630,1,3,3,2,1,1427,1,2,2,2,0,1019,0,ST-IK1,Normalstation Innere Medizin / Kardiologie,30,Innere Medizin und Kardiologie,10.0,22.0,06:00,14:00,450,,13:30,21:30,450,F,21:15,06:15,495,F|S,11,10,8,10,30,45,8,38.5,30,0.1,0,2.0.0,20261130
PK-005,2026-11-27,history,-3,Freitag,5,48,0,0,,Pflegefachkraft,Pflegefachkraft,EXAM,0.6,23.1,5544,5544,4990,6098,5,2,2,8,1,1,Pflegefachkraft,0,0.0,-1449,23,23,5,1,1,4076,1,,,,,N,0,,0,,4,3,3,1,1630,1,3,3,2,1,1427,1,2,2,2,0,1019,0,ST-IK1,Normalstation Innere Medizin / Kardiologie,30,Innere Medizin und Kardiologie,10.0,22.0,06:00,14:00,450,,13:30,21:30,450,F,21:15,06:15,495,F|S,11,10,8,10,30,45,8,38.5,30,0.1,0,2.0.0,20261130
PK-006,2026-11-27,history,-3,Freitag,5,48,0,0,,Pflegefachkraft,Pflegefachkraft,EXAM,1.0,38.5,9240,9240,8316,10164,5,2,2,8,1,1,Pflegefachkraft,0,0.0,-2670,23,23,5,1,1,4076,1,,,,,,0,,0,,4,3,3,1,1630,1,3,3,2,1,1427,1,2,2,2,0,1019,0,ST-IK1,Normalstation Innere Medizin / Kardiologie,30,Innere Medizin und Kardiologie,10.0,22.0,06:00,14:00,450,,13:30,21:30,450,F,21:15,06:15,495,F|S,11,10,8,10,30,45,8,38.5,30,0.1,0,2.0.0,20261130
PK-007,2026-11-27,history,-3,Freitag,5,48,0,0,,Pflegefachkraft,Pflegefachkraft,EXAM|PRAXISANLEITUNG,1.0,38.5,9240,9240,8316,10164,5,2,2,8,1,1,Pflegefachkraft,0,0.0,-2175,23,23,5,1,1,4076,1,,,,,S,0,,0,,4,3,3,1,1630,1,3,3,2,1,1427,1,2,2,2,0,1019,0,ST-IK1,Normalstation Innere Medizin / Kardiologie,30,Innere Medizin und Kardiologie,10.0,22.0,06:00,14:00,450,,13:30,21:30,450,F,21:15,06:15,495,F|S,11,10,8,10,30,45,8,38.5,30,0.1,0,2.0.0,20261130
PK-008,2026-11-27,history,-3,Freitag,5,48,0,0,,Pflegefachkraft,Pflegefachkraft,EXAM,0.6,23.1,5544,5544,4990,6098,5,2,2,8,1,1,Pflegefachkraft,0,0.0,-1449,23,23,5,1,1,4076,1,,,,,F,0,,0,,4,3,3,1,1630,1,3,3,2,1,1427,1,2,2,2,0,1019,0,ST-IK1,Normalstation Innere Medizin / Kardiologie,30,Innere Medizin und Kardiologie,10.0,22.0,06:00,14:00,450,,13:30,21:30,450,F,21:15,06:15,495,F|S,11,10,8,10,30,45,8,38.5,30,0.1,0,2.0.0,20261130
PK-009,2026-11-27,history,-3,Freitag,5,48,0,0,,Pflegefachkraft,Pflegefachkraft,EXAM,1.0,38.5,9240,9240,8316,10164,5,2,2,8,1,1,Pflegefachkraft,0,0.0,-2445,23,23,5,1,1,4076,1,,,,,,0,,0,,4,3,3,1,1630,1,3,3,2,1,1427,1,2,2,2,0,1019,0,ST-IK1,Normalstation Innere Medizin / Kardiologie,30,Innere Medizin und Kardiologie,10.0,22.0,06:00,14:00,450,,13:30,21:30,450,F,21:15,06:15,495,F|S,11,10,8,10,30,45,8,38.5,30,0.1,0,2.0.0,20261130
PK-010,2026-11-27,history,-3,Freitag,5,48,0,0,,Pflegefachkraft,Pflegefachkraft,EXAM,0.8,30.8,7392,7392,6653,8131,5,2,2,8,1,1,Pflegefachkraft,0,0.0,-1947,23,23,5,1,1,4076,1,,,,,,0,,0,,4,3,3,1,1630,1,3,3,2,1,1427,1,2,2,2,0,1019,0,ST-IK1,Normalstation Innere Medizin / Kardiologie,30,Innere Medizin und Kardiologie,10.0,22.0,06:00,14:00,450,,13:30,21:30,450,F,21:15,06:15,495,F|S,11,10,8,10,30,45,8,38.5,30,0.1,0,2.0.0,20261130
PK-011,2026-11-27,history,-3,Freitag,5,48,0,0,,Pflegefachkraft,Pflegefachkraft,EXAM|PRAXISANLEITUNG|KARDIO_MONITORING,1.0,38.5,9240,9240,8316,10164,5,2,2,8,1,1,Pflegefachkraft,0,0.0,-2445,23,23,5,1,1,4076,1,,,,,,0,,0,,4,3,3,1,1630,1,3,3,2,1,1427,1,2,2,2,0,1019,0,ST-IK1,Normalstation Innere Medizin / Kardiologie,30,Innere Medizin und Kardiologie,10.0,22.0,06:00,14:00,450,,13:30,21:30,450,F,21:15,06:15,495,F|S,11,10,8,10,30,45,8,38.5,30,0.1,0,2.0.0,20261130
PK-012,2026-11-27,history,-3,Freitag,5,48,0,0,,Pflegefachkraft,Pflegefachkraft,EXAM,1.0,38.5,9240,9240,8316,10164,5,2,2,8,1,1,Pflegefachkraft,0,0.0,1104,23,23,5,1,1,4076,1,,,,,S,0,,0,,4,3,3,1,1630,1,3,3,2,1,1427,1,2,2,2,0,1019,0,ST-IK1,Normalstation Innere Medizin / Kardiologie,30,Innere Medizin und Kardiologie,10.0,22.0,06:00,14:00,450,,13:30,21:30,450,F,21:15,06:15,495,F|S,11,10,8,10,30,45,8,38.5,30,0.1,0,2.0.0,20261130
PK-013,2026-11-27,history,-3,Freitag,5,48,0,0,,Pflegefachkraft,Pflegefachkraft,EXAM|PRAXISANLEITUNG|KARDIO_MONITORING,1.0,38.5,9240,9240,8316,10164,5,2,2,8,1,1,Pflegefachkraft,0,0.0,1104,23,23,5,1,1,4076,1,,,,,S,0,,0,,4,3,3,1,1630,1,3,3,2,1,1427,1,2,2,2,0,1019,0,ST-IK1,Normalstation Innere Medizin / Kardiologie,30,Innere Medizin und Kardiologie,10.0,22.0,06:00,14:00,450,,13:30,21:30,450,F,21:15,06:15,495,F|S,11,10,8,10,30,45,8,38.5,30,0.1,0,2.0.0,20261130
PK-014,2026-11-27,history,-3,Freitag,5,48,0,0,,Pflegefachkraft,Pflegefachkraft,EXAM|PRAXISANLEITUNG,0.9,34.65,8316,8316,7484,9148,5,2,2,8,1,1,Pflegefachkraft,0,0.0,-1926,23,23,5,1,1,4076,1,,,,,N,0,,0,,4,3,3,1,1630,1,3,3,2,1,1427,1,2,2,2,0,1019,0,ST-IK1,Normalstation Innere Medizin / Kardiologie,30,Innere Medizin und Kardiologie,10.0,22.0,06:00,14:00,450,,13:30,21:30,450,F,21:15,06:15,495,F|S,11,10,8,10,30,45,8,38.5,30,0.1,0,2.0.0,20261130
PK-015,2026-11-27,history,-3,Freitag,5,48,0,0,,Pflegefachkraft,Pflegefachkraft,EXAM|KARDIO_MONITORING,1.0,38.5,9240,9240,8316,10164,5,2,2,8,1,1,Pflegefachkraft,0,0.0,-2355,23,23,5,1,1,4076,1,,,,,,0,,0,,4,3,3,1,1630,1,3,3,2,1,1427,1,2,2,2,0,1019,0,ST-IK1,Normalstation Innere Medizin / Kardiologie,30,Innere Medizin und Kardiologie,10.0,22.0,06:00,14:00,450,,13:30,21:30,450,F,21:15,06:15,495,F|S,11,10,8,10,30,45,8,38.5,30,0.1,0,2.0.0,20261130
PK-016,2026-11-27,history,-3,Freitag,5,48,0,0,,Pflegefachkraft,Pflegefachkraft,EXAM|KARDIO_MONITORING,1.0,38.5,9240,9240,8316,10164,5,2,2,8,1,1,Pflegefachkraft,0,0.0,-2625,23,23,5,1,1,4076,1,,,,,,0,,0,,4,3,3,1,1630,1,3,3,2,1,1427,1,2,2,2,0,1019,0,ST-IK1,Normalstation Innere Medizin / Kardiologie,30,Innere Medizin und Kardiologie,10.0,22.0,06:00,14:00,450,,13:30,21:30,450,F,21:15,06:15,495,F|S,11,10,8,10,30,45,8,38.5,30,0.1,0,2.0.0,20261130
PK-017,2026-11-27,history,-3,Freitag,5,48,0,0,,Pflegefachkraft,Pflegefachkraft,EXAM,0.5,19.25,4620,4620,4158,5082,5,2,2,8,1,1,Pflegefachkraft,0,0.0,-885,23,23,5,1,1,4076,1,,,,,,0,,0,,4,3,3,1,1630,1,3,3,2,1,1427,1,2,2,2,0,1019,0,ST-IK1,Normalstation Innere Medizin / Kardiologie,30,Innere Medizin und Kardiologie,10.0,22.0,06:00,14:00,450,,13:30,21:30,450,F,21:15,06:15,495,F|S,11,10,8,10,30,45,8,38.5,30,0.1,0,2.0.0,20261130
AZ-001,2026-11-28,history,-2,Samstag,6,48,1,0,,Auszubildende_r_3_Ausbildungsjahr,Auszubildende,AUSZUBILDEND,1.0,38.5,9240,9240,8316,10164,5,2,2,8,1,0,nicht anrechenbar,0,0.0,-9240,20,19,1,1,0,3374,1,,,,,,0,,0,,3,2,2,1,1350,1,3,2,2,1,1181,1,2,1,2,0,844,0,ST-IK1,Normalstation Innere Medizin / Kardiologie,30,Innere Medizin und Kardiologie,10.0,22.0,06:00,14:00,450,,13:30,21:30,450,F,21:15,06:15,495,F|S,11,10,8,10,30,45,8,38.5,30,0.1,0,2.0.0,20261130
AZ-002,2026-11-28,history,-2,Samstag,6,48,1,0,,Auszubildende_r_2_Ausbildungsjahr,Auszubildende,AUSZUBILDEND,1.0,38.5,9240,9240,8316,10164,5,2,2,8,1,0,nicht anrechenbar,0,0.0,-9240,20,19,1,1,0,3374,1,,,,,,0,,0,,3,2,2,1,1350,1,3,2,2,1,1181,1,2,1,2,0,844,0,ST-IK1,Normalstation Innere Medizin / Kardiologie,30,Innere Medizin und Kardiologie,10.0,22.0,06:00,14:00,450,,13:30,21:30,450,F,21:15,06:15,495,F|S,11,10,8,10,30,45,8,38.5,30,0.1,0,2.0.0,20261130
AZ-003,2026-11-28,history,-2,Samstag,6,48,1,0,,Auszubildende_r_1_Ausbildungsjahr,Auszubildende,AUSZUBILDEND,1.0,38.5,9240,9240,8316,10164,5,2,2,0,0,0,nicht anrechenbar,0,0.0,-9240,20,19,1,1,0,3374,1,,,,,,0,,0,,3,2,2,1,1350,1,3,2,2,1,1181,1,2,1,2,0,844,0,ST-IK1,Normalstation Innere Medizin / Kardiologie,30,Innere Medizin und Kardiologie,10.0,22.0,06:00,14:00,450,,13:30,21:30,450,F,21:15,06:15,495,F|S,11,10,8,10,30,45,8,38.5,30,0.1,0,2.0.0,20261130
PH-001,2026-11-28,history,-2,Samstag,6,48,1,0,,Pflegehilfskraft,Pflegehilfskraft,PFLEGEHILFE,0.75,28.88,6931,6931,6238,7624,5,2,2,0,0,1,Pflegehilfskraft,0,0.0,-1530,20,19,1,1,0,3374,1,,,,,,0,,0,,3,2,2,1,1350,1,3,2,2,1,1181,1,2,1,2,0,844,0,ST-IK1,Normalstation Innere Medizin / Kardiologie,30,Innere Medizin und Kardiologie,10.0,22.0,06:00,14:00,450,,13:30,21:30,450,F,21:15,06:15,495,F|S,11,10,8,10,30,45,8,38.5,30,0.1,0,2.0.0,20261130
PH-002,2026-11-28,history,-2,Samstag,6,48,1,0,,Pflegehilfskraft,Pflegehilfskraft,PFLEGEHILFE,0.5,19.25,4620,4620,4158,5082,5,2,2,0,0,1,Pflegehilfskraft,0,0.0,597,20,19,1,1,0,3374,1,,,,,F,0,,0,,3,2,2,1,1350,1,3,2,2,1,1181,1,2,1,2,0,844,0,ST-IK1,Normalstation Innere Medizin / Kardiologie,30,Innere Medizin und Kardiologie,10.0,22.0,06:00,14:00,450,,13:30,21:30,450,F,21:15,06:15,495,F|S,11,10,8,10,30,45,8,38.5,30,0.1,0,2.0.0,20261130
PK-001,2026-11-28,history,-2,Samstag,6,48,1,0,,Stationsleitung,Pflegefachkraft,EXAM|LEITUNG|PRAXISANLEITUNG,1.0,38.5,9240,4620,4158,5082,5,2,2,0,0,1,Pflegefachkraft,1,0.5,2130,20,19,1,1,0,3374,1,,,,,F,0,,0,,3,2,2,1,1350,1,3,2,2,1,1181,1,2,1,2,0,844,0,ST-IK1,Normalstation Innere Medizin / Kardiologie,30,Innere Medizin und Kardiologie,10.0,22.0,06:00,14:00,450,,13:30,21:30,450,F,21:15,06:15,495,F|S,11,10,8,10,30,45,8,38.5,30,0.1,0,2.0.0,20261130
PK-002,2026-11-28,history,-2,Samstag,6,48,1,0,,Pflegefachkraft,Pflegefachkraft,EXAM|PRAXISANLEITUNG|KARDIO_MONITORING,0.5,19.25,4620,4620,4158,5082,5,2,2,8,1,1,Pflegefachkraft,0,0.0,-885,20,19,1,1,0,3374,1,,,,,,0,,0,,3,2,2,1,1350,1,3,2,2,1,1181,1,2,1,2,0,844,0,ST-IK1,Normalstation Innere Medizin / Kardiologie,30,Innere Medizin und Kardiologie,10.0,22.0,06:00,14:00,450,,13:30,21:30,450,F,21:15,06:15,495,F|S,11,10,8,10,30,45,8,38.5,30,0.1,0,2.0.0,20261130
PK-003,2026-11-28,history,-2,Samstag,6,48,1,0,,Pflegefachkraft,Pflegefachkraft,EXAM,0.75,28.88,6931,6931,6238,7624,5,2,2,8,1,1,Pflegefachkraft,0,0.0,-1890,20,19,1,1,0,3374,1,,,,,,0,,0,,3,2,2,1,1350,1,3,2,2,1,1181,1,2,1,2,0,844,0,ST-IK1,Normalstation Innere Medizin / Kardiologie,30,Innere Medizin und Kardiologie,10.0,22.0,06:00,14:00,450,,13:30,21:30,450,F,21:15,06:15,495,F|S,11,10,8,10,30,45,8,38.5,30,0.1,0,2.0.0,20261130
PK-004,2026-11-28,history,-2,Samstag,6,48,1,0,,Pflegefachkraft,Pflegefachkraft,EXAM,0.75,28.88,6931,6931,6238,7624,5,2,2,8,1,1,Pflegefachkraft,0,0.0,-1890,20,19,1,1,0,3374,1,,,,,,0,,0,,3,2,2,1,1350,1,3,2,2,1,1181,1,2,1,2,0,844,0,ST-IK1,Normalstation Innere Medizin / Kardiologie,30,Innere Medizin und Kardiologie,10.0,22.0,06:00,14:00,450,,13:30,21:30,450,F,21:15,06:15,495,F|S,11,10,8,10,30,45,8,38.5,30,0.1,0,2.0.0,20261130
PK-005,2026-11-28,history,-2,Samstag,6,48,1,0,,Pflegefachkraft,Pflegefachkraft,EXAM,0.6,23.1,5544,5544,4990,6098,5,2,2,8,1,1,Pflegefachkraft,0,0.0,-1449,20,19,1,1,0,3374,1,,,,,,0,,0,,3,2,2,1,1350,1,3,2,2,1,1181,1,2,1,2,0,844,0,ST-IK1,Normalstation Innere Medizin / Kardiologie,30,Innere Medizin und Kardiologie,10.0,22.0,06:00,14:00,450,,13:30,21:30,450,F,21:15,06:15,495,F|S,11,10,8,10,30,45,8,38.5,30,0.1,0,2.0.0,20261130
PK-006,2026-11-28,history,-2,Samstag,6,48,1,0,,Pflegefachkraft,Pflegefachkraft,EXAM,1.0,38.5,9240,9240,8316,10164,5,2,2,8,1,1,Pflegefachkraft,0,0.0,-2670,20,19,1,1,0,3374,1,,,,,N,0,,0,,3,2,2,1,1350,1,3,2,2,1,1181,1,2,1,2,0,844,0,ST-IK1,Normalstation Innere Medizin / Kardiologie,30,Innere Medizin und Kardiologie,10.0,22.0,06:00,14:00,450,,13:30,21:30,450,F,21:15,06:15,495,F|S,11,10,8,10,30,45,8,38.5,30,0.1,0,2.0.0,20261130
PK-007,2026-11-28,history,-2,Samstag,6,48,1,0,,Pflegefachkraft,Pflegefachkraft,EXAM|PRAXISANLEITUNG,1.0,38.5,9240,9240,8316,10164,5,2,2,8,1,1,Pflegefachkraft,0,0.0,-2175,20,19,1,1,0,3374,1,,,,,,0,,0,,3,2,2,1,1350,1,3,2,2,1,1181,1,2,1,2,0,844,0,ST-IK1,Normalstation Innere Medizin / Kardiologie,30,Innere Medizin und Kardiologie,10.0,22.0,06:00,14:00,450,,13:30,21:30,450,F,21:15,06:15,495,F|S,11,10,8,10,30,45,8,38.5,30,0.1,0,2.0.0,20261130
PK-008,2026-11-28,history,-2,Samstag,6,48,1,0,,Pflegefachkraft,Pflegefachkraft,EXAM,0.6,23.1,5544,5544,4990,6098,5,2,2,8,1,1,Pflegefachkraft,0,0.0,-1449,20,19,1,1,0,3374,1,,,,,,0,,0,,3,2,2,1,1350,1,3,2,2,1,1181,1,2,1,2,0,844,0,ST-IK1,Normalstation Innere Medizin / Kardiologie,30,Innere Medizin und Kardiologie,10.0,22.0,06:00,14:00,450,,13:30,21:30,450,F,21:15,06:15,495,F|S,11,10,8,10,30,45,8,38.5,30,0.1,0,2.0.0,20261130
PK-009,2026-11-28,history,-2,Samstag,6,48,1,0,,Pflegefachkraft,Pflegefachkraft,EXAM,1.0,38.5,9240,9240,8316,10164,5,2,2,8,1,1,Pflegefachkraft,0,0.0,-2445,20,19,1,1,0,3374,1,,,,,S,0,,0,,3,2,2,1,1350,1,3,2,2,1,1181,1,2,1,2,0,844,0,ST-IK1,Normalstation Innere Medizin / Kardiologie,30,Innere Medizin und Kardiologie,10.0,22.0,06:00,14:00,450,,13:30,21:30,450,F,21:15,06:15,495,F|S,11,10,8,10,30,45,8,38.5,30,0.1,0,2.0.0,20261130
PK-010,2026-11-28,history,-2,Samstag,6,48,1,0,,Pflegefachkraft,Pflegefachkraft,EXAM,0.8,30.8,7392,7392,6653,8131,5,2,2,8,1,1,Pflegefachkraft,0,0.0,-1947,20,19,1,1,0,3374,1,,,,,F,0,,0,,3,2,2,1,1350,1,3,2,2,1,1181,1,2,1,2,0,844,0,ST-IK1,Normalstation Innere Medizin / Kardiologie,30,Innere Medizin und Kardiologie,10.0,22.0,06:00,14:00,450,,13:30,21:30,450,F,21:15,06:15,495,F|S,11,10,8,10,30,45,8,38.5,30,0.1,0,2.0.0,20261130
PK-011,2026-11-28,history,-2,Samstag,6,48,1,0,,Pflegefachkraft,Pflegefachkraft,EXAM|PRAXISANLEITUNG|KARDIO_MONITORING,1.0,38.5,9240,9240,8316,10164,5,2,2,8,1,1,Pflegefachkraft,0,0.0,-2445,20,19,1,1,0,3374,1,,,,,S,0,,0,,3,2,2,1,1350,1,3,2,2,1,1181,1,2,1,2,0,844,0,ST-IK1,Normalstation Innere Medizin / Kardiologie,30,Innere Medizin und Kardiologie,10.0,22.0,06:00,14:00,450,,13:30,21:30,450,F,21:15,06:15,495,F|S,11,10,8,10,30,45,8,38.5,30,0.1,0,2.0.0,20261130
PK-012,2026-11-28,history,-2,Samstag,6,48,1,0,,Pflegefachkraft,Pflegefachkraft,EXAM,1.0,38.5,9240,9240,8316,10164,5,2,2,8,1,1,Pflegefachkraft,0,0.0,1104,20,19,1,1,0,3374,1,,,,,,0,,0,,3,2,2,1,1350,1,3,2,2,1,1181,1,2,1,2,0,844,0,ST-IK1,Normalstation Innere Medizin / Kardiologie,30,Innere Medizin und Kardiologie,10.0,22.0,06:00,14:00,450,,13:30,21:30,450,F,21:15,06:15,495,F|S,11,10,8,10,30,45,8,38.5,30,0.1,0,2.0.0,20261130
PK-013,2026-11-28,history,-2,Samstag,6,48,1,0,,Pflegefachkraft,Pflegefachkraft,EXAM|PRAXISANLEITUNG|KARDIO_MONITORING,1.0,38.5,9240,9240,8316,10164,5,2,2,8,1,1,Pflegefachkraft,0,0.0,1104,20,19,1,1,0,3374,1,,,,,,0,,0,,3,2,2,1,1350,1,3,2,2,1,1181,1,2,1,2,0,844,0,ST-IK1,Normalstation Innere Medizin / Kardiologie,30,Innere Medizin und Kardiologie,10.0,22.0,06:00,14:00,450,,13:30,21:30,450,F,21:15,06:15,495,F|S,11,10,8,10,30,45,8,38.5,30,0.1,0,2.0.0,20261130
PK-014,2026-11-28,history,-2,Samstag,6,48,1,0,,Pflegefachkraft,Pflegefachkraft,EXAM|PRAXISANLEITUNG,0.9,34.65,8316,8316,7484,9148,5,2,2,8,1,1,Pflegefachkraft,0,0.0,-1926,20,19,1,1,0,3374,1,,,,,,0,,0,,3,2,2,1,1350,1,3,2,2,1,1181,1,2,1,2,0,844,0,ST-IK1,Normalstation Innere Medizin / Kardiologie,30,Innere Medizin und Kardiologie,10.0,22.0,06:00,14:00,450,,13:30,21:30,450,F,21:15,06:15,495,F|S,11,10,8,10,30,45,8,38.5,30,0.1,0,2.0.0,20261130
PK-015,2026-11-28,history,-2,Samstag,6,48,1,0,,Pflegefachkraft,Pflegefachkraft,EXAM|KARDIO_MONITORING,1.0,38.5,9240,9240,8316,10164,5,2,2,8,1,1,Pflegefachkraft,0,0.0,-2355,20,19,1,1,0,3374,1,,,,,S,0,,0,,3,2,2,1,1350,1,3,2,2,1,1181,1,2,1,2,0,844,0,ST-IK1,Normalstation Innere Medizin / Kardiologie,30,Innere Medizin und Kardiologie,10.0,22.0,06:00,14:00,450,,13:30,21:30,450,F,21:15,06:15,495,F|S,11,10,8,10,30,45,8,38.5,30,0.1,0,2.0.0,20261130
PK-016,2026-11-28,history,-2,Samstag,6,48,1,0,,Pflegefachkraft,Pflegefachkraft,EXAM|KARDIO_MONITORING,1.0,38.5,9240,9240,8316,10164,5,2,2,8,1,1,Pflegefachkraft,0,0.0,-2625,20,19,1,1,0,3374,1,,,,,N,0,,0,,3,2,2,1,1350,1,3,2,2,1,1181,1,2,1,2,0,844,0,ST-IK1,Normalstation Innere Medizin / Kardiologie,30,Innere Medizin und Kardiologie,10.0,22.0,06:00,14:00,450,,13:30,21:30,450,F,21:15,06:15,495,F|S,11,10,8,10,30,45,8,38.5,30,0.1,0,2.0.0,20261130
PK-017,2026-11-28,history,-2,Samstag,6,48,1,0,,Pflegefachkraft,Pflegefachkraft,EXAM,0.5,19.25,4620,4620,4158,5082,5,2,2,8,1,1,Pflegefachkraft,0,0.0,-885,20,19,1,1,0,3374,1,,,,,,0,,0,,3,2,2,1,1350,1,3,2,2,1,1181,1,2,1,2,0,844,0,ST-IK1,Normalstation Innere Medizin / Kardiologie,30,Innere Medizin und Kardiologie,10.0,22.0,06:00,14:00,450,,13:30,21:30,450,F,21:15,06:15,495,F|S,11,10,8,10,30,45,8,38.5,30,0.1,0,2.0.0,20261130
AZ-001,2026-11-29,history,-1,Sonntag,7,48,1,0,,Auszubildende_r_3_Ausbildungsjahr,Auszubildende,AUSZUBILDEND,1.0,38.5,9240,9240,8316,10164,5,2,2,8,1,0,nicht anrechenbar,0,0.0,-9240,19,17,1,2,2,3376,1,,,,,,0,,0,,3,2,2,1,1350,1,3,2,2,1,1182,1,2,1,2,0,844,0,ST-IK1,Normalstation Innere Medizin / Kardiologie,30,Innere Medizin und Kardiologie,10.0,22.0,06:00,14:00,450,,13:30,21:30,450,F,21:15,06:15,495,F|S,11,10,8,10,30,45,8,38.5,30,0.1,0,2.0.0,20261130
AZ-002,2026-11-29,history,-1,Sonntag,7,48,1,0,,Auszubildende_r_2_Ausbildungsjahr,Auszubildende,AUSZUBILDEND,1.0,38.5,9240,9240,8316,10164,5,2,2,8,1,0,nicht anrechenbar,0,0.0,-9240,19,17,1,2,2,3376,1,,,,,,0,,0,,3,2,2,1,1350,1,3,2,2,1,1182,1,2,1,2,0,844,0,ST-IK1,Normalstation Innere Medizin / Kardiologie,30,Innere Medizin und Kardiologie,10.0,22.0,06:00,14:00,450,,13:30,21:30,450,F,21:15,06:15,495,F|S,11,10,8,10,30,45,8,38.5,30,0.1,0,2.0.0,20261130
AZ-003,2026-11-29,history,-1,Sonntag,7,48,1,0,,Auszubildende_r_1_Ausbildungsjahr,Auszubildende,AUSZUBILDEND,1.0,38.5,9240,9240,8316,10164,5,2,2,0,0,0,nicht anrechenbar,0,0.0,-9240,19,17,1,2,2,3376,1,,,,,,0,,0,,3,2,2,1,1350,1,3,2,2,1,1182,1,2,1,2,0,844,0,ST-IK1,Normalstation Innere Medizin / Kardiologie,30,Innere Medizin und Kardiologie,10.0,22.0,06:00,14:00,450,,13:30,21:30,450,F,21:15,06:15,495,F|S,11,10,8,10,30,45,8,38.5,30,0.1,0,2.0.0,20261130
PH-001,2026-11-29,history,-1,Sonntag,7,48,1,0,,Pflegehilfskraft,Pflegehilfskraft,PFLEGEHILFE,0.75,28.88,6931,6931,6238,7624,5,2,2,0,0,1,Pflegehilfskraft,0,0.0,-1530,19,17,1,2,2,3376,1,,,,,S,0,,0,,3,2,2,1,1350,1,3,2,2,1,1182,1,2,1,2,0,844,0,ST-IK1,Normalstation Innere Medizin / Kardiologie,30,Innere Medizin und Kardiologie,10.0,22.0,06:00,14:00,450,,13:30,21:30,450,F,21:15,06:15,495,F|S,11,10,8,10,30,45,8,38.5,30,0.1,0,2.0.0,20261130
PH-002,2026-11-29,history,-1,Sonntag,7,48,1,0,,Pflegehilfskraft,Pflegehilfskraft,PFLEGEHILFE,0.5,19.25,4620,4620,4158,5082,5,2,2,0,0,1,Pflegehilfskraft,0,0.0,597,19,17,1,2,2,3376,1,,,,,F,0,,0,,3,2,2,1,1350,1,3,2,2,1,1182,1,2,1,2,0,844,0,ST-IK1,Normalstation Innere Medizin / Kardiologie,30,Innere Medizin und Kardiologie,10.0,22.0,06:00,14:00,450,,13:30,21:30,450,F,21:15,06:15,495,F|S,11,10,8,10,30,45,8,38.5,30,0.1,0,2.0.0,20261130
PK-001,2026-11-29,history,-1,Sonntag,7,48,1,0,,Stationsleitung,Pflegefachkraft,EXAM|LEITUNG|PRAXISANLEITUNG,1.0,38.5,9240,4620,4158,5082,5,2,2,0,0,1,Pflegefachkraft,1,0.5,2130,19,17,1,2,2,3376,1,,,,,,0,,0,,3,2,2,1,1350,1,3,2,2,1,1182,1,2,1,2,0,844,0,ST-IK1,Normalstation Innere Medizin / Kardiologie,30,Innere Medizin und Kardiologie,10.0,22.0,06:00,14:00,450,,13:30,21:30,450,F,21:15,06:15,495,F|S,11,10,8,10,30,45,8,38.5,30,0.1,0,2.0.0,20261130
PK-002,2026-11-29,history,-1,Sonntag,7,48,1,0,,Pflegefachkraft,Pflegefachkraft,EXAM|PRAXISANLEITUNG|KARDIO_MONITORING,0.5,19.25,4620,4620,4158,5082,5,2,2,8,1,1,Pflegefachkraft,0,0.0,-885,19,17,1,2,2,3376,1,,,,,N,0,,0,,3,2,2,1,1350,1,3,2,2,1,1182,1,2,1,2,0,844,0,ST-IK1,Normalstation Innere Medizin / Kardiologie,30,Innere Medizin und Kardiologie,10.0,22.0,06:00,14:00,450,,13:30,21:30,450,F,21:15,06:15,495,F|S,11,10,8,10,30,45,8,38.5,30,0.1,0,2.0.0,20261130
PK-003,2026-11-29,history,-1,Sonntag,7,48,1,0,,Pflegefachkraft,Pflegefachkraft,EXAM,0.75,28.88,6931,6931,6238,7624,5,2,2,8,1,1,Pflegefachkraft,0,0.0,-1890,19,17,1,2,2,3376,1,,,,,,0,,0,,3,2,2,1,1350,1,3,2,2,1,1182,1,2,1,2,0,844,0,ST-IK1,Normalstation Innere Medizin / Kardiologie,30,Innere Medizin und Kardiologie,10.0,22.0,06:00,14:00,450,,13:30,21:30,450,F,21:15,06:15,495,F|S,11,10,8,10,30,45,8,38.5,30,0.1,0,2.0.0,20261130
PK-004,2026-11-29,history,-1,Sonntag,7,48,1,0,,Pflegefachkraft,Pflegefachkraft,EXAM,0.75,28.88,6931,6931,6238,7624,5,2,2,8,1,1,Pflegefachkraft,0,0.0,-1890,19,17,1,2,2,3376,1,,,,,,0,,0,,3,2,2,1,1350,1,3,2,2,1,1182,1,2,1,2,0,844,0,ST-IK1,Normalstation Innere Medizin / Kardiologie,30,Innere Medizin und Kardiologie,10.0,22.0,06:00,14:00,450,,13:30,21:30,450,F,21:15,06:15,495,F|S,11,10,8,10,30,45,8,38.5,30,0.1,0,2.0.0,20261130
PK-005,2026-11-29,history,-1,Sonntag,7,48,1,0,,Pflegefachkraft,Pflegefachkraft,EXAM,0.6,23.1,5544,5544,4990,6098,5,2,2,8,1,1,Pflegefachkraft,0,0.0,-1449,19,17,1,2,2,3376,1,,,,,,0,,0,,3,2,2,1,1350,1,3,2,2,1,1182,1,2,1,2,0,844,0,ST-IK1,Normalstation Innere Medizin / Kardiologie,30,Innere Medizin und Kardiologie,10.0,22.0,06:00,14:00,450,,13:30,21:30,450,F,21:15,06:15,495,F|S,11,10,8,10,30,45,8,38.5,30,0.1,0,2.0.0,20261130
PK-006,2026-11-29,history,-1,Sonntag,7,48,1,0,,Pflegefachkraft,Pflegefachkraft,EXAM,1.0,38.5,9240,9240,8316,10164,5,2,2,8,1,1,Pflegefachkraft,0,0.0,-2670,19,17,1,2,2,3376,1,,,,,,0,,0,,3,2,2,1,1350,1,3,2,2,1,1182,1,2,1,2,0,844,0,ST-IK1,Normalstation Innere Medizin / Kardiologie,30,Innere Medizin und Kardiologie,10.0,22.0,06:00,14:00,450,,13:30,21:30,450,F,21:15,06:15,495,F|S,11,10,8,10,30,45,8,38.5,30,0.1,0,2.0.0,20261130
PK-007,2026-11-29,history,-1,Sonntag,7,48,1,0,,Pflegefachkraft,Pflegefachkraft,EXAM|PRAXISANLEITUNG,1.0,38.5,9240,9240,8316,10164,5,2,2,8,1,1,Pflegefachkraft,0,0.0,-2175,19,17,1,2,2,3376,1,,,,,F,0,,0,,3,2,2,1,1350,1,3,2,2,1,1182,1,2,1,2,0,844,0,ST-IK1,Normalstation Innere Medizin / Kardiologie,30,Innere Medizin und Kardiologie,10.0,22.0,06:00,14:00,450,,13:30,21:30,450,F,21:15,06:15,495,F|S,11,10,8,10,30,45,8,38.5,30,0.1,0,2.0.0,20261130
PK-008,2026-11-29,history,-1,Sonntag,7,48,1,0,,Pflegefachkraft,Pflegefachkraft,EXAM,0.6,23.1,5544,5544,4990,6098,5,2,2,8,1,1,Pflegefachkraft,0,0.0,-1449,19,17,1,2,2,3376,1,,,,,,0,,0,,3,2,2,1,1350,1,3,2,2,1,1182,1,2,1,2,0,844,0,ST-IK1,Normalstation Innere Medizin / Kardiologie,30,Innere Medizin und Kardiologie,10.0,22.0,06:00,14:00,450,,13:30,21:30,450,F,21:15,06:15,495,F|S,11,10,8,10,30,45,8,38.5,30,0.1,0,2.0.0,20261130
PK-009,2026-11-29,history,-1,Sonntag,7,48,1,0,,Pflegefachkraft,Pflegefachkraft,EXAM,1.0,38.5,9240,9240,8316,10164,5,2,2,8,1,1,Pflegefachkraft,0,0.0,-2445,19,17,1,2,2,3376,1,,,,,,0,,0,,3,2,2,1,1350,1,3,2,2,1,1182,1,2,1,2,0,844,0,ST-IK1,Normalstation Innere Medizin / Kardiologie,30,Innere Medizin und Kardiologie,10.0,22.0,06:00,14:00,450,,13:30,21:30,450,F,21:15,06:15,495,F|S,11,10,8,10,30,45,8,38.5,30,0.1,0,2.0.0,20261130
PK-010,2026-11-29,history,-1,Sonntag,7,48,1,0,,Pflegefachkraft,Pflegefachkraft,EXAM,0.8,30.8,7392,7392,6653,8131,5,2,2,8,1,1,Pflegefachkraft,0,0.0,-1947,19,17,1,2,2,3376,1,,,,,,0,,0,,3,2,2,1,1350,1,3,2,2,1,1182,1,2,1,2,0,844,0,ST-IK1,Normalstation Innere Medizin / Kardiologie,30,Innere Medizin und Kardiologie,10.0,22.0,06:00,14:00,450,,13:30,21:30,450,F,21:15,06:15,495,F|S,11,10,8,10,30,45,8,38.5,30,0.1,0,2.0.0,20261130
PK-011,2026-11-29,history,-1,Sonntag,7,48,1,0,,Pflegefachkraft,Pflegefachkraft,EXAM|PRAXISANLEITUNG|KARDIO_MONITORING,1.0,38.5,9240,9240,8316,10164,5,2,2,8,1,1,Pflegefachkraft,0,0.0,-2445,19,17,1,2,2,3376,1,,,,,,0,,0,,3,2,2,1,1350,1,3,2,2,1,1182,1,2,1,2,0,844,0,ST-IK1,Normalstation Innere Medizin / Kardiologie,30,Innere Medizin und Kardiologie,10.0,22.0,06:00,14:00,450,,13:30,21:30,450,F,21:15,06:15,495,F|S,11,10,8,10,30,45,8,38.5,30,0.1,0,2.0.0,20261130
PK-012,2026-11-29,history,-1,Sonntag,7,48,1,0,,Pflegefachkraft,Pflegefachkraft,EXAM,1.0,38.5,9240,9240,8316,10164,5,2,2,8,1,1,Pflegefachkraft,0,0.0,1104,19,17,1,2,2,3376,1,,,,,S,0,,0,,3,2,2,1,1350,1,3,2,2,1,1182,1,2,1,2,0,844,0,ST-IK1,Normalstation Innere Medizin / Kardiologie,30,Innere Medizin und Kardiologie,10.0,22.0,06:00,14:00,450,,13:30,21:30,450,F,21:15,06:15,495,F|S,11,10,8,10,30,45,8,38.5,30,0.1,0,2.0.0,20261130
PK-013,2026-11-29,history,-1,Sonntag,7,48,1,0,,Pflegefachkraft,Pflegefachkraft,EXAM|PRAXISANLEITUNG|KARDIO_MONITORING,1.0,38.5,9240,9240,8316,10164,5,2,2,8,1,1,Pflegefachkraft,0,0.0,1104,19,17,1,2,2,3376,1,,,,,S,0,,0,,3,2,2,1,1350,1,3,2,2,1,1182,1,2,1,2,0,844,0,ST-IK1,Normalstation Innere Medizin / Kardiologie,30,Innere Medizin und Kardiologie,10.0,22.0,06:00,14:00,450,,13:30,21:30,450,F,21:15,06:15,495,F|S,11,10,8,10,30,45,8,38.5,30,0.1,0,2.0.0,20261130
PK-014,2026-11-29,history,-1,Sonntag,7,48,1,0,,Pflegefachkraft,Pflegefachkraft,EXAM|PRAXISANLEITUNG,0.9,34.65,8316,8316,7484,9148,5,2,2,8,1,1,Pflegefachkraft,0,0.0,-1926,19,17,1,2,2,3376,1,,,,,F,0,,0,,3,2,2,1,1350,1,3,2,2,1,1182,1,2,1,2,0,844,0,ST-IK1,Normalstation Innere Medizin / Kardiologie,30,Innere Medizin und Kardiologie,10.0,22.0,06:00,14:00,450,,13:30,21:30,450,F,21:15,06:15,495,F|S,11,10,8,10,30,45,8,38.5,30,0.1,0,2.0.0,20261130
PK-015,2026-11-29,history,-1,Sonntag,7,48,1,0,,Pflegefachkraft,Pflegefachkraft,EXAM|KARDIO_MONITORING,1.0,38.5,9240,9240,8316,10164,5,2,2,8,1,1,Pflegefachkraft,0,0.0,-2355,19,17,1,2,2,3376,1,,,,,,0,,0,,3,2,2,1,1350,1,3,2,2,1,1182,1,2,1,2,0,844,0,ST-IK1,Normalstation Innere Medizin / Kardiologie,30,Innere Medizin und Kardiologie,10.0,22.0,06:00,14:00,450,,13:30,21:30,450,F,21:15,06:15,495,F|S,11,10,8,10,30,45,8,38.5,30,0.1,0,2.0.0,20261130
PK-016,2026-11-29,history,-1,Sonntag,7,48,1,0,,Pflegefachkraft,Pflegefachkraft,EXAM|KARDIO_MONITORING,1.0,38.5,9240,9240,8316,10164,5,2,2,8,1,1,Pflegefachkraft,0,0.0,-2625,19,17,1,2,2,3376,1,,,,,,0,,0,,3,2,2,1,1350,1,3,2,2,1,1182,1,2,1,2,0,844,0,ST-IK1,Normalstation Innere Medizin / Kardiologie,30,Innere Medizin und Kardiologie,10.0,22.0,06:00,14:00,450,,13:30,21:30,450,F,21:15,06:15,495,F|S,11,10,8,10,30,45,8,38.5,30,0.1,0,2.0.0,20261130
PK-017,2026-11-29,history,-1,Sonntag,7,48,1,0,,Pflegefachkraft,Pflegefachkraft,EXAM,0.5,19.25,4620,4620,4158,5082,5,2,2,8,1,1,Pflegefachkraft,0,0.0,-885,19,17,1,2,2,3376,1,,,,,N,0,,0,,3,2,2,1,1350,1,3,2,2,1,1182,1,2,1,2,0,844,0,ST-IK1,Normalstation Innere Medizin / Kardiologie,30,Innere Medizin und Kardiologie,10.0,22.0,06:00,14:00,450,,13:30,21:30,450,F,21:15,06:15,495,F|S,11,10,8,10,30,45,8,38.5,30,0.1,0,2.0.0,20261130
AZ-001,2026-11-30,plan,0,Montag,1,49,0,0,,Auszubildende_r_3_Ausbildungsjahr,Auszubildende,AUSZUBILDEND,1.0,38.5,9240,9240,8316,10164,5,2,2,8,1,0,nicht anrechenbar,0,0.0,-9240,23,21,3,1,1,3798,1,,,,,,0,,0,,3,3,2,1,1519,1,3,3,2,1,1329,1,2,1,2,0,950,0,ST-IK1,Normalstation Innere Medizin / Kardiologie,30,Innere Medizin und Kardiologie,10.0,22.0,06:00,14:00,450,,13:30,21:30,450,F,21:15,06:15,495,F|S,11,10,8,10,30,45,8,38.5,30,0.1,0,2.0.0,20261130
AZ-002,2026-11-30,plan,0,Montag,1,49,0,0,,Auszubildende_r_2_Ausbildungsjahr,Auszubildende,AUSZUBILDEND,1.0,38.5,9240,9240,8316,10164,5,2,2,8,1,0,nicht anrechenbar,0,0.0,-9240,23,21,3,1,1,3798,1,,,,,,0,,0,,3,3,2,1,1519,1,3,3,2,1,1329,1,2,1,2,0,950,0,ST-IK1,Normalstation Innere Medizin / Kardiologie,30,Innere Medizin und Kardiologie,10.0,22.0,06:00,14:00,450,,13:30,21:30,450,F,21:15,06:15,495,F|S,11,10,8,10,30,45,8,38.5,30,0.1,0,2.0.0,20261130
AZ-003,2026-11-30,plan,0,Montag,1,49,0,0,,Auszubildende_r_1_Ausbildungsjahr,Auszubildende,AUSZUBILDEND,1.0,38.5,9240,9240,8316,10164,5,2,2,0,0,0,nicht anrechenbar,0,0.0,-9240,23,21,3,1,1,3798,1,,,,,,0,,0,,3,3,2,1,1519,1,3,3,2,1,1329,1,2,1,2,0,950,0,ST-IK1,Normalstation Innere Medizin / Kardiologie,30,Innere Medizin und Kardiologie,10.0,22.0,06:00,14:00,450,,13:30,21:30,450,F,21:15,06:15,495,F|S,11,10,8,10,30,45,8,38.5,30,0.1,0,2.0.0,20261130
PH-001,2026-11-30,plan,0,Montag,1,49,0,0,,Pflegehilfskraft,Pflegehilfskraft,PFLEGEHILFE,0.75,28.88,6931,6931,6238,7624,5,2,2,0,0,1,Pflegehilfskraft,0,0.0,-1530,23,21,3,1,1,3798,1,,,,,,0,,0,,3,3,2,1,1519,1,3,3,2,1,1329,1,2,1,2,0,950,0,ST-IK1,Normalstation Innere Medizin / Kardiologie,30,Innere Medizin und Kardiologie,10.0,22.0,06:00,14:00,450,,13:30,21:30,450,F,21:15,06:15,495,F|S,11,10,8,10,30,45,8,38.5,30,0.1,0,2.0.0,20261130
PH-002,2026-11-30,plan,0,Montag,1,49,0,0,,Pflegehilfskraft,Pflegehilfskraft,PFLEGEHILFE,0.5,19.25,4620,4620,4158,5082,5,2,2,0,0,1,Pflegehilfskraft,0,0.0,597,23,21,3,1,1,3798,1,,,,,,0,,0,,3,3,2,1,1519,1,3,3,2,1,1329,1,2,1,2,0,950,0,ST-IK1,Normalstation Innere Medizin / Kardiologie,30,Innere Medizin und Kardiologie,10.0,22.0,06:00,14:00,450,,13:30,21:30,450,F,21:15,06:15,495,F|S,11,10,8,10,30,45,8,38.5,30,0.1,0,2.0.0,20261130
PK-001,2026-11-30,plan,0,Montag,1,49,0,0,,Stationsleitung,Pflegefachkraft,EXAM|LEITUNG|PRAXISANLEITUNG,1.0,38.5,9240,4620,4158,5082,5,2,2,0,0,1,Pflegefachkraft,1,0.5,2130,23,21,3,1,1,3798,1,,,,,,0,,0,,3,3,2,1,1519,1,3,3,2,1,1329,1,2,1,2,0,950,0,ST-IK1,Normalstation Innere Medizin / Kardiologie,30,Innere Medizin und Kardiologie,10.0,22.0,06:00,14:00,450,,13:30,21:30,450,F,21:15,06:15,495,F|S,11,10,8,10,30,45,8,38.5,30,0.1,0,2.0.0,20261130
PK-002,2026-11-30,plan,0,Montag,1,49,0,0,,Pflegefachkraft,Pflegefachkraft,EXAM|PRAXISANLEITUNG|KARDIO_MONITORING,0.5,19.25,4620,4620,4158,5082,5,2,2,8,1,1,Pflegefachkraft,0,0.0,-885,23,21,3,1,1,3798,1,,,,,,0,,0,,3,3,2,1,1519,1,3,3,2,1,1329,1,2,1,2,0,950,0,ST-IK1,Normalstation Innere Medizin / Kardiologie,30,Innere Medizin und Kardiologie,10.0,22.0,06:00,14:00,450,,13:30,21:30,450,F,21:15,06:15,495,F|S,11,10,8,10,30,45,8,38.5,30,0.1,0,2.0.0,20261130
PK-003,2026-11-30,plan,0,Montag,1,49,0,0,,Pflegefachkraft,Pflegefachkraft,EXAM,0.75,28.88,6931,6931,6238,7624,5,2,2,8,1,1,Pflegefachkraft,0,0.0,-1890,23,21,3,1,1,3798,1,,,,,,0,,0,,3,3,2,1,1519,1,3,3,2,1,1329,1,2,1,2,0,950,0,ST-IK1,Normalstation Innere Medizin / Kardiologie,30,Innere Medizin und Kardiologie,10.0,22.0,06:00,14:00,450,,13:30,21:30,450,F,21:15,06:15,495,F|S,11,10,8,10,30,45,8,38.5,30,0.1,0,2.0.0,20261130
PK-004,2026-11-30,plan,0,Montag,1,49,0,0,,Pflegefachkraft,Pflegefachkraft,EXAM,0.75,28.88,6931,6931,6238,7624,5,2,2,8,1,1,Pflegefachkraft,0,0.0,-1890,23,21,3,1,1,3798,1,,,,,,0,,0,,3,3,2,1,1519,1,3,3,2,1,1329,1,2,1,2,0,950,0,ST-IK1,Normalstation Innere Medizin / Kardiologie,30,Innere Medizin und Kardiologie,10.0,22.0,06:00,14:00,450,,13:30,21:30,450,F,21:15,06:15,495,F|S,11,10,8,10,30,45,8,38.5,30,0.1,0,2.0.0,20261130
PK-005,2026-11-30,plan,0,Montag,1,49,0,0,,Pflegefachkraft,Pflegefachkraft,EXAM,0.6,23.1,5544,5544,4990,6098,5,2,2,8,1,1,Pflegefachkraft,0,0.0,-1449,23,21,3,1,1,3798,1,,,,,,0,,0,,3,3,2,1,1519,1,3,3,2,1,1329,1,2,1,2,0,950,0,ST-IK1,Normalstation Innere Medizin / Kardiologie,30,Innere Medizin und Kardiologie,10.0,22.0,06:00,14:00,450,,13:30,21:30,450,F,21:15,06:15,495,F|S,11,10,8,10,30,45,8,38.5,30,0.1,0,2.0.0,20261130
PK-006,2026-11-30,plan,0,Montag,1,49,0,0,,Pflegefachkraft,Pflegefachkraft,EXAM,1.0,38.5,9240,9240,8316,10164,5,2,2,8,1,1,Pflegefachkraft,0,0.0,-2670,23,21,3,1,1,3798,1,,,,,,0,,0,,3,3,2,1,1519,1,3,3,2,1,1329,1,2,1,2,0,950,0,ST-IK1,Normalstation Innere Medizin / Kardiologie,30,Innere Medizin und Kardiologie,10.0,22.0,06:00,14:00,450,,13:30,21:30,450,F,21:15,06:15,495,F|S,11,10,8,10,30,45,8,38.5,30,0.1,0,2.0.0,20261130
PK-007,2026-11-30,plan,0,Montag,1,49,0,0,,Pflegefachkraft,Pflegefachkraft,EXAM|PRAXISANLEITUNG,1.0,38.5,9240,9240,8316,10164,5,2,2,8,1,1,Pflegefachkraft,0,0.0,-2175,23,21,3,1,1,3798,1,,,,,,0,,0,,3,3,2,1,1519,1,3,3,2,1,1329,1,2,1,2,0,950,0,ST-IK1,Normalstation Innere Medizin / Kardiologie,30,Innere Medizin und Kardiologie,10.0,22.0,06:00,14:00,450,,13:30,21:30,450,F,21:15,06:15,495,F|S,11,10,8,10,30,45,8,38.5,30,0.1,0,2.0.0,20261130
PK-008,2026-11-30,plan,0,Montag,1,49,0,0,,Pflegefachkraft,Pflegefachkraft,EXAM,0.6,23.1,5544,5544,4990,6098,5,2,2,8,1,1,Pflegefachkraft,0,0.0,-1449,23,21,3,1,1,3798,1,,,,,,0,,0,,3,3,2,1,1519,1,3,3,2,1,1329,1,2,1,2,0,950,0,ST-IK1,Normalstation Innere Medizin / Kardiologie,30,Innere Medizin und Kardiologie,10.0,22.0,06:00,14:00,450,,13:30,21:30,450,F,21:15,06:15,495,F|S,11,10,8,10,30,45,8,38.5,30,0.1,0,2.0.0,20261130
PK-009,2026-11-30,plan,0,Montag,1,49,0,0,,Pflegefachkraft,Pflegefachkraft,EXAM,1.0,38.5,9240,9240,8316,10164,5,2,2,8,1,1,Pflegefachkraft,0,0.0,-2445,23,21,3,1,1,3798,1,,,,,,0,,0,,3,3,2,1,1519,1,3,3,2,1,1329,1,2,1,2,0,950,0,ST-IK1,Normalstation Innere Medizin / Kardiologie,30,Innere Medizin und Kardiologie,10.0,22.0,06:00,14:00,450,,13:30,21:30,450,F,21:15,06:15,495,F|S,11,10,8,10,30,45,8,38.5,30,0.1,0,2.0.0,20261130
PK-010,2026-11-30,plan,0,Montag,1,49,0,0,,Pflegefachkraft,Pflegefachkraft,EXAM,0.8,30.8,7392,7392,6653,8131,5,2,2,8,1,1,Pflegefachkraft,0,0.0,-1947,23,21,3,1,1,3798,1,,,,,,0,,0,,3,3,2,1,1519,1,3,3,2,1,1329,1,2,1,2,0,950,0,ST-IK1,Normalstation Innere Medizin / Kardiologie,30,Innere Medizin und Kardiologie,10.0,22.0,06:00,14:00,450,,13:30,21:30,450,F,21:15,06:15,495,F|S,11,10,8,10,30,45,8,38.5,30,0.1,0,2.0.0,20261130
PK-011,2026-11-30,plan,0,Montag,1,49,0,0,,Pflegefachkraft,Pflegefachkraft,EXAM|PRAXISANLEITUNG|KARDIO_MONITORING,1.0,38.5,9240,9240,8316,10164,5,2,2,8,1,1,Pflegefachkraft,0,0.0,-2445,23,21,3,1,1,3798,1,,,,,,0,,0,,3,3,2,1,1519,1,3,3,2,1,1329,1,2,1,2,0,950,0,ST-IK1,Normalstation Innere Medizin / Kardiologie,30,Innere Medizin und Kardiologie,10.0,22.0,06:00,14:00,450,,13:30,21:30,450,F,21:15,06:15,495,F|S,11,10,8,10,30,45,8,38.5,30,0.1,0,2.0.0,20261130
PK-012,2026-11-30,plan,0,Montag,1,49,0,0,,Pflegefachkraft,Pflegefachkraft,EXAM,1.0,38.5,9240,9240,8316,10164,5,2,2,8,1,1,Pflegefachkraft,0,0.0,1104,23,21,3,1,1,3798,1,,,,,,0,,0,,3,3,2,1,1519,1,3,3,2,1,1329,1,2,1,2,0,950,0,ST-IK1,Normalstation Innere Medizin / Kardiologie,30,Innere Medizin und Kardiologie,10.0,22.0,06:00,14:00,450,,13:30,21:30,450,F,21:15,06:15,495,F|S,11,10,8,10,30,45,8,38.5,30,0.1,0,2.0.0,20261130
PK-013,2026-11-30,plan,0,Montag,1,49,0,0,,Pflegefachkraft,Pflegefachkraft,EXAM|PRAXISANLEITUNG|KARDIO_MONITORING,1.0,38.5,9240,9240,8316,10164,5,2,2,8,1,1,Pflegefachkraft,0,0.0,1104,23,21,3,1,1,3798,1,,,,,,0,,0,,3,3,2,1,1519,1,3,3,2,1,1329,1,2,1,2,0,950,0,ST-IK1,Normalstation Innere Medizin / Kardiologie,30,Innere Medizin und Kardiologie,10.0,22.0,06:00,14:00,450,,13:30,21:30,450,F,21:15,06:15,495,F|S,11,10,8,10,30,45,8,38.5,30,0.1,0,2.0.0,20261130
PK-014,2026-11-30,plan,0,Montag,1,49,0,0,,Pflegefachkraft,Pflegefachkraft,EXAM|PRAXISANLEITUNG,0.9,34.65,8316,8316,7484,9148,5,2,2,8,1,1,Pflegefachkraft,0,0.0,-1926,23,21,3,1,1,3798,1,,,,,,0,,0,,3,3,2,1,1519,1,3,3,2,1,1329,1,2,1,2,0,950,0,ST-IK1,Normalstation Innere Medizin / Kardiologie,30,Innere Medizin und Kardiologie,10.0,22.0,06:00,14:00,450,,13:30,21:30,450,F,21:15,06:15,495,F|S,11,10,8,10,30,45,8,38.5,30,0.1,0,2.0.0,20261130
PK-015,2026-11-30,plan,0,Montag,1,49,0,0,,Pflegefachkraft,Pflegefachkraft,EXAM|KARDIO_MONITORING,1.0,38.5,9240,9240,8316,10164,5,2,2,8,1,1,Pflegefachkraft,0,0.0,-2355,23,21,3,1,1,3798,1,,,,,,0,,0,,3,3,2,1,1519,1,3,3,2,1,1329,1,2,1,2,0,950,0,ST-IK1,Normalstation Innere Medizin / Kardiologie,30,Innere Medizin und Kardiologie,10.0,22.0,06:00,14:00,450,,13:30,21:30,450,F,21:15,06:15,495,F|S,11,10,8,10,30,45,8,38.5,30,0.1,0,2.0.0,20261130
PK-016,2026-11-30,plan,0,Montag,1,49,0,0,,Pflegefachkraft,Pflegefachkraft,EXAM|KARDIO_MONITORING,1.0,38.5,9240,9240,8316,10164,5,2,2,8,1,1,Pflegefachkraft,0,0.0,-2625,23,21,3,1,1,3798,1,,,,,,0,,0,,3,3,2,1,1519,1,3,3,2,1,1329,1,2,1,2,0,950,0,ST-IK1,Normalstation Innere Medizin / Kardiologie,30,Innere Medizin und Kardiologie,10.0,22.0,06:00,14:00,450,,13:30,21:30,450,F,21:15,06:15,495,F|S,11,10,8,10,30,45,8,38.5,30,0.1,0,2.0.0,20261130
PK-017,2026-11-30,plan,0,Montag,1,49,0,0,,Pflegefachkraft,Pflegefachkraft,EXAM,0.5,19.25,4620,4620,4158,5082,5,2,2,8,1,1,Pflegefachkraft,0,0.0,-885,23,21,3,1,1,3798,0,LANGZEITABWESENHEIT,,,,,0,,0,,3,3,2,1,1519,1,3,3,2,1,1329,1,2,1,2,0,950,0,ST-IK1,Normalstation Innere Medizin / Kardiologie,30,Innere Medizin und Kardiologie,10.0,22.0,06:00,14:00,450,,13:30,21:30,450,F,21:15,06:15,495,F|S,11,10,8,10,30,45,8,38.5,30,0.1,0,2.0.0,20261130
AZ-001,2026-12-01,plan,1,Dienstag,2,49,0,0,,Auszubildende_r_3_Ausbildungsjahr,Auszubildende,AUSZUBILDEND,1.0,38.5,9240,9240,8316,10164,5,2,2,8,1,0,nicht anrechenbar,0,0.0,-9240,22,21,3,4,2,3926,1,,,,,,0,,0,,3,3,2,1,1570,1,3,3,2,1,1374,1,2,1,2,0,982,0,ST-IK1,Normalstation Innere Medizin / Kardiologie,30,Innere Medizin und Kardiologie,10.0,22.0,06:00,14:00,450,,13:30,21:30,450,F,21:15,06:15,495,F|S,11,10,8,10,30,45,8,38.5,30,0.1,0,2.0.0,20261130
AZ-002,2026-12-01,plan,1,Dienstag,2,49,0,0,,Auszubildende_r_2_Ausbildungsjahr,Auszubildende,AUSZUBILDEND,1.0,38.5,9240,9240,8316,10164,5,2,2,8,1,0,nicht anrechenbar,0,0.0,-9240,22,21,3,4,2,3926,1,,,,,,0,,0,,3,3,2,1,1570,1,3,3,2,1,1374,1,2,1,2,0,982,0,ST-IK1,Normalstation Innere Medizin / Kardiologie,30,Innere Medizin und Kardiologie,10.0,22.0,06:00,14:00,450,,13:30,21:30,450,F,21:15,06:15,495,F|S,11,10,8,10,30,45,8,38.5,30,0.1,0,2.0.0,20261130
AZ-003,2026-12-01,plan,1,Dienstag,2,49,0,0,,Auszubildende_r_1_Ausbildungsjahr,Auszubildende,AUSZUBILDEND,1.0,38.5,9240,9240,8316,10164,5,2,2,0,0,0,nicht anrechenbar,0,0.0,-9240,22,21,3,4,2,3926,0,URLAUB,,,,,0,,0,,3,3,2,1,1570,1,3,3,2,1,1374,1,2,1,2,0,982,0,ST-IK1,Normalstation Innere Medizin / Kardiologie,30,Innere Medizin und Kardiologie,10.0,22.0,06:00,14:00,450,,13:30,21:30,450,F,21:15,06:15,495,F|S,11,10,8,10,30,45,8,38.5,30,0.1,0,2.0.0,20261130
PH-001,2026-12-01,plan,1,Dienstag,2,49,0,0,,Pflegehilfskraft,Pflegehilfskraft,PFLEGEHILFE,0.75,28.88,6931,6931,6238,7624,5,2,2,0,0,1,Pflegehilfskraft,0,0.0,-1530,22,21,3,4,2,3926,1,,,,,,0,,0,,3,3,2,1,1570,1,3,3,2,1,1374,1,2,1,2,0,982,0,ST-IK1,Normalstation Innere Medizin / Kardiologie,30,Innere Medizin und Kardiologie,10.0,22.0,06:00,14:00,450,,13:30,21:30,450,F,21:15,06:15,495,F|S,11,10,8,10,30,45,8,38.5,30,0.1,0,2.0.0,20261130
PH-002,2026-12-01,plan,1,Dienstag,2,49,0,0,,Pflegehilfskraft,Pflegehilfskraft,PFLEGEHILFE,0.5,19.25,4620,4620,4158,5082,5,2,2,0,0,1,Pflegehilfskraft,0,0.0,597,22,21,3,4,2,3926,1,,,,,,0,,0,,3,3,2,1,1570,1,3,3,2,1,1374,1,2,1,2,0,982,0,ST-IK1,Normalstation Innere Medizin / Kardiologie,30,Innere Medizin und Kardiologie,10.0,22.0,06:00,14:00,450,,13:30,21:30,450,F,21:15,06:15,495,F|S,11,10,8,10,30,45,8,38.5,30,0.1,0,2.0.0,20261130
PK-001,2026-12-01,plan,1,Dienstag,2,49,0,0,,Stationsleitung,Pflegefachkraft,EXAM|LEITUNG|PRAXISANLEITUNG,1.0,38.5,9240,4620,4158,5082,5,2,2,0,0,1,Pflegefachkraft,1,0.5,2130,22,21,3,4,2,3926,1,,,,,,0,,0,,3,3,2,1,1570,1,3,3,2,1,1374,1,2,1,2,0,982,0,ST-IK1,Normalstation Innere Medizin / Kardiologie,30,Innere Medizin und Kardiologie,10.0,22.0,06:00,14:00,450,,13:30,21:30,450,F,21:15,06:15,495,F|S,11,10,8,10,30,45,8,38.5,30,0.1,0,2.0.0,20261130
PK-002,2026-12-01,plan,1,Dienstag,2,49,0,0,,Pflegefachkraft,Pflegefachkraft,EXAM|PRAXISANLEITUNG|KARDIO_MONITORING,0.5,19.25,4620,4620,4158,5082,5,2,2,8,1,1,Pflegefachkraft,0,0.0,-885,22,21,3,4,2,3926,1,,,,,,0,,0,,3,3,2,1,1570,1,3,3,2,1,1374,1,2,1,2,0,982,0,ST-IK1,Normalstation Innere Medizin / Kardiologie,30,Innere Medizin und Kardiologie,10.0,22.0,06:00,14:00,450,,13:30,21:30,450,F,21:15,06:15,495,F|S,11,10,8,10,30,45,8,38.5,30,0.1,0,2.0.0,20261130
PK-003,2026-12-01,plan,1,Dienstag,2,49,0,0,,Pflegefachkraft,Pflegefachkraft,EXAM,0.75,28.88,6931,6931,6238,7624,5,2,2,8,1,1,Pflegefachkraft,0,0.0,-1890,22,21,3,4,2,3926,1,,,,,,0,,0,,3,3,2,1,1570,1,3,3,2,1,1374,1,2,1,2,0,982,0,ST-IK1,Normalstation Innere Medizin / Kardiologie,30,Innere Medizin und Kardiologie,10.0,22.0,06:00,14:00,450,,13:30,21:30,450,F,21:15,06:15,495,F|S,11,10,8,10,30,45,8,38.5,30,0.1,0,2.0.0,20261130
PK-004,2026-12-01,plan,1,Dienstag,2,49,0,0,,Pflegefachkraft,Pflegefachkraft,EXAM,0.75,28.88,6931,6931,6238,7624,5,2,2,8,1,1,Pflegefachkraft,0,0.0,-1890,22,21,3,4,2,3926,1,,,,,,0,,0,,3,3,2,1,1570,1,3,3,2,1,1374,1,2,1,2,0,982,0,ST-IK1,Normalstation Innere Medizin / Kardiologie,30,Innere Medizin und Kardiologie,10.0,22.0,06:00,14:00,450,,13:30,21:30,450,F,21:15,06:15,495,F|S,11,10,8,10,30,45,8,38.5,30,0.1,0,2.0.0,20261130
PK-005,2026-12-01,plan,1,Dienstag,2,49,0,0,,Pflegefachkraft,Pflegefachkraft,EXAM,0.6,23.1,5544,5544,4990,6098,5,2,2,8,1,1,Pflegefachkraft,0,0.0,-1449,22,21,3,4,2,3926,1,,,,,,0,,0,,3,3,2,1,1570,1,3,3,2,1,1374,1,2,1,2,0,982,0,ST-IK1,Normalstation Innere Medizin / Kardiologie,30,Innere Medizin und Kardiologie,10.0,22.0,06:00,14:00,450,,13:30,21:30,450,F,21:15,06:15,495,F|S,11,10,8,10,30,45,8,38.5,30,0.1,0,2.0.0,20261130
PK-006,2026-12-01,plan,1,Dienstag,2,49,0,0,,Pflegefachkraft,Pflegefachkraft,EXAM,1.0,38.5,9240,9240,8316,10164,5,2,2,8,1,1,Pflegefachkraft,0,0.0,-2670,22,21,3,4,2,3926,1,,,,,,0,,0,,3,3,2,1,1570,1,3,3,2,1,1374,1,2,1,2,0,982,0,ST-IK1,Normalstation Innere Medizin / Kardiologie,30,Innere Medizin und Kardiologie,10.0,22.0,06:00,14:00,450,,13:30,21:30,450,F,21:15,06:15,495,F|S,11,10,8,10,30,45,8,38.5,30,0.1,0,2.0.0,20261130
PK-007,2026-12-01,plan,1,Dienstag,2,49,0,0,,Pflegefachkraft,Pflegefachkraft,EXAM|PRAXISANLEITUNG,1.0,38.5,9240,9240,8316,10164,5,2,2,8,1,1,Pflegefachkraft,0,0.0,-2175,22,21,3,4,2,3926,1,,,,,,0,,0,,3,3,2,1,1570,1,3,3,2,1,1374,1,2,1,2,0,982,0,ST-IK1,Normalstation Innere Medizin / Kardiologie,30,Innere Medizin und Kardiologie,10.0,22.0,06:00,14:00,450,,13:30,21:30,450,F,21:15,06:15,495,F|S,11,10,8,10,30,45,8,38.5,30,0.1,0,2.0.0,20261130
PK-008,2026-12-01,plan,1,Dienstag,2,49,0,0,,Pflegefachkraft,Pflegefachkraft,EXAM,0.6,23.1,5544,5544,4990,6098,5,2,2,8,1,1,Pflegefachkraft,0,0.0,-1449,22,21,3,4,2,3926,1,,,,,,0,,0,,3,3,2,1,1570,1,3,3,2,1,1374,1,2,1,2,0,982,0,ST-IK1,Normalstation Innere Medizin / Kardiologie,30,Innere Medizin und Kardiologie,10.0,22.0,06:00,14:00,450,,13:30,21:30,450,F,21:15,06:15,495,F|S,11,10,8,10,30,45,8,38.5,30,0.1,0,2.0.0,20261130
PK-009,2026-12-01,plan,1,Dienstag,2,49,0,0,,Pflegefachkraft,Pflegefachkraft,EXAM,1.0,38.5,9240,9240,8316,10164,5,2,2,8,1,1,Pflegefachkraft,0,0.0,-2445,22,21,3,4,2,3926,1,,,,,,0,,0,,3,3,2,1,1570,1,3,3,2,1,1374,1,2,1,2,0,982,0,ST-IK1,Normalstation Innere Medizin / Kardiologie,30,Innere Medizin und Kardiologie,10.0,22.0,06:00,14:00,450,,13:30,21:30,450,F,21:15,06:15,495,F|S,11,10,8,10,30,45,8,38.5,30,0.1,0,2.0.0,20261130
PK-010,2026-12-01,plan,1,Dienstag,2,49,0,0,,Pflegefachkraft,Pflegefachkraft,EXAM,0.8,30.8,7392,7392,6653,8131,5,2,2,8,1,1,Pflegefachkraft,0,0.0,-1947,22,21,3,4,2,3926,1,,,,,,0,,0,,3,3,2,1,1570,1,3,3,2,1,1374,1,2,1,2,0,982,0,ST-IK1,Normalstation Innere Medizin / Kardiologie,30,Innere Medizin und Kardiologie,10.0,22.0,06:00,14:00,450,,13:30,21:30,450,F,21:15,06:15,495,F|S,11,10,8,10,30,45,8,38.5,30,0.1,0,2.0.0,20261130
PK-011,2026-12-01,plan,1,Dienstag,2,49,0,0,,Pflegefachkraft,Pflegefachkraft,EXAM|PRAXISANLEITUNG|KARDIO_MONITORING,1.0,38.5,9240,9240,8316,10164,5,2,2,8,1,1,Pflegefachkraft,0,0.0,-2445,22,21,3,4,2,3926,1,,,,,,0,,0,,3,3,2,1,1570,1,3,3,2,1,1374,1,2,1,2,0,982,0,ST-IK1,Normalstation Innere Medizin / Kardiologie,30,Innere Medizin und Kardiologie,10.0,22.0,06:00,14:00,450,,13:30,21:30,450,F,21:15,06:15,495,F|S,11,10,8,10,30,45,8,38.5,30,0.1,0,2.0.0,20261130
PK-012,2026-12-01,plan,1,Dienstag,2,49,0,0,,Pflegefachkraft,Pflegefachkraft,EXAM,1.0,38.5,9240,9240,8316,10164,5,2,2,8,1,1,Pflegefachkraft,0,0.0,1104,22,21,3,4,2,3926,1,,,,,,0,,0,,3,3,2,1,1570,1,3,3,2,1,1374,1,2,1,2,0,982,0,ST-IK1,Normalstation Innere Medizin / Kardiologie,30,Innere Medizin und Kardiologie,10.0,22.0,06:00,14:00,450,,13:30,21:30,450,F,21:15,06:15,495,F|S,11,10,8,10,30,45,8,38.5,30,0.1,0,2.0.0,20261130
PK-013,2026-12-01,plan,1,Dienstag,2,49,0,0,,Pflegefachkraft,Pflegefachkraft,EXAM|PRAXISANLEITUNG|KARDIO_MONITORING,1.0,38.5,9240,9240,8316,10164,5,2,2,8,1,1,Pflegefachkraft,0,0.0,1104,22,21,3,4,2,3926,1,,,,,,0,,0,,3,3,2,1,1570,1,3,3,2,1,1374,1,2,1,2,0,982,0,ST-IK1,Normalstation Innere Medizin / Kardiologie,30,Innere Medizin und Kardiologie,10.0,22.0,06:00,14:00,450,,13:30,21:30,450,F,21:15,06:15,495,F|S,11,10,8,10,30,45,8,38.5,30,0.1,0,2.0.0,20261130
PK-014,2026-12-01,plan,1,Dienstag,2,49,0,0,,Pflegefachkraft,Pflegefachkraft,EXAM|PRAXISANLEITUNG,0.9,34.65,8316,8316,7484,9148,5,2,2,8,1,1,Pflegefachkraft,0,0.0,-1926,22,21,3,4,2,3926,1,,,,,,0,,0,,3,3,2,1,1570,1,3,3,2,1,1374,1,2,1,2,0,982,0,ST-IK1,Normalstation Innere Medizin / Kardiologie,30,Innere Medizin und Kardiologie,10.0,22.0,06:00,14:00,450,,13:30,21:30,450,F,21:15,06:15,495,F|S,11,10,8,10,30,45,8,38.5,30,0.1,0,2.0.0,20261130
PK-015,2026-12-01,plan,1,Dienstag,2,49,0,0,,Pflegefachkraft,Pflegefachkraft,EXAM|KARDIO_MONITORING,1.0,38.5,9240,9240,8316,10164,5,2,2,8,1,1,Pflegefachkraft,0,0.0,-2355,22,21,3,4,2,3926,1,,,,,,0,,0,,3,3,2,1,1570,1,3,3,2,1,1374,1,2,1,2,0,982,0,ST-IK1,Normalstation Innere Medizin / Kardiologie,30,Innere Medizin und Kardiologie,10.0,22.0,06:00,14:00,450,,13:30,21:30,450,F,21:15,06:15,495,F|S,11,10,8,10,30,45,8,38.5,30,0.1,0,2.0.0,20261130
PK-016,2026-12-01,plan,1,Dienstag,2,49,0,0,,Pflegefachkraft,Pflegefachkraft,EXAM|KARDIO_MONITORING,1.0,38.5,9240,9240,8316,10164,5,2,2,8,1,1,Pflegefachkraft,0,0.0,-2625,22,21,3,4,2,3926,1,,,,,,0,,0,,3,3,2,1,1570,1,3,3,2,1,1374,1,2,1,2,0,982,0,ST-IK1,Normalstation Innere Medizin / Kardiologie,30,Innere Medizin und Kardiologie,10.0,22.0,06:00,14:00,450,,13:30,21:30,450,F,21:15,06:15,495,F|S,11,10,8,10,30,45,8,38.5,30,0.1,0,2.0.0,20261130
PK-017,2026-12-01,plan,1,Dienstag,2,49,0,0,,Pflegefachkraft,Pflegefachkraft,EXAM,0.5,19.25,4620,4620,4158,5082,5,2,2,8,1,1,Pflegefachkraft,0,0.0,-885,22,21,3,4,2,3926,0,LANGZEITABWESENHEIT,,,,,0,,0,,3,3,2,1,1570,1,3,3,2,1,1374,1,2,1,2,0,982,0,ST-IK1,Normalstation Innere Medizin / Kardiologie,30,Innere Medizin und Kardiologie,10.0,22.0,06:00,14:00,450,,13:30,21:30,450,F,21:15,06:15,495,F|S,11,10,8,10,30,45,8,38.5,30,0.1,0,2.0.0,20261130
AZ-001,2026-12-02,plan,2,Mittwoch,3,49,0,0,,Auszubildende_r_3_Ausbildungsjahr,Auszubildende,AUSZUBILDEND,1.0,38.5,9240,9240,8316,10164,5,2,2,8,1,0,nicht anrechenbar,0,0.0,-9240,22,22,5,4,2,4278,1,,,,,,0,,0,,4,3,3,1,1711,1,3,3,2,1,1497,1,2,1,2,0,1070,0,ST-IK1,Normalstation Innere Medizin / Kardiologie,30,Innere Medizin und Kardiologie,10.0,22.0,06:00,14:00,450,,13:30,21:30,450,F,21:15,06:15,495,F|S,11,10,8,10,30,45,8,38.5,30,0.1,0,2.0.0,20261130
AZ-002,2026-12-02,plan,2,Mittwoch,3,49,0,0,,Auszubildende_r_2_Ausbildungsjahr,Auszubildende,AUSZUBILDEND,1.0,38.5,9240,9240,8316,10164,5,2,2,8,1,0,nicht anrechenbar,0,0.0,-9240,22,22,5,4,2,4278,1,,,,,,0,,0,,4,3,3,1,1711,1,3,3,2,1,1497,1,2,1,2,0,1070,0,ST-IK1,Normalstation Innere Medizin / Kardiologie,30,Innere Medizin und Kardiologie,10.0,22.0,06:00,14:00,450,,13:30,21:30,450,F,21:15,06:15,495,F|S,11,10,8,10,30,45,8,38.5,30,0.1,0,2.0.0,20261130
AZ-003,2026-12-02,plan,2,Mittwoch,3,49,0,0,,Auszubildende_r_1_Ausbildungsjahr,Auszubildende,AUSZUBILDEND,1.0,38.5,9240,9240,8316,10164,5,2,2,0,0,0,nicht anrechenbar,0,0.0,-9240,22,22,5,4,2,4278,0,URLAUB,,,,,0,,0,,4,3,3,1,1711,1,3,3,2,1,1497,1,2,1,2,0,1070,0,ST-IK1,Normalstation Innere Medizin / Kardiologie,30,Innere Medizin und Kardiologie,10.0,22.0,06:00,14:00,450,,13:30,21:30,450,F,21:15,06:15,495,F|S,11,10,8,10,30,45,8,38.5,30,0.1,0,2.0.0,20261130
PH-001,2026-12-02,plan,2,Mittwoch,3,49,0,0,,Pflegehilfskraft,Pflegehilfskraft,PFLEGEHILFE,0.75,28.88,6931,6931,6238,7624,5,2,2,0,0,1,Pflegehilfskraft,0,0.0,-1530,22,22,5,4,2,4278,1,,,,,,0,,0,,4,3,3,1,1711,1,3,3,2,1,1497,1,2,1,2,0,1070,0,ST-IK1,Normalstation Innere Medizin / Kardiologie,30,Innere Medizin und Kardiologie,10.0,22.0,06:00,14:00,450,,13:30,21:30,450,F,21:15,06:15,495,F|S,11,10,8,10,30,45,8,38.5,30,0.1,0,2.0.0,20261130
PH-002,2026-12-02,plan,2,Mittwoch,3,49,0,0,,Pflegehilfskraft,Pflegehilfskraft,PFLEGEHILFE,0.5,19.25,4620,4620,4158,5082,5,2,2,0,0,1,Pflegehilfskraft,0,0.0,597,22,22,5,4,2,4278,1,,,,,,1,4,0,,4,3,3,1,1711,1,3,3,2,1,1497,1,2,1,2,0,1070,0,ST-IK1,Normalstation Innere Medizin / Kardiologie,30,Innere Medizin und Kardiologie,10.0,22.0,06:00,14:00,450,,13:30,21:30,450,F,21:15,06:15,495,F|S,11,10,8,10,30,45,8,38.5,30,0.1,0,2.0.0,20261130
PK-001,2026-12-02,plan,2,Mittwoch,3,49,0,0,,Stationsleitung,Pflegefachkraft,EXAM|LEITUNG|PRAXISANLEITUNG,1.0,38.5,9240,4620,4158,5082,5,2,2,0,0,1,Pflegefachkraft,1,0.5,2130,22,22,5,4,2,4278,1,,,,,,0,,0,,4,3,3,1,1711,1,3,3,2,1,1497,1,2,1,2,0,1070,0,ST-IK1,Normalstation Innere Medizin / Kardiologie,30,Innere Medizin und Kardiologie,10.0,22.0,06:00,14:00,450,,13:30,21:30,450,F,21:15,06:15,495,F|S,11,10,8,10,30,45,8,38.5,30,0.1,0,2.0.0,20261130
PK-002,2026-12-02,plan,2,Mittwoch,3,49,0,0,,Pflegefachkraft,Pflegefachkraft,EXAM|PRAXISANLEITUNG|KARDIO_MONITORING,0.5,19.25,4620,4620,4158,5082,5,2,2,8,1,1,Pflegefachkraft,0,0.0,-885,22,22,5,4,2,4278,1,,,,,,0,,0,,4,3,3,1,1711,1,3,3,2,1,1497,1,2,1,2,0,1070,0,ST-IK1,Normalstation Innere Medizin / Kardiologie,30,Innere Medizin und Kardiologie,10.0,22.0,06:00,14:00,450,,13:30,21:30,450,F,21:15,06:15,495,F|S,11,10,8,10,30,45,8,38.5,30,0.1,0,2.0.0,20261130
PK-003,2026-12-02,plan,2,Mittwoch,3,49,0,0,,Pflegefachkraft,Pflegefachkraft,EXAM,0.75,28.88,6931,6931,6238,7624,5,2,2,8,1,1,Pflegefachkraft,0,0.0,-1890,22,22,5,4,2,4278,1,,,,,,0,,0,,4,3,3,1,1711,1,3,3,2,1,1497,1,2,1,2,0,1070,0,ST-IK1,Normalstation Innere Medizin / Kardiologie,30,Innere Medizin und Kardiologie,10.0,22.0,06:00,14:00,450,,13:30,21:30,450,F,21:15,06:15,495,F|S,11,10,8,10,30,45,8,38.5,30,0.1,0,2.0.0,20261130
PK-004,2026-12-02,plan,2,Mittwoch,3,49,0,0,,Pflegefachkraft,Pflegefachkraft,EXAM,0.75,28.88,6931,6931,6238,7624,5,2,2,8,1,1,Pflegefachkraft,0,0.0,-1890,22,22,5,4,2,4278,1,,,,,,0,,0,,4,3,3,1,1711,1,3,3,2,1,1497,1,2,1,2,0,1070,0,ST-IK1,Normalstation Innere Medizin / Kardiologie,30,Innere Medizin und Kardiologie,10.0,22.0,06:00,14:00,450,,13:30,21:30,450,F,21:15,06:15,495,F|S,11,10,8,10,30,45,8,38.5,30,0.1,0,2.0.0,20261130
PK-005,2026-12-02,plan,2,Mittwoch,3,49,0,0,,Pflegefachkraft,Pflegefachkraft,EXAM,0.6,23.1,5544,5544,4990,6098,5,2,2,8,1,1,Pflegefachkraft,0,0.0,-1449,22,22,5,4,2,4278,1,,,,,,0,,0,,4,3,3,1,1711,1,3,3,2,1,1497,1,2,1,2,0,1070,0,ST-IK1,Normalstation Innere Medizin / Kardiologie,30,Innere Medizin und Kardiologie,10.0,22.0,06:00,14:00,450,,13:30,21:30,450,F,21:15,06:15,495,F|S,11,10,8,10,30,45,8,38.5,30,0.1,0,2.0.0,20261130
PK-006,2026-12-02,plan,2,Mittwoch,3,49,0,0,,Pflegefachkraft,Pflegefachkraft,EXAM,1.0,38.5,9240,9240,8316,10164,5,2,2,8,1,1,Pflegefachkraft,0,0.0,-2670,22,22,5,4,2,4278,1,,,,,,0,,0,,4,3,3,1,1711,1,3,3,2,1,1497,1,2,1,2,0,1070,0,ST-IK1,Normalstation Innere Medizin / Kardiologie,30,Innere Medizin und Kardiologie,10.0,22.0,06:00,14:00,450,,13:30,21:30,450,F,21:15,06:15,495,F|S,11,10,8,10,30,45,8,38.5,30,0.1,0,2.0.0,20261130
PK-007,2026-12-02,plan,2,Mittwoch,3,49,0,0,,Pflegefachkraft,Pflegefachkraft,EXAM|PRAXISANLEITUNG,1.0,38.5,9240,9240,8316,10164,5,2,2,8,1,1,Pflegefachkraft,0,0.0,-2175,22,22,5,4,2,4278,1,,,,,,0,,0,,4,3,3,1,1711,1,3,3,2,1,1497,1,2,1,2,0,1070,0,ST-IK1,Normalstation Innere Medizin / Kardiologie,30,Innere Medizin und Kardiologie,10.0,22.0,06:00,14:00,450,,13:30,21:30,450,F,21:15,06:15,495,F|S,11,10,8,10,30,45,8,38.5,30,0.1,0,2.0.0,20261130
PK-008,2026-12-02,plan,2,Mittwoch,3,49,0,0,,Pflegefachkraft,Pflegefachkraft,EXAM,0.6,23.1,5544,5544,4990,6098,5,2,2,8,1,1,Pflegefachkraft,0,0.0,-1449,22,22,5,4,2,4278,1,,,,,,0,,0,,4,3,3,1,1711,1,3,3,2,1,1497,1,2,1,2,0,1070,0,ST-IK1,Normalstation Innere Medizin / Kardiologie,30,Innere Medizin und Kardiologie,10.0,22.0,06:00,14:00,450,,13:30,21:30,450,F,21:15,06:15,495,F|S,11,10,8,10,30,45,8,38.5,30,0.1,0,2.0.0,20261130
PK-009,2026-12-02,plan,2,Mittwoch,3,49,0,0,,Pflegefachkraft,Pflegefachkraft,EXAM,1.0,38.5,9240,9240,8316,10164,5,2,2,8,1,1,Pflegefachkraft,0,0.0,-2445,22,22,5,4,2,4278,1,,,,,,0,,0,,4,3,3,1,1711,1,3,3,2,1,1497,1,2,1,2,0,1070,0,ST-IK1,Normalstation Innere Medizin / Kardiologie,30,Innere Medizin und Kardiologie,10.0,22.0,06:00,14:00,450,,13:30,21:30,450,F,21:15,06:15,495,F|S,11,10,8,10,30,45,8,38.5,30,0.1,0,2.0.0,20261130
PK-010,2026-12-02,plan,2,Mittwoch,3,49,0,0,,Pflegefachkraft,Pflegefachkraft,EXAM,0.8,30.8,7392,7392,6653,8131,5,2,2,8,1,1,Pflegefachkraft,0,0.0,-1947,22,22,5,4,2,4278,1,,,,,,0,,0,,4,3,3,1,1711,1,3,3,2,1,1497,1,2,1,2,0,1070,0,ST-IK1,Normalstation Innere Medizin / Kardiologie,30,Innere Medizin und Kardiologie,10.0,22.0,06:00,14:00,450,,13:30,21:30,450,F,21:15,06:15,495,F|S,11,10,8,10,30,45,8,38.5,30,0.1,0,2.0.0,20261130
PK-011,2026-12-02,plan,2,Mittwoch,3,49,0,0,,Pflegefachkraft,Pflegefachkraft,EXAM|PRAXISANLEITUNG|KARDIO_MONITORING,1.0,38.5,9240,9240,8316,10164,5,2,2,8,1,1,Pflegefachkraft,0,0.0,-2445,22,22,5,4,2,4278,1,,,,,,1,8,0,,4,3,3,1,1711,1,3,3,2,1,1497,1,2,1,2,0,1070,0,ST-IK1,Normalstation Innere Medizin / Kardiologie,30,Innere Medizin und Kardiologie,10.0,22.0,06:00,14:00,450,,13:30,21:30,450,F,21:15,06:15,495,F|S,11,10,8,10,30,45,8,38.5,30,0.1,0,2.0.0,20261130
PK-012,2026-12-02,plan,2,Mittwoch,3,49,0,0,,Pflegefachkraft,Pflegefachkraft,EXAM,1.0,38.5,9240,9240,8316,10164,5,2,2,8,1,1,Pflegefachkraft,0,0.0,1104,22,22,5,4,2,4278,1,,,,,,1,12,0,,4,3,3,1,1711,1,3,3,2,1,1497,1,2,1,2,0,1070,0,ST-IK1,Normalstation Innere Medizin / Kardiologie,30,Innere Medizin und Kardiologie,10.0,22.0,06:00,14:00,450,,13:30,21:30,450,F,21:15,06:15,495,F|S,11,10,8,10,30,45,8,38.5,30,0.1,0,2.0.0,20261130
PK-013,2026-12-02,plan,2,Mittwoch,3,49,0,0,,Pflegefachkraft,Pflegefachkraft,EXAM|PRAXISANLEITUNG|KARDIO_MONITORING,1.0,38.5,9240,9240,8316,10164,5,2,2,8,1,1,Pflegefachkraft,0,0.0,1104,22,22,5,4,2,4278,0,FORTBILDUNG,,,,,0,,0,,4,3,3,1,1711,1,3,3,2,1,1497,1,2,1,2,0,1070,0,ST-IK1,Normalstation Innere Medizin / Kardiologie,30,Innere Medizin und Kardiologie,10.0,22.0,06:00,14:00,450,,13:30,21:30,450,F,21:15,06:15,495,F|S,11,10,8,10,30,45,8,38.5,30,0.1,0,2.0.0,20261130
PK-014,2026-12-02,plan,2,Mittwoch,3,49,0,0,,Pflegefachkraft,Pflegefachkraft,EXAM|PRAXISANLEITUNG,0.9,34.65,8316,8316,7484,9148,5,2,2,8,1,1,Pflegefachkraft,0,0.0,-1926,22,22,5,4,2,4278,1,,,,,,0,,0,,4,3,3,1,1711,1,3,3,2,1,1497,1,2,1,2,0,1070,0,ST-IK1,Normalstation Innere Medizin / Kardiologie,30,Innere Medizin und Kardiologie,10.0,22.0,06:00,14:00,450,,13:30,21:30,450,F,21:15,06:15,495,F|S,11,10,8,10,30,45,8,38.5,30,0.1,0,2.0.0,20261130
PK-015,2026-12-02,plan,2,Mittwoch,3,49,0,0,,Pflegefachkraft,Pflegefachkraft,EXAM|KARDIO_MONITORING,1.0,38.5,9240,9240,8316,10164,5,2,2,8,1,1,Pflegefachkraft,0,0.0,-2355,22,22,5,4,2,4278,1,,,,,,0,,0,,4,3,3,1,1711,1,3,3,2,1,1497,1,2,1,2,0,1070,0,ST-IK1,Normalstation Innere Medizin / Kardiologie,30,Innere Medizin und Kardiologie,10.0,22.0,06:00,14:00,450,,13:30,21:30,450,F,21:15,06:15,495,F|S,11,10,8,10,30,45,8,38.5,30,0.1,0,2.0.0,20261130
PK-016,2026-12-02,plan,2,Mittwoch,3,49,0,0,,Pflegefachkraft,Pflegefachkraft,EXAM|KARDIO_MONITORING,1.0,38.5,9240,9240,8316,10164,5,2,2,8,1,1,Pflegefachkraft,0,0.0,-2625,22,22,5,4,2,4278,1,,,,,,0,,0,,4,3,3,1,1711,1,3,3,2,1,1497,1,2,1,2,0,1070,0,ST-IK1,Normalstation Innere Medizin / Kardiologie,30,Innere Medizin und Kardiologie,10.0,22.0,06:00,14:00,450,,13:30,21:30,450,F,21:15,06:15,495,F|S,11,10,8,10,30,45,8,38.5,30,0.1,0,2.0.0,20261130
PK-017,2026-12-02,plan,2,Mittwoch,3,49,0,0,,Pflegefachkraft,Pflegefachkraft,EXAM,0.5,19.25,4620,4620,4158,5082,5,2,2,8,1,1,Pflegefachkraft,0,0.0,-885,22,22,5,4,2,4278,0,LANGZEITABWESENHEIT,,,,,0,,0,,4,3,3,1,1711,1,3,3,2,1,1497,1,2,1,2,0,1070,0,ST-IK1,Normalstation Innere Medizin / Kardiologie,30,Innere Medizin und Kardiologie,10.0,22.0,06:00,14:00,450,,13:30,21:30,450,F,21:15,06:15,495,F|S,11,10,8,10,30,45,8,38.5,30,0.1,0,2.0.0,20261130
AZ-001,2026-12-03,plan,3,Donnerstag,4,49,0,0,,Auszubildende_r_3_Ausbildungsjahr,Auszubildende,AUSZUBILDEND,1.0,38.5,9240,9240,8316,10164,5,2,2,8,1,0,nicht anrechenbar,0,0.0,-9240,21,19,5,2,0,3945,1,,,,,,1,8,0,,4,3,3,1,1578,1,3,3,2,1,1381,1,2,1,2,0,986,0,ST-IK1,Normalstation Innere Medizin / Kardiologie,30,Innere Medizin und Kardiologie,10.0,22.0,06:00,14:00,450,,13:30,21:30,450,F,21:15,06:15,495,F|S,11,10,8,10,30,45,8,38.5,30,0.1,0,2.0.0,20261130
AZ-002,2026-12-03,plan,3,Donnerstag,4,49,0,0,,Auszubildende_r_2_Ausbildungsjahr,Auszubildende,AUSZUBILDEND,1.0,38.5,9240,9240,8316,10164,5,2,2,8,1,0,nicht anrechenbar,0,0.0,-9240,21,19,5,2,0,3945,1,,,,,,0,,0,,4,3,3,1,1578,1,3,3,2,1,1381,1,2,1,2,0,986,0,ST-IK1,Normalstation Innere Medizin / Kardiologie,30,Innere Medizin und Kardiologie,10.0,22.0,06:00,14:00,450,,13:30,21:30,450,F,21:15,06:15,495,F|S,11,10,8,10,30,45,8,38.5,30,0.1,0,2.0.0,20261130
AZ-003,2026-12-03,plan,3,Donnerstag,4,49,0,0,,Auszubildende_r_1_Ausbildungsjahr,Auszubildende,AUSZUBILDEND,1.0,38.5,9240,9240,8316,10164,5,2,2,0,0,0,nicht anrechenbar,0,0.0,-9240,21,19,5,2,0,3945,0,URLAUB,,,,,0,,0,,4,3,3,1,1578,1,3,3,2,1,1381,1,2,1,2,0,986,0,ST-IK1,Normalstation Innere Medizin / Kardiologie,30,Innere Medizin und Kardiologie,10.0,22.0,06:00,14:00,450,,13:30,21:30,450,F,21:15,06:15,495,F|S,11,10,8,10,30,45,8,38.5,30,0.1,0,2.0.0,20261130
PH-001,2026-12-03,plan,3,Donnerstag,4,49,0,0,,Pflegehilfskraft,Pflegehilfskraft,PFLEGEHILFE,0.75,28.88,6931,6931,6238,7624,5,2,2,0,0,1,Pflegehilfskraft,0,0.0,-1530,21,19,5,2,0,3945,1,,,,,,0,,0,,4,3,3,1,1578,1,3,3,2,1,1381,1,2,1,2,0,986,0,ST-IK1,Normalstation Innere Medizin / Kardiologie,30,Innere Medizin und Kardiologie,10.0,22.0,06:00,14:00,450,,13:30,21:30,450,F,21:15,06:15,495,F|S,11,10,8,10,30,45,8,38.5,30,0.1,0,2.0.0,20261130
PH-002,2026-12-03,plan,3,Donnerstag,4,49,0,0,,Pflegehilfskraft,Pflegehilfskraft,PFLEGEHILFE,0.5,19.25,4620,4620,4158,5082,5,2,2,0,0,1,Pflegehilfskraft,0,0.0,597,21,19,5,2,0,3945,1,,,,,,0,,0,,4,3,3,1,1578,1,3,3,2,1,1381,1,2,1,2,0,986,0,ST-IK1,Normalstation Innere Medizin / Kardiologie,30,Innere Medizin und Kardiologie,10.0,22.0,06:00,14:00,450,,13:30,21:30,450,F,21:15,06:15,495,F|S,11,10,8,10,30,45,8,38.5,30,0.1,0,2.0.0,20261130
PK-001,2026-12-03,plan,3,Donnerstag,4,49,0,0,,Stationsleitung,Pflegefachkraft,EXAM|LEITUNG|PRAXISANLEITUNG,1.0,38.5,9240,4620,4158,5082,5,2,2,0,0,1,Pflegefachkraft,1,0.5,2130,21,19,5,2,0,3945,1,,2,,,,0,,0,,4,3,3,1,1578,1,3,3,2,1,1381,1,2,1,2,0,986,0,ST-IK1,Normalstation Innere Medizin / Kardiologie,30,Innere Medizin und Kardiologie,10.0,22.0,06:00,14:00,450,,13:30,21:30,450,F,21:15,06:15,495,F|S,11,10,8,10,30,45,8,38.5,30,0.1,0,2.0.0,20261130
PK-002,2026-12-03,plan,3,Donnerstag,4,49,0,0,,Pflegefachkraft,Pflegefachkraft,EXAM|PRAXISANLEITUNG|KARDIO_MONITORING,0.5,19.25,4620,4620,4158,5082,5,2,2,8,1,1,Pflegefachkraft,0,0.0,-885,21,19,5,2,0,3945,1,,,,,,0,,0,,4,3,3,1,1578,1,3,3,2,1,1381,1,2,1,2,0,986,0,ST-IK1,Normalstation Innere Medizin / Kardiologie,30,Innere Medizin und Kardiologie,10.0,22.0,06:00,14:00,450,,13:30,21:30,450,F,21:15,06:15,495,F|S,11,10,8,10,30,45,8,38.5,30,0.1,0,2.0.0,20261130
PK-003,2026-12-03,plan,3,Donnerstag,4,49,0,0,,Pflegefachkraft,Pflegefachkraft,EXAM,0.75,28.88,6931,6931,6238,7624,5,2,2,8,1,1,Pflegefachkraft,0,0.0,-1890,21,19,5,2,0,3945,1,,,,,,0,,0,,4,3,3,1,1578,1,3,3,2,1,1381,1,2,1,2,0,986,0,ST-IK1,Normalstation Innere Medizin / Kardiologie,30,Innere Medizin und Kardiologie,10.0,22.0,06:00,14:00,450,,13:30,21:30,450,F,21:15,06:15,495,F|S,11,10,8,10,30,45,8,38.5,30,0.1,0,2.0.0,20261130
PK-004,2026-12-03,plan,3,Donnerstag,4,49,0,0,,Pflegefachkraft,Pflegefachkraft,EXAM,0.75,28.88,6931,6931,6238,7624,5,2,2,8,1,1,Pflegefachkraft,0,0.0,-1890,21,19,5,2,0,3945,1,,,S,2,,0,,0,,4,3,3,1,1578,1,3,3,2,1,1381,1,2,1,2,0,986,0,ST-IK1,Normalstation Innere Medizin / Kardiologie,30,Innere Medizin und Kardiologie,10.0,22.0,06:00,14:00,450,,13:30,21:30,450,F,21:15,06:15,495,F|S,11,10,8,10,30,45,8,38.5,30,0.1,0,2.0.0,20261130
PK-005,2026-12-03,plan,3,Donnerstag,4,49,0,0,,Pflegefachkraft,Pflegefachkraft,EXAM,0.6,23.1,5544,5544,4990,6098,5,2,2,8,1,1,Pflegefachkraft,0,0.0,-1449,21,19,5,2,0,3945,1,,,,,,0,,0,,4,3,3,1,1578,1,3,3,2,1,1381,1,2,1,2,0,986,0,ST-IK1,Normalstation Innere Medizin / Kardiologie,30,Innere Medizin und Kardiologie,10.0,22.0,06:00,14:00,450,,13:30,21:30,450,F,21:15,06:15,495,F|S,11,10,8,10,30,45,8,38.5,30,0.1,0,2.0.0,20261130
PK-006,2026-12-03,plan,3,Donnerstag,4,49,0,0,,Pflegefachkraft,Pflegefachkraft,EXAM,1.0,38.5,9240,9240,8316,10164,5,2,2,8,1,1,Pflegefachkraft,0,0.0,-2670,21,19,5,2,0,3945,1,,,,,,0,,0,,4,3,3,1,1578,1,3,3,2,1,1381,1,2,1,2,0,986,0,ST-IK1,Normalstation Innere Medizin / Kardiologie,30,Innere Medizin und Kardiologie,10.0,22.0,06:00,14:00,450,,13:30,21:30,450,F,21:15,06:15,495,F|S,11,10,8,10,30,45,8,38.5,30,0.1,0,2.0.0,20261130
PK-007,2026-12-03,plan,3,Donnerstag,4,49,0,0,,Pflegefachkraft,Pflegefachkraft,EXAM|PRAXISANLEITUNG,1.0,38.5,9240,9240,8316,10164,5,2,2,8,1,1,Pflegefachkraft,0,0.0,-2175,21,19,5,2,0,3945,1,,,,,,0,,0,,4,3,3,1,1578,1,3,3,2,1,1381,1,2,1,2,0,986,0,ST-IK1,Normalstation Innere Medizin / Kardiologie,30,Innere Medizin und Kardiologie,10.0,22.0,06:00,14:00,450,,13:30,21:30,450,F,21:15,06:15,495,F|S,11,10,8,10,30,45,8,38.5,30,0.1,0,2.0.0,20261130
PK-008,2026-12-03,plan,3,Donnerstag,4,49,0,0,,Pflegefachkraft,Pflegefachkraft,EXAM,0.6,23.1,5544,5544,4990,6098,5,2,2,8,1,1,Pflegefachkraft,0,0.0,-1449,21,19,5,2,0,3945,1,,,,,,0,,0,,4,3,3,1,1578,1,3,3,2,1,1381,1,2,1,2,0,986,0,ST-IK1,Normalstation Innere Medizin / Kardiologie,30,Innere Medizin und Kardiologie,10.0,22.0,06:00,14:00,450,,13:30,21:30,450,F,21:15,06:15,495,F|S,11,10,8,10,30,45,8,38.5,30,0.1,0,2.0.0,20261130
PK-009,2026-12-03,plan,3,Donnerstag,4,49,0,0,,Pflegefachkraft,Pflegefachkraft,EXAM,1.0,38.5,9240,9240,8316,10164,5,2,2,8,1,1,Pflegefachkraft,0,0.0,-2445,21,19,5,2,0,3945,1,,,,,,0,,0,,4,3,3,1,1578,1,3,3,2,1,1381,1,2,1,2,0,986,0,ST-IK1,Normalstation Innere Medizin / Kardiologie,30,Innere Medizin und Kardiologie,10.0,22.0,06:00,14:00,450,,13:30,21:30,450,F,21:15,06:15,495,F|S,11,10,8,10,30,45,8,38.5,30,0.1,0,2.0.0,20261130
PK-010,2026-12-03,plan,3,Donnerstag,4,49,0,0,,Pflegefachkraft,Pflegefachkraft,EXAM,0.8,30.8,7392,7392,6653,8131,5,2,2,8,1,1,Pflegefachkraft,0,0.0,-1947,21,19,5,2,0,3945,1,,,,,,0,,0,,4,3,3,1,1578,1,3,3,2,1,1381,1,2,1,2,0,986,0,ST-IK1,Normalstation Innere Medizin / Kardiologie,30,Innere Medizin und Kardiologie,10.0,22.0,06:00,14:00,450,,13:30,21:30,450,F,21:15,06:15,495,F|S,11,10,8,10,30,45,8,38.5,30,0.1,0,2.0.0,20261130
PK-011,2026-12-03,plan,3,Donnerstag,4,49,0,0,,Pflegefachkraft,Pflegefachkraft,EXAM|PRAXISANLEITUNG|KARDIO_MONITORING,1.0,38.5,9240,9240,8316,10164,5,2,2,8,1,1,Pflegefachkraft,0,0.0,-2445,21,19,5,2,0,3945,1,,,,,,0,,0,,4,3,3,1,1578,1,3,3,2,1,1381,1,2,1,2,0,986,0,ST-IK1,Normalstation Innere Medizin / Kardiologie,30,Innere Medizin und Kardiologie,10.0,22.0,06:00,14:00,450,,13:30,21:30,450,F,21:15,06:15,495,F|S,11,10,8,10,30,45,8,38.5,30,0.1,0,2.0.0,20261130
PK-012,2026-12-03,plan,3,Donnerstag,4,49,0,0,,Pflegefachkraft,Pflegefachkraft,EXAM,1.0,38.5,9240,9240,8316,10164,5,2,2,8,1,1,Pflegefachkraft,0,0.0,1104,21,19,5,2,0,3945,1,,,,,,0,,0,,4,3,3,1,1578,1,3,3,2,1,1381,1,2,1,2,0,986,0,ST-IK1,Normalstation Innere Medizin / Kardiologie,30,Innere Medizin und Kardiologie,10.0,22.0,06:00,14:00,450,,13:30,21:30,450,F,21:15,06:15,495,F|S,11,10,8,10,30,45,8,38.5,30,0.1,0,2.0.0,20261130
PK-013,2026-12-03,plan,3,Donnerstag,4,49,0,0,,Pflegefachkraft,Pflegefachkraft,EXAM|PRAXISANLEITUNG|KARDIO_MONITORING,1.0,38.5,9240,9240,8316,10164,5,2,2,8,1,1,Pflegefachkraft,0,0.0,1104,21,19,5,2,0,3945,1,,,,,,0,,0,,4,3,3,1,1578,1,3,3,2,1,1381,1,2,1,2,0,986,0,ST-IK1,Normalstation Innere Medizin / Kardiologie,30,Innere Medizin und Kardiologie,10.0,22.0,06:00,14:00,450,,13:30,21:30,450,F,21:15,06:15,495,F|S,11,10,8,10,30,45,8,38.5,30,0.1,0,2.0.0,20261130
PK-014,2026-12-03,plan,3,Donnerstag,4,49,0,0,,Pflegefachkraft,Pflegefachkraft,EXAM|PRAXISANLEITUNG,0.9,34.65,8316,8316,7484,9148,5,2,2,8,1,1,Pflegefachkraft,0,0.0,-1926,21,19,5,2,0,3945,1,,,,,,1,12,0,,4,3,3,1,1578,1,3,3,2,1,1381,1,2,1,2,0,986,0,ST-IK1,Normalstation Innere Medizin / Kardiologie,30,Innere Medizin und Kardiologie,10.0,22.0,06:00,14:00,450,,13:30,21:30,450,F,21:15,06:15,495,F|S,11,10,8,10,30,45,8,38.5,30,0.1,0,2.0.0,20261130
PK-015,2026-12-03,plan,3,Donnerstag,4,49,0,0,,Pflegefachkraft,Pflegefachkraft,EXAM|KARDIO_MONITORING,1.0,38.5,9240,9240,8316,10164,5,2,2,8,1,1,Pflegefachkraft,0,0.0,-2355,21,19,5,2,0,3945,1,,,,,,0,,0,,4,3,3,1,1578,1,3,3,2,1,1381,1,2,1,2,0,986,0,ST-IK1,Normalstation Innere Medizin / Kardiologie,30,Innere Medizin und Kardiologie,10.0,22.0,06:00,14:00,450,,13:30,21:30,450,F,21:15,06:15,495,F|S,11,10,8,10,30,45,8,38.5,30,0.1,0,2.0.0,20261130
PK-016,2026-12-03,plan,3,Donnerstag,4,49,0,0,,Pflegefachkraft,Pflegefachkraft,EXAM|KARDIO_MONITORING,1.0,38.5,9240,9240,8316,10164,5,2,2,8,1,1,Pflegefachkraft,0,0.0,-2625,21,19,5,2,0,3945,1,,,,,,0,,0,,4,3,3,1,1578,1,3,3,2,1,1381,1,2,1,2,0,986,0,ST-IK1,Normalstation Innere Medizin / Kardiologie,30,Innere Medizin und Kardiologie,10.0,22.0,06:00,14:00,450,,13:30,21:30,450,F,21:15,06:15,495,F|S,11,10,8,10,30,45,8,38.5,30,0.1,0,2.0.0,20261130
PK-017,2026-12-03,plan,3,Donnerstag,4,49,0,0,,Pflegefachkraft,Pflegefachkraft,EXAM,0.5,19.25,4620,4620,4158,5082,5,2,2,8,1,1,Pflegefachkraft,0,0.0,-885,21,19,5,2,0,3945,0,LANGZEITABWESENHEIT,,,,,0,,0,,4,3,3,1,1578,1,3,3,2,1,1381,1,2,1,2,0,986,0,ST-IK1,Normalstation Innere Medizin / Kardiologie,30,Innere Medizin und Kardiologie,10.0,22.0,06:00,14:00,450,,13:30,21:30,450,F,21:15,06:15,495,F|S,11,10,8,10,30,45,8,38.5,30,0.1,0,2.0.0,20261130
AZ-001,2026-12-04,plan,4,Freitag,5,49,0,0,,Auszubildende_r_3_Ausbildungsjahr,Auszubildende,AUSZUBILDEND,1.0,38.5,9240,9240,8316,10164,5,2,2,8,1,0,nicht anrechenbar,0,0.0,-9240,22,20,2,0,2,4146,1,,,,,,0,,0,,4,3,3,1,1658,1,3,3,2,1,1451,1,2,1,2,0,1036,0,ST-IK1,Normalstation Innere Medizin / Kardiologie,30,Innere Medizin und Kardiologie,10.0,22.0,06:00,14:00,450,,13:30,21:30,450,F,21:15,06:15,495,F|S,11,10,8,10,30,45,8,38.5,30,0.1,0,2.0.0,20261130
AZ-002,2026-12-04,plan,4,Freitag,5,49,0,0,,Auszubildende_r_2_Ausbildungsjahr,Auszubildende,AUSZUBILDEND,1.0,38.5,9240,9240,8316,10164,5,2,2,8,1,0,nicht anrechenbar,0,0.0,-9240,22,20,2,0,2,4146,1,,,,,,0,,0,,4,3,3,1,1658,1,3,3,2,1,1451,1,2,1,2,0,1036,0,ST-IK1,Normalstation Innere Medizin / Kardiologie,30,Innere Medizin und Kardiologie,10.0,22.0,06:00,14:00,450,,13:30,21:30,450,F,21:15,06:15,495,F|S,11,10,8,10,30,45,8,38.5,30,0.1,0,2.0.0,20261130
AZ-003,2026-12-04,plan,4,Freitag,5,49,0,0,,Auszubildende_r_1_Ausbildungsjahr,Auszubildende,AUSZUBILDEND,1.0,38.5,9240,9240,8316,10164,5,2,2,0,0,0,nicht anrechenbar,0,0.0,-9240,22,20,2,0,2,4146,0,URLAUB,,,,,0,,0,,4,3,3,1,1658,1,3,3,2,1,1451,1,2,1,2,0,1036,0,ST-IK1,Normalstation Innere Medizin / Kardiologie,30,Innere Medizin und Kardiologie,10.0,22.0,06:00,14:00,450,,13:30,21:30,450,F,21:15,06:15,495,F|S,11,10,8,10,30,45,8,38.5,30,0.1,0,2.0.0,20261130
PH-001,2026-12-04,plan,4,Freitag,5,49,0,0,,Pflegehilfskraft,Pflegehilfskraft,PFLEGEHILFE,0.75,28.88,6931,6931,6238,7624,5,2,2,0,0,1,Pflegehilfskraft,0,0.0,-1530,22,20,2,0,2,4146,1,,,,,,0,,0,,4,3,3,1,1658,1,3,3,2,1,1451,1,2,1,2,0,1036,0,ST-IK1,Normalstation Innere Medizin / Kardiologie,30,Innere Medizin und Kardiologie,10.0,22.0,06:00,14:00,450,,13:30,21:30,450,F,21:15,06:15,495,F|S,11,10,8,10,30,45,8,38.5,30,0.1,0,2.0.0,20261130
PH-002,2026-12-04,plan,4,Freitag,5,49,0,0,,Pflegehilfskraft,Pflegehilfskraft,PFLEGEHILFE,0.5,19.25,4620,4620,4158,5082,5,2,2,0,0,1,Pflegehilfskraft,0,0.0,597,22,20,2,0,2,4146,1,,,,,,0,,0,,4,3,3,1,1658,1,3,3,2,1,1451,1,2,1,2,0,1036,0,ST-IK1,Normalstation Innere Medizin / Kardiologie,30,Innere Medizin und Kardiologie,10.0,22.0,06:00,14:00,450,,13:30,21:30,450,F,21:15,06:15,495,F|S,11,10,8,10,30,45,8,38.5,30,0.1,0,2.0.0,20261130
PK-001,2026-12-04,plan,4,Freitag,5,49,0,0,,Stationsleitung,Pflegefachkraft,EXAM|LEITUNG|PRAXISANLEITUNG,1.0,38.5,9240,4620,4158,5082,5,2,2,0,0,1,Pflegefachkraft,1,0.5,2130,22,20,2,0,2,4146,1,,,,,,0,,0,,4,3,3,1,1658,1,3,3,2,1,1451,1,2,1,2,0,1036,0,ST-IK1,Normalstation Innere Medizin / Kardiologie,30,Innere Medizin und Kardiologie,10.0,22.0,06:00,14:00,450,,13:30,21:30,450,F,21:15,06:15,495,F|S,11,10,8,10,30,45,8,38.5,30,0.1,0,2.0.0,20261130
PK-002,2026-12-04,plan,4,Freitag,5,49,0,0,,Pflegefachkraft,Pflegefachkraft,EXAM|PRAXISANLEITUNG|KARDIO_MONITORING,0.5,19.25,4620,4620,4158,5082,5,2,2,8,1,1,Pflegefachkraft,0,0.0,-885,22,20,2,0,2,4146,1,,,,,,0,,0,,4,3,3,1,1658,1,3,3,2,1,1451,1,2,1,2,0,1036,0,ST-IK1,Normalstation Innere Medizin / Kardiologie,30,Innere Medizin und Kardiologie,10.0,22.0,06:00,14:00,450,,13:30,21:30,450,F,21:15,06:15,495,F|S,11,10,8,10,30,45,8,38.5,30,0.1,0,2.0.0,20261130
PK-003,2026-12-04,plan,4,Freitag,5,49,0,0,,Pflegefachkraft,Pflegefachkraft,EXAM,0.75,28.88,6931,6931,6238,7624,5,2,2,8,1,1,Pflegefachkraft,0,0.0,-1890,22,20,2,0,2,4146,0,URLAUB,,,,,0,,0,,4,3,3,1,1658,1,3,3,2,1,1451,1,2,1,2,0,1036,0,ST-IK1,Normalstation Innere Medizin / Kardiologie,30,Innere Medizin und Kardiologie,10.0,22.0,06:00,14:00,450,,13:30,21:30,450,F,21:15,06:15,495,F|S,11,10,8,10,30,45,8,38.5,30,0.1,0,2.0.0,20261130
PK-004,2026-12-04,plan,4,Freitag,5,49,0,0,,Pflegefachkraft,Pflegefachkraft,EXAM,0.75,28.88,6931,6931,6238,7624,5,2,2,8,1,1,Pflegefachkraft,0,0.0,-1890,22,20,2,0,2,4146,1,,,,,,0,,0,,4,3,3,1,1658,1,3,3,2,1,1451,1,2,1,2,0,1036,0,ST-IK1,Normalstation Innere Medizin / Kardiologie,30,Innere Medizin und Kardiologie,10.0,22.0,06:00,14:00,450,,13:30,21:30,450,F,21:15,06:15,495,F|S,11,10,8,10,30,45,8,38.5,30,0.1,0,2.0.0,20261130
PK-005,2026-12-04,plan,4,Freitag,5,49,0,0,,Pflegefachkraft,Pflegefachkraft,EXAM,0.6,23.1,5544,5544,4990,6098,5,2,2,8,1,1,Pflegefachkraft,0,0.0,-1449,22,20,2,0,2,4146,1,,2,,,,0,,0,,4,3,3,1,1658,1,3,3,2,1,1451,1,2,1,2,0,1036,0,ST-IK1,Normalstation Innere Medizin / Kardiologie,30,Innere Medizin und Kardiologie,10.0,22.0,06:00,14:00,450,,13:30,21:30,450,F,21:15,06:15,495,F|S,11,10,8,10,30,45,8,38.5,30,0.1,0,2.0.0,20261130
PK-006,2026-12-04,plan,4,Freitag,5,49,0,0,,Pflegefachkraft,Pflegefachkraft,EXAM,1.0,38.5,9240,9240,8316,10164,5,2,2,8,1,1,Pflegefachkraft,0,0.0,-2670,22,20,2,0,2,4146,1,,,,,,0,,0,,4,3,3,1,1658,1,3,3,2,1,1451,1,2,1,2,0,1036,0,ST-IK1,Normalstation Innere Medizin / Kardiologie,30,Innere Medizin und Kardiologie,10.0,22.0,06:00,14:00,450,,13:30,21:30,450,F,21:15,06:15,495,F|S,11,10,8,10,30,45,8,38.5,30,0.1,0,2.0.0,20261130
PK-007,2026-12-04,plan,4,Freitag,5,49,0,0,,Pflegefachkraft,Pflegefachkraft,EXAM|PRAXISANLEITUNG,1.0,38.5,9240,9240,8316,10164,5,2,2,8,1,1,Pflegefachkraft,0,0.0,-2175,22,20,2,0,2,4146,1,,,,,,0,,0,,4,3,3,1,1658,1,3,3,2,1,1451,1,2,1,2,0,1036,0,ST-IK1,Normalstation Innere Medizin / Kardiologie,30,Innere Medizin und Kardiologie,10.0,22.0,06:00,14:00,450,,13:30,21:30,450,F,21:15,06:15,495,F|S,11,10,8,10,30,45,8,38.5,30,0.1,0,2.0.0,20261130
PK-008,2026-12-04,plan,4,Freitag,5,49,0,0,,Pflegefachkraft,Pflegefachkraft,EXAM,0.6,23.1,5544,5544,4990,6098,5,2,2,8,1,1,Pflegefachkraft,0,0.0,-1449,22,20,2,0,2,4146,1,,,,,,0,,0,,4,3,3,1,1658,1,3,3,2,1,1451,1,2,1,2,0,1036,0,ST-IK1,Normalstation Innere Medizin / Kardiologie,30,Innere Medizin und Kardiologie,10.0,22.0,06:00,14:00,450,,13:30,21:30,450,F,21:15,06:15,495,F|S,11,10,8,10,30,45,8,38.5,30,0.1,0,2.0.0,20261130
PK-009,2026-12-04,plan,4,Freitag,5,49,0,0,,Pflegefachkraft,Pflegefachkraft,EXAM,1.0,38.5,9240,9240,8316,10164,5,2,2,8,1,1,Pflegefachkraft,0,0.0,-2445,22,20,2,0,2,4146,1,,,,,,0,,0,,4,3,3,1,1658,1,3,3,2,1,1451,1,2,1,2,0,1036,0,ST-IK1,Normalstation Innere Medizin / Kardiologie,30,Innere Medizin und Kardiologie,10.0,22.0,06:00,14:00,450,,13:30,21:30,450,F,21:15,06:15,495,F|S,11,10,8,10,30,45,8,38.5,30,0.1,0,2.0.0,20261130
PK-010,2026-12-04,plan,4,Freitag,5,49,0,0,,Pflegefachkraft,Pflegefachkraft,EXAM,0.8,30.8,7392,7392,6653,8131,5,2,2,8,1,1,Pflegefachkraft,0,0.0,-1947,22,20,2,0,2,4146,1,,,,,,0,,0,,4,3,3,1,1658,1,3,3,2,1,1451,1,2,1,2,0,1036,0,ST-IK1,Normalstation Innere Medizin / Kardiologie,30,Innere Medizin und Kardiologie,10.0,22.0,06:00,14:00,450,,13:30,21:30,450,F,21:15,06:15,495,F|S,11,10,8,10,30,45,8,38.5,30,0.1,0,2.0.0,20261130
PK-011,2026-12-04,plan,4,Freitag,5,49,0,0,,Pflegefachkraft,Pflegefachkraft,EXAM|PRAXISANLEITUNG|KARDIO_MONITORING,1.0,38.5,9240,9240,8316,10164,5,2,2,8,1,1,Pflegefachkraft,0,0.0,-2445,22,20,2,0,2,4146,1,,,,,,0,,0,,4,3,3,1,1658,1,3,3,2,1,1451,1,2,1,2,0,1036,0,ST-IK1,Normalstation Innere Medizin / Kardiologie,30,Innere Medizin und Kardiologie,10.0,22.0,06:00,14:00,450,,13:30,21:30,450,F,21:15,06:15,495,F|S,11,10,8,10,30,45,8,38.5,30,0.1,0,2.0.0,20261130
PK-012,2026-12-04,plan,4,Freitag,5,49,0,0,,Pflegefachkraft,Pflegefachkraft,EXAM,1.0,38.5,9240,9240,8316,10164,5,2,2,8,1,1,Pflegefachkraft,0,0.0,1104,22,20,2,0,2,4146,1,,,,,,0,,0,,4,3,3,1,1658,1,3,3,2,1,1451,1,2,1,2,0,1036,0,ST-IK1,Normalstation Innere Medizin / Kardiologie,30,Innere Medizin und Kardiologie,10.0,22.0,06:00,14:00,450,,13:30,21:30,450,F,21:15,06:15,495,F|S,11,10,8,10,30,45,8,38.5,30,0.1,0,2.0.0,20261130
PK-013,2026-12-04,plan,4,Freitag,5,49,0,0,,Pflegefachkraft,Pflegefachkraft,EXAM|PRAXISANLEITUNG|KARDIO_MONITORING,1.0,38.5,9240,9240,8316,10164,5,2,2,8,1,1,Pflegefachkraft,0,0.0,1104,22,20,2,0,2,4146,1,,,,,,0,,0,,4,3,3,1,1658,1,3,3,2,1,1451,1,2,1,2,0,1036,0,ST-IK1,Normalstation Innere Medizin / Kardiologie,30,Innere Medizin und Kardiologie,10.0,22.0,06:00,14:00,450,,13:30,21:30,450,F,21:15,06:15,495,F|S,11,10,8,10,30,45,8,38.5,30,0.1,0,2.0.0,20261130
PK-014,2026-12-04,plan,4,Freitag,5,49,0,0,,Pflegefachkraft,Pflegefachkraft,EXAM|PRAXISANLEITUNG,0.9,34.65,8316,8316,7484,9148,5,2,2,8,1,1,Pflegefachkraft,0,0.0,-1926,22,20,2,0,2,4146,1,,,,,,0,,0,,4,3,3,1,1658,1,3,3,2,1,1451,1,2,1,2,0,1036,0,ST-IK1,Normalstation Innere Medizin / Kardiologie,30,Innere Medizin und Kardiologie,10.0,22.0,06:00,14:00,450,,13:30,21:30,450,F,21:15,06:15,495,F|S,11,10,8,10,30,45,8,38.5,30,0.1,0,2.0.0,20261130
PK-015,2026-12-04,plan,4,Freitag,5,49,0,0,,Pflegefachkraft,Pflegefachkraft,EXAM|KARDIO_MONITORING,1.0,38.5,9240,9240,8316,10164,5,2,2,8,1,1,Pflegefachkraft,0,0.0,-2355,22,20,2,0,2,4146,1,,,,,,0,,0,,4,3,3,1,1658,1,3,3,2,1,1451,1,2,1,2,0,1036,0,ST-IK1,Normalstation Innere Medizin / Kardiologie,30,Innere Medizin und Kardiologie,10.0,22.0,06:00,14:00,450,,13:30,21:30,450,F,21:15,06:15,495,F|S,11,10,8,10,30,45,8,38.5,30,0.1,0,2.0.0,20261130
PK-016,2026-12-04,plan,4,Freitag,5,49,0,0,,Pflegefachkraft,Pflegefachkraft,EXAM|KARDIO_MONITORING,1.0,38.5,9240,9240,8316,10164,5,2,2,8,1,1,Pflegefachkraft,0,0.0,-2625,22,20,2,0,2,4146,1,,,,,,0,,0,,4,3,3,1,1658,1,3,3,2,1,1451,1,2,1,2,0,1036,0,ST-IK1,Normalstation Innere Medizin / Kardiologie,30,Innere Medizin und Kardiologie,10.0,22.0,06:00,14:00,450,,13:30,21:30,450,F,21:15,06:15,495,F|S,11,10,8,10,30,45,8,38.5,30,0.1,0,2.0.0,20261130
PK-017,2026-12-04,plan,4,Freitag,5,49,0,0,,Pflegefachkraft,Pflegefachkraft,EXAM,0.5,19.25,4620,4620,4158,5082,5,2,2,8,1,1,Pflegefachkraft,0,0.0,-885,22,20,2,0,2,4146,0,LANGZEITABWESENHEIT,,,,,0,,0,,4,3,3,1,1658,1,3,3,2,1,1451,1,2,1,2,0,1036,0,ST-IK1,Normalstation Innere Medizin / Kardiologie,30,Innere Medizin und Kardiologie,10.0,22.0,06:00,14:00,450,,13:30,21:30,450,F,21:15,06:15,495,F|S,11,10,8,10,30,45,8,38.5,30,0.1,0,2.0.0,20261130
AZ-001,2026-12-05,plan,5,Samstag,6,49,1,0,,Auszubildende_r_3_Ausbildungsjahr,Auszubildende,AUSZUBILDEND,1.0,38.5,9240,9240,8316,10164,5,2,2,8,1,0,nicht anrechenbar,0,0.0,-9240,18,18,3,5,2,3374,1,,,,,,0,,0,,3,2,2,1,1350,1,3,2,2,1,1181,1,2,1,2,0,844,0,ST-IK1,Normalstation Innere Medizin / Kardiologie,30,Innere Medizin und Kardiologie,10.0,22.0,06:00,14:00,450,,13:30,21:30,450,F,21:15,06:15,495,F|S,11,10,8,10,30,45,8,38.5,30,0.1,0,2.0.0,20261130
AZ-002,2026-12-05,plan,5,Samstag,6,49,1,0,,Auszubildende_r_2_Ausbildungsjahr,Auszubildende,AUSZUBILDEND,1.0,38.5,9240,9240,8316,10164,5,2,2,8,1,0,nicht anrechenbar,0,0.0,-9240,18,18,3,5,2,3374,1,,,,,,0,,0,,3,2,2,1,1350,1,3,2,2,1,1181,1,2,1,2,0,844,0,ST-IK1,Normalstation Innere Medizin / Kardiologie,30,Innere Medizin und Kardiologie,10.0,22.0,06:00,14:00,450,,13:30,21:30,450,F,21:15,06:15,495,F|S,11,10,8,10,30,45,8,38.5,30,0.1,0,2.0.0,20261130
AZ-003,2026-12-05,plan,5,Samstag,6,49,1,0,,Auszubildende_r_1_Ausbildungsjahr,Auszubildende,AUSZUBILDEND,1.0,38.5,9240,9240,8316,10164,5,2,2,0,0,0,nicht anrechenbar,0,0.0,-9240,18,18,3,5,2,3374,0,URLAUB,,,,,0,,0,,3,2,2,1,1350,1,3,2,2,1,1181,1,2,1,2,0,844,0,ST-IK1,Normalstation Innere Medizin / Kardiologie,30,Innere Medizin und Kardiologie,10.0,22.0,06:00,14:00,450,,13:30,21:30,450,F,21:15,06:15,495,F|S,11,10,8,10,30,45,8,38.5,30,0.1,0,2.0.0,20261130
PH-001,2026-12-05,plan,5,Samstag,6,49,1,0,,Pflegehilfskraft,Pflegehilfskraft,PFLEGEHILFE,0.75,28.88,6931,6931,6238,7624,5,2,2,0,0,1,Pflegehilfskraft,0,0.0,-1530,18,18,3,5,2,3374,1,,,,,,0,,0,,3,2,2,1,1350,1,3,2,2,1,1181,1,2,1,2,0,844,0,ST-IK1,Normalstation Innere Medizin / Kardiologie,30,Innere Medizin und Kardiologie,10.0,22.0,06:00,14:00,450,,13:30,21:30,450,F,21:15,06:15,495,F|S,11,10,8,10,30,45,8,38.5,30,0.1,0,2.0.0,20261130
PH-002,2026-12-05,plan,5,Samstag,6,49,1,0,,Pflegehilfskraft,Pflegehilfskraft,PFLEGEHILFE,0.5,19.25,4620,4620,4158,5082,5,2,2,0,0,1,Pflegehilfskraft,0,0.0,597,18,18,3,5,2,3374,1,,,,,,0,,0,,3,2,2,1,1350,1,3,2,2,1,1181,1,2,1,2,0,844,0,ST-IK1,Normalstation Innere Medizin / Kardiologie,30,Innere Medizin und Kardiologie,10.0,22.0,06:00,14:00,450,,13:30,21:30,450,F,21:15,06:15,495,F|S,11,10,8,10,30,45,8,38.5,30,0.1,0,2.0.0,20261130
PK-001,2026-12-05,plan,5,Samstag,6,49,1,0,,Stationsleitung,Pflegefachkraft,EXAM|LEITUNG|PRAXISANLEITUNG,1.0,38.5,9240,4620,4158,5082,5,2,2,0,0,1,Pflegefachkraft,1,0.5,2130,18,18,3,5,2,3374,1,,,,,,0,,0,,3,2,2,1,1350,1,3,2,2,1,1181,1,2,1,2,0,844,0,ST-IK1,Normalstation Innere Medizin / Kardiologie,30,Innere Medizin und Kardiologie,10.0,22.0,06:00,14:00,450,,13:30,21:30,450,F,21:15,06:15,495,F|S,11,10,8,10,30,45,8,38.5,30,0.1,0,2.0.0,20261130
PK-002,2026-12-05,plan,5,Samstag,6,49,1,0,,Pflegefachkraft,Pflegefachkraft,EXAM|PRAXISANLEITUNG|KARDIO_MONITORING,0.5,19.25,4620,4620,4158,5082,5,2,2,8,1,1,Pflegefachkraft,0,0.0,-885,18,18,3,5,2,3374,1,,,,,,0,,0,,3,2,2,1,1350,1,3,2,2,1,1181,1,2,1,2,0,844,0,ST-IK1,Normalstation Innere Medizin / Kardiologie,30,Innere Medizin und Kardiologie,10.0,22.0,06:00,14:00,450,,13:30,21:30,450,F,21:15,06:15,495,F|S,11,10,8,10,30,45,8,38.5,30,0.1,0,2.0.0,20261130
PK-003,2026-12-05,plan,5,Samstag,6,49,1,0,,Pflegefachkraft,Pflegefachkraft,EXAM,0.75,28.88,6931,6931,6238,7624,5,2,2,8,1,1,Pflegefachkraft,0,0.0,-1890,18,18,3,5,2,3374,0,URLAUB,,,,,0,,0,,3,2,2,1,1350,1,3,2,2,1,1181,1,2,1,2,0,844,0,ST-IK1,Normalstation Innere Medizin / Kardiologie,30,Innere Medizin und Kardiologie,10.0,22.0,06:00,14:00,450,,13:30,21:30,450,F,21:15,06:15,495,F|S,11,10,8,10,30,45,8,38.5,30,0.1,0,2.0.0,20261130
PK-004,2026-12-05,plan,5,Samstag,6,49,1,0,,Pflegefachkraft,Pflegefachkraft,EXAM,0.75,28.88,6931,6931,6238,7624,5,2,2,8,1,1,Pflegefachkraft,0,0.0,-1890,18,18,3,5,2,3374,1,,,,,,0,,0,,3,2,2,1,1350,1,3,2,2,1,1181,1,2,1,2,0,844,0,ST-IK1,Normalstation Innere Medizin / Kardiologie,30,Innere Medizin und Kardiologie,10.0,22.0,06:00,14:00,450,,13:30,21:30,450,F,21:15,06:15,495,F|S,11,10,8,10,30,45,8,38.5,30,0.1,0,2.0.0,20261130
PK-005,2026-12-05,plan,5,Samstag,6,49,1,0,,Pflegefachkraft,Pflegefachkraft,EXAM,0.6,23.1,5544,5544,4990,6098,5,2,2,8,1,1,Pflegefachkraft,0,0.0,-1449,18,18,3,5,2,3374,1,,,,,,0,,0,,3,2,2,1,1350,1,3,2,2,1,1181,1,2,1,2,0,844,0,ST-IK1,Normalstation Innere Medizin / Kardiologie,30,Innere Medizin und Kardiologie,10.0,22.0,06:00,14:00,450,,13:30,21:30,450,F,21:15,06:15,495,F|S,11,10,8,10,30,45,8,38.5,30,0.1,0,2.0.0,20261130
PK-006,2026-12-05,plan,5,Samstag,6,49,1,0,,Pflegefachkraft,Pflegefachkraft,EXAM,1.0,38.5,9240,9240,8316,10164,5,2,2,8,1,1,Pflegefachkraft,0,0.0,-2670,18,18,3,5,2,3374,1,,,S,1,,0,,0,,3,2,2,1,1350,1,3,2,2,1,1181,1,2,1,2,0,844,0,ST-IK1,Normalstation Innere Medizin / Kardiologie,30,Innere Medizin und Kardiologie,10.0,22.0,06:00,14:00,450,,13:30,21:30,450,F,21:15,06:15,495,F|S,11,10,8,10,30,45,8,38.5,30,0.1,0,2.0.0,20261130
PK-007,2026-12-05,plan,5,Samstag,6,49,1,0,,Pflegefachkraft,Pflegefachkraft,EXAM|PRAXISANLEITUNG,1.0,38.5,9240,9240,8316,10164,5,2,2,8,1,1,Pflegefachkraft,0,0.0,-2175,18,18,3,5,2,3374,1,,3,,,,0,,0,,3,2,2,1,1350,1,3,2,2,1,1181,1,2,1,2,0,844,0,ST-IK1,Normalstation Innere Medizin / Kardiologie,30,Innere Medizin und Kardiologie,10.0,22.0,06:00,14:00,450,,13:30,21:30,450,F,21:15,06:15,495,F|S,11,10,8,10,30,45,8,38.5,30,0.1,0,2.0.0,20261130
PK-008,2026-12-05,plan,5,Samstag,6,49,1,0,,Pflegefachkraft,Pflegefachkraft,EXAM,0.6,23.1,5544,5544,4990,6098,5,2,2,8,1,1,Pflegefachkraft,0,0.0,-1449,18,18,3,5,2,3374,1,,,,,,0,,0,,3,2,2,1,1350,1,3,2,2,1,1181,1,2,1,2,0,844,0,ST-IK1,Normalstation Innere Medizin / Kardiologie,30,Innere Medizin und Kardiologie,10.0,22.0,06:00,14:00,450,,13:30,21:30,450,F,21:15,06:15,495,F|S,11,10,8,10,30,45,8,38.5,30,0.1,0,2.0.0,20261130
PK-009,2026-12-05,plan,5,Samstag,6,49,1,0,,Pflegefachkraft,Pflegefachkraft,EXAM,1.0,38.5,9240,9240,8316,10164,5,2,2,8,1,1,Pflegefachkraft,0,0.0,-2445,18,18,3,5,2,3374,1,,,,,,0,,0,,3,2,2,1,1350,1,3,2,2,1,1181,1,2,1,2,0,844,0,ST-IK1,Normalstation Innere Medizin / Kardiologie,30,Innere Medizin und Kardiologie,10.0,22.0,06:00,14:00,450,,13:30,21:30,450,F,21:15,06:15,495,F|S,11,10,8,10,30,45,8,38.5,30,0.1,0,2.0.0,20261130
PK-010,2026-12-05,plan,5,Samstag,6,49,1,0,,Pflegefachkraft,Pflegefachkraft,EXAM,0.8,30.8,7392,7392,6653,8131,5,2,2,8,1,1,Pflegefachkraft,0,0.0,-1947,18,18,3,5,2,3374,1,,,,,,0,,0,,3,2,2,1,1350,1,3,2,2,1,1181,1,2,1,2,0,844,0,ST-IK1,Normalstation Innere Medizin / Kardiologie,30,Innere Medizin und Kardiologie,10.0,22.0,06:00,14:00,450,,13:30,21:30,450,F,21:15,06:15,495,F|S,11,10,8,10,30,45,8,38.5,30,0.1,0,2.0.0,20261130
PK-011,2026-12-05,plan,5,Samstag,6,49,1,0,,Pflegefachkraft,Pflegefachkraft,EXAM|PRAXISANLEITUNG|KARDIO_MONITORING,1.0,38.5,9240,9240,8316,10164,5,2,2,8,1,1,Pflegefachkraft,0,0.0,-2445,18,18,3,5,2,3374,1,,,,,,0,,0,,3,2,2,1,1350,1,3,2,2,1,1181,1,2,1,2,0,844,0,ST-IK1,Normalstation Innere Medizin / Kardiologie,30,Innere Medizin und Kardiologie,10.0,22.0,06:00,14:00,450,,13:30,21:30,450,F,21:15,06:15,495,F|S,11,10,8,10,30,45,8,38.5,30,0.1,0,2.0.0,20261130
PK-012,2026-12-05,plan,5,Samstag,6,49,1,0,,Pflegefachkraft,Pflegefachkraft,EXAM,1.0,38.5,9240,9240,8316,10164,5,2,2,8,1,1,Pflegefachkraft,0,0.0,1104,18,18,3,5,2,3374,1,,,,,,0,,0,,3,2,2,1,1350,1,3,2,2,1,1181,1,2,1,2,0,844,0,ST-IK1,Normalstation Innere Medizin / Kardiologie,30,Innere Medizin und Kardiologie,10.0,22.0,06:00,14:00,450,,13:30,21:30,450,F,21:15,06:15,495,F|S,11,10,8,10,30,45,8,38.5,30,0.1,0,2.0.0,20261130
PK-013,2026-12-05,plan,5,Samstag,6,49,1,0,,Pflegefachkraft,Pflegefachkraft,EXAM|PRAXISANLEITUNG|KARDIO_MONITORING,1.0,38.5,9240,9240,8316,10164,5,2,2,8,1,1,Pflegefachkraft,0,0.0,1104,18,18,3,5,2,3374,1,,,,,,1,12,0,,3,2,2,1,1350,1,3,2,2,1,1181,1,2,1,2,0,844,0,ST-IK1,Normalstation Innere Medizin / Kardiologie,30,Innere Medizin und Kardiologie,10.0,22.0,06:00,14:00,450,,13:30,21:30,450,F,21:15,06:15,495,F|S,11,10,8,10,30,45,8,38.5,30,0.1,0,2.0.0,20261130
PK-014,2026-12-05,plan,5,Samstag,6,49,1,0,,Pflegefachkraft,Pflegefachkraft,EXAM|PRAXISANLEITUNG,0.9,34.65,8316,8316,7484,9148,5,2,2,8,1,1,Pflegefachkraft,0,0.0,-1926,18,18,3,5,2,3374,1,,,,,,0,,0,,3,2,2,1,1350,1,3,2,2,1,1181,1,2,1,2,0,844,0,ST-IK1,Normalstation Innere Medizin / Kardiologie,30,Innere Medizin und Kardiologie,10.0,22.0,06:00,14:00,450,,13:30,21:30,450,F,21:15,06:15,495,F|S,11,10,8,10,30,45,8,38.5,30,0.1,0,2.0.0,20261130
PK-015,2026-12-05,plan,5,Samstag,6,49,1,0,,Pflegefachkraft,Pflegefachkraft,EXAM|KARDIO_MONITORING,1.0,38.5,9240,9240,8316,10164,5,2,2,8,1,1,Pflegefachkraft,0,0.0,-2355,18,18,3,5,2,3374,0,FORTBILDUNG,,,,,0,,0,,3,2,2,1,1350,1,3,2,2,1,1181,1,2,1,2,0,844,0,ST-IK1,Normalstation Innere Medizin / Kardiologie,30,Innere Medizin und Kardiologie,10.0,22.0,06:00,14:00,450,,13:30,21:30,450,F,21:15,06:15,495,F|S,11,10,8,10,30,45,8,38.5,30,0.1,0,2.0.0,20261130
PK-016,2026-12-05,plan,5,Samstag,6,49,1,0,,Pflegefachkraft,Pflegefachkraft,EXAM|KARDIO_MONITORING,1.0,38.5,9240,9240,8316,10164,5,2,2,8,1,1,Pflegefachkraft,0,0.0,-2625,18,18,3,5,2,3374,1,,,,,,1,8,0,,3,2,2,1,1350,1,3,2,2,1,1181,1,2,1,2,0,844,0,ST-IK1,Normalstation Innere Medizin / Kardiologie,30,Innere Medizin und Kardiologie,10.0,22.0,06:00,14:00,450,,13:30,21:30,450,F,21:15,06:15,495,F|S,11,10,8,10,30,45,8,38.5,30,0.1,0,2.0.0,20261130
PK-017,2026-12-05,plan,5,Samstag,6,49,1,0,,Pflegefachkraft,Pflegefachkraft,EXAM,0.5,19.25,4620,4620,4158,5082,5,2,2,8,1,1,Pflegefachkraft,0,0.0,-885,18,18,3,5,2,3374,0,LANGZEITABWESENHEIT,,,,,0,,0,,3,2,2,1,1350,1,3,2,2,1,1181,1,2,1,2,0,844,0,ST-IK1,Normalstation Innere Medizin / Kardiologie,30,Innere Medizin und Kardiologie,10.0,22.0,06:00,14:00,450,,13:30,21:30,450,F,21:15,06:15,495,F|S,11,10,8,10,30,45,8,38.5,30,0.1,0,2.0.0,20261130
AZ-001,2026-12-06,plan,6,Sonntag,7,49,1,0,,Auszubildende_r_3_Ausbildungsjahr,Auszubildende,AUSZUBILDEND,1.0,38.5,9240,9240,8316,10164,5,2,2,8,1,0,nicht anrechenbar,0,0.0,-9240,20,20,5,2,1,4415,1,,,,,,0,,0,,4,2,3,1,1766,1,3,2,2,1,1545,1,2,1,2,0,1104,0,ST-IK1,Normalstation Innere Medizin / Kardiologie,30,Innere Medizin und Kardiologie,10.0,22.0,06:00,14:00,450,,13:30,21:30,450,F,21:15,06:15,495,F|S,11,10,8,10,30,45,8,38.5,30,0.1,0,2.0.0,20261130
AZ-002,2026-12-06,plan,6,Sonntag,7,49,1,0,,Auszubildende_r_2_Ausbildungsjahr,Auszubildende,AUSZUBILDEND,1.0,38.5,9240,9240,8316,10164,5,2,2,8,1,0,nicht anrechenbar,0,0.0,-9240,20,20,5,2,1,4415,1,,,,,,0,,0,,4,2,3,1,1766,1,3,2,2,1,1545,1,2,1,2,0,1104,0,ST-IK1,Normalstation Innere Medizin / Kardiologie,30,Innere Medizin und Kardiologie,10.0,22.0,06:00,14:00,450,,13:30,21:30,450,F,21:15,06:15,495,F|S,11,10,8,10,30,45,8,38.5,30,0.1,0,2.0.0,20261130
AZ-003,2026-12-06,plan,6,Sonntag,7,49,1,0,,Auszubildende_r_1_Ausbildungsjahr,Auszubildende,AUSZUBILDEND,1.0,38.5,9240,9240,8316,10164,5,2,2,0,0,0,nicht anrechenbar,0,0.0,-9240,20,20,5,2,1,4415,0,URLAUB,,,,,0,,0,,4,2,3,1,1766,1,3,2,2,1,1545,1,2,1,2,0,1104,0,ST-IK1,Normalstation Innere Medizin / Kardiologie,30,Innere Medizin und Kardiologie,10.0,22.0,06:00,14:00,450,,13:30,21:30,450,F,21:15,06:15,495,F|S,11,10,8,10,30,45,8,38.5,30,0.1,0,2.0.0,20261130
PH-001,2026-12-06,plan,6,Sonntag,7,49,1,0,,Pflegehilfskraft,Pflegehilfskraft,PFLEGEHILFE,0.75,28.88,6931,6931,6238,7624,5,2,2,0,0,1,Pflegehilfskraft,0,0.0,-1530,20,20,5,2,1,4415,1,,,,,,0,,0,,4,2,3,1,1766,1,3,2,2,1,1545,1,2,1,2,0,1104,0,ST-IK1,Normalstation Innere Medizin / Kardiologie,30,Innere Medizin und Kardiologie,10.0,22.0,06:00,14:00,450,,13:30,21:30,450,F,21:15,06:15,495,F|S,11,10,8,10,30,45,8,38.5,30,0.1,0,2.0.0,20261130
PH-002,2026-12-06,plan,6,Sonntag,7,49,1,0,,Pflegehilfskraft,Pflegehilfskraft,PFLEGEHILFE,0.5,19.25,4620,4620,4158,5082,5,2,2,0,0,1,Pflegehilfskraft,0,0.0,597,20,20,5,2,1,4415,1,,,,,,0,,0,,4,2,3,1,1766,1,3,2,2,1,1545,1,2,1,2,0,1104,0,ST-IK1,Normalstation Innere Medizin / Kardiologie,30,Innere Medizin und Kardiologie,10.0,22.0,06:00,14:00,450,,13:30,21:30,450,F,21:15,06:15,495,F|S,11,10,8,10,30,45,8,38.5,30,0.1,0,2.0.0,20261130
PK-001,2026-12-06,plan,6,Sonntag,7,49,1,0,,Stationsleitung,Pflegefachkraft,EXAM|LEITUNG|PRAXISANLEITUNG,1.0,38.5,9240,4620,4158,5082,5,2,2,0,0,1,Pflegefachkraft,1,0.5,2130,20,20,5,2,1,4415,1,,,,,,0,,0,,4,2,3,1,1766,1,3,2,2,1,1545,1,2,1,2,0,1104,0,ST-IK1,Normalstation Innere Medizin / Kardiologie,30,Innere Medizin und Kardiologie,10.0,22.0,06:00,14:00,450,,13:30,21:30,450,F,21:15,06:15,495,F|S,11,10,8,10,30,45,8,38.5,30,0.1,0,2.0.0,20261130
PK-002,2026-12-06,plan,6,Sonntag,7,49,1,0,,Pflegefachkraft,Pflegefachkraft,EXAM|PRAXISANLEITUNG|KARDIO_MONITORING,0.5,19.25,4620,4620,4158,5082,5,2,2,8,1,1,Pflegefachkraft,0,0.0,-885,20,20,5,2,1,4415,1,,,,,,0,,0,,4,2,3,1,1766,1,3,2,2,1,1545,1,2,1,2,0,1104,0,ST-IK1,Normalstation Innere Medizin / Kardiologie,30,Innere Medizin und Kardiologie,10.0,22.0,06:00,14:00,450,,13:30,21:30,450,F,21:15,06:15,495,F|S,11,10,8,10,30,45,8,38.5,30,0.1,0,2.0.0,20261130
PK-003,2026-12-06,plan,6,Sonntag,7,49,1,0,,Pflegefachkraft,Pflegefachkraft,EXAM,0.75,28.88,6931,6931,6238,7624,5,2,2,8,1,1,Pflegefachkraft,0,0.0,-1890,20,20,5,2,1,4415,0,URLAUB,,,,,0,,0,,4,2,3,1,1766,1,3,2,2,1,1545,1,2,1,2,0,1104,0,ST-IK1,Normalstation Innere Medizin / Kardiologie,30,Innere Medizin und Kardiologie,10.0,22.0,06:00,14:00,450,,13:30,21:30,450,F,21:15,06:15,495,F|S,11,10,8,10,30,45,8,38.5,30,0.1,0,2.0.0,20261130
PK-004,2026-12-06,plan,6,Sonntag,7,49,1,0,,Pflegefachkraft,Pflegefachkraft,EXAM,0.75,28.88,6931,6931,6238,7624,5,2,2,8,1,1,Pflegefachkraft,0,0.0,-1890,20,20,5,2,1,4415,1,,,,,,0,,0,,4,2,3,1,1766,1,3,2,2,1,1545,1,2,1,2,0,1104,0,ST-IK1,Normalstation Innere Medizin / Kardiologie,30,Innere Medizin und Kardiologie,10.0,22.0,06:00,14:00,450,,13:30,21:30,450,F,21:15,06:15,495,F|S,11,10,8,10,30,45,8,38.5,30,0.1,0,2.0.0,20261130
PK-005,2026-12-06,plan,6,Sonntag,7,49,1,0,,Pflegefachkraft,Pflegefachkraft,EXAM,0.6,23.1,5544,5544,4990,6098,5,2,2,8,1,1,Pflegefachkraft,0,0.0,-1449,20,20,5,2,1,4415,1,,,,,,0,,0,,4,2,3,1,1766,1,3,2,2,1,1545,1,2,1,2,0,1104,0,ST-IK1,Normalstation Innere Medizin / Kardiologie,30,Innere Medizin und Kardiologie,10.0,22.0,06:00,14:00,450,,13:30,21:30,450,F,21:15,06:15,495,F|S,11,10,8,10,30,45,8,38.5,30,0.1,0,2.0.0,20261130
PK-006,2026-12-06,plan,6,Sonntag,7,49,1,0,,Pflegefachkraft,Pflegefachkraft,EXAM,1.0,38.5,9240,9240,8316,10164,5,2,2,8,1,1,Pflegefachkraft,0,0.0,-2670,20,20,5,2,1,4415,1,,,,,,0,,0,,4,2,3,1,1766,1,3,2,2,1,1545,1,2,1,2,0,1104,0,ST-IK1,Normalstation Innere Medizin / Kardiologie,30,Innere Medizin und Kardiologie,10.0,22.0,06:00,14:00,450,,13:30,21:30,450,F,21:15,06:15,495,F|S,11,10,8,10,30,45,8,38.5,30,0.1,0,2.0.0,20261130
PK-007,2026-12-06,plan,6,Sonntag,7,49,1,0,,Pflegefachkraft,Pflegefachkraft,EXAM|PRAXISANLEITUNG,1.0,38.5,9240,9240,8316,10164,5,2,2,8,1,1,Pflegefachkraft,0,0.0,-2175,20,20,5,2,1,4415,1,,,,,,0,,0,,4,2,3,1,1766,1,3,2,2,1,1545,1,2,1,2,0,1104,0,ST-IK1,Normalstation Innere Medizin / Kardiologie,30,Innere Medizin und Kardiologie,10.0,22.0,06:00,14:00,450,,13:30,21:30,450,F,21:15,06:15,495,F|S,11,10,8,10,30,45,8,38.5,30,0.1,0,2.0.0,20261130
PK-008,2026-12-06,plan,6,Sonntag,7,49,1,0,,Pflegefachkraft,Pflegefachkraft,EXAM,0.6,23.1,5544,5544,4990,6098,5,2,2,8,1,1,Pflegefachkraft,0,0.0,-1449,20,20,5,2,1,4415,1,,,,,,0,,0,,4,2,3,1,1766,1,3,2,2,1,1545,1,2,1,2,0,1104,0,ST-IK1,Normalstation Innere Medizin / Kardiologie,30,Innere Medizin und Kardiologie,10.0,22.0,06:00,14:00,450,,13:30,21:30,450,F,21:15,06:15,495,F|S,11,10,8,10,30,45,8,38.5,30,0.1,0,2.0.0,20261130
PK-009,2026-12-06,plan,6,Sonntag,7,49,1,0,,Pflegefachkraft,Pflegefachkraft,EXAM,1.0,38.5,9240,9240,8316,10164,5,2,2,8,1,1,Pflegefachkraft,0,0.0,-2445,20,20,5,2,1,4415,1,,,,,,0,,0,,4,2,3,1,1766,1,3,2,2,1,1545,1,2,1,2,0,1104,0,ST-IK1,Normalstation Innere Medizin / Kardiologie,30,Innere Medizin und Kardiologie,10.0,22.0,06:00,14:00,450,,13:30,21:30,450,F,21:15,06:15,495,F|S,11,10,8,10,30,45,8,38.5,30,0.1,0,2.0.0,20261130
PK-010,2026-12-06,plan,6,Sonntag,7,49,1,0,,Pflegefachkraft,Pflegefachkraft,EXAM,0.8,30.8,7392,7392,6653,8131,5,2,2,8,1,1,Pflegefachkraft,0,0.0,-1947,20,20,5,2,1,4415,1,,,,,,0,,0,,4,2,3,1,1766,1,3,2,2,1,1545,1,2,1,2,0,1104,0,ST-IK1,Normalstation Innere Medizin / Kardiologie,30,Innere Medizin und Kardiologie,10.0,22.0,06:00,14:00,450,,13:30,21:30,450,F,21:15,06:15,495,F|S,11,10,8,10,30,45,8,38.5,30,0.1,0,2.0.0,20261130
PK-011,2026-12-06,plan,6,Sonntag,7,49,1,0,,Pflegefachkraft,Pflegefachkraft,EXAM|PRAXISANLEITUNG|KARDIO_MONITORING,1.0,38.5,9240,9240,8316,10164,5,2,2,8,1,1,Pflegefachkraft,0,0.0,-2445,20,20,5,2,1,4415,1,,,,,,0,,0,,4,2,3,1,1766,1,3,2,2,1,1545,1,2,1,2,0,1104,0,ST-IK1,Normalstation Innere Medizin / Kardiologie,30,Innere Medizin und Kardiologie,10.0,22.0,06:00,14:00,450,,13:30,21:30,450,F,21:15,06:15,495,F|S,11,10,8,10,30,45,8,38.5,30,0.1,0,2.0.0,20261130
PK-012,2026-12-06,plan,6,Sonntag,7,49,1,0,,Pflegefachkraft,Pflegefachkraft,EXAM,1.0,38.5,9240,9240,8316,10164,5,2,2,8,1,1,Pflegefachkraft,0,0.0,1104,20,20,5,2,1,4415,1,,,,,,0,,0,,4,2,3,1,1766,1,3,2,2,1,1545,1,2,1,2,0,1104,0,ST-IK1,Normalstation Innere Medizin / Kardiologie,30,Innere Medizin und Kardiologie,10.0,22.0,06:00,14:00,450,,13:30,21:30,450,F,21:15,06:15,495,F|S,11,10,8,10,30,45,8,38.5,30,0.1,0,2.0.0,20261130
PK-013,2026-12-06,plan,6,Sonntag,7,49,1,0,,Pflegefachkraft,Pflegefachkraft,EXAM|PRAXISANLEITUNG|KARDIO_MONITORING,1.0,38.5,9240,9240,8316,10164,5,2,2,8,1,1,Pflegefachkraft,0,0.0,1104,20,20,5,2,1,4415,1,,,,,,1,24,0,,4,2,3,1,1766,1,3,2,2,1,1545,1,2,1,2,0,1104,0,ST-IK1,Normalstation Innere Medizin / Kardiologie,30,Innere Medizin und Kardiologie,10.0,22.0,06:00,14:00,450,,13:30,21:30,450,F,21:15,06:15,495,F|S,11,10,8,10,30,45,8,38.5,30,0.1,0,2.0.0,20261130
PK-014,2026-12-06,plan,6,Sonntag,7,49,1,0,,Pflegefachkraft,Pflegefachkraft,EXAM|PRAXISANLEITUNG,0.9,34.65,8316,8316,7484,9148,5,2,2,8,1,1,Pflegefachkraft,0,0.0,-1926,20,20,5,2,1,4415,1,,,,,,0,,0,,4,2,3,1,1766,1,3,2,2,1,1545,1,2,1,2,0,1104,0,ST-IK1,Normalstation Innere Medizin / Kardiologie,30,Innere Medizin und Kardiologie,10.0,22.0,06:00,14:00,450,,13:30,21:30,450,F,21:15,06:15,495,F|S,11,10,8,10,30,45,8,38.5,30,0.1,0,2.0.0,20261130
PK-015,2026-12-06,plan,6,Sonntag,7,49,1,0,,Pflegefachkraft,Pflegefachkraft,EXAM|KARDIO_MONITORING,1.0,38.5,9240,9240,8316,10164,5,2,2,8,1,1,Pflegefachkraft,0,0.0,-2355,20,20,5,2,1,4415,1,,,,,,0,,0,,4,2,3,1,1766,1,3,2,2,1,1545,1,2,1,2,0,1104,0,ST-IK1,Normalstation Innere Medizin / Kardiologie,30,Innere Medizin und Kardiologie,10.0,22.0,06:00,14:00,450,,13:30,21:30,450,F,21:15,06:15,495,F|S,11,10,8,10,30,45,8,38.5,30,0.1,0,2.0.0,20261130
PK-016,2026-12-06,plan,6,Sonntag,7,49,1,0,,Pflegefachkraft,Pflegefachkraft,EXAM|KARDIO_MONITORING,1.0,38.5,9240,9240,8316,10164,5,2,2,8,1,1,Pflegefachkraft,0,0.0,-2625,20,20,5,2,1,4415,1,,,,,,0,,0,,4,2,3,1,1766,1,3,2,2,1,1545,1,2,1,2,0,1104,0,ST-IK1,Normalstation Innere Medizin / Kardiologie,30,Innere Medizin und Kardiologie,10.0,22.0,06:00,14:00,450,,13:30,21:30,450,F,21:15,06:15,495,F|S,11,10,8,10,30,45,8,38.5,30,0.1,0,2.0.0,20261130
PK-017,2026-12-06,plan,6,Sonntag,7,49,1,0,,Pflegefachkraft,Pflegefachkraft,EXAM,0.5,19.25,4620,4620,4158,5082,5,2,2,8,1,1,Pflegefachkraft,0,0.0,-885,20,20,5,2,1,4415,0,LANGZEITABWESENHEIT,,,,,0,,0,,4,2,3,1,1766,1,3,2,2,1,1545,1,2,1,2,0,1104,0,ST-IK1,Normalstation Innere Medizin / Kardiologie,30,Innere Medizin und Kardiologie,10.0,22.0,06:00,14:00,450,,13:30,21:30,450,F,21:15,06:15,495,F|S,11,10,8,10,30,45,8,38.5,30,0.1,0,2.0.0,20261130
AZ-001,2026-12-07,plan,7,Montag,1,50,0,0,,Auszubildende_r_3_Ausbildungsjahr,Auszubildende,AUSZUBILDEND,1.0,38.5,9240,9240,8316,10164,5,2,2,8,1,0,nicht anrechenbar,0,0.0,-9240,23,23,1,2,3,3992,1,,,,,,0,,0,,4,3,3,1,1597,1,3,3,2,1,1397,1,2,2,2,0,998,0,ST-IK1,Normalstation Innere Medizin / Kardiologie,30,Innere Medizin und Kardiologie,10.0,22.0,06:00,14:00,450,,13:30,21:30,450,F,21:15,06:15,495,F|S,11,10,8,10,30,45,8,38.5,30,0.1,0,2.0.0,20261130
AZ-002,2026-12-07,plan,7,Montag,1,50,0,0,,Auszubildende_r_2_Ausbildungsjahr,Auszubildende,AUSZUBILDEND,1.0,38.5,9240,9240,8316,10164,5,2,2,8,1,0,nicht anrechenbar,0,0.0,-9240,23,23,1,2,3,3992,1,,,,,,0,,0,,4,3,3,1,1597,1,3,3,2,1,1397,1,2,2,2,0,998,0,ST-IK1,Normalstation Innere Medizin / Kardiologie,30,Innere Medizin und Kardiologie,10.0,22.0,06:00,14:00,450,,13:30,21:30,450,F,21:15,06:15,495,F|S,11,10,8,10,30,45,8,38.5,30,0.1,0,2.0.0,20261130
AZ-003,2026-12-07,plan,7,Montag,1,50,0,0,,Auszubildende_r_1_Ausbildungsjahr,Auszubildende,AUSZUBILDEND,1.0,38.5,9240,9240,8316,10164,5,2,2,0,0,0,nicht anrechenbar,0,0.0,-9240,23,23,1,2,3,3992,0,URLAUB,,,,,0,,0,,4,3,3,1,1597,1,3,3,2,1,1397,1,2,2,2,0,998,0,ST-IK1,Normalstation Innere Medizin / Kardiologie,30,Innere Medizin und Kardiologie,10.0,22.0,06:00,14:00,450,,13:30,21:30,450,F,21:15,06:15,495,F|S,11,10,8,10,30,45,8,38.5,30,0.1,0,2.0.0,20261130
PH-001,2026-12-07,plan,7,Montag,1,50,0,0,,Pflegehilfskraft,Pflegehilfskraft,PFLEGEHILFE,0.75,28.88,6931,6931,6238,7624,5,2,2,0,0,1,Pflegehilfskraft,0,0.0,-1530,23,23,1,2,3,3992,1,,,,,,0,,0,,4,3,3,1,1597,1,3,3,2,1,1397,1,2,2,2,0,998,0,ST-IK1,Normalstation Innere Medizin / Kardiologie,30,Innere Medizin und Kardiologie,10.0,22.0,06:00,14:00,450,,13:30,21:30,450,F,21:15,06:15,495,F|S,11,10,8,10,30,45,8,38.5,30,0.1,0,2.0.0,20261130
PH-002,2026-12-07,plan,7,Montag,1,50,0,0,,Pflegehilfskraft,Pflegehilfskraft,PFLEGEHILFE,0.5,19.25,4620,4620,4158,5082,5,2,2,0,0,1,Pflegehilfskraft,0,0.0,597,23,23,1,2,3,3992,1,,,,,,0,,0,,4,3,3,1,1597,1,3,3,2,1,1397,1,2,2,2,0,998,0,ST-IK1,Normalstation Innere Medizin / Kardiologie,30,Innere Medizin und Kardiologie,10.0,22.0,06:00,14:00,450,,13:30,21:30,450,F,21:15,06:15,495,F|S,11,10,8,10,30,45,8,38.5,30,0.1,0,2.0.0,20261130
PK-001,2026-12-07,plan,7,Montag,1,50,0,0,,Stationsleitung,Pflegefachkraft,EXAM|LEITUNG|PRAXISANLEITUNG,1.0,38.5,9240,4620,4158,5082,5,2,2,0,0,1,Pflegefachkraft,1,0.5,2130,23,23,1,2,3,3992,1,,,,,,0,,0,,4,3,3,1,1597,1,3,3,2,1,1397,1,2,2,2,0,998,0,ST-IK1,Normalstation Innere Medizin / Kardiologie,30,Innere Medizin und Kardiologie,10.0,22.0,06:00,14:00,450,,13:30,21:30,450,F,21:15,06:15,495,F|S,11,10,8,10,30,45,8,38.5,30,0.1,0,2.0.0,20261130
PK-002,2026-12-07,plan,7,Montag,1,50,0,0,,Pflegefachkraft,Pflegefachkraft,EXAM|PRAXISANLEITUNG|KARDIO_MONITORING,0.5,19.25,4620,4620,4158,5082,5,2,2,8,1,1,Pflegefachkraft,0,0.0,-885,23,23,1,2,3,3992,1,,,,,,0,,0,,4,3,3,1,1597,1,3,3,2,1,1397,1,2,2,2,0,998,0,ST-IK1,Normalstation Innere Medizin / Kardiologie,30,Innere Medizin und Kardiologie,10.0,22.0,06:00,14:00,450,,13:30,21:30,450,F,21:15,06:15,495,F|S,11,10,8,10,30,45,8,38.5,30,0.1,0,2.0.0,20261130
PK-003,2026-12-07,plan,7,Montag,1,50,0,0,,Pflegefachkraft,Pflegefachkraft,EXAM,0.75,28.88,6931,6931,6238,7624,5,2,2,8,1,1,Pflegefachkraft,0,0.0,-1890,23,23,1,2,3,3992,0,URLAUB,,,,,0,,0,,4,3,3,1,1597,1,3,3,2,1,1397,1,2,2,2,0,998,0,ST-IK1,Normalstation Innere Medizin / Kardiologie,30,Innere Medizin und Kardiologie,10.0,22.0,06:00,14:00,450,,13:30,21:30,450,F,21:15,06:15,495,F|S,11,10,8,10,30,45,8,38.5,30,0.1,0,2.0.0,20261130
PK-004,2026-12-07,plan,7,Montag,1,50,0,0,,Pflegefachkraft,Pflegefachkraft,EXAM,0.75,28.88,6931,6931,6238,7624,5,2,2,8,1,1,Pflegefachkraft,0,0.0,-1890,23,23,1,2,3,3992,1,,,,,,0,,0,,4,3,3,1,1597,1,3,3,2,1,1397,1,2,2,2,0,998,0,ST-IK1,Normalstation Innere Medizin / Kardiologie,30,Innere Medizin und Kardiologie,10.0,22.0,06:00,14:00,450,,13:30,21:30,450,F,21:15,06:15,495,F|S,11,10,8,10,30,45,8,38.5,30,0.1,0,2.0.0,20261130
PK-005,2026-12-07,plan,7,Montag,1,50,0,0,,Pflegefachkraft,Pflegefachkraft,EXAM,0.6,23.1,5544,5544,4990,6098,5,2,2,8,1,1,Pflegefachkraft,0,0.0,-1449,23,23,1,2,3,3992,1,,,,,,0,,0,,4,3,3,1,1597,1,3,3,2,1,1397,1,2,2,2,0,998,0,ST-IK1,Normalstation Innere Medizin / Kardiologie,30,Innere Medizin und Kardiologie,10.0,22.0,06:00,14:00,450,,13:30,21:30,450,F,21:15,06:15,495,F|S,11,10,8,10,30,45,8,38.5,30,0.1,0,2.0.0,20261130
PK-006,2026-12-07,plan,7,Montag,1,50,0,0,,Pflegefachkraft,Pflegefachkraft,EXAM,1.0,38.5,9240,9240,8316,10164,5,2,2,8,1,1,Pflegefachkraft,0,0.0,-2670,23,23,1,2,3,3992,1,,,,,,0,,0,,4,3,3,1,1597,1,3,3,2,1,1397,1,2,2,2,0,998,0,ST-IK1,Normalstation Innere Medizin / Kardiologie,30,Innere Medizin und Kardiologie,10.0,22.0,06:00,14:00,450,,13:30,21:30,450,F,21:15,06:15,495,F|S,11,10,8,10,30,45,8,38.5,30,0.1,0,2.0.0,20261130
PK-007,2026-12-07,plan,7,Montag,1,50,0,0,,Pflegefachkraft,Pflegefachkraft,EXAM|PRAXISANLEITUNG,1.0,38.5,9240,9240,8316,10164,5,2,2,8,1,1,Pflegefachkraft,0,0.0,-2175,23,23,1,2,3,3992,1,,,,,,0,,0,,4,3,3,1,1597,1,3,3,2,1,1397,1,2,2,2,0,998,0,ST-IK1,Normalstation Innere Medizin / Kardiologie,30,Innere Medizin und Kardiologie,10.0,22.0,06:00,14:00,450,,13:30,21:30,450,F,21:15,06:15,495,F|S,11,10,8,10,30,45,8,38.5,30,0.1,0,2.0.0,20261130
PK-008,2026-12-07,plan,7,Montag,1,50,0,0,,Pflegefachkraft,Pflegefachkraft,EXAM,0.6,23.1,5544,5544,4990,6098,5,2,2,8,1,1,Pflegefachkraft,0,0.0,-1449,23,23,1,2,3,3992,0,URLAUB,,,,,0,,0,,4,3,3,1,1597,1,3,3,2,1,1397,1,2,2,2,0,998,0,ST-IK1,Normalstation Innere Medizin / Kardiologie,30,Innere Medizin und Kardiologie,10.0,22.0,06:00,14:00,450,,13:30,21:30,450,F,21:15,06:15,495,F|S,11,10,8,10,30,45,8,38.5,30,0.1,0,2.0.0,20261130
PK-009,2026-12-07,plan,7,Montag,1,50,0,0,,Pflegefachkraft,Pflegefachkraft,EXAM,1.0,38.5,9240,9240,8316,10164,5,2,2,8,1,1,Pflegefachkraft,0,0.0,-2445,23,23,1,2,3,3992,1,,,,,,0,,0,,4,3,3,1,1597,1,3,3,2,1,1397,1,2,2,2,0,998,0,ST-IK1,Normalstation Innere Medizin / Kardiologie,30,Innere Medizin und Kardiologie,10.0,22.0,06:00,14:00,450,,13:30,21:30,450,F,21:15,06:15,495,F|S,11,10,8,10,30,45,8,38.5,30,0.1,0,2.0.0,20261130
PK-010,2026-12-07,plan,7,Montag,1,50,0,0,,Pflegefachkraft,Pflegefachkraft,EXAM,0.8,30.8,7392,7392,6653,8131,5,2,2,8,1,1,Pflegefachkraft,0,0.0,-1947,23,23,1,2,3,3992,1,,,,,,0,,0,,4,3,3,1,1597,1,3,3,2,1,1397,1,2,2,2,0,998,0,ST-IK1,Normalstation Innere Medizin / Kardiologie,30,Innere Medizin und Kardiologie,10.0,22.0,06:00,14:00,450,,13:30,21:30,450,F,21:15,06:15,495,F|S,11,10,8,10,30,45,8,38.5,30,0.1,0,2.0.0,20261130
PK-011,2026-12-07,plan,7,Montag,1,50,0,0,,Pflegefachkraft,Pflegefachkraft,EXAM|PRAXISANLEITUNG|KARDIO_MONITORING,1.0,38.5,9240,9240,8316,10164,5,2,2,8,1,1,Pflegefachkraft,0,0.0,-2445,23,23,1,2,3,3992,1,,,,,,0,,0,,4,3,3,1,1597,1,3,3,2,1,1397,1,2,2,2,0,998,0,ST-IK1,Normalstation Innere Medizin / Kardiologie,30,Innere Medizin und Kardiologie,10.0,22.0,06:00,14:00,450,,13:30,21:30,450,F,21:15,06:15,495,F|S,11,10,8,10,30,45,8,38.5,30,0.1,0,2.0.0,20261130
PK-012,2026-12-07,plan,7,Montag,1,50,0,0,,Pflegefachkraft,Pflegefachkraft,EXAM,1.0,38.5,9240,9240,8316,10164,5,2,2,8,1,1,Pflegefachkraft,0,0.0,1104,23,23,1,2,3,3992,1,,,,,,0,,0,,4,3,3,1,1597,1,3,3,2,1,1397,1,2,2,2,0,998,0,ST-IK1,Normalstation Innere Medizin / Kardiologie,30,Innere Medizin und Kardiologie,10.0,22.0,06:00,14:00,450,,13:30,21:30,450,F,21:15,06:15,495,F|S,11,10,8,10,30,45,8,38.5,30,0.1,0,2.0.0,20261130
PK-013,2026-12-07,plan,7,Montag,1,50,0,0,,Pflegefachkraft,Pflegefachkraft,EXAM|PRAXISANLEITUNG|KARDIO_MONITORING,1.0,38.5,9240,9240,8316,10164,5,2,2,8,1,1,Pflegefachkraft,0,0.0,1104,23,23,1,2,3,3992,1,,,,,,0,,0,,4,3,3,1,1597,1,3,3,2,1,1397,1,2,2,2,0,998,0,ST-IK1,Normalstation Innere Medizin / Kardiologie,30,Innere Medizin und Kardiologie,10.0,22.0,06:00,14:00,450,,13:30,21:30,450,F,21:15,06:15,495,F|S,11,10,8,10,30,45,8,38.5,30,0.1,0,2.0.0,20261130
PK-014,2026-12-07,plan,7,Montag,1,50,0,0,,Pflegefachkraft,Pflegefachkraft,EXAM|PRAXISANLEITUNG,0.9,34.65,8316,8316,7484,9148,5,2,2,8,1,1,Pflegefachkraft,0,0.0,-1926,23,23,1,2,3,3992,1,,,,,,0,,0,,4,3,3,1,1597,1,3,3,2,1,1397,1,2,2,2,0,998,0,ST-IK1,Normalstation Innere Medizin / Kardiologie,30,Innere Medizin und Kardiologie,10.0,22.0,06:00,14:00,450,,13:30,21:30,450,F,21:15,06:15,495,F|S,11,10,8,10,30,45,8,38.5,30,0.1,0,2.0.0,20261130
PK-015,2026-12-07,plan,7,Montag,1,50,0,0,,Pflegefachkraft,Pflegefachkraft,EXAM|KARDIO_MONITORING,1.0,38.5,9240,9240,8316,10164,5,2,2,8,1,1,Pflegefachkraft,0,0.0,-2355,23,23,1,2,3,3992,1,,,,,,0,,0,,4,3,3,1,1597,1,3,3,2,1,1397,1,2,2,2,0,998,0,ST-IK1,Normalstation Innere Medizin / Kardiologie,30,Innere Medizin und Kardiologie,10.0,22.0,06:00,14:00,450,,13:30,21:30,450,F,21:15,06:15,495,F|S,11,10,8,10,30,45,8,38.5,30,0.1,0,2.0.0,20261130
PK-016,2026-12-07,plan,7,Montag,1,50,0,0,,Pflegefachkraft,Pflegefachkraft,EXAM|KARDIO_MONITORING,1.0,38.5,9240,9240,8316,10164,5,2,2,8,1,1,Pflegefachkraft,0,0.0,-2625,23,23,1,2,3,3992,1,,,,,,0,,0,,4,3,3,1,1597,1,3,3,2,1,1397,1,2,2,2,0,998,0,ST-IK1,Normalstation Innere Medizin / Kardiologie,30,Innere Medizin und Kardiologie,10.0,22.0,06:00,14:00,450,,13:30,21:30,450,F,21:15,06:15,495,F|S,11,10,8,10,30,45,8,38.5,30,0.1,0,2.0.0,20261130
PK-017,2026-12-07,plan,7,Montag,1,50,0,0,,Pflegefachkraft,Pflegefachkraft,EXAM,0.5,19.25,4620,4620,4158,5082,5,2,2,8,1,1,Pflegefachkraft,0,0.0,-885,23,23,1,2,3,3992,0,LANGZEITABWESENHEIT,,,,,0,,0,,4,3,3,1,1597,1,3,3,2,1,1397,1,2,2,2,0,998,0,ST-IK1,Normalstation Innere Medizin / Kardiologie,30,Innere Medizin und Kardiologie,10.0,22.0,06:00,14:00,450,,13:30,21:30,450,F,21:15,06:15,495,F|S,11,10,8,10,30,45,8,38.5,30,0.1,0,2.0.0,20261130
AZ-001,2026-12-08,plan,8,Dienstag,2,50,0,0,,Auszubildende_r_3_Ausbildungsjahr,Auszubildende,AUSZUBILDEND,1.0,38.5,9240,9240,8316,10164,5,2,2,8,1,0,nicht anrechenbar,0,0.0,-9240,24,23,2,3,1,3993,1,,,,,,0,,0,,4,3,3,1,1597,1,3,3,2,1,1398,1,2,2,2,0,998,0,ST-IK1,Normalstation Innere Medizin / Kardiologie,30,Innere Medizin und Kardiologie,10.0,22.0,06:00,14:00,450,,13:30,21:30,450,F,21:15,06:15,495,F|S,11,10,8,10,30,45,8,38.5,30,0.1,0,2.0.0,20261130
AZ-002,2026-12-08,plan,8,Dienstag,2,50,0,0,,Auszubildende_r_2_Ausbildungsjahr,Auszubildende,AUSZUBILDEND,1.0,38.5,9240,9240,8316,10164,5,2,2,8,1,0,nicht anrechenbar,0,0.0,-9240,24,23,2,3,1,3993,1,,,,,,0,,0,,4,3,3,1,1597,1,3,3,2,1,1398,1,2,2,2,0,998,0,ST-IK1,Normalstation Innere Medizin / Kardiologie,30,Innere Medizin und Kardiologie,10.0,22.0,06:00,14:00,450,,13:30,21:30,450,F,21:15,06:15,495,F|S,11,10,8,10,30,45,8,38.5,30,0.1,0,2.0.0,20261130
AZ-003,2026-12-08,plan,8,Dienstag,2,50,0,0,,Auszubildende_r_1_Ausbildungsjahr,Auszubildende,AUSZUBILDEND,1.0,38.5,9240,9240,8316,10164,5,2,2,0,0,0,nicht anrechenbar,0,0.0,-9240,24,23,2,3,1,3993,0,URLAUB,,,,,0,,0,,4,3,3,1,1597,1,3,3,2,1,1398,1,2,2,2,0,998,0,ST-IK1,Normalstation Innere Medizin / Kardiologie,30,Innere Medizin und Kardiologie,10.0,22.0,06:00,14:00,450,,13:30,21:30,450,F,21:15,06:15,495,F|S,11,10,8,10,30,45,8,38.5,30,0.1,0,2.0.0,20261130
PH-001,2026-12-08,plan,8,Dienstag,2,50,0,0,,Pflegehilfskraft,Pflegehilfskraft,PFLEGEHILFE,0.75,28.88,6931,6931,6238,7624,5,2,2,0,0,1,Pflegehilfskraft,0,0.0,-1530,24,23,2,3,1,3993,1,,2,,,,0,,0,,4,3,3,1,1597,1,3,3,2,1,1398,1,2,2,2,0,998,0,ST-IK1,Normalstation Innere Medizin / Kardiologie,30,Innere Medizin und Kardiologie,10.0,22.0,06:00,14:00,450,,13:30,21:30,450,F,21:15,06:15,495,F|S,11,10,8,10,30,45,8,38.5,30,0.1,0,2.0.0,20261130
PH-002,2026-12-08,plan,8,Dienstag,2,50,0,0,,Pflegehilfskraft,Pflegehilfskraft,PFLEGEHILFE,0.5,19.25,4620,4620,4158,5082,5,2,2,0,0,1,Pflegehilfskraft,0,0.0,597,24,23,2,3,1,3993,1,,,,,,0,,0,,4,3,3,1,1597,1,3,3,2,1,1398,1,2,2,2,0,998,0,ST-IK1,Normalstation Innere Medizin / Kardiologie,30,Innere Medizin und Kardiologie,10.0,22.0,06:00,14:00,450,,13:30,21:30,450,F,21:15,06:15,495,F|S,11,10,8,10,30,45,8,38.5,30,0.1,0,2.0.0,20261130
PK-001,2026-12-08,plan,8,Dienstag,2,50,0,0,,Stationsleitung,Pflegefachkraft,EXAM|LEITUNG|PRAXISANLEITUNG,1.0,38.5,9240,4620,4158,5082,5,2,2,0,0,1,Pflegefachkraft,1,0.5,2130,24,23,2,3,1,3993,1,,,,,,0,,0,,4,3,3,1,1597,1,3,3,2,1,1398,1,2,2,2,0,998,0,ST-IK1,Normalstation Innere Medizin / Kardiologie,30,Innere Medizin und Kardiologie,10.0,22.0,06:00,14:00,450,,13:30,21:30,450,F,21:15,06:15,495,F|S,11,10,8,10,30,45,8,38.5,30,0.1,0,2.0.0,20261130
PK-002,2026-12-08,plan,8,Dienstag,2,50,0,0,,Pflegefachkraft,Pflegefachkraft,EXAM|PRAXISANLEITUNG|KARDIO_MONITORING,0.5,19.25,4620,4620,4158,5082,5,2,2,8,1,1,Pflegefachkraft,0,0.0,-885,24,23,2,3,1,3993,1,,,,,,0,,0,,4,3,3,1,1597,1,3,3,2,1,1398,1,2,2,2,0,998,0,ST-IK1,Normalstation Innere Medizin / Kardiologie,30,Innere Medizin und Kardiologie,10.0,22.0,06:00,14:00,450,,13:30,21:30,450,F,21:15,06:15,495,F|S,11,10,8,10,30,45,8,38.5,30,0.1,0,2.0.0,20261130
PK-003,2026-12-08,plan,8,Dienstag,2,50,0,0,,Pflegefachkraft,Pflegefachkraft,EXAM,0.75,28.88,6931,6931,6238,7624,5,2,2,8,1,1,Pflegefachkraft,0,0.0,-1890,24,23,2,3,1,3993,0,URLAUB,,,,,0,,0,,4,3,3,1,1597,1,3,3,2,1,1398,1,2,2,2,0,998,0,ST-IK1,Normalstation Innere Medizin / Kardiologie,30,Innere Medizin und Kardiologie,10.0,22.0,06:00,14:00,450,,13:30,21:30,450,F,21:15,06:15,495,F|S,11,10,8,10,30,45,8,38.5,30,0.1,0,2.0.0,20261130
PK-004,2026-12-08,plan,8,Dienstag,2,50,0,0,,Pflegefachkraft,Pflegefachkraft,EXAM,0.75,28.88,6931,6931,6238,7624,5,2,2,8,1,1,Pflegefachkraft,0,0.0,-1890,24,23,2,3,1,3993,1,,,,,,0,,0,,4,3,3,1,1597,1,3,3,2,1,1398,1,2,2,2,0,998,0,ST-IK1,Normalstation Innere Medizin / Kardiologie,30,Innere Medizin und Kardiologie,10.0,22.0,06:00,14:00,450,,13:30,21:30,450,F,21:15,06:15,495,F|S,11,10,8,10,30,45,8,38.5,30,0.1,0,2.0.0,20261130
PK-005,2026-12-08,plan,8,Dienstag,2,50,0,0,,Pflegefachkraft,Pflegefachkraft,EXAM,0.6,23.1,5544,5544,4990,6098,5,2,2,8,1,1,Pflegefachkraft,0,0.0,-1449,24,23,2,3,1,3993,1,,,,,,1,12,0,,4,3,3,1,1597,1,3,3,2,1,1398,1,2,2,2,0,998,0,ST-IK1,Normalstation Innere Medizin / Kardiologie,30,Innere Medizin und Kardiologie,10.0,22.0,06:00,14:00,450,,13:30,21:30,450,F,21:15,06:15,495,F|S,11,10,8,10,30,45,8,38.5,30,0.1,0,2.0.0,20261130
PK-006,2026-12-08,plan,8,Dienstag,2,50,0,0,,Pflegefachkraft,Pflegefachkraft,EXAM,1.0,38.5,9240,9240,8316,10164,5,2,2,8,1,1,Pflegefachkraft,0,0.0,-2670,24,23,2,3,1,3993,1,,,,,,0,,0,,4,3,3,1,1597,1,3,3,2,1,1398,1,2,2,2,0,998,0,ST-IK1,Normalstation Innere Medizin / Kardiologie,30,Innere Medizin und Kardiologie,10.0,22.0,06:00,14:00,450,,13:30,21:30,450,F,21:15,06:15,495,F|S,11,10,8,10,30,45,8,38.5,30,0.1,0,2.0.0,20261130
PK-007,2026-12-08,plan,8,Dienstag,2,50,0,0,,Pflegefachkraft,Pflegefachkraft,EXAM|PRAXISANLEITUNG,1.0,38.5,9240,9240,8316,10164,5,2,2,8,1,1,Pflegefachkraft,0,0.0,-2175,24,23,2,3,1,3993,1,,,,,,0,,0,,4,3,3,1,1597,1,3,3,2,1,1398,1,2,2,2,0,998,0,ST-IK1,Normalstation Innere Medizin / Kardiologie,30,Innere Medizin und Kardiologie,10.0,22.0,06:00,14:00,450,,13:30,21:30,450,F,21:15,06:15,495,F|S,11,10,8,10,30,45,8,38.5,30,0.1,0,2.0.0,20261130
PK-008,2026-12-08,plan,8,Dienstag,2,50,0,0,,Pflegefachkraft,Pflegefachkraft,EXAM,0.6,23.1,5544,5544,4990,6098,5,2,2,8,1,1,Pflegefachkraft,0,0.0,-1449,24,23,2,3,1,3993,0,URLAUB,,,,,0,,0,,4,3,3,1,1597,1,3,3,2,1,1398,1,2,2,2,0,998,0,ST-IK1,Normalstation Innere Medizin / Kardiologie,30,Innere Medizin und Kardiologie,10.0,22.0,06:00,14:00,450,,13:30,21:30,450,F,21:15,06:15,495,F|S,11,10,8,10,30,45,8,38.5,30,0.1,0,2.0.0,20261130
PK-009,2026-12-08,plan,8,Dienstag,2,50,0,0,,Pflegefachkraft,Pflegefachkraft,EXAM,1.0,38.5,9240,9240,8316,10164,5,2,2,8,1,1,Pflegefachkraft,0,0.0,-2445,24,23,2,3,1,3993,1,,,,,,0,,0,,4,3,3,1,1597,1,3,3,2,1,1398,1,2,2,2,0,998,0,ST-IK1,Normalstation Innere Medizin / Kardiologie,30,Innere Medizin und Kardiologie,10.0,22.0,06:00,14:00,450,,13:30,21:30,450,F,21:15,06:15,495,F|S,11,10,8,10,30,45,8,38.5,30,0.1,0,2.0.0,20261130
PK-010,2026-12-08,plan,8,Dienstag,2,50,0,0,,Pflegefachkraft,Pflegefachkraft,EXAM,0.8,30.8,7392,7392,6653,8131,5,2,2,8,1,1,Pflegefachkraft,0,0.0,-1947,24,23,2,3,1,3993,1,,,,,,0,,0,,4,3,3,1,1597,1,3,3,2,1,1398,1,2,2,2,0,998,0,ST-IK1,Normalstation Innere Medizin / Kardiologie,30,Innere Medizin und Kardiologie,10.0,22.0,06:00,14:00,450,,13:30,21:30,450,F,21:15,06:15,495,F|S,11,10,8,10,30,45,8,38.5,30,0.1,0,2.0.0,20261130
PK-011,2026-12-08,plan,8,Dienstag,2,50,0,0,,Pflegefachkraft,Pflegefachkraft,EXAM|PRAXISANLEITUNG|KARDIO_MONITORING,1.0,38.5,9240,9240,8316,10164,5,2,2,8,1,1,Pflegefachkraft,0,0.0,-2445,24,23,2,3,1,3993,1,,,,,,0,,0,,4,3,3,1,1597,1,3,3,2,1,1398,1,2,2,2,0,998,0,ST-IK1,Normalstation Innere Medizin / Kardiologie,30,Innere Medizin und Kardiologie,10.0,22.0,06:00,14:00,450,,13:30,21:30,450,F,21:15,06:15,495,F|S,11,10,8,10,30,45,8,38.5,30,0.1,0,2.0.0,20261130
PK-012,2026-12-08,plan,8,Dienstag,2,50,0,0,,Pflegefachkraft,Pflegefachkraft,EXAM,1.0,38.5,9240,9240,8316,10164,5,2,2,8,1,1,Pflegefachkraft,0,0.0,1104,24,23,2,3,1,3993,1,,,,,,0,,0,,4,3,3,1,1597,1,3,3,2,1,1398,1,2,2,2,0,998,0,ST-IK1,Normalstation Innere Medizin / Kardiologie,30,Innere Medizin und Kardiologie,10.0,22.0,06:00,14:00,450,,13:30,21:30,450,F,21:15,06:15,495,F|S,11,10,8,10,30,45,8,38.5,30,0.1,0,2.0.0,20261130
PK-013,2026-12-08,plan,8,Dienstag,2,50,0,0,,Pflegefachkraft,Pflegefachkraft,EXAM|PRAXISANLEITUNG|KARDIO_MONITORING,1.0,38.5,9240,9240,8316,10164,5,2,2,8,1,1,Pflegefachkraft,0,0.0,1104,24,23,2,3,1,3993,1,,1,,,,0,,0,,4,3,3,1,1597,1,3,3,2,1,1398,1,2,2,2,0,998,0,ST-IK1,Normalstation Innere Medizin / Kardiologie,30,Innere Medizin und Kardiologie,10.0,22.0,06:00,14:00,450,,13:30,21:30,450,F,21:15,06:15,495,F|S,11,10,8,10,30,45,8,38.5,30,0.1,0,2.0.0,20261130
PK-014,2026-12-08,plan,8,Dienstag,2,50,0,0,,Pflegefachkraft,Pflegefachkraft,EXAM|PRAXISANLEITUNG,0.9,34.65,8316,8316,7484,9148,5,2,2,8,1,1,Pflegefachkraft,0,0.0,-1926,24,23,2,3,1,3993,1,,,,,,0,,0,,4,3,3,1,1597,1,3,3,2,1,1398,1,2,2,2,0,998,0,ST-IK1,Normalstation Innere Medizin / Kardiologie,30,Innere Medizin und Kardiologie,10.0,22.0,06:00,14:00,450,,13:30,21:30,450,F,21:15,06:15,495,F|S,11,10,8,10,30,45,8,38.5,30,0.1,0,2.0.0,20261130
PK-015,2026-12-08,plan,8,Dienstag,2,50,0,0,,Pflegefachkraft,Pflegefachkraft,EXAM|KARDIO_MONITORING,1.0,38.5,9240,9240,8316,10164,5,2,2,8,1,1,Pflegefachkraft,0,0.0,-2355,24,23,2,3,1,3993,1,,,,,,0,,0,,4,3,3,1,1597,1,3,3,2,1,1398,1,2,2,2,0,998,0,ST-IK1,Normalstation Innere Medizin / Kardiologie,30,Innere Medizin und Kardiologie,10.0,22.0,06:00,14:00,450,,13:30,21:30,450,F,21:15,06:15,495,F|S,11,10,8,10,30,45,8,38.5,30,0.1,0,2.0.0,20261130
PK-016,2026-12-08,plan,8,Dienstag,2,50,0,0,,Pflegefachkraft,Pflegefachkraft,EXAM|KARDIO_MONITORING,1.0,38.5,9240,9240,8316,10164,5,2,2,8,1,1,Pflegefachkraft,0,0.0,-2625,24,23,2,3,1,3993,1,,,,,,0,,0,,4,3,3,1,1597,1,3,3,2,1,1398,1,2,2,2,0,998,0,ST-IK1,Normalstation Innere Medizin / Kardiologie,30,Innere Medizin und Kardiologie,10.0,22.0,06:00,14:00,450,,13:30,21:30,450,F,21:15,06:15,495,F|S,11,10,8,10,30,45,8,38.5,30,0.1,0,2.0.0,20261130
PK-017,2026-12-08,plan,8,Dienstag,2,50,0,0,,Pflegefachkraft,Pflegefachkraft,EXAM,0.5,19.25,4620,4620,4158,5082,5,2,2,8,1,1,Pflegefachkraft,0,0.0,-885,24,23,2,3,1,3993,0,LANGZEITABWESENHEIT,,,,,0,,0,,4,3,3,1,1597,1,3,3,2,1,1398,1,2,2,2,0,998,0,ST-IK1,Normalstation Innere Medizin / Kardiologie,30,Innere Medizin und Kardiologie,10.0,22.0,06:00,14:00,450,,13:30,21:30,450,F,21:15,06:15,495,F|S,11,10,8,10,30,45,8,38.5,30,0.1,0,2.0.0,20261130
AZ-001,2026-12-09,plan,9,Mittwoch,3,50,0,0,,Auszubildende_r_3_Ausbildungsjahr,Auszubildende,AUSZUBILDEND,1.0,38.5,9240,9240,8316,10164,5,2,2,8,1,0,nicht anrechenbar,0,0.0,-9240,24,24,3,1,1,4338,1,,,,,,0,,0,,4,3,3,1,1735,1,3,3,2,1,1518,1,2,2,2,0,1084,0,ST-IK1,Normalstation Innere Medizin / Kardiologie,30,Innere Medizin und Kardiologie,10.0,22.0,06:00,14:00,450,,13:30,21:30,450,F,21:15,06:15,495,F|S,11,10,8,10,30,45,8,38.5,30,0.1,0,2.0.0,20261130
AZ-002,2026-12-09,plan,9,Mittwoch,3,50,0,0,,Auszubildende_r_2_Ausbildungsjahr,Auszubildende,AUSZUBILDEND,1.0,38.5,9240,9240,8316,10164,5,2,2,8,1,0,nicht anrechenbar,0,0.0,-9240,24,24,3,1,1,4338,1,,,,,,0,,0,,4,3,3,1,1735,1,3,3,2,1,1518,1,2,2,2,0,1084,0,ST-IK1,Normalstation Innere Medizin / Kardiologie,30,Innere Medizin und Kardiologie,10.0,22.0,06:00,14:00,450,,13:30,21:30,450,F,21:15,06:15,495,F|S,11,10,8,10,30,45,8,38.5,30,0.1,0,2.0.0,20261130
AZ-003,2026-12-09,plan,9,Mittwoch,3,50,0,0,,Auszubildende_r_1_Ausbildungsjahr,Auszubildende,AUSZUBILDEND,1.0,38.5,9240,9240,8316,10164,5,2,2,0,0,0,nicht anrechenbar,0,0.0,-9240,24,24,3,1,1,4338,0,URLAUB,,,,,0,,0,,4,3,3,1,1735,1,3,3,2,1,1518,1,2,2,2,0,1084,0,ST-IK1,Normalstation Innere Medizin / Kardiologie,30,Innere Medizin und Kardiologie,10.0,22.0,06:00,14:00,450,,13:30,21:30,450,F,21:15,06:15,495,F|S,11,10,8,10,30,45,8,38.5,30,0.1,0,2.0.0,20261130
PH-001,2026-12-09,plan,9,Mittwoch,3,50,0,0,,Pflegehilfskraft,Pflegehilfskraft,PFLEGEHILFE,0.75,28.88,6931,6931,6238,7624,5,2,2,0,0,1,Pflegehilfskraft,0,0.0,-1530,24,24,3,1,1,4338,1,,,,,,0,,0,,4,3,3,1,1735,1,3,3,2,1,1518,1,2,2,2,0,1084,0,ST-IK1,Normalstation Innere Medizin / Kardiologie,30,Innere Medizin und Kardiologie,10.0,22.0,06:00,14:00,450,,13:30,21:30,450,F,21:15,06:15,495,F|S,11,10,8,10,30,45,8,38.5,30,0.1,0,2.0.0,20261130
PH-002,2026-12-09,plan,9,Mittwoch,3,50,0,0,,Pflegehilfskraft,Pflegehilfskraft,PFLEGEHILFE,0.5,19.25,4620,4620,4158,5082,5,2,2,0,0,1,Pflegehilfskraft,0,0.0,597,24,24,3,1,1,4338,1,,,,,,0,,0,,4,3,3,1,1735,1,3,3,2,1,1518,1,2,2,2,0,1084,0,ST-IK1,Normalstation Innere Medizin / Kardiologie,30,Innere Medizin und Kardiologie,10.0,22.0,06:00,14:00,450,,13:30,21:30,450,F,21:15,06:15,495,F|S,11,10,8,10,30,45,8,38.5,30,0.1,0,2.0.0,20261130
PK-001,2026-12-09,plan,9,Mittwoch,3,50,0,0,,Stationsleitung,Pflegefachkraft,EXAM|LEITUNG|PRAXISANLEITUNG,1.0,38.5,9240,4620,4158,5082,5,2,2,0,0,1,Pflegefachkraft,1,0.5,2130,24,24,3,1,1,4338,1,,,,,,0,,0,,4,3,3,1,1735,1,3,3,2,1,1518,1,2,2,2,0,1084,0,ST-IK1,Normalstation Innere Medizin / Kardiologie,30,Innere Medizin und Kardiologie,10.0,22.0,06:00,14:00,450,,13:30,21:30,450,F,21:15,06:15,495,F|S,11,10,8,10,30,45,8,38.5,30,0.1,0,2.0.0,20261130
PK-002,2026-12-09,plan,9,Mittwoch,3,50,0,0,,Pflegefachkraft,Pflegefachkraft,EXAM|PRAXISANLEITUNG|KARDIO_MONITORING,0.5,19.25,4620,4620,4158,5082,5,2,2,8,1,1,Pflegefachkraft,0,0.0,-885,24,24,3,1,1,4338,1,,2,,,,0,,0,,4,3,3,1,1735,1,3,3,2,1,1518,1,2,2,2,0,1084,0,ST-IK1,Normalstation Innere Medizin / Kardiologie,30,Innere Medizin und Kardiologie,10.0,22.0,06:00,14:00,450,,13:30,21:30,450,F,21:15,06:15,495,F|S,11,10,8,10,30,45,8,38.5,30,0.1,0,2.0.0,20261130
PK-003,2026-12-09,plan,9,Mittwoch,3,50,0,0,,Pflegefachkraft,Pflegefachkraft,EXAM,0.75,28.88,6931,6931,6238,7624,5,2,2,8,1,1,Pflegefachkraft,0,0.0,-1890,24,24,3,1,1,4338,0,URLAUB,,,,,0,,0,,4,3,3,1,1735,1,3,3,2,1,1518,1,2,2,2,0,1084,0,ST-IK1,Normalstation Innere Medizin / Kardiologie,30,Innere Medizin und Kardiologie,10.0,22.0,06:00,14:00,450,,13:30,21:30,450,F,21:15,06:15,495,F|S,11,10,8,10,30,45,8,38.5,30,0.1,0,2.0.0,20261130
PK-004,2026-12-09,plan,9,Mittwoch,3,50,0,0,,Pflegefachkraft,Pflegefachkraft,EXAM,0.75,28.88,6931,6931,6238,7624,5,2,2,8,1,1,Pflegefachkraft,0,0.0,-1890,24,24,3,1,1,4338,1,,,,,,0,,0,,4,3,3,1,1735,1,3,3,2,1,1518,1,2,2,2,0,1084,0,ST-IK1,Normalstation Innere Medizin / Kardiologie,30,Innere Medizin und Kardiologie,10.0,22.0,06:00,14:00,450,,13:30,21:30,450,F,21:15,06:15,495,F|S,11,10,8,10,30,45,8,38.5,30,0.1,0,2.0.0,20261130
PK-005,2026-12-09,plan,9,Mittwoch,3,50,0,0,,Pflegefachkraft,Pflegefachkraft,EXAM,0.6,23.1,5544,5544,4990,6098,5,2,2,8,1,1,Pflegefachkraft,0,0.0,-1449,24,24,3,1,1,4338,1,,,,,,0,,0,,4,3,3,1,1735,1,3,3,2,1,1518,1,2,2,2,0,1084,0,ST-IK1,Normalstation Innere Medizin / Kardiologie,30,Innere Medizin und Kardiologie,10.0,22.0,06:00,14:00,450,,13:30,21:30,450,F,21:15,06:15,495,F|S,11,10,8,10,30,45,8,38.5,30,0.1,0,2.0.0,20261130
PK-006,2026-12-09,plan,9,Mittwoch,3,50,0,0,,Pflegefachkraft,Pflegefachkraft,EXAM,1.0,38.5,9240,9240,8316,10164,5,2,2,8,1,1,Pflegefachkraft,0,0.0,-2670,24,24,3,1,1,4338,1,,,,,,0,,0,,4,3,3,1,1735,1,3,3,2,1,1518,1,2,2,2,0,1084,0,ST-IK1,Normalstation Innere Medizin / Kardiologie,30,Innere Medizin und Kardiologie,10.0,22.0,06:00,14:00,450,,13:30,21:30,450,F,21:15,06:15,495,F|S,11,10,8,10,30,45,8,38.5,30,0.1,0,2.0.0,20261130
PK-007,2026-12-09,plan,9,Mittwoch,3,50,0,0,,Pflegefachkraft,Pflegefachkraft,EXAM|PRAXISANLEITUNG,1.0,38.5,9240,9240,8316,10164,5,2,2,8,1,1,Pflegefachkraft,0,0.0,-2175,24,24,3,1,1,4338,1,,3,,,,0,,0,,4,3,3,1,1735,1,3,3,2,1,1518,1,2,2,2,0,1084,0,ST-IK1,Normalstation Innere Medizin / Kardiologie,30,Innere Medizin und Kardiologie,10.0,22.0,06:00,14:00,450,,13:30,21:30,450,F,21:15,06:15,495,F|S,11,10,8,10,30,45,8,38.5,30,0.1,0,2.0.0,20261130
PK-008,2026-12-09,plan,9,Mittwoch,3,50,0,0,,Pflegefachkraft,Pflegefachkraft,EXAM,0.6,23.1,5544,5544,4990,6098,5,2,2,8,1,1,Pflegefachkraft,0,0.0,-1449,24,24,3,1,1,4338,0,URLAUB,,,,,0,,0,,4,3,3,1,1735,1,3,3,2,1,1518,1,2,2,2,0,1084,0,ST-IK1,Normalstation Innere Medizin / Kardiologie,30,Innere Medizin und Kardiologie,10.0,22.0,06:00,14:00,450,,13:30,21:30,450,F,21:15,06:15,495,F|S,11,10,8,10,30,45,8,38.5,30,0.1,0,2.0.0,20261130
PK-009,2026-12-09,plan,9,Mittwoch,3,50,0,0,,Pflegefachkraft,Pflegefachkraft,EXAM,1.0,38.5,9240,9240,8316,10164,5,2,2,8,1,1,Pflegefachkraft,0,0.0,-2445,24,24,3,1,1,4338,1,,,,,,0,,0,,4,3,3,1,1735,1,3,3,2,1,1518,1,2,2,2,0,1084,0,ST-IK1,Normalstation Innere Medizin / Kardiologie,30,Innere Medizin und Kardiologie,10.0,22.0,06:00,14:00,450,,13:30,21:30,450,F,21:15,06:15,495,F|S,11,10,8,10,30,45,8,38.5,30,0.1,0,2.0.0,20261130
PK-010,2026-12-09,plan,9,Mittwoch,3,50,0,0,,Pflegefachkraft,Pflegefachkraft,EXAM,0.8,30.8,7392,7392,6653,8131,5,2,2,8,1,1,Pflegefachkraft,0,0.0,-1947,24,24,3,1,1,4338,1,,,,,,0,,0,,4,3,3,1,1735,1,3,3,2,1,1518,1,2,2,2,0,1084,0,ST-IK1,Normalstation Innere Medizin / Kardiologie,30,Innere Medizin und Kardiologie,10.0,22.0,06:00,14:00,450,,13:30,21:30,450,F,21:15,06:15,495,F|S,11,10,8,10,30,45,8,38.5,30,0.1,0,2.0.0,20261130
PK-011,2026-12-09,plan,9,Mittwoch,3,50,0,0,,Pflegefachkraft,Pflegefachkraft,EXAM|PRAXISANLEITUNG|KARDIO_MONITORING,1.0,38.5,9240,9240,8316,10164,5,2,2,8,1,1,Pflegefachkraft,0,0.0,-2445,24,24,3,1,1,4338,1,,,,,,0,,0,,4,3,3,1,1735,1,3,3,2,1,1518,1,2,2,2,0,1084,0,ST-IK1,Normalstation Innere Medizin / Kardiologie,30,Innere Medizin und Kardiologie,10.0,22.0,06:00,14:00,450,,13:30,21:30,450,F,21:15,06:15,495,F|S,11,10,8,10,30,45,8,38.5,30,0.1,0,2.0.0,20261130
PK-012,2026-12-09,plan,9,Mittwoch,3,50,0,0,,Pflegefachkraft,Pflegefachkraft,EXAM,1.0,38.5,9240,9240,8316,10164,5,2,2,8,1,1,Pflegefachkraft,0,0.0,1104,24,24,3,1,1,4338,1,,,,,,0,,0,,4,3,3,1,1735,1,3,3,2,1,1518,1,2,2,2,0,1084,0,ST-IK1,Normalstation Innere Medizin / Kardiologie,30,Innere Medizin und Kardiologie,10.0,22.0,06:00,14:00,450,,13:30,21:30,450,F,21:15,06:15,495,F|S,11,10,8,10,30,45,8,38.5,30,0.1,0,2.0.0,20261130
PK-013,2026-12-09,plan,9,Mittwoch,3,50,0,0,,Pflegefachkraft,Pflegefachkraft,EXAM|PRAXISANLEITUNG|KARDIO_MONITORING,1.0,38.5,9240,9240,8316,10164,5,2,2,8,1,1,Pflegefachkraft,0,0.0,1104,24,24,3,1,1,4338,1,,,,,,0,,0,,4,3,3,1,1735,1,3,3,2,1,1518,1,2,2,2,0,1084,0,ST-IK1,Normalstation Innere Medizin / Kardiologie,30,Innere Medizin und Kardiologie,10.0,22.0,06:00,14:00,450,,13:30,21:30,450,F,21:15,06:15,495,F|S,11,10,8,10,30,45,8,38.5,30,0.1,0,2.0.0,20261130
PK-014,2026-12-09,plan,9,Mittwoch,3,50,0,0,,Pflegefachkraft,Pflegefachkraft,EXAM|PRAXISANLEITUNG,0.9,34.65,8316,8316,7484,9148,5,2,2,8,1,1,Pflegefachkraft,0,0.0,-1926,24,24,3,1,1,4338,1,,,,,,0,,0,,4,3,3,1,1735,1,3,3,2,1,1518,1,2,2,2,0,1084,0,ST-IK1,Normalstation Innere Medizin / Kardiologie,30,Innere Medizin und Kardiologie,10.0,22.0,06:00,14:00,450,,13:30,21:30,450,F,21:15,06:15,495,F|S,11,10,8,10,30,45,8,38.5,30,0.1,0,2.0.0,20261130
PK-015,2026-12-09,plan,9,Mittwoch,3,50,0,0,,Pflegefachkraft,Pflegefachkraft,EXAM|KARDIO_MONITORING,1.0,38.5,9240,9240,8316,10164,5,2,2,8,1,1,Pflegefachkraft,0,0.0,-2355,24,24,3,1,1,4338,1,,,,,,0,,0,,4,3,3,1,1735,1,3,3,2,1,1518,1,2,2,2,0,1084,0,ST-IK1,Normalstation Innere Medizin / Kardiologie,30,Innere Medizin und Kardiologie,10.0,22.0,06:00,14:00,450,,13:30,21:30,450,F,21:15,06:15,495,F|S,11,10,8,10,30,45,8,38.5,30,0.1,0,2.0.0,20261130
PK-016,2026-12-09,plan,9,Mittwoch,3,50,0,0,,Pflegefachkraft,Pflegefachkraft,EXAM|KARDIO_MONITORING,1.0,38.5,9240,9240,8316,10164,5,2,2,8,1,1,Pflegefachkraft,0,0.0,-2625,24,24,3,1,1,4338,1,,,,,,0,,0,,4,3,3,1,1735,1,3,3,2,1,1518,1,2,2,2,0,1084,0,ST-IK1,Normalstation Innere Medizin / Kardiologie,30,Innere Medizin und Kardiologie,10.0,22.0,06:00,14:00,450,,13:30,21:30,450,F,21:15,06:15,495,F|S,11,10,8,10,30,45,8,38.5,30,0.1,0,2.0.0,20261130
PK-017,2026-12-09,plan,9,Mittwoch,3,50,0,0,,Pflegefachkraft,Pflegefachkraft,EXAM,0.5,19.25,4620,4620,4158,5082,5,2,2,8,1,1,Pflegefachkraft,0,0.0,-885,24,24,3,1,1,4338,0,LANGZEITABWESENHEIT,,,,,0,,0,,4,3,3,1,1735,1,3,3,2,1,1518,1,2,2,2,0,1084,0,ST-IK1,Normalstation Innere Medizin / Kardiologie,30,Innere Medizin und Kardiologie,10.0,22.0,06:00,14:00,450,,13:30,21:30,450,F,21:15,06:15,495,F|S,11,10,8,10,30,45,8,38.5,30,0.1,0,2.0.0,20261130
AZ-001,2026-12-10,plan,10,Donnerstag,4,50,0,0,,Auszubildende_r_3_Ausbildungsjahr,Auszubildende,AUSZUBILDEND,1.0,38.5,9240,9240,8316,10164,5,2,2,8,1,0,nicht anrechenbar,0,0.0,-9240,22,22,3,4,0,3729,1,,,,,,1,12,0,,3,3,2,1,1492,1,3,3,2,1,1305,1,2,1,2,0,932,0,ST-IK1,Normalstation Innere Medizin / Kardiologie,30,Innere Medizin und Kardiologie,10.0,22.0,06:00,14:00,450,,13:30,21:30,450,F,21:15,06:15,495,F|S,11,10,8,10,30,45,8,38.5,30,0.1,0,2.0.0,20261130
AZ-002,2026-12-10,plan,10,Donnerstag,4,50,0,0,,Auszubildende_r_2_Ausbildungsjahr,Auszubildende,AUSZUBILDEND,1.0,38.5,9240,9240,8316,10164,5,2,2,8,1,0,nicht anrechenbar,0,0.0,-9240,22,22,3,4,0,3729,1,,,,,,0,,0,,3,3,2,1,1492,1,3,3,2,1,1305,1,2,1,2,0,932,0,ST-IK1,Normalstation Innere Medizin / Kardiologie,30,Innere Medizin und Kardiologie,10.0,22.0,06:00,14:00,450,,13:30,21:30,450,F,21:15,06:15,495,F|S,11,10,8,10,30,45,8,38.5,30,0.1,0,2.0.0,20261130
AZ-003,2026-12-10,plan,10,Donnerstag,4,50,0,0,,Auszubildende_r_1_Ausbildungsjahr,Auszubildende,AUSZUBILDEND,1.0,38.5,9240,9240,8316,10164,5,2,2,0,0,0,nicht anrechenbar,0,0.0,-9240,22,22,3,4,0,3729,0,URLAUB,,,,,0,,0,,3,3,2,1,1492,1,3,3,2,1,1305,1,2,1,2,0,932,0,ST-IK1,Normalstation Innere Medizin / Kardiologie,30,Innere Medizin und Kardiologie,10.0,22.0,06:00,14:00,450,,13:30,21:30,450,F,21:15,06:15,495,F|S,11,10,8,10,30,45,8,38.5,30,0.1,0,2.0.0,20261130
PH-001,2026-12-10,plan,10,Donnerstag,4,50,0,0,,Pflegehilfskraft,Pflegehilfskraft,PFLEGEHILFE,0.75,28.88,6931,6931,6238,7624,5,2,2,0,0,1,Pflegehilfskraft,0,0.0,-1530,22,22,3,4,0,3729,1,,,,,,0,,0,,3,3,2,1,1492,1,3,3,2,1,1305,1,2,1,2,0,932,0,ST-IK1,Normalstation Innere Medizin / Kardiologie,30,Innere Medizin und Kardiologie,10.0,22.0,06:00,14:00,450,,13:30,21:30,450,F,21:15,06:15,495,F|S,11,10,8,10,30,45,8,38.5,30,0.1,0,2.0.0,20261130
PH-002,2026-12-10,plan,10,Donnerstag,4,50,0,0,,Pflegehilfskraft,Pflegehilfskraft,PFLEGEHILFE,0.5,19.25,4620,4620,4158,5082,5,2,2,0,0,1,Pflegehilfskraft,0,0.0,597,22,22,3,4,0,3729,1,,,,,,0,,0,,3,3,2,1,1492,1,3,3,2,1,1305,1,2,1,2,0,932,0,ST-IK1,Normalstation Innere Medizin / Kardiologie,30,Innere Medizin und Kardiologie,10.0,22.0,06:00,14:00,450,,13:30,21:30,450,F,21:15,06:15,495,F|S,11,10,8,10,30,45,8,38.5,30,0.1,0,2.0.0,20261130
PK-001,2026-12-10,plan,10,Donnerstag,4,50,0,0,,Stationsleitung,Pflegefachkraft,EXAM|LEITUNG|PRAXISANLEITUNG,1.0,38.5,9240,4620,4158,5082,5,2,2,0,0,1,Pflegefachkraft,1,0.5,2130,22,22,3,4,0,3729,1,,,,,,0,,0,,3,3,2,1,1492,1,3,3,2,1,1305,1,2,1,2,0,932,0,ST-IK1,Normalstation Innere Medizin / Kardiologie,30,Innere Medizin und Kardiologie,10.0,22.0,06:00,14:00,450,,13:30,21:30,450,F,21:15,06:15,495,F|S,11,10,8,10,30,45,8,38.5,30,0.1,0,2.0.0,20261130
PK-002,2026-12-10,plan,10,Donnerstag,4,50,0,0,,Pflegefachkraft,Pflegefachkraft,EXAM|PRAXISANLEITUNG|KARDIO_MONITORING,0.5,19.25,4620,4620,4158,5082,5,2,2,8,1,1,Pflegefachkraft,0,0.0,-885,22,22,3,4,0,3729,1,,,,,,0,,0,,3,3,2,1,1492,1,3,3,2,1,1305,1,2,1,2,0,932,0,ST-IK1,Normalstation Innere Medizin / Kardiologie,30,Innere Medizin und Kardiologie,10.0,22.0,06:00,14:00,450,,13:30,21:30,450,F,21:15,06:15,495,F|S,11,10,8,10,30,45,8,38.5,30,0.1,0,2.0.0,20261130
PK-003,2026-12-10,plan,10,Donnerstag,4,50,0,0,,Pflegefachkraft,Pflegefachkraft,EXAM,0.75,28.88,6931,6931,6238,7624,5,2,2,8,1,1,Pflegefachkraft,0,0.0,-1890,22,22,3,4,0,3729,0,URLAUB,,,,,0,,0,,3,3,2,1,1492,1,3,3,2,1,1305,1,2,1,2,0,932,0,ST-IK1,Normalstation Innere Medizin / Kardiologie,30,Innere Medizin und Kardiologie,10.0,22.0,06:00,14:00,450,,13:30,21:30,450,F,21:15,06:15,495,F|S,11,10,8,10,30,45,8,38.5,30,0.1,0,2.0.0,20261130
PK-004,2026-12-10,plan,10,Donnerstag,4,50,0,0,,Pflegefachkraft,Pflegefachkraft,EXAM,0.75,28.88,6931,6931,6238,7624,5,2,2,8,1,1,Pflegefachkraft,0,0.0,-1890,22,22,3,4,0,3729,1,,,,,,0,,0,,3,3,2,1,1492,1,3,3,2,1,1305,1,2,1,2,0,932,0,ST-IK1,Normalstation Innere Medizin / Kardiologie,30,Innere Medizin und Kardiologie,10.0,22.0,06:00,14:00,450,,13:30,21:30,450,F,21:15,06:15,495,F|S,11,10,8,10,30,45,8,38.5,30,0.1,0,2.0.0,20261130
PK-005,2026-12-10,plan,10,Donnerstag,4,50,0,0,,Pflegefachkraft,Pflegefachkraft,EXAM,0.6,23.1,5544,5544,4990,6098,5,2,2,8,1,1,Pflegefachkraft,0,0.0,-1449,22,22,3,4,0,3729,1,,,,,,0,,0,,3,3,2,1,1492,1,3,3,2,1,1305,1,2,1,2,0,932,0,ST-IK1,Normalstation Innere Medizin / Kardiologie,30,Innere Medizin und Kardiologie,10.0,22.0,06:00,14:00,450,,13:30,21:30,450,F,21:15,06:15,495,F|S,11,10,8,10,30,45,8,38.5,30,0.1,0,2.0.0,20261130
PK-006,2026-12-10,plan,10,Donnerstag,4,50,0,0,,Pflegefachkraft,Pflegefachkraft,EXAM,1.0,38.5,9240,9240,8316,10164,5,2,2,8,1,1,Pflegefachkraft,0,0.0,-2670,22,22,3,4,0,3729,1,,,,,,0,,0,,3,3,2,1,1492,1,3,3,2,1,1305,1,2,1,2,0,932,0,ST-IK1,Normalstation Innere Medizin / Kardiologie,30,Innere Medizin und Kardiologie,10.0,22.0,06:00,14:00,450,,13:30,21:30,450,F,21:15,06:15,495,F|S,11,10,8,10,30,45,8,38.5,30,0.1,0,2.0.0,20261130
PK-007,2026-12-10,plan,10,Donnerstag,4,50,0,0,,Pflegefachkraft,Pflegefachkraft,EXAM|PRAXISANLEITUNG,1.0,38.5,9240,9240,8316,10164,5,2,2,8,1,1,Pflegefachkraft,0,0.0,-2175,22,22,3,4,0,3729,1,,,,,,0,,0,,3,3,2,1,1492,1,3,3,2,1,1305,1,2,1,2,0,932,0,ST-IK1,Normalstation Innere Medizin / Kardiologie,30,Innere Medizin und Kardiologie,10.0,22.0,06:00,14:00,450,,13:30,21:30,450,F,21:15,06:15,495,F|S,11,10,8,10,30,45,8,38.5,30,0.1,0,2.0.0,20261130
PK-008,2026-12-10,plan,10,Donnerstag,4,50,0,0,,Pflegefachkraft,Pflegefachkraft,EXAM,0.6,23.1,5544,5544,4990,6098,5,2,2,8,1,1,Pflegefachkraft,0,0.0,-1449,22,22,3,4,0,3729,0,URLAUB,,,,,0,,0,,3,3,2,1,1492,1,3,3,2,1,1305,1,2,1,2,0,932,0,ST-IK1,Normalstation Innere Medizin / Kardiologie,30,Innere Medizin und Kardiologie,10.0,22.0,06:00,14:00,450,,13:30,21:30,450,F,21:15,06:15,495,F|S,11,10,8,10,30,45,8,38.5,30,0.1,0,2.0.0,20261130
PK-009,2026-12-10,plan,10,Donnerstag,4,50,0,0,,Pflegefachkraft,Pflegefachkraft,EXAM,1.0,38.5,9240,9240,8316,10164,5,2,2,8,1,1,Pflegefachkraft,0,0.0,-2445,22,22,3,4,0,3729,1,,,,,,0,,0,,3,3,2,1,1492,1,3,3,2,1,1305,1,2,1,2,0,932,0,ST-IK1,Normalstation Innere Medizin / Kardiologie,30,Innere Medizin und Kardiologie,10.0,22.0,06:00,14:00,450,,13:30,21:30,450,F,21:15,06:15,495,F|S,11,10,8,10,30,45,8,38.5,30,0.1,0,2.0.0,20261130
PK-010,2026-12-10,plan,10,Donnerstag,4,50,0,0,,Pflegefachkraft,Pflegefachkraft,EXAM,0.8,30.8,7392,7392,6653,8131,5,2,2,8,1,1,Pflegefachkraft,0,0.0,-1947,22,22,3,4,0,3729,1,,,,,,0,,0,,3,3,2,1,1492,1,3,3,2,1,1305,1,2,1,2,0,932,0,ST-IK1,Normalstation Innere Medizin / Kardiologie,30,Innere Medizin und Kardiologie,10.0,22.0,06:00,14:00,450,,13:30,21:30,450,F,21:15,06:15,495,F|S,11,10,8,10,30,45,8,38.5,30,0.1,0,2.0.0,20261130
PK-011,2026-12-10,plan,10,Donnerstag,4,50,0,0,,Pflegefachkraft,Pflegefachkraft,EXAM|PRAXISANLEITUNG|KARDIO_MONITORING,1.0,38.5,9240,9240,8316,10164,5,2,2,8,1,1,Pflegefachkraft,0,0.0,-2445,22,22,3,4,0,3729,1,,,,,,0,,0,,3,3,2,1,1492,1,3,3,2,1,1305,1,2,1,2,0,932,0,ST-IK1,Normalstation Innere Medizin / Kardiologie,30,Innere Medizin und Kardiologie,10.0,22.0,06:00,14:00,450,,13:30,21:30,450,F,21:15,06:15,495,F|S,11,10,8,10,30,45,8,38.5,30,0.1,0,2.0.0,20261130
PK-012,2026-12-10,plan,10,Donnerstag,4,50,0,0,,Pflegefachkraft,Pflegefachkraft,EXAM,1.0,38.5,9240,9240,8316,10164,5,2,2,8,1,1,Pflegefachkraft,0,0.0,1104,22,22,3,4,0,3729,1,,,,,,0,,0,,3,3,2,1,1492,1,3,3,2,1,1305,1,2,1,2,0,932,0,ST-IK1,Normalstation Innere Medizin / Kardiologie,30,Innere Medizin und Kardiologie,10.0,22.0,06:00,14:00,450,,13:30,21:30,450,F,21:15,06:15,495,F|S,11,10,8,10,30,45,8,38.5,30,0.1,0,2.0.0,20261130
PK-013,2026-12-10,plan,10,Donnerstag,4,50,0,0,,Pflegefachkraft,Pflegefachkraft,EXAM|PRAXISANLEITUNG|KARDIO_MONITORING,1.0,38.5,9240,9240,8316,10164,5,2,2,8,1,1,Pflegefachkraft,0,0.0,1104,22,22,3,4,0,3729,1,,,,,,0,,0,,3,3,2,1,1492,1,3,3,2,1,1305,1,2,1,2,0,932,0,ST-IK1,Normalstation Innere Medizin / Kardiologie,30,Innere Medizin und Kardiologie,10.0,22.0,06:00,14:00,450,,13:30,21:30,450,F,21:15,06:15,495,F|S,11,10,8,10,30,45,8,38.5,30,0.1,0,2.0.0,20261130
PK-014,2026-12-10,plan,10,Donnerstag,4,50,0,0,,Pflegefachkraft,Pflegefachkraft,EXAM|PRAXISANLEITUNG,0.9,34.65,8316,8316,7484,9148,5,2,2,8,1,1,Pflegefachkraft,0,0.0,-1926,22,22,3,4,0,3729,1,,,,,,0,,0,,3,3,2,1,1492,1,3,3,2,1,1305,1,2,1,2,0,932,0,ST-IK1,Normalstation Innere Medizin / Kardiologie,30,Innere Medizin und Kardiologie,10.0,22.0,06:00,14:00,450,,13:30,21:30,450,F,21:15,06:15,495,F|S,11,10,8,10,30,45,8,38.5,30,0.1,0,2.0.0,20261130
PK-015,2026-12-10,plan,10,Donnerstag,4,50,0,0,,Pflegefachkraft,Pflegefachkraft,EXAM|KARDIO_MONITORING,1.0,38.5,9240,9240,8316,10164,5,2,2,8,1,1,Pflegefachkraft,0,0.0,-2355,22,22,3,4,0,3729,1,,,,,,0,,0,,3,3,2,1,1492,1,3,3,2,1,1305,1,2,1,2,0,932,0,ST-IK1,Normalstation Innere Medizin / Kardiologie,30,Innere Medizin und Kardiologie,10.0,22.0,06:00,14:00,450,,13:30,21:30,450,F,21:15,06:15,495,F|S,11,10,8,10,30,45,8,38.5,30,0.1,0,2.0.0,20261130
PK-016,2026-12-10,plan,10,Donnerstag,4,50,0,0,,Pflegefachkraft,Pflegefachkraft,EXAM|KARDIO_MONITORING,1.0,38.5,9240,9240,8316,10164,5,2,2,8,1,1,Pflegefachkraft,0,0.0,-2625,22,22,3,4,0,3729,1,,,,,,0,,0,,3,3,2,1,1492,1,3,3,2,1,1305,1,2,1,2,0,932,0,ST-IK1,Normalstation Innere Medizin / Kardiologie,30,Innere Medizin und Kardiologie,10.0,22.0,06:00,14:00,450,,13:30,21:30,450,F,21:15,06:15,495,F|S,11,10,8,10,30,45,8,38.5,30,0.1,0,2.0.0,20261130
PK-017,2026-12-10,plan,10,Donnerstag,4,50,0,0,,Pflegefachkraft,Pflegefachkraft,EXAM,0.5,19.25,4620,4620,4158,5082,5,2,2,8,1,1,Pflegefachkraft,0,0.0,-885,22,22,3,4,0,3729,0,LANGZEITABWESENHEIT,,,,,0,,0,,3,3,2,1,1492,1,3,3,2,1,1305,1,2,1,2,0,932,0,ST-IK1,Normalstation Innere Medizin / Kardiologie,30,Innere Medizin und Kardiologie,10.0,22.0,06:00,14:00,450,,13:30,21:30,450,F,21:15,06:15,495,F|S,11,10,8,10,30,45,8,38.5,30,0.1,0,2.0.0,20261130
AZ-001,2026-12-11,plan,11,Freitag,5,50,0,0,,Auszubildende_r_3_Ausbildungsjahr,Auszubildende,AUSZUBILDEND,1.0,38.5,9240,9240,8316,10164,5,2,2,8,1,0,nicht anrechenbar,0,0.0,-9240,23,22,1,1,2,4106,1,,,,,,0,,0,,4,3,3,1,1642,1,3,3,2,1,1437,1,2,1,2,0,1026,0,ST-IK1,Normalstation Innere Medizin / Kardiologie,30,Innere Medizin und Kardiologie,10.0,22.0,06:00,14:00,450,,13:30,21:30,450,F,21:15,06:15,495,F|S,11,10,8,10,30,45,8,38.5,30,0.1,0,2.0.0,20261130
AZ-002,2026-12-11,plan,11,Freitag,5,50,0,0,,Auszubildende_r_2_Ausbildungsjahr,Auszubildende,AUSZUBILDEND,1.0,38.5,9240,9240,8316,10164,5,2,2,8,1,0,nicht anrechenbar,0,0.0,-9240,23,22,1,1,2,4106,1,,,,,,0,,0,,4,3,3,1,1642,1,3,3,2,1,1437,1,2,1,2,0,1026,0,ST-IK1,Normalstation Innere Medizin / Kardiologie,30,Innere Medizin und Kardiologie,10.0,22.0,06:00,14:00,450,,13:30,21:30,450,F,21:15,06:15,495,F|S,11,10,8,10,30,45,8,38.5,30,0.1,0,2.0.0,20261130
AZ-003,2026-12-11,plan,11,Freitag,5,50,0,0,,Auszubildende_r_1_Ausbildungsjahr,Auszubildende,AUSZUBILDEND,1.0,38.5,9240,9240,8316,10164,5,2,2,0,0,0,nicht anrechenbar,0,0.0,-9240,23,22,1,1,2,4106,1,,,,,,0,,0,,4,3,3,1,1642,1,3,3,2,1,1437,1,2,1,2,0,1026,0,ST-IK1,Normalstation Innere Medizin / Kardiologie,30,Innere Medizin und Kardiologie,10.0,22.0,06:00,14:00,450,,13:30,21:30,450,F,21:15,06:15,495,F|S,11,10,8,10,30,45,8,38.5,30,0.1,0,2.0.0,20261130
PH-001,2026-12-11,plan,11,Freitag,5,50,0,0,,Pflegehilfskraft,Pflegehilfskraft,PFLEGEHILFE,0.75,28.88,6931,6931,6238,7624,5,2,2,0,0,1,Pflegehilfskraft,0,0.0,-1530,23,22,1,1,2,4106,1,,,,,,0,,0,,4,3,3,1,1642,1,3,3,2,1,1437,1,2,1,2,0,1026,0,ST-IK1,Normalstation Innere Medizin / Kardiologie,30,Innere Medizin und Kardiologie,10.0,22.0,06:00,14:00,450,,13:30,21:30,450,F,21:15,06:15,495,F|S,11,10,8,10,30,45,8,38.5,30,0.1,0,2.0.0,20261130
PH-002,2026-12-11,plan,11,Freitag,5,50,0,0,,Pflegehilfskraft,Pflegehilfskraft,PFLEGEHILFE,0.5,19.25,4620,4620,4158,5082,5,2,2,0,0,1,Pflegehilfskraft,0,0.0,597,23,22,1,1,2,4106,1,,,,,,0,,0,,4,3,3,1,1642,1,3,3,2,1,1437,1,2,1,2,0,1026,0,ST-IK1,Normalstation Innere Medizin / Kardiologie,30,Innere Medizin und Kardiologie,10.0,22.0,06:00,14:00,450,,13:30,21:30,450,F,21:15,06:15,495,F|S,11,10,8,10,30,45,8,38.5,30,0.1,0,2.0.0,20261130
PK-001,2026-12-11,plan,11,Freitag,5,50,0,0,,Stationsleitung,Pflegefachkraft,EXAM|LEITUNG|PRAXISANLEITUNG,1.0,38.5,9240,4620,4158,5082,5,2,2,0,0,1,Pflegefachkraft,1,0.5,2130,23,22,1,1,2,4106,0,FORTBILDUNG,,,,,0,,0,,4,3,3,1,1642,1,3,3,2,1,1437,1,2,1,2,0,1026,0,ST-IK1,Normalstation Innere Medizin / Kardiologie,30,Innere Medizin und Kardiologie,10.0,22.0,06:00,14:00,450,,13:30,21:30,450,F,21:15,06:15,495,F|S,11,10,8,10,30,45,8,38.5,30,0.1,0,2.0.0,20261130
PK-002,2026-12-11,plan,11,Freitag,5,50,0,0,,Pflegefachkraft,Pflegefachkraft,EXAM|PRAXISANLEITUNG|KARDIO_MONITORING,0.5,19.25,4620,4620,4158,5082,5,2,2,8,1,1,Pflegefachkraft,0,0.0,-885,23,22,1,1,2,4106,1,,,,,,0,,0,,4,3,3,1,1642,1,3,3,2,1,1437,1,2,1,2,0,1026,0,ST-IK1,Normalstation Innere Medizin / Kardiologie,30,Innere Medizin und Kardiologie,10.0,22.0,06:00,14:00,450,,13:30,21:30,450,F,21:15,06:15,495,F|S,11,10,8,10,30,45,8,38.5,30,0.1,0,2.0.0,20261130
PK-003,2026-12-11,plan,11,Freitag,5,50,0,0,,Pflegefachkraft,Pflegefachkraft,EXAM,0.75,28.88,6931,6931,6238,7624,5,2,2,8,1,1,Pflegefachkraft,0,0.0,-1890,23,22,1,1,2,4106,1,,,,,,0,,0,,4,3,3,1,1642,1,3,3,2,1,1437,1,2,1,2,0,1026,0,ST-IK1,Normalstation Innere Medizin / Kardiologie,30,Innere Medizin und Kardiologie,10.0,22.0,06:00,14:00,450,,13:30,21:30,450,F,21:15,06:15,495,F|S,11,10,8,10,30,45,8,38.5,30,0.1,0,2.0.0,20261130
PK-004,2026-12-11,plan,11,Freitag,5,50,0,0,,Pflegefachkraft,Pflegefachkraft,EXAM,0.75,28.88,6931,6931,6238,7624,5,2,2,8,1,1,Pflegefachkraft,0,0.0,-1890,23,22,1,1,2,4106,1,,,,,,0,,0,,4,3,3,1,1642,1,3,3,2,1,1437,1,2,1,2,0,1026,0,ST-IK1,Normalstation Innere Medizin / Kardiologie,30,Innere Medizin und Kardiologie,10.0,22.0,06:00,14:00,450,,13:30,21:30,450,F,21:15,06:15,495,F|S,11,10,8,10,30,45,8,38.5,30,0.1,0,2.0.0,20261130
PK-005,2026-12-11,plan,11,Freitag,5,50,0,0,,Pflegefachkraft,Pflegefachkraft,EXAM,0.6,23.1,5544,5544,4990,6098,5,2,2,8,1,1,Pflegefachkraft,0,0.0,-1449,23,22,1,1,2,4106,1,,,,,,0,,0,,4,3,3,1,1642,1,3,3,2,1,1437,1,2,1,2,0,1026,0,ST-IK1,Normalstation Innere Medizin / Kardiologie,30,Innere Medizin und Kardiologie,10.0,22.0,06:00,14:00,450,,13:30,21:30,450,F,21:15,06:15,495,F|S,11,10,8,10,30,45,8,38.5,30,0.1,0,2.0.0,20261130
PK-006,2026-12-11,plan,11,Freitag,5,50,0,0,,Pflegefachkraft,Pflegefachkraft,EXAM,1.0,38.5,9240,9240,8316,10164,5,2,2,8,1,1,Pflegefachkraft,0,0.0,-2670,23,22,1,1,2,4106,1,,,,,,0,,0,,4,3,3,1,1642,1,3,3,2,1,1437,1,2,1,2,0,1026,0,ST-IK1,Normalstation Innere Medizin / Kardiologie,30,Innere Medizin und Kardiologie,10.0,22.0,06:00,14:00,450,,13:30,21:30,450,F,21:15,06:15,495,F|S,11,10,8,10,30,45,8,38.5,30,0.1,0,2.0.0,20261130
PK-007,2026-12-11,plan,11,Freitag,5,50,0,0,,Pflegefachkraft,Pflegefachkraft,EXAM|PRAXISANLEITUNG,1.0,38.5,9240,9240,8316,10164,5,2,2,8,1,1,Pflegefachkraft,0,0.0,-2175,23,22,1,1,2,4106,1,,,,,,0,,0,,4,3,3,1,1642,1,3,3,2,1,1437,1,2,1,2,0,1026,0,ST-IK1,Normalstation Innere Medizin / Kardiologie,30,Innere Medizin und Kardiologie,10.0,22.0,06:00,14:00,450,,13:30,21:30,450,F,21:15,06:15,495,F|S,11,10,8,10,30,45,8,38.5,30,0.1,0,2.0.0,20261130
PK-008,2026-12-11,plan,11,Freitag,5,50,0,0,,Pflegefachkraft,Pflegefachkraft,EXAM,0.6,23.1,5544,5544,4990,6098,5,2,2,8,1,1,Pflegefachkraft,0,0.0,-1449,23,22,1,1,2,4106,0,URLAUB,,,,,0,,0,,4,3,3,1,1642,1,3,3,2,1,1437,1,2,1,2,0,1026,0,ST-IK1,Normalstation Innere Medizin / Kardiologie,30,Innere Medizin und Kardiologie,10.0,22.0,06:00,14:00,450,,13:30,21:30,450,F,21:15,06:15,495,F|S,11,10,8,10,30,45,8,38.5,30,0.1,0,2.0.0,20261130
PK-009,2026-12-11,plan,11,Freitag,5,50,0,0,,Pflegefachkraft,Pflegefachkraft,EXAM,1.0,38.5,9240,9240,8316,10164,5,2,2,8,1,1,Pflegefachkraft,0,0.0,-2445,23,22,1,1,2,4106,1,,,,,,0,,0,,4,3,3,1,1642,1,3,3,2,1,1437,1,2,1,2,0,1026,0,ST-IK1,Normalstation Innere Medizin / Kardiologie,30,Innere Medizin und Kardiologie,10.0,22.0,06:00,14:00,450,,13:30,21:30,450,F,21:15,06:15,495,F|S,11,10,8,10,30,45,8,38.5,30,0.1,0,2.0.0,20261130
PK-010,2026-12-11,plan,11,Freitag,5,50,0,0,,Pflegefachkraft,Pflegefachkraft,EXAM,0.8,30.8,7392,7392,6653,8131,5,2,2,8,1,1,Pflegefachkraft,0,0.0,-1947,23,22,1,1,2,4106,1,,,,,,0,,0,,4,3,3,1,1642,1,3,3,2,1,1437,1,2,1,2,0,1026,0,ST-IK1,Normalstation Innere Medizin / Kardiologie,30,Innere Medizin und Kardiologie,10.0,22.0,06:00,14:00,450,,13:30,21:30,450,F,21:15,06:15,495,F|S,11,10,8,10,30,45,8,38.5,30,0.1,0,2.0.0,20261130
PK-011,2026-12-11,plan,11,Freitag,5,50,0,0,,Pflegefachkraft,Pflegefachkraft,EXAM|PRAXISANLEITUNG|KARDIO_MONITORING,1.0,38.5,9240,9240,8316,10164,5,2,2,8,1,1,Pflegefachkraft,0,0.0,-2445,23,22,1,1,2,4106,1,,,,,,0,,0,,4,3,3,1,1642,1,3,3,2,1,1437,1,2,1,2,0,1026,0,ST-IK1,Normalstation Innere Medizin / Kardiologie,30,Innere Medizin und Kardiologie,10.0,22.0,06:00,14:00,450,,13:30,21:30,450,F,21:15,06:15,495,F|S,11,10,8,10,30,45,8,38.5,30,0.1,0,2.0.0,20261130
PK-012,2026-12-11,plan,11,Freitag,5,50,0,0,,Pflegefachkraft,Pflegefachkraft,EXAM,1.0,38.5,9240,9240,8316,10164,5,2,2,8,1,1,Pflegefachkraft,0,0.0,1104,23,22,1,1,2,4106,1,,,,,,0,,1,2,4,3,3,1,1642,1,3,3,2,1,1437,1,2,1,2,0,1026,0,ST-IK1,Normalstation Innere Medizin / Kardiologie,30,Innere Medizin und Kardiologie,10.0,22.0,06:00,14:00,450,,13:30,21:30,450,F,21:15,06:15,495,F|S,11,10,8,10,30,45,8,38.5,30,0.1,0,2.0.0,20261130
PK-013,2026-12-11,plan,11,Freitag,5,50,0,0,,Pflegefachkraft,Pflegefachkraft,EXAM|PRAXISANLEITUNG|KARDIO_MONITORING,1.0,38.5,9240,9240,8316,10164,5,2,2,8,1,1,Pflegefachkraft,0,0.0,1104,23,22,1,1,2,4106,1,,,,,,0,,0,,4,3,3,1,1642,1,3,3,2,1,1437,1,2,1,2,0,1026,0,ST-IK1,Normalstation Innere Medizin / Kardiologie,30,Innere Medizin und Kardiologie,10.0,22.0,06:00,14:00,450,,13:30,21:30,450,F,21:15,06:15,495,F|S,11,10,8,10,30,45,8,38.5,30,0.1,0,2.0.0,20261130
PK-014,2026-12-11,plan,11,Freitag,5,50,0,0,,Pflegefachkraft,Pflegefachkraft,EXAM|PRAXISANLEITUNG,0.9,34.65,8316,8316,7484,9148,5,2,2,8,1,1,Pflegefachkraft,0,0.0,-1926,23,22,1,1,2,4106,1,,,,,,0,,0,,4,3,3,1,1642,1,3,3,2,1,1437,1,2,1,2,0,1026,0,ST-IK1,Normalstation Innere Medizin / Kardiologie,30,Innere Medizin und Kardiologie,10.0,22.0,06:00,14:00,450,,13:30,21:30,450,F,21:15,06:15,495,F|S,11,10,8,10,30,45,8,38.5,30,0.1,0,2.0.0,20261130
PK-015,2026-12-11,plan,11,Freitag,5,50,0,0,,Pflegefachkraft,Pflegefachkraft,EXAM|KARDIO_MONITORING,1.0,38.5,9240,9240,8316,10164,5,2,2,8,1,1,Pflegefachkraft,0,0.0,-2355,23,22,1,1,2,4106,1,,,,,,0,,0,,4,3,3,1,1642,1,3,3,2,1,1437,1,2,1,2,0,1026,0,ST-IK1,Normalstation Innere Medizin / Kardiologie,30,Innere Medizin und Kardiologie,10.0,22.0,06:00,14:00,450,,13:30,21:30,450,F,21:15,06:15,495,F|S,11,10,8,10,30,45,8,38.5,30,0.1,0,2.0.0,20261130
PK-016,2026-12-11,plan,11,Freitag,5,50,0,0,,Pflegefachkraft,Pflegefachkraft,EXAM|KARDIO_MONITORING,1.0,38.5,9240,9240,8316,10164,5,2,2,8,1,1,Pflegefachkraft,0,0.0,-2625,23,22,1,1,2,4106,1,,,,,,0,,0,,4,3,3,1,1642,1,3,3,2,1,1437,1,2,1,2,0,1026,0,ST-IK1,Normalstation Innere Medizin / Kardiologie,30,Innere Medizin und Kardiologie,10.0,22.0,06:00,14:00,450,,13:30,21:30,450,F,21:15,06:15,495,F|S,11,10,8,10,30,45,8,38.5,30,0.1,0,2.0.0,20261130
PK-017,2026-12-11,plan,11,Freitag,5,50,0,0,,Pflegefachkraft,Pflegefachkraft,EXAM,0.5,19.25,4620,4620,4158,5082,5,2,2,8,1,1,Pflegefachkraft,0,0.0,-885,23,22,1,1,2,4106,0,LANGZEITABWESENHEIT,,,,,0,,0,,4,3,3,1,1642,1,3,3,2,1,1437,1,2,1,2,0,1026,0,ST-IK1,Normalstation Innere Medizin / Kardiologie,30,Innere Medizin und Kardiologie,10.0,22.0,06:00,14:00,450,,13:30,21:30,450,F,21:15,06:15,495,F|S,11,10,8,10,30,45,8,38.5,30,0.1,0,2.0.0,20261130
AZ-001,2026-12-12,plan,12,Samstag,6,50,1,0,,Auszubildende_r_3_Ausbildungsjahr,Auszubildende,AUSZUBILDEND,1.0,38.5,9240,9240,8316,10164,5,2,2,8,1,0,nicht anrechenbar,0,0.0,-9240,18,17,1,2,1,2855,1,,,,,,0,,0,,3,2,2,1,1142,1,3,2,2,1,999,1,2,1,2,0,714,0,ST-IK1,Normalstation Innere Medizin / Kardiologie,30,Innere Medizin und Kardiologie,10.0,22.0,06:00,14:00,450,,13:30,21:30,450,F,21:15,06:15,495,F|S,11,10,8,10,30,45,8,38.5,30,0.1,0,2.0.0,20261130
AZ-002,2026-12-12,plan,12,Samstag,6,50,1,0,,Auszubildende_r_2_Ausbildungsjahr,Auszubildende,AUSZUBILDEND,1.0,38.5,9240,9240,8316,10164,5,2,2,8,1,0,nicht anrechenbar,0,0.0,-9240,18,17,1,2,1,2855,1,,1,,,,0,,0,,3,2,2,1,1142,1,3,2,2,1,999,1,2,1,2,0,714,0,ST-IK1,Normalstation Innere Medizin / Kardiologie,30,Innere Medizin und Kardiologie,10.0,22.0,06:00,14:00,450,,13:30,21:30,450,F,21:15,06:15,495,F|S,11,10,8,10,30,45,8,38.5,30,0.1,0,2.0.0,20261130
AZ-003,2026-12-12,plan,12,Samstag,6,50,1,0,,Auszubildende_r_1_Ausbildungsjahr,Auszubildende,AUSZUBILDEND,1.0,38.5,9240,9240,8316,10164,5,2,2,0,0,0,nicht anrechenbar,0,0.0,-9240,18,17,1,2,1,2855,1,,,,,,0,,0,,3,2,2,1,1142,1,3,2,2,1,999,1,2,1,2,0,714,0,ST-IK1,Normalstation Innere Medizin / Kardiologie,30,Innere Medizin und Kardiologie,10.0,22.0,06:00,14:00,450,,13:30,21:30,450,F,21:15,06:15,495,F|S,11,10,8,10,30,45,8,38.5,30,0.1,0,2.0.0,20261130
PH-001,2026-12-12,plan,12,Samstag,6,50,1,0,,Pflegehilfskraft,Pflegehilfskraft,PFLEGEHILFE,0.75,28.88,6931,6931,6238,7624,5,2,2,0,0,1,Pflegehilfskraft,0,0.0,-1530,18,17,1,2,1,2855,1,,,,,,0,,0,,3,2,2,1,1142,1,3,2,2,1,999,1,2,1,2,0,714,0,ST-IK1,Normalstation Innere Medizin / Kardiologie,30,Innere Medizin und Kardiologie,10.0,22.0,06:00,14:00,450,,13:30,21:30,450,F,21:15,06:15,495,F|S,11,10,8,10,30,45,8,38.5,30,0.1,0,2.0.0,20261130
PH-002,2026-12-12,plan,12,Samstag,6,50,1,0,,Pflegehilfskraft,Pflegehilfskraft,PFLEGEHILFE,0.5,19.25,4620,4620,4158,5082,5,2,2,0,0,1,Pflegehilfskraft,0,0.0,597,18,17,1,2,1,2855,1,,2,,,,0,,0,,3,2,2,1,1142,1,3,2,2,1,999,1,2,1,2,0,714,0,ST-IK1,Normalstation Innere Medizin / Kardiologie,30,Innere Medizin und Kardiologie,10.0,22.0,06:00,14:00,450,,13:30,21:30,450,F,21:15,06:15,495,F|S,11,10,8,10,30,45,8,38.5,30,0.1,0,2.0.0,20261130
PK-001,2026-12-12,plan,12,Samstag,6,50,1,0,,Stationsleitung,Pflegefachkraft,EXAM|LEITUNG|PRAXISANLEITUNG,1.0,38.5,9240,4620,4158,5082,5,2,2,0,0,1,Pflegefachkraft,1,0.5,2130,18,17,1,2,1,2855,1,,,,,,0,,0,,3,2,2,1,1142,1,3,2,2,1,999,1,2,1,2,0,714,0,ST-IK1,Normalstation Innere Medizin / Kardiologie,30,Innere Medizin und Kardiologie,10.0,22.0,06:00,14:00,450,,13:30,21:30,450,F,21:15,06:15,495,F|S,11,10,8,10,30,45,8,38.5,30,0.1,0,2.0.0,20261130
PK-002,2026-12-12,plan,12,Samstag,6,50,1,0,,Pflegefachkraft,Pflegefachkraft,EXAM|PRAXISANLEITUNG|KARDIO_MONITORING,0.5,19.25,4620,4620,4158,5082,5,2,2,8,1,1,Pflegefachkraft,0,0.0,-885,18,17,1,2,1,2855,1,,,,,,0,,0,,3,2,2,1,1142,1,3,2,2,1,999,1,2,1,2,0,714,0,ST-IK1,Normalstation Innere Medizin / Kardiologie,30,Innere Medizin und Kardiologie,10.0,22.0,06:00,14:00,450,,13:30,21:30,450,F,21:15,06:15,495,F|S,11,10,8,10,30,45,8,38.5,30,0.1,0,2.0.0,20261130
PK-003,2026-12-12,plan,12,Samstag,6,50,1,0,,Pflegefachkraft,Pflegefachkraft,EXAM,0.75,28.88,6931,6931,6238,7624,5,2,2,8,1,1,Pflegefachkraft,0,0.0,-1890,18,17,1,2,1,2855,1,,,,,,0,,0,,3,2,2,1,1142,1,3,2,2,1,999,1,2,1,2,0,714,0,ST-IK1,Normalstation Innere Medizin / Kardiologie,30,Innere Medizin und Kardiologie,10.0,22.0,06:00,14:00,450,,13:30,21:30,450,F,21:15,06:15,495,F|S,11,10,8,10,30,45,8,38.5,30,0.1,0,2.0.0,20261130
PK-004,2026-12-12,plan,12,Samstag,6,50,1,0,,Pflegefachkraft,Pflegefachkraft,EXAM,0.75,28.88,6931,6931,6238,7624,5,2,2,8,1,1,Pflegefachkraft,0,0.0,-1890,18,17,1,2,1,2855,1,,,,,,0,,0,,3,2,2,1,1142,1,3,2,2,1,999,1,2,1,2,0,714,0,ST-IK1,Normalstation Innere Medizin / Kardiologie,30,Innere Medizin und Kardiologie,10.0,22.0,06:00,14:00,450,,13:30,21:30,450,F,21:15,06:15,495,F|S,11,10,8,10,30,45,8,38.5,30,0.1,0,2.0.0,20261130
PK-005,2026-12-12,plan,12,Samstag,6,50,1,0,,Pflegefachkraft,Pflegefachkraft,EXAM,0.6,23.1,5544,5544,4990,6098,5,2,2,8,1,1,Pflegefachkraft,0,0.0,-1449,18,17,1,2,1,2855,1,,,,,,0,,0,,3,2,2,1,1142,1,3,2,2,1,999,1,2,1,2,0,714,0,ST-IK1,Normalstation Innere Medizin / Kardiologie,30,Innere Medizin und Kardiologie,10.0,22.0,06:00,14:00,450,,13:30,21:30,450,F,21:15,06:15,495,F|S,11,10,8,10,30,45,8,38.5,30,0.1,0,2.0.0,20261130
PK-006,2026-12-12,plan,12,Samstag,6,50,1,0,,Pflegefachkraft,Pflegefachkraft,EXAM,1.0,38.5,9240,9240,8316,10164,5,2,2,8,1,1,Pflegefachkraft,0,0.0,-2670,18,17,1,2,1,2855,1,,,,,,0,,0,,3,2,2,1,1142,1,3,2,2,1,999,1,2,1,2,0,714,0,ST-IK1,Normalstation Innere Medizin / Kardiologie,30,Innere Medizin und Kardiologie,10.0,22.0,06:00,14:00,450,,13:30,21:30,450,F,21:15,06:15,495,F|S,11,10,8,10,30,45,8,38.5,30,0.1,0,2.0.0,20261130
PK-007,2026-12-12,plan,12,Samstag,6,50,1,0,,Pflegefachkraft,Pflegefachkraft,EXAM|PRAXISANLEITUNG,1.0,38.5,9240,9240,8316,10164,5,2,2,8,1,1,Pflegefachkraft,0,0.0,-2175,18,17,1,2,1,2855,1,,,,,,0,,0,,3,2,2,1,1142,1,3,2,2,1,999,1,2,1,2,0,714,0,ST-IK1,Normalstation Innere Medizin / Kardiologie,30,Innere Medizin und Kardiologie,10.0,22.0,06:00,14:00,450,,13:30,21:30,450,F,21:15,06:15,495,F|S,11,10,8,10,30,45,8,38.5,30,0.1,0,2.0.0,20261130
PK-008,2026-12-12,plan,12,Samstag,6,50,1,0,,Pflegefachkraft,Pflegefachkraft,EXAM,0.6,23.1,5544,5544,4990,6098,5,2,2,8,1,1,Pflegefachkraft,0,0.0,-1449,18,17,1,2,1,2855,0,URLAUB,,,,,0,,0,,3,2,2,1,1142,1,3,2,2,1,999,1,2,1,2,0,714,0,ST-IK1,Normalstation Innere Medizin / Kardiologie,30,Innere Medizin und Kardiologie,10.0,22.0,06:00,14:00,450,,13:30,21:30,450,F,21:15,06:15,495,F|S,11,10,8,10,30,45,8,38.5,30,0.1,0,2.0.0,20261130
PK-009,2026-12-12,plan,12,Samstag,6,50,1,0,,Pflegefachkraft,Pflegefachkraft,EXAM,1.0,38.5,9240,9240,8316,10164,5,2,2,8,1,1,Pflegefachkraft,0,0.0,-2445,18,17,1,2,1,2855,1,,,,,,0,,0,,3,2,2,1,1142,1,3,2,2,1,999,1,2,1,2,0,714,0,ST-IK1,Normalstation Innere Medizin / Kardiologie,30,Innere Medizin und Kardiologie,10.0,22.0,06:00,14:00,450,,13:30,21:30,450,F,21:15,06:15,495,F|S,11,10,8,10,30,45,8,38.5,30,0.1,0,2.0.0,20261130
PK-010,2026-12-12,plan,12,Samstag,6,50,1,0,,Pflegefachkraft,Pflegefachkraft,EXAM,0.8,30.8,7392,7392,6653,8131,5,2,2,8,1,1,Pflegefachkraft,0,0.0,-1947,18,17,1,2,1,2855,1,,,,,,0,,0,,3,2,2,1,1142,1,3,2,2,1,999,1,2,1,2,0,714,0,ST-IK1,Normalstation Innere Medizin / Kardiologie,30,Innere Medizin und Kardiologie,10.0,22.0,06:00,14:00,450,,13:30,21:30,450,F,21:15,06:15,495,F|S,11,10,8,10,30,45,8,38.5,30,0.1,0,2.0.0,20261130
PK-011,2026-12-12,plan,12,Samstag,6,50,1,0,,Pflegefachkraft,Pflegefachkraft,EXAM|PRAXISANLEITUNG|KARDIO_MONITORING,1.0,38.5,9240,9240,8316,10164,5,2,2,8,1,1,Pflegefachkraft,0,0.0,-2445,18,17,1,2,1,2855,1,,,,,,0,,0,,3,2,2,1,1142,1,3,2,2,1,999,1,2,1,2,0,714,0,ST-IK1,Normalstation Innere Medizin / Kardiologie,30,Innere Medizin und Kardiologie,10.0,22.0,06:00,14:00,450,,13:30,21:30,450,F,21:15,06:15,495,F|S,11,10,8,10,30,45,8,38.5,30,0.1,0,2.0.0,20261130
PK-012,2026-12-12,plan,12,Samstag,6,50,1,0,,Pflegefachkraft,Pflegefachkraft,EXAM,1.0,38.5,9240,9240,8316,10164,5,2,2,8,1,1,Pflegefachkraft,0,0.0,1104,18,17,1,2,1,2855,1,,,,,,0,,1,24,3,2,2,1,1142,1,3,2,2,1,999,1,2,1,2,0,714,0,ST-IK1,Normalstation Innere Medizin / Kardiologie,30,Innere Medizin und Kardiologie,10.0,22.0,06:00,14:00,450,,13:30,21:30,450,F,21:15,06:15,495,F|S,11,10,8,10,30,45,8,38.5,30,0.1,0,2.0.0,20261130
PK-013,2026-12-12,plan,12,Samstag,6,50,1,0,,Pflegefachkraft,Pflegefachkraft,EXAM|PRAXISANLEITUNG|KARDIO_MONITORING,1.0,38.5,9240,9240,8316,10164,5,2,2,8,1,1,Pflegefachkraft,0,0.0,1104,18,17,1,2,1,2855,1,,,,,,0,,0,,3,2,2,1,1142,1,3,2,2,1,999,1,2,1,2,0,714,0,ST-IK1,Normalstation Innere Medizin / Kardiologie,30,Innere Medizin und Kardiologie,10.0,22.0,06:00,14:00,450,,13:30,21:30,450,F,21:15,06:15,495,F|S,11,10,8,10,30,45,8,38.5,30,0.1,0,2.0.0,20261130
PK-014,2026-12-12,plan,12,Samstag,6,50,1,0,,Pflegefachkraft,Pflegefachkraft,EXAM|PRAXISANLEITUNG,0.9,34.65,8316,8316,7484,9148,5,2,2,8,1,1,Pflegefachkraft,0,0.0,-1926,18,17,1,2,1,2855,1,,,,,,0,,0,,3,2,2,1,1142,1,3,2,2,1,999,1,2,1,2,0,714,0,ST-IK1,Normalstation Innere Medizin / Kardiologie,30,Innere Medizin und Kardiologie,10.0,22.0,06:00,14:00,450,,13:30,21:30,450,F,21:15,06:15,495,F|S,11,10,8,10,30,45,8,38.5,30,0.1,0,2.0.0,20261130
PK-015,2026-12-12,plan,12,Samstag,6,50,1,0,,Pflegefachkraft,Pflegefachkraft,EXAM|KARDIO_MONITORING,1.0,38.5,9240,9240,8316,10164,5,2,2,8,1,1,Pflegefachkraft,0,0.0,-2355,18,17,1,2,1,2855,1,,,,,,0,,0,,3,2,2,1,1142,1,3,2,2,1,999,1,2,1,2,0,714,0,ST-IK1,Normalstation Innere Medizin / Kardiologie,30,Innere Medizin und Kardiologie,10.0,22.0,06:00,14:00,450,,13:30,21:30,450,F,21:15,06:15,495,F|S,11,10,8,10,30,45,8,38.5,30,0.1,0,2.0.0,20261130
PK-016,2026-12-12,plan,12,Samstag,6,50,1,0,,Pflegefachkraft,Pflegefachkraft,EXAM|KARDIO_MONITORING,1.0,38.5,9240,9240,8316,10164,5,2,2,8,1,1,Pflegefachkraft,0,0.0,-2625,18,17,1,2,1,2855,1,,,,,,0,,0,,3,2,2,1,1142,1,3,2,2,1,999,1,2,1,2,0,714,0,ST-IK1,Normalstation Innere Medizin / Kardiologie,30,Innere Medizin und Kardiologie,10.0,22.0,06:00,14:00,450,,13:30,21:30,450,F,21:15,06:15,495,F|S,11,10,8,10,30,45,8,38.5,30,0.1,0,2.0.0,20261130
PK-017,2026-12-12,plan,12,Samstag,6,50,1,0,,Pflegefachkraft,Pflegefachkraft,EXAM,0.5,19.25,4620,4620,4158,5082,5,2,2,8,1,1,Pflegefachkraft,0,0.0,-885,18,17,1,2,1,2855,0,LANGZEITABWESENHEIT,,,,,0,,0,,3,2,2,1,1142,1,3,2,2,1,999,1,2,1,2,0,714,0,ST-IK1,Normalstation Innere Medizin / Kardiologie,30,Innere Medizin und Kardiologie,10.0,22.0,06:00,14:00,450,,13:30,21:30,450,F,21:15,06:15,495,F|S,11,10,8,10,30,45,8,38.5,30,0.1,0,2.0.0,20261130
AZ-001,2026-12-13,plan,13,Sonntag,7,50,1,0,,Auszubildende_r_3_Ausbildungsjahr,Auszubildende,AUSZUBILDEND,1.0,38.5,9240,9240,8316,10164,5,2,2,8,1,0,nicht anrechenbar,0,0.0,-9240,22,22,1,2,1,3360,1,,,,,,0,,0,,3,3,2,1,1344,1,3,3,2,1,1176,1,2,1,2,0,840,0,ST-IK1,Normalstation Innere Medizin / Kardiologie,30,Innere Medizin und Kardiologie,10.0,22.0,06:00,14:00,450,,13:30,21:30,450,F,21:15,06:15,495,F|S,11,10,8,10,30,45,8,38.5,30,0.1,0,2.0.0,20261130
AZ-002,2026-12-13,plan,13,Sonntag,7,50,1,0,,Auszubildende_r_2_Ausbildungsjahr,Auszubildende,AUSZUBILDEND,1.0,38.5,9240,9240,8316,10164,5,2,2,8,1,0,nicht anrechenbar,0,0.0,-9240,22,22,1,2,1,3360,1,,,,,,0,,0,,3,3,2,1,1344,1,3,3,2,1,1176,1,2,1,2,0,840,0,ST-IK1,Normalstation Innere Medizin / Kardiologie,30,Innere Medizin und Kardiologie,10.0,22.0,06:00,14:00,450,,13:30,21:30,450,F,21:15,06:15,495,F|S,11,10,8,10,30,45,8,38.5,30,0.1,0,2.0.0,20261130
AZ-003,2026-12-13,plan,13,Sonntag,7,50,1,0,,Auszubildende_r_1_Ausbildungsjahr,Auszubildende,AUSZUBILDEND,1.0,38.5,9240,9240,8316,10164,5,2,2,0,0,0,nicht anrechenbar,0,0.0,-9240,22,22,1,2,1,3360,1,,,,,,0,,0,,3,3,2,1,1344,1,3,3,2,1,1176,1,2,1,2,0,840,0,ST-IK1,Normalstation Innere Medizin / Kardiologie,30,Innere Medizin und Kardiologie,10.0,22.0,06:00,14:00,450,,13:30,21:30,450,F,21:15,06:15,495,F|S,11,10,8,10,30,45,8,38.5,30,0.1,0,2.0.0,20261130
PH-001,2026-12-13,plan,13,Sonntag,7,50,1,0,,Pflegehilfskraft,Pflegehilfskraft,PFLEGEHILFE,0.75,28.88,6931,6931,6238,7624,5,2,2,0,0,1,Pflegehilfskraft,0,0.0,-1530,22,22,1,2,1,3360,1,,,,,,0,,0,,3,3,2,1,1344,1,3,3,2,1,1176,1,2,1,2,0,840,0,ST-IK1,Normalstation Innere Medizin / Kardiologie,30,Innere Medizin und Kardiologie,10.0,22.0,06:00,14:00,450,,13:30,21:30,450,F,21:15,06:15,495,F|S,11,10,8,10,30,45,8,38.5,30,0.1,0,2.0.0,20261130
PH-002,2026-12-13,plan,13,Sonntag,7,50,1,0,,Pflegehilfskraft,Pflegehilfskraft,PFLEGEHILFE,0.5,19.25,4620,4620,4158,5082,5,2,2,0,0,1,Pflegehilfskraft,0,0.0,597,22,22,1,2,1,3360,1,,,,,,0,,1,8,3,3,2,1,1344,1,3,3,2,1,1176,1,2,1,2,0,840,0,ST-IK1,Normalstation Innere Medizin / Kardiologie,30,Innere Medizin und Kardiologie,10.0,22.0,06:00,14:00,450,,13:30,21:30,450,F,21:15,06:15,495,F|S,11,10,8,10,30,45,8,38.5,30,0.1,0,2.0.0,20261130
PK-001,2026-12-13,plan,13,Sonntag,7,50,1,0,,Stationsleitung,Pflegefachkraft,EXAM|LEITUNG|PRAXISANLEITUNG,1.0,38.5,9240,4620,4158,5082,5,2,2,0,0,1,Pflegefachkraft,1,0.5,2130,22,22,1,2,1,3360,1,,,,,,0,,0,,3,3,2,1,1344,1,3,3,2,1,1176,1,2,1,2,0,840,0,ST-IK1,Normalstation Innere Medizin / Kardiologie,30,Innere Medizin und Kardiologie,10.0,22.0,06:00,14:00,450,,13:30,21:30,450,F,21:15,06:15,495,F|S,11,10,8,10,30,45,8,38.5,30,0.1,0,2.0.0,20261130
PK-002,2026-12-13,plan,13,Sonntag,7,50,1,0,,Pflegefachkraft,Pflegefachkraft,EXAM|PRAXISANLEITUNG|KARDIO_MONITORING,0.5,19.25,4620,4620,4158,5082,5,2,2,8,1,1,Pflegefachkraft,0,0.0,-885,22,22,1,2,1,3360,1,,,,,,0,,1,4,3,3,2,1,1344,1,3,3,2,1,1176,1,2,1,2,0,840,0,ST-IK1,Normalstation Innere Medizin / Kardiologie,30,Innere Medizin und Kardiologie,10.0,22.0,06:00,14:00,450,,13:30,21:30,450,F,21:15,06:15,495,F|S,11,10,8,10,30,45,8,38.5,30,0.1,0,2.0.0,20261130
PK-003,2026-12-13,plan,13,Sonntag,7,50,1,0,,Pflegefachkraft,Pflegefachkraft,EXAM,0.75,28.88,6931,6931,6238,7624,5,2,2,8,1,1,Pflegefachkraft,0,0.0,-1890,22,22,1,2,1,3360,1,,,,,,0,,0,,3,3,2,1,1344,1,3,3,2,1,1176,1,2,1,2,0,840,0,ST-IK1,Normalstation Innere Medizin / Kardiologie,30,Innere Medizin und Kardiologie,10.0,22.0,06:00,14:00,450,,13:30,21:30,450,F,21:15,06:15,495,F|S,11,10,8,10,30,45,8,38.5,30,0.1,0,2.0.0,20261130
PK-004,2026-12-13,plan,13,Sonntag,7,50,1,0,,Pflegefachkraft,Pflegefachkraft,EXAM,0.75,28.88,6931,6931,6238,7624,5,2,2,8,1,1,Pflegefachkraft,0,0.0,-1890,22,22,1,2,1,3360,1,,,,,,0,,0,,3,3,2,1,1344,1,3,3,2,1,1176,1,2,1,2,0,840,0,ST-IK1,Normalstation Innere Medizin / Kardiologie,30,Innere Medizin und Kardiologie,10.0,22.0,06:00,14:00,450,,13:30,21:30,450,F,21:15,06:15,495,F|S,11,10,8,10,30,45,8,38.5,30,0.1,0,2.0.0,20261130
PK-005,2026-12-13,plan,13,Sonntag,7,50,1,0,,Pflegefachkraft,Pflegefachkraft,EXAM,0.6,23.1,5544,5544,4990,6098,5,2,2,8,1,1,Pflegefachkraft,0,0.0,-1449,22,22,1,2,1,3360,1,,,,,,0,,0,,3,3,2,1,1344,1,3,3,2,1,1176,1,2,1,2,0,840,0,ST-IK1,Normalstation Innere Medizin / Kardiologie,30,Innere Medizin und Kardiologie,10.0,22.0,06:00,14:00,450,,13:30,21:30,450,F,21:15,06:15,495,F|S,11,10,8,10,30,45,8,38.5,30,0.1,0,2.0.0,20261130
PK-006,2026-12-13,plan,13,Sonntag,7,50,1,0,,Pflegefachkraft,Pflegefachkraft,EXAM,1.0,38.5,9240,9240,8316,10164,5,2,2,8,1,1,Pflegefachkraft,0,0.0,-2670,22,22,1,2,1,3360,1,,,,,,0,,0,,3,3,2,1,1344,1,3,3,2,1,1176,1,2,1,2,0,840,0,ST-IK1,Normalstation Innere Medizin / Kardiologie,30,Innere Medizin und Kardiologie,10.0,22.0,06:00,14:00,450,,13:30,21:30,450,F,21:15,06:15,495,F|S,11,10,8,10,30,45,8,38.5,30,0.1,0,2.0.0,20261130
PK-007,2026-12-13,plan,13,Sonntag,7,50,1,0,,Pflegefachkraft,Pflegefachkraft,EXAM|PRAXISANLEITUNG,1.0,38.5,9240,9240,8316,10164,5,2,2,8,1,1,Pflegefachkraft,0,0.0,-2175,22,22,1,2,1,3360,1,,,,,,0,,1,2,3,3,2,1,1344,1,3,3,2,1,1176,1,2,1,2,0,840,0,ST-IK1,Normalstation Innere Medizin / Kardiologie,30,Innere Medizin und Kardiologie,10.0,22.0,06:00,14:00,450,,13:30,21:30,450,F,21:15,06:15,495,F|S,11,10,8,10,30,45,8,38.5,30,0.1,0,2.0.0,20261130
PK-008,2026-12-13,plan,13,Sonntag,7,50,1,0,,Pflegefachkraft,Pflegefachkraft,EXAM,0.6,23.1,5544,5544,4990,6098,5,2,2,8,1,1,Pflegefachkraft,0,0.0,-1449,22,22,1,2,1,3360,0,URLAUB,,,,,0,,0,,3,3,2,1,1344,1,3,3,2,1,1176,1,2,1,2,0,840,0,ST-IK1,Normalstation Innere Medizin / Kardiologie,30,Innere Medizin und Kardiologie,10.0,22.0,06:00,14:00,450,,13:30,21:30,450,F,21:15,06:15,495,F|S,11,10,8,10,30,45,8,38.5,30,0.1,0,2.0.0,20261130
PK-009,2026-12-13,plan,13,Sonntag,7,50,1,0,,Pflegefachkraft,Pflegefachkraft,EXAM,1.0,38.5,9240,9240,8316,10164,5,2,2,8,1,1,Pflegefachkraft,0,0.0,-2445,22,22,1,2,1,3360,1,,,,,,0,,0,,3,3,2,1,1344,1,3,3,2,1,1176,1,2,1,2,0,840,0,ST-IK1,Normalstation Innere Medizin / Kardiologie,30,Innere Medizin und Kardiologie,10.0,22.0,06:00,14:00,450,,13:30,21:30,450,F,21:15,06:15,495,F|S,11,10,8,10,30,45,8,38.5,30,0.1,0,2.0.0,20261130
PK-010,2026-12-13,plan,13,Sonntag,7,50,1,0,,Pflegefachkraft,Pflegefachkraft,EXAM,0.8,30.8,7392,7392,6653,8131,5,2,2,8,1,1,Pflegefachkraft,0,0.0,-1947,22,22,1,2,1,3360,1,,,,,,0,,0,,3,3,2,1,1344,1,3,3,2,1,1176,1,2,1,2,0,840,0,ST-IK1,Normalstation Innere Medizin / Kardiologie,30,Innere Medizin und Kardiologie,10.0,22.0,06:00,14:00,450,,13:30,21:30,450,F,21:15,06:15,495,F|S,11,10,8,10,30,45,8,38.5,30,0.1,0,2.0.0,20261130
PK-011,2026-12-13,plan,13,Sonntag,7,50,1,0,,Pflegefachkraft,Pflegefachkraft,EXAM|PRAXISANLEITUNG|KARDIO_MONITORING,1.0,38.5,9240,9240,8316,10164,5,2,2,8,1,1,Pflegefachkraft,0,0.0,-2445,22,22,1,2,1,3360,1,,,,,,0,,0,,3,3,2,1,1344,1,3,3,2,1,1176,1,2,1,2,0,840,0,ST-IK1,Normalstation Innere Medizin / Kardiologie,30,Innere Medizin und Kardiologie,10.0,22.0,06:00,14:00,450,,13:30,21:30,450,F,21:15,06:15,495,F|S,11,10,8,10,30,45,8,38.5,30,0.1,0,2.0.0,20261130
PK-012,2026-12-13,plan,13,Sonntag,7,50,1,0,,Pflegefachkraft,Pflegefachkraft,EXAM,1.0,38.5,9240,9240,8316,10164,5,2,2,8,1,1,Pflegefachkraft,0,0.0,1104,22,22,1,2,1,3360,1,,,,,,0,,1,24,3,3,2,1,1344,1,3,3,2,1,1176,1,2,1,2,0,840,0,ST-IK1,Normalstation Innere Medizin / Kardiologie,30,Innere Medizin und Kardiologie,10.0,22.0,06:00,14:00,450,,13:30,21:30,450,F,21:15,06:15,495,F|S,11,10,8,10,30,45,8,38.5,30,0.1,0,2.0.0,20261130
PK-013,2026-12-13,plan,13,Sonntag,7,50,1,0,,Pflegefachkraft,Pflegefachkraft,EXAM|PRAXISANLEITUNG|KARDIO_MONITORING,1.0,38.5,9240,9240,8316,10164,5,2,2,8,1,1,Pflegefachkraft,0,0.0,1104,22,22,1,2,1,3360,1,,,,,,0,,0,,3,3,2,1,1344,1,3,3,2,1,1176,1,2,1,2,0,840,0,ST-IK1,Normalstation Innere Medizin / Kardiologie,30,Innere Medizin und Kardiologie,10.0,22.0,06:00,14:00,450,,13:30,21:30,450,F,21:15,06:15,495,F|S,11,10,8,10,30,45,8,38.5,30,0.1,0,2.0.0,20261130
PK-014,2026-12-13,plan,13,Sonntag,7,50,1,0,,Pflegefachkraft,Pflegefachkraft,EXAM|PRAXISANLEITUNG,0.9,34.65,8316,8316,7484,9148,5,2,2,8,1,1,Pflegefachkraft,0,0.0,-1926,22,22,1,2,1,3360,1,,,,,,0,,0,,3,3,2,1,1344,1,3,3,2,1,1176,1,2,1,2,0,840,0,ST-IK1,Normalstation Innere Medizin / Kardiologie,30,Innere Medizin und Kardiologie,10.0,22.0,06:00,14:00,450,,13:30,21:30,450,F,21:15,06:15,495,F|S,11,10,8,10,30,45,8,38.5,30,0.1,0,2.0.0,20261130
PK-015,2026-12-13,plan,13,Sonntag,7,50,1,0,,Pflegefachkraft,Pflegefachkraft,EXAM|KARDIO_MONITORING,1.0,38.5,9240,9240,8316,10164,5,2,2,8,1,1,Pflegefachkraft,0,0.0,-2355,22,22,1,2,1,3360,1,,,,,,0,,0,,3,3,2,1,1344,1,3,3,2,1,1176,1,2,1,2,0,840,0,ST-IK1,Normalstation Innere Medizin / Kardiologie,30,Innere Medizin und Kardiologie,10.0,22.0,06:00,14:00,450,,13:30,21:30,450,F,21:15,06:15,495,F|S,11,10,8,10,30,45,8,38.5,30,0.1,0,2.0.0,20261130
PK-016,2026-12-13,plan,13,Sonntag,7,50,1,0,,Pflegefachkraft,Pflegefachkraft,EXAM|KARDIO_MONITORING,1.0,38.5,9240,9240,8316,10164,5,2,2,8,1,1,Pflegefachkraft,0,0.0,-2625,22,22,1,2,1,3360,1,,,,,,0,,0,,3,3,2,1,1344,1,3,3,2,1,1176,1,2,1,2,0,840,0,ST-IK1,Normalstation Innere Medizin / Kardiologie,30,Innere Medizin und Kardiologie,10.0,22.0,06:00,14:00,450,,13:30,21:30,450,F,21:15,06:15,495,F|S,11,10,8,10,30,45,8,38.5,30,0.1,0,2.0.0,20261130
PK-017,2026-12-13,plan,13,Sonntag,7,50,1,0,,Pflegefachkraft,Pflegefachkraft,EXAM,0.5,19.25,4620,4620,4158,5082,5,2,2,8,1,1,Pflegefachkraft,0,0.0,-885,22,22,1,2,1,3360,0,LANGZEITABWESENHEIT,,,,,0,,0,,3,3,2,1,1344,1,3,3,2,1,1176,1,2,1,2,0,840,0,ST-IK1,Normalstation Innere Medizin / Kardiologie,30,Innere Medizin und Kardiologie,10.0,22.0,06:00,14:00,450,,13:30,21:30,450,F,21:15,06:15,495,F|S,11,10,8,10,30,45,8,38.5,30,0.1,0,2.0.0,20261130
AZ-001,2026-12-14,plan,14,Montag,1,51,0,0,,Auszubildende_r_3_Ausbildungsjahr,Auszubildende,AUSZUBILDEND,1.0,38.5,9240,9240,8316,10164,5,2,2,8,1,0,nicht anrechenbar,0,0.0,-9240,22,20,2,2,0,3799,1,,,,,,0,,1,2,3,3,2,1,1520,1,3,3,2,1,1330,1,2,1,2,0,950,0,ST-IK1,Normalstation Innere Medizin / Kardiologie,30,Innere Medizin und Kardiologie,10.0,22.0,06:00,14:00,450,,13:30,21:30,450,F,21:15,06:15,495,F|S,11,10,8,10,30,45,8,38.5,30,0.1,0,2.0.0,20261130
AZ-002,2026-12-14,plan,14,Montag,1,51,0,0,,Auszubildende_r_2_Ausbildungsjahr,Auszubildende,AUSZUBILDEND,1.0,38.5,9240,9240,8316,10164,5,2,2,8,1,0,nicht anrechenbar,0,0.0,-9240,22,20,2,2,0,3799,1,,,,,,1,24,0,,3,3,2,1,1520,1,3,3,2,1,1330,1,2,1,2,0,950,0,ST-IK1,Normalstation Innere Medizin / Kardiologie,30,Innere Medizin und Kardiologie,10.0,22.0,06:00,14:00,450,,13:30,21:30,450,F,21:15,06:15,495,F|S,11,10,8,10,30,45,8,38.5,30,0.1,0,2.0.0,20261130
AZ-003,2026-12-14,plan,14,Montag,1,51,0,0,,Auszubildende_r_1_Ausbildungsjahr,Auszubildende,AUSZUBILDEND,1.0,38.5,9240,9240,8316,10164,5,2,2,0,0,0,nicht anrechenbar,0,0.0,-9240,22,20,2,2,0,3799,1,,,,,,0,,0,,3,3,2,1,1520,1,3,3,2,1,1330,1,2,1,2,0,950,0,ST-IK1,Normalstation Innere Medizin / Kardiologie,30,Innere Medizin und Kardiologie,10.0,22.0,06:00,14:00,450,,13:30,21:30,450,F,21:15,06:15,495,F|S,11,10,8,10,30,45,8,38.5,30,0.1,0,2.0.0,20261130
PH-001,2026-12-14,plan,14,Montag,1,51,0,0,,Pflegehilfskraft,Pflegehilfskraft,PFLEGEHILFE,0.75,28.88,6931,6931,6238,7624,5,2,2,0,0,1,Pflegehilfskraft,0,0.0,-1530,22,20,2,2,0,3799,1,,,,,,0,,0,,3,3,2,1,1520,1,3,3,2,1,1330,1,2,1,2,0,950,0,ST-IK1,Normalstation Innere Medizin / Kardiologie,30,Innere Medizin und Kardiologie,10.0,22.0,06:00,14:00,450,,13:30,21:30,450,F,21:15,06:15,495,F|S,11,10,8,10,30,45,8,38.5,30,0.1,0,2.0.0,20261130
PH-002,2026-12-14,plan,14,Montag,1,51,0,0,,Pflegehilfskraft,Pflegehilfskraft,PFLEGEHILFE,0.5,19.25,4620,4620,4158,5082,5,2,2,0,0,1,Pflegehilfskraft,0,0.0,597,22,20,2,2,0,3799,1,,,,,,0,,1,24,3,3,2,1,1520,1,3,3,2,1,1330,1,2,1,2,0,950,0,ST-IK1,Normalstation Innere Medizin / Kardiologie,30,Innere Medizin und Kardiologie,10.0,22.0,06:00,14:00,450,,13:30,21:30,450,F,21:15,06:15,495,F|S,11,10,8,10,30,45,8,38.5,30,0.1,0,2.0.0,20261130
PK-001,2026-12-14,plan,14,Montag,1,51,0,0,,Stationsleitung,Pflegefachkraft,EXAM|LEITUNG|PRAXISANLEITUNG,1.0,38.5,9240,4620,4158,5082,5,2,2,0,0,1,Pflegefachkraft,1,0.5,2130,22,20,2,2,0,3799,1,,,,,,0,,0,,3,3,2,1,1520,1,3,3,2,1,1330,1,2,1,2,0,950,0,ST-IK1,Normalstation Innere Medizin / Kardiologie,30,Innere Medizin und Kardiologie,10.0,22.0,06:00,14:00,450,,13:30,21:30,450,F,21:15,06:15,495,F|S,11,10,8,10,30,45,8,38.5,30,0.1,0,2.0.0,20261130
PK-002,2026-12-14,plan,14,Montag,1,51,0,0,,Pflegefachkraft,Pflegefachkraft,EXAM|PRAXISANLEITUNG|KARDIO_MONITORING,0.5,19.25,4620,4620,4158,5082,5,2,2,8,1,1,Pflegefachkraft,0,0.0,-885,22,20,2,2,0,3799,1,,,,,,0,,1,24,3,3,2,1,1520,1,3,3,2,1,1330,1,2,1,2,0,950,0,ST-IK1,Normalstation Innere Medizin / Kardiologie,30,Innere Medizin und Kardiologie,10.0,22.0,06:00,14:00,450,,13:30,21:30,450,F,21:15,06:15,495,F|S,11,10,8,10,30,45,8,38.5,30,0.1,0,2.0.0,20261130
PK-003,2026-12-14,plan,14,Montag,1,51,0,0,,Pflegefachkraft,Pflegefachkraft,EXAM,0.75,28.88,6931,6931,6238,7624,5,2,2,8,1,1,Pflegefachkraft,0,0.0,-1890,22,20,2,2,0,3799,1,,,,,,0,,0,,3,3,2,1,1520,1,3,3,2,1,1330,1,2,1,2,0,950,0,ST-IK1,Normalstation Innere Medizin / Kardiologie,30,Innere Medizin und Kardiologie,10.0,22.0,06:00,14:00,450,,13:30,21:30,450,F,21:15,06:15,495,F|S,11,10,8,10,30,45,8,38.5,30,0.1,0,2.0.0,20261130
PK-004,2026-12-14,plan,14,Montag,1,51,0,0,,Pflegefachkraft,Pflegefachkraft,EXAM,0.75,28.88,6931,6931,6238,7624,5,2,2,8,1,1,Pflegefachkraft,0,0.0,-1890,22,20,2,2,0,3799,1,,,,,,1,12,0,,3,3,2,1,1520,1,3,3,2,1,1330,1,2,1,2,0,950,0,ST-IK1,Normalstation Innere Medizin / Kardiologie,30,Innere Medizin und Kardiologie,10.0,22.0,06:00,14:00,450,,13:30,21:30,450,F,21:15,06:15,495,F|S,11,10,8,10,30,45,8,38.5,30,0.1,0,2.0.0,20261130
PK-005,2026-12-14,plan,14,Montag,1,51,0,0,,Pflegefachkraft,Pflegefachkraft,EXAM,0.6,23.1,5544,5544,4990,6098,5,2,2,8,1,1,Pflegefachkraft,0,0.0,-1449,22,20,2,2,0,3799,1,,,,,,0,,0,,3,3,2,1,1520,1,3,3,2,1,1330,1,2,1,2,0,950,0,ST-IK1,Normalstation Innere Medizin / Kardiologie,30,Innere Medizin und Kardiologie,10.0,22.0,06:00,14:00,450,,13:30,21:30,450,F,21:15,06:15,495,F|S,11,10,8,10,30,45,8,38.5,30,0.1,0,2.0.0,20261130
PK-006,2026-12-14,plan,14,Montag,1,51,0,0,,Pflegefachkraft,Pflegefachkraft,EXAM,1.0,38.5,9240,9240,8316,10164,5,2,2,8,1,1,Pflegefachkraft,0,0.0,-2670,22,20,2,2,0,3799,1,,,,,,0,,0,,3,3,2,1,1520,1,3,3,2,1,1330,1,2,1,2,0,950,0,ST-IK1,Normalstation Innere Medizin / Kardiologie,30,Innere Medizin und Kardiologie,10.0,22.0,06:00,14:00,450,,13:30,21:30,450,F,21:15,06:15,495,F|S,11,10,8,10,30,45,8,38.5,30,0.1,0,2.0.0,20261130
PK-007,2026-12-14,plan,14,Montag,1,51,0,0,,Pflegefachkraft,Pflegefachkraft,EXAM|PRAXISANLEITUNG,1.0,38.5,9240,9240,8316,10164,5,2,2,8,1,1,Pflegefachkraft,0,0.0,-2175,22,20,2,2,0,3799,1,,,,,,0,,1,24,3,3,2,1,1520,1,3,3,2,1,1330,1,2,1,2,0,950,0,ST-IK1,Normalstation Innere Medizin / Kardiologie,30,Innere Medizin und Kardiologie,10.0,22.0,06:00,14:00,450,,13:30,21:30,450,F,21:15,06:15,495,F|S,11,10,8,10,30,45,8,38.5,30,0.1,0,2.0.0,20261130
PK-008,2026-12-14,plan,14,Montag,1,51,0,0,,Pflegefachkraft,Pflegefachkraft,EXAM,0.6,23.1,5544,5544,4990,6098,5,2,2,8,1,1,Pflegefachkraft,0,0.0,-1449,22,20,2,2,0,3799,0,URLAUB,,,,,0,,0,,3,3,2,1,1520,1,3,3,2,1,1330,1,2,1,2,0,950,0,ST-IK1,Normalstation Innere Medizin / Kardiologie,30,Innere Medizin und Kardiologie,10.0,22.0,06:00,14:00,450,,13:30,21:30,450,F,21:15,06:15,495,F|S,11,10,8,10,30,45,8,38.5,30,0.1,0,2.0.0,20261130
PK-009,2026-12-14,plan,14,Montag,1,51,0,0,,Pflegefachkraft,Pflegefachkraft,EXAM,1.0,38.5,9240,9240,8316,10164,5,2,2,8,1,1,Pflegefachkraft,0,0.0,-2445,22,20,2,2,0,3799,1,,,,,,0,,0,,3,3,2,1,1520,1,3,3,2,1,1330,1,2,1,2,0,950,0,ST-IK1,Normalstation Innere Medizin / Kardiologie,30,Innere Medizin und Kardiologie,10.0,22.0,06:00,14:00,450,,13:30,21:30,450,F,21:15,06:15,495,F|S,11,10,8,10,30,45,8,38.5,30,0.1,0,2.0.0,20261130
PK-010,2026-12-14,plan,14,Montag,1,51,0,0,,Pflegefachkraft,Pflegefachkraft,EXAM,0.8,30.8,7392,7392,6653,8131,5,2,2,8,1,1,Pflegefachkraft,0,0.0,-1947,22,20,2,2,0,3799,1,,,,,,0,,0,,3,3,2,1,1520,1,3,3,2,1,1330,1,2,1,2,0,950,0,ST-IK1,Normalstation Innere Medizin / Kardiologie,30,Innere Medizin und Kardiologie,10.0,22.0,06:00,14:00,450,,13:30,21:30,450,F,21:15,06:15,495,F|S,11,10,8,10,30,45,8,38.5,30,0.1,0,2.0.0,20261130
PK-011,2026-12-14,plan,14,Montag,1,51,0,0,,Pflegefachkraft,Pflegefachkraft,EXAM|PRAXISANLEITUNG|KARDIO_MONITORING,1.0,38.5,9240,9240,8316,10164,5,2,2,8,1,1,Pflegefachkraft,0,0.0,-2445,22,20,2,2,0,3799,1,,,,,,0,,0,,3,3,2,1,1520,1,3,3,2,1,1330,1,2,1,2,0,950,0,ST-IK1,Normalstation Innere Medizin / Kardiologie,30,Innere Medizin und Kardiologie,10.0,22.0,06:00,14:00,450,,13:30,21:30,450,F,21:15,06:15,495,F|S,11,10,8,10,30,45,8,38.5,30,0.1,0,2.0.0,20261130
PK-012,2026-12-14,plan,14,Montag,1,51,0,0,,Pflegefachkraft,Pflegefachkraft,EXAM,1.0,38.5,9240,9240,8316,10164,5,2,2,8,1,1,Pflegefachkraft,0,0.0,1104,22,20,2,2,0,3799,1,,,,,,0,,0,,3,3,2,1,1520,1,3,3,2,1,1330,1,2,1,2,0,950,0,ST-IK1,Normalstation Innere Medizin / Kardiologie,30,Innere Medizin und Kardiologie,10.0,22.0,06:00,14:00,450,,13:30,21:30,450,F,21:15,06:15,495,F|S,11,10,8,10,30,45,8,38.5,30,0.1,0,2.0.0,20261130
PK-013,2026-12-14,plan,14,Montag,1,51,0,0,,Pflegefachkraft,Pflegefachkraft,EXAM|PRAXISANLEITUNG|KARDIO_MONITORING,1.0,38.5,9240,9240,8316,10164,5,2,2,8,1,1,Pflegefachkraft,0,0.0,1104,22,20,2,2,0,3799,1,,,,,,0,,0,,3,3,2,1,1520,1,3,3,2,1,1330,1,2,1,2,0,950,0,ST-IK1,Normalstation Innere Medizin / Kardiologie,30,Innere Medizin und Kardiologie,10.0,22.0,06:00,14:00,450,,13:30,21:30,450,F,21:15,06:15,495,F|S,11,10,8,10,30,45,8,38.5,30,0.1,0,2.0.0,20261130
PK-014,2026-12-14,plan,14,Montag,1,51,0,0,,Pflegefachkraft,Pflegefachkraft,EXAM|PRAXISANLEITUNG,0.9,34.65,8316,8316,7484,9148,5,2,2,8,1,1,Pflegefachkraft,0,0.0,-1926,22,20,2,2,0,3799,1,,,,,,0,,0,,3,3,2,1,1520,1,3,3,2,1,1330,1,2,1,2,0,950,0,ST-IK1,Normalstation Innere Medizin / Kardiologie,30,Innere Medizin und Kardiologie,10.0,22.0,06:00,14:00,450,,13:30,21:30,450,F,21:15,06:15,495,F|S,11,10,8,10,30,45,8,38.5,30,0.1,0,2.0.0,20261130
PK-015,2026-12-14,plan,14,Montag,1,51,0,0,,Pflegefachkraft,Pflegefachkraft,EXAM|KARDIO_MONITORING,1.0,38.5,9240,9240,8316,10164,5,2,2,8,1,1,Pflegefachkraft,0,0.0,-2355,22,20,2,2,0,3799,1,,,,,,0,,0,,3,3,2,1,1520,1,3,3,2,1,1330,1,2,1,2,0,950,0,ST-IK1,Normalstation Innere Medizin / Kardiologie,30,Innere Medizin und Kardiologie,10.0,22.0,06:00,14:00,450,,13:30,21:30,450,F,21:15,06:15,495,F|S,11,10,8,10,30,45,8,38.5,30,0.1,0,2.0.0,20261130
PK-016,2026-12-14,plan,14,Montag,1,51,0,0,,Pflegefachkraft,Pflegefachkraft,EXAM|KARDIO_MONITORING,1.0,38.5,9240,9240,8316,10164,5,2,2,8,1,1,Pflegefachkraft,0,0.0,-2625,22,20,2,2,0,3799,1,,,,,,0,,0,,3,3,2,1,1520,1,3,3,2,1,1330,1,2,1,2,0,950,0,ST-IK1,Normalstation Innere Medizin / Kardiologie,30,Innere Medizin und Kardiologie,10.0,22.0,06:00,14:00,450,,13:30,21:30,450,F,21:15,06:15,495,F|S,11,10,8,10,30,45,8,38.5,30,0.1,0,2.0.0,20261130
PK-017,2026-12-14,plan,14,Montag,1,51,0,0,,Pflegefachkraft,Pflegefachkraft,EXAM,0.5,19.25,4620,4620,4158,5082,5,2,2,8,1,1,Pflegefachkraft,0,0.0,-885,22,20,2,2,0,3799,0,LANGZEITABWESENHEIT,,,,,0,,0,,3,3,2,1,1520,1,3,3,2,1,1330,1,2,1,2,0,950,0,ST-IK1,Normalstation Innere Medizin / Kardiologie,30,Innere Medizin und Kardiologie,10.0,22.0,06:00,14:00,450,,13:30,21:30,450,F,21:15,06:15,495,F|S,11,10,8,10,30,45,8,38.5,30,0.1,0,2.0.0,20261130
AZ-001,2026-12-15,plan,15,Dienstag,2,51,0,0,,Auszubildende_r_3_Ausbildungsjahr,Auszubildende,AUSZUBILDEND,1.0,38.5,9240,9240,8316,10164,5,2,2,8,1,0,nicht anrechenbar,0,0.0,-9240,24,23,2,5,0,4319,1,,,,,,0,,1,24,4,3,3,1,1728,1,3,3,2,1,1512,1,2,2,2,0,1080,0,ST-IK1,Normalstation Innere Medizin / Kardiologie,30,Innere Medizin und Kardiologie,10.0,22.0,06:00,14:00,450,,13:30,21:30,450,F,21:15,06:15,495,F|S,11,10,8,10,30,45,8,38.5,30,0.1,0,2.0.0,20261130
AZ-002,2026-12-15,plan,15,Dienstag,2,51,0,0,,Auszubildende_r_2_Ausbildungsjahr,Auszubildende,AUSZUBILDEND,1.0,38.5,9240,9240,8316,10164,5,2,2,8,1,0,nicht anrechenbar,0,0.0,-9240,24,23,2,5,0,4319,1,,,,,,0,,0,,4,3,3,1,1728,1,3,3,2,1,1512,1,2,2,2,0,1080,0,ST-IK1,Normalstation Innere Medizin / Kardiologie,30,Innere Medizin und Kardiologie,10.0,22.0,06:00,14:00,450,,13:30,21:30,450,F,21:15,06:15,495,F|S,11,10,8,10,30,45,8,38.5,30,0.1,0,2.0.0,20261130
AZ-003,2026-12-15,plan,15,Dienstag,2,51,0,0,,Auszubildende_r_1_Ausbildungsjahr,Auszubildende,AUSZUBILDEND,1.0,38.5,9240,9240,8316,10164,5,2,2,0,0,0,nicht anrechenbar,0,0.0,-9240,24,23,2,5,0,4319,1,,,,,,0,,0,,4,3,3,1,1728,1,3,3,2,1,1512,1,2,2,2,0,1080,0,ST-IK1,Normalstation Innere Medizin / Kardiologie,30,Innere Medizin und Kardiologie,10.0,22.0,06:00,14:00,450,,13:30,21:30,450,F,21:15,06:15,495,F|S,11,10,8,10,30,45,8,38.5,30,0.1,0,2.0.0,20261130
PH-001,2026-12-15,plan,15,Dienstag,2,51,0,0,,Pflegehilfskraft,Pflegehilfskraft,PFLEGEHILFE,0.75,28.88,6931,6931,6238,7624,5,2,2,0,0,1,Pflegehilfskraft,0,0.0,-1530,24,23,2,5,0,4319,1,,,,,,1,8,0,,4,3,3,1,1728,1,3,3,2,1,1512,1,2,2,2,0,1080,0,ST-IK1,Normalstation Innere Medizin / Kardiologie,30,Innere Medizin und Kardiologie,10.0,22.0,06:00,14:00,450,,13:30,21:30,450,F,21:15,06:15,495,F|S,11,10,8,10,30,45,8,38.5,30,0.1,0,2.0.0,20261130
PH-002,2026-12-15,plan,15,Dienstag,2,51,0,0,,Pflegehilfskraft,Pflegehilfskraft,PFLEGEHILFE,0.5,19.25,4620,4620,4158,5082,5,2,2,0,0,1,Pflegehilfskraft,0,0.0,597,24,23,2,5,0,4319,0,URLAUB,,,,,0,,0,,4,3,3,1,1728,1,3,3,2,1,1512,1,2,2,2,0,1080,0,ST-IK1,Normalstation Innere Medizin / Kardiologie,30,Innere Medizin und Kardiologie,10.0,22.0,06:00,14:00,450,,13:30,21:30,450,F,21:15,06:15,495,F|S,11,10,8,10,30,45,8,38.5,30,0.1,0,2.0.0,20261130
PK-001,2026-12-15,plan,15,Dienstag,2,51,0,0,,Stationsleitung,Pflegefachkraft,EXAM|LEITUNG|PRAXISANLEITUNG,1.0,38.5,9240,4620,4158,5082,5,2,2,0,0,1,Pflegefachkraft,1,0.5,2130,24,23,2,5,0,4319,1,,,,,,0,,0,,4,3,3,1,1728,1,3,3,2,1,1512,1,2,2,2,0,1080,0,ST-IK1,Normalstation Innere Medizin / Kardiologie,30,Innere Medizin und Kardiologie,10.0,22.0,06:00,14:00,450,,13:30,21:30,450,F,21:15,06:15,495,F|S,11,10,8,10,30,45,8,38.5,30,0.1,0,2.0.0,20261130
PK-002,2026-12-15,plan,15,Dienstag,2,51,0,0,,Pflegefachkraft,Pflegefachkraft,EXAM|PRAXISANLEITUNG|KARDIO_MONITORING,0.5,19.25,4620,4620,4158,5082,5,2,2,8,1,1,Pflegefachkraft,0,0.0,-885,24,23,2,5,0,4319,1,,,,,,0,,1,24,4,3,3,1,1728,1,3,3,2,1,1512,1,2,2,2,0,1080,0,ST-IK1,Normalstation Innere Medizin / Kardiologie,30,Innere Medizin und Kardiologie,10.0,22.0,06:00,14:00,450,,13:30,21:30,450,F,21:15,06:15,495,F|S,11,10,8,10,30,45,8,38.5,30,0.1,0,2.0.0,20261130
PK-003,2026-12-15,plan,15,Dienstag,2,51,0,0,,Pflegefachkraft,Pflegefachkraft,EXAM,0.75,28.88,6931,6931,6238,7624,5,2,2,8,1,1,Pflegefachkraft,0,0.0,-1890,24,23,2,5,0,4319,1,,,,,,0,,0,,4,3,3,1,1728,1,3,3,2,1,1512,1,2,2,2,0,1080,0,ST-IK1,Normalstation Innere Medizin / Kardiologie,30,Innere Medizin und Kardiologie,10.0,22.0,06:00,14:00,450,,13:30,21:30,450,F,21:15,06:15,495,F|S,11,10,8,10,30,45,8,38.5,30,0.1,0,2.0.0,20261130
PK-004,2026-12-15,plan,15,Dienstag,2,51,0,0,,Pflegefachkraft,Pflegefachkraft,EXAM,0.75,28.88,6931,6931,6238,7624,5,2,2,8,1,1,Pflegefachkraft,0,0.0,-1890,24,23,2,5,0,4319,1,,,,,,0,,0,,4,3,3,1,1728,1,3,3,2,1,1512,1,2,2,2,0,1080,0,ST-IK1,Normalstation Innere Medizin / Kardiologie,30,Innere Medizin und Kardiologie,10.0,22.0,06:00,14:00,450,,13:30,21:30,450,F,21:15,06:15,495,F|S,11,10,8,10,30,45,8,38.5,30,0.1,0,2.0.0,20261130
PK-005,2026-12-15,plan,15,Dienstag,2,51,0,0,,Pflegefachkraft,Pflegefachkraft,EXAM,0.6,23.1,5544,5544,4990,6098,5,2,2,8,1,1,Pflegefachkraft,0,0.0,-1449,24,23,2,5,0,4319,1,,,,,,0,,0,,4,3,3,1,1728,1,3,3,2,1,1512,1,2,2,2,0,1080,0,ST-IK1,Normalstation Innere Medizin / Kardiologie,30,Innere Medizin und Kardiologie,10.0,22.0,06:00,14:00,450,,13:30,21:30,450,F,21:15,06:15,495,F|S,11,10,8,10,30,45,8,38.5,30,0.1,0,2.0.0,20261130
PK-006,2026-12-15,plan,15,Dienstag,2,51,0,0,,Pflegefachkraft,Pflegefachkraft,EXAM,1.0,38.5,9240,9240,8316,10164,5,2,2,8,1,1,Pflegefachkraft,0,0.0,-2670,24,23,2,5,0,4319,1,,,,,,0,,0,,4,3,3,1,1728,1,3,3,2,1,1512,1,2,2,2,0,1080,0,ST-IK1,Normalstation Innere Medizin / Kardiologie,30,Innere Medizin und Kardiologie,10.0,22.0,06:00,14:00,450,,13:30,21:30,450,F,21:15,06:15,495,F|S,11,10,8,10,30,45,8,38.5,30,0.1,0,2.0.0,20261130
PK-007,2026-12-15,plan,15,Dienstag,2,51,0,0,,Pflegefachkraft,Pflegefachkraft,EXAM|PRAXISANLEITUNG,1.0,38.5,9240,9240,8316,10164,5,2,2,8,1,1,Pflegefachkraft,0,0.0,-2175,24,23,2,5,0,4319,1,,,,,,0,,1,24,4,3,3,1,1728,1,3,3,2,1,1512,1,2,2,2,0,1080,0,ST-IK1,Normalstation Innere Medizin / Kardiologie,30,Innere Medizin und Kardiologie,10.0,22.0,06:00,14:00,450,,13:30,21:30,450,F,21:15,06:15,495,F|S,11,10,8,10,30,45,8,38.5,30,0.1,0,2.0.0,20261130
PK-008,2026-12-15,plan,15,Dienstag,2,51,0,0,,Pflegefachkraft,Pflegefachkraft,EXAM,0.6,23.1,5544,5544,4990,6098,5,2,2,8,1,1,Pflegefachkraft,0,0.0,-1449,24,23,2,5,0,4319,0,URLAUB,,,,,0,,0,,4,3,3,1,1728,1,3,3,2,1,1512,1,2,2,2,0,1080,0,ST-IK1,Normalstation Innere Medizin / Kardiologie,30,Innere Medizin und Kardiologie,10.0,22.0,06:00,14:00,450,,13:30,21:30,450,F,21:15,06:15,495,F|S,11,10,8,10,30,45,8,38.5,30,0.1,0,2.0.0,20261130
PK-009,2026-12-15,plan,15,Dienstag,2,51,0,0,,Pflegefachkraft,Pflegefachkraft,EXAM,1.0,38.5,9240,9240,8316,10164,5,2,2,8,1,1,Pflegefachkraft,0,0.0,-2445,24,23,2,5,0,4319,1,,,,,,0,,0,,4,3,3,1,1728,1,3,3,2,1,1512,1,2,2,2,0,1080,0,ST-IK1,Normalstation Innere Medizin / Kardiologie,30,Innere Medizin und Kardiologie,10.0,22.0,06:00,14:00,450,,13:30,21:30,450,F,21:15,06:15,495,F|S,11,10,8,10,30,45,8,38.5,30,0.1,0,2.0.0,20261130
PK-010,2026-12-15,plan,15,Dienstag,2,51,0,0,,Pflegefachkraft,Pflegefachkraft,EXAM,0.8,30.8,7392,7392,6653,8131,5,2,2,8,1,1,Pflegefachkraft,0,0.0,-1947,24,23,2,5,0,4319,1,,,,,,0,,0,,4,3,3,1,1728,1,3,3,2,1,1512,1,2,2,2,0,1080,0,ST-IK1,Normalstation Innere Medizin / Kardiologie,30,Innere Medizin und Kardiologie,10.0,22.0,06:00,14:00,450,,13:30,21:30,450,F,21:15,06:15,495,F|S,11,10,8,10,30,45,8,38.5,30,0.1,0,2.0.0,20261130
PK-011,2026-12-15,plan,15,Dienstag,2,51,0,0,,Pflegefachkraft,Pflegefachkraft,EXAM|PRAXISANLEITUNG|KARDIO_MONITORING,1.0,38.5,9240,9240,8316,10164,5,2,2,8,1,1,Pflegefachkraft,0,0.0,-2445,24,23,2,5,0,4319,1,,,,,,0,,0,,4,3,3,1,1728,1,3,3,2,1,1512,1,2,2,2,0,1080,0,ST-IK1,Normalstation Innere Medizin / Kardiologie,30,Innere Medizin und Kardiologie,10.0,22.0,06:00,14:00,450,,13:30,21:30,450,F,21:15,06:15,495,F|S,11,10,8,10,30,45,8,38.5,30,0.1,0,2.0.0,20261130
PK-012,2026-12-15,plan,15,Dienstag,2,51,0,0,,Pflegefachkraft,Pflegefachkraft,EXAM,1.0,38.5,9240,9240,8316,10164,5,2,2,8,1,1,Pflegefachkraft,0,0.0,1104,24,23,2,5,0,4319,1,,3,,,,0,,0,,4,3,3,1,1728,1,3,3,2,1,1512,1,2,2,2,0,1080,0,ST-IK1,Normalstation Innere Medizin / Kardiologie,30,Innere Medizin und Kardiologie,10.0,22.0,06:00,14:00,450,,13:30,21:30,450,F,21:15,06:15,495,F|S,11,10,8,10,30,45,8,38.5,30,0.1,0,2.0.0,20261130
PK-013,2026-12-15,plan,15,Dienstag,2,51,0,0,,Pflegefachkraft,Pflegefachkraft,EXAM|PRAXISANLEITUNG|KARDIO_MONITORING,1.0,38.5,9240,9240,8316,10164,5,2,2,8,1,1,Pflegefachkraft,0,0.0,1104,24,23,2,5,0,4319,1,,,,,,0,,0,,4,3,3,1,1728,1,3,3,2,1,1512,1,2,2,2,0,1080,0,ST-IK1,Normalstation Innere Medizin / Kardiologie,30,Innere Medizin und Kardiologie,10.0,22.0,06:00,14:00,450,,13:30,21:30,450,F,21:15,06:15,495,F|S,11,10,8,10,30,45,8,38.5,30,0.1,0,2.0.0,20261130
PK-014,2026-12-15,plan,15,Dienstag,2,51,0,0,,Pflegefachkraft,Pflegefachkraft,EXAM|PRAXISANLEITUNG,0.9,34.65,8316,8316,7484,9148,5,2,2,8,1,1,Pflegefachkraft,0,0.0,-1926,24,23,2,5,0,4319,1,,,,,,0,,0,,4,3,3,1,1728,1,3,3,2,1,1512,1,2,2,2,0,1080,0,ST-IK1,Normalstation Innere Medizin / Kardiologie,30,Innere Medizin und Kardiologie,10.0,22.0,06:00,14:00,450,,13:30,21:30,450,F,21:15,06:15,495,F|S,11,10,8,10,30,45,8,38.5,30,0.1,0,2.0.0,20261130
PK-015,2026-12-15,plan,15,Dienstag,2,51,0,0,,Pflegefachkraft,Pflegefachkraft,EXAM|KARDIO_MONITORING,1.0,38.5,9240,9240,8316,10164,5,2,2,8,1,1,Pflegefachkraft,0,0.0,-2355,24,23,2,5,0,4319,1,,1,,,,1,8,0,,4,3,3,1,1728,1,3,3,2,1,1512,1,2,2,2,0,1080,0,ST-IK1,Normalstation Innere Medizin / Kardiologie,30,Innere Medizin und Kardiologie,10.0,22.0,06:00,14:00,450,,13:30,21:30,450,F,21:15,06:15,495,F|S,11,10,8,10,30,45,8,38.5,30,0.1,0,2.0.0,20261130
PK-016,2026-12-15,plan,15,Dienstag,2,51,0,0,,Pflegefachkraft,Pflegefachkraft,EXAM|KARDIO_MONITORING,1.0,38.5,9240,9240,8316,10164,5,2,2,8,1,1,Pflegefachkraft,0,0.0,-2625,24,23,2,5,0,4319,1,,,,,,0,,0,,4,3,3,1,1728,1,3,3,2,1,1512,1,2,2,2,0,1080,0,ST-IK1,Normalstation Innere Medizin / Kardiologie,30,Innere Medizin und Kardiologie,10.0,22.0,06:00,14:00,450,,13:30,21:30,450,F,21:15,06:15,495,F|S,11,10,8,10,30,45,8,38.5,30,0.1,0,2.0.0,20261130
PK-017,2026-12-15,plan,15,Dienstag,2,51,0,0,,Pflegefachkraft,Pflegefachkraft,EXAM,0.5,19.25,4620,4620,4158,5082,5,2,2,8,1,1,Pflegefachkraft,0,0.0,-885,24,23,2,5,0,4319,0,LANGZEITABWESENHEIT,,,,,0,,0,,4,3,3,1,1728,1,3,3,2,1,1512,1,2,2,2,0,1080,0,ST-IK1,Normalstation Innere Medizin / Kardiologie,30,Innere Medizin und Kardiologie,10.0,22.0,06:00,14:00,450,,13:30,21:30,450,F,21:15,06:15,495,F|S,11,10,8,10,30,45,8,38.5,30,0.1,0,2.0.0,20261130
AZ-001,2026-12-16,plan,16,Mittwoch,3,51,0,0,,Auszubildende_r_3_Ausbildungsjahr,Auszubildende,AUSZUBILDEND,1.0,38.5,9240,9240,8316,10164,5,2,2,8,1,0,nicht anrechenbar,0,0.0,-9240,24,24,6,2,0,4440,1,,,,,,0,,1,24,4,3,3,1,1776,1,3,3,2,1,1554,1,2,2,2,0,1110,0,ST-IK1,Normalstation Innere Medizin / Kardiologie,30,Innere Medizin und Kardiologie,10.0,22.0,06:00,14:00,450,,13:30,21:30,450,F,21:15,06:15,495,F|S,11,10,8,10,30,45,8,38.5,30,0.1,0,2.0.0,20261130
AZ-002,2026-12-16,plan,16,Mittwoch,3,51,0,0,,Auszubildende_r_2_Ausbildungsjahr,Auszubildende,AUSZUBILDEND,1.0,38.5,9240,9240,8316,10164,5,2,2,8,1,0,nicht anrechenbar,0,0.0,-9240,24,24,6,2,0,4440,1,,,,,,0,,0,,4,3,3,1,1776,1,3,3,2,1,1554,1,2,2,2,0,1110,0,ST-IK1,Normalstation Innere Medizin / Kardiologie,30,Innere Medizin und Kardiologie,10.0,22.0,06:00,14:00,450,,13:30,21:30,450,F,21:15,06:15,495,F|S,11,10,8,10,30,45,8,38.5,30,0.1,0,2.0.0,20261130
AZ-003,2026-12-16,plan,16,Mittwoch,3,51,0,0,,Auszubildende_r_1_Ausbildungsjahr,Auszubildende,AUSZUBILDEND,1.0,38.5,9240,9240,8316,10164,5,2,2,0,0,0,nicht anrechenbar,0,0.0,-9240,24,24,6,2,0,4440,1,,,,,,0,,0,,4,3,3,1,1776,1,3,3,2,1,1554,1,2,2,2,0,1110,0,ST-IK1,Normalstation Innere Medizin / Kardiologie,30,Innere Medizin und Kardiologie,10.0,22.0,06:00,14:00,450,,13:30,21:30,450,F,21:15,06:15,495,F|S,11,10,8,10,30,45,8,38.5,30,0.1,0,2.0.0,20261130
PH-001,2026-12-16,plan,16,Mittwoch,3,51,0,0,,Pflegehilfskraft,Pflegehilfskraft,PFLEGEHILFE,0.75,28.88,6931,6931,6238,7624,5,2,2,0,0,1,Pflegehilfskraft,0,0.0,-1530,24,24,6,2,0,4440,1,,,S,1,,0,,0,,4,3,3,1,1776,1,3,3,2,1,1554,1,2,2,2,0,1110,0,ST-IK1,Normalstation Innere Medizin / Kardiologie,30,Innere Medizin und Kardiologie,10.0,22.0,06:00,14:00,450,,13:30,21:30,450,F,21:15,06:15,495,F|S,11,10,8,10,30,45,8,38.5,30,0.1,0,2.0.0,20261130
PH-002,2026-12-16,plan,16,Mittwoch,3,51,0,0,,Pflegehilfskraft,Pflegehilfskraft,PFLEGEHILFE,0.5,19.25,4620,4620,4158,5082,5,2,2,0,0,1,Pflegehilfskraft,0,0.0,597,24,24,6,2,0,4440,0,URLAUB,,,,,0,,0,,4,3,3,1,1776,1,3,3,2,1,1554,1,2,2,2,0,1110,0,ST-IK1,Normalstation Innere Medizin / Kardiologie,30,Innere Medizin und Kardiologie,10.0,22.0,06:00,14:00,450,,13:30,21:30,450,F,21:15,06:15,495,F|S,11,10,8,10,30,45,8,38.5,30,0.1,0,2.0.0,20261130
PK-001,2026-12-16,plan,16,Mittwoch,3,51,0,0,,Stationsleitung,Pflegefachkraft,EXAM|LEITUNG|PRAXISANLEITUNG,1.0,38.5,9240,4620,4158,5082,5,2,2,0,0,1,Pflegefachkraft,1,0.5,2130,24,24,6,2,0,4440,1,,,,,,0,,0,,4,3,3,1,1776,1,3,3,2,1,1554,1,2,2,2,0,1110,0,ST-IK1,Normalstation Innere Medizin / Kardiologie,30,Innere Medizin und Kardiologie,10.0,22.0,06:00,14:00,450,,13:30,21:30,450,F,21:15,06:15,495,F|S,11,10,8,10,30,45,8,38.5,30,0.1,0,2.0.0,20261130
PK-002,2026-12-16,plan,16,Mittwoch,3,51,0,0,,Pflegefachkraft,Pflegefachkraft,EXAM|PRAXISANLEITUNG|KARDIO_MONITORING,0.5,19.25,4620,4620,4158,5082,5,2,2,8,1,1,Pflegefachkraft,0,0.0,-885,24,24,6,2,0,4440,1,,,,,,0,,1,24,4,3,3,1,1776,1,3,3,2,1,1554,1,2,2,2,0,1110,0,ST-IK1,Normalstation Innere Medizin / Kardiologie,30,Innere Medizin und Kardiologie,10.0,22.0,06:00,14:00,450,,13:30,21:30,450,F,21:15,06:15,495,F|S,11,10,8,10,30,45,8,38.5,30,0.1,0,2.0.0,20261130
PK-003,2026-12-16,plan,16,Mittwoch,3,51,0,0,,Pflegefachkraft,Pflegefachkraft,EXAM,0.75,28.88,6931,6931,6238,7624,5,2,2,8,1,1,Pflegefachkraft,0,0.0,-1890,24,24,6,2,0,4440,1,,,,,,1,24,0,,4,3,3,1,1776,1,3,3,2,1,1554,1,2,2,2,0,1110,0,ST-IK1,Normalstation Innere Medizin / Kardiologie,30,Innere Medizin und Kardiologie,10.0,22.0,06:00,14:00,450,,13:30,21:30,450,F,21:15,06:15,495,F|S,11,10,8,10,30,45,8,38.5,30,0.1,0,2.0.0,20261130
PK-004,2026-12-16,plan,16,Mittwoch,3,51,0,0,,Pflegefachkraft,Pflegefachkraft,EXAM,0.75,28.88,6931,6931,6238,7624,5,2,2,8,1,1,Pflegefachkraft,0,0.0,-1890,24,24,6,2,0,4440,1,,,,,,0,,0,,4,3,3,1,1776,1,3,3,2,1,1554,1,2,2,2,0,1110,0,ST-IK1,Normalstation Innere Medizin / Kardiologie,30,Innere Medizin und Kardiologie,10.0,22.0,06:00,14:00,450,,13:30,21:30,450,F,21:15,06:15,495,F|S,11,10,8,10,30,45,8,38.5,30,0.1,0,2.0.0,20261130
PK-005,2026-12-16,plan,16,Mittwoch,3,51,0,0,,Pflegefachkraft,Pflegefachkraft,EXAM,0.6,23.1,5544,5544,4990,6098,5,2,2,8,1,1,Pflegefachkraft,0,0.0,-1449,24,24,6,2,0,4440,1,,2,,,,0,,0,,4,3,3,1,1776,1,3,3,2,1,1554,1,2,2,2,0,1110,0,ST-IK1,Normalstation Innere Medizin / Kardiologie,30,Innere Medizin und Kardiologie,10.0,22.0,06:00,14:00,450,,13:30,21:30,450,F,21:15,06:15,495,F|S,11,10,8,10,30,45,8,38.5,30,0.1,0,2.0.0,20261130
PK-006,2026-12-16,plan,16,Mittwoch,3,51,0,0,,Pflegefachkraft,Pflegefachkraft,EXAM,1.0,38.5,9240,9240,8316,10164,5,2,2,8,1,1,Pflegefachkraft,0,0.0,-2670,24,24,6,2,0,4440,1,,,,,,0,,0,,4,3,3,1,1776,1,3,3,2,1,1554,1,2,2,2,0,1110,0,ST-IK1,Normalstation Innere Medizin / Kardiologie,30,Innere Medizin und Kardiologie,10.0,22.0,06:00,14:00,450,,13:30,21:30,450,F,21:15,06:15,495,F|S,11,10,8,10,30,45,8,38.5,30,0.1,0,2.0.0,20261130
PK-007,2026-12-16,plan,16,Mittwoch,3,51,0,0,,Pflegefachkraft,Pflegefachkraft,EXAM|PRAXISANLEITUNG,1.0,38.5,9240,9240,8316,10164,5,2,2,8,1,1,Pflegefachkraft,0,0.0,-2175,24,24,6,2,0,4440,1,,,,,,1,2,0,,4,3,3,1,1776,1,3,3,2,1,1554,1,2,2,2,0,1110,0,ST-IK1,Normalstation Innere Medizin / Kardiologie,30,Innere Medizin und Kardiologie,10.0,22.0,06:00,14:00,450,,13:30,21:30,450,F,21:15,06:15,495,F|S,11,10,8,10,30,45,8,38.5,30,0.1,0,2.0.0,20261130
PK-008,2026-12-16,plan,16,Mittwoch,3,51,0,0,,Pflegefachkraft,Pflegefachkraft,EXAM,0.6,23.1,5544,5544,4990,6098,5,2,2,8,1,1,Pflegefachkraft,0,0.0,-1449,24,24,6,2,0,4440,0,URLAUB,,,,,0,,0,,4,3,3,1,1776,1,3,3,2,1,1554,1,2,2,2,0,1110,0,ST-IK1,Normalstation Innere Medizin / Kardiologie,30,Innere Medizin und Kardiologie,10.0,22.0,06:00,14:00,450,,13:30,21:30,450,F,21:15,06:15,495,F|S,11,10,8,10,30,45,8,38.5,30,0.1,0,2.0.0,20261130
PK-009,2026-12-16,plan,16,Mittwoch,3,51,0,0,,Pflegefachkraft,Pflegefachkraft,EXAM,1.0,38.5,9240,9240,8316,10164,5,2,2,8,1,1,Pflegefachkraft,0,0.0,-2445,24,24,6,2,0,4440,1,,,,,,0,,0,,4,3,3,1,1776,1,3,3,2,1,1554,1,2,2,2,0,1110,0,ST-IK1,Normalstation Innere Medizin / Kardiologie,30,Innere Medizin und Kardiologie,10.0,22.0,06:00,14:00,450,,13:30,21:30,450,F,21:15,06:15,495,F|S,11,10,8,10,30,45,8,38.5,30,0.1,0,2.0.0,20261130
PK-010,2026-12-16,plan,16,Mittwoch,3,51,0,0,,Pflegefachkraft,Pflegefachkraft,EXAM,0.8,30.8,7392,7392,6653,8131,5,2,2,8,1,1,Pflegefachkraft,0,0.0,-1947,24,24,6,2,0,4440,1,,2,,,,0,,0,,4,3,3,1,1776,1,3,3,2,1,1554,1,2,2,2,0,1110,0,ST-IK1,Normalstation Innere Medizin / Kardiologie,30,Innere Medizin und Kardiologie,10.0,22.0,06:00,14:00,450,,13:30,21:30,450,F,21:15,06:15,495,F|S,11,10,8,10,30,45,8,38.5,30,0.1,0,2.0.0,20261130
PK-011,2026-12-16,plan,16,Mittwoch,3,51,0,0,,Pflegefachkraft,Pflegefachkraft,EXAM|PRAXISANLEITUNG|KARDIO_MONITORING,1.0,38.5,9240,9240,8316,10164,5,2,2,8,1,1,Pflegefachkraft,0,0.0,-2445,24,24,6,2,0,4440,1,,,,,,0,,0,,4,3,3,1,1776,1,3,3,2,1,1554,1,2,2,2,0,1110,0,ST-IK1,Normalstation Innere Medizin / Kardiologie,30,Innere Medizin und Kardiologie,10.0,22.0,06:00,14:00,450,,13:30,21:30,450,F,21:15,06:15,495,F|S,11,10,8,10,30,45,8,38.5,30,0.1,0,2.0.0,20261130
PK-012,2026-12-16,plan,16,Mittwoch,3,51,0,0,,Pflegefachkraft,Pflegefachkraft,EXAM,1.0,38.5,9240,9240,8316,10164,5,2,2,8,1,1,Pflegefachkraft,0,0.0,1104,24,24,6,2,0,4440,1,,3,,,,0,,0,,4,3,3,1,1776,1,3,3,2,1,1554,1,2,2,2,0,1110,0,ST-IK1,Normalstation Innere Medizin / Kardiologie,30,Innere Medizin und Kardiologie,10.0,22.0,06:00,14:00,450,,13:30,21:30,450,F,21:15,06:15,495,F|S,11,10,8,10,30,45,8,38.5,30,0.1,0,2.0.0,20261130
PK-013,2026-12-16,plan,16,Mittwoch,3,51,0,0,,Pflegefachkraft,Pflegefachkraft,EXAM|PRAXISANLEITUNG|KARDIO_MONITORING,1.0,38.5,9240,9240,8316,10164,5,2,2,8,1,1,Pflegefachkraft,0,0.0,1104,24,24,6,2,0,4440,1,,,,,,0,,0,,4,3,3,1,1776,1,3,3,2,1,1554,1,2,2,2,0,1110,0,ST-IK1,Normalstation Innere Medizin / Kardiologie,30,Innere Medizin und Kardiologie,10.0,22.0,06:00,14:00,450,,13:30,21:30,450,F,21:15,06:15,495,F|S,11,10,8,10,30,45,8,38.5,30,0.1,0,2.0.0,20261130
PK-014,2026-12-16,plan,16,Mittwoch,3,51,0,0,,Pflegefachkraft,Pflegefachkraft,EXAM|PRAXISANLEITUNG,0.9,34.65,8316,8316,7484,9148,5,2,2,8,1,1,Pflegefachkraft,0,0.0,-1926,24,24,6,2,0,4440,1,,,,,,0,,0,,4,3,3,1,1776,1,3,3,2,1,1554,1,2,2,2,0,1110,0,ST-IK1,Normalstation Innere Medizin / Kardiologie,30,Innere Medizin und Kardiologie,10.0,22.0,06:00,14:00,450,,13:30,21:30,450,F,21:15,06:15,495,F|S,11,10,8,10,30,45,8,38.5,30,0.1,0,2.0.0,20261130
PK-015,2026-12-16,plan,16,Mittwoch,3,51,0,0,,Pflegefachkraft,Pflegefachkraft,EXAM|KARDIO_MONITORING,1.0,38.5,9240,9240,8316,10164,5,2,2,8,1,1,Pflegefachkraft,0,0.0,-2355,24,24,6,2,0,4440,1,,,,,,0,,0,,4,3,3,1,1776,1,3,3,2,1,1554,1,2,2,2,0,1110,0,ST-IK1,Normalstation Innere Medizin / Kardiologie,30,Innere Medizin und Kardiologie,10.0,22.0,06:00,14:00,450,,13:30,21:30,450,F,21:15,06:15,495,F|S,11,10,8,10,30,45,8,38.5,30,0.1,0,2.0.0,20261130
PK-016,2026-12-16,plan,16,Mittwoch,3,51,0,0,,Pflegefachkraft,Pflegefachkraft,EXAM|KARDIO_MONITORING,1.0,38.5,9240,9240,8316,10164,5,2,2,8,1,1,Pflegefachkraft,0,0.0,-2625,24,24,6,2,0,4440,1,,,,,,0,,0,,4,3,3,1,1776,1,3,3,2,1,1554,1,2,2,2,0,1110,0,ST-IK1,Normalstation Innere Medizin / Kardiologie,30,Innere Medizin und Kardiologie,10.0,22.0,06:00,14:00,450,,13:30,21:30,450,F,21:15,06:15,495,F|S,11,10,8,10,30,45,8,38.5,30,0.1,0,2.0.0,20261130
PK-017,2026-12-16,plan,16,Mittwoch,3,51,0,0,,Pflegefachkraft,Pflegefachkraft,EXAM,0.5,19.25,4620,4620,4158,5082,5,2,2,8,1,1,Pflegefachkraft,0,0.0,-885,24,24,6,2,0,4440,0,LANGZEITABWESENHEIT,,,,,0,,0,,4,3,3,1,1776,1,3,3,2,1,1554,1,2,2,2,0,1110,0,ST-IK1,Normalstation Innere Medizin / Kardiologie,30,Innere Medizin und Kardiologie,10.0,22.0,06:00,14:00,450,,13:30,21:30,450,F,21:15,06:15,495,F|S,11,10,8,10,30,45,8,38.5,30,0.1,0,2.0.0,20261130
AZ-001,2026-12-17,plan,17,Donnerstag,4,51,0,0,,Auszubildende_r_3_Ausbildungsjahr,Auszubildende,AUSZUBILDEND,1.0,38.5,9240,9240,8316,10164,5,2,2,8,1,0,nicht anrechenbar,0,0.0,-9240,20,20,2,5,3,3924,1,,,,,,0,,0,,3,2,2,1,1570,1,3,2,2,1,1373,1,2,1,2,0,981,0,ST-IK1,Normalstation Innere Medizin / Kardiologie,30,Innere Medizin und Kardiologie,10.0,22.0,06:00,14:00,450,,13:30,21:30,450,F,21:15,06:15,495,F|S,11,10,8,10,30,45,8,38.5,30,0.1,0,2.0.0,20261130
AZ-002,2026-12-17,plan,17,Donnerstag,4,51,0,0,,Auszubildende_r_2_Ausbildungsjahr,Auszubildende,AUSZUBILDEND,1.0,38.5,9240,9240,8316,10164,5,2,2,8,1,0,nicht anrechenbar,0,0.0,-9240,20,20,2,5,3,3924,1,,1,,,,0,,0,,3,2,2,1,1570,1,3,2,2,1,1373,1,2,1,2,0,981,0,ST-IK1,Normalstation Innere Medizin / Kardiologie,30,Innere Medizin und Kardiologie,10.0,22.0,06:00,14:00,450,,13:30,21:30,450,F,21:15,06:15,495,F|S,11,10,8,10,30,45,8,38.5,30,0.1,0,2.0.0,20261130
AZ-003,2026-12-17,plan,17,Donnerstag,4,51,0,0,,Auszubildende_r_1_Ausbildungsjahr,Auszubildende,AUSZUBILDEND,1.0,38.5,9240,9240,8316,10164,5,2,2,0,0,0,nicht anrechenbar,0,0.0,-9240,20,20,2,5,3,3924,1,,,,,,0,,0,,3,2,2,1,1570,1,3,2,2,1,1373,1,2,1,2,0,981,0,ST-IK1,Normalstation Innere Medizin / Kardiologie,30,Innere Medizin und Kardiologie,10.0,22.0,06:00,14:00,450,,13:30,21:30,450,F,21:15,06:15,495,F|S,11,10,8,10,30,45,8,38.5,30,0.1,0,2.0.0,20261130
PH-001,2026-12-17,plan,17,Donnerstag,4,51,0,0,,Pflegehilfskraft,Pflegehilfskraft,PFLEGEHILFE,0.75,28.88,6931,6931,6238,7624,5,2,2,0,0,1,Pflegehilfskraft,0,0.0,-1530,20,20,2,5,3,3924,1,,,,,,0,,0,,3,2,2,1,1570,1,3,2,2,1,1373,1,2,1,2,0,981,0,ST-IK1,Normalstation Innere Medizin / Kardiologie,30,Innere Medizin und Kardiologie,10.0,22.0,06:00,14:00,450,,13:30,21:30,450,F,21:15,06:15,495,F|S,11,10,8,10,30,45,8,38.5,30,0.1,0,2.0.0,20261130
PH-002,2026-12-17,plan,17,Donnerstag,4,51,0,0,,Pflegehilfskraft,Pflegehilfskraft,PFLEGEHILFE,0.5,19.25,4620,4620,4158,5082,5,2,2,0,0,1,Pflegehilfskraft,0,0.0,597,20,20,2,5,3,3924,0,URLAUB,,,,,0,,0,,3,2,2,1,1570,1,3,2,2,1,1373,1,2,1,2,0,981,0,ST-IK1,Normalstation Innere Medizin / Kardiologie,30,Innere Medizin und Kardiologie,10.0,22.0,06:00,14:00,450,,13:30,21:30,450,F,21:15,06:15,495,F|S,11,10,8,10,30,45,8,38.5,30,0.1,0,2.0.0,20261130
PK-001,2026-12-17,plan,17,Donnerstag,4,51,0,0,,Stationsleitung,Pflegefachkraft,EXAM|LEITUNG|PRAXISANLEITUNG,1.0,38.5,9240,4620,4158,5082,5,2,2,0,0,1,Pflegefachkraft,1,0.5,2130,20,20,2,5,3,3924,1,,,,,,0,,0,,3,2,2,1,1570,1,3,2,2,1,1373,1,2,1,2,0,981,0,ST-IK1,Normalstation Innere Medizin / Kardiologie,30,Innere Medizin und Kardiologie,10.0,22.0,06:00,14:00,450,,13:30,21:30,450,F,21:15,06:15,495,F|S,11,10,8,10,30,45,8,38.5,30,0.1,0,2.0.0,20261130
PK-002,2026-12-17,plan,17,Donnerstag,4,51,0,0,,Pflegefachkraft,Pflegefachkraft,EXAM|PRAXISANLEITUNG|KARDIO_MONITORING,0.5,19.25,4620,4620,4158,5082,5,2,2,8,1,1,Pflegefachkraft,0,0.0,-885,20,20,2,5,3,3924,1,,,,,,0,,0,,3,2,2,1,1570,1,3,2,2,1,1373,1,2,1,2,0,981,0,ST-IK1,Normalstation Innere Medizin / Kardiologie,30,Innere Medizin und Kardiologie,10.0,22.0,06:00,14:00,450,,13:30,21:30,450,F,21:15,06:15,495,F|S,11,10,8,10,30,45,8,38.5,30,0.1,0,2.0.0,20261130
PK-003,2026-12-17,plan,17,Donnerstag,4,51,0,0,,Pflegefachkraft,Pflegefachkraft,EXAM,0.75,28.88,6931,6931,6238,7624,5,2,2,8,1,1,Pflegefachkraft,0,0.0,-1890,20,20,2,5,3,3924,1,,,,,,0,,0,,3,2,2,1,1570,1,3,2,2,1,1373,1,2,1,2,0,981,0,ST-IK1,Normalstation Innere Medizin / Kardiologie,30,Innere Medizin und Kardiologie,10.0,22.0,06:00,14:00,450,,13:30,21:30,450,F,21:15,06:15,495,F|S,11,10,8,10,30,45,8,38.5,30,0.1,0,2.0.0,20261130
PK-004,2026-12-17,plan,17,Donnerstag,4,51,0,0,,Pflegefachkraft,Pflegefachkraft,EXAM,0.75,28.88,6931,6931,6238,7624,5,2,2,8,1,1,Pflegefachkraft,0,0.0,-1890,20,20,2,5,3,3924,1,,,,,,0,,0,,3,2,2,1,1570,1,3,2,2,1,1373,1,2,1,2,0,981,0,ST-IK1,Normalstation Innere Medizin / Kardiologie,30,Innere Medizin und Kardiologie,10.0,22.0,06:00,14:00,450,,13:30,21:30,450,F,21:15,06:15,495,F|S,11,10,8,10,30,45,8,38.5,30,0.1,0,2.0.0,20261130
PK-005,2026-12-17,plan,17,Donnerstag,4,51,0,0,,Pflegefachkraft,Pflegefachkraft,EXAM,0.6,23.1,5544,5544,4990,6098,5,2,2,8,1,1,Pflegefachkraft,0,0.0,-1449,20,20,2,5,3,3924,1,,,,,,0,,0,,3,2,2,1,1570,1,3,2,2,1,1373,1,2,1,2,0,981,0,ST-IK1,Normalstation Innere Medizin / Kardiologie,30,Innere Medizin und Kardiologie,10.0,22.0,06:00,14:00,450,,13:30,21:30,450,F,21:15,06:15,495,F|S,11,10,8,10,30,45,8,38.5,30,0.1,0,2.0.0,20261130
PK-006,2026-12-17,plan,17,Donnerstag,4,51,0,0,,Pflegefachkraft,Pflegefachkraft,EXAM,1.0,38.5,9240,9240,8316,10164,5,2,2,8,1,1,Pflegefachkraft,0,0.0,-2670,20,20,2,5,3,3924,1,,,,,,0,,0,,3,2,2,1,1570,1,3,2,2,1,1373,1,2,1,2,0,981,0,ST-IK1,Normalstation Innere Medizin / Kardiologie,30,Innere Medizin und Kardiologie,10.0,22.0,06:00,14:00,450,,13:30,21:30,450,F,21:15,06:15,495,F|S,11,10,8,10,30,45,8,38.5,30,0.1,0,2.0.0,20261130
PK-007,2026-12-17,plan,17,Donnerstag,4,51,0,0,,Pflegefachkraft,Pflegefachkraft,EXAM|PRAXISANLEITUNG,1.0,38.5,9240,9240,8316,10164,5,2,2,8,1,1,Pflegefachkraft,0,0.0,-2175,20,20,2,5,3,3924,1,,,,,,0,,1,2,3,2,2,1,1570,1,3,2,2,1,1373,1,2,1,2,0,981,0,ST-IK1,Normalstation Innere Medizin / Kardiologie,30,Innere Medizin und Kardiologie,10.0,22.0,06:00,14:00,450,,13:30,21:30,450,F,21:15,06:15,495,F|S,11,10,8,10,30,45,8,38.5,30,0.1,0,2.0.0,20261130
PK-008,2026-12-17,plan,17,Donnerstag,4,51,0,0,,Pflegefachkraft,Pflegefachkraft,EXAM,0.6,23.1,5544,5544,4990,6098,5,2,2,8,1,1,Pflegefachkraft,0,0.0,-1449,20,20,2,5,3,3924,1,,,,,,0,,0,,3,2,2,1,1570,1,3,2,2,1,1373,1,2,1,2,0,981,0,ST-IK1,Normalstation Innere Medizin / Kardiologie,30,Innere Medizin und Kardiologie,10.0,22.0,06:00,14:00,450,,13:30,21:30,450,F,21:15,06:15,495,F|S,11,10,8,10,30,45,8,38.5,30,0.1,0,2.0.0,20261130
PK-009,2026-12-17,plan,17,Donnerstag,4,51,0,0,,Pflegefachkraft,Pflegefachkraft,EXAM,1.0,38.5,9240,9240,8316,10164,5,2,2,8,1,1,Pflegefachkraft,0,0.0,-2445,20,20,2,5,3,3924,1,,,,,,0,,0,,3,2,2,1,1570,1,3,2,2,1,1373,1,2,1,2,0,981,0,ST-IK1,Normalstation Innere Medizin / Kardiologie,30,Innere Medizin und Kardiologie,10.0,22.0,06:00,14:00,450,,13:30,21:30,450,F,21:15,06:15,495,F|S,11,10,8,10,30,45,8,38.5,30,0.1,0,2.0.0,20261130
PK-010,2026-12-17,plan,17,Donnerstag,4,51,0,0,,Pflegefachkraft,Pflegefachkraft,EXAM,0.8,30.8,7392,7392,6653,8131,5,2,2,8,1,1,Pflegefachkraft,0,0.0,-1947,20,20,2,5,3,3924,1,,,,,,0,,0,,3,2,2,1,1570,1,3,2,2,1,1373,1,2,1,2,0,981,0,ST-IK1,Normalstation Innere Medizin / Kardiologie,30,Innere Medizin und Kardiologie,10.0,22.0,06:00,14:00,450,,13:30,21:30,450,F,21:15,06:15,495,F|S,11,10,8,10,30,45,8,38.5,30,0.1,0,2.0.0,20261130
PK-011,2026-12-17,plan,17,Donnerstag,4,51,0,0,,Pflegefachkraft,Pflegefachkraft,EXAM|PRAXISANLEITUNG|KARDIO_MONITORING,1.0,38.5,9240,9240,8316,10164,5,2,2,8,1,1,Pflegefachkraft,0,0.0,-2445,20,20,2,5,3,3924,1,,,,,,0,,0,,3,2,2,1,1570,1,3,2,2,1,1373,1,2,1,2,0,981,0,ST-IK1,Normalstation Innere Medizin / Kardiologie,30,Innere Medizin und Kardiologie,10.0,22.0,06:00,14:00,450,,13:30,21:30,450,F,21:15,06:15,495,F|S,11,10,8,10,30,45,8,38.5,30,0.1,0,2.0.0,20261130
PK-012,2026-12-17,plan,17,Donnerstag,4,51,0,0,,Pflegefachkraft,Pflegefachkraft,EXAM,1.0,38.5,9240,9240,8316,10164,5,2,2,8,1,1,Pflegefachkraft,0,0.0,1104,20,20,2,5,3,3924,1,,,,,,0,,0,,3,2,2,1,1570,1,3,2,2,1,1373,1,2,1,2,0,981,0,ST-IK1,Normalstation Innere Medizin / Kardiologie,30,Innere Medizin und Kardiologie,10.0,22.0,06:00,14:00,450,,13:30,21:30,450,F,21:15,06:15,495,F|S,11,10,8,10,30,45,8,38.5,30,0.1,0,2.0.0,20261130
PK-013,2026-12-17,plan,17,Donnerstag,4,51,0,0,,Pflegefachkraft,Pflegefachkraft,EXAM|PRAXISANLEITUNG|KARDIO_MONITORING,1.0,38.5,9240,9240,8316,10164,5,2,2,8,1,1,Pflegefachkraft,0,0.0,1104,20,20,2,5,3,3924,1,,,,,,0,,0,,3,2,2,1,1570,1,3,2,2,1,1373,1,2,1,2,0,981,0,ST-IK1,Normalstation Innere Medizin / Kardiologie,30,Innere Medizin und Kardiologie,10.0,22.0,06:00,14:00,450,,13:30,21:30,450,F,21:15,06:15,495,F|S,11,10,8,10,30,45,8,38.5,30,0.1,0,2.0.0,20261130
PK-014,2026-12-17,plan,17,Donnerstag,4,51,0,0,,Pflegefachkraft,Pflegefachkraft,EXAM|PRAXISANLEITUNG,0.9,34.65,8316,8316,7484,9148,5,2,2,8,1,1,Pflegefachkraft,0,0.0,-1926,20,20,2,5,3,3924,1,,,,,,0,,0,,3,2,2,1,1570,1,3,2,2,1,1373,1,2,1,2,0,981,0,ST-IK1,Normalstation Innere Medizin / Kardiologie,30,Innere Medizin und Kardiologie,10.0,22.0,06:00,14:00,450,,13:30,21:30,450,F,21:15,06:15,495,F|S,11,10,8,10,30,45,8,38.5,30,0.1,0,2.0.0,20261130
PK-015,2026-12-17,plan,17,Donnerstag,4,51,0,0,,Pflegefachkraft,Pflegefachkraft,EXAM|KARDIO_MONITORING,1.0,38.5,9240,9240,8316,10164,5,2,2,8,1,1,Pflegefachkraft,0,0.0,-2355,20,20,2,5,3,3924,1,,,,,,0,,0,,3,2,2,1,1570,1,3,2,2,1,1373,1,2,1,2,0,981,0,ST-IK1,Normalstation Innere Medizin / Kardiologie,30,Innere Medizin und Kardiologie,10.0,22.0,06:00,14:00,450,,13:30,21:30,450,F,21:15,06:15,495,F|S,11,10,8,10,30,45,8,38.5,30,0.1,0,2.0.0,20261130
PK-016,2026-12-17,plan,17,Donnerstag,4,51,0,0,,Pflegefachkraft,Pflegefachkraft,EXAM|KARDIO_MONITORING,1.0,38.5,9240,9240,8316,10164,5,2,2,8,1,1,Pflegefachkraft,0,0.0,-2625,20,20,2,5,3,3924,1,,,,,,0,,0,,3,2,2,1,1570,1,3,2,2,1,1373,1,2,1,2,0,981,0,ST-IK1,Normalstation Innere Medizin / Kardiologie,30,Innere Medizin und Kardiologie,10.0,22.0,06:00,14:00,450,,13:30,21:30,450,F,21:15,06:15,495,F|S,11,10,8,10,30,45,8,38.5,30,0.1,0,2.0.0,20261130
PK-017,2026-12-17,plan,17,Donnerstag,4,51,0,0,,Pflegefachkraft,Pflegefachkraft,EXAM,0.5,19.25,4620,4620,4158,5082,5,2,2,8,1,1,Pflegefachkraft,0,0.0,-885,20,20,2,5,3,3924,0,LANGZEITABWESENHEIT,,,,,0,,0,,3,2,2,1,1570,1,3,2,2,1,1373,1,2,1,2,0,981,0,ST-IK1,Normalstation Innere Medizin / Kardiologie,30,Innere Medizin und Kardiologie,10.0,22.0,06:00,14:00,450,,13:30,21:30,450,F,21:15,06:15,495,F|S,11,10,8,10,30,45,8,38.5,30,0.1,0,2.0.0,20261130
AZ-001,2026-12-18,plan,18,Freitag,5,51,0,0,,Auszubildende_r_3_Ausbildungsjahr,Auszubildende,AUSZUBILDEND,1.0,38.5,9240,9240,8316,10164,5,2,2,8,1,0,nicht anrechenbar,0,0.0,-9240,21,21,1,1,1,3764,1,,,,,,0,,0,,3,3,2,1,1506,1,3,3,2,1,1317,1,2,1,2,0,941,0,ST-IK1,Normalstation Innere Medizin / Kardiologie,30,Innere Medizin und Kardiologie,10.0,22.0,06:00,14:00,450,,13:30,21:30,450,F,21:15,06:15,495,F|S,11,10,8,10,30,45,8,38.5,30,0.1,0,2.0.0,20261130
AZ-002,2026-12-18,plan,18,Freitag,5,51,0,0,,Auszubildende_r_2_Ausbildungsjahr,Auszubildende,AUSZUBILDEND,1.0,38.5,9240,9240,8316,10164,5,2,2,8,1,0,nicht anrechenbar,0,0.0,-9240,21,21,1,1,1,3764,1,,,,,,0,,0,,3,3,2,1,1506,1,3,3,2,1,1317,1,2,1,2,0,941,0,ST-IK1,Normalstation Innere Medizin / Kardiologie,30,Innere Medizin und Kardiologie,10.0,22.0,06:00,14:00,450,,13:30,21:30,450,F,21:15,06:15,495,F|S,11,10,8,10,30,45,8,38.5,30,0.1,0,2.0.0,20261130
AZ-003,2026-12-18,plan,18,Freitag,5,51,0,0,,Auszubildende_r_1_Ausbildungsjahr,Auszubildende,AUSZUBILDEND,1.0,38.5,9240,9240,8316,10164,5,2,2,0,0,0,nicht anrechenbar,0,0.0,-9240,21,21,1,1,1,3764,1,,,,,,0,,0,,3,3,2,1,1506,1,3,3,2,1,1317,1,2,1,2,0,941,0,ST-IK1,Normalstation Innere Medizin / Kardiologie,30,Innere Medizin und Kardiologie,10.0,22.0,06:00,14:00,450,,13:30,21:30,450,F,21:15,06:15,495,F|S,11,10,8,10,30,45,8,38.5,30,0.1,0,2.0.0,20261130
PH-001,2026-12-18,plan,18,Freitag,5,51,0,0,,Pflegehilfskraft,Pflegehilfskraft,PFLEGEHILFE,0.75,28.88,6931,6931,6238,7624,5,2,2,0,0,1,Pflegehilfskraft,0,0.0,-1530,21,21,1,1,1,3764,1,,3,,,,0,,0,,3,3,2,1,1506,1,3,3,2,1,1317,1,2,1,2,0,941,0,ST-IK1,Normalstation Innere Medizin / Kardiologie,30,Innere Medizin und Kardiologie,10.0,22.0,06:00,14:00,450,,13:30,21:30,450,F,21:15,06:15,495,F|S,11,10,8,10,30,45,8,38.5,30,0.1,0,2.0.0,20261130
PH-002,2026-12-18,plan,18,Freitag,5,51,0,0,,Pflegehilfskraft,Pflegehilfskraft,PFLEGEHILFE,0.5,19.25,4620,4620,4158,5082,5,2,2,0,0,1,Pflegehilfskraft,0,0.0,597,21,21,1,1,1,3764,0,URLAUB,,,,,0,,0,,3,3,2,1,1506,1,3,3,2,1,1317,1,2,1,2,0,941,0,ST-IK1,Normalstation Innere Medizin / Kardiologie,30,Innere Medizin und Kardiologie,10.0,22.0,06:00,14:00,450,,13:30,21:30,450,F,21:15,06:15,495,F|S,11,10,8,10,30,45,8,38.5,30,0.1,0,2.0.0,20261130
PK-001,2026-12-18,plan,18,Freitag,5,51,0,0,,Stationsleitung,Pflegefachkraft,EXAM|LEITUNG|PRAXISANLEITUNG,1.0,38.5,9240,4620,4158,5082,5,2,2,0,0,1,Pflegefachkraft,1,0.5,2130,21,21,1,1,1,3764,1,,,,,,0,,0,,3,3,2,1,1506,1,3,3,2,1,1317,1,2,1,2,0,941,0,ST-IK1,Normalstation Innere Medizin / Kardiologie,30,Innere Medizin und Kardiologie,10.0,22.0,06:00,14:00,450,,13:30,21:30,450,F,21:15,06:15,495,F|S,11,10,8,10,30,45,8,38.5,30,0.1,0,2.0.0,20261130
PK-002,2026-12-18,plan,18,Freitag,5,51,0,0,,Pflegefachkraft,Pflegefachkraft,EXAM|PRAXISANLEITUNG|KARDIO_MONITORING,0.5,19.25,4620,4620,4158,5082,5,2,2,8,1,1,Pflegefachkraft,0,0.0,-885,21,21,1,1,1,3764,1,,,,,,0,,0,,3,3,2,1,1506,1,3,3,2,1,1317,1,2,1,2,0,941,0,ST-IK1,Normalstation Innere Medizin / Kardiologie,30,Innere Medizin und Kardiologie,10.0,22.0,06:00,14:00,450,,13:30,21:30,450,F,21:15,06:15,495,F|S,11,10,8,10,30,45,8,38.5,30,0.1,0,2.0.0,20261130
PK-003,2026-12-18,plan,18,Freitag,5,51,0,0,,Pflegefachkraft,Pflegefachkraft,EXAM,0.75,28.88,6931,6931,6238,7624,5,2,2,8,1,1,Pflegefachkraft,0,0.0,-1890,21,21,1,1,1,3764,1,,3,,,,0,,0,,3,3,2,1,1506,1,3,3,2,1,1317,1,2,1,2,0,941,0,ST-IK1,Normalstation Innere Medizin / Kardiologie,30,Innere Medizin und Kardiologie,10.0,22.0,06:00,14:00,450,,13:30,21:30,450,F,21:15,06:15,495,F|S,11,10,8,10,30,45,8,38.5,30,0.1,0,2.0.0,20261130
PK-004,2026-12-18,plan,18,Freitag,5,51,0,0,,Pflegefachkraft,Pflegefachkraft,EXAM,0.75,28.88,6931,6931,6238,7624,5,2,2,8,1,1,Pflegefachkraft,0,0.0,-1890,21,21,1,1,1,3764,1,,,,,,0,,0,,3,3,2,1,1506,1,3,3,2,1,1317,1,2,1,2,0,941,0,ST-IK1,Normalstation Innere Medizin / Kardiologie,30,Innere Medizin und Kardiologie,10.0,22.0,06:00,14:00,450,,13:30,21:30,450,F,21:15,06:15,495,F|S,11,10,8,10,30,45,8,38.5,30,0.1,0,2.0.0,20261130
PK-005,2026-12-18,plan,18,Freitag,5,51,0,0,,Pflegefachkraft,Pflegefachkraft,EXAM,0.6,23.1,5544,5544,4990,6098,5,2,2,8,1,1,Pflegefachkraft,0,0.0,-1449,21,21,1,1,1,3764,1,,,,,,0,,0,,3,3,2,1,1506,1,3,3,2,1,1317,1,2,1,2,0,941,0,ST-IK1,Normalstation Innere Medizin / Kardiologie,30,Innere Medizin und Kardiologie,10.0,22.0,06:00,14:00,450,,13:30,21:30,450,F,21:15,06:15,495,F|S,11,10,8,10,30,45,8,38.5,30,0.1,0,2.0.0,20261130
PK-006,2026-12-18,plan,18,Freitag,5,51,0,0,,Pflegefachkraft,Pflegefachkraft,EXAM,1.0,38.5,9240,9240,8316,10164,5,2,2,8,1,1,Pflegefachkraft,0,0.0,-2670,21,21,1,1,1,3764,1,,,,,,0,,0,,3,3,2,1,1506,1,3,3,2,1,1317,1,2,1,2,0,941,0,ST-IK1,Normalstation Innere Medizin / Kardiologie,30,Innere Medizin und Kardiologie,10.0,22.0,06:00,14:00,450,,13:30,21:30,450,F,21:15,06:15,495,F|S,11,10,8,10,30,45,8,38.5,30,0.1,0,2.0.0,20261130
PK-007,2026-12-18,plan,18,Freitag,5,51,0,0,,Pflegefachkraft,Pflegefachkraft,EXAM|PRAXISANLEITUNG,1.0,38.5,9240,9240,8316,10164,5,2,2,8,1,1,Pflegefachkraft,0,0.0,-2175,21,21,1,1,1,3764,1,,,,,,0,,1,24,3,3,2,1,1506,1,3,3,2,1,1317,1,2,1,2,0,941,0,ST-IK1,Normalstation Innere Medizin / Kardiologie,30,Innere Medizin und Kardiologie,10.0,22.0,06:00,14:00,450,,13:30,21:30,450,F,21:15,06:15,495,F|S,11,10,8,10,30,45,8,38.5,30,0.1,0,2.0.0,20261130
PK-008,2026-12-18,plan,18,Freitag,5,51,0,0,,Pflegefachkraft,Pflegefachkraft,EXAM,0.6,23.1,5544,5544,4990,6098,5,2,2,8,1,1,Pflegefachkraft,0,0.0,-1449,21,21,1,1,1,3764,1,,,,,,0,,0,,3,3,2,1,1506,1,3,3,2,1,1317,1,2,1,2,0,941,0,ST-IK1,Normalstation Innere Medizin / Kardiologie,30,Innere Medizin und Kardiologie,10.0,22.0,06:00,14:00,450,,13:30,21:30,450,F,21:15,06:15,495,F|S,11,10,8,10,30,45,8,38.5,30,0.1,0,2.0.0,20261130
PK-009,2026-12-18,plan,18,Freitag,5,51,0,0,,Pflegefachkraft,Pflegefachkraft,EXAM,1.0,38.5,9240,9240,8316,10164,5,2,2,8,1,1,Pflegefachkraft,0,0.0,-2445,21,21,1,1,1,3764,1,,3,,,,0,,0,,3,3,2,1,1506,1,3,3,2,1,1317,1,2,1,2,0,941,0,ST-IK1,Normalstation Innere Medizin / Kardiologie,30,Innere Medizin und Kardiologie,10.0,22.0,06:00,14:00,450,,13:30,21:30,450,F,21:15,06:15,495,F|S,11,10,8,10,30,45,8,38.5,30,0.1,0,2.0.0,20261130
PK-010,2026-12-18,plan,18,Freitag,5,51,0,0,,Pflegefachkraft,Pflegefachkraft,EXAM,0.8,30.8,7392,7392,6653,8131,5,2,2,8,1,1,Pflegefachkraft,0,0.0,-1947,21,21,1,1,1,3764,1,,,,,,0,,0,,3,3,2,1,1506,1,3,3,2,1,1317,1,2,1,2,0,941,0,ST-IK1,Normalstation Innere Medizin / Kardiologie,30,Innere Medizin und Kardiologie,10.0,22.0,06:00,14:00,450,,13:30,21:30,450,F,21:15,06:15,495,F|S,11,10,8,10,30,45,8,38.5,30,0.1,0,2.0.0,20261130
PK-011,2026-12-18,plan,18,Freitag,5,51,0,0,,Pflegefachkraft,Pflegefachkraft,EXAM|PRAXISANLEITUNG|KARDIO_MONITORING,1.0,38.5,9240,9240,8316,10164,5,2,2,8,1,1,Pflegefachkraft,0,0.0,-2445,21,21,1,1,1,3764,1,,,,,,0,,0,,3,3,2,1,1506,1,3,3,2,1,1317,1,2,1,2,0,941,0,ST-IK1,Normalstation Innere Medizin / Kardiologie,30,Innere Medizin und Kardiologie,10.0,22.0,06:00,14:00,450,,13:30,21:30,450,F,21:15,06:15,495,F|S,11,10,8,10,30,45,8,38.5,30,0.1,0,2.0.0,20261130
PK-012,2026-12-18,plan,18,Freitag,5,51,0,0,,Pflegefachkraft,Pflegefachkraft,EXAM,1.0,38.5,9240,9240,8316,10164,5,2,2,8,1,1,Pflegefachkraft,0,0.0,1104,21,21,1,1,1,3764,1,,,,,,0,,0,,3,3,2,1,1506,1,3,3,2,1,1317,1,2,1,2,0,941,0,ST-IK1,Normalstation Innere Medizin / Kardiologie,30,Innere Medizin und Kardiologie,10.0,22.0,06:00,14:00,450,,13:30,21:30,450,F,21:15,06:15,495,F|S,11,10,8,10,30,45,8,38.5,30,0.1,0,2.0.0,20261130
PK-013,2026-12-18,plan,18,Freitag,5,51,0,0,,Pflegefachkraft,Pflegefachkraft,EXAM|PRAXISANLEITUNG|KARDIO_MONITORING,1.0,38.5,9240,9240,8316,10164,5,2,2,8,1,1,Pflegefachkraft,0,0.0,1104,21,21,1,1,1,3764,1,,,,,,0,,0,,3,3,2,1,1506,1,3,3,2,1,1317,1,2,1,2,0,941,0,ST-IK1,Normalstation Innere Medizin / Kardiologie,30,Innere Medizin und Kardiologie,10.0,22.0,06:00,14:00,450,,13:30,21:30,450,F,21:15,06:15,495,F|S,11,10,8,10,30,45,8,38.5,30,0.1,0,2.0.0,20261130
PK-014,2026-12-18,plan,18,Freitag,5,51,0,0,,Pflegefachkraft,Pflegefachkraft,EXAM|PRAXISANLEITUNG,0.9,34.65,8316,8316,7484,9148,5,2,2,8,1,1,Pflegefachkraft,0,0.0,-1926,21,21,1,1,1,3764,1,,,,,,0,,0,,3,3,2,1,1506,1,3,3,2,1,1317,1,2,1,2,0,941,0,ST-IK1,Normalstation Innere Medizin / Kardiologie,30,Innere Medizin und Kardiologie,10.0,22.0,06:00,14:00,450,,13:30,21:30,450,F,21:15,06:15,495,F|S,11,10,8,10,30,45,8,38.5,30,0.1,0,2.0.0,20261130
PK-015,2026-12-18,plan,18,Freitag,5,51,0,0,,Pflegefachkraft,Pflegefachkraft,EXAM|KARDIO_MONITORING,1.0,38.5,9240,9240,8316,10164,5,2,2,8,1,1,Pflegefachkraft,0,0.0,-2355,21,21,1,1,1,3764,1,,2,,,,0,,0,,3,3,2,1,1506,1,3,3,2,1,1317,1,2,1,2,0,941,0,ST-IK1,Normalstation Innere Medizin / Kardiologie,30,Innere Medizin und Kardiologie,10.0,22.0,06:00,14:00,450,,13:30,21:30,450,F,21:15,06:15,495,F|S,11,10,8,10,30,45,8,38.5,30,0.1,0,2.0.0,20261130
PK-016,2026-12-18,plan,18,Freitag,5,51,0,0,,Pflegefachkraft,Pflegefachkraft,EXAM|KARDIO_MONITORING,1.0,38.5,9240,9240,8316,10164,5,2,2,8,1,1,Pflegefachkraft,0,0.0,-2625,21,21,1,1,1,3764,1,,,,,,0,,0,,3,3,2,1,1506,1,3,3,2,1,1317,1,2,1,2,0,941,0,ST-IK1,Normalstation Innere Medizin / Kardiologie,30,Innere Medizin und Kardiologie,10.0,22.0,06:00,14:00,450,,13:30,21:30,450,F,21:15,06:15,495,F|S,11,10,8,10,30,45,8,38.5,30,0.1,0,2.0.0,20261130
PK-017,2026-12-18,plan,18,Freitag,5,51,0,0,,Pflegefachkraft,Pflegefachkraft,EXAM,0.5,19.25,4620,4620,4158,5082,5,2,2,8,1,1,Pflegefachkraft,0,0.0,-885,21,21,1,1,1,3764,0,LANGZEITABWESENHEIT,,,,,0,,0,,3,3,2,1,1506,1,3,3,2,1,1317,1,2,1,2,0,941,0,ST-IK1,Normalstation Innere Medizin / Kardiologie,30,Innere Medizin und Kardiologie,10.0,22.0,06:00,14:00,450,,13:30,21:30,450,F,21:15,06:15,495,F|S,11,10,8,10,30,45,8,38.5,30,0.1,0,2.0.0,20261130
AZ-001,2026-12-19,plan,19,Samstag,6,51,1,0,,Auszubildende_r_3_Ausbildungsjahr,Auszubildende,AUSZUBILDEND,1.0,38.5,9240,9240,8316,10164,5,2,2,8,1,0,nicht anrechenbar,0,0.0,-9240,20,19,3,1,2,4008,1,,,,,,0,,0,,4,2,3,1,1603,1,3,2,2,1,1403,1,2,1,2,0,1002,0,ST-IK1,Normalstation Innere Medizin / Kardiologie,30,Innere Medizin und Kardiologie,10.0,22.0,06:00,14:00,450,,13:30,21:30,450,F,21:15,06:15,495,F|S,11,10,8,10,30,45,8,38.5,30,0.1,0,2.0.0,20261130
AZ-002,2026-12-19,plan,19,Samstag,6,51,1,0,,Auszubildende_r_2_Ausbildungsjahr,Auszubildende,AUSZUBILDEND,1.0,38.5,9240,9240,8316,10164,5,2,2,8,1,0,nicht anrechenbar,0,0.0,-9240,20,19,3,1,2,4008,1,,,,,,1,24,0,,4,2,3,1,1603,1,3,2,2,1,1403,1,2,1,2,0,1002,0,ST-IK1,Normalstation Innere Medizin / Kardiologie,30,Innere Medizin und Kardiologie,10.0,22.0,06:00,14:00,450,,13:30,21:30,450,F,21:15,06:15,495,F|S,11,10,8,10,30,45,8,38.5,30,0.1,0,2.0.0,20261130
AZ-003,2026-12-19,plan,19,Samstag,6,51,1,0,,Auszubildende_r_1_Ausbildungsjahr,Auszubildende,AUSZUBILDEND,1.0,38.5,9240,9240,8316,10164,5,2,2,0,0,0,nicht anrechenbar,0,0.0,-9240,20,19,3,1,2,4008,1,,,,,,0,,0,,4,2,3,1,1603,1,3,2,2,1,1403,1,2,1,2,0,1002,0,ST-IK1,Normalstation Innere Medizin / Kardiologie,30,Innere Medizin und Kardiologie,10.0,22.0,06:00,14:00,450,,13:30,21:30,450,F,21:15,06:15,495,F|S,11,10,8,10,30,45,8,38.5,30,0.1,0,2.0.0,20261130
PH-001,2026-12-19,plan,19,Samstag,6,51,1,0,,Pflegehilfskraft,Pflegehilfskraft,PFLEGEHILFE,0.75,28.88,6931,6931,6238,7624,5,2,2,0,0,1,Pflegehilfskraft,0,0.0,-1530,20,19,3,1,2,4008,1,,,,,,0,,0,,4,2,3,1,1603,1,3,2,2,1,1403,1,2,1,2,0,1002,0,ST-IK1,Normalstation Innere Medizin / Kardiologie,30,Innere Medizin und Kardiologie,10.0,22.0,06:00,14:00,450,,13:30,21:30,450,F,21:15,06:15,495,F|S,11,10,8,10,30,45,8,38.5,30,0.1,0,2.0.0,20261130
PH-002,2026-12-19,plan,19,Samstag,6,51,1,0,,Pflegehilfskraft,Pflegehilfskraft,PFLEGEHILFE,0.5,19.25,4620,4620,4158,5082,5,2,2,0,0,1,Pflegehilfskraft,0,0.0,597,20,19,3,1,2,4008,0,URLAUB,,,,,0,,0,,4,2,3,1,1603,1,3,2,2,1,1403,1,2,1,2,0,1002,0,ST-IK1,Normalstation Innere Medizin / Kardiologie,30,Innere Medizin und Kardiologie,10.0,22.0,06:00,14:00,450,,13:30,21:30,450,F,21:15,06:15,495,F|S,11,10,8,10,30,45,8,38.5,30,0.1,0,2.0.0,20261130
PK-001,2026-12-19,plan,19,Samstag,6,51,1,0,,Stationsleitung,Pflegefachkraft,EXAM|LEITUNG|PRAXISANLEITUNG,1.0,38.5,9240,4620,4158,5082,5,2,2,0,0,1,Pflegefachkraft,1,0.5,2130,20,19,3,1,2,4008,1,,,,,,0,,0,,4,2,3,1,1603,1,3,2,2,1,1403,1,2,1,2,0,1002,0,ST-IK1,Normalstation Innere Medizin / Kardiologie,30,Innere Medizin und Kardiologie,10.0,22.0,06:00,14:00,450,,13:30,21:30,450,F,21:15,06:15,495,F|S,11,10,8,10,30,45,8,38.5,30,0.1,0,2.0.0,20261130
PK-002,2026-12-19,plan,19,Samstag,6,51,1,0,,Pflegefachkraft,Pflegefachkraft,EXAM|PRAXISANLEITUNG|KARDIO_MONITORING,0.5,19.25,4620,4620,4158,5082,5,2,2,8,1,1,Pflegefachkraft,0,0.0,-885,20,19,3,1,2,4008,1,,,,,,0,,0,,4,2,3,1,1603,1,3,2,2,1,1403,1,2,1,2,0,1002,0,ST-IK1,Normalstation Innere Medizin / Kardiologie,30,Innere Medizin und Kardiologie,10.0,22.0,06:00,14:00,450,,13:30,21:30,450,F,21:15,06:15,495,F|S,11,10,8,10,30,45,8,38.5,30,0.1,0,2.0.0,20261130
PK-003,2026-12-19,plan,19,Samstag,6,51,1,0,,Pflegefachkraft,Pflegefachkraft,EXAM,0.75,28.88,6931,6931,6238,7624,5,2,2,8,1,1,Pflegefachkraft,0,0.0,-1890,20,19,3,1,2,4008,1,,,,,,0,,0,,4,2,3,1,1603,1,3,2,2,1,1403,1,2,1,2,0,1002,0,ST-IK1,Normalstation Innere Medizin / Kardiologie,30,Innere Medizin und Kardiologie,10.0,22.0,06:00,14:00,450,,13:30,21:30,450,F,21:15,06:15,495,F|S,11,10,8,10,30,45,8,38.5,30,0.1,0,2.0.0,20261130
PK-004,2026-12-19,plan,19,Samstag,6,51,1,0,,Pflegefachkraft,Pflegefachkraft,EXAM,0.75,28.88,6931,6931,6238,7624,5,2,2,8,1,1,Pflegefachkraft,0,0.0,-1890,20,19,3,1,2,4008,1,,,,,,0,,0,,4,2,3,1,1603,1,3,2,2,1,1403,1,2,1,2,0,1002,0,ST-IK1,Normalstation Innere Medizin / Kardiologie,30,Innere Medizin und Kardiologie,10.0,22.0,06:00,14:00,450,,13:30,21:30,450,F,21:15,06:15,495,F|S,11,10,8,10,30,45,8,38.5,30,0.1,0,2.0.0,20261130
PK-005,2026-12-19,plan,19,Samstag,6,51,1,0,,Pflegefachkraft,Pflegefachkraft,EXAM,0.6,23.1,5544,5544,4990,6098,5,2,2,8,1,1,Pflegefachkraft,0,0.0,-1449,20,19,3,1,2,4008,1,,,,,,0,,0,,4,2,3,1,1603,1,3,2,2,1,1403,1,2,1,2,0,1002,0,ST-IK1,Normalstation Innere Medizin / Kardiologie,30,Innere Medizin und Kardiologie,10.0,22.0,06:00,14:00,450,,13:30,21:30,450,F,21:15,06:15,495,F|S,11,10,8,10,30,45,8,38.5,30,0.1,0,2.0.0,20261130
PK-006,2026-12-19,plan,19,Samstag,6,51,1,0,,Pflegefachkraft,Pflegefachkraft,EXAM,1.0,38.5,9240,9240,8316,10164,5,2,2,8,1,1,Pflegefachkraft,0,0.0,-2670,20,19,3,1,2,4008,1,,,,,,0,,0,,4,2,3,1,1603,1,3,2,2,1,1403,1,2,1,2,0,1002,0,ST-IK1,Normalstation Innere Medizin / Kardiologie,30,Innere Medizin und Kardiologie,10.0,22.0,06:00,14:00,450,,13:30,21:30,450,F,21:15,06:15,495,F|S,11,10,8,10,30,45,8,38.5,30,0.1,0,2.0.0,20261130
PK-007,2026-12-19,plan,19,Samstag,6,51,1,0,,Pflegefachkraft,Pflegefachkraft,EXAM|PRAXISANLEITUNG,1.0,38.5,9240,9240,8316,10164,5,2,2,8,1,1,Pflegefachkraft,0,0.0,-2175,20,19,3,1,2,4008,1,,,,,,0,,1,24,4,2,3,1,1603,1,3,2,2,1,1403,1,2,1,2,0,1002,0,ST-IK1,Normalstation Innere Medizin / Kardiologie,30,Innere Medizin und Kardiologie,10.0,22.0,06:00,14:00,450,,13:30,21:30,450,F,21:15,06:15,495,F|S,11,10,8,10,30,45,8,38.5,30,0.1,0,2.0.0,20261130
PK-008,2026-12-19,plan,19,Samstag,6,51,1,0,,Pflegefachkraft,Pflegefachkraft,EXAM,0.6,23.1,5544,5544,4990,6098,5,2,2,8,1,1,Pflegefachkraft,0,0.0,-1449,20,19,3,1,2,4008,1,,,,,,1,2,0,,4,2,3,1,1603,1,3,2,2,1,1403,1,2,1,2,0,1002,0,ST-IK1,Normalstation Innere Medizin / Kardiologie,30,Innere Medizin und Kardiologie,10.0,22.0,06:00,14:00,450,,13:30,21:30,450,F,21:15,06:15,495,F|S,11,10,8,10,30,45,8,38.5,30,0.1,0,2.0.0,20261130
PK-009,2026-12-19,plan,19,Samstag,6,51,1,0,,Pflegefachkraft,Pflegefachkraft,EXAM,1.0,38.5,9240,9240,8316,10164,5,2,2,8,1,1,Pflegefachkraft,0,0.0,-2445,20,19,3,1,2,4008,1,,,,,,1,8,0,,4,2,3,1,1603,1,3,2,2,1,1403,1,2,1,2,0,1002,0,ST-IK1,Normalstation Innere Medizin / Kardiologie,30,Innere Medizin und Kardiologie,10.0,22.0,06:00,14:00,450,,13:30,21:30,450,F,21:15,06:15,495,F|S,11,10,8,10,30,45,8,38.5,30,0.1,0,2.0.0,20261130
PK-010,2026-12-19,plan,19,Samstag,6,51,1,0,,Pflegefachkraft,Pflegefachkraft,EXAM,0.8,30.8,7392,7392,6653,8131,5,2,2,8,1,1,Pflegefachkraft,0,0.0,-1947,20,19,3,1,2,4008,1,,,,,,0,,0,,4,2,3,1,1603,1,3,2,2,1,1403,1,2,1,2,0,1002,0,ST-IK1,Normalstation Innere Medizin / Kardiologie,30,Innere Medizin und Kardiologie,10.0,22.0,06:00,14:00,450,,13:30,21:30,450,F,21:15,06:15,495,F|S,11,10,8,10,30,45,8,38.5,30,0.1,0,2.0.0,20261130
PK-011,2026-12-19,plan,19,Samstag,6,51,1,0,,Pflegefachkraft,Pflegefachkraft,EXAM|PRAXISANLEITUNG|KARDIO_MONITORING,1.0,38.5,9240,9240,8316,10164,5,2,2,8,1,1,Pflegefachkraft,0,0.0,-2445,20,19,3,1,2,4008,1,,,,,,1,12,0,,4,2,3,1,1603,1,3,2,2,1,1403,1,2,1,2,0,1002,0,ST-IK1,Normalstation Innere Medizin / Kardiologie,30,Innere Medizin und Kardiologie,10.0,22.0,06:00,14:00,450,,13:30,21:30,450,F,21:15,06:15,495,F|S,11,10,8,10,30,45,8,38.5,30,0.1,0,2.0.0,20261130
PK-012,2026-12-19,plan,19,Samstag,6,51,1,0,,Pflegefachkraft,Pflegefachkraft,EXAM,1.0,38.5,9240,9240,8316,10164,5,2,2,8,1,1,Pflegefachkraft,0,0.0,1104,20,19,3,1,2,4008,1,,,,,,0,,0,,4,2,3,1,1603,1,3,2,2,1,1403,1,2,1,2,0,1002,0,ST-IK1,Normalstation Innere Medizin / Kardiologie,30,Innere Medizin und Kardiologie,10.0,22.0,06:00,14:00,450,,13:30,21:30,450,F,21:15,06:15,495,F|S,11,10,8,10,30,45,8,38.5,30,0.1,0,2.0.0,20261130
PK-013,2026-12-19,plan,19,Samstag,6,51,1,0,,Pflegefachkraft,Pflegefachkraft,EXAM|PRAXISANLEITUNG|KARDIO_MONITORING,1.0,38.5,9240,9240,8316,10164,5,2,2,8,1,1,Pflegefachkraft,0,0.0,1104,20,19,3,1,2,4008,1,,,,,,0,,0,,4,2,3,1,1603,1,3,2,2,1,1403,1,2,1,2,0,1002,0,ST-IK1,Normalstation Innere Medizin / Kardiologie,30,Innere Medizin und Kardiologie,10.0,22.0,06:00,14:00,450,,13:30,21:30,450,F,21:15,06:15,495,F|S,11,10,8,10,30,45,8,38.5,30,0.1,0,2.0.0,20261130
PK-014,2026-12-19,plan,19,Samstag,6,51,1,0,,Pflegefachkraft,Pflegefachkraft,EXAM|PRAXISANLEITUNG,0.9,34.65,8316,8316,7484,9148,5,2,2,8,1,1,Pflegefachkraft,0,0.0,-1926,20,19,3,1,2,4008,1,,,,,,0,,0,,4,2,3,1,1603,1,3,2,2,1,1403,1,2,1,2,0,1002,0,ST-IK1,Normalstation Innere Medizin / Kardiologie,30,Innere Medizin und Kardiologie,10.0,22.0,06:00,14:00,450,,13:30,21:30,450,F,21:15,06:15,495,F|S,11,10,8,10,30,45,8,38.5,30,0.1,0,2.0.0,20261130
PK-015,2026-12-19,plan,19,Samstag,6,51,1,0,,Pflegefachkraft,Pflegefachkraft,EXAM|KARDIO_MONITORING,1.0,38.5,9240,9240,8316,10164,5,2,2,8,1,1,Pflegefachkraft,0,0.0,-2355,20,19,3,1,2,4008,1,,,,,,0,,0,,4,2,3,1,1603,1,3,2,2,1,1403,1,2,1,2,0,1002,0,ST-IK1,Normalstation Innere Medizin / Kardiologie,30,Innere Medizin und Kardiologie,10.0,22.0,06:00,14:00,450,,13:30,21:30,450,F,21:15,06:15,495,F|S,11,10,8,10,30,45,8,38.5,30,0.1,0,2.0.0,20261130
PK-016,2026-12-19,plan,19,Samstag,6,51,1,0,,Pflegefachkraft,Pflegefachkraft,EXAM|KARDIO_MONITORING,1.0,38.5,9240,9240,8316,10164,5,2,2,8,1,1,Pflegefachkraft,0,0.0,-2625,20,19,3,1,2,4008,1,,,,,,0,,0,,4,2,3,1,1603,1,3,2,2,1,1403,1,2,1,2,0,1002,0,ST-IK1,Normalstation Innere Medizin / Kardiologie,30,Innere Medizin und Kardiologie,10.0,22.0,06:00,14:00,450,,13:30,21:30,450,F,21:15,06:15,495,F|S,11,10,8,10,30,45,8,38.5,30,0.1,0,2.0.0,20261130
PK-017,2026-12-19,plan,19,Samstag,6,51,1,0,,Pflegefachkraft,Pflegefachkraft,EXAM,0.5,19.25,4620,4620,4158,5082,5,2,2,8,1,1,Pflegefachkraft,0,0.0,-885,20,19,3,1,2,4008,0,LANGZEITABWESENHEIT,,,,,0,,0,,4,2,3,1,1603,1,3,2,2,1,1403,1,2,1,2,0,1002,0,ST-IK1,Normalstation Innere Medizin / Kardiologie,30,Innere Medizin und Kardiologie,10.0,22.0,06:00,14:00,450,,13:30,21:30,450,F,21:15,06:15,495,F|S,11,10,8,10,30,45,8,38.5,30,0.1,0,2.0.0,20261130
AZ-001,2026-12-20,plan,20,Sonntag,7,51,1,0,,Auszubildende_r_3_Ausbildungsjahr,Auszubildende,AUSZUBILDEND,1.0,38.5,9240,9240,8316,10164,5,2,2,8,1,0,nicht anrechenbar,0,0.0,-9240,19,19,1,2,1,3759,1,,,,,,0,,0,,3,2,2,1,1504,1,3,2,2,1,1316,1,2,1,2,0,940,0,ST-IK1,Normalstation Innere Medizin / Kardiologie,30,Innere Medizin und Kardiologie,10.0,22.0,06:00,14:00,450,,13:30,21:30,450,F,21:15,06:15,495,F|S,11,10,8,10,30,45,8,38.5,30,0.1,0,2.0.0,20261130
AZ-002,2026-12-20,plan,20,Sonntag,7,51,1,0,,Auszubildende_r_2_Ausbildungsjahr,Auszubildende,AUSZUBILDEND,1.0,38.5,9240,9240,8316,10164,5,2,2,8,1,0,nicht anrechenbar,0,0.0,-9240,19,19,1,2,1,3759,1,,1,,,,0,,0,,3,2,2,1,1504,1,3,2,2,1,1316,1,2,1,2,0,940,0,ST-IK1,Normalstation Innere Medizin / Kardiologie,30,Innere Medizin und Kardiologie,10.0,22.0,06:00,14:00,450,,13:30,21:30,450,F,21:15,06:15,495,F|S,11,10,8,10,30,45,8,38.5,30,0.1,0,2.0.0,20261130
AZ-003,2026-12-20,plan,20,Sonntag,7,51,1,0,,Auszubildende_r_1_Ausbildungsjahr,Auszubildende,AUSZUBILDEND,1.0,38.5,9240,9240,8316,10164,5,2,2,0,0,0,nicht anrechenbar,0,0.0,-9240,19,19,1,2,1,3759,1,,,,,,0,,0,,3,2,2,1,1504,1,3,2,2,1,1316,1,2,1,2,0,940,0,ST-IK1,Normalstation Innere Medizin / Kardiologie,30,Innere Medizin und Kardiologie,10.0,22.0,06:00,14:00,450,,13:30,21:30,450,F,21:15,06:15,495,F|S,11,10,8,10,30,45,8,38.5,30,0.1,0,2.0.0,20261130
PH-001,2026-12-20,plan,20,Sonntag,7,51,1,0,,Pflegehilfskraft,Pflegehilfskraft,PFLEGEHILFE,0.75,28.88,6931,6931,6238,7624,5,2,2,0,0,1,Pflegehilfskraft,0,0.0,-1530,19,19,1,2,1,3759,1,,,,,,0,,0,,3,2,2,1,1504,1,3,2,2,1,1316,1,2,1,2,0,940,0,ST-IK1,Normalstation Innere Medizin / Kardiologie,30,Innere Medizin und Kardiologie,10.0,22.0,06:00,14:00,450,,13:30,21:30,450,F,21:15,06:15,495,F|S,11,10,8,10,30,45,8,38.5,30,0.1,0,2.0.0,20261130
PH-002,2026-12-20,plan,20,Sonntag,7,51,1,0,,Pflegehilfskraft,Pflegehilfskraft,PFLEGEHILFE,0.5,19.25,4620,4620,4158,5082,5,2,2,0,0,1,Pflegehilfskraft,0,0.0,597,19,19,1,2,1,3759,0,URLAUB,,,,,0,,0,,3,2,2,1,1504,1,3,2,2,1,1316,1,2,1,2,0,940,0,ST-IK1,Normalstation Innere Medizin / Kardiologie,30,Innere Medizin und Kardiologie,10.0,22.0,06:00,14:00,450,,13:30,21:30,450,F,21:15,06:15,495,F|S,11,10,8,10,30,45,8,38.5,30,0.1,0,2.0.0,20261130
PK-001,2026-12-20,plan,20,Sonntag,7,51,1,0,,Stationsleitung,Pflegefachkraft,EXAM|LEITUNG|PRAXISANLEITUNG,1.0,38.5,9240,4620,4158,5082,5,2,2,0,0,1,Pflegefachkraft,1,0.5,2130,19,19,1,2,1,3759,1,,,,,,0,,0,,3,2,2,1,1504,1,3,2,2,1,1316,1,2,1,2,0,940,0,ST-IK1,Normalstation Innere Medizin / Kardiologie,30,Innere Medizin und Kardiologie,10.0,22.0,06:00,14:00,450,,13:30,21:30,450,F,21:15,06:15,495,F|S,11,10,8,10,30,45,8,38.5,30,0.1,0,2.0.0,20261130
PK-002,2026-12-20,plan,20,Sonntag,7,51,1,0,,Pflegefachkraft,Pflegefachkraft,EXAM|PRAXISANLEITUNG|KARDIO_MONITORING,0.5,19.25,4620,4620,4158,5082,5,2,2,8,1,1,Pflegefachkraft,0,0.0,-885,19,19,1,2,1,3759,1,,,,,,0,,0,,3,2,2,1,1504,1,3,2,2,1,1316,1,2,1,2,0,940,0,ST-IK1,Normalstation Innere Medizin / Kardiologie,30,Innere Medizin und Kardiologie,10.0,22.0,06:00,14:00,450,,13:30,21:30,450,F,21:15,06:15,495,F|S,11,10,8,10,30,45,8,38.5,30,0.1,0,2.0.0,20261130
PK-003,2026-12-20,plan,20,Sonntag,7,51,1,0,,Pflegefachkraft,Pflegefachkraft,EXAM,0.75,28.88,6931,6931,6238,7624,5,2,2,8,1,1,Pflegefachkraft,0,0.0,-1890,19,19,1,2,1,3759,1,,,,,,0,,0,,3,2,2,1,1504,1,3,2,2,1,1316,1,2,1,2,0,940,0,ST-IK1,Normalstation Innere Medizin / Kardiologie,30,Innere Medizin und Kardiologie,10.0,22.0,06:00,14:00,450,,13:30,21:30,450,F,21:15,06:15,495,F|S,11,10,8,10,30,45,8,38.5,30,0.1,0,2.0.0,20261130
PK-004,2026-12-20,plan,20,Sonntag,7,51,1,0,,Pflegefachkraft,Pflegefachkraft,EXAM,0.75,28.88,6931,6931,6238,7624,5,2,2,8,1,1,Pflegefachkraft,0,0.0,-1890,19,19,1,2,1,3759,1,,,,,,0,,0,,3,2,2,1,1504,1,3,2,2,1,1316,1,2,1,2,0,940,0,ST-IK1,Normalstation Innere Medizin / Kardiologie,30,Innere Medizin und Kardiologie,10.0,22.0,06:00,14:00,450,,13:30,21:30,450,F,21:15,06:15,495,F|S,11,10,8,10,30,45,8,38.5,30,0.1,0,2.0.0,20261130
PK-005,2026-12-20,plan,20,Sonntag,7,51,1,0,,Pflegefachkraft,Pflegefachkraft,EXAM,0.6,23.1,5544,5544,4990,6098,5,2,2,8,1,1,Pflegefachkraft,0,0.0,-1449,19,19,1,2,1,3759,1,,,,,,0,,0,,3,2,2,1,1504,1,3,2,2,1,1316,1,2,1,2,0,940,0,ST-IK1,Normalstation Innere Medizin / Kardiologie,30,Innere Medizin und Kardiologie,10.0,22.0,06:00,14:00,450,,13:30,21:30,450,F,21:15,06:15,495,F|S,11,10,8,10,30,45,8,38.5,30,0.1,0,2.0.0,20261130
PK-006,2026-12-20,plan,20,Sonntag,7,51,1,0,,Pflegefachkraft,Pflegefachkraft,EXAM,1.0,38.5,9240,9240,8316,10164,5,2,2,8,1,1,Pflegefachkraft,0,0.0,-2670,19,19,1,2,1,3759,1,,,,,,0,,0,,3,2,2,1,1504,1,3,2,2,1,1316,1,2,1,2,0,940,0,ST-IK1,Normalstation Innere Medizin / Kardiologie,30,Innere Medizin und Kardiologie,10.0,22.0,06:00,14:00,450,,13:30,21:30,450,F,21:15,06:15,495,F|S,11,10,8,10,30,45,8,38.5,30,0.1,0,2.0.0,20261130
PK-007,2026-12-20,plan,20,Sonntag,7,51,1,0,,Pflegefachkraft,Pflegefachkraft,EXAM|PRAXISANLEITUNG,1.0,38.5,9240,9240,8316,10164,5,2,2,8,1,1,Pflegefachkraft,0,0.0,-2175,19,19,1,2,1,3759,1,,,,,,0,,0,,3,2,2,1,1504,1,3,2,2,1,1316,1,2,1,2,0,940,0,ST-IK1,Normalstation Innere Medizin / Kardiologie,30,Innere Medizin und Kardiologie,10.0,22.0,06:00,14:00,450,,13:30,21:30,450,F,21:15,06:15,495,F|S,11,10,8,10,30,45,8,38.5,30,0.1,0,2.0.0,20261130
PK-008,2026-12-20,plan,20,Sonntag,7,51,1,0,,Pflegefachkraft,Pflegefachkraft,EXAM,0.6,23.1,5544,5544,4990,6098,5,2,2,8,1,1,Pflegefachkraft,0,0.0,-1449,19,19,1,2,1,3759,1,,,,,,0,,0,,3,2,2,1,1504,1,3,2,2,1,1316,1,2,1,2,0,940,0,ST-IK1,Normalstation Innere Medizin / Kardiologie,30,Innere Medizin und Kardiologie,10.0,22.0,06:00,14:00,450,,13:30,21:30,450,F,21:15,06:15,495,F|S,11,10,8,10,30,45,8,38.5,30,0.1,0,2.0.0,20261130
PK-009,2026-12-20,plan,20,Sonntag,7,51,1,0,,Pflegefachkraft,Pflegefachkraft,EXAM,1.0,38.5,9240,9240,8316,10164,5,2,2,8,1,1,Pflegefachkraft,0,0.0,-2445,19,19,1,2,1,3759,1,,,,,,0,,0,,3,2,2,1,1504,1,3,2,2,1,1316,1,2,1,2,0,940,0,ST-IK1,Normalstation Innere Medizin / Kardiologie,30,Innere Medizin und Kardiologie,10.0,22.0,06:00,14:00,450,,13:30,21:30,450,F,21:15,06:15,495,F|S,11,10,8,10,30,45,8,38.5,30,0.1,0,2.0.0,20261130
PK-010,2026-12-20,plan,20,Sonntag,7,51,1,0,,Pflegefachkraft,Pflegefachkraft,EXAM,0.8,30.8,7392,7392,6653,8131,5,2,2,8,1,1,Pflegefachkraft,0,0.0,-1947,19,19,1,2,1,3759,1,,,,,,0,,0,,3,2,2,1,1504,1,3,2,2,1,1316,1,2,1,2,0,940,0,ST-IK1,Normalstation Innere Medizin / Kardiologie,30,Innere Medizin und Kardiologie,10.0,22.0,06:00,14:00,450,,13:30,21:30,450,F,21:15,06:15,495,F|S,11,10,8,10,30,45,8,38.5,30,0.1,0,2.0.0,20261130
PK-011,2026-12-20,plan,20,Sonntag,7,51,1,0,,Pflegefachkraft,Pflegefachkraft,EXAM|PRAXISANLEITUNG|KARDIO_MONITORING,1.0,38.5,9240,9240,8316,10164,5,2,2,8,1,1,Pflegefachkraft,0,0.0,-2445,19,19,1,2,1,3759,1,,,,,,0,,0,,3,2,2,1,1504,1,3,2,2,1,1316,1,2,1,2,0,940,0,ST-IK1,Normalstation Innere Medizin / Kardiologie,30,Innere Medizin und Kardiologie,10.0,22.0,06:00,14:00,450,,13:30,21:30,450,F,21:15,06:15,495,F|S,11,10,8,10,30,45,8,38.5,30,0.1,0,2.0.0,20261130
PK-012,2026-12-20,plan,20,Sonntag,7,51,1,0,,Pflegefachkraft,Pflegefachkraft,EXAM,1.0,38.5,9240,9240,8316,10164,5,2,2,8,1,1,Pflegefachkraft,0,0.0,1104,19,19,1,2,1,3759,1,,,,,,0,,0,,3,2,2,1,1504,1,3,2,2,1,1316,1,2,1,2,0,940,0,ST-IK1,Normalstation Innere Medizin / Kardiologie,30,Innere Medizin und Kardiologie,10.0,22.0,06:00,14:00,450,,13:30,21:30,450,F,21:15,06:15,495,F|S,11,10,8,10,30,45,8,38.5,30,0.1,0,2.0.0,20261130
PK-013,2026-12-20,plan,20,Sonntag,7,51,1,0,,Pflegefachkraft,Pflegefachkraft,EXAM|PRAXISANLEITUNG|KARDIO_MONITORING,1.0,38.5,9240,9240,8316,10164,5,2,2,8,1,1,Pflegefachkraft,0,0.0,1104,19,19,1,2,1,3759,1,,,,,,0,,0,,3,2,2,1,1504,1,3,2,2,1,1316,1,2,1,2,0,940,0,ST-IK1,Normalstation Innere Medizin / Kardiologie,30,Innere Medizin und Kardiologie,10.0,22.0,06:00,14:00,450,,13:30,21:30,450,F,21:15,06:15,495,F|S,11,10,8,10,30,45,8,38.5,30,0.1,0,2.0.0,20261130
PK-014,2026-12-20,plan,20,Sonntag,7,51,1,0,,Pflegefachkraft,Pflegefachkraft,EXAM|PRAXISANLEITUNG,0.9,34.65,8316,8316,7484,9148,5,2,2,8,1,1,Pflegefachkraft,0,0.0,-1926,19,19,1,2,1,3759,1,,,,,,0,,0,,3,2,2,1,1504,1,3,2,2,1,1316,1,2,1,2,0,940,0,ST-IK1,Normalstation Innere Medizin / Kardiologie,30,Innere Medizin und Kardiologie,10.0,22.0,06:00,14:00,450,,13:30,21:30,450,F,21:15,06:15,495,F|S,11,10,8,10,30,45,8,38.5,30,0.1,0,2.0.0,20261130
PK-015,2026-12-20,plan,20,Sonntag,7,51,1,0,,Pflegefachkraft,Pflegefachkraft,EXAM|KARDIO_MONITORING,1.0,38.5,9240,9240,8316,10164,5,2,2,8,1,1,Pflegefachkraft,0,0.0,-2355,19,19,1,2,1,3759,1,,,,,,0,,0,,3,2,2,1,1504,1,3,2,2,1,1316,1,2,1,2,0,940,0,ST-IK1,Normalstation Innere Medizin / Kardiologie,30,Innere Medizin und Kardiologie,10.0,22.0,06:00,14:00,450,,13:30,21:30,450,F,21:15,06:15,495,F|S,11,10,8,10,30,45,8,38.5,30,0.1,0,2.0.0,20261130
PK-016,2026-12-20,plan,20,Sonntag,7,51,1,0,,Pflegefachkraft,Pflegefachkraft,EXAM|KARDIO_MONITORING,1.0,38.5,9240,9240,8316,10164,5,2,2,8,1,1,Pflegefachkraft,0,0.0,-2625,19,19,1,2,1,3759,1,,,,,,0,,0,,3,2,2,1,1504,1,3,2,2,1,1316,1,2,1,2,0,940,0,ST-IK1,Normalstation Innere Medizin / Kardiologie,30,Innere Medizin und Kardiologie,10.0,22.0,06:00,14:00,450,,13:30,21:30,450,F,21:15,06:15,495,F|S,11,10,8,10,30,45,8,38.5,30,0.1,0,2.0.0,20261130
PK-017,2026-12-20,plan,20,Sonntag,7,51,1,0,,Pflegefachkraft,Pflegefachkraft,EXAM,0.5,19.25,4620,4620,4158,5082,5,2,2,8,1,1,Pflegefachkraft,0,0.0,-885,19,19,1,2,1,3759,0,LANGZEITABWESENHEIT,,,,,0,,0,,3,2,2,1,1504,1,3,2,2,1,1316,1,2,1,2,0,940,0,ST-IK1,Normalstation Innere Medizin / Kardiologie,30,Innere Medizin und Kardiologie,10.0,22.0,06:00,14:00,450,,13:30,21:30,450,F,21:15,06:15,495,F|S,11,10,8,10,30,45,8,38.5,30,0.1,0,2.0.0,20261130
AZ-001,2026-12-21,plan,21,Montag,1,52,0,0,,Auszubildende_r_3_Ausbildungsjahr,Auszubildende,AUSZUBILDEND,1.0,38.5,9240,9240,8316,10164,5,2,2,8,1,0,nicht anrechenbar,0,0.0,-9240,24,23,6,5,1,4594,1,,,,,,0,,0,,4,3,3,1,1838,1,4,3,3,1,1608,1,2,2,2,0,1148,0,ST-IK1,Normalstation Innere Medizin / Kardiologie,30,Innere Medizin und Kardiologie,10.0,22.0,06:00,14:00,450,,13:30,21:30,450,F,21:15,06:15,495,F|S,11,10,8,10,30,45,8,38.5,30,0.1,0,2.0.0,20261130
AZ-002,2026-12-21,plan,21,Montag,1,52,0,0,,Auszubildende_r_2_Ausbildungsjahr,Auszubildende,AUSZUBILDEND,1.0,38.5,9240,9240,8316,10164,5,2,2,8,1,0,nicht anrechenbar,0,0.0,-9240,24,23,6,5,1,4594,1,,,,,,0,,0,,4,3,3,1,1838,1,4,3,3,1,1608,1,2,2,2,0,1148,0,ST-IK1,Normalstation Innere Medizin / Kardiologie,30,Innere Medizin und Kardiologie,10.0,22.0,06:00,14:00,450,,13:30,21:30,450,F,21:15,06:15,495,F|S,11,10,8,10,30,45,8,38.5,30,0.1,0,2.0.0,20261130
AZ-003,2026-12-21,plan,21,Montag,1,52,0,0,,Auszubildende_r_1_Ausbildungsjahr,Auszubildende,AUSZUBILDEND,1.0,38.5,9240,9240,8316,10164,5,2,2,0,0,0,nicht anrechenbar,0,0.0,-9240,24,23,6,5,1,4594,1,,,,,,0,,0,,4,3,3,1,1838,1,4,3,3,1,1608,1,2,2,2,0,1148,0,ST-IK1,Normalstation Innere Medizin / Kardiologie,30,Innere Medizin und Kardiologie,10.0,22.0,06:00,14:00,450,,13:30,21:30,450,F,21:15,06:15,495,F|S,11,10,8,10,30,45,8,38.5,30,0.1,0,2.0.0,20261130
PH-001,2026-12-21,plan,21,Montag,1,52,0,0,,Pflegehilfskraft,Pflegehilfskraft,PFLEGEHILFE,0.75,28.88,6931,6931,6238,7624,5,2,2,0,0,1,Pflegehilfskraft,0,0.0,-1530,24,23,6,5,1,4594,1,,,,,,0,,0,,4,3,3,1,1838,1,4,3,3,1,1608,1,2,2,2,0,1148,0,ST-IK1,Normalstation Innere Medizin / Kardiologie,30,Innere Medizin und Kardiologie,10.0,22.0,06:00,14:00,450,,13:30,21:30,450,F,21:15,06:15,495,F|S,11,10,8,10,30,45,8,38.5,30,0.1,0,2.0.0,20261130
PH-002,2026-12-21,plan,21,Montag,1,52,0,0,,Pflegehilfskraft,Pflegehilfskraft,PFLEGEHILFE,0.5,19.25,4620,4620,4158,5082,5,2,2,0,0,1,Pflegehilfskraft,0,0.0,597,24,23,6,5,1,4594,0,URLAUB,,,,,0,,0,,4,3,3,1,1838,1,4,3,3,1,1608,1,2,2,2,0,1148,0,ST-IK1,Normalstation Innere Medizin / Kardiologie,30,Innere Medizin und Kardiologie,10.0,22.0,06:00,14:00,450,,13:30,21:30,450,F,21:15,06:15,495,F|S,11,10,8,10,30,45,8,38.5,30,0.1,0,2.0.0,20261130
PK-001,2026-12-21,plan,21,Montag,1,52,0,0,,Stationsleitung,Pflegefachkraft,EXAM|LEITUNG|PRAXISANLEITUNG,1.0,38.5,9240,4620,4158,5082,5,2,2,0,0,1,Pflegefachkraft,1,0.5,2130,24,23,6,5,1,4594,0,URLAUB,,,,,0,,0,,4,3,3,1,1838,1,4,3,3,1,1608,1,2,2,2,0,1148,0,ST-IK1,Normalstation Innere Medizin / Kardiologie,30,Innere Medizin und Kardiologie,10.0,22.0,06:00,14:00,450,,13:30,21:30,450,F,21:15,06:15,495,F|S,11,10,8,10,30,45,8,38.5,30,0.1,0,2.0.0,20261130
PK-002,2026-12-21,plan,21,Montag,1,52,0,0,,Pflegefachkraft,Pflegefachkraft,EXAM|PRAXISANLEITUNG|KARDIO_MONITORING,0.5,19.25,4620,4620,4158,5082,5,2,2,8,1,1,Pflegefachkraft,0,0.0,-885,24,23,6,5,1,4594,1,,,,,,0,,0,,4,3,3,1,1838,1,4,3,3,1,1608,1,2,2,2,0,1148,0,ST-IK1,Normalstation Innere Medizin / Kardiologie,30,Innere Medizin und Kardiologie,10.0,22.0,06:00,14:00,450,,13:30,21:30,450,F,21:15,06:15,495,F|S,11,10,8,10,30,45,8,38.5,30,0.1,0,2.0.0,20261130
PK-003,2026-12-21,plan,21,Montag,1,52,0,0,,Pflegefachkraft,Pflegefachkraft,EXAM,0.75,28.88,6931,6931,6238,7624,5,2,2,8,1,1,Pflegefachkraft,0,0.0,-1890,24,23,6,5,1,4594,1,,,,,,0,,0,,4,3,3,1,1838,1,4,3,3,1,1608,1,2,2,2,0,1148,0,ST-IK1,Normalstation Innere Medizin / Kardiologie,30,Innere Medizin und Kardiologie,10.0,22.0,06:00,14:00,450,,13:30,21:30,450,F,21:15,06:15,495,F|S,11,10,8,10,30,45,8,38.5,30,0.1,0,2.0.0,20261130
PK-004,2026-12-21,plan,21,Montag,1,52,0,0,,Pflegefachkraft,Pflegefachkraft,EXAM,0.75,28.88,6931,6931,6238,7624,5,2,2,8,1,1,Pflegefachkraft,0,0.0,-1890,24,23,6,5,1,4594,1,,,,,,0,,0,,4,3,3,1,1838,1,4,3,3,1,1608,1,2,2,2,0,1148,0,ST-IK1,Normalstation Innere Medizin / Kardiologie,30,Innere Medizin und Kardiologie,10.0,22.0,06:00,14:00,450,,13:30,21:30,450,F,21:15,06:15,495,F|S,11,10,8,10,30,45,8,38.5,30,0.1,0,2.0.0,20261130
PK-005,2026-12-21,plan,21,Montag,1,52,0,0,,Pflegefachkraft,Pflegefachkraft,EXAM,0.6,23.1,5544,5544,4990,6098,5,2,2,8,1,1,Pflegefachkraft,0,0.0,-1449,24,23,6,5,1,4594,1,,,,,,0,,0,,4,3,3,1,1838,1,4,3,3,1,1608,1,2,2,2,0,1148,0,ST-IK1,Normalstation Innere Medizin / Kardiologie,30,Innere Medizin und Kardiologie,10.0,22.0,06:00,14:00,450,,13:30,21:30,450,F,21:15,06:15,495,F|S,11,10,8,10,30,45,8,38.5,30,0.1,0,2.0.0,20261130
PK-006,2026-12-21,plan,21,Montag,1,52,0,0,,Pflegefachkraft,Pflegefachkraft,EXAM,1.0,38.5,9240,9240,8316,10164,5,2,2,8,1,1,Pflegefachkraft,0,0.0,-2670,24,23,6,5,1,4594,1,,,,,,0,,0,,4,3,3,1,1838,1,4,3,3,1,1608,1,2,2,2,0,1148,0,ST-IK1,Normalstation Innere Medizin / Kardiologie,30,Innere Medizin und Kardiologie,10.0,22.0,06:00,14:00,450,,13:30,21:30,450,F,21:15,06:15,495,F|S,11,10,8,10,30,45,8,38.5,30,0.1,0,2.0.0,20261130
PK-007,2026-12-21,plan,21,Montag,1,52,0,0,,Pflegefachkraft,Pflegefachkraft,EXAM|PRAXISANLEITUNG,1.0,38.5,9240,9240,8316,10164,5,2,2,8,1,1,Pflegefachkraft,0,0.0,-2175,24,23,6,5,1,4594,1,,,,,,0,,0,,4,3,3,1,1838,1,4,3,3,1,1608,1,2,2,2,0,1148,0,ST-IK1,Normalstation Innere Medizin / Kardiologie,30,Innere Medizin und Kardiologie,10.0,22.0,06:00,14:00,450,,13:30,21:30,450,F,21:15,06:15,495,F|S,11,10,8,10,30,45,8,38.5,30,0.1,0,2.0.0,20261130
PK-008,2026-12-21,plan,21,Montag,1,52,0,0,,Pflegefachkraft,Pflegefachkraft,EXAM,0.6,23.1,5544,5544,4990,6098,5,2,2,8,1,1,Pflegefachkraft,0,0.0,-1449,24,23,6,5,1,4594,1,,,,,,0,,0,,4,3,3,1,1838,1,4,3,3,1,1608,1,2,2,2,0,1148,0,ST-IK1,Normalstation Innere Medizin / Kardiologie,30,Innere Medizin und Kardiologie,10.0,22.0,06:00,14:00,450,,13:30,21:30,450,F,21:15,06:15,495,F|S,11,10,8,10,30,45,8,38.5,30,0.1,0,2.0.0,20261130
PK-009,2026-12-21,plan,21,Montag,1,52,0,0,,Pflegefachkraft,Pflegefachkraft,EXAM,1.0,38.5,9240,9240,8316,10164,5,2,2,8,1,1,Pflegefachkraft,0,0.0,-2445,24,23,6,5,1,4594,1,,,,,,0,,0,,4,3,3,1,1838,1,4,3,3,1,1608,1,2,2,2,0,1148,0,ST-IK1,Normalstation Innere Medizin / Kardiologie,30,Innere Medizin und Kardiologie,10.0,22.0,06:00,14:00,450,,13:30,21:30,450,F,21:15,06:15,495,F|S,11,10,8,10,30,45,8,38.5,30,0.1,0,2.0.0,20261130
PK-010,2026-12-21,plan,21,Montag,1,52,0,0,,Pflegefachkraft,Pflegefachkraft,EXAM,0.8,30.8,7392,7392,6653,8131,5,2,2,8,1,1,Pflegefachkraft,0,0.0,-1947,24,23,6,5,1,4594,1,,,,,,0,,0,,4,3,3,1,1838,1,4,3,3,1,1608,1,2,2,2,0,1148,0,ST-IK1,Normalstation Innere Medizin / Kardiologie,30,Innere Medizin und Kardiologie,10.0,22.0,06:00,14:00,450,,13:30,21:30,450,F,21:15,06:15,495,F|S,11,10,8,10,30,45,8,38.5,30,0.1,0,2.0.0,20261130
PK-011,2026-12-21,plan,21,Montag,1,52,0,0,,Pflegefachkraft,Pflegefachkraft,EXAM|PRAXISANLEITUNG|KARDIO_MONITORING,1.0,38.5,9240,9240,8316,10164,5,2,2,8,1,1,Pflegefachkraft,0,0.0,-2445,24,23,6,5,1,4594,1,,,,,,0,,0,,4,3,3,1,1838,1,4,3,3,1,1608,1,2,2,2,0,1148,0,ST-IK1,Normalstation Innere Medizin / Kardiologie,30,Innere Medizin und Kardiologie,10.0,22.0,06:00,14:00,450,,13:30,21:30,450,F,21:15,06:15,495,F|S,11,10,8,10,30,45,8,38.5,30,0.1,0,2.0.0,20261130
PK-012,2026-12-21,plan,21,Montag,1,52,0,0,,Pflegefachkraft,Pflegefachkraft,EXAM,1.0,38.5,9240,9240,8316,10164,5,2,2,8,1,1,Pflegefachkraft,0,0.0,1104,24,23,6,5,1,4594,1,,,,,,0,,0,,4,3,3,1,1838,1,4,3,3,1,1608,1,2,2,2,0,1148,0,ST-IK1,Normalstation Innere Medizin / Kardiologie,30,Innere Medizin und Kardiologie,10.0,22.0,06:00,14:00,450,,13:30,21:30,450,F,21:15,06:15,495,F|S,11,10,8,10,30,45,8,38.5,30,0.1,0,2.0.0,20261130
PK-013,2026-12-21,plan,21,Montag,1,52,0,0,,Pflegefachkraft,Pflegefachkraft,EXAM|PRAXISANLEITUNG|KARDIO_MONITORING,1.0,38.5,9240,9240,8316,10164,5,2,2,8,1,1,Pflegefachkraft,0,0.0,1104,24,23,6,5,1,4594,1,,,,,,0,,0,,4,3,3,1,1838,1,4,3,3,1,1608,1,2,2,2,0,1148,0,ST-IK1,Normalstation Innere Medizin / Kardiologie,30,Innere Medizin und Kardiologie,10.0,22.0,06:00,14:00,450,,13:30,21:30,450,F,21:15,06:15,495,F|S,11,10,8,10,30,45,8,38.5,30,0.1,0,2.0.0,20261130
PK-014,2026-12-21,plan,21,Montag,1,52,0,0,,Pflegefachkraft,Pflegefachkraft,EXAM|PRAXISANLEITUNG,0.9,34.65,8316,8316,7484,9148,5,2,2,8,1,1,Pflegefachkraft,0,0.0,-1926,24,23,6,5,1,4594,1,,,,,,0,,0,,4,3,3,1,1838,1,4,3,3,1,1608,1,2,2,2,0,1148,0,ST-IK1,Normalstation Innere Medizin / Kardiologie,30,Innere Medizin und Kardiologie,10.0,22.0,06:00,14:00,450,,13:30,21:30,450,F,21:15,06:15,495,F|S,11,10,8,10,30,45,8,38.5,30,0.1,0,2.0.0,20261130
PK-015,2026-12-21,plan,21,Montag,1,52,0,0,,Pflegefachkraft,Pflegefachkraft,EXAM|KARDIO_MONITORING,1.0,38.5,9240,9240,8316,10164,5,2,2,8,1,1,Pflegefachkraft,0,0.0,-2355,24,23,6,5,1,4594,1,,,,,,0,,0,,4,3,3,1,1838,1,4,3,3,1,1608,1,2,2,2,0,1148,0,ST-IK1,Normalstation Innere Medizin / Kardiologie,30,Innere Medizin und Kardiologie,10.0,22.0,06:00,14:00,450,,13:30,21:30,450,F,21:15,06:15,495,F|S,11,10,8,10,30,45,8,38.5,30,0.1,0,2.0.0,20261130
PK-016,2026-12-21,plan,21,Montag,1,52,0,0,,Pflegefachkraft,Pflegefachkraft,EXAM|KARDIO_MONITORING,1.0,38.5,9240,9240,8316,10164,5,2,2,8,1,1,Pflegefachkraft,0,0.0,-2625,24,23,6,5,1,4594,1,,,,,,0,,0,,4,3,3,1,1838,1,4,3,3,1,1608,1,2,2,2,0,1148,0,ST-IK1,Normalstation Innere Medizin / Kardiologie,30,Innere Medizin und Kardiologie,10.0,22.0,06:00,14:00,450,,13:30,21:30,450,F,21:15,06:15,495,F|S,11,10,8,10,30,45,8,38.5,30,0.1,0,2.0.0,20261130
PK-017,2026-12-21,plan,21,Montag,1,52,0,0,,Pflegefachkraft,Pflegefachkraft,EXAM,0.5,19.25,4620,4620,4158,5082,5,2,2,8,1,1,Pflegefachkraft,0,0.0,-885,24,23,6,5,1,4594,0,LANGZEITABWESENHEIT,,,,,0,,0,,4,3,3,1,1838,1,4,3,3,1,1608,1,2,2,2,0,1148,0,ST-IK1,Normalstation Innere Medizin / Kardiologie,30,Innere Medizin und Kardiologie,10.0,22.0,06:00,14:00,450,,13:30,21:30,450,F,21:15,06:15,495,F|S,11,10,8,10,30,45,8,38.5,30,0.1,0,2.0.0,20261130
AZ-001,2026-12-22,plan,22,Dienstag,2,52,0,0,,Auszubildende_r_3_Ausbildungsjahr,Auszubildende,AUSZUBILDEND,1.0,38.5,9240,9240,8316,10164,5,2,2,8,1,0,nicht anrechenbar,0,0.0,-9240,23,21,2,2,1,3608,1,,,,,,0,,0,,3,3,2,1,1443,1,3,3,2,1,1263,1,2,1,2,0,902,0,ST-IK1,Normalstation Innere Medizin / Kardiologie,30,Innere Medizin und Kardiologie,10.0,22.0,06:00,14:00,450,,13:30,21:30,450,F,21:15,06:15,495,F|S,11,10,8,10,30,45,8,38.5,30,0.1,0,2.0.0,20261130
AZ-002,2026-12-22,plan,22,Dienstag,2,52,0,0,,Auszubildende_r_2_Ausbildungsjahr,Auszubildende,AUSZUBILDEND,1.0,38.5,9240,9240,8316,10164,5,2,2,8,1,0,nicht anrechenbar,0,0.0,-9240,23,21,2,2,1,3608,1,,,,,,0,,0,,3,3,2,1,1443,1,3,3,2,1,1263,1,2,1,2,0,902,0,ST-IK1,Normalstation Innere Medizin / Kardiologie,30,Innere Medizin und Kardiologie,10.0,22.0,06:00,14:00,450,,13:30,21:30,450,F,21:15,06:15,495,F|S,11,10,8,10,30,45,8,38.5,30,0.1,0,2.0.0,20261130
AZ-003,2026-12-22,plan,22,Dienstag,2,52,0,0,,Auszubildende_r_1_Ausbildungsjahr,Auszubildende,AUSZUBILDEND,1.0,38.5,9240,9240,8316,10164,5,2,2,0,0,0,nicht anrechenbar,0,0.0,-9240,23,21,2,2,1,3608,1,,,,,,0,,0,,3,3,2,1,1443,1,3,3,2,1,1263,1,2,1,2,0,902,0,ST-IK1,Normalstation Innere Medizin / Kardiologie,30,Innere Medizin und Kardiologie,10.0,22.0,06:00,14:00,450,,13:30,21:30,450,F,21:15,06:15,495,F|S,11,10,8,10,30,45,8,38.5,30,0.1,0,2.0.0,20261130
PH-001,2026-12-22,plan,22,Dienstag,2,52,0,0,,Pflegehilfskraft,Pflegehilfskraft,PFLEGEHILFE,0.75,28.88,6931,6931,6238,7624,5,2,2,0,0,1,Pflegehilfskraft,0,0.0,-1530,23,21,2,2,1,3608,1,,,,,,0,,0,,3,3,2,1,1443,1,3,3,2,1,1263,1,2,1,2,0,902,0,ST-IK1,Normalstation Innere Medizin / Kardiologie,30,Innere Medizin und Kardiologie,10.0,22.0,06:00,14:00,450,,13:30,21:30,450,F,21:15,06:15,495,F|S,11,10,8,10,30,45,8,38.5,30,0.1,0,2.0.0,20261130
PH-002,2026-12-22,plan,22,Dienstag,2,52,0,0,,Pflegehilfskraft,Pflegehilfskraft,PFLEGEHILFE,0.5,19.25,4620,4620,4158,5082,5,2,2,0,0,1,Pflegehilfskraft,0,0.0,597,23,21,2,2,1,3608,0,URLAUB,,,,,0,,0,,3,3,2,1,1443,1,3,3,2,1,1263,1,2,1,2,0,902,0,ST-IK1,Normalstation Innere Medizin / Kardiologie,30,Innere Medizin und Kardiologie,10.0,22.0,06:00,14:00,450,,13:30,21:30,450,F,21:15,06:15,495,F|S,11,10,8,10,30,45,8,38.5,30,0.1,0,2.0.0,20261130
PK-001,2026-12-22,plan,22,Dienstag,2,52,0,0,,Stationsleitung,Pflegefachkraft,EXAM|LEITUNG|PRAXISANLEITUNG,1.0,38.5,9240,4620,4158,5082,5,2,2,0,0,1,Pflegefachkraft,1,0.5,2130,23,21,2,2,1,3608,0,URLAUB,,,,,0,,0,,3,3,2,1,1443,1,3,3,2,1,1263,1,2,1,2,0,902,0,ST-IK1,Normalstation Innere Medizin / Kardiologie,30,Innere Medizin und Kardiologie,10.0,22.0,06:00,14:00,450,,13:30,21:30,450,F,21:15,06:15,495,F|S,11,10,8,10,30,45,8,38.5,30,0.1,0,2.0.0,20261130
PK-002,2026-12-22,plan,22,Dienstag,2,52,0,0,,Pflegefachkraft,Pflegefachkraft,EXAM|PRAXISANLEITUNG|KARDIO_MONITORING,0.5,19.25,4620,4620,4158,5082,5,2,2,8,1,1,Pflegefachkraft,0,0.0,-885,23,21,2,2,1,3608,1,,,,,,0,,0,,3,3,2,1,1443,1,3,3,2,1,1263,1,2,1,2,0,902,0,ST-IK1,Normalstation Innere Medizin / Kardiologie,30,Innere Medizin und Kardiologie,10.0,22.0,06:00,14:00,450,,13:30,21:30,450,F,21:15,06:15,495,F|S,11,10,8,10,30,45,8,38.5,30,0.1,0,2.0.0,20261130
PK-003,2026-12-22,plan,22,Dienstag,2,52,0,0,,Pflegefachkraft,Pflegefachkraft,EXAM,0.75,28.88,6931,6931,6238,7624,5,2,2,8,1,1,Pflegefachkraft,0,0.0,-1890,23,21,2,2,1,3608,1,,,,,,0,,0,,3,3,2,1,1443,1,3,3,2,1,1263,1,2,1,2,0,902,0,ST-IK1,Normalstation Innere Medizin / Kardiologie,30,Innere Medizin und Kardiologie,10.0,22.0,06:00,14:00,450,,13:30,21:30,450,F,21:15,06:15,495,F|S,11,10,8,10,30,45,8,38.5,30,0.1,0,2.0.0,20261130
PK-004,2026-12-22,plan,22,Dienstag,2,52,0,0,,Pflegefachkraft,Pflegefachkraft,EXAM,0.75,28.88,6931,6931,6238,7624,5,2,2,8,1,1,Pflegefachkraft,0,0.0,-1890,23,21,2,2,1,3608,1,,,,,,0,,0,,3,3,2,1,1443,1,3,3,2,1,1263,1,2,1,2,0,902,0,ST-IK1,Normalstation Innere Medizin / Kardiologie,30,Innere Medizin und Kardiologie,10.0,22.0,06:00,14:00,450,,13:30,21:30,450,F,21:15,06:15,495,F|S,11,10,8,10,30,45,8,38.5,30,0.1,0,2.0.0,20261130
PK-005,2026-12-22,plan,22,Dienstag,2,52,0,0,,Pflegefachkraft,Pflegefachkraft,EXAM,0.6,23.1,5544,5544,4990,6098,5,2,2,8,1,1,Pflegefachkraft,0,0.0,-1449,23,21,2,2,1,3608,1,,,,,,0,,0,,3,3,2,1,1443,1,3,3,2,1,1263,1,2,1,2,0,902,0,ST-IK1,Normalstation Innere Medizin / Kardiologie,30,Innere Medizin und Kardiologie,10.0,22.0,06:00,14:00,450,,13:30,21:30,450,F,21:15,06:15,495,F|S,11,10,8,10,30,45,8,38.5,30,0.1,0,2.0.0,20261130
PK-006,2026-12-22,plan,22,Dienstag,2,52,0,0,,Pflegefachkraft,Pflegefachkraft,EXAM,1.0,38.5,9240,9240,8316,10164,5,2,2,8,1,1,Pflegefachkraft,0,0.0,-2670,23,21,2,2,1,3608,1,,,,,,0,,0,,3,3,2,1,1443,1,3,3,2,1,1263,1,2,1,2,0,902,0,ST-IK1,Normalstation Innere Medizin / Kardiologie,30,Innere Medizin und Kardiologie,10.0,22.0,06:00,14:00,450,,13:30,21:30,450,F,21:15,06:15,495,F|S,11,10,8,10,30,45,8,38.5,30,0.1,0,2.0.0,20261130
PK-007,2026-12-22,plan,22,Dienstag,2,52,0,0,,Pflegefachkraft,Pflegefachkraft,EXAM|PRAXISANLEITUNG,1.0,38.5,9240,9240,8316,10164,5,2,2,8,1,1,Pflegefachkraft,0,0.0,-2175,23,21,2,2,1,3608,1,,,,,,0,,0,,3,3,2,1,1443,1,3,3,2,1,1263,1,2,1,2,0,902,0,ST-IK1,Normalstation Innere Medizin / Kardiologie,30,Innere Medizin und Kardiologie,10.0,22.0,06:00,14:00,450,,13:30,21:30,450,F,21:15,06:15,495,F|S,11,10,8,10,30,45,8,38.5,30,0.1,0,2.0.0,20261130
PK-008,2026-12-22,plan,22,Dienstag,2,52,0,0,,Pflegefachkraft,Pflegefachkraft,EXAM,0.6,23.1,5544,5544,4990,6098,5,2,2,8,1,1,Pflegefachkraft,0,0.0,-1449,23,21,2,2,1,3608,1,,,,,,0,,0,,3,3,2,1,1443,1,3,3,2,1,1263,1,2,1,2,0,902,0,ST-IK1,Normalstation Innere Medizin / Kardiologie,30,Innere Medizin und Kardiologie,10.0,22.0,06:00,14:00,450,,13:30,21:30,450,F,21:15,06:15,495,F|S,11,10,8,10,30,45,8,38.5,30,0.1,0,2.0.0,20261130
PK-009,2026-12-22,plan,22,Dienstag,2,52,0,0,,Pflegefachkraft,Pflegefachkraft,EXAM,1.0,38.5,9240,9240,8316,10164,5,2,2,8,1,1,Pflegefachkraft,0,0.0,-2445,23,21,2,2,1,3608,1,,,,,,0,,0,,3,3,2,1,1443,1,3,3,2,1,1263,1,2,1,2,0,902,0,ST-IK1,Normalstation Innere Medizin / Kardiologie,30,Innere Medizin und Kardiologie,10.0,22.0,06:00,14:00,450,,13:30,21:30,450,F,21:15,06:15,495,F|S,11,10,8,10,30,45,8,38.5,30,0.1,0,2.0.0,20261130
PK-010,2026-12-22,plan,22,Dienstag,2,52,0,0,,Pflegefachkraft,Pflegefachkraft,EXAM,0.8,30.8,7392,7392,6653,8131,5,2,2,8,1,1,Pflegefachkraft,0,0.0,-1947,23,21,2,2,1,3608,1,,,,,,0,,0,,3,3,2,1,1443,1,3,3,2,1,1263,1,2,1,2,0,902,0,ST-IK1,Normalstation Innere Medizin / Kardiologie,30,Innere Medizin und Kardiologie,10.0,22.0,06:00,14:00,450,,13:30,21:30,450,F,21:15,06:15,495,F|S,11,10,8,10,30,45,8,38.5,30,0.1,0,2.0.0,20261130
PK-011,2026-12-22,plan,22,Dienstag,2,52,0,0,,Pflegefachkraft,Pflegefachkraft,EXAM|PRAXISANLEITUNG|KARDIO_MONITORING,1.0,38.5,9240,9240,8316,10164,5,2,2,8,1,1,Pflegefachkraft,0,0.0,-2445,23,21,2,2,1,3608,1,,,,,,0,,0,,3,3,2,1,1443,1,3,3,2,1,1263,1,2,1,2,0,902,0,ST-IK1,Normalstation Innere Medizin / Kardiologie,30,Innere Medizin und Kardiologie,10.0,22.0,06:00,14:00,450,,13:30,21:30,450,F,21:15,06:15,495,F|S,11,10,8,10,30,45,8,38.5,30,0.1,0,2.0.0,20261130
PK-012,2026-12-22,plan,22,Dienstag,2,52,0,0,,Pflegefachkraft,Pflegefachkraft,EXAM,1.0,38.5,9240,9240,8316,10164,5,2,2,8,1,1,Pflegefachkraft,0,0.0,1104,23,21,2,2,1,3608,1,,,,,,0,,0,,3,3,2,1,1443,1,3,3,2,1,1263,1,2,1,2,0,902,0,ST-IK1,Normalstation Innere Medizin / Kardiologie,30,Innere Medizin und Kardiologie,10.0,22.0,06:00,14:00,450,,13:30,21:30,450,F,21:15,06:15,495,F|S,11,10,8,10,30,45,8,38.5,30,0.1,0,2.0.0,20261130
PK-013,2026-12-22,plan,22,Dienstag,2,52,0,0,,Pflegefachkraft,Pflegefachkraft,EXAM|PRAXISANLEITUNG|KARDIO_MONITORING,1.0,38.5,9240,9240,8316,10164,5,2,2,8,1,1,Pflegefachkraft,0,0.0,1104,23,21,2,2,1,3608,1,,,,,,0,,0,,3,3,2,1,1443,1,3,3,2,1,1263,1,2,1,2,0,902,0,ST-IK1,Normalstation Innere Medizin / Kardiologie,30,Innere Medizin und Kardiologie,10.0,22.0,06:00,14:00,450,,13:30,21:30,450,F,21:15,06:15,495,F|S,11,10,8,10,30,45,8,38.5,30,0.1,0,2.0.0,20261130
PK-014,2026-12-22,plan,22,Dienstag,2,52,0,0,,Pflegefachkraft,Pflegefachkraft,EXAM|PRAXISANLEITUNG,0.9,34.65,8316,8316,7484,9148,5,2,2,8,1,1,Pflegefachkraft,0,0.0,-1926,23,21,2,2,1,3608,1,,,,,,0,,0,,3,3,2,1,1443,1,3,3,2,1,1263,1,2,1,2,0,902,0,ST-IK1,Normalstation Innere Medizin / Kardiologie,30,Innere Medizin und Kardiologie,10.0,22.0,06:00,14:00,450,,13:30,21:30,450,F,21:15,06:15,495,F|S,11,10,8,10,30,45,8,38.5,30,0.1,0,2.0.0,20261130
PK-015,2026-12-22,plan,22,Dienstag,2,52,0,0,,Pflegefachkraft,Pflegefachkraft,EXAM|KARDIO_MONITORING,1.0,38.5,9240,9240,8316,10164,5,2,2,8,1,1,Pflegefachkraft,0,0.0,-2355,23,21,2,2,1,3608,1,,,,,,0,,0,,3,3,2,1,1443,1,3,3,2,1,1263,1,2,1,2,0,902,0,ST-IK1,Normalstation Innere Medizin / Kardiologie,30,Innere Medizin und Kardiologie,10.0,22.0,06:00,14:00,450,,13:30,21:30,450,F,21:15,06:15,495,F|S,11,10,8,10,30,45,8,38.5,30,0.1,0,2.0.0,20261130
PK-016,2026-12-22,plan,22,Dienstag,2,52,0,0,,Pflegefachkraft,Pflegefachkraft,EXAM|KARDIO_MONITORING,1.0,38.5,9240,9240,8316,10164,5,2,2,8,1,1,Pflegefachkraft,0,0.0,-2625,23,21,2,2,1,3608,1,,,,,,1,4,0,,3,3,2,1,1443,1,3,3,2,1,1263,1,2,1,2,0,902,0,ST-IK1,Normalstation Innere Medizin / Kardiologie,30,Innere Medizin und Kardiologie,10.0,22.0,06:00,14:00,450,,13:30,21:30,450,F,21:15,06:15,495,F|S,11,10,8,10,30,45,8,38.5,30,0.1,0,2.0.0,20261130
PK-017,2026-12-22,plan,22,Dienstag,2,52,0,0,,Pflegefachkraft,Pflegefachkraft,EXAM,0.5,19.25,4620,4620,4158,5082,5,2,2,8,1,1,Pflegefachkraft,0,0.0,-885,23,21,2,2,1,3608,0,LANGZEITABWESENHEIT,,,,,0,,0,,3,3,2,1,1443,1,3,3,2,1,1263,1,2,1,2,0,902,0,ST-IK1,Normalstation Innere Medizin / Kardiologie,30,Innere Medizin und Kardiologie,10.0,22.0,06:00,14:00,450,,13:30,21:30,450,F,21:15,06:15,495,F|S,11,10,8,10,30,45,8,38.5,30,0.1,0,2.0.0,20261130
AZ-001,2026-12-23,plan,23,Mittwoch,3,52,0,0,,Auszubildende_r_3_Ausbildungsjahr,Auszubildende,AUSZUBILDEND,1.0,38.5,9240,9240,8316,10164,5,2,2,8,1,0,nicht anrechenbar,0,0.0,-9240,26,26,8,5,1,4982,1,,,,,,0,,0,,4,3,3,1,1993,1,4,3,3,1,1744,1,3,2,3,0,1246,0,ST-IK1,Normalstation Innere Medizin / Kardiologie,30,Innere Medizin und Kardiologie,10.0,22.0,06:00,14:00,450,,13:30,21:30,450,F,21:15,06:15,495,F|S,11,10,8,10,30,45,8,38.5,30,0.1,0,2.0.0,20261130
AZ-002,2026-12-23,plan,23,Mittwoch,3,52,0,0,,Auszubildende_r_2_Ausbildungsjahr,Auszubildende,AUSZUBILDEND,1.0,38.5,9240,9240,8316,10164,5,2,2,8,1,0,nicht anrechenbar,0,0.0,-9240,26,26,8,5,1,4982,1,,,,,,0,,0,,4,3,3,1,1993,1,4,3,3,1,1744,1,3,2,3,0,1246,0,ST-IK1,Normalstation Innere Medizin / Kardiologie,30,Innere Medizin und Kardiologie,10.0,22.0,06:00,14:00,450,,13:30,21:30,450,F,21:15,06:15,495,F|S,11,10,8,10,30,45,8,38.5,30,0.1,0,2.0.0,20261130
AZ-003,2026-12-23,plan,23,Mittwoch,3,52,0,0,,Auszubildende_r_1_Ausbildungsjahr,Auszubildende,AUSZUBILDEND,1.0,38.5,9240,9240,8316,10164,5,2,2,0,0,0,nicht anrechenbar,0,0.0,-9240,26,26,8,5,1,4982,1,,,,,,0,,0,,4,3,3,1,1993,1,4,3,3,1,1744,1,3,2,3,0,1246,0,ST-IK1,Normalstation Innere Medizin / Kardiologie,30,Innere Medizin und Kardiologie,10.0,22.0,06:00,14:00,450,,13:30,21:30,450,F,21:15,06:15,495,F|S,11,10,8,10,30,45,8,38.5,30,0.1,0,2.0.0,20261130
PH-001,2026-12-23,plan,23,Mittwoch,3,52,0,0,,Pflegehilfskraft,Pflegehilfskraft,PFLEGEHILFE,0.75,28.88,6931,6931,6238,7624,5,2,2,0,0,1,Pflegehilfskraft,0,0.0,-1530,26,26,8,5,1,4982,1,,,,,,1,12,0,,4,3,3,1,1993,1,4,3,3,1,1744,1,3,2,3,0,1246,0,ST-IK1,Normalstation Innere Medizin / Kardiologie,30,Innere Medizin und Kardiologie,10.0,22.0,06:00,14:00,450,,13:30,21:30,450,F,21:15,06:15,495,F|S,11,10,8,10,30,45,8,38.5,30,0.1,0,2.0.0,20261130
PH-002,2026-12-23,plan,23,Mittwoch,3,52,0,0,,Pflegehilfskraft,Pflegehilfskraft,PFLEGEHILFE,0.5,19.25,4620,4620,4158,5082,5,2,2,0,0,1,Pflegehilfskraft,0,0.0,597,26,26,8,5,1,4982,0,URLAUB,,,,,0,,0,,4,3,3,1,1993,1,4,3,3,1,1744,1,3,2,3,0,1246,0,ST-IK1,Normalstation Innere Medizin / Kardiologie,30,Innere Medizin und Kardiologie,10.0,22.0,06:00,14:00,450,,13:30,21:30,450,F,21:15,06:15,495,F|S,11,10,8,10,30,45,8,38.5,30,0.1,0,2.0.0,20261130
PK-001,2026-12-23,plan,23,Mittwoch,3,52,0,0,,Stationsleitung,Pflegefachkraft,EXAM|LEITUNG|PRAXISANLEITUNG,1.0,38.5,9240,4620,4158,5082,5,2,2,0,0,1,Pflegefachkraft,1,0.5,2130,26,26,8,5,1,4982,0,URLAUB,,,,,0,,0,,4,3,3,1,1993,1,4,3,3,1,1744,1,3,2,3,0,1246,0,ST-IK1,Normalstation Innere Medizin / Kardiologie,30,Innere Medizin und Kardiologie,10.0,22.0,06:00,14:00,450,,13:30,21:30,450,F,21:15,06:15,495,F|S,11,10,8,10,30,45,8,38.5,30,0.1,0,2.0.0,20261130
PK-002,2026-12-23,plan,23,Mittwoch,3,52,0,0,,Pflegefachkraft,Pflegefachkraft,EXAM|PRAXISANLEITUNG|KARDIO_MONITORING,0.5,19.25,4620,4620,4158,5082,5,2,2,8,1,1,Pflegefachkraft,0,0.0,-885,26,26,8,5,1,4982,1,,,,,,0,,0,,4,3,3,1,1993,1,4,3,3,1,1744,1,3,2,3,0,1246,0,ST-IK1,Normalstation Innere Medizin / Kardiologie,30,Innere Medizin und Kardiologie,10.0,22.0,06:00,14:00,450,,13:30,21:30,450,F,21:15,06:15,495,F|S,11,10,8,10,30,45,8,38.5,30,0.1,0,2.0.0,20261130
PK-003,2026-12-23,plan,23,Mittwoch,3,52,0,0,,Pflegefachkraft,Pflegefachkraft,EXAM,0.75,28.88,6931,6931,6238,7624,5,2,2,8,1,1,Pflegefachkraft,0,0.0,-1890,26,26,8,5,1,4982,1,,,,,,0,,0,,4,3,3,1,1993,1,4,3,3,1,1744,1,3,2,3,0,1246,0,ST-IK1,Normalstation Innere Medizin / Kardiologie,30,Innere Medizin und Kardiologie,10.0,22.0,06:00,14:00,450,,13:30,21:30,450,F,21:15,06:15,495,F|S,11,10,8,10,30,45,8,38.5,30,0.1,0,2.0.0,20261130
PK-004,2026-12-23,plan,23,Mittwoch,3,52,0,0,,Pflegefachkraft,Pflegefachkraft,EXAM,0.75,28.88,6931,6931,6238,7624,5,2,2,8,1,1,Pflegefachkraft,0,0.0,-1890,26,26,8,5,1,4982,1,,,,,,0,,0,,4,3,3,1,1993,1,4,3,3,1,1744,1,3,2,3,0,1246,0,ST-IK1,Normalstation Innere Medizin / Kardiologie,30,Innere Medizin und Kardiologie,10.0,22.0,06:00,14:00,450,,13:30,21:30,450,F,21:15,06:15,495,F|S,11,10,8,10,30,45,8,38.5,30,0.1,0,2.0.0,20261130
PK-005,2026-12-23,plan,23,Mittwoch,3,52,0,0,,Pflegefachkraft,Pflegefachkraft,EXAM,0.6,23.1,5544,5544,4990,6098,5,2,2,8,1,1,Pflegefachkraft,0,0.0,-1449,26,26,8,5,1,4982,1,,,,,,0,,0,,4,3,3,1,1993,1,4,3,3,1,1744,1,3,2,3,0,1246,0,ST-IK1,Normalstation Innere Medizin / Kardiologie,30,Innere Medizin und Kardiologie,10.0,22.0,06:00,14:00,450,,13:30,21:30,450,F,21:15,06:15,495,F|S,11,10,8,10,30,45,8,38.5,30,0.1,0,2.0.0,20261130
PK-006,2026-12-23,plan,23,Mittwoch,3,52,0,0,,Pflegefachkraft,Pflegefachkraft,EXAM,1.0,38.5,9240,9240,8316,10164,5,2,2,8,1,1,Pflegefachkraft,0,0.0,-2670,26,26,8,5,1,4982,1,,3,,,,0,,0,,4,3,3,1,1993,1,4,3,3,1,1744,1,3,2,3,0,1246,0,ST-IK1,Normalstation Innere Medizin / Kardiologie,30,Innere Medizin und Kardiologie,10.0,22.0,06:00,14:00,450,,13:30,21:30,450,F,21:15,06:15,495,F|S,11,10,8,10,30,45,8,38.5,30,0.1,0,2.0.0,20261130
PK-007,2026-12-23,plan,23,Mittwoch,3,52,0,0,,Pflegefachkraft,Pflegefachkraft,EXAM|PRAXISANLEITUNG,1.0,38.5,9240,9240,8316,10164,5,2,2,8,1,1,Pflegefachkraft,0,0.0,-2175,26,26,8,5,1,4982,1,,,,,,0,,0,,4,3,3,1,1993,1,4,3,3,1,1744,1,3,2,3,0,1246,0,ST-IK1,Normalstation Innere Medizin / Kardiologie,30,Innere Medizin und Kardiologie,10.0,22.0,06:00,14:00,450,,13:30,21:30,450,F,21:15,06:15,495,F|S,11,10,8,10,30,45,8,38.5,30,0.1,0,2.0.0,20261130
PK-008,2026-12-23,plan,23,Mittwoch,3,52,0,0,,Pflegefachkraft,Pflegefachkraft,EXAM,0.6,23.1,5544,5544,4990,6098,5,2,2,8,1,1,Pflegefachkraft,0,0.0,-1449,26,26,8,5,1,4982,1,,,,,,0,,0,,4,3,3,1,1993,1,4,3,3,1,1744,1,3,2,3,0,1246,0,ST-IK1,Normalstation Innere Medizin / Kardiologie,30,Innere Medizin und Kardiologie,10.0,22.0,06:00,14:00,450,,13:30,21:30,450,F,21:15,06:15,495,F|S,11,10,8,10,30,45,8,38.5,30,0.1,0,2.0.0,20261130
PK-009,2026-12-23,plan,23,Mittwoch,3,52,0,0,,Pflegefachkraft,Pflegefachkraft,EXAM,1.0,38.5,9240,9240,8316,10164,5,2,2,8,1,1,Pflegefachkraft,0,0.0,-2445,26,26,8,5,1,4982,1,,,,,,0,,0,,4,3,3,1,1993,1,4,3,3,1,1744,1,3,2,3,0,1246,0,ST-IK1,Normalstation Innere Medizin / Kardiologie,30,Innere Medizin und Kardiologie,10.0,22.0,06:00,14:00,450,,13:30,21:30,450,F,21:15,06:15,495,F|S,11,10,8,10,30,45,8,38.5,30,0.1,0,2.0.0,20261130
PK-010,2026-12-23,plan,23,Mittwoch,3,52,0,0,,Pflegefachkraft,Pflegefachkraft,EXAM,0.8,30.8,7392,7392,6653,8131,5,2,2,8,1,1,Pflegefachkraft,0,0.0,-1947,26,26,8,5,1,4982,1,,,,,,0,,0,,4,3,3,1,1993,1,4,3,3,1,1744,1,3,2,3,0,1246,0,ST-IK1,Normalstation Innere Medizin / Kardiologie,30,Innere Medizin und Kardiologie,10.0,22.0,06:00,14:00,450,,13:30,21:30,450,F,21:15,06:15,495,F|S,11,10,8,10,30,45,8,38.5,30,0.1,0,2.0.0,20261130
PK-011,2026-12-23,plan,23,Mittwoch,3,52,0,0,,Pflegefachkraft,Pflegefachkraft,EXAM|PRAXISANLEITUNG|KARDIO_MONITORING,1.0,38.5,9240,9240,8316,10164,5,2,2,8,1,1,Pflegefachkraft,0,0.0,-2445,26,26,8,5,1,4982,1,,,,,,0,,0,,4,3,3,1,1993,1,4,3,3,1,1744,1,3,2,3,0,1246,0,ST-IK1,Normalstation Innere Medizin / Kardiologie,30,Innere Medizin und Kardiologie,10.0,22.0,06:00,14:00,450,,13:30,21:30,450,F,21:15,06:15,495,F|S,11,10,8,10,30,45,8,38.5,30,0.1,0,2.0.0,20261130
PK-012,2026-12-23,plan,23,Mittwoch,3,52,0,0,,Pflegefachkraft,Pflegefachkraft,EXAM,1.0,38.5,9240,9240,8316,10164,5,2,2,8,1,1,Pflegefachkraft,0,0.0,1104,26,26,8,5,1,4982,1,,,,,,0,,0,,4,3,3,1,1993,1,4,3,3,1,1744,1,3,2,3,0,1246,0,ST-IK1,Normalstation Innere Medizin / Kardiologie,30,Innere Medizin und Kardiologie,10.0,22.0,06:00,14:00,450,,13:30,21:30,450,F,21:15,06:15,495,F|S,11,10,8,10,30,45,8,38.5,30,0.1,0,2.0.0,20261130
PK-013,2026-12-23,plan,23,Mittwoch,3,52,0,0,,Pflegefachkraft,Pflegefachkraft,EXAM|PRAXISANLEITUNG|KARDIO_MONITORING,1.0,38.5,9240,9240,8316,10164,5,2,2,8,1,1,Pflegefachkraft,0,0.0,1104,26,26,8,5,1,4982,1,,,,,,0,,0,,4,3,3,1,1993,1,4,3,3,1,1744,1,3,2,3,0,1246,0,ST-IK1,Normalstation Innere Medizin / Kardiologie,30,Innere Medizin und Kardiologie,10.0,22.0,06:00,14:00,450,,13:30,21:30,450,F,21:15,06:15,495,F|S,11,10,8,10,30,45,8,38.5,30,0.1,0,2.0.0,20261130
PK-014,2026-12-23,plan,23,Mittwoch,3,52,0,0,,Pflegefachkraft,Pflegefachkraft,EXAM|PRAXISANLEITUNG,0.9,34.65,8316,8316,7484,9148,5,2,2,8,1,1,Pflegefachkraft,0,0.0,-1926,26,26,8,5,1,4982,1,,,,,,0,,0,,4,3,3,1,1993,1,4,3,3,1,1744,1,3,2,3,0,1246,0,ST-IK1,Normalstation Innere Medizin / Kardiologie,30,Innere Medizin und Kardiologie,10.0,22.0,06:00,14:00,450,,13:30,21:30,450,F,21:15,06:15,495,F|S,11,10,8,10,30,45,8,38.5,30,0.1,0,2.0.0,20261130
PK-015,2026-12-23,plan,23,Mittwoch,3,52,0,0,,Pflegefachkraft,Pflegefachkraft,EXAM|KARDIO_MONITORING,1.0,38.5,9240,9240,8316,10164,5,2,2,8,1,1,Pflegefachkraft,0,0.0,-2355,26,26,8,5,1,4982,1,,,,,,0,,0,,4,3,3,1,1993,1,4,3,3,1,1744,1,3,2,3,0,1246,0,ST-IK1,Normalstation Innere Medizin / Kardiologie,30,Innere Medizin und Kardiologie,10.0,22.0,06:00,14:00,450,,13:30,21:30,450,F,21:15,06:15,495,F|S,11,10,8,10,30,45,8,38.5,30,0.1,0,2.0.0,20261130
PK-016,2026-12-23,plan,23,Mittwoch,3,52,0,0,,Pflegefachkraft,Pflegefachkraft,EXAM|KARDIO_MONITORING,1.0,38.5,9240,9240,8316,10164,5,2,2,8,1,1,Pflegefachkraft,0,0.0,-2625,26,26,8,5,1,4982,1,,,,,,0,,0,,4,3,3,1,1993,1,4,3,3,1,1744,1,3,2,3,0,1246,0,ST-IK1,Normalstation Innere Medizin / Kardiologie,30,Innere Medizin und Kardiologie,10.0,22.0,06:00,14:00,450,,13:30,21:30,450,F,21:15,06:15,495,F|S,11,10,8,10,30,45,8,38.5,30,0.1,0,2.0.0,20261130
PK-017,2026-12-23,plan,23,Mittwoch,3,52,0,0,,Pflegefachkraft,Pflegefachkraft,EXAM,0.5,19.25,4620,4620,4158,5082,5,2,2,8,1,1,Pflegefachkraft,0,0.0,-885,26,26,8,5,1,4982,0,LANGZEITABWESENHEIT,,,,,0,,0,,4,3,3,1,1993,1,4,3,3,1,1744,1,3,2,3,0,1246,0,ST-IK1,Normalstation Innere Medizin / Kardiologie,30,Innere Medizin und Kardiologie,10.0,22.0,06:00,14:00,450,,13:30,21:30,450,F,21:15,06:15,495,F|S,11,10,8,10,30,45,8,38.5,30,0.1,0,2.0.0,20261130
AZ-001,2026-12-24,plan,24,Donnerstag,4,52,0,0,,Auszubildende_r_3_Ausbildungsjahr,Auszubildende,AUSZUBILDEND,1.0,38.5,9240,9240,8316,10164,5,2,2,8,1,0,nicht anrechenbar,0,0.0,-9240,19,19,2,3,2,3858,1,,2,,,,0,,0,,3,2,2,1,1543,1,3,2,2,1,1350,1,2,1,2,0,964,0,ST-IK1,Normalstation Innere Medizin / Kardiologie,30,Innere Medizin und Kardiologie,10.0,22.0,06:00,14:00,450,,13:30,21:30,450,F,21:15,06:15,495,F|S,11,10,8,10,30,45,8,38.5,30,0.1,0,2.0.0,20261130
AZ-002,2026-12-24,plan,24,Donnerstag,4,52,0,0,,Auszubildende_r_2_Ausbildungsjahr,Auszubildende,AUSZUBILDEND,1.0,38.5,9240,9240,8316,10164,5,2,2,8,1,0,nicht anrechenbar,0,0.0,-9240,19,19,2,3,2,3858,1,,,,,,0,,0,,3,2,2,1,1543,1,3,2,2,1,1350,1,2,1,2,0,964,0,ST-IK1,Normalstation Innere Medizin / Kardiologie,30,Innere Medizin und Kardiologie,10.0,22.0,06:00,14:00,450,,13:30,21:30,450,F,21:15,06:15,495,F|S,11,10,8,10,30,45,8,38.5,30,0.1,0,2.0.0,20261130
AZ-003,2026-12-24,plan,24,Donnerstag,4,52,0,0,,Auszubildende_r_1_Ausbildungsjahr,Auszubildende,AUSZUBILDEND,1.0,38.5,9240,9240,8316,10164,5,2,2,0,0,0,nicht anrechenbar,0,0.0,-9240,19,19,2,3,2,3858,1,,3,,,,0,,0,,3,2,2,1,1543,1,3,2,2,1,1350,1,2,1,2,0,964,0,ST-IK1,Normalstation Innere Medizin / Kardiologie,30,Innere Medizin und Kardiologie,10.0,22.0,06:00,14:00,450,,13:30,21:30,450,F,21:15,06:15,495,F|S,11,10,8,10,30,45,8,38.5,30,0.1,0,2.0.0,20261130
PH-001,2026-12-24,plan,24,Donnerstag,4,52,0,0,,Pflegehilfskraft,Pflegehilfskraft,PFLEGEHILFE,0.75,28.88,6931,6931,6238,7624,5,2,2,0,0,1,Pflegehilfskraft,0,0.0,-1530,19,19,2,3,2,3858,1,,,,,,0,,0,,3,2,2,1,1543,1,3,2,2,1,1350,1,2,1,2,0,964,0,ST-IK1,Normalstation Innere Medizin / Kardiologie,30,Innere Medizin und Kardiologie,10.0,22.0,06:00,14:00,450,,13:30,21:30,450,F,21:15,06:15,495,F|S,11,10,8,10,30,45,8,38.5,30,0.1,0,2.0.0,20261130
PH-002,2026-12-24,plan,24,Donnerstag,4,52,0,0,,Pflegehilfskraft,Pflegehilfskraft,PFLEGEHILFE,0.5,19.25,4620,4620,4158,5082,5,2,2,0,0,1,Pflegehilfskraft,0,0.0,597,19,19,2,3,2,3858,0,URLAUB,,,,,0,,0,,3,2,2,1,1543,1,3,2,2,1,1350,1,2,1,2,0,964,0,ST-IK1,Normalstation Innere Medizin / Kardiologie,30,Innere Medizin und Kardiologie,10.0,22.0,06:00,14:00,450,,13:30,21:30,450,F,21:15,06:15,495,F|S,11,10,8,10,30,45,8,38.5,30,0.1,0,2.0.0,20261130
PK-001,2026-12-24,plan,24,Donnerstag,4,52,0,0,,Stationsleitung,Pflegefachkraft,EXAM|LEITUNG|PRAXISANLEITUNG,1.0,38.5,9240,4620,4158,5082,5,2,2,0,0,1,Pflegefachkraft,1,0.5,2130,19,19,2,3,2,3858,0,URLAUB,,,,,0,,0,,3,2,2,1,1543,1,3,2,2,1,1350,1,2,1,2,0,964,0,ST-IK1,Normalstation Innere Medizin / Kardiologie,30,Innere Medizin und Kardiologie,10.0,22.0,06:00,14:00,450,,13:30,21:30,450,F,21:15,06:15,495,F|S,11,10,8,10,30,45,8,38.5,30,0.1,0,2.0.0,20261130
PK-002,2026-12-24,plan,24,Donnerstag,4,52,0,0,,Pflegefachkraft,Pflegefachkraft,EXAM|PRAXISANLEITUNG|KARDIO_MONITORING,0.5,19.25,4620,4620,4158,5082,5,2,2,8,1,1,Pflegefachkraft,0,0.0,-885,19,19,2,3,2,3858,1,,,,,,0,,0,,3,2,2,1,1543,1,3,2,2,1,1350,1,2,1,2,0,964,0,ST-IK1,Normalstation Innere Medizin / Kardiologie,30,Innere Medizin und Kardiologie,10.0,22.0,06:00,14:00,450,,13:30,21:30,450,F,21:15,06:15,495,F|S,11,10,8,10,30,45,8,38.5,30,0.1,0,2.0.0,20261130
PK-003,2026-12-24,plan,24,Donnerstag,4,52,0,0,,Pflegefachkraft,Pflegefachkraft,EXAM,0.75,28.88,6931,6931,6238,7624,5,2,2,8,1,1,Pflegefachkraft,0,0.0,-1890,19,19,2,3,2,3858,1,,,,,,0,,0,,3,2,2,1,1543,1,3,2,2,1,1350,1,2,1,2,0,964,0,ST-IK1,Normalstation Innere Medizin / Kardiologie,30,Innere Medizin und Kardiologie,10.0,22.0,06:00,14:00,450,,13:30,21:30,450,F,21:15,06:15,495,F|S,11,10,8,10,30,45,8,38.5,30,0.1,0,2.0.0,20261130
PK-004,2026-12-24,plan,24,Donnerstag,4,52,0,0,,Pflegefachkraft,Pflegefachkraft,EXAM,0.75,28.88,6931,6931,6238,7624,5,2,2,8,1,1,Pflegefachkraft,0,0.0,-1890,19,19,2,3,2,3858,1,,,,,,0,,0,,3,2,2,1,1543,1,3,2,2,1,1350,1,2,1,2,0,964,0,ST-IK1,Normalstation Innere Medizin / Kardiologie,30,Innere Medizin und Kardiologie,10.0,22.0,06:00,14:00,450,,13:30,21:30,450,F,21:15,06:15,495,F|S,11,10,8,10,30,45,8,38.5,30,0.1,0,2.0.0,20261130
PK-005,2026-12-24,plan,24,Donnerstag,4,52,0,0,,Pflegefachkraft,Pflegefachkraft,EXAM,0.6,23.1,5544,5544,4990,6098,5,2,2,8,1,1,Pflegefachkraft,0,0.0,-1449,19,19,2,3,2,3858,1,,,,,,0,,0,,3,2,2,1,1543,1,3,2,2,1,1350,1,2,1,2,0,964,0,ST-IK1,Normalstation Innere Medizin / Kardiologie,30,Innere Medizin und Kardiologie,10.0,22.0,06:00,14:00,450,,13:30,21:30,450,F,21:15,06:15,495,F|S,11,10,8,10,30,45,8,38.5,30,0.1,0,2.0.0,20261130
PK-006,2026-12-24,plan,24,Donnerstag,4,52,0,0,,Pflegefachkraft,Pflegefachkraft,EXAM,1.0,38.5,9240,9240,8316,10164,5,2,2,8,1,1,Pflegefachkraft,0,0.0,-2670,19,19,2,3,2,3858,1,,,,,,0,,0,,3,2,2,1,1543,1,3,2,2,1,1350,1,2,1,2,0,964,0,ST-IK1,Normalstation Innere Medizin / Kardiologie,30,Innere Medizin und Kardiologie,10.0,22.0,06:00,14:00,450,,13:30,21:30,450,F,21:15,06:15,495,F|S,11,10,8,10,30,45,8,38.5,30,0.1,0,2.0.0,20261130
PK-007,2026-12-24,plan,24,Donnerstag,4,52,0,0,,Pflegefachkraft,Pflegefachkraft,EXAM|PRAXISANLEITUNG,1.0,38.5,9240,9240,8316,10164,5,2,2,8,1,1,Pflegefachkraft,0,0.0,-2175,19,19,2,3,2,3858,1,,,,,,0,,0,,3,2,2,1,1543,1,3,2,2,1,1350,1,2,1,2,0,964,0,ST-IK1,Normalstation Innere Medizin / Kardiologie,30,Innere Medizin und Kardiologie,10.0,22.0,06:00,14:00,450,,13:30,21:30,450,F,21:15,06:15,495,F|S,11,10,8,10,30,45,8,38.5,30,0.1,0,2.0.0,20261130
PK-008,2026-12-24,plan,24,Donnerstag,4,52,0,0,,Pflegefachkraft,Pflegefachkraft,EXAM,0.6,23.1,5544,5544,4990,6098,5,2,2,8,1,1,Pflegefachkraft,0,0.0,-1449,19,19,2,3,2,3858,1,,,,,,0,,0,,3,2,2,1,1543,1,3,2,2,1,1350,1,2,1,2,0,964,0,ST-IK1,Normalstation Innere Medizin / Kardiologie,30,Innere Medizin und Kardiologie,10.0,22.0,06:00,14:00,450,,13:30,21:30,450,F,21:15,06:15,495,F|S,11,10,8,10,30,45,8,38.5,30,0.1,0,2.0.0,20261130
PK-009,2026-12-24,plan,24,Donnerstag,4,52,0,0,,Pflegefachkraft,Pflegefachkraft,EXAM,1.0,38.5,9240,9240,8316,10164,5,2,2,8,1,1,Pflegefachkraft,0,0.0,-2445,19,19,2,3,2,3858,1,,,,,,0,,0,,3,2,2,1,1543,1,3,2,2,1,1350,1,2,1,2,0,964,0,ST-IK1,Normalstation Innere Medizin / Kardiologie,30,Innere Medizin und Kardiologie,10.0,22.0,06:00,14:00,450,,13:30,21:30,450,F,21:15,06:15,495,F|S,11,10,8,10,30,45,8,38.5,30,0.1,0,2.0.0,20261130
PK-010,2026-12-24,plan,24,Donnerstag,4,52,0,0,,Pflegefachkraft,Pflegefachkraft,EXAM,0.8,30.8,7392,7392,6653,8131,5,2,2,8,1,1,Pflegefachkraft,0,0.0,-1947,19,19,2,3,2,3858,1,,,,,,0,,0,,3,2,2,1,1543,1,3,2,2,1,1350,1,2,1,2,0,964,0,ST-IK1,Normalstation Innere Medizin / Kardiologie,30,Innere Medizin und Kardiologie,10.0,22.0,06:00,14:00,450,,13:30,21:30,450,F,21:15,06:15,495,F|S,11,10,8,10,30,45,8,38.5,30,0.1,0,2.0.0,20261130
PK-011,2026-12-24,plan,24,Donnerstag,4,52,0,0,,Pflegefachkraft,Pflegefachkraft,EXAM|PRAXISANLEITUNG|KARDIO_MONITORING,1.0,38.5,9240,9240,8316,10164,5,2,2,8,1,1,Pflegefachkraft,0,0.0,-2445,19,19,2,3,2,3858,1,,,,,,0,,0,,3,2,2,1,1543,1,3,2,2,1,1350,1,2,1,2,0,964,0,ST-IK1,Normalstation Innere Medizin / Kardiologie,30,Innere Medizin und Kardiologie,10.0,22.0,06:00,14:00,450,,13:30,21:30,450,F,21:15,06:15,495,F|S,11,10,8,10,30,45,8,38.5,30,0.1,0,2.0.0,20261130
PK-012,2026-12-24,plan,24,Donnerstag,4,52,0,0,,Pflegefachkraft,Pflegefachkraft,EXAM,1.0,38.5,9240,9240,8316,10164,5,2,2,8,1,1,Pflegefachkraft,0,0.0,1104,19,19,2,3,2,3858,1,,,,,,1,24,0,,3,2,2,1,1543,1,3,2,2,1,1350,1,2,1,2,0,964,0,ST-IK1,Normalstation Innere Medizin / Kardiologie,30,Innere Medizin und Kardiologie,10.0,22.0,06:00,14:00,450,,13:30,21:30,450,F,21:15,06:15,495,F|S,11,10,8,10,30,45,8,38.5,30,0.1,0,2.0.0,20261130
PK-013,2026-12-24,plan,24,Donnerstag,4,52,0,0,,Pflegefachkraft,Pflegefachkraft,EXAM|PRAXISANLEITUNG|KARDIO_MONITORING,1.0,38.5,9240,9240,8316,10164,5,2,2,8,1,1,Pflegefachkraft,0,0.0,1104,19,19,2,3,2,3858,1,,,,,,0,,0,,3,2,2,1,1543,1,3,2,2,1,1350,1,2,1,2,0,964,0,ST-IK1,Normalstation Innere Medizin / Kardiologie,30,Innere Medizin und Kardiologie,10.0,22.0,06:00,14:00,450,,13:30,21:30,450,F,21:15,06:15,495,F|S,11,10,8,10,30,45,8,38.5,30,0.1,0,2.0.0,20261130
PK-014,2026-12-24,plan,24,Donnerstag,4,52,0,0,,Pflegefachkraft,Pflegefachkraft,EXAM|PRAXISANLEITUNG,0.9,34.65,8316,8316,7484,9148,5,2,2,8,1,1,Pflegefachkraft,0,0.0,-1926,19,19,2,3,2,3858,1,,,,,,0,,0,,3,2,2,1,1543,1,3,2,2,1,1350,1,2,1,2,0,964,0,ST-IK1,Normalstation Innere Medizin / Kardiologie,30,Innere Medizin und Kardiologie,10.0,22.0,06:00,14:00,450,,13:30,21:30,450,F,21:15,06:15,495,F|S,11,10,8,10,30,45,8,38.5,30,0.1,0,2.0.0,20261130
PK-015,2026-12-24,plan,24,Donnerstag,4,52,0,0,,Pflegefachkraft,Pflegefachkraft,EXAM|KARDIO_MONITORING,1.0,38.5,9240,9240,8316,10164,5,2,2,8,1,1,Pflegefachkraft,0,0.0,-2355,19,19,2,3,2,3858,1,,,,,,0,,0,,3,2,2,1,1543,1,3,2,2,1,1350,1,2,1,2,0,964,0,ST-IK1,Normalstation Innere Medizin / Kardiologie,30,Innere Medizin und Kardiologie,10.0,22.0,06:00,14:00,450,,13:30,21:30,450,F,21:15,06:15,495,F|S,11,10,8,10,30,45,8,38.5,30,0.1,0,2.0.0,20261130
PK-016,2026-12-24,plan,24,Donnerstag,4,52,0,0,,Pflegefachkraft,Pflegefachkraft,EXAM|KARDIO_MONITORING,1.0,38.5,9240,9240,8316,10164,5,2,2,8,1,1,Pflegefachkraft,0,0.0,-2625,19,19,2,3,2,3858,1,,,,,,0,,0,,3,2,2,1,1543,1,3,2,2,1,1350,1,2,1,2,0,964,0,ST-IK1,Normalstation Innere Medizin / Kardiologie,30,Innere Medizin und Kardiologie,10.0,22.0,06:00,14:00,450,,13:30,21:30,450,F,21:15,06:15,495,F|S,11,10,8,10,30,45,8,38.5,30,0.1,0,2.0.0,20261130
PK-017,2026-12-24,plan,24,Donnerstag,4,52,0,0,,Pflegefachkraft,Pflegefachkraft,EXAM,0.5,19.25,4620,4620,4158,5082,5,2,2,8,1,1,Pflegefachkraft,0,0.0,-885,19,19,2,3,2,3858,0,LANGZEITABWESENHEIT,,,,,0,,0,,3,2,2,1,1543,1,3,2,2,1,1350,1,2,1,2,0,964,0,ST-IK1,Normalstation Innere Medizin / Kardiologie,30,Innere Medizin und Kardiologie,10.0,22.0,06:00,14:00,450,,13:30,21:30,450,F,21:15,06:15,495,F|S,11,10,8,10,30,45,8,38.5,30,0.1,0,2.0.0,20261130
AZ-001,2026-12-25,plan,25,Freitag,5,52,0,1,1. Weihnachtsfeiertag,Auszubildende_r_3_Ausbildungsjahr,Auszubildende,AUSZUBILDEND,1.0,38.5,9240,9240,8316,10164,5,2,2,8,1,0,nicht anrechenbar,0,0.0,-9240,15,14,1,1,0,2643,1,,,,,,0,,0,,3,2,2,1,1057,1,3,2,2,1,925,1,2,1,2,0,661,0,ST-IK1,Normalstation Innere Medizin / Kardiologie,30,Innere Medizin und Kardiologie,10.0,22.0,06:00,14:00,450,,13:30,21:30,450,F,21:15,06:15,495,F|S,11,10,8,10,30,45,8,38.5,30,0.1,0,2.0.0,20261130
AZ-002,2026-12-25,plan,25,Freitag,5,52,0,1,1. Weihnachtsfeiertag,Auszubildende_r_2_Ausbildungsjahr,Auszubildende,AUSZUBILDEND,1.0,38.5,9240,9240,8316,10164,5,2,2,8,1,0,nicht anrechenbar,0,0.0,-9240,15,14,1,1,0,2643,1,,,,,,0,,0,,3,2,2,1,1057,1,3,2,2,1,925,1,2,1,2,0,661,0,ST-IK1,Normalstation Innere Medizin / Kardiologie,30,Innere Medizin und Kardiologie,10.0,22.0,06:00,14:00,450,,13:30,21:30,450,F,21:15,06:15,495,F|S,11,10,8,10,30,45,8,38.5,30,0.1,0,2.0.0,20261130
AZ-003,2026-12-25,plan,25,Freitag,5,52,0,1,1. Weihnachtsfeiertag,Auszubildende_r_1_Ausbildungsjahr,Auszubildende,AUSZUBILDEND,1.0,38.5,9240,9240,8316,10164,5,2,2,0,0,0,nicht anrechenbar,0,0.0,-9240,15,14,1,1,0,2643,1,,,,,,1,4,0,,3,2,2,1,1057,1,3,2,2,1,925,1,2,1,2,0,661,0,ST-IK1,Normalstation Innere Medizin / Kardiologie,30,Innere Medizin und Kardiologie,10.0,22.0,06:00,14:00,450,,13:30,21:30,450,F,21:15,06:15,495,F|S,11,10,8,10,30,45,8,38.5,30,0.1,0,2.0.0,20261130
PH-001,2026-12-25,plan,25,Freitag,5,52,0,1,1. Weihnachtsfeiertag,Pflegehilfskraft,Pflegehilfskraft,PFLEGEHILFE,0.75,28.88,6931,6931,6238,7624,5,2,2,0,0,1,Pflegehilfskraft,0,0.0,-1530,15,14,1,1,0,2643,1,,,,,,0,,0,,3,2,2,1,1057,1,3,2,2,1,925,1,2,1,2,0,661,0,ST-IK1,Normalstation Innere Medizin / Kardiologie,30,Innere Medizin und Kardiologie,10.0,22.0,06:00,14:00,450,,13:30,21:30,450,F,21:15,06:15,495,F|S,11,10,8,10,30,45,8,38.5,30,0.1,0,2.0.0,20261130
PH-002,2026-12-25,plan,25,Freitag,5,52,0,1,1. Weihnachtsfeiertag,Pflegehilfskraft,Pflegehilfskraft,PFLEGEHILFE,0.5,19.25,4620,4620,4158,5082,5,2,2,0,0,1,Pflegehilfskraft,0,0.0,597,15,14,1,1,0,2643,1,,,,,,0,,0,,3,2,2,1,1057,1,3,2,2,1,925,1,2,1,2,0,661,0,ST-IK1,Normalstation Innere Medizin / Kardiologie,30,Innere Medizin und Kardiologie,10.0,22.0,06:00,14:00,450,,13:30,21:30,450,F,21:15,06:15,495,F|S,11,10,8,10,30,45,8,38.5,30,0.1,0,2.0.0,20261130
PK-001,2026-12-25,plan,25,Freitag,5,52,0,1,1. Weihnachtsfeiertag,Stationsleitung,Pflegefachkraft,EXAM|LEITUNG|PRAXISANLEITUNG,1.0,38.5,9240,4620,4158,5082,5,2,2,0,0,1,Pflegefachkraft,1,0.5,2130,15,14,1,1,0,2643,0,URLAUB,,,,,0,,0,,3,2,2,1,1057,1,3,2,2,1,925,1,2,1,2,0,661,0,ST-IK1,Normalstation Innere Medizin / Kardiologie,30,Innere Medizin und Kardiologie,10.0,22.0,06:00,14:00,450,,13:30,21:30,450,F,21:15,06:15,495,F|S,11,10,8,10,30,45,8,38.5,30,0.1,0,2.0.0,20261130
PK-002,2026-12-25,plan,25,Freitag,5,52,0,1,1. Weihnachtsfeiertag,Pflegefachkraft,Pflegefachkraft,EXAM|PRAXISANLEITUNG|KARDIO_MONITORING,0.5,19.25,4620,4620,4158,5082,5,2,2,8,1,1,Pflegefachkraft,0,0.0,-885,15,14,1,1,0,2643,1,,,,,,0,,0,,3,2,2,1,1057,1,3,2,2,1,925,1,2,1,2,0,661,0,ST-IK1,Normalstation Innere Medizin / Kardiologie,30,Innere Medizin und Kardiologie,10.0,22.0,06:00,14:00,450,,13:30,21:30,450,F,21:15,06:15,495,F|S,11,10,8,10,30,45,8,38.5,30,0.1,0,2.0.0,20261130
PK-003,2026-12-25,plan,25,Freitag,5,52,0,1,1. Weihnachtsfeiertag,Pflegefachkraft,Pflegefachkraft,EXAM,0.75,28.88,6931,6931,6238,7624,5,2,2,8,1,1,Pflegefachkraft,0,0.0,-1890,15,14,1,1,0,2643,1,,,,,,0,,0,,3,2,2,1,1057,1,3,2,2,1,925,1,2,1,2,0,661,0,ST-IK1,Normalstation Innere Medizin / Kardiologie,30,Innere Medizin und Kardiologie,10.0,22.0,06:00,14:00,450,,13:30,21:30,450,F,21:15,06:15,495,F|S,11,10,8,10,30,45,8,38.5,30,0.1,0,2.0.0,20261130
PK-004,2026-12-25,plan,25,Freitag,5,52,0,1,1. Weihnachtsfeiertag,Pflegefachkraft,Pflegefachkraft,EXAM,0.75,28.88,6931,6931,6238,7624,5,2,2,8,1,1,Pflegefachkraft,0,0.0,-1890,15,14,1,1,0,2643,1,,,,,,0,,0,,3,2,2,1,1057,1,3,2,2,1,925,1,2,1,2,0,661,0,ST-IK1,Normalstation Innere Medizin / Kardiologie,30,Innere Medizin und Kardiologie,10.0,22.0,06:00,14:00,450,,13:30,21:30,450,F,21:15,06:15,495,F|S,11,10,8,10,30,45,8,38.5,30,0.1,0,2.0.0,20261130
PK-005,2026-12-25,plan,25,Freitag,5,52,0,1,1. Weihnachtsfeiertag,Pflegefachkraft,Pflegefachkraft,EXAM,0.6,23.1,5544,5544,4990,6098,5,2,2,8,1,1,Pflegefachkraft,0,0.0,-1449,15,14,1,1,0,2643,1,,,,,,0,,0,,3,2,2,1,1057,1,3,2,2,1,925,1,2,1,2,0,661,0,ST-IK1,Normalstation Innere Medizin / Kardiologie,30,Innere Medizin und Kardiologie,10.0,22.0,06:00,14:00,450,,13:30,21:30,450,F,21:15,06:15,495,F|S,11,10,8,10,30,45,8,38.5,30,0.1,0,2.0.0,20261130
PK-006,2026-12-25,plan,25,Freitag,5,52,0,1,1. Weihnachtsfeiertag,Pflegefachkraft,Pflegefachkraft,EXAM,1.0,38.5,9240,9240,8316,10164,5,2,2,8,1,1,Pflegefachkraft,0,0.0,-2670,15,14,1,1,0,2643,1,,,,,,0,,0,,3,2,2,1,1057,1,3,2,2,1,925,1,2,1,2,0,661,0,ST-IK1,Normalstation Innere Medizin / Kardiologie,30,Innere Medizin und Kardiologie,10.0,22.0,06:00,14:00,450,,13:30,21:30,450,F,21:15,06:15,495,F|S,11,10,8,10,30,45,8,38.5,30,0.1,0,2.0.0,20261130
PK-007,2026-12-25,plan,25,Freitag,5,52,0,1,1. Weihnachtsfeiertag,Pflegefachkraft,Pflegefachkraft,EXAM|PRAXISANLEITUNG,1.0,38.5,9240,9240,8316,10164,5,2,2,8,1,1,Pflegefachkraft,0,0.0,-2175,15,14,1,1,0,2643,1,,,,,,0,,0,,3,2,2,1,1057,1,3,2,2,1,925,1,2,1,2,0,661,0,ST-IK1,Normalstation Innere Medizin / Kardiologie,30,Innere Medizin und Kardiologie,10.0,22.0,06:00,14:00,450,,13:30,21:30,450,F,21:15,06:15,495,F|S,11,10,8,10,30,45,8,38.5,30,0.1,0,2.0.0,20261130
PK-008,2026-12-25,plan,25,Freitag,5,52,0,1,1. Weihnachtsfeiertag,Pflegefachkraft,Pflegefachkraft,EXAM,0.6,23.1,5544,5544,4990,6098,5,2,2,8,1,1,Pflegefachkraft,0,0.0,-1449,15,14,1,1,0,2643,1,,,,,,0,,0,,3,2,2,1,1057,1,3,2,2,1,925,1,2,1,2,0,661,0,ST-IK1,Normalstation Innere Medizin / Kardiologie,30,Innere Medizin und Kardiologie,10.0,22.0,06:00,14:00,450,,13:30,21:30,450,F,21:15,06:15,495,F|S,11,10,8,10,30,45,8,38.5,30,0.1,0,2.0.0,20261130
PK-009,2026-12-25,plan,25,Freitag,5,52,0,1,1. Weihnachtsfeiertag,Pflegefachkraft,Pflegefachkraft,EXAM,1.0,38.5,9240,9240,8316,10164,5,2,2,8,1,1,Pflegefachkraft,0,0.0,-2445,15,14,1,1,0,2643,1,,,,,,0,,0,,3,2,2,1,1057,1,3,2,2,1,925,1,2,1,2,0,661,0,ST-IK1,Normalstation Innere Medizin / Kardiologie,30,Innere Medizin und Kardiologie,10.0,22.0,06:00,14:00,450,,13:30,21:30,450,F,21:15,06:15,495,F|S,11,10,8,10,30,45,8,38.5,30,0.1,0,2.0.0,20261130
PK-010,2026-12-25,plan,25,Freitag,5,52,0,1,1. Weihnachtsfeiertag,Pflegefachkraft,Pflegefachkraft,EXAM,0.8,30.8,7392,7392,6653,8131,5,2,2,8,1,1,Pflegefachkraft,0,0.0,-1947,15,14,1,1,0,2643,1,,,,,,0,,0,,3,2,2,1,1057,1,3,2,2,1,925,1,2,1,2,0,661,0,ST-IK1,Normalstation Innere Medizin / Kardiologie,30,Innere Medizin und Kardiologie,10.0,22.0,06:00,14:00,450,,13:30,21:30,450,F,21:15,06:15,495,F|S,11,10,8,10,30,45,8,38.5,30,0.1,0,2.0.0,20261130
PK-011,2026-12-25,plan,25,Freitag,5,52,0,1,1. Weihnachtsfeiertag,Pflegefachkraft,Pflegefachkraft,EXAM|PRAXISANLEITUNG|KARDIO_MONITORING,1.0,38.5,9240,9240,8316,10164,5,2,2,8,1,1,Pflegefachkraft,0,0.0,-2445,15,14,1,1,0,2643,1,,,,,,0,,0,,3,2,2,1,1057,1,3,2,2,1,925,1,2,1,2,0,661,0,ST-IK1,Normalstation Innere Medizin / Kardiologie,30,Innere Medizin und Kardiologie,10.0,22.0,06:00,14:00,450,,13:30,21:30,450,F,21:15,06:15,495,F|S,11,10,8,10,30,45,8,38.5,30,0.1,0,2.0.0,20261130
PK-012,2026-12-25,plan,25,Freitag,5,52,0,1,1. Weihnachtsfeiertag,Pflegefachkraft,Pflegefachkraft,EXAM,1.0,38.5,9240,9240,8316,10164,5,2,2,8,1,1,Pflegefachkraft,0,0.0,1104,15,14,1,1,0,2643,1,,,,,,0,,0,,3,2,2,1,1057,1,3,2,2,1,925,1,2,1,2,0,661,0,ST-IK1,Normalstation Innere Medizin / Kardiologie,30,Innere Medizin und Kardiologie,10.0,22.0,06:00,14:00,450,,13:30,21:30,450,F,21:15,06:15,495,F|S,11,10,8,10,30,45,8,38.5,30,0.1,0,2.0.0,20261130
PK-013,2026-12-25,plan,25,Freitag,5,52,0,1,1. Weihnachtsfeiertag,Pflegefachkraft,Pflegefachkraft,EXAM|PRAXISANLEITUNG|KARDIO_MONITORING,1.0,38.5,9240,9240,8316,10164,5,2,2,8,1,1,Pflegefachkraft,0,0.0,1104,15,14,1,1,0,2643,1,,,,,,0,,0,,3,2,2,1,1057,1,3,2,2,1,925,1,2,1,2,0,661,0,ST-IK1,Normalstation Innere Medizin / Kardiologie,30,Innere Medizin und Kardiologie,10.0,22.0,06:00,14:00,450,,13:30,21:30,450,F,21:15,06:15,495,F|S,11,10,8,10,30,45,8,38.5,30,0.1,0,2.0.0,20261130
PK-014,2026-12-25,plan,25,Freitag,5,52,0,1,1. Weihnachtsfeiertag,Pflegefachkraft,Pflegefachkraft,EXAM|PRAXISANLEITUNG,0.9,34.65,8316,8316,7484,9148,5,2,2,8,1,1,Pflegefachkraft,0,0.0,-1926,15,14,1,1,0,2643,1,,1,,,,0,,0,,3,2,2,1,1057,1,3,2,2,1,925,1,2,1,2,0,661,0,ST-IK1,Normalstation Innere Medizin / Kardiologie,30,Innere Medizin und Kardiologie,10.0,22.0,06:00,14:00,450,,13:30,21:30,450,F,21:15,06:15,495,F|S,11,10,8,10,30,45,8,38.5,30,0.1,0,2.0.0,20261130
PK-015,2026-12-25,plan,25,Freitag,5,52,0,1,1. Weihnachtsfeiertag,Pflegefachkraft,Pflegefachkraft,EXAM|KARDIO_MONITORING,1.0,38.5,9240,9240,8316,10164,5,2,2,8,1,1,Pflegefachkraft,0,0.0,-2355,15,14,1,1,0,2643,1,,,,,,0,,0,,3,2,2,1,1057,1,3,2,2,1,925,1,2,1,2,0,661,0,ST-IK1,Normalstation Innere Medizin / Kardiologie,30,Innere Medizin und Kardiologie,10.0,22.0,06:00,14:00,450,,13:30,21:30,450,F,21:15,06:15,495,F|S,11,10,8,10,30,45,8,38.5,30,0.1,0,2.0.0,20261130
PK-016,2026-12-25,plan,25,Freitag,5,52,0,1,1. Weihnachtsfeiertag,Pflegefachkraft,Pflegefachkraft,EXAM|KARDIO_MONITORING,1.0,38.5,9240,9240,8316,10164,5,2,2,8,1,1,Pflegefachkraft,0,0.0,-2625,15,14,1,1,0,2643,1,,,,,,0,,0,,3,2,2,1,1057,1,3,2,2,1,925,1,2,1,2,0,661,0,ST-IK1,Normalstation Innere Medizin / Kardiologie,30,Innere Medizin und Kardiologie,10.0,22.0,06:00,14:00,450,,13:30,21:30,450,F,21:15,06:15,495,F|S,11,10,8,10,30,45,8,38.5,30,0.1,0,2.0.0,20261130
PK-017,2026-12-25,plan,25,Freitag,5,52,0,1,1. Weihnachtsfeiertag,Pflegefachkraft,Pflegefachkraft,EXAM,0.5,19.25,4620,4620,4158,5082,5,2,2,8,1,1,Pflegefachkraft,0,0.0,-885,15,14,1,1,0,2643,0,LANGZEITABWESENHEIT,,,,,0,,0,,3,2,2,1,1057,1,3,2,2,1,925,1,2,1,2,0,661,0,ST-IK1,Normalstation Innere Medizin / Kardiologie,30,Innere Medizin und Kardiologie,10.0,22.0,06:00,14:00,450,,13:30,21:30,450,F,21:15,06:15,495,F|S,11,10,8,10,30,45,8,38.5,30,0.1,0,2.0.0,20261130
AZ-001,2026-12-26,plan,26,Samstag,6,52,1,1,2. Weihnachtsfeiertag,Auszubildende_r_3_Ausbildungsjahr,Auszubildende,AUSZUBILDEND,1.0,38.5,9240,9240,8316,10164,5,2,2,8,1,0,nicht anrechenbar,0,0.0,-9240,12,11,1,0,1,2267,1,,,,,,0,,0,,2,2,2,0,907,1,2,2,2,0,793,1,2,1,2,0,567,0,ST-IK1,Normalstation Innere Medizin / Kardiologie,30,Innere Medizin und Kardiologie,10.0,22.0,06:00,14:00,450,,13:30,21:30,450,F,21:15,06:15,495,F|S,11,10,8,10,30,45,8,38.5,30,0.1,0,2.0.0,20261130
AZ-002,2026-12-26,plan,26,Samstag,6,52,1,1,2. Weihnachtsfeiertag,Auszubildende_r_2_Ausbildungsjahr,Auszubildende,AUSZUBILDEND,1.0,38.5,9240,9240,8316,10164,5,2,2,8,1,0,nicht anrechenbar,0,0.0,-9240,12,11,1,0,1,2267,1,,,,,,0,,0,,2,2,2,0,907,1,2,2,2,0,793,1,2,1,2,0,567,0,ST-IK1,Normalstation Innere Medizin / Kardiologie,30,Innere Medizin und Kardiologie,10.0,22.0,06:00,14:00,450,,13:30,21:30,450,F,21:15,06:15,495,F|S,11,10,8,10,30,45,8,38.5,30,0.1,0,2.0.0,20261130
AZ-003,2026-12-26,plan,26,Samstag,6,52,1,1,2. Weihnachtsfeiertag,Auszubildende_r_1_Ausbildungsjahr,Auszubildende,AUSZUBILDEND,1.0,38.5,9240,9240,8316,10164,5,2,2,0,0,0,nicht anrechenbar,0,0.0,-9240,12,11,1,0,1,2267,1,,,,,,0,,0,,2,2,2,0,907,1,2,2,2,0,793,1,2,1,2,0,567,0,ST-IK1,Normalstation Innere Medizin / Kardiologie,30,Innere Medizin und Kardiologie,10.0,22.0,06:00,14:00,450,,13:30,21:30,450,F,21:15,06:15,495,F|S,11,10,8,10,30,45,8,38.5,30,0.1,0,2.0.0,20261130
PH-001,2026-12-26,plan,26,Samstag,6,52,1,1,2. Weihnachtsfeiertag,Pflegehilfskraft,Pflegehilfskraft,PFLEGEHILFE,0.75,28.88,6931,6931,6238,7624,5,2,2,0,0,1,Pflegehilfskraft,0,0.0,-1530,12,11,1,0,1,2267,1,,,,,,0,,0,,2,2,2,0,907,1,2,2,2,0,793,1,2,1,2,0,567,0,ST-IK1,Normalstation Innere Medizin / Kardiologie,30,Innere Medizin und Kardiologie,10.0,22.0,06:00,14:00,450,,13:30,21:30,450,F,21:15,06:15,495,F|S,11,10,8,10,30,45,8,38.5,30,0.1,0,2.0.0,20261130
PH-002,2026-12-26,plan,26,Samstag,6,52,1,1,2. Weihnachtsfeiertag,Pflegehilfskraft,Pflegehilfskraft,PFLEGEHILFE,0.5,19.25,4620,4620,4158,5082,5,2,2,0,0,1,Pflegehilfskraft,0,0.0,597,12,11,1,0,1,2267,1,,,,,,0,,0,,2,2,2,0,907,1,2,2,2,0,793,1,2,1,2,0,567,0,ST-IK1,Normalstation Innere Medizin / Kardiologie,30,Innere Medizin und Kardiologie,10.0,22.0,06:00,14:00,450,,13:30,21:30,450,F,21:15,06:15,495,F|S,11,10,8,10,30,45,8,38.5,30,0.1,0,2.0.0,20261130
PK-001,2026-12-26,plan,26,Samstag,6,52,1,1,2. Weihnachtsfeiertag,Stationsleitung,Pflegefachkraft,EXAM|LEITUNG|PRAXISANLEITUNG,1.0,38.5,9240,4620,4158,5082,5,2,2,0,0,1,Pflegefachkraft,1,0.5,2130,12,11,1,0,1,2267,0,URLAUB,,,,,0,,0,,2,2,2,0,907,1,2,2,2,0,793,1,2,1,2,0,567,0,ST-IK1,Normalstation Innere Medizin / Kardiologie,30,Innere Medizin und Kardiologie,10.0,22.0,06:00,14:00,450,,13:30,21:30,450,F,21:15,06:15,495,F|S,11,10,8,10,30,45,8,38.5,30,0.1,0,2.0.0,20261130
PK-002,2026-12-26,plan,26,Samstag,6,52,1,1,2. Weihnachtsfeiertag,Pflegefachkraft,Pflegefachkraft,EXAM|PRAXISANLEITUNG|KARDIO_MONITORING,0.5,19.25,4620,4620,4158,5082,5,2,2,8,1,1,Pflegefachkraft,0,0.0,-885,12,11,1,0,1,2267,1,,,,,,0,,0,,2,2,2,0,907,1,2,2,2,0,793,1,2,1,2,0,567,0,ST-IK1,Normalstation Innere Medizin / Kardiologie,30,Innere Medizin und Kardiologie,10.0,22.0,06:00,14:00,450,,13:30,21:30,450,F,21:15,06:15,495,F|S,11,10,8,10,30,45,8,38.5,30,0.1,0,2.0.0,20261130
PK-003,2026-12-26,plan,26,Samstag,6,52,1,1,2. Weihnachtsfeiertag,Pflegefachkraft,Pflegefachkraft,EXAM,0.75,28.88,6931,6931,6238,7624,5,2,2,8,1,1,Pflegefachkraft,0,0.0,-1890,12,11,1,0,1,2267,1,,,,,,0,,0,,2,2,2,0,907,1,2,2,2,0,793,1,2,1,2,0,567,0,ST-IK1,Normalstation Innere Medizin / Kardiologie,30,Innere Medizin und Kardiologie,10.0,22.0,06:00,14:00,450,,13:30,21:30,450,F,21:15,06:15,495,F|S,11,10,8,10,30,45,8,38.5,30,0.1,0,2.0.0,20261130
PK-004,2026-12-26,plan,26,Samstag,6,52,1,1,2. Weihnachtsfeiertag,Pflegefachkraft,Pflegefachkraft,EXAM,0.75,28.88,6931,6931,6238,7624,5,2,2,8,1,1,Pflegefachkraft,0,0.0,-1890,12,11,1,0,1,2267,1,,,,,,0,,0,,2,2,2,0,907,1,2,2,2,0,793,1,2,1,2,0,567,0,ST-IK1,Normalstation Innere Medizin / Kardiologie,30,Innere Medizin und Kardiologie,10.0,22.0,06:00,14:00,450,,13:30,21:30,450,F,21:15,06:15,495,F|S,11,10,8,10,30,45,8,38.5,30,0.1,0,2.0.0,20261130
PK-005,2026-12-26,plan,26,Samstag,6,52,1,1,2. Weihnachtsfeiertag,Pflegefachkraft,Pflegefachkraft,EXAM,0.6,23.1,5544,5544,4990,6098,5,2,2,8,1,1,Pflegefachkraft,0,0.0,-1449,12,11,1,0,1,2267,1,,,,,,0,,0,,2,2,2,0,907,1,2,2,2,0,793,1,2,1,2,0,567,0,ST-IK1,Normalstation Innere Medizin / Kardiologie,30,Innere Medizin und Kardiologie,10.0,22.0,06:00,14:00,450,,13:30,21:30,450,F,21:15,06:15,495,F|S,11,10,8,10,30,45,8,38.5,30,0.1,0,2.0.0,20261130
PK-006,2026-12-26,plan,26,Samstag,6,52,1,1,2. Weihnachtsfeiertag,Pflegefachkraft,Pflegefachkraft,EXAM,1.0,38.5,9240,9240,8316,10164,5,2,2,8,1,1,Pflegefachkraft,0,0.0,-2670,12,11,1,0,1,2267,1,,1,,,,0,,0,,2,2,2,0,907,1,2,2,2,0,793,1,2,1,2,0,567,0,ST-IK1,Normalstation Innere Medizin / Kardiologie,30,Innere Medizin und Kardiologie,10.0,22.0,06:00,14:00,450,,13:30,21:30,450,F,21:15,06:15,495,F|S,11,10,8,10,30,45,8,38.5,30,0.1,0,2.0.0,20261130
PK-007,2026-12-26,plan,26,Samstag,6,52,1,1,2. Weihnachtsfeiertag,Pflegefachkraft,Pflegefachkraft,EXAM|PRAXISANLEITUNG,1.0,38.5,9240,9240,8316,10164,5,2,2,8,1,1,Pflegefachkraft,0,0.0,-2175,12,11,1,0,1,2267,1,,,,,,0,,0,,2,2,2,0,907,1,2,2,2,0,793,1,2,1,2,0,567,0,ST-IK1,Normalstation Innere Medizin / Kardiologie,30,Innere Medizin und Kardiologie,10.0,22.0,06:00,14:00,450,,13:30,21:30,450,F,21:15,06:15,495,F|S,11,10,8,10,30,45,8,38.5,30,0.1,0,2.0.0,20261130
PK-008,2026-12-26,plan,26,Samstag,6,52,1,1,2. Weihnachtsfeiertag,Pflegefachkraft,Pflegefachkraft,EXAM,0.6,23.1,5544,5544,4990,6098,5,2,2,8,1,1,Pflegefachkraft,0,0.0,-1449,12,11,1,0,1,2267,1,,1,S,1,,0,,0,,2,2,2,0,907,1,2,2,2,0,793,1,2,1,2,0,567,0,ST-IK1,Normalstation Innere Medizin / Kardiologie,30,Innere Medizin und Kardiologie,10.0,22.0,06:00,14:00,450,,13:30,21:30,450,F,21:15,06:15,495,F|S,11,10,8,10,30,45,8,38.5,30,0.1,0,2.0.0,20261130
PK-009,2026-12-26,plan,26,Samstag,6,52,1,1,2. Weihnachtsfeiertag,Pflegefachkraft,Pflegefachkraft,EXAM,1.0,38.5,9240,9240,8316,10164,5,2,2,8,1,1,Pflegefachkraft,0,0.0,-2445,12,11,1,0,1,2267,1,,,,,,0,,0,,2,2,2,0,907,1,2,2,2,0,793,1,2,1,2,0,567,0,ST-IK1,Normalstation Innere Medizin / Kardiologie,30,Innere Medizin und Kardiologie,10.0,22.0,06:00,14:00,450,,13:30,21:30,450,F,21:15,06:15,495,F|S,11,10,8,10,30,45,8,38.5,30,0.1,0,2.0.0,20261130
PK-010,2026-12-26,plan,26,Samstag,6,52,1,1,2. Weihnachtsfeiertag,Pflegefachkraft,Pflegefachkraft,EXAM,0.8,30.8,7392,7392,6653,8131,5,2,2,8,1,1,Pflegefachkraft,0,0.0,-1947,12,11,1,0,1,2267,1,,,,,,0,,0,,2,2,2,0,907,1,2,2,2,0,793,1,2,1,2,0,567,0,ST-IK1,Normalstation Innere Medizin / Kardiologie,30,Innere Medizin und Kardiologie,10.0,22.0,06:00,14:00,450,,13:30,21:30,450,F,21:15,06:15,495,F|S,11,10,8,10,30,45,8,38.5,30,0.1,0,2.0.0,20261130
PK-011,2026-12-26,plan,26,Samstag,6,52,1,1,2. Weihnachtsfeiertag,Pflegefachkraft,Pflegefachkraft,EXAM|PRAXISANLEITUNG|KARDIO_MONITORING,1.0,38.5,9240,9240,8316,10164,5,2,2,8,1,1,Pflegefachkraft,0,0.0,-2445,12,11,1,0,1,2267,1,,2,,,,0,,0,,2,2,2,0,907,1,2,2,2,0,793,1,2,1,2,0,567,0,ST-IK1,Normalstation Innere Medizin / Kardiologie,30,Innere Medizin und Kardiologie,10.0,22.0,06:00,14:00,450,,13:30,21:30,450,F,21:15,06:15,495,F|S,11,10,8,10,30,45,8,38.5,30,0.1,0,2.0.0,20261130
PK-012,2026-12-26,plan,26,Samstag,6,52,1,1,2. Weihnachtsfeiertag,Pflegefachkraft,Pflegefachkraft,EXAM,1.0,38.5,9240,9240,8316,10164,5,2,2,8,1,1,Pflegefachkraft,0,0.0,1104,12,11,1,0,1,2267,1,,,,,,0,,0,,2,2,2,0,907,1,2,2,2,0,793,1,2,1,2,0,567,0,ST-IK1,Normalstation Innere Medizin / Kardiologie,30,Innere Medizin und Kardiologie,10.0,22.0,06:00,14:00,450,,13:30,21:30,450,F,21:15,06:15,495,F|S,11,10,8,10,30,45,8,38.5,30,0.1,0,2.0.0,20261130
PK-013,2026-12-26,plan,26,Samstag,6,52,1,1,2. Weihnachtsfeiertag,Pflegefachkraft,Pflegefachkraft,EXAM|PRAXISANLEITUNG|KARDIO_MONITORING,1.0,38.5,9240,9240,8316,10164,5,2,2,8,1,1,Pflegefachkraft,0,0.0,1104,12,11,1,0,1,2267,1,,,,,,1,8,0,,2,2,2,0,907,1,2,2,2,0,793,1,2,1,2,0,567,0,ST-IK1,Normalstation Innere Medizin / Kardiologie,30,Innere Medizin und Kardiologie,10.0,22.0,06:00,14:00,450,,13:30,21:30,450,F,21:15,06:15,495,F|S,11,10,8,10,30,45,8,38.5,30,0.1,0,2.0.0,20261130
PK-014,2026-12-26,plan,26,Samstag,6,52,1,1,2. Weihnachtsfeiertag,Pflegefachkraft,Pflegefachkraft,EXAM|PRAXISANLEITUNG,0.9,34.65,8316,8316,7484,9148,5,2,2,8,1,1,Pflegefachkraft,0,0.0,-1926,12,11,1,0,1,2267,1,,,,,,0,,0,,2,2,2,0,907,1,2,2,2,0,793,1,2,1,2,0,567,0,ST-IK1,Normalstation Innere Medizin / Kardiologie,30,Innere Medizin und Kardiologie,10.0,22.0,06:00,14:00,450,,13:30,21:30,450,F,21:15,06:15,495,F|S,11,10,8,10,30,45,8,38.5,30,0.1,0,2.0.0,20261130
PK-015,2026-12-26,plan,26,Samstag,6,52,1,1,2. Weihnachtsfeiertag,Pflegefachkraft,Pflegefachkraft,EXAM|KARDIO_MONITORING,1.0,38.5,9240,9240,8316,10164,5,2,2,8,1,1,Pflegefachkraft,0,0.0,-2355,12,11,1,0,1,2267,1,,,,,,0,,0,,2,2,2,0,907,1,2,2,2,0,793,1,2,1,2,0,567,0,ST-IK1,Normalstation Innere Medizin / Kardiologie,30,Innere Medizin und Kardiologie,10.0,22.0,06:00,14:00,450,,13:30,21:30,450,F,21:15,06:15,495,F|S,11,10,8,10,30,45,8,38.5,30,0.1,0,2.0.0,20261130
PK-016,2026-12-26,plan,26,Samstag,6,52,1,1,2. Weihnachtsfeiertag,Pflegefachkraft,Pflegefachkraft,EXAM|KARDIO_MONITORING,1.0,38.5,9240,9240,8316,10164,5,2,2,8,1,1,Pflegefachkraft,0,0.0,-2625,12,11,1,0,1,2267,1,,2,,,,0,,0,,2,2,2,0,907,1,2,2,2,0,793,1,2,1,2,0,567,0,ST-IK1,Normalstation Innere Medizin / Kardiologie,30,Innere Medizin und Kardiologie,10.0,22.0,06:00,14:00,450,,13:30,21:30,450,F,21:15,06:15,495,F|S,11,10,8,10,30,45,8,38.5,30,0.1,0,2.0.0,20261130
PK-017,2026-12-26,plan,26,Samstag,6,52,1,1,2. Weihnachtsfeiertag,Pflegefachkraft,Pflegefachkraft,EXAM,0.5,19.25,4620,4620,4158,5082,5,2,2,8,1,1,Pflegefachkraft,0,0.0,-885,12,11,1,0,1,2267,0,LANGZEITABWESENHEIT,,,,,0,,0,,2,2,2,0,907,1,2,2,2,0,793,1,2,1,2,0,567,0,ST-IK1,Normalstation Innere Medizin / Kardiologie,30,Innere Medizin und Kardiologie,10.0,22.0,06:00,14:00,450,,13:30,21:30,450,F,21:15,06:15,495,F|S,11,10,8,10,30,45,8,38.5,30,0.1,0,2.0.0,20261130
AZ-001,2026-12-27,plan,27,Sonntag,7,52,1,0,,Auszubildende_r_3_Ausbildungsjahr,Auszubildende,AUSZUBILDEND,1.0,38.5,9240,9240,8316,10164,5,2,2,8,1,0,nicht anrechenbar,0,0.0,-9240,16,15,0,3,0,3036,1,,,,,,0,,0,,3,2,2,1,1214,1,3,2,2,1,1063,1,2,1,2,0,759,0,ST-IK1,Normalstation Innere Medizin / Kardiologie,30,Innere Medizin und Kardiologie,10.0,22.0,06:00,14:00,450,,13:30,21:30,450,F,21:15,06:15,495,F|S,11,10,8,10,30,45,8,38.5,30,0.1,0,2.0.0,20261130
AZ-002,2026-12-27,plan,27,Sonntag,7,52,1,0,,Auszubildende_r_2_Ausbildungsjahr,Auszubildende,AUSZUBILDEND,1.0,38.5,9240,9240,8316,10164,5,2,2,8,1,0,nicht anrechenbar,0,0.0,-9240,16,15,0,3,0,3036,1,,,,,,0,,0,,3,2,2,1,1214,1,3,2,2,1,1063,1,2,1,2,0,759,0,ST-IK1,Normalstation Innere Medizin / Kardiologie,30,Innere Medizin und Kardiologie,10.0,22.0,06:00,14:00,450,,13:30,21:30,450,F,21:15,06:15,495,F|S,11,10,8,10,30,45,8,38.5,30,0.1,0,2.0.0,20261130
AZ-003,2026-12-27,plan,27,Sonntag,7,52,1,0,,Auszubildende_r_1_Ausbildungsjahr,Auszubildende,AUSZUBILDEND,1.0,38.5,9240,9240,8316,10164,5,2,2,0,0,0,nicht anrechenbar,0,0.0,-9240,16,15,0,3,0,3036,1,,,,,,0,,0,,3,2,2,1,1214,1,3,2,2,1,1063,1,2,1,2,0,759,0,ST-IK1,Normalstation Innere Medizin / Kardiologie,30,Innere Medizin und Kardiologie,10.0,22.0,06:00,14:00,450,,13:30,21:30,450,F,21:15,06:15,495,F|S,11,10,8,10,30,45,8,38.5,30,0.1,0,2.0.0,20261130
PH-001,2026-12-27,plan,27,Sonntag,7,52,1,0,,Pflegehilfskraft,Pflegehilfskraft,PFLEGEHILFE,0.75,28.88,6931,6931,6238,7624,5,2,2,0,0,1,Pflegehilfskraft,0,0.0,-1530,16,15,0,3,0,3036,1,,,,,,0,,0,,3,2,2,1,1214,1,3,2,2,1,1063,1,2,1,2,0,759,0,ST-IK1,Normalstation Innere Medizin / Kardiologie,30,Innere Medizin und Kardiologie,10.0,22.0,06:00,14:00,450,,13:30,21:30,450,F,21:15,06:15,495,F|S,11,10,8,10,30,45,8,38.5,30,0.1,0,2.0.0,20261130
PH-002,2026-12-27,plan,27,Sonntag,7,52,1,0,,Pflegehilfskraft,Pflegehilfskraft,PFLEGEHILFE,0.5,19.25,4620,4620,4158,5082,5,2,2,0,0,1,Pflegehilfskraft,0,0.0,597,16,15,0,3,0,3036,1,,,,,,0,,0,,3,2,2,1,1214,1,3,2,2,1,1063,1,2,1,2,0,759,0,ST-IK1,Normalstation Innere Medizin / Kardiologie,30,Innere Medizin und Kardiologie,10.0,22.0,06:00,14:00,450,,13:30,21:30,450,F,21:15,06:15,495,F|S,11,10,8,10,30,45,8,38.5,30,0.1,0,2.0.0,20261130
PK-001,2026-12-27,plan,27,Sonntag,7,52,1,0,,Stationsleitung,Pflegefachkraft,EXAM|LEITUNG|PRAXISANLEITUNG,1.0,38.5,9240,4620,4158,5082,5,2,2,0,0,1,Pflegefachkraft,1,0.5,2130,16,15,0,3,0,3036,0,URLAUB,,,,,0,,0,,3,2,2,1,1214,1,3,2,2,1,1063,1,2,1,2,0,759,0,ST-IK1,Normalstation Innere Medizin / Kardiologie,30,Innere Medizin und Kardiologie,10.0,22.0,06:00,14:00,450,,13:30,21:30,450,F,21:15,06:15,495,F|S,11,10,8,10,30,45,8,38.5,30,0.1,0,2.0.0,20261130
PK-002,2026-12-27,plan,27,Sonntag,7,52,1,0,,Pflegefachkraft,Pflegefachkraft,EXAM|PRAXISANLEITUNG|KARDIO_MONITORING,0.5,19.25,4620,4620,4158,5082,5,2,2,8,1,1,Pflegefachkraft,0,0.0,-885,16,15,0,3,0,3036,1,,,,,,0,,0,,3,2,2,1,1214,1,3,2,2,1,1063,1,2,1,2,0,759,0,ST-IK1,Normalstation Innere Medizin / Kardiologie,30,Innere Medizin und Kardiologie,10.0,22.0,06:00,14:00,450,,13:30,21:30,450,F,21:15,06:15,495,F|S,11,10,8,10,30,45,8,38.5,30,0.1,0,2.0.0,20261130
PK-003,2026-12-27,plan,27,Sonntag,7,52,1,0,,Pflegefachkraft,Pflegefachkraft,EXAM,0.75,28.88,6931,6931,6238,7624,5,2,2,8,1,1,Pflegefachkraft,0,0.0,-1890,16,15,0,3,0,3036,1,,,,,,0,,0,,3,2,2,1,1214,1,3,2,2,1,1063,1,2,1,2,0,759,0,ST-IK1,Normalstation Innere Medizin / Kardiologie,30,Innere Medizin und Kardiologie,10.0,22.0,06:00,14:00,450,,13:30,21:30,450,F,21:15,06:15,495,F|S,11,10,8,10,30,45,8,38.5,30,0.1,0,2.0.0,20261130
PK-004,2026-12-27,plan,27,Sonntag,7,52,1,0,,Pflegefachkraft,Pflegefachkraft,EXAM,0.75,28.88,6931,6931,6238,7624,5,2,2,8,1,1,Pflegefachkraft,0,0.0,-1890,16,15,0,3,0,3036,1,,,,,,0,,0,,3,2,2,1,1214,1,3,2,2,1,1063,1,2,1,2,0,759,0,ST-IK1,Normalstation Innere Medizin / Kardiologie,30,Innere Medizin und Kardiologie,10.0,22.0,06:00,14:00,450,,13:30,21:30,450,F,21:15,06:15,495,F|S,11,10,8,10,30,45,8,38.5,30,0.1,0,2.0.0,20261130
PK-005,2026-12-27,plan,27,Sonntag,7,52,1,0,,Pflegefachkraft,Pflegefachkraft,EXAM,0.6,23.1,5544,5544,4990,6098,5,2,2,8,1,1,Pflegefachkraft,0,0.0,-1449,16,15,0,3,0,3036,1,,,,,,0,,0,,3,2,2,1,1214,1,3,2,2,1,1063,1,2,1,2,0,759,0,ST-IK1,Normalstation Innere Medizin / Kardiologie,30,Innere Medizin und Kardiologie,10.0,22.0,06:00,14:00,450,,13:30,21:30,450,F,21:15,06:15,495,F|S,11,10,8,10,30,45,8,38.5,30,0.1,0,2.0.0,20261130
PK-006,2026-12-27,plan,27,Sonntag,7,52,1,0,,Pflegefachkraft,Pflegefachkraft,EXAM,1.0,38.5,9240,9240,8316,10164,5,2,2,8,1,1,Pflegefachkraft,0,0.0,-2670,16,15,0,3,0,3036,1,,,,,,0,,0,,3,2,2,1,1214,1,3,2,2,1,1063,1,2,1,2,0,759,0,ST-IK1,Normalstation Innere Medizin / Kardiologie,30,Innere Medizin und Kardiologie,10.0,22.0,06:00,14:00,450,,13:30,21:30,450,F,21:15,06:15,495,F|S,11,10,8,10,30,45,8,38.5,30,0.1,0,2.0.0,20261130
PK-007,2026-12-27,plan,27,Sonntag,7,52,1,0,,Pflegefachkraft,Pflegefachkraft,EXAM|PRAXISANLEITUNG,1.0,38.5,9240,9240,8316,10164,5,2,2,8,1,1,Pflegefachkraft,0,0.0,-2175,16,15,0,3,0,3036,1,,,,,,0,,0,,3,2,2,1,1214,1,3,2,2,1,1063,1,2,1,2,0,759,0,ST-IK1,Normalstation Innere Medizin / Kardiologie,30,Innere Medizin und Kardiologie,10.0,22.0,06:00,14:00,450,,13:30,21:30,450,F,21:15,06:15,495,F|S,11,10,8,10,30,45,8,38.5,30,0.1,0,2.0.0,20261130
PK-008,2026-12-27,plan,27,Sonntag,7,52,1,0,,Pflegefachkraft,Pflegefachkraft,EXAM,0.6,23.1,5544,5544,4990,6098,5,2,2,8,1,1,Pflegefachkraft,0,0.0,-1449,16,15,0,3,0,3036,1,,,,,,1,2,0,,3,2,2,1,1214,1,3,2,2,1,1063,1,2,1,2,0,759,0,ST-IK1,Normalstation Innere Medizin / Kardiologie,30,Innere Medizin und Kardiologie,10.0,22.0,06:00,14:00,450,,13:30,21:30,450,F,21:15,06:15,495,F|S,11,10,8,10,30,45,8,38.5,30,0.1,0,2.0.0,20261130
PK-009,2026-12-27,plan,27,Sonntag,7,52,1,0,,Pflegefachkraft,Pflegefachkraft,EXAM,1.0,38.5,9240,9240,8316,10164,5,2,2,8,1,1,Pflegefachkraft,0,0.0,-2445,16,15,0,3,0,3036,1,,,,,,0,,0,,3,2,2,1,1214,1,3,2,2,1,1063,1,2,1,2,0,759,0,ST-IK1,Normalstation Innere Medizin / Kardiologie,30,Innere Medizin und Kardiologie,10.0,22.0,06:00,14:00,450,,13:30,21:30,450,F,21:15,06:15,495,F|S,11,10,8,10,30,45,8,38.5,30,0.1,0,2.0.0,20261130
PK-010,2026-12-27,plan,27,Sonntag,7,52,1,0,,Pflegefachkraft,Pflegefachkraft,EXAM,0.8,30.8,7392,7392,6653,8131,5,2,2,8,1,1,Pflegefachkraft,0,0.0,-1947,16,15,0,3,0,3036,1,,,,,,0,,0,,3,2,2,1,1214,1,3,2,2,1,1063,1,2,1,2,0,759,0,ST-IK1,Normalstation Innere Medizin / Kardiologie,30,Innere Medizin und Kardiologie,10.0,22.0,06:00,14:00,450,,13:30,21:30,450,F,21:15,06:15,495,F|S,11,10,8,10,30,45,8,38.5,30,0.1,0,2.0.0,20261130
PK-011,2026-12-27,plan,27,Sonntag,7,52,1,0,,Pflegefachkraft,Pflegefachkraft,EXAM|PRAXISANLEITUNG|KARDIO_MONITORING,1.0,38.5,9240,9240,8316,10164,5,2,2,8,1,1,Pflegefachkraft,0,0.0,-2445,16,15,0,3,0,3036,1,,,,,,0,,0,,3,2,2,1,1214,1,3,2,2,1,1063,1,2,1,2,0,759,0,ST-IK1,Normalstation Innere Medizin / Kardiologie,30,Innere Medizin und Kardiologie,10.0,22.0,06:00,14:00,450,,13:30,21:30,450,F,21:15,06:15,495,F|S,11,10,8,10,30,45,8,38.5,30,0.1,0,2.0.0,20261130
PK-012,2026-12-27,plan,27,Sonntag,7,52,1,0,,Pflegefachkraft,Pflegefachkraft,EXAM,1.0,38.5,9240,9240,8316,10164,5,2,2,8,1,1,Pflegefachkraft,0,0.0,1104,16,15,0,3,0,3036,1,,,,,,0,,0,,3,2,2,1,1214,1,3,2,2,1,1063,1,2,1,2,0,759,0,ST-IK1,Normalstation Innere Medizin / Kardiologie,30,Innere Medizin und Kardiologie,10.0,22.0,06:00,14:00,450,,13:30,21:30,450,F,21:15,06:15,495,F|S,11,10,8,10,30,45,8,38.5,30,0.1,0,2.0.0,20261130
PK-013,2026-12-27,plan,27,Sonntag,7,52,1,0,,Pflegefachkraft,Pflegefachkraft,EXAM|PRAXISANLEITUNG|KARDIO_MONITORING,1.0,38.5,9240,9240,8316,10164,5,2,2,8,1,1,Pflegefachkraft,0,0.0,1104,16,15,0,3,0,3036,1,,,,,,0,,0,,3,2,2,1,1214,1,3,2,2,1,1063,1,2,1,2,0,759,0,ST-IK1,Normalstation Innere Medizin / Kardiologie,30,Innere Medizin und Kardiologie,10.0,22.0,06:00,14:00,450,,13:30,21:30,450,F,21:15,06:15,495,F|S,11,10,8,10,30,45,8,38.5,30,0.1,0,2.0.0,20261130
PK-014,2026-12-27,plan,27,Sonntag,7,52,1,0,,Pflegefachkraft,Pflegefachkraft,EXAM|PRAXISANLEITUNG,0.9,34.65,8316,8316,7484,9148,5,2,2,8,1,1,Pflegefachkraft,0,0.0,-1926,16,15,0,3,0,3036,1,,,,,,0,,0,,3,2,2,1,1214,1,3,2,2,1,1063,1,2,1,2,0,759,0,ST-IK1,Normalstation Innere Medizin / Kardiologie,30,Innere Medizin und Kardiologie,10.0,22.0,06:00,14:00,450,,13:30,21:30,450,F,21:15,06:15,495,F|S,11,10,8,10,30,45,8,38.5,30,0.1,0,2.0.0,20261130
PK-015,2026-12-27,plan,27,Sonntag,7,52,1,0,,Pflegefachkraft,Pflegefachkraft,EXAM|KARDIO_MONITORING,1.0,38.5,9240,9240,8316,10164,5,2,2,8,1,1,Pflegefachkraft,0,0.0,-2355,16,15,0,3,0,3036,1,,,,,,0,,0,,3,2,2,1,1214,1,3,2,2,1,1063,1,2,1,2,0,759,0,ST-IK1,Normalstation Innere Medizin / Kardiologie,30,Innere Medizin und Kardiologie,10.0,22.0,06:00,14:00,450,,13:30,21:30,450,F,21:15,06:15,495,F|S,11,10,8,10,30,45,8,38.5,30,0.1,0,2.0.0,20261130
PK-016,2026-12-27,plan,27,Sonntag,7,52,1,0,,Pflegefachkraft,Pflegefachkraft,EXAM|KARDIO_MONITORING,1.0,38.5,9240,9240,8316,10164,5,2,2,8,1,1,Pflegefachkraft,0,0.0,-2625,16,15,0,3,0,3036,1,,,,,,0,,0,,3,2,2,1,1214,1,3,2,2,1,1063,1,2,1,2,0,759,0,ST-IK1,Normalstation Innere Medizin / Kardiologie,30,Innere Medizin und Kardiologie,10.0,22.0,06:00,14:00,450,,13:30,21:30,450,F,21:15,06:15,495,F|S,11,10,8,10,30,45,8,38.5,30,0.1,0,2.0.0,20261130
PK-017,2026-12-27,plan,27,Sonntag,7,52,1,0,,Pflegefachkraft,Pflegefachkraft,EXAM,0.5,19.25,4620,4620,4158,5082,5,2,2,8,1,1,Pflegefachkraft,0,0.0,-885,16,15,0,3,0,3036,0,LANGZEITABWESENHEIT,,,,,0,,0,,3,2,2,1,1214,1,3,2,2,1,1063,1,2,1,2,0,759,0,ST-IK1,Normalstation Innere Medizin / Kardiologie,30,Innere Medizin und Kardiologie,10.0,22.0,06:00,14:00,450,,13:30,21:30,450,F,21:15,06:15,495,F|S,11,10,8,10,30,45,8,38.5,30,0.1,0,2.0.0,20261130
